source_h3_id,target_h3_id,source_node_id,target_node_id,time_min,alpha_20,profile_key
89a8100c023ffff,89a8100c023ffff,12802775536,12802775536,3.0248,0.944614,athlete
89a8100c023ffff,89a8100c027ffff,12802775536,395763938,9.0224,0.576478,athlete
89a8100c023ffff,89a8100c02fffff,12802775536,12113272478,14.2124,0.192778,athlete
89a8100c023ffff,89a8100c037ffff,12802775536,11347748025,9.2684,0.557336,athlete
89a8100c023ffff,89a8100c0a7ffff,12802775536,13279443676,17.3533,0.042593,athlete
89a8100c023ffff,89a8100c0afffff,12802775536,8743696886,13.1874,0.259989,athlete
89a8100c023ffff,89a8100c143ffff,12802775536,617798725,17.388,0.041497,athlete
89a8100c023ffff,89a8100c153ffff,12802775536,455606646,14.8843,0.152932,athlete
89a8100c023ffff,89a8100c15bffff,12802775536,8117389765,16.0711,0.092233,athlete
89a8100c023ffff,89a8100c1c3ffff,12802775536,13452578280,19.5658,0.001162,athlete
89a8100c023ffff,89a8100c1cbffff,12802775536,455607086,14.7948,0.158024,athlete
89a8100c023ffff,89a8100c1dbffff,12802775536,12902675140,13.8999,0.212503,athlete
89a8100c027ffff,89a8100c023ffff,395763938,12802775536,9.8084,0.515047,athlete
89a8100c027ffff,89a8100c027ffff,395763938,395763938,0.5348,0.998237,athlete
89a8100c027ffff,89a8100c02fffff,395763938,12113272478,10.9441,0.426123,athlete
89a8100c027ffff,89a8100c033ffff,395763938,13056821783,18.1292,0.021434,athlete
89a8100c027ffff,89a8100c037ffff,395763938,11347748025,6.3904,0.768547,athlete
89a8100c027ffff,89a8100c0a3ffff,395763938,10893697428,18.5785,0.012414,athlete
89a8100c027ffff,89a8100c0a7ffff,395763938,13279443676,14.4753,0.176752,athlete
89a8100c027ffff,89a8100c0abffff,395763938,12532715699,19.3317,0.002753,athlete
89a8100c027ffff,89a8100c0afffff,395763938,8743696886,10.7846,0.43853,athlete
89a8100c027ffff,89a8100c143ffff,395763938,617798725,8.9969,0.578461,athlete
89a8100c027ffff,89a8100c153ffff,395763938,455606646,6.4931,0.761713,athlete
89a8100c027ffff,89a8100c15bffff,395763938,8117389765,8.9328,0.583429,athlete
89a8100c027ffff,89a8100c1c3ffff,395763938,13452578280,16.2995,0.08212,athlete
89a8100c027ffff,89a8100c1c7ffff,395763938,7292638283,16.9554,0.056099,athlete
89a8100c027ffff,89a8100c1cbffff,395763938,455607086,11.5284,0.381106,athlete
89a8100c027ffff,89a8100c1cfffff,395763938,13452406589,13.6021,0.231945,athlete
89a8100c027ffff,89a8100c1d3ffff,395763938,457593231,18.3491,0.016718,athlete
89a8100c027ffff,89a8100c1dbffff,395763938,12902675140,10.9736,0.423833,athlete
89a8100c027ffff,89a8100c56bffff,395763938,11339389942,19.1514,0.004435,athlete
89a8100c02fffff,89a8100c023ffff,12113272478,12802775536,13.4996,0.238776,athlete
89a8100c02fffff,89a8100c027ffff,12113272478,395763938,9.33,0.552526,athlete
89a8100c02fffff,89a8100c02fffff,12113272478,12113272478,2.8858,0.949504,athlete
89a8100c02fffff,89a8100c037ffff,12113272478,11347748025,10.5111,0.459899,athlete
89a8100c02fffff,89a8100c0a7ffff,12113272478,13279443676,18.596,0.01211,athlete
89a8100c02fffff,89a8100c0afffff,12113272478,8743696886,14.4759,0.176719,athlete
89a8100c02fffff,89a8100c143ffff,12113272478,617798725,13.3017,0.252154,athlete
89a8100c02fffff,89a8100c153ffff,12113272478,455606646,11.5603,0.378676,athlete
89a8100c02fffff,89a8100c15bffff,12113272478,8117389765,6.4592,0.763974,athlete
89a8100c02fffff,89a8100c1cbffff,12113272478,455607086,15.8503,0.102513,athlete
89a8100c02fffff,89a8100c1cfffff,12113272478,13452406589,19.1228,0.004739,athlete
89a8100c02fffff,89a8100c1dbffff,12113272478,12902675140,15.0943,0.14125,athlete
89a8100c033ffff,89a8100c023ffff,13056821783,12802775536,19.6104,0.000936,athlete
89a8100c033ffff,89a8100c027ffff,13056821783,395763938,15.6858,0.110484,athlete
89a8100c033ffff,89a8100c033ffff,13056821783,13056821783,2.3965,0.964988,athlete
89a8100c033ffff,89a8100c037ffff,13056821783,11347748025,11.4856,0.384376,athlete
89a8100c033ffff,89a8100c0a3ffff,13056821783,10893697428,10.1993,0.484353,athlete
89a8100c033ffff,89a8100c0a7ffff,13056821783,13279443676,13.3502,0.248854,athlete
89a8100c033ffff,89a8100c0abffff,13056821783,12532715699,10.2486,0.480481,athlete
89a8100c033ffff,89a8100c0afffff,13056821783,8743696886,8.1729,0.641539,athlete
89a8100c033ffff,89a8100c0b3ffff,13056821783,5496814858,14.214,0.192681,athlete
89a8100c033ffff,89a8100c0b7ffff,13056821783,11423157638,17.558,0.036337,athlete
89a8100c033ffff,89a8100c0bbffff,13056821783,11423871971,13.1481,0.262702,athlete
89a8100c033ffff,89a8100c1c3ffff,13056821783,13452578280,16.7513,0.063703,athlete
89a8100c033ffff,89a8100c1cbffff,13056821783,455607086,14.745,0.160885,athlete
89a8100c033ffff,89a8100c1d3ffff,13056821783,457593231,17.5903,0.035392,athlete
89a8100c033ffff,89a8100c1d7ffff,13056821783,457566696,18.4146,0.015424,athlete
89a8100c033ffff,89a8100c1dbffff,13056821783,12902675140,10.8535,0.433167,athlete
89a8100c033ffff,89a8100c56bffff,13056821783,11339389942,18.3927,0.015852,athlete
89a8100c037ffff,89a8100c023ffff,11347748025,12802775536,9.2983,0.554999,athlete
89a8100c037ffff,89a8100c027ffff,11347748025,395763938,5.3737,0.832201,athlete
89a8100c037ffff,89a8100c02fffff,11347748025,12113272478,11.1718,0.408482,athlete
89a8100c037ffff,89a8100c033ffff,11347748025,13056821783,12.9123,0.279161,athlete
89a8100c037ffff,89a8100c037ffff,11347748025,11347748025,1.1736,0.991528,athlete
89a8100c037ffff,89a8100c0a3ffff,11347748025,10893697428,13.7313,0.223437,athlete
89a8100c037ffff,89a8100c0a7ffff,11347748025,13279443676,9.2585,0.558109,athlete
89a8100c037ffff,89a8100c0abffff,11347748025,12532715699,14.321,0.186092,athlete
89a8100c037ffff,89a8100c0afffff,11347748025,8743696886,8.1605,0.642469,athlete
89a8100c037ffff,89a8100c0b3ffff,11347748025,5496814858,17.746,0.031013,athlete
89a8100c037ffff,89a8100c0b7ffff,11347748025,11423157638,14.8821,0.153054,athlete
89a8100c037ffff,89a8100c0bbffff,11347748025,11423871971,17.1311,0.049918,athlete
89a8100c037ffff,89a8100c143ffff,11347748025,617798725,13.7393,0.222911,athlete
89a8100c037ffff,89a8100c153ffff,11347748025,455606646,11.2356,0.403567,athlete
89a8100c037ffff,89a8100c15bffff,11347748025,8117389765,13.0306,0.270867,athlete
89a8100c037ffff,89a8100c19bffff,11347748025,2360366546,18.8039,0.008799,athlete
89a8100c037ffff,89a8100c1c3ffff,11347748025,13452578280,11.5434,0.379962,athlete
89a8100c037ffff,89a8100c1c7ffff,11347748025,7292638283,18.6405,0.011357,athlete
89a8100c037ffff,89a8100c1cbffff,11347748025,455607086,6.8908,0.734604,athlete
89a8100c037ffff,89a8100c1cfffff,11347748025,13452406589,17.9088,0.026735,athlete
89a8100c037ffff,89a8100c1d3ffff,11347748025,457593231,13.1322,0.263801,athlete
89a8100c037ffff,89a8100c1d7ffff,11347748025,457566696,15.5438,0.11757,athlete
89a8100c037ffff,89a8100c1dbffff,11347748025,12902675140,5.8553,0.803009,athlete
89a8100c037ffff,89a8100c56bffff,11347748025,11339389942,13.9346,0.210281,athlete
89a8100c037ffff,89a8100c56fffff,11347748025,11339389872,17.9157,0.026559,athlete
89a8100c037ffff,89a8100c57bffff,11347748025,11350198893,19.527,0.001379,athlete
89a8100c087ffff,89a8100c087ffff,13683468543,13683468543,3.8093,0.91313,athlete
89a8100c087ffff,89a8100c097ffff,13683468543,85723131,11.3106,0.397793,athlete
89a8100c087ffff,89a8100c0a3ffff,13683468543,10893697428,12.3349,0.320699,athlete
89a8100c087ffff,89a8100c0a7ffff,13683468543,13279443676,17.9425,0.025887,athlete
89a8100c087ffff,89a8100c0abffff,13683468543,12532715699,16.8316,0.060655,athlete
89a8100c087ffff,89a8100c0afffff,13683468543,8743696886,18.8584,0.008017,athlete
89a8100c087ffff,89a8100c0b3ffff,13683468543,5496814858,9.1286,0.568226,athlete
89a8100c087ffff,89a8100c0b7ffff,13683468543,11423157638,13.4237,0.243882,athlete
89a8100c087ffff,89a8100c0bbffff,13683468543,11423871971,13.7852,0.219919,athlete
89a8100c087ffff,89a8100c427ffff,13683468543,12986505496,14.5924,0.169793,athlete
89a8100c087ffff,89a8100c42fffff,13683468543,4293907212,14.3015,0.187289,athlete
89a8100c087ffff,89a8100c54bffff,13683468543,8944143746,7.3832,0.699786,athlete
89a8100c087ffff,89a8100c54fffff,13683468543,11423253323,16.7957,0.062009,athlete
89a8100c087ffff,89a8100c55bffff,13683468543,12697580033,10.3908,0.469328,athlete
89a8100c087ffff,89a8100c56bffff,13683468543,11339389942,19.1822,0.00412,athlete
89a8100c087ffff,89a8100c57bffff,13683468543,11350198893,19.1178,0.004793,athlete
89a8100c097ffff,89a8100c087ffff,85723131,13683468543,8.3686,0.626731,athlete
89a8100c097ffff,89a8100c097ffff,85723131,85723131,2.8477,0.950805,athlete
89a8100c097ffff,89a8100c0a3ffff,85723131,10893697428,15.5233,0.118613,athlete
89a8100c097ffff,89a8100c0b3ffff,85723131,5496814858,12.3169,0.32202,athlete
89a8100c097ffff,89a8100c0b7ffff,85723131,11423157638,16.1829,0.087217,athlete
89a8100c097ffff,89a8100c0bbffff,85723131,11423871971,16.9735,0.055444,athlete
89a8100c097ffff,89a8100c423ffff,85723131,4293874117,18.635,0.011449,athlete
89a8100c097ffff,89a8100c427ffff,85723131,12986505496,7.869,0.664257,athlete
89a8100c097ffff,89a8100c42fffff,85723131,4293907212,7.5781,0.685659,athlete
89a8100c097ffff,89a8100c437ffff,85723131,12941702505,16.6302,0.068425,athlete
89a8100c097ffff,89a8100c4afffff,85723131,12996381317,19.8476,0.000143,athlete
89a8100c097ffff,89a8100c543ffff,85723131,7721333437,18.4989,0.013835,athlete
89a8100c097ffff,89a8100c547ffff,85723131,12703971545,18.9095,0.007317,athlete
89a8100c097ffff,89a8100c54bffff,85723131,8944143746,6.2366,0.77866,athlete
89a8100c097ffff,89a8100c54fffff,85723131,11423253323,18.8365,0.008328,athlete
89a8100c097ffff,89a8100c553ffff,85723131,12227887010,19.4233,0.00205,athlete
89a8100c097ffff,89a8100c557ffff,85723131,12697580224,19.6772,0.000643,athlete
89a8100c097ffff,89a8100c55bffff,85723131,12697580033,7.8763,0.663721,athlete
89a8100c097ffff,89a8100c5cbffff,85723131,13037844868,19.2168,0.003779,athlete
89a8100c0a3ffff,89a8100c023ffff,10893697428,12802775536,19.395,0.002256,athlete
89a8100c0a3ffff,89a8100c027ffff,10893697428,395763938,15.4704,0.121309,athlete
89a8100c0a3ffff,89a8100c033ffff,10893697428,13056821783,9.213,0.56165,athlete
89a8100c0a3ffff,89a8100c037ffff,10893697428,11347748025,11.3472,0.394976,athlete
89a8100c0a3ffff,89a8100c087ffff,10893697428,13683468543,11.0931,0.414573,athlete
89a8100c0a3ffff,89a8100c097ffff,10893697428,85723131,17.6533,0.033586,athlete
89a8100c0a3ffff,89a8100c0a3ffff,10893697428,10893697428,0.6682,0.997249,athlete
89a8100c0a3ffff,89a8100c0a7ffff,10893697428,13279443676,8.3562,0.62767,athlete
89a8100c0a3ffff,89a8100c0abffff,10893697428,12532715699,5.4462,0.827926,athlete
89a8100c0a3ffff,89a8100c0afffff,10893697428,8743696886,7.8479,0.665825,athlete
89a8100c0a3ffff,89a8100c0b3ffff,10893697428,5496814858,4.6829,0.87072,athlete
89a8100c0a3ffff,89a8100c0b7ffff,10893697428,11423157638,9.2564,0.558273,athlete
89a8100c0a3ffff,89a8100c0bbffff,10893697428,11423871971,5.6105,0.818078,athlete
89a8100c0a3ffff,89a8100c153ffff,10893697428,455606646,19.4978,0.001555,athlete
89a8100c0a3ffff,89a8100c1c3ffff,10893697428,13452578280,13.691,0.226077,athlete
89a8100c0a3ffff,89a8100c1cbffff,10893697428,455607086,13.2141,0.25815,athlete
89a8100c0a3ffff,89a8100c1d3ffff,10893697428,457593231,13.3776,0.246997,athlete
89a8100c0a3ffff,89a8100c1d7ffff,10893697428,457566696,17.3344,0.043194,athlete
89a8100c0a3ffff,89a8100c1dbffff,10893697428,12902675140,9.4364,0.544206,athlete
89a8100c0a3ffff,89a8100c543ffff,10893697428,7721333437,19.6947,0.000575,athlete
89a8100c0a3ffff,89a8100c547ffff,10893697428,12703971545,19.6068,0.000953,athlete
89a8100c0a3ffff,89a8100c54bffff,10893697428,8944143746,12.0599,0.341027,athlete
89a8100c0a3ffff,89a8100c54fffff,10893697428,11423253323,12.7472,0.290868,athlete
89a8100c0a3ffff,89a8100c55bffff,10893697428,12697580033,16.5802,0.070424,athlete
89a8100c0a3ffff,89a8100c56bffff,10893697428,11339389942,14.0392,0.203623,athlete
89a8100c0a3ffff,89a8100c56fffff,10893697428,11339389872,18.1611,0.020715,athlete
89a8100c0a3ffff,89a8100c57bffff,10893697428,11350198893,15.041,0.144179,athlete
89a8100c0a7ffff,89a8100c023ffff,13279443676,12802775536,15.89,0.10063,athlete
89a8100c0a7ffff,89a8100c027ffff,13279443676,395763938,11.9654,0.348077,athlete
89a8100c0a7ffff,89a8100c02fffff,13279443676,12113272478,17.7635,0.030537,athlete
89a8100c0a7ffff,89a8100c033ffff,13279443676,13056821783,12.5944,0.301832,athlete
89a8100c0a7ffff,89a8100c037ffff,13279443676,11347748025,7.8422,0.666245,athlete
89a8100c0a7ffff,89a8100c087ffff,13279443676,13683468543,16.8171,0.0612,athlete
89a8100c0a7ffff,89a8100c0a3ffff,13279443676,10893697428,8.7985,0.593807,athlete
89a8100c0a7ffff,89a8100c0a7ffff,13279443676,13279443676,0.4433,0.998788,athlete
89a8100c0a7ffff,89a8100c0abffff,13279443676,12532715699,9.3882,0.547975,athlete
89a8100c0a7ffff,89a8100c0afffff,13279443676,8743696886,6.7771,0.742452,athlete
89a8100c0a7ffff,89a8100c0b3ffff,13279443676,5496814858,10.684,0.446384,athlete
89a8100c0a7ffff,89a8100c0b7ffff,13279443676,11423157638,6.3868,0.768791,athlete
89a8100c0a7ffff,89a8100c0bbffff,13279443676,11423871971,12.1983,0.330759,athlete
89a8100c0a7ffff,89a8100c11bffff,13279443676,132331977,17.7401,0.031175,athlete
89a8100c0a7ffff,89a8100c153ffff,13279443676,455606646,14.8708,0.153694,athlete
89a8100c0a7ffff,89a8100c15bffff,13279443676,8117389765,19.6223,0.00088,athlete
89a8100c0a7ffff,89a8100c18bffff,13279443676,11399274873,17.5269,0.037256,athlete
89a8100c0a7ffff,89a8100c19bffff,13279443676,2360366546,15.1106,0.140357,athlete
89a8100c0a7ffff,89a8100c1c3ffff,13279443676,13452578280,8.8185,0.592265,athlete
89a8100c0a7ffff,89a8100c1c7ffff,13279443676,7292638283,15.1835,0.136406,athlete
89a8100c0a7ffff,89a8100c1cbffff,13279443676,455607086,8.5871,0.610058,athlete
89a8100c0a7ffff,89a8100c1cfffff,13279443676,13452406589,16.8184,0.061152,athlete
89a8100c0a7ffff,89a8100c1d3ffff,13279443676,457593231,6.0452,0.79101,athlete
89a8100c0a7ffff,89a8100c1d7ffff,13279443676,457566696,11.8505,0.3567,athlete
89a8100c0a7ffff,89a8100c1dbffff,13279443676,12902675140,5.5871,0.81949,athlete
89a8100c0a7ffff,89a8100c547ffff,13279443676,12703971545,16.7398,0.064143,athlete
89a8100c0a7ffff,89a8100c54bffff,13279443676,8944143746,17.7839,0.029988,athlete
89a8100c0a7ffff,89a8100c54fffff,13279443676,11423253323,13.0387,0.270304,athlete
89a8100c0a7ffff,89a8100c563ffff,13279443676,13452726650,18.6727,0.010827,athlete
89a8100c0a7ffff,89a8100c56bffff,13279443676,11339389942,6.1735,0.782763,athlete
89a8100c0a7ffff,89a8100c56fffff,13279443676,11339389872,10.8287,0.435095,athlete
89a8100c0a7ffff,89a8100c573ffff,13279443676,457593059,16.9102,0.057743,athlete
89a8100c0a7ffff,89a8100c57bffff,13279443676,11350198893,11.7659,0.363077,athlete
89a8100c0abffff,89a8100c027ffff,12532715699,395763938,17.6553,0.033532,athlete
89a8100c0abffff,89a8100c033ffff,12532715699,13056821783,10.8767,0.431364,athlete
89a8100c0abffff,89a8100c037ffff,12532715699,11347748025,13.5321,0.236607,athlete
89a8100c0abffff,89a8100c087ffff,12532715699,13683468543,17.4274,0.040273,athlete
89a8100c0abffff,89a8100c0a3ffff,12532715699,10893697428,7.0025,0.72682,athlete
89a8100c0abffff,89a8100c0a7ffff,12532715699,13279443676,10.5411,0.457555,athlete
89a8100c0abffff,89a8100c0abffff,12532715699,12532715699,2.2532,0.969008,athlete
89a8100c0abffff,89a8100c0afffff,12532715699,8743696886,10.1962,0.484592,athlete
89a8100c0abffff,89a8100c0b3ffff,12532715699,5496814858,11.0172,0.420449,athlete
89a8100c0abffff,89a8100c0b7ffff,12532715699,11423157638,14.7489,0.160665,athlete
89a8100c0abffff,89a8100c0bbffff,12532715699,11423871971,6.3509,0.771162,athlete
89a8100c0abffff,89a8100c1c3ffff,12532715699,13452578280,15.8759,0.101298,athlete
89a8100c0abffff,89a8100c1cbffff,12532715699,455607086,15.399,0.124998,athlete
89a8100c0abffff,89a8100c1d3ffff,12532715699,457593231,15.5624,0.116632,athlete
89a8100c0abffff,89a8100c1d7ffff,12532715699,457566696,19.5192,0.001425,athlete
89a8100c0abffff,89a8100c1dbffff,12532715699,12902675140,11.6212,0.37404,athlete
89a8100c0abffff,89a8100c54bffff,12532715699,8944143746,18.3942,0.015822,athlete
89a8100c0abffff,89a8100c54fffff,12532715699,11423253323,18.6356,0.011439,athlete
89a8100c0abffff,89a8100c56bffff,12532715699,11339389942,16.224,0.085403,athlete
89a8100c0afffff,89a8100c023ffff,8743696886,12802775536,13.3889,0.246229,athlete
89a8100c0afffff,89a8100c027ffff,8743696886,395763938,10.2002,0.484282,athlete
89a8100c0afffff,89a8100c02fffff,8743696886,12113272478,15.3901,0.125457,athlete
89a8100c0afffff,89a8100c033ffff,8743696886,13056821783,8.9834,0.579503,athlete
89a8100c0afffff,89a8100c037ffff,8743696886,11347748025,7.4643,0.693931,athlete
89a8100c0afffff,89a8100c087ffff,8743696886,13683468543,18.3721,0.016258,athlete
89a8100c0afffff,89a8100c0a3ffff,8743696886,10893697428,8.3727,0.626418,athlete
89a8100c0afffff,89a8100c0a7ffff,8743696886,13279443676,7.3177,0.704489,athlete
89a8100c0afffff,89a8100c0abffff,8743696886,12532715699,9.1259,0.568432,athlete
89a8100c0afffff,89a8100c0afffff,8743696886,8743696886,0.5789,0.997934,athlete
89a8100c0afffff,89a8100c0b3ffff,8743696886,5496814858,12.2389,0.327758,athlete
89a8100c0afffff,89a8100c0b7ffff,8743696886,11423157638,10.7076,0.44454,athlete
89a8100c0afffff,89a8100c0bbffff,8743696886,11423871971,11.936,0.35028,athlete
89a8100c0afffff,89a8100c143ffff,8743696886,617798725,17.0259,0.053577,athlete
89a8100c0afffff,89a8100c153ffff,8743696886,455606646,16.062,0.092649,athlete
89a8100c0afffff,89a8100c15bffff,8743696886,8117389765,17.2489,0.045966,athlete
89a8100c0afffff,89a8100c19bffff,8743696886,2360366546,18.4707,0.014358,athlete
89a8100c0afffff,89a8100c1c3ffff,8743696886,13452578280,12.7299,0.292102,athlete
89a8100c0afffff,89a8100c1c7ffff,8743696886,7292638283,17.0001,0.054492,athlete
89a8100c0afffff,89a8100c1cbffff,8743696886,455607086,10.7237,0.443283,athlete
89a8100c0afffff,89a8100c1cfffff,8743696886,13452406589,18.7521,0.009575,athlete
89a8100c0afffff,89a8100c1d3ffff,8743696886,457593231,12.7674,0.289429,athlete
89a8100c0afffff,89a8100c1d7ffff,8743696886,457566696,15.2106,0.134947,athlete
89a8100c0afffff,89a8100c1dbffff,8743696886,12902675140,6.8322,0.73866,athlete
89a8100c0afffff,89a8100c54bffff,8743696886,8944143746,19.3389,0.002694,athlete
89a8100c0afffff,89a8100c54fffff,8743696886,11423253323,14.8265,0.156213,athlete
89a8100c0afffff,89a8100c56bffff,8743696886,11339389942,13.0479,0.269661,athlete
89a8100c0afffff,89a8100c56fffff,8743696886,11339389872,17.5509,0.036545,athlete
89a8100c0afffff,89a8100c57bffff,8743696886,11350198893,16.6818,0.066395,athlete
89a8100c0b3ffff,89a8100c027ffff,5496814858,395763938,19.0969,0.005022,athlete
89a8100c0b3ffff,89a8100c033ffff,5496814858,13056821783,12.8395,0.284304,athlete
89a8100c0b3ffff,89a8100c037ffff,5496814858,11347748025,14.9737,0.147908,athlete
89a8100c0b3ffff,89a8100c087ffff,5496814858,13683468543,7.4985,0.691448,athlete
89a8100c0b3ffff,89a8100c097ffff,5496814858,85723131,14.0588,0.202383,athlete
89a8100c0b3ffff,89a8100c0a3ffff,5496814858,10893697428,4.2947,0.890476,athlete
89a8100c0b3ffff,89a8100c0a7ffff,5496814858,13279443676,10.1807,0.485812,athlete
89a8100c0b3ffff,89a8100c0abffff,5496814858,12532715699,8.7914,0.594356,athlete
89a8100c0b3ffff,89a8100c0afffff,5496814858,8743696886,11.0966,0.414299,athlete
89a8100c0b3ffff,89a8100c0b3ffff,5496814858,5496814858,1.0884,0.992711,athlete
89a8100c0b3ffff,89a8100c0b7ffff,5496814858,11423157638,5.6618,0.814955,athlete
89a8100c0b3ffff,89a8100c0bbffff,5496814858,11423871971,5.745,0.809857,athlete
89a8100c0b3ffff,89a8100c1c3ffff,5496814858,13452578280,17.3176,0.043733,athlete
89a8100c0b3ffff,89a8100c1cbffff,5496814858,455607086,16.8407,0.060317,athlete
89a8100c0b3ffff,89a8100c1d3ffff,5496814858,457593231,14.9486,0.149315,athlete
89a8100c0b3ffff,89a8100c1d7ffff,5496814858,457566696,19.5138,0.001457,athlete
89a8100c0b3ffff,89a8100c1dbffff,5496814858,12902675140,13.0629,0.268613,athlete
89a8100c0b3ffff,89a8100c427ffff,5496814858,12986505496,17.1873,0.048013,athlete
89a8100c0b3ffff,89a8100c42fffff,5496814858,4293907212,16.8963,0.058252,athlete
89a8100c0b3ffff,89a8100c543ffff,5496814858,7721333437,16.1002,0.090917,athlete
89a8100c0b3ffff,89a8100c547ffff,5496814858,12703971545,16.0123,0.094925,athlete
89a8100c0b3ffff,89a8100c54bffff,5496814858,8944143746,8.4653,0.619368,athlete
89a8100c0b3ffff,89a8100c54fffff,5496814858,11423253323,9.1527,0.56635,athlete
89a8100c0b3ffff,89a8100c553ffff,5496814858,12227887010,19.0211,0.005899,athlete
89a8100c0b3ffff,89a8100c55bffff,5496814858,12697580033,12.9857,0.27401,athlete
89a8100c0b3ffff,89a8100c56bffff,5496814858,11339389942,11.4204,0.389367,athlete
89a8100c0b3ffff,89a8100c56fffff,5496814858,11339389872,18.4921,0.013961,athlete
89a8100c0b3ffff,89a8100c573ffff,5496814858,457593059,18.3934,0.015838,athlete
89a8100c0b3ffff,89a8100c57bffff,5496814858,11350198893,11.4464,0.387371,athlete
89a8100c0b7ffff,89a8100c027ffff,11423157638,395763938,17.222,0.046853,athlete
89a8100c0b7ffff,89a8100c033ffff,11423157638,13056821783,14.9733,0.147935,athlete
89a8100c0b7ffff,89a8100c037ffff,11423157638,11347748025,13.0988,0.266117,athlete
89a8100c0b7ffff,89a8100c087ffff,11423157638,13683468543,11.5589,0.378783,athlete
89a8100c0b7ffff,89a8100c097ffff,11423157638,85723131,18.1192,0.021662,athlete
89a8100c0b7ffff,89a8100c0a3ffff,11423157638,10893697428,8.6321,0.606611,athlete
89a8100c0b7ffff,89a8100c0a7ffff,11423157638,13279443676,6.319,0.773264,athlete
89a8100c0b7ffff,89a8100c0abffff,11423157638,12532715699,11.5941,0.376107,athlete
89a8100c0b7ffff,89a8100c0afffff,11423157638,8743696886,9.2451,0.559149,athlete
89a8100c0b7ffff,89a8100c0b3ffff,11423157638,5496814858,5.4257,0.829136,athlete
89a8100c0b7ffff,89a8100c0b7ffff,11423157638,11423157638,1.1285,0.992164,athlete
89a8100c0b7ffff,89a8100c0bbffff,11423157638,11423871971,10.0824,0.493531,athlete
89a8100c0b7ffff,89a8100c19bffff,11423157638,2360366546,18.8002,0.008853,athlete
89a8100c0b7ffff,89a8100c1c3ffff,11423157638,13452578280,13.604,0.231819,athlete
89a8100c0b7ffff,89a8100c1c7ffff,11423157638,7292638283,19.1422,0.004532,athlete
89a8100c0b7ffff,89a8100c1cbffff,11423157638,455607086,14.4482,0.178378,athlete
89a8100c0b7ffff,89a8100c1d3ffff,11423157638,457593231,10.4404,0.465441,athlete
89a8100c0b7ffff,89a8100c1d7ffff,11423157638,457566696,15.5401,0.117759,athlete
89a8100c0b7ffff,89a8100c1dbffff,11423157638,12902675140,11.188,0.407235,athlete
89a8100c0b7ffff,89a8100c50bffff,11423157638,13452873729,17.2058,0.047392,athlete
89a8100c0b7ffff,89a8100c50fffff,11423157638,11279900601,18.7105,0.010222,athlete
89a8100c0b7ffff,89a8100c543ffff,11423157638,7721333437,14.7772,0.159032,athlete
89a8100c0b7ffff,89a8100c547ffff,11423157638,12703971545,12.0385,0.342615,athlete
89a8100c0b7ffff,89a8100c54bffff,11423157638,8944143746,12.5257,0.306793,athlete
89a8100c0b7ffff,89a8100c54fffff,11423157638,11423253323,7.7804,0.670815,athlete
89a8100c0b7ffff,89a8100c553ffff,11423157638,12227887010,17.9876,0.024773,athlete
89a8100c0b7ffff,89a8100c557ffff,11423157638,12697580224,18.18,0.020293,athlete
89a8100c0b7ffff,89a8100c55bffff,11423157638,12697580033,17.046,0.052867,athlete
89a8100c0b7ffff,89a8100c563ffff,11423157638,13452726650,16.1822,0.087248,athlete
89a8100c0b7ffff,89a8100c56bffff,11423157638,11339389942,7.3849,0.69966,athlete
89a8100c0b7ffff,89a8100c56fffff,11423157638,11339389872,14.5183,0.174182,athlete
89a8100c0b7ffff,89a8100c573ffff,11423157638,457593059,14.4197,0.1801,athlete
89a8100c0b7ffff,89a8100c577ffff,11423157638,11386203919,17.6362,0.034073,athlete
89a8100c0b7ffff,89a8100c57bffff,11423157638,11350198893,7.4727,0.69332,athlete
89a8100c0bbffff,89a8100c027ffff,11423871971,395763938,19.8904,7.4e-05,athlete
89a8100c0bbffff,89a8100c033ffff,11423871971,13056821783,13.2101,0.258426,athlete
89a8100c0bbffff,89a8100c037ffff,11423871971,11347748025,15.7672,0.106505,athlete
89a8100c0bbffff,89a8100c087ffff,11423871971,13683468543,13.999,0.206168,athlete
89a8100c0bbffff,89a8100c0a3ffff,11423871971,10893697428,6.8988,0.734049,athlete
89a8100c0bbffff,89a8100c0a7ffff,11423871971,13279443676,12.7762,0.2888,athlete
89a8100c0bbffff,89a8100c0abffff,11423871971,12532715699,5.8911,0.800767,athlete
89a8100c0bbffff,89a8100c0afffff,11423871971,8743696886,12.4314,0.313648,athlete
89a8100c0bbffff,89a8100c0b3ffff,11423871971,5496814858,7.5889,0.684875,athlete
89a8100c0bbffff,89a8100c0b7ffff,11423871971,11423157638,12.1623,0.333416,athlete
89a8100c0bbffff,89a8100c0bbffff,11423871971,11423871971,2.5905,0.959174,athlete
89a8100c0bbffff,89a8100c1c3ffff,11423871971,13452578280,18.1111,0.021849,athlete
89a8100c0bbffff,89a8100c1cbffff,11423871971,455607086,17.6341,0.034131,athlete
89a8100c0bbffff,89a8100c1d3ffff,11423871971,457593231,17.7976,0.029624,athlete
89a8100c0bbffff,89a8100c1dbffff,11423871971,12902675140,13.8564,0.215304,athlete
89a8100c0bbffff,89a8100c54bffff,11423871971,8944143746,14.9659,0.148348,athlete
89a8100c0bbffff,89a8100c54fffff,11423871971,11423253323,15.6532,0.112093,athlete
89a8100c0bbffff,89a8100c55bffff,11423871971,12697580033,19.4862,0.001628,athlete
89a8100c0bbffff,89a8100c56bffff,11423871971,11339389942,17.9209,0.026428,athlete
89a8100c0bbffff,89a8100c57bffff,11423871971,11350198893,17.947,0.025776,athlete
89a8100c103ffff,89a8100c103ffff,11279786965,11279786965,1.1197,0.992287,athlete
89a8100c103ffff,89a8100c113ffff,11279786965,11418168143,8.9021,0.585803,athlete
89a8100c103ffff,89a8100c117ffff,11279786965,12572923907,7.0505,0.723451,athlete
89a8100c103ffff,89a8100c143ffff,11279786965,617798725,19.2526,0.003441,athlete
89a8100c103ffff,89a8100c153ffff,11279786965,455606646,19.3236,0.00282,athlete
89a8100c103ffff,89a8100c183ffff,11279786965,11386299646,17.8912,0.027182,athlete
89a8100c103ffff,89a8100c187ffff,11279786965,13444985140,16.6595,0.067269,athlete
89a8100c103ffff,89a8100c18bffff,11279786965,11399274873,16.0221,0.094475,athlete
89a8100c103ffff,89a8100c18fffff,11279786965,11298619952,10.4771,0.462567,athlete
89a8100c103ffff,89a8100c19bffff,11279786965,2360366546,17.3423,0.04294,athlete
89a8100c103ffff,89a8100c1a3ffff,11279786965,12108257609,16.8339,0.060571,athlete
89a8100c103ffff,89a8100c1abffff,11279786965,4215666672,16.4274,0.076685,athlete
89a8100c103ffff,89a8100c1b3ffff,11279786965,4947783360,17.3655,0.042205,athlete
89a8100c103ffff,89a8100c1bbffff,11279786965,11200433380,13.6184,0.230864,athlete
89a8100c103ffff,89a8100c1c3ffff,11279786965,13452578280,18.6272,0.01158,athlete
89a8100c103ffff,89a8100c1c7ffff,11279786965,7292638283,10.7555,0.4408,athlete
89a8100c103ffff,89a8100c1cfffff,11279786965,13452406589,13.0035,0.272763,athlete
89a8100c103ffff,89a8100c1d7ffff,11279786965,457566696,16.8341,0.060562,athlete
89a8100c113ffff,89a8100c027ffff,11418168143,395763938,19.6206,0.000888,athlete
89a8100c113ffff,89a8100c103ffff,11418168143,11279786965,11.295,0.398988,athlete
89a8100c113ffff,89a8100c113ffff,11418168143,11418168143,1.0202,0.993593,athlete
89a8100c113ffff,89a8100c117ffff,11418168143,12572923907,15.2141,0.134761,athlete
89a8100c113ffff,89a8100c143ffff,11418168143,617798725,16.7467,0.06388,athlete
89a8100c113ffff,89a8100c153ffff,11418168143,455606646,16.8176,0.061183,athlete
89a8100c113ffff,89a8100c157ffff,11418168143,13707007279,19.4776,0.001682,athlete
89a8100c113ffff,89a8100c18bffff,11418168143,11399274873,13.9034,0.21228,athlete
89a8100c113ffff,89a8100c18fffff,11418168143,11298619952,18.3037,0.017645,athlete
89a8100c113ffff,89a8100c19bffff,11418168143,2360366546,14.8364,0.155651,athlete
89a8100c113ffff,89a8100c1c3ffff,11418168143,13452578280,16.1212,0.089969,athlete
89a8100c113ffff,89a8100c1c7ffff,11418168143,7292638283,8.2496,0.635754,athlete
89a8100c113ffff,89a8100c1cbffff,11418168143,455607086,18.1565,0.020818,athlete
89a8100c113ffff,89a8100c1cfffff,11418168143,13452406589,10.4975,0.460967,athlete
89a8100c113ffff,89a8100c1d3ffff,11418168143,457593231,18.1107,0.021857,athlete
89a8100c113ffff,89a8100c1d7ffff,11418168143,457566696,14.3281,0.185657,athlete
89a8100c113ffff,89a8100c1dbffff,11418168143,12902675140,18.1967,0.019926,athlete
89a8100c113ffff,89a8100c56fffff,11418168143,11339389872,19.5493,0.001253,athlete
89a8100c117ffff,89a8100c103ffff,12572923907,11279786965,6.6334,0.75226,athlete
89a8100c117ffff,89a8100c113ffff,12572923907,11418168143,12.3131,0.3223,athlete
89a8100c117ffff,89a8100c117ffff,12572923907,12572923907,0.3387,0.999293,athlete
89a8100c117ffff,89a8100c183ffff,12572923907,11386299646,14.4119,0.180566,athlete
89a8100c117ffff,89a8100c187ffff,12572923907,13444985140,13.1155,0.264961,athlete
89a8100c117ffff,89a8100c18bffff,12572923907,11399274873,12.5428,0.305555,athlete
89a8100c117ffff,89a8100c18fffff,12572923907,11298619952,6.9978,0.727147,athlete
89a8100c117ffff,89a8100c197ffff,12572923907,11298557475,17.4881,0.03842,athlete
89a8100c117ffff,89a8100c19bffff,12572923907,2360366546,14.981,0.147504,athlete
89a8100c117ffff,89a8100c1a3ffff,12572923907,12108257609,12.8956,0.280344,athlete
89a8100c117ffff,89a8100c1a7ffff,12572923907,4231980476,18.5511,0.012893,athlete
89a8100c117ffff,89a8100c1abffff,12572923907,4215666672,12.46,0.311565,athlete
89a8100c117ffff,89a8100c1b3ffff,12572923907,4947783360,13.4272,0.243643,athlete
89a8100c117ffff,89a8100c1b7ffff,12572923907,444959947,17.8675,0.02779,athlete
89a8100c117ffff,89a8100c1bbffff,12572923907,11200433380,9.6801,0.525112,athlete
89a8100c117ffff,89a8100c1c7ffff,12572923907,7292638283,14.1666,0.195626,athlete
89a8100c117ffff,89a8100c1cfffff,12572923907,13452406589,16.4145,0.077228,athlete
89a8100c117ffff,89a8100c1d7ffff,12572923907,457566696,17.5562,0.03639,athlete
89a8100c117ffff,89a8100ea4bffff,12572923907,11298600034,17.7044,0.032157,athlete
89a8100c117ffff,89a8100ea4fffff,12572923907,13446021938,18.9152,0.007242,athlete
89a8100c11bffff,89a8100c027ffff,132331977,395763938,19.8348,0.000168,athlete
89a8100c11bffff,89a8100c037ffff,132331977,11347748025,16.9141,0.057601,athlete
89a8100c11bffff,89a8100c0a7ffff,132331977,13279443676,16.6034,0.069492,athlete
89a8100c11bffff,89a8100c0afffff,132331977,8743696886,18.9736,0.006484,athlete
89a8100c11bffff,89a8100c11bffff,132331977,132331977,0.882,0.995209,athlete
89a8100c11bffff,89a8100c153ffff,132331977,455606646,15.0901,0.141479,athlete
89a8100c11bffff,89a8100c18bffff,132331977,11399274873,19.7959,0.000257,athlete
89a8100c11bffff,89a8100c19bffff,132331977,2360366546,18.5494,0.012924,athlete
89a8100c11bffff,89a8100c1c3ffff,132331977,13452578280,7.9771,0.656216,athlete
89a8100c11bffff,89a8100c1c7ffff,132331977,7292638283,14.1504,0.196633,athlete
89a8100c11bffff,89a8100c1cbffff,132331977,455607086,12.7125,0.29335,athlete
89a8100c11bffff,89a8100c1cfffff,132331977,13452406589,14.4396,0.178897,athlete
89a8100c11bffff,89a8100c1d3ffff,132331977,457593231,15.722,0.108705,athlete
89a8100c11bffff,89a8100c1d7ffff,132331977,457566696,16.3192,0.081271,athlete
89a8100c11bffff,89a8100c1dbffff,132331977,12902675140,12.7433,0.291149,athlete
89a8100c11bffff,89a8100c56bffff,132331977,11339389942,18.2445,0.018889,athlete
89a8100c143ffff,89a8100c023ffff,617798725,12802775536,18.488,0.014035,athlete
89a8100c143ffff,89a8100c027ffff,617798725,395763938,9.3034,0.554605,athlete
89a8100c143ffff,89a8100c02fffff,617798725,12113272478,14.2414,0.190985,athlete
89a8100c143ffff,89a8100c037ffff,617798725,11347748025,15.0701,0.142575,athlete
89a8100c143ffff,89a8100c0afffff,617798725,8743696886,19.4643,0.001769,athlete
89a8100c143ffff,89a8100c143ffff,617798725,617798725,4.2827,0.891065,athlete
89a8100c143ffff,89a8100c153ffff,617798725,455606646,8.09,0.647769,athlete
89a8100c143ffff,89a8100c15bffff,617798725,8117389765,11.6075,0.375085,athlete
89a8100c143ffff,89a8100c1c3ffff,617798725,13452578280,19.6267,0.000859,athlete
89a8100c143ffff,89a8100c1c7ffff,617798725,7292638283,16.2144,0.085825,athlete
89a8100c143ffff,89a8100c1cbffff,617798725,455607086,14.6801,0.164653,athlete
89a8100c143ffff,89a8100c1cfffff,617798725,13452406589,11.8638,0.355696,athlete
89a8100c143ffff,89a8100c1dbffff,617798725,12902675140,19.6532,0.000742,athlete
89a8100c153ffff,89a8100c023ffff,455606646,12802775536,14.7781,0.158985,athlete
89a8100c153ffff,89a8100c027ffff,455606646,395763938,5.5934,0.819113,athlete
89a8100c153ffff,89a8100c02fffff,455606646,12113272478,11.8912,0.353644,athlete
89a8100c153ffff,89a8100c037ffff,455606646,11347748025,11.3601,0.393988,athlete
89a8100c153ffff,89a8100c0a7ffff,455606646,13279443676,16.7514,0.063699,athlete
89a8100c153ffff,89a8100c0afffff,455606646,8743696886,15.7543,0.107132,athlete
89a8100c153ffff,89a8100c113ffff,455606646,11418168143,18.953,0.006747,athlete
89a8100c153ffff,89a8100c11bffff,455606646,132331977,19.4807,0.001663,athlete
89a8100c153ffff,89a8100c143ffff,455606646,617798725,7.4357,0.695997,athlete
89a8100c153ffff,89a8100c153ffff,455606646,455606646,0.8487,0.995564,athlete
89a8100c153ffff,89a8100c157ffff,455606646,13707007279,15.8575,0.102169,athlete
89a8100c153ffff,89a8100c15bffff,455606646,8117389765,9.2573,0.558201,athlete
89a8100c153ffff,89a8100c18bffff,455606646,11399274873,18.3627,0.016445,athlete
89a8100c153ffff,89a8100c19bffff,455606646,2360366546,17.1163,0.050425,athlete
89a8100c153ffff,89a8100c1c3ffff,455606646,13452578280,12.3854,0.317007,athlete
89a8100c153ffff,89a8100c1c7ffff,455606646,7292638283,12.6761,0.295954,athlete
89a8100c153ffff,89a8100c1cbffff,455606646,455607086,7.4387,0.695779,athlete
89a8100c153ffff,89a8100c1cfffff,455606646,13452406589,9.9011,0.507768,athlete
89a8100c153ffff,89a8100c1d3ffff,455606646,457593231,17.3695,0.04208,athlete
89a8100c153ffff,89a8100c1d7ffff,455606646,457566696,15.0413,0.144161,athlete
89a8100c153ffff,89a8100c1dbffff,455606646,12902675140,12.5174,0.307398,athlete
89a8100c153ffff,89a8100c56bffff,455606646,11339389942,19.892,7.2e-05,athlete
89a8100c157ffff,89a8100c027ffff,13707007279,395763938,17.1744,0.048446,athlete
89a8100c157ffff,89a8100c037ffff,13707007279,11347748025,19.804,0.000237,athlete
89a8100c157ffff,89a8100c113ffff,13707007279,11418168143,17.5572,0.03636,athlete
89a8100c157ffff,89a8100c143ffff,13707007279,617798725,16.0148,0.094809,athlete
89a8100c157ffff,89a8100c153ffff,13707007279,455606646,12.4297,0.313771,athlete
89a8100c157ffff,89a8100c157ffff,13707007279,13707007279,1.0403,0.993339,athlete
89a8100c157ffff,89a8100c1c3ffff,13707007279,13452578280,19.8071,0.00023,athlete
89a8100c157ffff,89a8100c1c7ffff,13707007279,7292638283,15.6168,0.113906,athlete
89a8100c157ffff,89a8100c1cbffff,13707007279,455607086,14.9109,0.15143,athlete
89a8100c157ffff,89a8100c1cfffff,13707007279,13452406589,13.4674,0.24094,athlete
89a8100c157ffff,89a8100c1d7ffff,13707007279,457566696,19.8944,6.9e-05,athlete
89a8100c157ffff,89a8100c1dbffff,13707007279,12902675140,19.9895,1e-06,athlete
89a8100c15bffff,89a8100c023ffff,8117389765,12802775536,16.5148,0.073072,athlete
89a8100c15bffff,89a8100c027ffff,8117389765,395763938,8.4276,0.622241,athlete
89a8100c15bffff,89a8100c02fffff,8117389765,12113272478,6.8203,0.739478,athlete
89a8100c15bffff,89a8100c037ffff,8117389765,11347748025,13.5263,0.236989,athlete
89a8100c15bffff,89a8100c0afffff,8117389765,8743696886,17.4911,0.038328,athlete
89a8100c15bffff,89a8100c143ffff,8117389765,617798725,10.7959,0.437655,athlete
89a8100c15bffff,89a8100c153ffff,8117389765,455606646,9.0545,0.573989,athlete
89a8100c15bffff,89a8100c15bffff,8117389765,8117389765,0.3172,0.999379,athlete
89a8100c15bffff,89a8100c1c7ffff,8117389765,7292638283,19.2831,0.003167,athlete
89a8100c15bffff,89a8100c1cbffff,8117389765,455607086,15.6445,0.112524,athlete
89a8100c15bffff,89a8100c1cfffff,8117389765,13452406589,16.617,0.068952,athlete
89a8100c15bffff,89a8100c1dbffff,8117389765,12902675140,18.1095,0.021885,athlete
89a8100c183ffff,89a8100c103ffff,11386299646,11279786965,17.3309,0.043305,athlete
89a8100c183ffff,89a8100c113ffff,11386299646,11418168143,18.7572,0.009498,athlete
89a8100c183ffff,89a8100c117ffff,11386299646,12572923907,14.7398,0.161186,athlete
89a8100c183ffff,89a8100c153ffff,11386299646,455606646,19.8368,0.000164,athlete
89a8100c183ffff,89a8100c183ffff,11386299646,11386299646,1.3322,0.989092,athlete
89a8100c183ffff,89a8100c187ffff,11386299646,13444985140,14.2451,0.190754,athlete
89a8100c183ffff,89a8100c18bffff,11386299646,11399274873,9.4615,0.542245,athlete
89a8100c183ffff,89a8100c18fffff,11386299646,11298619952,8.2772,0.633663,athlete
89a8100c183ffff,89a8100c193ffff,11386299646,8652181848,12.0821,0.339371,athlete
89a8100c183ffff,89a8100c197ffff,11386299646,11298557475,9.2009,0.562597,athlete
89a8100c183ffff,89a8100c19bffff,11386299646,2360366546,5.3683,0.832517,athlete
89a8100c183ffff,89a8100c1b3ffff,11386299646,4947783360,17.9381,0.025998,athlete
89a8100c183ffff,89a8100c1bbffff,11386299646,11200433380,18.2985,0.017752,athlete
89a8100c183ffff,89a8100c1c3ffff,11386299646,13452578280,18.1332,0.021342,athlete
89a8100c183ffff,89a8100c1c7ffff,11386299646,7292638283,11.1455,0.410516,athlete
89a8100c183ffff,89a8100c1cfffff,11386299646,13452406589,15.3787,0.126053,athlete
89a8100c183ffff,89a8100c1d3ffff,11386299646,457593231,16.0459,0.093383,athlete
89a8100c183ffff,89a8100c1d7ffff,11386299646,457566696,8.8842,0.587188,athlete
89a8100c183ffff,89a8100c1dbffff,11386299646,12902675140,18.1171,0.02171,athlete
89a8100c183ffff,89a8100c523ffff,11386299646,10561374326,19.7568,0.000365,athlete
89a8100c183ffff,89a8100c52bffff,11386299646,9579509671,17.7271,0.031531,athlete
89a8100c183ffff,89a8100c52fffff,11386299646,11292167922,13.587,0.232949,athlete
89a8100c183ffff,89a8100c567ffff,11386299646,13236665352,17.1998,0.047594,athlete
89a8100c183ffff,89a8100c56bffff,11386299646,11339389942,18.5684,0.012589,athlete
89a8100c183ffff,89a8100c56fffff,11386299646,11339389872,14.1053,0.199457,athlete
89a8100c183ffff,89a8100c577ffff,11386299646,11386203919,19.0706,0.005318,athlete
89a8100c183ffff,89a8100ea4bffff,11386299646,11298600034,16.045,0.093425,athlete
89a8100c183ffff,89a8100ea5bffff,11386299646,11289900012,17.3276,0.043409,athlete
89a8100c187ffff,89a8100c103ffff,13444985140,11279786965,13.2653,0.254644,athlete
89a8100c187ffff,89a8100c113ffff,13444985140,11418168143,18.6081,0.011903,athlete
89a8100c187ffff,89a8100c117ffff,13444985140,12572923907,10.3984,0.46873,athlete
89a8100c187ffff,89a8100c183ffff,13444985140,11386299646,11.3501,0.394755,athlete
89a8100c187ffff,89a8100c187ffff,13444985140,13444985140,1.1345,0.992082,athlete
89a8100c187ffff,89a8100c18bffff,13444985140,11399274873,12.9256,0.278225,athlete
89a8100c187ffff,89a8100c18fffff,13444985140,11298619952,7.3806,0.69997,athlete
89a8100c187ffff,89a8100c193ffff,13444985140,8652181848,14.3742,0.18285,athlete
89a8100c187ffff,89a8100c197ffff,13444985140,11298557475,9.2401,0.559542,athlete
89a8100c187ffff,89a8100c19bffff,13444985140,2360366546,15.2527,0.132696,athlete
89a8100c187ffff,89a8100c1a3ffff,13444985140,12108257609,11.5284,0.38111,athlete
89a8100c187ffff,89a8100c1a7ffff,13444985140,4231980476,15.9095,0.099709,athlete
89a8100c187ffff,89a8100c1abffff,13444985140,4215666672,13.573,0.233879,athlete
89a8100c187ffff,89a8100c1b3ffff,13444985140,4947783360,7.0378,0.724348,athlete
89a8100c187ffff,89a8100c1b7ffff,13444985140,444959947,13.0004,0.272978,athlete
89a8100c187ffff,89a8100c1bbffff,13444985140,11200433380,7.9671,0.656967,athlete
89a8100c187ffff,89a8100c1c7ffff,13444985140,7292638283,18.8028,0.008815,athlete
89a8100c187ffff,89a8100c1d7ffff,13444985140,457566696,17.939,0.025975,athlete
89a8100c187ffff,89a8100c527ffff,13444985140,13452330655,19.112,0.004856,athlete
89a8100c187ffff,89a8100c52fffff,13444985140,11292167922,15.8791,0.101144,athlete
89a8100c187ffff,89a8100ea43ffff,13444985140,11287001106,11.3337,0.396017,athlete
89a8100c187ffff,89a8100ea47ffff,13444985140,444960068,16.0118,0.094948,athlete
89a8100c187ffff,89a8100ea4bffff,13444985140,11298600034,7.1312,0.717766,athlete
89a8100c187ffff,89a8100ea4fffff,13444985140,13446021938,10.4582,0.464046,athlete
89a8100c187ffff,89a8100ea53ffff,13444985140,13449882082,15.2525,0.132707,athlete
89a8100c187ffff,89a8100ea57ffff,13444985140,11287035477,16.4957,0.073855,athlete
89a8100c187ffff,89a8100ea5bffff,13444985140,11289900012,15.095,0.141211,athlete
89a8100c187ffff,89a8100ea7bffff,13444985140,466174576,14.935,0.150077,athlete
89a8100c187ffff,89a8100eacbffff,13444985140,5635274734,19.9962,0.0,athlete
89a8100c187ffff,89a8100eacfffff,13444985140,6354712520,17.1211,0.05026,athlete
89a8100c18bffff,89a8100c037ffff,11399274873,11347748025,19.9484,1.6e-05,athlete
89a8100c18bffff,89a8100c0a7ffff,11399274873,13279443676,18.5124,0.013588,athlete
89a8100c18bffff,89a8100c103ffff,11399274873,11279786965,16.5843,0.070257,athlete
89a8100c18bffff,89a8100c113ffff,11399274873,11418168143,13.7773,0.220434,athlete
89a8100c18bffff,89a8100c117ffff,11399274873,12572923907,13.9932,0.206537,athlete
89a8100c18bffff,89a8100c153ffff,11399274873,455606646,16.3015,0.082033,athlete
89a8100c18bffff,89a8100c183ffff,11399274873,11386299646,10.2695,0.478839,athlete
89a8100c18bffff,89a8100c187ffff,11399274873,13444985140,16.6585,0.067307,athlete
89a8100c18bffff,89a8100c18bffff,11399274873,11399274873,1.125,0.992213,athlete
89a8100c18bffff,89a8100c18fffff,11399274873,11298619952,7.5306,0.689118,athlete
89a8100c18bffff,89a8100c193ffff,11399274873,8652181848,16.8871,0.058593,athlete
89a8100c18bffff,89a8100c197ffff,11399274873,11298557475,15.3036,0.129995,athlete
89a8100c18bffff,89a8100c19bffff,11399274873,2360366546,5.3676,0.832561,athlete
89a8100c18bffff,89a8100c1bbffff,11399274873,11200433380,17.5519,0.036514,athlete
89a8100c18bffff,89a8100c1c3ffff,11399274873,13452578280,15.3874,0.1256,athlete
89a8100c18bffff,89a8100c1c7ffff,11399274873,7292638283,7.0022,0.726844,athlete
89a8100c18bffff,89a8100c1cbffff,11399274873,455607086,17.4982,0.038116,athlete
89a8100c18bffff,89a8100c1cfffff,11399274873,13452406589,11.2353,0.403584,athlete
89a8100c18bffff,89a8100c1d3ffff,11399274873,457593231,13.3,0.252268,athlete
89a8100c18bffff,89a8100c1d7ffff,11399274873,457566696,6.1383,0.785035,athlete
89a8100c18bffff,89a8100c1dbffff,11399274873,12902675140,15.3713,0.12644,athlete
89a8100c18bffff,89a8100c52bffff,11399274873,9579509671,18.1453,0.021069,athlete
89a8100c18bffff,89a8100c563ffff,11399274873,13452726650,19.501,0.001535,athlete
89a8100c18bffff,89a8100c567ffff,11399274873,13236665352,16.8843,0.058695,athlete
89a8100c18bffff,89a8100c56bffff,11399274873,11339389942,15.8225,0.10384,athlete
89a8100c18bffff,89a8100c56fffff,11399274873,11339389872,11.3595,0.394038,athlete
89a8100c18bffff,89a8100c577ffff,11399274873,11386203919,18.7337,0.009859,athlete
89a8100c18fffff,89a8100c103ffff,11298619952,11279786965,10.3697,0.470977,athlete
89a8100c18fffff,89a8100c113ffff,11298619952,11418168143,15.7126,0.109168,athlete
89a8100c18fffff,89a8100c117ffff,11298619952,12572923907,7.7787,0.670944,athlete
89a8100c18fffff,89a8100c183ffff,11298619952,11386299646,8.7301,0.599074,athlete
89a8100c18fffff,89a8100c187ffff,11298619952,13444985140,10.444,0.46516,athlete
89a8100c18fffff,89a8100c18bffff,11298619952,11399274873,6.861,0.736665,athlete
89a8100c18fffff,89a8100c18fffff,11298619952,11298619952,1.316,0.989354,athlete
89a8100c18fffff,89a8100c193ffff,11298619952,8652181848,15.8817,0.101023,athlete
89a8100c18fffff,89a8100c197ffff,11298619952,11298557475,11.8063,0.360032,athlete
89a8100c18fffff,89a8100c19bffff,11298619952,2360366546,9.2992,0.55493,athlete
89a8100c18fffff,89a8100c1a3ffff,11298619952,12108257609,14.5528,0.172134,athlete
89a8100c18fffff,89a8100c1abffff,11298619952,4215666672,14.1464,0.196886,athlete
89a8100c18fffff,89a8100c1b3ffff,11298619952,4947783360,15.0844,0.141789,athlete
89a8100c18fffff,89a8100c1b7ffff,11298619952,444959947,19.5247,0.001393,athlete
89a8100c18fffff,89a8100c1bbffff,11298619952,11200433380,11.3374,0.395734,athlete
89a8100c18fffff,89a8100c1c7ffff,11298619952,7292638283,12.7382,0.291512,athlete
89a8100c18fffff,89a8100c1cfffff,11298619952,13452406589,16.9714,0.055521,athlete
89a8100c18fffff,89a8100c1d3ffff,11298619952,457593231,19.0361,0.00572,athlete
89a8100c18fffff,89a8100c1d7ffff,11298619952,457566696,11.8744,0.354905,athlete
89a8100c18fffff,89a8100c52fffff,11298619952,11292167922,17.3866,0.041542,athlete
89a8100c18fffff,89a8100c56fffff,11298619952,11339389872,17.0955,0.051142,athlete
89a8100c18fffff,89a8100ea43ffff,11298619952,11287001106,19.631,0.000839,athlete
89a8100c18fffff,89a8100ea4bffff,11298619952,11298600034,15.4286,0.123465,athlete
89a8100c18fffff,89a8100ea4fffff,11298619952,13446021938,18.7555,0.009523,athlete
89a8100c18fffff,89a8100ea5bffff,11298619952,11289900012,18.5152,0.013537,athlete
89a8100c193ffff,89a8100c183ffff,8652181848,11386299646,12.3118,0.322396,athlete
89a8100c193ffff,89a8100c187ffff,8652181848,13444985140,17.3325,0.043254,athlete
89a8100c193ffff,89a8100c18bffff,8652181848,11399274873,16.2459,0.084444,athlete
89a8100c193ffff,89a8100c18fffff,8652181848,11298619952,15.8866,0.100792,athlete
89a8100c193ffff,89a8100c193ffff,8652181848,8652181848,1.6983,0.982314,athlete
89a8100c193ffff,89a8100c197ffff,8652181848,11298557475,11.3078,0.398007,athlete
89a8100c193ffff,89a8100c19bffff,8652181848,2360366546,11.612,0.374743,athlete
89a8100c193ffff,89a8100c1c7ffff,8652181848,7292638283,17.8293,0.028786,athlete
89a8100c193ffff,89a8100c1d7ffff,8652181848,457566696,15.4115,0.124349,athlete
89a8100c193ffff,89a8100c523ffff,8652181848,10561374326,14.6858,0.164318,athlete
89a8100c193ffff,89a8100c52bffff,8652181848,9579509671,15.9979,0.09559,athlete
89a8100c193ffff,89a8100c52fffff,8652181848,11292167922,12.325,0.321424,athlete
89a8100c193ffff,89a8100c533ffff,8652181848,11384427627,19.1426,0.004528,athlete
89a8100c193ffff,89a8100c53bffff,8652181848,11293370032,19.0931,0.005064,athlete
89a8100c193ffff,89a8100c577ffff,8652181848,11386203919,19.8781,9.2e-05,athlete
89a8100c193ffff,89a8100ea4bffff,8652181848,11298600034,18.1519,0.020921,athlete
89a8100c193ffff,89a8100ea5bffff,8652181848,11289900012,18.8695,0.007862,athlete
89a8100c197ffff,89a8100c103ffff,11298557475,11279786965,17.2372,0.046351,athlete
89a8100c197ffff,89a8100c117ffff,11298557475,12572923907,14.6461,0.166636,athlete
89a8100c197ffff,89a8100c183ffff,11298557475,11386299646,5.7709,0.808258,athlete
89a8100c197ffff,89a8100c187ffff,11298557475,13444985140,9.2063,0.562174,athlete
89a8100c197ffff,89a8100c18bffff,11298557475,11399274873,11.7211,0.366464,athlete
89a8100c197ffff,89a8100c18fffff,11298557475,11298619952,8.3409,0.628838,athlete
89a8100c197ffff,89a8100c193ffff,11298557475,8652181848,7.6966,0.67699,athlete
89a8100c197ffff,89a8100c197ffff,11298557475,11298557475,0.7517,0.996519,athlete
89a8100c197ffff,89a8100c19bffff,11298557475,2360366546,9.6207,0.529776,athlete
89a8100c197ffff,89a8100c1a3ffff,11298557475,12108257609,15.1658,0.137361,athlete
89a8100c197ffff,89a8100c1a7ffff,11298557475,4231980476,19.5469,0.001266,athlete
89a8100c197ffff,89a8100c1abffff,11298557475,4215666672,17.2104,0.047239,athlete
89a8100c197ffff,89a8100c1b3ffff,11298557475,4947783360,10.6752,0.447072,athlete
89a8100c197ffff,89a8100c1b7ffff,11298557475,444959947,16.6378,0.068127,athlete
89a8100c197ffff,89a8100c1bbffff,11298557475,11200433380,12.6197,0.300005,athlete
89a8100c197ffff,89a8100c1c7ffff,11298557475,7292638283,15.3978,0.125057,athlete
89a8100c197ffff,89a8100c1cfffff,11298557475,13452406589,19.631,0.00084,athlete
89a8100c197ffff,89a8100c1d7ffff,11298557475,457566696,13.1365,0.263506,athlete
89a8100c197ffff,89a8100c523ffff,11298557475,10561374326,14.6032,0.169158,athlete
89a8100c197ffff,89a8100c527ffff,11298557475,13452330655,12.023,0.343776,athlete
89a8100c197ffff,89a8100c52bffff,11298557475,9579509671,12.3096,0.322561,athlete
89a8100c197ffff,89a8100c52fffff,11298557475,11292167922,7.9363,0.65926,athlete
89a8100c197ffff,89a8100c537ffff,11298557475,11404088064,17.0869,0.051439,athlete
89a8100c197ffff,89a8100c53bffff,11298557475,11293370032,17.2058,0.047394,athlete
89a8100c197ffff,89a8100c567ffff,11298557475,13236665352,16.9588,0.055975,athlete
89a8100c197ffff,89a8100c56fffff,11298557475,11339389872,18.3576,0.016547,athlete
89a8100c197ffff,89a8100c577ffff,11298557475,11386203919,16.5099,0.073273,athlete
89a8100c197ffff,89a8100ea43ffff,11298557475,11287001106,11.5907,0.376364,athlete
89a8100c197ffff,89a8100ea47ffff,11298557475,444960068,18.489,0.014018,athlete
89a8100c197ffff,89a8100ea4bffff,11298557475,11298600034,7.5957,0.684373,athlete
89a8100c197ffff,89a8100ea4fffff,11298557475,13446021938,13.3131,0.251378,athlete
89a8100c197ffff,89a8100ea53ffff,11298557475,13449882082,13.8176,0.217817,athlete
89a8100c197ffff,89a8100ea57ffff,11298557475,11287035477,16.7527,0.063647,athlete
89a8100c197ffff,89a8100ea5bffff,11298557475,11289900012,8.8784,0.587635,athlete
89a8100c197ffff,89a8100ea7bffff,11298557475,466174576,18.5723,0.01252,athlete
89a8100c197ffff,89a8100eac3ffff,11298557475,11331125078,19.3658,0.002479,athlete
89a8100c197ffff,89a8100eacbffff,11298557475,5635274734,16.6763,0.066609,athlete
89a8100c197ffff,89a8100eacfffff,11298557475,6354712520,17.3114,0.04393,athlete
89a8100c19bffff,89a8100c037ffff,2360366546,11347748025,19.2377,0.00358,athlete
89a8100c19bffff,89a8100c0a7ffff,2360366546,13279443676,17.8017,0.029514,athlete
89a8100c19bffff,89a8100c0afffff,2360366546,8743696886,19.7775,0.000305,athlete
89a8100c19bffff,89a8100c113ffff,2360366546,11418168143,16.3835,0.07853,athlete
89a8100c19bffff,89a8100c117ffff,2360366546,12572923907,17.7934,0.029737,athlete
89a8100c19bffff,89a8100c153ffff,2360366546,455606646,16.8231,0.060975,athlete
89a8100c19bffff,89a8100c183ffff,2360366546,11386299646,7.6671,0.679154,athlete
89a8100c19bffff,89a8100c18bffff,2360366546,11399274873,7.2599,0.70862,athlete
89a8100c19bffff,89a8100c18fffff,2360366546,11298619952,11.3307,0.396245,athlete
89a8100c19bffff,89a8100c193ffff,2360366546,8652181848,13.6905,0.226111,athlete
89a8100c19bffff,89a8100c197ffff,2360366546,11298557475,15.3946,0.125225,athlete
89a8100c19bffff,89a8100c19bffff,2360366546,2360366546,1.2684,0.990108,athlete
89a8100c19bffff,89a8100c1c3ffff,2360366546,13452578280,14.6767,0.16485,athlete
89a8100c19bffff,89a8100c1c7ffff,2360366546,7292638283,8.7719,0.595859,athlete
89a8100c19bffff,89a8100c1cbffff,2360366546,455607086,16.7875,0.062322,athlete
89a8100c19bffff,89a8100c1cfffff,2360366546,13452406589,13.0051,0.272651,athlete
89a8100c19bffff,89a8100c1d3ffff,2360366546,457593231,12.5893,0.302194,athlete
89a8100c19bffff,89a8100c1d7ffff,2360366546,457566696,5.4276,0.829025,athlete
89a8100c19bffff,89a8100c1dbffff,2360366546,12902675140,14.6606,0.16579,athlete
89a8100c19bffff,89a8100c523ffff,2360366546,10561374326,18.7777,0.009187,athlete
89a8100c19bffff,89a8100c52bffff,2360366546,9579509671,14.546,0.172537,athlete
89a8100c19bffff,89a8100c52fffff,2360366546,11292167922,16.8312,0.06067,athlete
89a8100c19bffff,89a8100c53bffff,2360366546,11293370032,19.8062,0.000232,athlete
89a8100c19bffff,89a8100c563ffff,2360366546,13452726650,18.7903,0.008999,athlete
89a8100c19bffff,89a8100c567ffff,2360366546,13236665352,13.3109,0.251525,athlete
89a8100c19bffff,89a8100c56bffff,2360366546,11339389942,15.1118,0.14029,athlete
89a8100c19bffff,89a8100c56fffff,2360366546,11339389872,10.6488,0.449135,athlete
89a8100c19bffff,89a8100c577ffff,2360366546,11386203919,15.2944,0.130482,athlete
89a8100c1a3ffff,89a8100c103ffff,12108257609,11279786965,15.6413,0.112686,athlete
89a8100c1a3ffff,89a8100c117ffff,12108257609,12572923907,12.0194,0.344045,athlete
89a8100c1a3ffff,89a8100c187ffff,12108257609,13444985140,12.6908,0.2949,athlete
89a8100c1a3ffff,89a8100c18bffff,12108257609,11399274873,18.7619,0.009426,athlete
89a8100c1a3ffff,89a8100c18fffff,12108257609,11298619952,13.2169,0.257962,athlete
89a8100c1a3ffff,89a8100c197ffff,12108257609,11298557475,16.6128,0.069116,athlete
89a8100c1a3ffff,89a8100c1a3ffff,12108257609,12108257609,0.1675,0.999827,athlete
89a8100c1a3ffff,89a8100c1a7ffff,12108257609,4231980476,5.9849,0.794851,athlete
89a8100c1a3ffff,89a8100c1abffff,12108257609,4215666672,5.9262,0.798559,athlete
89a8100c1a3ffff,89a8100c1b3ffff,12108257609,4947783360,6.3893,0.768619,athlete
89a8100c1a3ffff,89a8100c1b7ffff,12108257609,444959947,5.7987,0.806536,athlete
89a8100c1a3ffff,89a8100c1bbffff,12108257609,11200433380,10.9941,0.422239,athlete
89a8100c1a3ffff,89a8100ea43ffff,12108257609,11287001106,14.6378,0.167121,athlete
89a8100c1a3ffff,89a8100ea47ffff,12108257609,444960068,14.5494,0.172338,athlete
89a8100c1a3ffff,89a8100ea4bffff,12108257609,11298600034,12.5384,0.305874,athlete
89a8100c1a3ffff,89a8100ea4fffff,12108257609,13446021938,9.8299,0.513355,athlete
89a8100c1a3ffff,89a8100ea57ffff,12108257609,11287035477,19.2846,0.003154,athlete
89a8100c1a3ffff,89a8100ea6bffff,12108257609,11237359275,15.8803,0.101086,athlete
89a8100c1a3ffff,89a8100ea7bffff,12108257609,466174576,10.8425,0.434022,athlete
89a8100c1a7ffff,89a8100c117ffff,4231980476,12572923907,18.1802,0.02029,athlete
89a8100c1a7ffff,89a8100c187ffff,4231980476,13444985140,18.0618,0.022995,athlete
89a8100c1a7ffff,89a8100c18fffff,4231980476,11298619952,19.3777,0.002387,athlete
89a8100c1a7ffff,89a8100c1a3ffff,4231980476,12108257609,6.3283,0.772653,athlete
89a8100c1a7ffff,89a8100c1a7ffff,4231980476,4231980476,2.5904,0.959175,athlete
89a8100c1a7ffff,89a8100c1abffff,4231980476,4215666672,12.087,0.339004,athlete
89a8100c1a7ffff,89a8100c1b3ffff,4231980476,4947783360,11.7603,0.363501,athlete
89a8100c1a7ffff,89a8100c1b7ffff,4231980476,444959947,6.9517,0.730366,athlete
89a8100c1a7ffff,89a8100c1bbffff,4231980476,11200433380,16.3651,0.079312,athlete
89a8100c1a7ffff,89a8100ea43ffff,4231980476,11287001106,19.6424,0.000788,athlete
89a8100c1a7ffff,89a8100ea47ffff,4231980476,444960068,16.955,0.056112,athlete
89a8100c1a7ffff,89a8100ea4bffff,4231980476,11298600034,17.543,0.036778,athlete
89a8100c1a7ffff,89a8100ea4fffff,4231980476,13446021938,14.8345,0.155754,athlete
89a8100c1a7ffff,89a8100ea63ffff,4231980476,7306551848,19.6792,0.000634,athlete
89a8100c1a7ffff,89a8100ea6bffff,4231980476,11237359275,14.6295,0.16761,athlete
89a8100c1a7ffff,89a8100ea7bffff,4231980476,466174576,10.0705,0.494462,athlete
89a8100c1abffff,89a8100c103ffff,4215666672,11279786965,14.2249,0.192007,athlete
89a8100c1abffff,89a8100c113ffff,4215666672,11418168143,19.7529,0.000377,athlete
89a8100c1abffff,89a8100c117ffff,4215666672,12572923907,10.603,0.452714,athlete
89a8100c1abffff,89a8100c183ffff,4215666672,11386299646,19.4314,0.001993,athlete
89a8100c1abffff,89a8100c187ffff,4215666672,13444985140,15.7093,0.109328,athlete
89a8100c1abffff,89a8100c18bffff,4215666672,11399274873,17.5623,0.036211,athlete
89a8100c1abffff,89a8100c18fffff,4215666672,11298619952,12.0173,0.344202,athlete
89a8100c1abffff,89a8100c197ffff,4215666672,11298557475,19.6313,0.000838,athlete
89a8100c1abffff,89a8100c1a3ffff,4215666672,12108257609,5.3712,0.832348,athlete
89a8100c1abffff,89a8100c1a7ffff,4215666672,4231980476,11.0268,0.419705,athlete
89a8100c1abffff,89a8100c1abffff,4215666672,4215666672,2.4175,0.964381,athlete
89a8100c1abffff,89a8100c1b3ffff,4215666672,4947783360,9.4608,0.542301,athlete
89a8100c1abffff,89a8100c1b7ffff,4215666672,444959947,10.3432,0.473061,athlete
89a8100c1abffff,89a8100c1bbffff,4215666672,11200433380,11.7421,0.364875,athlete
89a8100c1abffff,89a8100ea43ffff,4215666672,11287001106,18.8084,0.008733,athlete
89a8100c1abffff,89a8100ea47ffff,4215666672,444960068,19.0939,0.005056,athlete
89a8100c1abffff,89a8100ea4bffff,4215666672,11298600034,16.3411,0.080333,athlete
89a8100c1abffff,89a8100ea4fffff,4215666672,13446021938,14.0005,0.206075,athlete
89a8100c1abffff,89a8100ea7bffff,4215666672,466174576,15.387,0.12562,athlete
89a8100c1b3ffff,89a8100c103ffff,4947783360,11279786965,14.1164,0.198763,athlete
89a8100c1b3ffff,89a8100c113ffff,4947783360,11418168143,19.6227,0.000878,athlete
89a8100c1b3ffff,89a8100c117ffff,4947783360,12572923907,10.6362,0.450117,athlete
89a8100c1b3ffff,89a8100c183ffff,4947783360,11386299646,16.5462,0.071797,athlete
89a8100c1b3ffff,89a8100c187ffff,4947783360,13444985140,8.4184,0.622946,athlete
89a8100c1b3ffff,89a8100c18bffff,4947783360,11399274873,17.0141,0.053995,athlete
89a8100c1b3ffff,89a8100c18fffff,4947783360,11298619952,11.4691,0.385639,athlete
89a8100c1b3ffff,89a8100c193ffff,4947783360,8652181848,19.2853,0.003147,athlete
89a8100c1b3ffff,89a8100c197ffff,4947783360,11298557475,12.3404,0.320297,athlete
89a8100c1b3ffff,89a8100c19bffff,4947783360,2360366546,19.4522,0.00185,athlete
89a8100c1b3ffff,89a8100c1a3ffff,4947783360,12108257609,6.8293,0.738855,athlete
89a8100c1b3ffff,89a8100c1a7ffff,4947783360,4231980476,11.2105,0.4055,athlete
89a8100c1b3ffff,89a8100c1abffff,4947783360,4215666672,9.4451,0.54353,athlete
89a8100c1b3ffff,89a8100c1b3ffff,4947783360,4947783360,0.5253,0.998299,athlete
89a8100c1b3ffff,89a8100c1b7ffff,4947783360,444959947,8.3013,0.631835,athlete
89a8100c1b3ffff,89a8100c1bbffff,4947783360,11200433380,6.7217,0.746248,athlete
89a8100c1b3ffff,89a8100c52fffff,4947783360,11292167922,18.8802,0.007716,athlete
89a8100c1b3ffff,89a8100ea43ffff,4947783360,11287001106,11.793,0.361029,athlete
89a8100c1b3ffff,89a8100ea47ffff,4947783360,444960068,15.1688,0.137198,athlete
89a8100c1b3ffff,89a8100ea4bffff,4947783360,11298600034,9.0502,0.574324,athlete
89a8100c1b3ffff,89a8100ea4fffff,4947783360,13446021938,9.597,0.531632,athlete
89a8100c1b3ffff,89a8100ea53ffff,4947783360,13449882082,16.8085,0.061527,athlete
89a8100c1b3ffff,89a8100ea57ffff,4947783360,11287035477,16.4398,0.076169,athlete
89a8100c1b3ffff,89a8100ea5bffff,4947783360,11289900012,17.0139,0.054001,athlete
89a8100c1b3ffff,89a8100ea6bffff,4947783360,11237359275,18.383,0.016042,athlete
89a8100c1b3ffff,89a8100ea7bffff,4947783360,466174576,13.3109,0.25153,athlete
89a8100c1b3ffff,89a8100eacfffff,4947783360,6354712520,18.6771,0.010757,athlete
89a8100c1b7ffff,89a8100c117ffff,444959947,12572923907,18.9137,0.007261,athlete
89a8100c1b7ffff,89a8100c187ffff,444959947,13444985140,16.6959,0.065844,athlete
89a8100c1b7ffff,89a8100c18fffff,444959947,11298619952,19.7466,0.000396,athlete
89a8100c1b7ffff,89a8100c1a3ffff,444959947,12108257609,8.4334,0.621803,athlete
89a8100c1b7ffff,89a8100c1a7ffff,444959947,4231980476,8.495,0.617104,athlete
89a8100c1b7ffff,89a8100c1abffff,444959947,4215666672,13.9351,0.210245,athlete
89a8100c1b7ffff,89a8100c1b3ffff,444959947,4947783360,10.3944,0.469041,athlete
89a8100c1b7ffff,89a8100c1b7ffff,444959947,444959947,0.1819,0.999796,athlete
89a8100c1b7ffff,89a8100c1bbffff,444959947,11200433380,14.9992,0.146491,athlete
89a8100c1b7ffff,89a8100ea0bffff,444959947,12519106573,16.796,0.061998,athlete
89a8100c1b7ffff,89a8100ea0fffff,444959947,142788297,19.0477,0.005583,athlete
89a8100c1b7ffff,89a8100ea43ffff,444959947,11287001106,16.9625,0.05584,athlete
89a8100c1b7ffff,89a8100ea47ffff,444959947,444960068,11.7889,0.361339,athlete
89a8100c1b7ffff,89a8100ea4bffff,444959947,11298600034,16.1772,0.087471,athlete
89a8100c1b7ffff,89a8100ea4fffff,444959947,13446021938,12.2297,0.328435,athlete
89a8100c1b7ffff,89a8100ea63ffff,444959947,7306551848,15.3133,0.129482,athlete
89a8100c1b7ffff,89a8100ea6bffff,444959947,11237359275,10.2636,0.479306,athlete
89a8100c1b7ffff,89a8100ea6fffff,444959947,466174783,18.371,0.016281,athlete
89a8100c1b7ffff,89a8100ea7bffff,444959947,466174576,5.2257,0.840798,athlete
89a8100c1bbffff,89a8100c103ffff,11200433380,11279786965,11.9779,0.347141,athlete
89a8100c1bbffff,89a8100c113ffff,11200433380,11418168143,17.4843,0.038533,athlete
89a8100c1bbffff,89a8100c117ffff,11200433380,12572923907,8.4978,0.616894,athlete
89a8100c1bbffff,89a8100c183ffff,11200433380,11386299646,16.7448,0.063953,athlete
89a8100c1bbffff,89a8100c187ffff,11200433380,13444985140,9.9549,0.503541,athlete
89a8100c1bbffff,89a8100c18bffff,11200433380,11399274873,14.8757,0.153419,athlete
89a8100c1bbffff,89a8100c18fffff,11200433380,11298619952,9.3307,0.552473,athlete
89a8100c1bbffff,89a8100c197ffff,11200433380,11298557475,15.3904,0.125445,athlete
89a8100c1bbffff,89a8100c19bffff,11200433380,2360366546,17.3138,0.043853,athlete
89a8100c1bbffff,89a8100c1a3ffff,11200433380,12108257609,12.2816,0.324615,athlete
89a8100c1bbffff,89a8100c1a7ffff,11200433380,4231980476,16.7873,0.062326,athlete
89a8100c1bbffff,89a8100c1abffff,11200433380,4215666672,11.8752,0.354845,athlete
89a8100c1bbffff,89a8100c1b3ffff,11200433380,4947783360,8.0799,0.648529,athlete
89a8100c1bbffff,89a8100c1b7ffff,11200433380,444959947,13.8782,0.2139,athlete
89a8100c1bbffff,89a8100c1bbffff,11200433380,11200433380,0.2314,0.99967,athlete
89a8100c1bbffff,89a8100c1c7ffff,11200433380,7292638283,19.3378,0.002703,athlete
89a8100c1bbffff,89a8100c1d7ffff,11200433380,457566696,19.889,7.6e-05,athlete
89a8100c1bbffff,89a8100ea43ffff,11200433380,11287001106,15.2075,0.135115,athlete
89a8100c1bbffff,89a8100ea47ffff,11200433380,444960068,19.1487,0.004464,athlete
89a8100c1bbffff,89a8100ea4bffff,11200433380,11298600034,12.451,0.312222,athlete
89a8100c1bbffff,89a8100ea4fffff,11200433380,13446021938,13.5679,0.234221,athlete
89a8100c1bbffff,89a8100ea57ffff,11200433380,11287035477,19.8542,0.000131,athlete
89a8100c1bbffff,89a8100ea7bffff,11200433380,466174576,18.0446,0.0234,athlete
89a8100c1c3ffff,89a8100c023ffff,13452578280,12802775536,17.8159,0.029138,athlete
89a8100c1c3ffff,89a8100c027ffff,13452578280,395763938,13.8913,0.213056,athlete
89a8100c1c3ffff,89a8100c02fffff,13452578280,12113272478,19.6894,0.000595,athlete
89a8100c1c3ffff,89a8100c033ffff,13452578280,13056821783,16.7782,0.062673,athlete
89a8100c1c3ffff,89a8100c037ffff,13452578280,11347748025,9.9669,0.502602,athlete
89a8100c1c3ffff,89a8100c0a3ffff,13452578280,10893697428,15.109,0.140447,athlete
89a8100c1c3ffff,89a8100c0a7ffff,13452578280,13279443676,9.6562,0.526986,athlete
89a8100c1c3ffff,89a8100c0abffff,13452578280,12532715699,15.6987,0.109849,athlete
89a8100c1c3ffff,89a8100c0afffff,13452578280,8743696886,12.0264,0.343517,athlete
89a8100c1c3ffff,89a8100c0b3ffff,13452578280,5496814858,19.1237,0.00473,athlete
89a8100c1c3ffff,89a8100c0b7ffff,13452578280,11423157638,15.3814,0.125912,athlete
89a8100c1c3ffff,89a8100c0bbffff,13452578280,11423871971,18.5087,0.013655,athlete
89a8100c1c3ffff,89a8100c103ffff,13452578280,11279786965,19.6895,0.000595,athlete
89a8100c1c3ffff,89a8100c113ffff,13452578280,11418168143,15.7383,0.107912,athlete
89a8100c1c3ffff,89a8100c11bffff,13452578280,132331977,9.9515,0.503807,athlete
89a8100c1c3ffff,89a8100c143ffff,13452578280,617798725,16.9138,0.057613,athlete
89a8100c1c3ffff,89a8100c153ffff,13452578280,455606646,10.4422,0.465296,athlete
89a8100c1c3ffff,89a8100c15bffff,13452578280,8117389765,18.8508,0.008124,athlete
89a8100c1c3ffff,89a8100c183ffff,13452578280,11386299646,18.57,0.012561,athlete
89a8100c1c3ffff,89a8100c18bffff,13452578280,11399274873,15.0484,0.143769,athlete
89a8100c1c3ffff,89a8100c19bffff,13452578280,2360366546,12.6321,0.299114,athlete
89a8100c1c3ffff,89a8100c1c3ffff,13452578280,13452578280,0.1336,0.99989,athlete
89a8100c1c3ffff,89a8100c1c7ffff,13452578280,7292638283,9.5026,0.539029,athlete
89a8100c1c3ffff,89a8100c1cbffff,13452578280,455607086,5.7653,0.808603,athlete
89a8100c1c3ffff,89a8100c1cfffff,13452578280,13452406589,9.7918,0.516353,athlete
89a8100c1c3ffff,89a8100c1d3ffff,13452578280,457593231,8.7748,0.59563,athlete
89a8100c1c3ffff,89a8100c1d7ffff,13452578280,457566696,9.372,0.549243,athlete
89a8100c1c3ffff,89a8100c1dbffff,13452578280,12902675140,5.7961,0.806695,athlete
89a8100c1c3ffff,89a8100c56bffff,13452578280,11339389942,11.2974,0.39881,athlete
89a8100c1c3ffff,89a8100c56fffff,13452578280,11339389872,13.5583,0.234855,athlete
89a8100c1c3ffff,89a8100c57bffff,13452578280,11350198893,18.0255,0.023857,athlete
89a8100c1c7ffff,89a8100c027ffff,7292638283,395763938,15.5241,0.118568,athlete
89a8100c1c7ffff,89a8100c037ffff,7292638283,11347748025,18.0713,0.022771,athlete
89a8100c1c7ffff,89a8100c0a7ffff,7292638283,13279443676,17.0628,0.052278,athlete
89a8100c1c7ffff,89a8100c0afffff,7292638283,8743696886,17.8299,0.028771,athlete
89a8100c1c7ffff,89a8100c103ffff,7292638283,11279786965,14.5897,0.16995,athlete
89a8100c1c7ffff,89a8100c113ffff,7292638283,11418168143,9.794,0.51618,athlete
89a8100c1c7ffff,89a8100c117ffff,7292638283,12572923907,18.5087,0.013655,athlete
89a8100c1c7ffff,89a8100c11bffff,7292638283,132331977,17.8291,0.02879,athlete
89a8100c1c7ffff,89a8100c143ffff,7292638283,617798725,15.0026,0.146302,athlete
89a8100c1c7ffff,89a8100c153ffff,7292638283,455606646,12.0054,0.345088,athlete
89a8100c1c7ffff,89a8100c157ffff,7292638283,13707007279,18.907,0.00735,athlete
89a8100c1c7ffff,89a8100c15bffff,7292638283,8117389765,19.0554,0.005493,athlete
89a8100c1c7ffff,89a8100c183ffff,7292638283,11386299646,13.2147,0.258112,athlete
89a8100c1c7ffff,89a8100c18bffff,7292638283,11399274873,8.8326,0.591172,athlete
89a8100c1c7ffff,89a8100c18fffff,7292638283,11298619952,15.2383,0.133466,athlete
89a8100c1c7ffff,89a8100c193ffff,7292638283,8652181848,19.6664,0.000686,athlete
89a8100c1c7ffff,89a8100c19bffff,7292638283,2360366546,7.5862,0.685071,athlete
89a8100c1c7ffff,89a8100c1c3ffff,7292638283,13452578280,11.2069,0.405779,athlete
89a8100c1c7ffff,89a8100c1c7ffff,7292638283,7292638283,0.2653,0.999566,athlete
89a8100c1c7ffff,89a8100c1cbffff,7292638283,455607086,13.2421,0.25623,athlete
89a8100c1c7ffff,89a8100c1cfffff,7292638283,13452406589,6.0104,0.793234,athlete
89a8100c1c7ffff,89a8100c1d3ffff,7292638283,457593231,13.2506,0.25565,athlete
89a8100c1c7ffff,89a8100c1d7ffff,7292638283,457566696,7.078,0.721523,athlete
89a8100c1c7ffff,89a8100c1dbffff,7292638283,12902675140,13.4942,0.239139,athlete
89a8100c1c7ffff,89a8100c567ffff,7292638283,13236665352,19.0681,0.005347,athlete
89a8100c1c7ffff,89a8100c56bffff,7292638283,11339389942,15.7731,0.106222,athlete
89a8100c1c7ffff,89a8100c56fffff,7292638283,11339389872,12.2991,0.32333,athlete
89a8100c1cbffff,89a8100c023ffff,455607086,12802775536,14.6339,0.167353,athlete
89a8100c1cbffff,89a8100c027ffff,455607086,395763938,10.7093,0.444407,athlete
89a8100c1cbffff,89a8100c02fffff,455607086,12113272478,16.5074,0.073376,athlete
89a8100c1cbffff,89a8100c033ffff,455607086,13056821783,17.1469,0.049379,athlete
89a8100c1cbffff,89a8100c037ffff,455607086,11347748025,6.7849,0.741918,athlete
89a8100c1cbffff,89a8100c0a3ffff,455607086,10893697428,16.2855,0.082723,athlete
89a8100c1cbffff,89a8100c0a7ffff,455607086,13279443676,11.2044,0.405966,athlete
89a8100c1cbffff,89a8100c0abffff,455607086,12532715699,16.8752,0.059031,athlete
89a8100c1cbffff,89a8100c0afffff,455607086,8743696886,12.3951,0.316298,athlete
89a8100c1cbffff,89a8100c0b7ffff,455607086,11423157638,16.869,0.059263,athlete
89a8100c1cbffff,89a8100c0bbffff,455607086,11423871971,19.6853,0.000611,athlete
89a8100c1cbffff,89a8100c11bffff,455607086,132331977,16.5424,0.071949,athlete
89a8100c1cbffff,89a8100c143ffff,455607086,617798725,15.3489,0.127613,athlete
89a8100c1cbffff,89a8100c153ffff,455607086,455606646,8.7618,0.596634,athlete
89a8100c1cbffff,89a8100c157ffff,455607086,13707007279,19.6473,0.000767,athlete
89a8100c1cbffff,89a8100c15bffff,455607086,8117389765,17.1704,0.04858,athlete
89a8100c1cbffff,89a8100c18bffff,455607086,11399274873,19.0422,0.005648,athlete
89a8100c1cbffff,89a8100c19bffff,455607086,2360366546,16.6259,0.068597,athlete
89a8100c1cbffff,89a8100c1c3ffff,455607086,13452578280,7.6208,0.682541,athlete
89a8100c1cbffff,89a8100c1c7ffff,455607086,7292638283,13.7782,0.220375,athlete
89a8100c1cbffff,89a8100c1cbffff,455607086,455607086,1.8918,0.978086,athlete
89a8100c1cbffff,89a8100c1cfffff,455607086,13452406589,12.9097,0.279343,athlete
89a8100c1cbffff,89a8100c1d3ffff,455607086,457593231,11.8225,0.358806,athlete
89a8100c1cbffff,89a8100c1d7ffff,455607086,457566696,13.3658,0.247796,athlete
89a8100c1cbffff,89a8100c1dbffff,455607086,12902675140,6.9704,0.729062,athlete
89a8100c1cbffff,89a8100c56bffff,455607086,11339389942,14.345,0.184626,athlete
89a8100c1cbffff,89a8100c56fffff,455607086,11339389872,16.606,0.069388,athlete
89a8100c1cfffff,89a8100c027ffff,13452406589,395763938,11.9663,0.348013,athlete
89a8100c1cfffff,89a8100c02fffff,13452406589,12113272478,18.3782,0.016138,athlete
89a8100c1cfffff,89a8100c037ffff,13452406589,11347748025,16.1116,0.090403,athlete
89a8100c1cfffff,89a8100c0a7ffff,13452406589,13279443676,18.386,0.015983,athlete
89a8100c1cfffff,89a8100c0afffff,13452406589,8743696886,19.5384,0.001314,athlete
89a8100c1cfffff,89a8100c103ffff,13452406589,11279786965,16.2571,0.083954,athlete
89a8100c1cfffff,89a8100c113ffff,13452406589,11418168143,11.9597,0.348504,athlete
89a8100c1cfffff,89a8100c11bffff,13452406589,132331977,17.4498,0.039583,athlete
89a8100c1cfffff,89a8100c143ffff,13452406589,617798725,10.0299,0.49765,athlete
89a8100c1cfffff,89a8100c153ffff,13452406589,455606646,9.1633,0.565527,athlete
89a8100c1cfffff,89a8100c157ffff,13452406589,13707007279,16.3619,0.079447,athlete
89a8100c1cfffff,89a8100c15bffff,13452406589,8117389765,15.7443,0.10762,athlete
89a8100c1cfffff,89a8100c183ffff,13452406589,11386299646,17.6036,0.035009,athlete
89a8100c1cfffff,89a8100c18bffff,13452406589,11399274873,12.4941,0.309085,athlete
89a8100c1cfffff,89a8100c18fffff,13452406589,11298619952,18.8997,0.007449,athlete
89a8100c1cfffff,89a8100c19bffff,13452406589,2360366546,11.975,0.347358,athlete
89a8100c1cfffff,89a8100c1c3ffff,13452406589,13452578280,10.8276,0.435186,athlete
89a8100c1cfffff,89a8100c1c7ffff,13452406589,7292638283,5.3882,0.831349,athlete
89a8100c1cfffff,89a8100c1cbffff,13452406589,455607086,11.2185,0.404883,athlete
89a8100c1cfffff,89a8100c1cfffff,13452406589,13452406589,1.0377,0.993373,athlete
89a8100c1cfffff,89a8100c1d3ffff,13452406589,457593231,15.1168,0.140019,athlete
89a8100c1cfffff,89a8100c1d7ffff,13452406589,457566696,11.4668,0.385814,athlete
89a8100c1cfffff,89a8100c1dbffff,13452406589,12902675140,14.5259,0.173734,athlete
89a8100c1cfffff,89a8100c56bffff,13452406589,11339389942,17.6393,0.033984,athlete
89a8100c1cfffff,89a8100c56fffff,13452406589,11339389872,16.6879,0.066155,athlete
89a8100c1d3ffff,89a8100c023ffff,457593231,12802775536,19.5901,0.001036,athlete
89a8100c1d3ffff,89a8100c027ffff,457593231,395763938,15.6656,0.111482,athlete
89a8100c1d3ffff,89a8100c033ffff,457593231,13056821783,17.699,0.032306,athlete
89a8100c1d3ffff,89a8100c037ffff,457593231,11347748025,11.5424,0.380045,athlete
89a8100c1d3ffff,89a8100c0a3ffff,457593231,10893697428,14.2388,0.191141,athlete
89a8100c1d3ffff,89a8100c0a7ffff,457593231,13279443676,6.3422,0.771736,athlete
89a8100c1d3ffff,89a8100c0abffff,457593231,12532715699,14.8286,0.156094,athlete
89a8100c1d3ffff,89a8100c0afffff,457593231,8743696886,12.3204,0.321767,athlete
89a8100c1d3ffff,89a8100c0b3ffff,457593231,5496814858,14.6836,0.164446,athlete
89a8100c1d3ffff,89a8100c0b7ffff,457593231,11423157638,10.8745,0.431536,athlete
89a8100c1d3ffff,89a8100c0bbffff,457593231,11423871971,17.6386,0.034004,athlete
89a8100c1d3ffff,89a8100c113ffff,457593231,11418168143,18.4166,0.015386,athlete
89a8100c1d3ffff,89a8100c11bffff,457593231,132331977,17.1556,0.049082,athlete
89a8100c1d3ffff,89a8100c153ffff,457593231,455606646,15.007,0.146057,athlete
89a8100c1d3ffff,89a8100c183ffff,457593231,11386299646,16.1331,0.089437,athlete
89a8100c1d3ffff,89a8100c18bffff,457593231,11399274873,12.6115,0.3006,athlete
89a8100c1d3ffff,89a8100c18fffff,457593231,11298619952,19.0171,0.005948,athlete
89a8100c1d3ffff,89a8100c19bffff,457593231,2360366546,10.1952,0.484674,athlete
89a8100c1d3ffff,89a8100c1c3ffff,457593231,13452578280,8.234,0.636927,athlete
89a8100c1d3ffff,89a8100c1c7ffff,457593231,7292638283,10.5371,0.457865,athlete
89a8100c1d3ffff,89a8100c1cbffff,457593231,455607086,9.5022,0.539061,athlete
89a8100c1d3ffff,89a8100c1cfffff,457593231,13452406589,12.8386,0.284372,athlete
89a8100c1d3ffff,89a8100c1d3ffff,457593231,457593231,1.1298,0.992147,athlete
89a8100c1d3ffff,89a8100c1d7ffff,457593231,457566696,6.9351,0.731527,athlete
89a8100c1d3ffff,89a8100c1dbffff,457593231,12902675140,6.9653,0.729423,athlete
89a8100c1d3ffff,89a8100c547ffff,457593231,12703971545,16.8579,0.059673,athlete
89a8100c1d3ffff,89a8100c54fffff,457593231,11423253323,16.8894,0.058506,athlete
89a8100c1d3ffff,89a8100c563ffff,457593231,13452726650,14.0549,0.202632,athlete
89a8100c1d3ffff,89a8100c56bffff,457593231,11339389942,3.6523,0.919948,athlete
89a8100c1d3ffff,89a8100c56fffff,457593231,11339389872,5.9133,0.799374,athlete
89a8100c1d3ffff,89a8100c573ffff,457593231,457593059,16.0666,0.092438,athlete
89a8100c1d3ffff,89a8100c577ffff,457593231,11386203919,18.3774,0.016152,athlete
89a8100c1d3ffff,89a8100c57bffff,457593231,11350198893,10.9223,0.427814,athlete
89a8100c1d7ffff,89a8100c027ffff,457566696,395763938,17.4923,0.038293,athlete
89a8100c1d7ffff,89a8100c033ffff,457566696,13056821783,18.8904,0.007575,athlete
89a8100c1d7ffff,89a8100c037ffff,457566696,11347748025,14.336,0.185175,athlete
89a8100c1d7ffff,89a8100c0a3ffff,457566696,10893697428,19.0119,0.006011,athlete
89a8100c1d7ffff,89a8100c0a7ffff,457566696,13279443676,12.9001,0.280025,athlete
89a8100c1d7ffff,89a8100c0abffff,457566696,12532715699,19.6016,0.000979,athlete
89a8100c1d7ffff,89a8100c0afffff,457566696,8743696886,14.8759,0.153407,athlete
89a8100c1d7ffff,89a8100c0b7ffff,457566696,11423157638,17.3807,0.041726,athlete
89a8100c1d7ffff,89a8100c103ffff,457566696,11279786965,19.5475,0.001262,athlete
89a8100c1d7ffff,89a8100c113ffff,457566696,11418168143,14.7517,0.160499,athlete
89a8100c1d7ffff,89a8100c117ffff,457566696,12572923907,19.0706,0.005318,athlete
89a8100c1d7ffff,89a8100c11bffff,457566696,132331977,18.5713,0.012539,athlete
89a8100c1d7ffff,89a8100c143ffff,457566696,617798725,19.2191,0.003757,athlete
89a8100c1d7ffff,89a8100c153ffff,457566696,455606646,12.7476,0.290844,athlete
89a8100c1d7ffff,89a8100c183ffff,457566696,11386299646,9.724,0.521671,athlete
89a8100c1d7ffff,89a8100c18bffff,457566696,11399274873,6.2024,0.780887,athlete
89a8100c1d7ffff,89a8100c18fffff,457566696,11298619952,12.608,0.300849,athlete
89a8100c1d7ffff,89a8100c193ffff,457566696,8652181848,16.065,0.092511,athlete
89a8100c1d7ffff,89a8100c197ffff,457566696,11298557475,17.4515,0.03953,athlete
89a8100c1d7ffff,89a8100c19bffff,457566696,2360366546,3.7861,0.914154,athlete
89a8100c1d7ffff,89a8100c1c3ffff,457566696,13452578280,9.775,0.517665,athlete
89a8100c1d7ffff,89a8100c1c7ffff,457566696,7292638283,5.9572,0.796608,athlete
89a8100c1d7ffff,89a8100c1cbffff,457566696,455607086,11.8858,0.354045,athlete
89a8100c1d7ffff,89a8100c1cfffff,457566696,13452406589,10.5791,0.454578,athlete
89a8100c1d7ffff,89a8100c1d3ffff,457566696,457593231,7.6877,0.677641,athlete
89a8100c1d7ffff,89a8100c1d7ffff,457566696,457566696,0.526,0.998294,athlete
89a8100c1d7ffff,89a8100c1dbffff,457566696,12902675140,9.7589,0.518929,athlete
89a8100c1d7ffff,89a8100c50fffff,457566696,11279900601,19.7796,0.0003,athlete
89a8100c1d7ffff,89a8100c52bffff,457566696,9579509671,16.5291,0.072491,athlete
89a8100c1d7ffff,89a8100c52fffff,457566696,11292167922,19.2057,0.003886,athlete
89a8100c1d7ffff,89a8100c563ffff,457566696,13452726650,13.8887,0.213225,athlete
89a8100c1d7ffff,89a8100c567ffff,457566696,13236665352,15.2681,0.131878,athlete
89a8100c1d7ffff,89a8100c56bffff,457566696,11339389942,10.2102,0.483494,athlete
89a8100c1d7ffff,89a8100c56fffff,457566696,11339389872,5.7471,0.809725,athlete
89a8100c1d7ffff,89a8100c573ffff,457566696,457593059,18.5473,0.012961,athlete
89a8100c1d7ffff,89a8100c577ffff,457566696,11386203919,17.1174,0.050385,athlete
89a8100c1d7ffff,89a8100c57bffff,457566696,11350198893,17.1269,0.050061,athlete
89a8100c1dbffff,89a8100c023ffff,12902675140,12802775536,14.0185,0.20493,athlete
89a8100c1dbffff,89a8100c027ffff,12902675140,395763938,10.094,0.492621,athlete
89a8100c1dbffff,89a8100c02fffff,12902675140,12113272478,15.8921,0.100531,athlete
89a8100c1dbffff,89a8100c033ffff,12902675140,13056821783,12.5144,0.307617,athlete
89a8100c1dbffff,89a8100c037ffff,12902675140,11347748025,5.9708,0.795747,athlete
89a8100c1dbffff,89a8100c0a3ffff,12902675140,10893697428,12.046,0.342062,athlete
89a8100c1dbffff,89a8100c0a7ffff,12902675140,13279443676,7.4252,0.696757,athlete
89a8100c1dbffff,89a8100c0abffff,12902675140,12532715699,12.6357,0.298857,athlete
89a8100c1dbffff,89a8100c0afffff,12902675140,8743696886,7.7626,0.672132,athlete
89a8100c1dbffff,89a8100c0b3ffff,12902675140,5496814858,16.0607,0.09271,athlete
89a8100c1dbffff,89a8100c0b7ffff,12902675140,11423157638,13.0488,0.269593,athlete
89a8100c1dbffff,89a8100c0bbffff,12902675140,11423871971,15.4457,0.122579,athlete
89a8100c1dbffff,89a8100c11bffff,12902675140,132331977,16.3604,0.079509,athlete
89a8100c1dbffff,89a8100c143ffff,12902675140,617798725,18.4596,0.014566,athlete
89a8100c1dbffff,89a8100c153ffff,12902675140,455606646,13.1727,0.261006,athlete
89a8100c1dbffff,89a8100c15bffff,12902675140,8117389765,17.7508,0.030882,athlete
89a8100c1dbffff,89a8100c18bffff,12902675140,11399274873,16.7586,0.063423,athlete
89a8100c1dbffff,89a8100c19bffff,12902675140,2360366546,14.3423,0.184794,athlete
89a8100c1dbffff,89a8100c1c3ffff,12902675140,13452578280,7.4389,0.695769,athlete
89a8100c1dbffff,89a8100c1c7ffff,12902675140,7292638283,14.1789,0.194859,athlete
89a8100c1dbffff,89a8100c1cbffff,12902675140,455607086,6.889,0.734728,athlete
89a8100c1dbffff,89a8100c1cfffff,12902675140,13452406589,15.4388,0.122937,athlete
89a8100c1dbffff,89a8100c1d3ffff,12902675140,457593231,9.2039,0.562364,athlete
89a8100c1dbffff,89a8100c1d7ffff,12902675140,457566696,11.0822,0.415415,athlete
89a8100c1dbffff,89a8100c1dbffff,12902675140,12902675140,0.1022,0.999936,athlete
89a8100c1dbffff,89a8100c54fffff,12902675140,11423253323,19.7007,0.000552,athlete
89a8100c1dbffff,89a8100c56bffff,12902675140,11339389942,11.7264,0.366065,athlete
89a8100c1dbffff,89a8100c56fffff,12902675140,11339389872,13.9874,0.20691,athlete
89a8100c1dbffff,89a8100c57bffff,12902675140,11350198893,17.6937,0.032452,athlete
89a8100c423ffff,89a8100c423ffff,4293874117,4293874117,1.8224,0.979653,athlete
89a8100c423ffff,89a8100c427ffff,4293874117,12986505496,12.6998,0.294258,athlete
89a8100c423ffff,89a8100c433ffff,4293874117,12915349506,14.9682,0.148218,athlete
89a8100c423ffff,89a8100c437ffff,4293874117,12941702505,8.651,0.605158,athlete
89a8100c423ffff,89a8100c4a3ffff,4293874117,12904007453,18.4545,0.014662,athlete
89a8100c423ffff,89a8100c4abffff,4293874117,12882458116,16.5305,0.072434,athlete
89a8100c423ffff,89a8100c4afffff,4293874117,12996381317,14.0927,0.200251,athlete
89a8100c423ffff,89a8100c553ffff,4293874117,12227887010,19.8609,0.000119,athlete
89a8100c423ffff,89a8100c5cbffff,4293874117,13037844868,17.9561,0.025549,athlete
89a8100c423ffff,89a8100c5dbffff,4293874117,12535296158,17.1368,0.049721,athlete
89a8100c427ffff,89a8100c087ffff,12986505496,13683468543,13.0049,0.272662,athlete
89a8100c427ffff,89a8100c097ffff,12986505496,85723131,8.5058,0.616282,athlete
89a8100c427ffff,89a8100c0b3ffff,12986505496,5496814858,16.7998,0.061853,athlete
89a8100c427ffff,89a8100c423ffff,12986505496,4293874117,11.1813,0.407755,athlete
89a8100c427ffff,89a8100c427ffff,12986505496,12986505496,0.4153,0.998936,athlete
89a8100c427ffff,89a8100c42fffff,12986505496,4293907212,8.9767,0.580023,athlete
89a8100c427ffff,89a8100c433ffff,12986505496,12915349506,17.2979,0.044367,athlete
89a8100c427ffff,89a8100c437ffff,12986505496,12941702505,9.1765,0.564497,athlete
89a8100c427ffff,89a8100c4a3ffff,12986505496,12904007453,17.5466,0.036671,athlete
89a8100c427ffff,89a8100c4a7ffff,12986505496,12889670101,16.9024,0.058027,athlete
89a8100c427ffff,89a8100c4abffff,12986505496,12882458116,18.8602,0.007993,athlete
89a8100c427ffff,89a8100c4afffff,12986505496,12996381317,12.3939,0.316382,athlete
89a8100c427ffff,89a8100c51bffff,12986505496,12586078227,19.557,0.00121,athlete
89a8100c427ffff,89a8100c543ffff,12986505496,7721333437,17.8972,0.02703,athlete
89a8100c427ffff,89a8100c547ffff,12986505496,12703971545,19.9589,1e-05,athlete
89a8100c427ffff,89a8100c54bffff,12986505496,8944143746,10.8562,0.432957,athlete
89a8100c427ffff,89a8100c553ffff,12986505496,12227887010,13.6679,0.227597,athlete
89a8100c427ffff,89a8100c557ffff,12986505496,12697580224,16.3179,0.081326,athlete
89a8100c427ffff,89a8100c55bffff,12986505496,12697580033,11.3882,0.391832,athlete
89a8100c427ffff,89a8100c5c3ffff,12986505496,303868171,16.327,0.080934,athlete
89a8100c427ffff,89a8100c5c7ffff,12986505496,2816708327,19.5005,0.001538,athlete
89a8100c427ffff,89a8100c5cbffff,12986505496,13037844868,11.7631,0.363292,athlete
89a8100c427ffff,89a8100c5cfffff,12986505496,2687705140,15.4581,0.12194,athlete
89a8100c427ffff,89a8100c5d3ffff,12986505496,1097971350,16.8137,0.061331,athlete
89a8100c427ffff,89a8100c5d7ffff,12986505496,303867318,19.464,0.001771,athlete
89a8100c427ffff,89a8100c5dbffff,12986505496,12535296158,13.9121,0.211721,athlete
89a8100c42fffff,89a8100c087ffff,4293907212,13683468543,11.3383,0.395664,athlete
89a8100c42fffff,89a8100c097ffff,4293907212,85723131,6.8392,0.738177,athlete
89a8100c42fffff,89a8100c0a3ffff,4293907212,10893697428,18.3396,0.016911,athlete
89a8100c42fffff,89a8100c0b3ffff,4293907212,5496814858,15.1332,0.139126,athlete
89a8100c42fffff,89a8100c0b7ffff,4293907212,11423157638,18.9992,0.006166,athlete
89a8100c42fffff,89a8100c0bbffff,4293907212,11423871971,19.7898,0.000272,athlete
89a8100c42fffff,89a8100c423ffff,4293907212,4293874117,18.367,0.01636,athlete
89a8100c42fffff,89a8100c427ffff,4293907212,12986505496,7.601,0.683987,athlete
89a8100c42fffff,89a8100c42fffff,4293907212,4293907212,2.6612,0.956947,athlete
89a8100c42fffff,89a8100c437ffff,4293907212,12941702505,16.3622,0.079433,athlete
89a8100c42fffff,89a8100c4afffff,4293907212,12996381317,19.5796,0.00109,athlete
89a8100c42fffff,89a8100c54bffff,4293907212,8944143746,9.1896,0.563478,athlete
89a8100c42fffff,89a8100c55bffff,4293907212,12697580033,9.7216,0.521859,athlete
89a8100c42fffff,89a8100c5cbffff,4293907212,13037844868,18.9488,0.006801,athlete
89a8100c433ffff,89a8100c423ffff,12915349506,4293874117,12.6662,0.296668,athlete
89a8100c433ffff,89a8100c427ffff,12915349506,12986505496,16.9208,0.057355,athlete
89a8100c433ffff,89a8100c433ffff,12915349506,12915349506,1.9216,0.977394,athlete
89a8100c433ffff,89a8100c437ffff,12915349506,12941702505,11.0883,0.414943,athlete
89a8100c433ffff,89a8100c4a3ffff,12915349506,12904007453,12.0649,0.340652,athlete
89a8100c433ffff,89a8100c4a7ffff,12915349506,12889670101,14.7157,0.162585,athlete
89a8100c433ffff,89a8100c4abffff,12915349506,12882458116,10.1409,0.488934,athlete
89a8100c433ffff,89a8100c4afffff,12915349506,12996381317,7.7031,0.67651,athlete
89a8100c433ffff,89a8100c4b3ffff,12915349506,12903985491,16.9177,0.057469,athlete
89a8100c433ffff,89a8100c4b7ffff,12915349506,387095770,15.983,0.096276,athlete
89a8100c433ffff,89a8100c4bbffff,12915349506,12338340955,15.66,0.111755,athlete
89a8100c433ffff,89a8100c5d3ffff,12915349506,1097971350,19.5129,0.001463,athlete
89a8100c433ffff,89a8100c5dbffff,12915349506,12535296158,15.1632,0.1375,athlete
89a8100c437ffff,89a8100c097ffff,12941702505,85723131,15.8893,0.100665,athlete
89a8100c437ffff,89a8100c423ffff,12941702505,4293874117,5.476,0.826154,athlete
89a8100c437ffff,89a8100c427ffff,12941702505,12986505496,7.7988,0.669458,athlete
89a8100c437ffff,89a8100c42fffff,12941702505,4293907212,16.3602,0.079519,athlete
89a8100c437ffff,89a8100c433ffff,12941702505,12915349506,9.9226,0.506077,athlete
89a8100c437ffff,89a8100c437ffff,12941702505,12941702505,1.318,0.989323,athlete
89a8100c437ffff,89a8100c4a3ffff,12941702505,12904007453,13.3501,0.248862,athlete
89a8100c437ffff,89a8100c4a7ffff,12941702505,12889670101,12.7059,0.293822,athlete
89a8100c437ffff,89a8100c4abffff,12941702505,12882458116,11.4849,0.384429,athlete
89a8100c437ffff,89a8100c4afffff,12941702505,12996381317,8.1911,0.640165,athlete
89a8100c437ffff,89a8100c4b3ffff,12941702505,12903985491,17.9776,0.025019,athlete
89a8100c437ffff,89a8100c4b7ffff,12941702505,387095770,16.8649,0.059416,athlete
89a8100c437ffff,89a8100c4bbffff,12941702505,12338340955,17.0041,0.054352,athlete
89a8100c437ffff,89a8100c543ffff,12941702505,7721333437,19.1892,0.00405,athlete
89a8100c437ffff,89a8100c54bffff,12941702505,8944143746,18.2397,0.018993,athlete
89a8100c437ffff,89a8100c553ffff,12941702505,12227887010,14.9599,0.148678,athlete
89a8100c437ffff,89a8100c557ffff,12941702505,12697580224,17.6099,0.034825,athlete
89a8100c437ffff,89a8100c55bffff,12941702505,12697580033,18.3983,0.015742,athlete
89a8100c437ffff,89a8100c5c3ffff,12941702505,303868171,16.4262,0.076736,athlete
89a8100c437ffff,89a8100c5cbffff,12941702505,13037844868,13.0551,0.269159,athlete
89a8100c437ffff,89a8100c5cfffff,12941702505,2687705140,16.7502,0.063746,athlete
89a8100c437ffff,89a8100c5d3ffff,12941702505,1097971350,14.4737,0.176848,athlete
89a8100c437ffff,89a8100c5d7ffff,12941702505,303867318,19.5632,0.001176,athlete
89a8100c437ffff,89a8100c5dbffff,12941702505,12535296158,10.124,0.490263,athlete
89a8100c437ffff,89a8100e363ffff,12941702505,388512103,19.8859,8e-05,athlete
89a8100c437ffff,89a8100e36bffff,12941702505,389063054,16.4893,0.07412,athlete
89a8100c437ffff,89a8100e36fffff,12941702505,389063008,16.6943,0.065907,athlete
89a8100c4a3ffff,89a8100c423ffff,12904007453,4293874117,14.3342,0.185289,athlete
89a8100c4a3ffff,89a8100c427ffff,12904007453,12986505496,15.4564,0.122031,athlete
89a8100c4a3ffff,89a8100c433ffff,12904007453,12915349506,10.2814,0.477907,athlete
89a8100c4a3ffff,89a8100c437ffff,12904007453,12941702505,12.6321,0.299116,athlete
89a8100c4a3ffff,89a8100c4a3ffff,12904007453,12904007453,0.5702,0.997996,athlete
89a8100c4a3ffff,89a8100c4a7ffff,12904007453,12889670101,5.5981,0.818826,athlete
89a8100c4a3ffff,89a8100c4abffff,12904007453,12882458116,4.6888,0.870409,athlete
89a8100c4a3ffff,89a8100c4afffff,12904007453,12996381317,7.0566,0.723026,athlete
89a8100c4a3ffff,89a8100c4b3ffff,12904007453,12903985491,5.423,0.829297,athlete
89a8100c4a3ffff,89a8100c4b7ffff,12904007453,387095770,4.663,0.871767,athlete
89a8100c4a3ffff,89a8100c4bbffff,12904007453,12338340955,5.2176,0.841262,athlete
89a8100c4a3ffff,89a8100c5c3ffff,12904007453,303868171,17.1832,0.04815,athlete
89a8100c4a3ffff,89a8100c5cbffff,12904007453,13037844868,18.2139,0.019551,athlete
89a8100c4a3ffff,89a8100c5d3ffff,12904007453,1097971350,15.2307,0.133871,athlete
89a8100c4a3ffff,89a8100c5dbffff,12904007453,12535296158,10.8809,0.431032,athlete
89a8100c4a3ffff,89a8100e36bffff,12904007453,389063054,17.2462,0.046053,athlete
89a8100c4a3ffff,89a8100e36fffff,12904007453,389063008,17.4512,0.039539,athlete
89a8100c4a7ffff,89a8100c423ffff,12889670101,4293874117,16.82,0.061091,athlete
89a8100c4a7ffff,89a8100c427ffff,12889670101,12986505496,15.6441,0.112543,athlete
89a8100c4a7ffff,89a8100c433ffff,12889670101,12915349506,14.8479,0.154992,athlete
89a8100c4a7ffff,89a8100c437ffff,12889670101,12941702505,12.8198,0.285701,athlete
89a8100c4a7ffff,89a8100c4a3ffff,12889670101,12904007453,6.5715,0.756445,athlete
89a8100c4a7ffff,89a8100c4a7ffff,12889670101,12889670101,0.6815,0.997138,athlete
89a8100c4a7ffff,89a8100c4abffff,12889670101,12882458116,10.4255,0.466604,athlete
89a8100c4a7ffff,89a8100c4afffff,12889670101,12996381317,7.7831,0.670617,athlete
89a8100c4a7ffff,89a8100c4b3ffff,12889670101,12903985491,8.6185,0.607653,athlete
89a8100c4a7ffff,89a8100c4b7ffff,12889670101,387095770,5.88,0.801466,athlete
89a8100c4a7ffff,89a8100c4bbffff,12889670101,12338340955,11.2189,0.404851,athlete
89a8100c4a7ffff,89a8100c5c3ffff,12889670101,303868171,17.3709,0.042034,athlete
89a8100c4a7ffff,89a8100c5cbffff,12889670101,13037844868,18.4016,0.015677,athlete
89a8100c4a7ffff,89a8100c5d3ffff,12889670101,1097971350,15.4184,0.123989,athlete
89a8100c4a7ffff,89a8100c5dbffff,12889670101,12535296158,11.0687,0.416459,athlete
89a8100c4a7ffff,89a8100e36bffff,12889670101,389063054,17.434,0.040069,athlete
89a8100c4a7ffff,89a8100e36fffff,12889670101,389063008,17.639,0.033993,athlete
89a8100c4abffff,89a8100c423ffff,12882458116,4293874117,13.7321,0.223385,athlete
89a8100c4abffff,89a8100c427ffff,12882458116,12986505496,17.9867,0.024795,athlete
89a8100c4abffff,89a8100c433ffff,12882458116,12915349506,9.6793,0.525177,athlete
89a8100c4abffff,89a8100c437ffff,12882458116,12941702505,12.1542,0.33402,athlete
89a8100c4abffff,89a8100c4a3ffff,12882458116,12904007453,5.7208,0.811346,athlete
89a8100c4abffff,89a8100c4a7ffff,12882458116,12889670101,10.491,0.461479,athlete
89a8100c4abffff,89a8100c4abffff,12882458116,12882458116,1.3356,0.989037,athlete
89a8100c4abffff,89a8100c4afffff,12882458116,12996381317,7.8239,0.667605,athlete
89a8100c4abffff,89a8100c4b3ffff,12882458116,12903985491,10.5736,0.455013,athlete
89a8100c4abffff,89a8100c4b7ffff,12882458116,387095770,9.6389,0.528344,athlete
89a8100c4abffff,89a8100c4bbffff,12882458116,12338340955,9.2024,0.562479,athlete
89a8100c4abffff,89a8100c5d3ffff,12882458116,1097971350,18.8796,0.007724,athlete
89a8100c4abffff,89a8100c5dbffff,12882458116,12535296158,14.5298,0.173497,athlete
89a8100c4afffff,89a8100c097ffff,12996381317,85723131,19.1266,0.004698,athlete
89a8100c4afffff,89a8100c423ffff,12996381317,4293874117,11.9131,0.351998,athlete
89a8100c4afffff,89a8100c427ffff,12996381317,12986505496,11.0361,0.418981,athlete
89a8100c4afffff,89a8100c42fffff,12996381317,4293907212,19.5975,0.000999,athlete
89a8100c4afffff,89a8100c433ffff,12996381317,12915349506,7.8603,0.664906,athlete
89a8100c4afffff,89a8100c437ffff,12996381317,12941702505,8.2016,0.639377,athlete
89a8100c4afffff,89a8100c4a3ffff,12996381317,12904007453,7.4862,0.692342,athlete
89a8100c4afffff,89a8100c4a7ffff,12996381317,12889670101,7.5172,0.690093,athlete
89a8100c4afffff,89a8100c4abffff,12996381317,12882458116,8.3206,0.630378,athlete
89a8100c4afffff,89a8100c4afffff,12996381317,12996381317,0.5046,0.99843,athlete
89a8100c4afffff,89a8100c4b3ffff,12996381317,12903985491,12.1137,0.337025,athlete
89a8100c4afffff,89a8100c4b7ffff,12996381317,387095770,11.001,0.421708,athlete
89a8100c4afffff,89a8100c4bbffff,12996381317,12338340955,11.1621,0.409235,athlete
89a8100c4afffff,89a8100c553ffff,12996381317,12227887010,18.1973,0.019913,athlete
89a8100c4afffff,89a8100c5c3ffff,12996381317,303868171,14.267,0.189406,athlete
89a8100c4afffff,89a8100c5cbffff,12996381317,13037844868,15.2977,0.130307,athlete
89a8100c4afffff,89a8100c5cfffff,12996381317,2687705140,18.3425,0.016851,athlete
89a8100c4afffff,89a8100c5d3ffff,12996381317,1097971350,12.3145,0.322199,athlete
89a8100c4afffff,89a8100c5d7ffff,12996381317,303867318,17.404,0.040999,athlete
89a8100c4afffff,89a8100c5dbffff,12996381317,12535296158,7.9648,0.657139,athlete
89a8100c4afffff,89a8100e363ffff,12996381317,388512103,17.7267,0.031542,athlete
89a8100c4afffff,89a8100e367ffff,12996381317,142814786,19.8834,8.4e-05,athlete
89a8100c4afffff,89a8100e36bffff,12996381317,389063054,14.33,0.18554,athlete
89a8100c4afffff,89a8100e36fffff,12996381317,389063008,14.5351,0.173187,athlete
89a8100c4afffff,89a8100e37bffff,12996381317,389063068,17.8923,0.027154,athlete
89a8100c4b3ffff,89a8100c433ffff,12903985491,12915349506,16.3907,0.078227,athlete
89a8100c4b3ffff,89a8100c437ffff,12903985491,12941702505,18.4052,0.015607,athlete
89a8100c4b3ffff,89a8100c4a3ffff,12903985491,12904007453,6.6796,0.749121,athlete
89a8100c4b3ffff,89a8100c4a7ffff,12903985491,12889670101,8.77,0.596006,athlete
89a8100c4b3ffff,89a8100c4abffff,12903985491,12882458116,10.7981,0.43748,athlete
89a8100c4b3ffff,89a8100c4afffff,12903985491,12996381317,13.1197,0.26467,athlete
89a8100c4b3ffff,89a8100c4b3ffff,12903985491,12903985491,2.5481,0.96048,athlete
89a8100c4b3ffff,89a8100c4b7ffff,12903985491,387095770,6.5969,0.754729,athlete
89a8100c4b3ffff,89a8100c4bbffff,12903985491,12338340955,11.327,0.396531,athlete
89a8100c4b3ffff,89a8100c5dbffff,12903985491,12535296158,16.654,0.067485,athlete
89a8100c4b7ffff,89a8100c423ffff,387095770,4293874117,19.2816,0.00318,athlete
89a8100c4b7ffff,89a8100c427ffff,387095770,12986505496,19.7329,0.00044,athlete
89a8100c4b7ffff,89a8100c433ffff,387095770,12915349506,15.2288,0.133969,athlete
89a8100c4b7ffff,89a8100c437ffff,387095770,12941702505,16.9086,0.057802,athlete
89a8100c4b7ffff,89a8100c4a3ffff,387095770,12904007453,5.6489,0.815743,athlete
89a8100c4b7ffff,89a8100c4a7ffff,387095770,12889670101,5.9959,0.794154,athlete
89a8100c4b7ffff,89a8100c4abffff,387095770,12882458116,9.6362,0.528555,athlete
89a8100c4b7ffff,89a8100c4afffff,387095770,12996381317,11.7865,0.361522,athlete
89a8100c4b7ffff,89a8100c4b3ffff,387095770,12903985491,6.5613,0.757129,athlete
89a8100c4b7ffff,89a8100c4b7ffff,387095770,387095770,1.1102,0.992416,athlete
89a8100c4b7ffff,89a8100c4bbffff,387095770,12338340955,10.2963,0.476735,athlete
89a8100c4b7ffff,89a8100c5d3ffff,387095770,1097971350,19.5072,0.001498,athlete
89a8100c4b7ffff,89a8100c5dbffff,387095770,12535296158,15.1574,0.137813,athlete
89a8100c4bbffff,89a8100c423ffff,12338340955,4293874117,18.5193,0.013463,athlete
89a8100c4bbffff,89a8100c427ffff,12338340955,12986505496,19.8662,0.000111,athlete
89a8100c4bbffff,89a8100c433ffff,12338340955,12915349506,14.4665,0.17728,athlete
89a8100c4bbffff,89a8100c437ffff,12338340955,12941702505,16.9414,0.056604,athlete
89a8100c4bbffff,89a8100c4a3ffff,12338340955,12904007453,5.9432,0.797489,athlete
89a8100c4bbffff,89a8100c4a7ffff,12338340955,12889670101,10.9711,0.424026,athlete
89a8100c4bbffff,89a8100c4abffff,12338340955,12882458116,8.8739,0.587982,athlete
89a8100c4bbffff,89a8100c4afffff,12338340955,12996381317,11.2417,0.403091,athlete
89a8100c4bbffff,89a8100c4b3ffff,12338340955,12903985491,10.796,0.437646,athlete
89a8100c4bbffff,89a8100c4b7ffff,12338340955,387095770,10.0359,0.497179,athlete
89a8100c4bbffff,89a8100c4bbffff,12338340955,12338340955,1.628,0.98374,athlete
89a8100c4bbffff,89a8100c5d3ffff,12338340955,1097971350,19.6404,0.000797,athlete
89a8100c4bbffff,89a8100c5dbffff,12338340955,12535296158,15.2907,0.130676,athlete
89a8100c503ffff,89a8100c0b7ffff,11341903975,11423157638,19.3512,0.002595,athlete
89a8100c503ffff,89a8100c503ffff,11341903975,11341903975,0.6186,0.997642,athlete
89a8100c503ffff,89a8100c507ffff,11341903975,11401601119,6.3301,0.77253,athlete
89a8100c503ffff,89a8100c50bffff,11341903975,13452873729,10.1854,0.485438,athlete
89a8100c503ffff,89a8100c50fffff,11341903975,11279900601,7.2171,0.711674,athlete
89a8100c503ffff,89a8100c513ffff,11341903975,303862596,7.0742,0.721789,athlete
89a8100c503ffff,89a8100c517ffff,11341903975,11409667724,9.5516,0.535187,athlete
89a8100c503ffff,89a8100c51bffff,11341903975,12586078227,8.2339,0.636939,athlete
89a8100c503ffff,89a8100c523ffff,11341903975,10561374326,15.3732,0.12634,athlete
89a8100c503ffff,89a8100c52bffff,11341903975,9579509671,17.6029,0.035028,athlete
89a8100c503ffff,89a8100c533ffff,11341903975,11384427627,12.1262,0.336099,athlete
89a8100c503ffff,89a8100c537ffff,11341903975,11404088064,19.3499,0.002605,athlete
89a8100c503ffff,89a8100c53bffff,11341903975,11293370032,11.9783,0.347115,athlete
89a8100c503ffff,89a8100c547ffff,11341903975,12703971545,15.0334,0.144595,athlete
89a8100c503ffff,89a8100c557ffff,11341903975,12697580224,13.6412,0.229362,athlete
89a8100c503ffff,89a8100c563ffff,11341903975,13452726650,17.491,0.038331,athlete
89a8100c503ffff,89a8100c567ffff,11341903975,13236665352,19.0182,0.005934,athlete
89a8100c503ffff,89a8100c56bffff,11341903975,11339389942,17.6748,0.032982,athlete
89a8100c503ffff,89a8100c56fffff,11341903975,11339389872,18.8717,0.007833,athlete
89a8100c503ffff,89a8100c573ffff,11341903975,457593059,10.649,0.449113,athlete
89a8100c503ffff,89a8100c577ffff,11341903975,11386203919,12.1296,0.335845,athlete
89a8100c503ffff,89a8100c57bffff,11341903975,11350198893,15.7729,0.106231,athlete
89a8100c503ffff,89a8100c583ffff,11341903975,12265197248,14.8866,0.152798,athlete
89a8100c503ffff,89a8100c587ffff,11341903975,303858897,12.7496,0.2907,athlete
89a8100c503ffff,89a8100c58bffff,11341903975,1393378103,11.0233,0.419975,athlete
89a8100c503ffff,89a8100c58fffff,11341903975,4252790480,10.0282,0.497788,athlete
89a8100c503ffff,89a8100c593ffff,11341903975,304111065,19.137,0.004587,athlete
89a8100c503ffff,89a8100c597ffff,11341903975,11374075968,16.8674,0.059322,athlete
89a8100c503ffff,89a8100c59bffff,11341903975,8954073387,14.4456,0.178535,athlete
89a8100c503ffff,89a8100c5a3ffff,11341903975,13450161955,14.1368,0.197483,athlete
89a8100c503ffff,89a8100c5a7ffff,11341903975,11315561922,19.0525,0.005527,athlete
89a8100c503ffff,89a8100c5abffff,11341903975,11394279072,9.701,0.523475,athlete
89a8100c503ffff,89a8100c5afffff,11341903975,11380109175,14.1633,0.195831,athlete
89a8100c503ffff,89a8100c5b3ffff,11341903975,11381688343,18.4481,0.014782,athlete
89a8100c503ffff,89a8100c5b7ffff,11341903975,11380298950,18.9434,0.006871,athlete
89a8100c503ffff,89a8100c5bbffff,11341903975,13453136400,12.1104,0.337266,athlete
89a8100c503ffff,89a8100c5c3ffff,11341903975,303868171,16.5127,0.073159,athlete
89a8100c503ffff,89a8100c5c7ffff,11341903975,2816708327,10.1738,0.486353,athlete
89a8100c503ffff,89a8100c5cbffff,11341903975,13037844868,19.0545,0.005505,athlete
89a8100c503ffff,89a8100c5cfffff,11341903975,2687705140,14.8148,0.156882,athlete
89a8100c503ffff,89a8100c5d7ffff,11341903975,303867318,12.7722,0.289086,athlete
89a8100c503ffff,89a8100e367ffff,11341903975,142814786,19.2946,0.003067,athlete
89a8100c503ffff,89a8100ee4bffff,11341903975,142806216,18.3602,0.016496,athlete
89a8100c507ffff,89a8100c503ffff,11401601119,11341903975,7.3692,0.700792,athlete
89a8100c507ffff,89a8100c507ffff,11401601119,11401601119,1.3676,0.988507,athlete
89a8100c507ffff,89a8100c50bffff,11401601119,13452873729,15.9688,0.096938,athlete
89a8100c507ffff,89a8100c50fffff,11401601119,11279900601,8.1606,0.642463,athlete
89a8100c507ffff,89a8100c513ffff,11401601119,303862596,13.2173,0.257936,athlete
89a8100c507ffff,89a8100c517ffff,11401601119,11409667724,9.4613,0.542259,athlete
89a8100c507ffff,89a8100c51bffff,11401601119,12586078227,14.8069,0.157331,athlete
89a8100c507ffff,89a8100c523ffff,11401601119,10561374326,10.675,0.447086,athlete
89a8100c507ffff,89a8100c527ffff,11401601119,13452330655,17.7078,0.032062,athlete
89a8100c507ffff,89a8100c52bffff,11401601119,9579509671,15.3679,0.126618,athlete
89a8100c507ffff,89a8100c52fffff,11401601119,11292167922,18.909,0.007325,athlete
89a8100c507ffff,89a8100c533ffff,11401601119,11384427627,7.1636,0.715471,athlete
89a8100c507ffff,89a8100c537ffff,11401601119,11404088064,14.6517,0.166312,athlete
89a8100c507ffff,89a8100c53bffff,11401601119,11293370032,8.63,0.606769,athlete
89a8100c507ffff,89a8100c547ffff,11401601119,12703971545,19.4504,0.001862,athlete
89a8100c507ffff,89a8100c557ffff,11401601119,12697580224,19.6503,0.000754,athlete
89a8100c507ffff,89a8100c563ffff,11401601119,13452726650,18.9092,0.007321,athlete
89a8100c507ffff,89a8100c567ffff,11401601119,13236665352,17.1911,0.047885,athlete
89a8100c507ffff,89a8100c573ffff,11401601119,457593059,14.7167,0.162524,athlete
89a8100c507ffff,89a8100c577ffff,11401601119,11386203919,13.1298,0.26397,athlete
89a8100c507ffff,89a8100c583ffff,11401601119,12265197248,19.2243,0.003707,athlete
89a8100c507ffff,89a8100c587ffff,11401601119,303858897,16.1824,0.087239,athlete
89a8100c507ffff,89a8100c58bffff,11401601119,1393378103,17.1664,0.048717,athlete
89a8100c507ffff,89a8100c58fffff,11401601119,4252790480,13.8534,0.215501,athlete
89a8100c507ffff,89a8100c5a3ffff,11401601119,13450161955,10.2985,0.476564,athlete
89a8100c507ffff,89a8100c5a7ffff,11401601119,11315561922,14.9802,0.14755,athlete
89a8100c507ffff,89a8100c5abffff,11401601119,11394279072,6.1146,0.786565,athlete
89a8100c507ffff,89a8100c5afffff,11401601119,11380109175,10.11,0.491363,athlete
89a8100c507ffff,89a8100c5b3ffff,11401601119,11381688343,14.8709,0.153686,athlete
89a8100c507ffff,89a8100c5b7ffff,11401601119,11380298950,15.1051,0.140659,athlete
89a8100c507ffff,89a8100c5bbffff,11401601119,13453136400,11.3512,0.39467,athlete
89a8100c507ffff,89a8100c5c7ffff,11401601119,2816708327,16.3169,0.081371,athlete
89a8100c507ffff,89a8100c5d7ffff,11401601119,303867318,18.9153,0.00724,athlete
89a8100c507ffff,89a8100eadbffff,11401601119,13452423932,17.0827,0.051587,athlete
89a8100c507ffff,89a8100ee4bffff,11401601119,142806216,19.7727,0.000319,athlete
89a8100c507ffff,89a8100ee4fffff,11401601119,303788630,17.8244,0.028913,athlete
89a8100c507ffff,89a8100ee7bffff,11401601119,11381714308,19.83,0.000178,athlete
89a8100c50bffff,89a8100c0a7ffff,13452873729,13279443676,15.7791,0.105928,athlete
89a8100c50bffff,89a8100c0b3ffff,13452873729,5496814858,16.9357,0.056812,athlete
89a8100c50bffff,89a8100c0b7ffff,13452873729,11423157638,13.1265,0.264195,athlete
89a8100c50bffff,89a8100c19bffff,13452873729,2360366546,17.2666,0.045385,athlete
89a8100c50bffff,89a8100c1d3ffff,13452873729,457593231,15.2438,0.133167,athlete
89a8100c50bffff,89a8100c1d7ffff,13452873729,457566696,16.34,0.08038,athlete
89a8100c50bffff,89a8100c1dbffff,13452873729,12902675140,19.6072,0.000951,athlete
89a8100c50bffff,89a8100c427ffff,13452873729,12986505496,17.7077,0.032063,athlete
89a8100c50bffff,89a8100c503ffff,13452873729,11341903975,10.2309,0.481866,athlete
89a8100c50bffff,89a8100c507ffff,13452873729,11401601119,14.0352,0.203873,athlete
89a8100c50bffff,89a8100c50bffff,13452873729,13452873729,1.2189,0.990863,athlete
89a8100c50bffff,89a8100c50fffff,13452873729,11279900601,6.6994,0.747771,athlete
89a8100c50bffff,89a8100c513ffff,13452873729,303862596,11.8791,0.354551,athlete
89a8100c50bffff,89a8100c517ffff,13452873729,11409667724,17.423,0.040409,athlete
89a8100c50bffff,89a8100c51bffff,13452873729,12586078227,9.4554,0.542717,athlete
89a8100c50bffff,89a8100c523ffff,13452873729,10561374326,19.0508,0.005548,athlete
89a8100c50bffff,89a8100c52bffff,13452873729,9579509671,15.7151,0.109043,athlete
89a8100c50bffff,89a8100c52fffff,13452873729,11292167922,19.2562,0.003409,athlete
89a8100c50bffff,89a8100c533ffff,13452873729,11384427627,19.8312,0.000176,athlete
89a8100c50bffff,89a8100c53bffff,13452873729,11293370032,12.6482,0.297955,athlete
89a8100c50bffff,89a8100c543ffff,13452873729,7721333437,15.1201,0.139842,athlete
89a8100c50bffff,89a8100c547ffff,13452873729,12703971545,6.2781,0.775948,athlete
89a8100c50bffff,89a8100c54bffff,13452873729,8944143746,18.03,0.023748,athlete
89a8100c50bffff,89a8100c54fffff,13452873729,11423253323,13.1178,0.264799,athlete
89a8100c50bffff,89a8100c553ffff,13452873729,12227887010,14.2285,0.191779,athlete
89a8100c50bffff,89a8100c557ffff,13452873729,12697580224,4.9004,0.859039,athlete
89a8100c50bffff,89a8100c55bffff,13452873729,12697580033,17.1783,0.048313,athlete
89a8100c50bffff,89a8100c563ffff,13452873729,13452726650,13.9828,0.207203,athlete
89a8100c50bffff,89a8100c567ffff,13452873729,13236665352,16.3628,0.079409,athlete
89a8100c50bffff,89a8100c56bffff,13452873729,11339389942,12.4981,0.308797,athlete
89a8100c50bffff,89a8100c56fffff,13452873729,11339389872,15.1759,0.136816,athlete
89a8100c50bffff,89a8100c573ffff,13452873729,457593059,5.4724,0.826371,athlete
89a8100c50bffff,89a8100c577ffff,13452873729,11386203919,8.8545,0.58948,athlete
89a8100c50bffff,89a8100c57bffff,13452873729,11350198893,10.4498,0.464701,athlete
89a8100c50bffff,89a8100c58bffff,13452873729,1393378103,15.8282,0.103568,athlete
89a8100c50bffff,89a8100c58fffff,13452873729,4252790480,16.9197,0.057396,athlete
89a8100c50bffff,89a8100c59bffff,13452873729,8954073387,19.2505,0.003461,athlete
89a8100c50bffff,89a8100c5abffff,13452873729,11394279072,17.5723,0.035916,athlete
89a8100c50bffff,89a8100c5bbffff,13452873729,13453136400,19.9818,2e-06,athlete
89a8100c50bffff,89a8100c5c3ffff,13452873729,303868171,15.7958,0.105126,athlete
89a8100c50bffff,89a8100c5c7ffff,13452873729,2816708327,14.9787,0.147633,athlete
89a8100c50bffff,89a8100c5cbffff,13452873729,13037844868,14.5097,0.174699,athlete
89a8100c50bffff,89a8100c5cfffff,13452873729,2687705140,12.6346,0.298935,athlete
89a8100c50bffff,89a8100c5d7ffff,13452873729,303867318,17.5771,0.035776,athlete
89a8100c50fffff,89a8100c0a7ffff,11279900601,13279443676,17.2643,0.04546,athlete
89a8100c50fffff,89a8100c0b3ffff,11279900601,5496814858,19.4688,0.00174,athlete
89a8100c50fffff,89a8100c0b7ffff,11279900601,11423157638,15.6596,0.111776,athlete
89a8100c50fffff,89a8100c18bffff,11279900601,11399274873,18.2445,0.018889,athlete
89a8100c50fffff,89a8100c19bffff,11279900601,2360366546,14.0839,0.200799,athlete
89a8100c50fffff,89a8100c1c7ffff,11279900601,7292638283,18.6785,0.010734,athlete
89a8100c50fffff,89a8100c1d3ffff,11279900601,457593231,15.7782,0.105976,athlete
89a8100c50fffff,89a8100c1d7ffff,11279900601,457566696,14.0734,0.201463,athlete
89a8100c50fffff,89a8100c503ffff,11279900601,11341903975,7.7453,0.673401,athlete
89a8100c50fffff,89a8100c507ffff,11279900601,11401601119,7.5389,0.688516,athlete
89a8100c50fffff,89a8100c50bffff,11279900601,13452873729,8.0112,0.653671,athlete
89a8100c50fffff,89a8100c50fffff,11279900601,11279900601,0.2031,0.999746,athlete
89a8100c50fffff,89a8100c513ffff,11279900601,303862596,12.7697,0.289265,athlete
89a8100c50fffff,89a8100c517ffff,11279900601,11409667724,10.9266,0.42748,athlete
89a8100c50fffff,89a8100c51bffff,11279900601,12586078227,10.8165,0.43605,athlete
89a8100c50fffff,89a8100c523ffff,11279900601,10561374326,14.1454,0.196944,athlete
89a8100c50fffff,89a8100c52bffff,11279900601,9579509671,11.6552,0.371462,athlete
89a8100c50fffff,89a8100c52fffff,11279900601,11292167922,15.1963,0.135717,athlete
89a8100c50fffff,89a8100c533ffff,11279900601,11384427627,13.3349,0.249893,athlete
89a8100c50fffff,89a8100c537ffff,11279900601,11404088064,18.5119,0.013597,athlete
89a8100c50fffff,89a8100c53bffff,11279900601,11293370032,7.1062,0.719531,athlete
89a8100c50fffff,89a8100c547ffff,11279900601,12703971545,11.4929,0.383821,athlete
89a8100c50fffff,89a8100c54fffff,11279900601,11423253323,18.3326,0.017052,athlete
89a8100c50fffff,89a8100c557ffff,11279900601,12697580224,11.6928,0.368612,athlete
89a8100c50fffff,89a8100c563ffff,11279900601,13452726650,10.9517,0.425534,athlete
89a8100c50fffff,89a8100c567ffff,11279900601,13236665352,13.0705,0.268085,athlete
89a8100c50fffff,89a8100c56bffff,11279900601,11339389942,13.9832,0.207175,athlete
89a8100c50fffff,89a8100c56fffff,11279900601,11339389872,12.3323,0.320889,athlete
89a8100c50fffff,89a8100c573ffff,11279900601,457593059,6.7592,0.743683,athlete
89a8100c50fffff,89a8100c577ffff,11279900601,11386203919,5.5903,0.819301,athlete
89a8100c50fffff,89a8100c57bffff,11279900601,11350198893,12.0813,0.339429,athlete
89a8100c50fffff,89a8100c587ffff,11279900601,303858897,17.7976,0.029625,athlete
89a8100c50fffff,89a8100c58bffff,11279900601,1393378103,16.7188,0.064953,athlete
89a8100c50fffff,89a8100c58fffff,11279900601,4252790480,15.3187,0.129197,athlete
89a8100c50fffff,89a8100c5a3ffff,11279900601,13450161955,15.5118,0.119194,athlete
89a8100c50fffff,89a8100c5abffff,11279900601,11394279072,11.076,0.415892,athlete
89a8100c50fffff,89a8100c5afffff,11279900601,11380109175,15.5383,0.117851,athlete
89a8100c50fffff,89a8100c5b3ffff,11279900601,11381688343,19.8324,0.000173,athlete
89a8100c50fffff,89a8100c5bbffff,11279900601,13453136400,13.4855,0.239725,athlete
89a8100c50fffff,89a8100c5c7ffff,11279900601,2816708327,15.8693,0.101609,athlete
89a8100c50fffff,89a8100c5cfffff,11279900601,2687705140,18.6004,0.012034,athlete
89a8100c50fffff,89a8100c5d7ffff,11279900601,303867318,18.4678,0.014412,athlete
89a8100c513ffff,89a8100c503ffff,303862596,11341903975,9.5286,0.536988,athlete
89a8100c513ffff,89a8100c507ffff,303862596,11401601119,14.9808,0.147514,athlete
89a8100c513ffff,89a8100c50bffff,303862596,13452873729,14.3405,0.184902,athlete
89a8100c513ffff,89a8100c50fffff,303862596,11279900601,14.9397,0.149809,athlete
89a8100c513ffff,89a8100c513ffff,303862596,303862596,1.2892,0.989783,athlete
89a8100c513ffff,89a8100c517ffff,303862596,11409667724,8.4099,0.623592,athlete
89a8100c513ffff,89a8100c51bffff,303862596,12586078227,9.0215,0.576553,athlete
89a8100c513ffff,89a8100c547ffff,303862596,12703971545,17.1665,0.048711,athlete
89a8100c513ffff,89a8100c557ffff,303862596,12697580224,15.7743,0.106164,athlete
89a8100c513ffff,89a8100c573ffff,303862596,457593059,18.3717,0.016266,athlete
89a8100c513ffff,89a8100c577ffff,303862596,11386203919,19.8522,0.000135,athlete
89a8100c513ffff,89a8100c583ffff,303862596,12265197248,10.3631,0.4715,athlete
89a8100c513ffff,89a8100c587ffff,303862596,303858897,10.1344,0.489443,athlete
89a8100c513ffff,89a8100c58bffff,303862596,1393378103,5.2383,0.840074,athlete
89a8100c513ffff,89a8100c58fffff,303862596,4252790480,6.3298,0.772553,athlete
89a8100c513ffff,89a8100c593ffff,303862596,304111065,13.352,0.24873,athlete
89a8100c513ffff,89a8100c597ffff,303862596,11374075968,12.3438,0.320049,athlete
89a8100c513ffff,89a8100c59bffff,303862596,8954073387,8.6606,0.60442,athlete
89a8100c513ffff,89a8100c5a3ffff,303862596,13450161955,15.8033,0.104762,athlete
89a8100c513ffff,89a8100c5abffff,303862596,11394279072,13.2733,0.254095,athlete
89a8100c513ffff,89a8100c5afffff,303862596,11380109175,17.5415,0.036822,athlete
89a8100c513ffff,89a8100c5b3ffff,303862596,11381688343,16.6069,0.069353,athlete
89a8100c513ffff,89a8100c5bbffff,303862596,13453136400,10.9435,0.426166,athlete
89a8100c513ffff,89a8100c5c3ffff,303862596,303868171,13.8639,0.214823,athlete
89a8100c513ffff,89a8100c5c7ffff,303862596,2816708327,6.7535,0.744069,athlete
89a8100c513ffff,89a8100c5cbffff,303862596,13037844868,17.2488,0.045966,athlete
89a8100c513ffff,89a8100c5cfffff,303862596,2687705140,13.3615,0.24809,athlete
89a8100c513ffff,89a8100c5d3ffff,303862596,1097971350,19.3671,0.002469,athlete
89a8100c513ffff,89a8100c5d7ffff,303862596,303867318,6.9872,0.727889,athlete
89a8100c513ffff,89a8100e32bffff,303862596,142777323,19.0132,0.005995,athlete
89a8100c513ffff,89a8100e32fffff,303862596,13165518049,16.9682,0.055635,athlete
89a8100c513ffff,89a8100e363ffff,303862596,388512103,18.6459,0.011268,athlete
89a8100c513ffff,89a8100e367ffff,303862596,142814786,13.5096,0.238111,athlete
89a8100c513ffff,89a8100e36fffff,303862596,389063008,17.1027,0.050892,athlete
89a8100c513ffff,89a8100e377ffff,303862596,388512089,18.6504,0.011193,athlete
89a8100c513ffff,89a8100ee4bffff,303862596,142806216,15.761,0.106806,athlete
89a8100c513ffff,89a8100ee5bffff,303862596,3317179765,16.2916,0.082459,athlete
89a8100c517ffff,89a8100c503ffff,11409667724,11341903975,11.8334,0.35799,athlete
89a8100c517ffff,89a8100c507ffff,11409667724,11401601119,11.2126,0.405339,athlete
89a8100c517ffff,89a8100c50fffff,11409667724,11279900601,13.5488,0.235488,athlete
89a8100c517ffff,89a8100c513ffff,11409667724,303862596,9.4635,0.542084,athlete
89a8100c517ffff,89a8100c517ffff,11409667724,11409667724,1.2372,0.990587,athlete
89a8100c517ffff,89a8100c51bffff,11409667724,12586078227,17.1709,0.048564,athlete
89a8100c517ffff,89a8100c523ffff,11409667724,10561374326,19.873,0.0001,athlete
89a8100c517ffff,89a8100c533ffff,11409667724,11384427627,13.3285,0.25033,athlete
89a8100c517ffff,89a8100c537ffff,11409667724,11404088064,18.8456,0.008198,athlete
89a8100c517ffff,89a8100c53bffff,11409667724,11293370032,18.2676,0.0184,athlete
89a8100c517ffff,89a8100c577ffff,11409667724,11386203919,18.936,0.006967,athlete
89a8100c517ffff,89a8100c583ffff,11409667724,12265197248,11.0003,0.421763,athlete
89a8100c517ffff,89a8100c587ffff,11409667724,303858897,8.1082,0.646407,athlete
89a8100c517ffff,89a8100c58bffff,11409667724,1393378103,9.7059,0.523089,athlete
89a8100c517ffff,89a8100c58fffff,11409667724,4252790480,5.6293,0.816934,athlete
89a8100c517ffff,89a8100c593ffff,11409667724,304111065,16.9317,0.056958,athlete
89a8100c517ffff,89a8100c597ffff,11409667724,11374075968,12.1593,0.333641,athlete
89a8100c517ffff,89a8100c59bffff,11409667724,8954073387,14.0685,0.201769,athlete
89a8100c517ffff,89a8100c5a3ffff,11409667724,13450161955,10.7502,0.441217,athlete
89a8100c517ffff,89a8100c5a7ffff,11409667724,11315561922,15.8451,0.10276,athlete
89a8100c517ffff,89a8100c5abffff,11409667724,11394279072,6.4936,0.761677,athlete
89a8100c517ffff,89a8100c5afffff,11409667724,11380109175,10.9559,0.425206,athlete
89a8100c517ffff,89a8100c5b3ffff,11409667724,11381688343,11.9452,0.34959,athlete
89a8100c517ffff,89a8100c5b7ffff,11409667724,11380298950,15.5092,0.11933,athlete
89a8100c517ffff,89a8100c5bbffff,11409667724,13453136400,5.8904,0.800814,athlete
89a8100c517ffff,89a8100c5c7ffff,11409667724,2816708327,14.518,0.174204,athlete
89a8100c517ffff,89a8100c5d7ffff,11409667724,303867318,14.7517,0.160504,athlete
89a8100c517ffff,89a8100e367ffff,11409667724,142814786,18.9175,0.007211,athlete
89a8100c517ffff,89a8100eadbffff,11409667724,13452423932,17.9476,0.025758,athlete
89a8100c517ffff,89a8100ee43ffff,11409667724,303788527,18.6259,0.011602,athlete
89a8100c517ffff,89a8100ee4bffff,11409667724,142806216,13.5881,0.232876,athlete
89a8100c517ffff,89a8100ee4fffff,11409667724,303788630,18.1216,0.021609,athlete
89a8100c517ffff,89a8100ee53ffff,11409667724,11374107987,18.793,0.00896,athlete
89a8100c517ffff,89a8100ee5bffff,11409667724,3317179765,15.5954,0.114974,athlete
89a8100c51bffff,89a8100c0b7ffff,12586078227,11423157638,17.9952,0.024589,athlete
89a8100c51bffff,89a8100c427ffff,12586078227,12986505496,15.5893,0.115277,athlete
89a8100c51bffff,89a8100c437ffff,12586078227,12941702505,18.2729,0.018287,athlete
89a8100c51bffff,89a8100c503ffff,12586078227,11341903975,7.0577,0.72295,athlete
89a8100c51bffff,89a8100c507ffff,12586078227,11401601119,12.1388,0.335159,athlete
89a8100c51bffff,89a8100c50bffff,12586078227,13452873729,8.3207,0.630369,athlete
89a8100c51bffff,89a8100c50fffff,12586078227,11279900601,9.1394,0.567388,athlete
89a8100c51bffff,89a8100c513ffff,12586078227,303862596,5.606,0.81835,athlete
89a8100c51bffff,89a8100c517ffff,12586078227,11409667724,12.7267,0.292334,athlete
89a8100c51bffff,89a8100c51bffff,12586078227,12586078227,0.6198,0.997633,athlete
89a8100c51bffff,89a8100c523ffff,12586078227,10561374326,19.6054,0.00096,athlete
89a8100c51bffff,89a8100c533ffff,12586078227,11384427627,17.9348,0.026078,athlete
89a8100c51bffff,89a8100c53bffff,12586078227,11293370032,14.9641,0.148447,athlete
89a8100c51bffff,89a8100c543ffff,12586078227,7721333437,15.4916,0.120226,athlete
89a8100c51bffff,89a8100c547ffff,12586078227,12703971545,11.1467,0.410422,athlete
89a8100c51bffff,89a8100c54bffff,12586078227,8944143746,19.1951,0.003991,athlete
89a8100c51bffff,89a8100c54fffff,12586078227,11423253323,17.8126,0.029226,athlete
89a8100c51bffff,89a8100c553ffff,12586078227,12227887010,14.6001,0.169341,athlete
89a8100c51bffff,89a8100c557ffff,12586078227,12697580224,9.0231,0.576425,athlete
89a8100c51bffff,89a8100c55bffff,12586078227,12697580033,18.3434,0.016833,athlete
89a8100c51bffff,89a8100c563ffff,12586078227,13452726650,19.4133,0.002122,athlete
89a8100c51bffff,89a8100c56bffff,12586078227,11339389942,18.7914,0.008983,athlete
89a8100c51bffff,89a8100c573ffff,12586078227,457593059,12.4092,0.315265,athlete
89a8100c51bffff,89a8100c577ffff,12586078227,11386203919,14.0519,0.202822,athlete
89a8100c51bffff,89a8100c57bffff,12586078227,11350198893,15.3185,0.12921,athlete
89a8100c51bffff,89a8100c583ffff,12586078227,12265197248,14.6799,0.164664,athlete
89a8100c51bffff,89a8100c587ffff,12586078227,303858897,14.4512,0.178198,athlete
89a8100c51bffff,89a8100c58bffff,12586078227,1393378103,8.0017,0.654379,athlete
89a8100c51bffff,89a8100c58fffff,12586078227,4252790480,10.6466,0.449304,athlete
89a8100c51bffff,89a8100c593ffff,12586078227,304111065,16.1154,0.090229,athlete
89a8100c51bffff,89a8100c597ffff,12586078227,11374075968,16.6606,0.067226,athlete
89a8100c51bffff,89a8100c59bffff,12586078227,8954073387,11.424,0.389086,athlete
89a8100c51bffff,89a8100c5abffff,12586078227,11394279072,15.6759,0.110969,athlete
89a8100c51bffff,89a8100c5bbffff,12586078227,13453136400,15.2603,0.132288,athlete
89a8100c51bffff,89a8100c5c3ffff,12586078227,303868171,10.8243,0.435444,athlete
89a8100c51bffff,89a8100c5c7ffff,12586078227,2816708327,6.8975,0.734141,athlete
89a8100c51bffff,89a8100c5cbffff,12586078227,13037844868,12.0754,0.339869,athlete
89a8100c51bffff,89a8100c5cfffff,12586078227,2687705140,8.7455,0.597891,athlete
89a8100c51bffff,89a8100c5d3ffff,12586078227,1097971350,16.3275,0.080915,athlete
89a8100c51bffff,89a8100c5d7ffff,12586078227,303867318,9.7506,0.519579,athlete
89a8100c51bffff,89a8100c5dbffff,12586078227,12535296158,17.1716,0.048539,athlete
89a8100c51bffff,89a8100e32fffff,12586078227,13165518049,19.7317,0.000444,athlete
89a8100c51bffff,89a8100e367ffff,12586078227,142814786,16.273,0.083265,athlete
89a8100c51bffff,89a8100e36fffff,12586078227,389063008,19.8662,0.00011,athlete
89a8100c523ffff,89a8100c183ffff,10561374326,11386299646,16.9613,0.055885,athlete
89a8100c523ffff,89a8100c18bffff,10561374326,11399274873,18.7543,0.009542,athlete
89a8100c523ffff,89a8100c193ffff,10561374326,8652181848,12.2772,0.324936,athlete
89a8100c523ffff,89a8100c197ffff,10561374326,11298557475,14.4084,0.18078,athlete
89a8100c523ffff,89a8100c19bffff,10561374326,2360366546,12.7628,0.289758,athlete
89a8100c523ffff,89a8100c1d7ffff,10561374326,457566696,16.922,0.057312,athlete
89a8100c523ffff,89a8100c503ffff,10561374326,11341903975,15.0188,0.145402,athlete
89a8100c523ffff,89a8100c507ffff,10561374326,11401601119,9.0173,0.576879,athlete
89a8100c523ffff,89a8100c50fffff,10561374326,11279900601,13.8208,0.217606,athlete
89a8100c523ffff,89a8100c517ffff,10561374326,11409667724,16.4619,0.075249,athlete
89a8100c523ffff,89a8100c523ffff,10561374326,10561374326,0.2109,0.999726,athlete
89a8100c523ffff,89a8100c527ffff,10561374326,13452330655,7.3908,0.699239,athlete
89a8100c523ffff,89a8100c52bffff,10561374326,9579509671,8.1851,0.64062,athlete
89a8100c523ffff,89a8100c52fffff,10561374326,11292167922,9.4785,0.540911,athlete
89a8100c523ffff,89a8100c533ffff,10561374326,11384427627,7.1245,0.718239,athlete
89a8100c523ffff,89a8100c537ffff,10561374326,11404088064,6.2446,0.778139,athlete
89a8100c523ffff,89a8100c53bffff,10561374326,11293370032,7.3385,0.703,athlete
89a8100c523ffff,89a8100c567ffff,10561374326,13236665352,12.1981,0.330771,athlete
89a8100c523ffff,89a8100c573ffff,10561374326,457593059,18.1632,0.020667,athlete
89a8100c523ffff,89a8100c577ffff,10561374326,11386203919,10.9694,0.424154,athlete
89a8100c523ffff,89a8100c5a3ffff,10561374326,13450161955,12.7292,0.292151,athlete
89a8100c523ffff,89a8100c5a7ffff,10561374326,11315561922,11.6136,0.374624,athlete
89a8100c523ffff,89a8100c5abffff,10561374326,11394279072,13.0347,0.270579,athlete
89a8100c523ffff,89a8100c5afffff,10561374326,11380109175,9.6618,0.526548,athlete
89a8100c523ffff,89a8100c5b3ffff,10561374326,11381688343,19.4067,0.00217,athlete
89a8100c523ffff,89a8100c5b7ffff,10561374326,11380298950,15.153,0.138051,athlete
89a8100c523ffff,89a8100c5bbffff,10561374326,13453136400,18.3413,0.016877,athlete
89a8100c523ffff,89a8100ea43ffff,10561374326,11287001106,16.5812,0.070384,athlete
89a8100c523ffff,89a8100ea4bffff,10561374326,11298600034,18.5874,0.012258,athlete
89a8100c523ffff,89a8100ea53ffff,10561374326,13449882082,13.3343,0.249931,athlete
89a8100c523ffff,89a8100ea57ffff,10561374326,11287035477,18.1008,0.022084,athlete
89a8100c523ffff,89a8100ea5bffff,10561374326,11289900012,11.6606,0.371054,athlete
89a8100c523ffff,89a8100eac3ffff,10561374326,11331125078,16.5553,0.071426,athlete
89a8100c523ffff,89a8100eacbffff,10561374326,5635274734,11.9737,0.347459,athlete
89a8100c523ffff,89a8100eacfffff,10561374326,6354712520,17.3866,0.041543,athlete
89a8100c523ffff,89a8100ead3ffff,10561374326,11334987710,17.9882,0.02476,athlete
89a8100c523ffff,89a8100eadbffff,10561374326,13452423932,13.3951,0.245809,athlete
89a8100c523ffff,89a8100ee6bffff,10561374326,60624735,17.7281,0.031503,athlete
89a8100c523ffff,89a8100ee7bffff,10561374326,11381714308,19.8779,9.2e-05,athlete
89a8100c527ffff,89a8100c183ffff,13452330655,11386299646,15.6989,0.109839,athlete
89a8100c527ffff,89a8100c187ffff,13452330655,13444985140,18.6154,0.011778,athlete
89a8100c527ffff,89a8100c18fffff,13452330655,11298619952,18.2689,0.018372,athlete
89a8100c527ffff,89a8100c193ffff,13452330655,8652181848,16.9633,0.055812,athlete
89a8100c527ffff,89a8100c197ffff,13452330655,11298557475,10.6797,0.446719,athlete
89a8100c527ffff,89a8100c19bffff,13452330655,2360366546,19.391,0.002286,athlete
89a8100c527ffff,89a8100c1b3ffff,13452330655,4947783360,19.4603,0.001796,athlete
89a8100c527ffff,89a8100c507ffff,13452330655,11401601119,16.0687,0.092342,athlete
89a8100c527ffff,89a8100c523ffff,13452330655,10561374326,7.6895,0.677508,athlete
89a8100c527ffff,89a8100c527ffff,13452330655,13452330655,1.1662,0.991634,athlete
89a8100c527ffff,89a8100c52bffff,13452330655,9579509671,15.0501,0.143676,athlete
89a8100c527ffff,89a8100c52fffff,13452330655,11292167922,9.1978,0.562842,athlete
89a8100c527ffff,89a8100c533ffff,13452330655,11384427627,14.176,0.195037,athlete
89a8100c527ffff,89a8100c537ffff,13452330655,11404088064,7.0577,0.722951,athlete
89a8100c527ffff,89a8100c53bffff,13452330655,11293370032,14.39,0.181896,athlete
89a8100c527ffff,89a8100c567ffff,13452330655,13236665352,19.2466,0.003497,athlete
89a8100c527ffff,89a8100c577ffff,13452330655,11386203919,18.448,0.014784,athlete
89a8100c527ffff,89a8100c5a3ffff,13452330655,13450161955,18.214,0.019547,athlete
89a8100c527ffff,89a8100c5a7ffff,13452330655,11315561922,16.2246,0.085377,athlete
89a8100c527ffff,89a8100c5abffff,13452330655,11394279072,19.456,0.001824,athlete
89a8100c527ffff,89a8100c5afffff,13452330655,11380109175,14.6078,0.168887,athlete
89a8100c527ffff,89a8100c5b7ffff,13452330655,11380298950,19.7641,0.000343,athlete
89a8100c527ffff,89a8100ea0bffff,13452330655,12519106573,18.3944,0.015818,athlete
89a8100c527ffff,89a8100ea13ffff,13452330655,28149737,19.777,0.000307,athlete
89a8100c527ffff,89a8100ea1bffff,13452330655,11287146311,16.0305,0.094089,athlete
89a8100c527ffff,89a8100ea43ffff,13452330655,11287001106,10.3566,0.472006,athlete
89a8100c527ffff,89a8100ea47ffff,13452330655,444960068,17.4535,0.03947,athlete
89a8100c527ffff,89a8100ea4bffff,13452330655,11298600034,13.8045,0.218667,athlete
89a8100c527ffff,89a8100ea4fffff,13452330655,13446021938,15.8943,0.100427,athlete
89a8100c527ffff,89a8100ea53ffff,13452330655,13449882082,7.1098,0.719277,athlete
89a8100c527ffff,89a8100ea57ffff,13452330655,11287035477,11.8763,0.35476,athlete
89a8100c527ffff,89a8100ea5bffff,13452330655,11289900012,6.1492,0.784336,athlete
89a8100c527ffff,89a8100ea7bffff,13452330655,466174576,19.9356,2.6e-05,athlete
89a8100c527ffff,89a8100eac3ffff,13452330655,11331125078,11.852,0.356587,athlete
89a8100c527ffff,89a8100eac7ffff,13452330655,12554685114,18.958,0.006683,athlete
89a8100c527ffff,89a8100eacbffff,13452330655,5635274734,9.0848,0.571633,athlete
89a8100c527ffff,89a8100eacfffff,13452330655,6354712520,12.0012,0.345401,athlete
89a8100c527ffff,89a8100ead3ffff,13452330655,11334987710,17.1011,0.050947,athlete
89a8100c527ffff,89a8100ead7ffff,13452330655,2147307307,17.1855,0.048072,athlete
89a8100c527ffff,89a8100eadbffff,13452330655,13452423932,16.7009,0.065649,athlete
89a8100c52bffff,89a8100c183ffff,9579509671,11386299646,13.1249,0.264307,athlete
89a8100c52bffff,89a8100c187ffff,9579509671,13444985140,18.1456,0.021062,athlete
89a8100c52bffff,89a8100c18bffff,9579509671,11399274873,13.9552,0.208962,athlete
89a8100c52bffff,89a8100c18fffff,9579509671,11298619952,16.6997,0.065696,athlete
89a8100c52bffff,89a8100c193ffff,9579509671,8652181848,11.7906,0.361215,athlete
89a8100c52bffff,89a8100c197ffff,9579509671,11298557475,10.572,0.455133,athlete
89a8100c52bffff,89a8100c19bffff,9579509671,2360366546,8.381,0.625791,athlete
89a8100c52bffff,89a8100c1c7ffff,9579509671,7292638283,15.4671,0.121479,athlete
89a8100c52bffff,89a8100c1cfffff,9579509671,13452406589,19.7003,0.000554,athlete
89a8100c52bffff,89a8100c1d3ffff,9579509671,457593231,19.2521,0.003447,athlete
89a8100c52bffff,89a8100c1d7ffff,9579509671,457566696,12.0903,0.338759,athlete
89a8100c52bffff,89a8100c503ffff,9579509671,11341903975,18.3819,0.016064,athlete
89a8100c52bffff,89a8100c507ffff,9579509671,11401601119,14.3418,0.184823,athlete
89a8100c52bffff,89a8100c50bffff,9579509671,13452873729,17.1245,0.050142,athlete
89a8100c52bffff,89a8100c50fffff,9579509671,11279900601,11.5226,0.381553,athlete
89a8100c52bffff,89a8100c523ffff,9579509671,10561374326,7.4506,0.69492,athlete
89a8100c52bffff,89a8100c527ffff,9579509671,13452330655,13.6628,0.227937,athlete
89a8100c52bffff,89a8100c52bffff,9579509671,9579509671,0.6032,0.997757,athlete
89a8100c52bffff,89a8100c52fffff,9579509671,11292167922,5.7349,0.810477,athlete
89a8100c52bffff,89a8100c533ffff,9579509671,11384427627,14.0062,0.205715,athlete
89a8100c52bffff,89a8100c537ffff,9579509671,11404088064,13.2959,0.252549,athlete
89a8100c52bffff,89a8100c53bffff,9579509671,11293370032,7.0866,0.720914,athlete
89a8100c52bffff,89a8100c547ffff,9579509671,12703971545,18.3183,0.017344,athlete
89a8100c52bffff,89a8100c563ffff,9579509671,13452726650,16.6519,0.067569,athlete
89a8100c52bffff,89a8100c567ffff,9579509671,13236665352,6.8397,0.738143,athlete
89a8100c52bffff,89a8100c56fffff,9579509671,11339389872,16.5478,0.07173,athlete
89a8100c52bffff,89a8100c573ffff,9579509671,457593059,13.5846,0.233111,athlete
89a8100c52bffff,89a8100c577ffff,9579509671,11386203919,6.3908,0.768525,athlete
89a8100c52bffff,89a8100c57bffff,9579509671,11350198893,18.7283,0.009943,athlete
89a8100c52bffff,89a8100c5a3ffff,9579509671,13450161955,18.3845,0.016013,athlete
89a8100c52bffff,89a8100c5a7ffff,9579509671,11315561922,18.6649,0.010955,athlete
89a8100c52bffff,89a8100c5abffff,9579509671,11394279072,18.5718,0.01253,athlete
89a8100c52bffff,89a8100c5afffff,9579509671,11380109175,16.7132,0.065173,athlete
89a8100c52bffff,89a8100ea43ffff,9579509671,11287001106,19.0917,0.005081,athlete
89a8100c52bffff,89a8100ea4bffff,9579509671,11298600034,15.2341,0.133689,athlete
89a8100c52bffff,89a8100ea53ffff,9579509671,13449882082,19.4462,0.001891,athlete
89a8100c52bffff,89a8100ea5bffff,9579509671,11289900012,13.8066,0.218529,athlete
89a8100c52bffff,89a8100eacbffff,9579509671,5635274734,19.0366,0.005714,athlete
89a8100c52fffff,89a8100c183ffff,11292167922,11386299646,10.1556,0.487783,athlete
89a8100c52fffff,89a8100c187ffff,11292167922,13444985140,15.1763,0.136794,athlete
89a8100c52fffff,89a8100c18bffff,11292167922,11399274873,15.8828,0.10097,athlete
89a8100c52fffff,89a8100c18fffff,11292167922,11298619952,13.7303,0.2235,athlete
89a8100c52fffff,89a8100c193ffff,11292167922,8652181848,8.8212,0.592053,athlete
89a8100c52fffff,89a8100c197ffff,11292167922,11298557475,6.7342,0.745392,athlete
89a8100c52fffff,89a8100c19bffff,11292167922,2360366546,11.2489,0.40254,athlete
89a8100c52fffff,89a8100c1b3ffff,11292167922,4947783360,16.5501,0.071638,athlete
89a8100c52fffff,89a8100c1bbffff,11292167922,11200433380,18.4947,0.013913,athlete
89a8100c52fffff,89a8100c1c7ffff,11292167922,7292638283,17.4662,0.039083,athlete
89a8100c52fffff,89a8100c1d7ffff,11292167922,457566696,15.0484,0.14377,athlete
89a8100c52fffff,89a8100c507ffff,11292167922,11401601119,17.5105,0.037744,athlete
89a8100c52fffff,89a8100c50fffff,11292167922,11279900601,16.2402,0.084694,athlete
89a8100c52fffff,89a8100c523ffff,11292167922,10561374326,8.8415,0.59049,athlete
89a8100c52fffff,89a8100c527ffff,11292167922,13452330655,8.9835,0.579496,athlete
89a8100c52fffff,89a8100c52bffff,11292167922,9579509671,6.908,0.73341,athlete
89a8100c52fffff,89a8100c52fffff,11292167922,11292167922,1.0557,0.993142,athlete
89a8100c52fffff,89a8100c533ffff,11292167922,11384427627,15.6178,0.113854,athlete
89a8100c52fffff,89a8100c537ffff,11292167922,11404088064,10.6983,0.445262,athlete
89a8100c52fffff,89a8100c53bffff,11292167922,11293370032,11.8042,0.360188,athlete
89a8100c52fffff,89a8100c567ffff,11292167922,13236665352,11.5572,0.37891,athlete
89a8100c52fffff,89a8100c573ffff,11292167922,457593059,18.3022,0.017677,athlete
89a8100c52fffff,89a8100c577ffff,11292167922,11386203919,11.1084,0.413389,athlete
89a8100c52fffff,89a8100c5a7ffff,11292167922,11315561922,19.8653,0.000112,athlete
89a8100c52fffff,89a8100c5afffff,11292167922,11380109175,18.0726,0.02274,athlete
89a8100c52fffff,89a8100ea43ffff,11292167922,11287001106,15.2538,0.132634,athlete
89a8100c52fffff,89a8100ea4bffff,11292167922,11298600034,11.3962,0.391216,athlete
89a8100c52fffff,89a8100ea4fffff,11292167922,13446021938,17.1136,0.050517,athlete
89a8100c52fffff,89a8100ea53ffff,11292167922,13449882082,14.9271,0.150518,athlete
89a8100c52fffff,89a8100ea57ffff,11292167922,11287035477,19.6936,0.000579,athlete
89a8100c52fffff,89a8100ea5bffff,11292167922,11289900012,9.7069,0.523009,athlete
89a8100c52fffff,89a8100eac3ffff,11292167922,11331125078,19.6693,0.000674,athlete
89a8100c52fffff,89a8100eacbffff,11292167922,5635274734,15.3201,0.129125,athlete
89a8100c52fffff,89a8100eacfffff,11292167922,6354712520,19.8185,0.000203,athlete
89a8100c533ffff,89a8100c193ffff,11384427627,8652181848,15.4119,0.124329,athlete
89a8100c533ffff,89a8100c19bffff,11384427627,2360366546,14.7659,0.159684,athlete
89a8100c533ffff,89a8100c1d7ffff,11384427627,457566696,18.9251,0.007111,athlete
89a8100c533ffff,89a8100c503ffff,11384427627,11341903975,13.3021,0.252127,athlete
89a8100c533ffff,89a8100c507ffff,11384427627,11401601119,7.3992,0.698628,athlete
89a8100c533ffff,89a8100c50fffff,11384427627,11279900601,14.1734,0.195202,athlete
89a8100c533ffff,89a8100c513ffff,11384427627,303862596,17.8165,0.029122,athlete
89a8100c533ffff,89a8100c517ffff,11384427627,11409667724,11.5232,0.38151,athlete
89a8100c533ffff,89a8100c51bffff,11384427627,12586078227,19.7349,0.000434,athlete
89a8100c533ffff,89a8100c523ffff,11384427627,10561374326,7.7984,0.669485,athlete
89a8100c533ffff,89a8100c527ffff,11384427627,13452330655,14.8312,0.155942,athlete
89a8100c533ffff,89a8100c52bffff,11384427627,9579509671,15.4175,0.124036,athlete
89a8100c533ffff,89a8100c52fffff,11384427627,11292167922,17.0251,0.053607,athlete
89a8100c533ffff,89a8100c533ffff,11384427627,11384427627,1.254,0.990332,athlete
89a8100c533ffff,89a8100c537ffff,11384427627,11404088064,11.7751,0.362383,athlete
89a8100c533ffff,89a8100c53bffff,11384427627,11293370032,9.5288,0.536976,athlete
89a8100c533ffff,89a8100c567ffff,11384427627,13236665352,18.0898,0.022339,athlete
89a8100c533ffff,89a8100c577ffff,11384427627,11386203919,15.4057,0.124651,athlete
89a8100c533ffff,89a8100c587ffff,11384427627,303858897,17.038,0.053148,athlete
89a8100c533ffff,89a8100c58bffff,11384427627,1393378103,19.9918,0.0,athlete
89a8100c533ffff,89a8100c58fffff,11384427627,4252790480,15.9152,0.099441,athlete
89a8100c533ffff,89a8100c5a3ffff,11384427627,13450161955,7.7624,0.672145,athlete
89a8100c533ffff,89a8100c5a7ffff,11384427627,11315561922,10.2035,0.484021,athlete
89a8100c533ffff,89a8100c5abffff,11384427627,11394279072,8.0679,0.649431,athlete
89a8100c533ffff,89a8100c5afffff,11384427627,11380109175,5.3333,0.834567,athlete
89a8100c533ffff,89a8100c5b3ffff,11384427627,11381688343,14.4398,0.178886,athlete
89a8100c533ffff,89a8100c5b7ffff,11384427627,11380298950,10.9926,0.422353,athlete
89a8100c533ffff,89a8100c5bbffff,11384427627,13453136400,13.4025,0.245313,athlete
89a8100c533ffff,89a8100ea53ffff,11384427627,13449882082,19.7241,0.000469,athlete
89a8100c533ffff,89a8100ea5bffff,11384427627,11289900012,19.101,0.004977,athlete
89a8100c533ffff,89a8100eac3ffff,11384427627,11331125078,17.0725,0.051942,athlete
89a8100c533ffff,89a8100eacbffff,11384427627,5635274734,16.0526,0.093076,athlete
89a8100c533ffff,89a8100ead3ffff,11384427627,11334987710,16.5781,0.070507,athlete
89a8100c533ffff,89a8100eadbffff,11384427627,13452423932,12.306,0.322822,athlete
89a8100c533ffff,89a8100ee47ffff,11384427627,303788569,17.9912,0.024685,athlete
89a8100c533ffff,89a8100ee4bffff,11384427627,142806216,18.6205,0.011693,athlete
89a8100c533ffff,89a8100ee4fffff,11384427627,303788630,15.2883,0.130802,athlete
89a8100c533ffff,89a8100ee63ffff,11384427627,4234762112,19.9355,2.6e-05,athlete
89a8100c533ffff,89a8100ee6bffff,11384427627,60624735,16.318,0.081321,athlete
89a8100c533ffff,89a8100ee73ffff,11384427627,303561646,19.1146,0.004828,athlete
89a8100c533ffff,89a8100ee7bffff,11384427627,11381714308,15.7175,0.108925,athlete
89a8100c537ffff,89a8100c193ffff,11404088064,8652181848,17.9969,0.024548,athlete
89a8100c537ffff,89a8100c197ffff,11404088064,11298557475,17.0962,0.051117,athlete
89a8100c537ffff,89a8100c19bffff,11404088064,2360366546,18.4824,0.014139,athlete
89a8100c537ffff,89a8100c503ffff,11404088064,11341903975,19.8549,0.00013,athlete
89a8100c537ffff,89a8100c507ffff,11404088064,11401601119,13.8533,0.215503,athlete
89a8100c537ffff,89a8100c50fffff,11404088064,11279900601,18.6569,0.011086,athlete
89a8100c537ffff,89a8100c517ffff,11404088064,11409667724,17.2949,0.044463,athlete
89a8100c537ffff,89a8100c523ffff,11404088064,10561374326,6.539,0.758632,athlete
89a8100c537ffff,89a8100c527ffff,11404088064,13452330655,7.5828,0.68532,athlete
89a8100c537ffff,89a8100c52bffff,11404088064,9579509671,14.0908,0.200365,athlete
89a8100c537ffff,89a8100c52fffff,11404088064,11292167922,12.1147,0.336948,athlete
89a8100c537ffff,89a8100c533ffff,11404088064,11384427627,11.9606,0.348437,athlete
89a8100c537ffff,89a8100c537ffff,11404088064,11404088064,0.9016,0.994995,athlete
89a8100c537ffff,89a8100c53bffff,11404088064,11293370032,12.1746,0.332513,athlete
89a8100c537ffff,89a8100c567ffff,11404088064,13236665352,18.1039,0.022014,athlete
89a8100c537ffff,89a8100c577ffff,11404088064,11386203919,17.1122,0.050567,athlete
89a8100c537ffff,89a8100c5a3ffff,11404088064,13450161955,12.1008,0.337984,athlete
89a8100c537ffff,89a8100c5a7ffff,11404088064,11315561922,10.0685,0.494621,athlete
89a8100c537ffff,89a8100c5abffff,11404088064,11394279072,13.3576,0.248352,athlete
89a8100c537ffff,89a8100c5afffff,11404088064,11380109175,8.5078,0.616127,athlete
89a8100c537ffff,89a8100c5b3ffff,11404088064,11381688343,18.6668,0.010923,athlete
89a8100c537ffff,89a8100c5b7ffff,11404088064,11380298950,13.608,0.231559,athlete
89a8100c537ffff,89a8100c5bbffff,11404088064,13453136400,18.2868,0.017996,athlete
89a8100c537ffff,89a8100ea1bffff,11404088064,11287146311,17.4236,0.04039,athlete
89a8100c537ffff,89a8100ea43ffff,11404088064,11287001106,16.7732,0.062866,athlete
89a8100c537ffff,89a8100ea53ffff,11404088064,13449882082,10.4926,0.461351,athlete
89a8100c537ffff,89a8100ea57ffff,11404088064,11287035477,15.7239,0.108616,athlete
89a8100c537ffff,89a8100ea5bffff,11404088064,11289900012,12.5657,0.303902,athlete
89a8100c537ffff,89a8100eac3ffff,11404088064,11331125078,11.3557,0.394327,athlete
89a8100c537ffff,89a8100eacbffff,11404088064,5635274734,6.7495,0.744347,athlete
89a8100c537ffff,89a8100eacfffff,11404088064,6354712520,12.1869,0.331597,athlete
89a8100c537ffff,89a8100ead3ffff,11404088064,11334987710,13.937,0.210127,athlete
89a8100c537ffff,89a8100ead7ffff,11404088064,2147307307,16.7675,0.063081,athlete
89a8100c537ffff,89a8100eadbffff,11404088064,13452423932,10.7404,0.44198,athlete
89a8100c537ffff,89a8100ee4fffff,11404088064,303788630,19.5154,0.001448,athlete
89a8100c537ffff,89a8100ee63ffff,11404088064,4234762112,19.8005,0.000245,athlete
89a8100c537ffff,89a8100ee6bffff,11404088064,60624735,16.183,0.087211,athlete
89a8100c537ffff,89a8100ee6fffff,11404088064,303562332,18.9324,0.007014,athlete
89a8100c537ffff,89a8100ee7bffff,11404088064,11381714308,18.3328,0.017047,athlete
89a8100c53bffff,89a8100c183ffff,11293370032,11386299646,18.6842,0.010642,athlete
89a8100c53bffff,89a8100c18bffff,11293370032,11399274873,19.8905,7.4e-05,athlete
89a8100c53bffff,89a8100c193ffff,11293370032,8652181848,16.0136,0.094864,athlete
89a8100c53bffff,89a8100c197ffff,11293370032,11298557475,16.1313,0.089517,athlete
89a8100c53bffff,89a8100c19bffff,11293370032,2360366546,14.3422,0.184797,athlete
89a8100c53bffff,89a8100c1d7ffff,11293370032,457566696,18.0256,0.023853,athlete
89a8100c53bffff,89a8100c503ffff,11293370032,11341903975,13.3638,0.247929,athlete
89a8100c53bffff,89a8100c507ffff,11293370032,11401601119,8.1996,0.639527,athlete
89a8100c53bffff,89a8100c50bffff,11293370032,13452873729,13.5994,0.232125,athlete
89a8100c53bffff,89a8100c50fffff,11293370032,11279900601,7.1534,0.716193,athlete
89a8100c53bffff,89a8100c513ffff,11293370032,303862596,19.3592,0.002531,athlete
89a8100c53bffff,89a8100c517ffff,11293370032,11409667724,15.7869,0.105553,athlete
89a8100c53bffff,89a8100c51bffff,11293370032,12586078227,17.7669,0.030448,athlete
89a8100c53bffff,89a8100c523ffff,11293370032,10561374326,7.7103,0.675982,athlete
89a8100c53bffff,89a8100c527ffff,11293370032,13452330655,14.8901,0.152601,athlete
89a8100c53bffff,89a8100c52bffff,11293370032,9579509671,7.7531,0.672832,athlete
89a8100c53bffff,89a8100c52fffff,11293370032,11292167922,11.2942,0.399056,athlete
89a8100c53bffff,89a8100c533ffff,11293370032,11384427627,8.8571,0.589285,athlete
89a8100c53bffff,89a8100c537ffff,11293370032,11404088064,12.4711,0.310757,athlete
89a8100c53bffff,89a8100c53bffff,11293370032,11293370032,0.6711,0.997225,athlete
89a8100c53bffff,89a8100c547ffff,11293370032,12703971545,17.0811,0.051642,athlete
89a8100c53bffff,89a8100c557ffff,11293370032,12697580224,17.281,0.044915,athlete
89a8100c53bffff,89a8100c563ffff,11293370032,13452726650,16.5399,0.072052,athlete
89a8100c53bffff,89a8100c567ffff,11293370032,13236665352,9.2321,0.560163,athlete
89a8100c53bffff,89a8100c56bffff,11293370032,11339389942,19.5714,0.001133,athlete
89a8100c53bffff,89a8100c56fffff,11293370032,11339389872,17.7932,0.029741,athlete
89a8100c53bffff,89a8100c573ffff,11293370032,457593059,12.3474,0.319787,athlete
89a8100c53bffff,89a8100c577ffff,11293370032,11386203919,6.5479,0.758031,athlete
89a8100c53bffff,89a8100c57bffff,11293370032,11350198893,17.6696,0.033129,athlete
89a8100c53bffff,89a8100c5a3ffff,11293370032,13450161955,12.3056,0.322851,athlete
89a8100c53bffff,89a8100c5a7ffff,11293370032,11315561922,16.9049,0.057937,athlete
89a8100c53bffff,89a8100c5abffff,11293370032,11394279072,12.4296,0.31378,athlete
89a8100c53bffff,89a8100c5afffff,11293370032,11380109175,12.0347,0.3429,athlete
89a8100c53bffff,89a8100c5b3ffff,11293370032,11381688343,18.983,0.006366,athlete
89a8100c53bffff,89a8100c5b7ffff,11293370032,11380298950,17.1122,0.050566,athlete
89a8100c53bffff,89a8100c5bbffff,11293370032,13453136400,17.6662,0.033222,athlete
89a8100c53bffff,89a8100ea5bffff,11293370032,11289900012,17.9541,0.025598,athlete
89a8100c53bffff,89a8100eacbffff,11293370032,5635274734,18.2118,0.019595,athlete
89a8100c53bffff,89a8100eadbffff,11293370032,13452423932,19.0074,0.006065,athlete
89a8100c53bffff,89a8100ee4fffff,11293370032,303788630,19.8315,0.000175,athlete
89a8100c543ffff,89a8100c087ffff,7721333437,13683468543,17.3251,0.043491,athlete
89a8100c543ffff,89a8100c097ffff,7721333437,85723131,17.9301,0.026197,athlete
89a8100c543ffff,89a8100c0a3ffff,7721333437,10893697428,17.8173,0.029101,athlete
89a8100c543ffff,89a8100c0a7ffff,7721333437,13279443676,17.8474,0.028311,athlete
89a8100c543ffff,89a8100c0afffff,7721333437,8743696886,18.7959,0.008916,athlete
89a8100c543ffff,89a8100c0b3ffff,7721333437,5496814858,14.611,0.168698,athlete
89a8100c543ffff,89a8100c0b7ffff,7721333437,11423157638,13.102,0.265897,athlete
89a8100c543ffff,89a8100c0bbffff,7721333437,11423871971,19.2676,0.003305,athlete
89a8100c543ffff,89a8100c427ffff,7721333437,12986505496,17.9964,0.024558,athlete
89a8100c543ffff,89a8100c50bffff,7721333437,13452873729,17.159,0.048967,athlete
89a8100c543ffff,89a8100c51bffff,7721333437,12586078227,18.7369,0.009809,athlete
89a8100c543ffff,89a8100c543ffff,7721333437,7721333437,0.9198,0.99479,athlete
89a8100c543ffff,89a8100c547ffff,7721333437,12703971545,12.6093,0.300758,athlete
89a8100c543ffff,89a8100c54bffff,7721333437,8944143746,13.6405,0.229404,athlete
89a8100c543ffff,89a8100c54fffff,7721333437,11423253323,8.5095,0.615999,athlete
89a8100c543ffff,89a8100c553ffff,7721333437,12227887010,8.0238,0.65273,athlete
89a8100c543ffff,89a8100c557ffff,7721333437,12697580224,12.7653,0.28958,athlete
89a8100c543ffff,89a8100c55bffff,7721333437,12697580033,12.7889,0.287902,athlete
89a8100c543ffff,89a8100c56bffff,7721333437,11339389942,18.6792,0.010723,athlete
89a8100c543ffff,89a8100c573ffff,7721333437,457593059,16.7971,0.061958,athlete
89a8100c543ffff,89a8100c57bffff,7721333437,11350198893,14.6428,0.166833,athlete
89a8100c543ffff,89a8100c5c3ffff,7721333437,303868171,19.0607,0.005433,athlete
89a8100c543ffff,89a8100c5c7ffff,7721333437,2816708327,19.9418,2.1e-05,athlete
89a8100c543ffff,89a8100c5cbffff,7721333437,13037844868,15.5267,0.118436,athlete
89a8100c543ffff,89a8100c5cfffff,7721333437,2687705140,15.8995,0.100183,athlete
89a8100c547ffff,89a8100c037ffff,12703971545,11347748025,17.7687,0.030399,athlete
89a8100c547ffff,89a8100c087ffff,12703971545,13683468543,16.6644,0.067078,athlete
89a8100c547ffff,89a8100c097ffff,12703971545,85723131,17.2694,0.045294,athlete
89a8100c547ffff,89a8100c0a3ffff,12703971545,10893697428,14.7126,0.16276,athlete
89a8100c547ffff,89a8100c0a7ffff,12703971545,13279443676,11.4253,0.388989,athlete
89a8100c547ffff,89a8100c0abffff,12703971545,12532715699,17.87,0.027725,athlete
89a8100c547ffff,89a8100c0afffff,12703971545,8743696886,15.6256,0.113463,athlete
89a8100c547ffff,89a8100c0b3ffff,12703971545,5496814858,11.5063,0.382795,athlete
89a8100c547ffff,89a8100c0b7ffff,12703971545,11423157638,7.6972,0.676947,athlete
89a8100c547ffff,89a8100c0bbffff,12703971545,11423871971,16.1629,0.088103,athlete
89a8100c547ffff,89a8100c19bffff,12703971545,2360366546,17.829,0.028793,athlete
89a8100c547ffff,89a8100c1c3ffff,12703971545,13452578280,16.686,0.066229,athlete
89a8100c547ffff,89a8100c1c7ffff,12703971545,7292638283,18.2925,0.017877,athlete
89a8100c547ffff,89a8100c1cbffff,12703971545,455607086,17.923,0.026375,athlete
89a8100c547ffff,89a8100c1d3ffff,12703971545,457593231,12.9621,0.275662,athlete
89a8100c547ffff,89a8100c1d7ffff,12703971545,457566696,14.5689,0.17118,athlete
89a8100c547ffff,89a8100c1dbffff,12703971545,12902675140,15.3861,0.125667,athlete
89a8100c547ffff,89a8100c427ffff,12703971545,12986505496,17.2599,0.045603,athlete
89a8100c547ffff,89a8100c42fffff,12703971545,4293907212,19.5194,0.001424,athlete
89a8100c547ffff,89a8100c437ffff,12703971545,12941702505,19.9435,2e-05,athlete
89a8100c547ffff,89a8100c503ffff,12703971545,11341903975,14.8307,0.155975,athlete
89a8100c547ffff,89a8100c507ffff,12703971545,11401601119,17.0221,0.05371,athlete
89a8100c547ffff,89a8100c50bffff,12703971545,13452873729,6.016,0.792877,athlete
89a8100c547ffff,89a8100c50fffff,12703971545,11279900601,9.6863,0.524628,athlete
89a8100c547ffff,89a8100c513ffff,12703971545,303862596,14.6597,0.165841,athlete
89a8100c547ffff,89a8100c51bffff,12703971545,12586078227,12.2361,0.327968,athlete
89a8100c547ffff,89a8100c52bffff,12703971545,9579509671,18.702,0.010356,athlete
89a8100c547ffff,89a8100c53bffff,12703971545,11293370032,15.6351,0.11299,athlete
89a8100c547ffff,89a8100c543ffff,12703971545,7721333437,11.24,0.403226,athlete
89a8100c547ffff,89a8100c547ffff,12703971545,12703971545,0.1289,0.999897,athlete
89a8100c547ffff,89a8100c54bffff,12703971545,8944143746,12.9798,0.27442,athlete
89a8100c547ffff,89a8100c54fffff,12703971545,11423253323,7.6884,0.677588,athlete
89a8100c547ffff,89a8100c553ffff,12703971545,12227887010,12.2222,0.328995,athlete
89a8100c547ffff,89a8100c557ffff,12703971545,12697580224,7.4686,0.693614,athlete
89a8100c547ffff,89a8100c55bffff,12703971545,12697580033,12.1281,0.335954,athlete
89a8100c547ffff,89a8100c563ffff,12703971545,13452726650,12.6845,0.295355,athlete
89a8100c547ffff,89a8100c567ffff,12703971545,13236665352,17.556,0.036395,athlete
89a8100c547ffff,89a8100c56bffff,12703971545,11339389942,9.5656,0.534088,athlete
89a8100c547ffff,89a8100c56fffff,12703971545,11339389872,13.4048,0.245157,athlete
89a8100c547ffff,89a8100c573ffff,12703971545,457593059,5.3256,0.835016,athlete
89a8100c547ffff,89a8100c577ffff,12703971545,11386203919,10.0478,0.49625,athlete
89a8100c547ffff,89a8100c57bffff,12703971545,11350198893,5.5216,0.823434,athlete
89a8100c547ffff,89a8100c58bffff,12703971545,1393378103,18.6088,0.01189,athlete
89a8100c547ffff,89a8100c58fffff,12703971545,4252790480,19.7003,0.000554,athlete
89a8100c547ffff,89a8100c5c3ffff,12703971545,303868171,15.3479,0.127661,athlete
89a8100c547ffff,89a8100c5c7ffff,12703971545,2816708327,16.2291,0.085178,athlete
89a8100c547ffff,89a8100c5cbffff,12703971545,13037844868,14.0618,0.202192,athlete
89a8100c547ffff,89a8100c5cfffff,12703971545,2687705140,12.1868,0.331609,athlete
89a8100c547ffff,89a8100c5d7ffff,12703971545,303867318,18.4849,0.014093,athlete
89a8100c54bffff,89a8100c033ffff,8944143746,13056821783,19.7168,0.000495,athlete
89a8100c54bffff,89a8100c087ffff,8944143746,13683468543,6.5274,0.75941,athlete
89a8100c54bffff,89a8100c097ffff,8944143746,85723131,8.4707,0.618955,athlete
89a8100c54bffff,89a8100c0a3ffff,8944143746,10893697428,11.1719,0.408476,athlete
89a8100c54bffff,89a8100c0a7ffff,8944143746,13279443676,16.3504,0.079937,athlete
89a8100c54bffff,89a8100c0abffff,8944143746,12532715699,15.6686,0.11133,athlete
89a8100c54bffff,89a8100c0afffff,8944143746,8743696886,17.2663,0.045394,athlete
89a8100c54bffff,89a8100c0b3ffff,8944143746,5496814858,7.9656,0.657076,athlete
89a8100c54bffff,89a8100c0b7ffff,8944143746,11423157638,11.8316,0.358127,athlete
89a8100c54bffff,89a8100c0bbffff,8944143746,11423871971,12.6222,0.299826,athlete
89a8100c54bffff,89a8100c1dbffff,8944143746,12902675140,19.9402,2.2e-05,athlete
89a8100c54bffff,89a8100c427ffff,8944143746,12986505496,11.7359,0.365348,athlete
89a8100c54bffff,89a8100c42fffff,8944143746,4293907212,11.4449,0.387486,athlete
89a8100c54bffff,89a8100c543ffff,8944143746,7721333437,16.2081,0.086104,athlete
89a8100c54bffff,89a8100c547ffff,8944143746,12703971545,16.6187,0.068884,athlete
89a8100c54bffff,89a8100c54bffff,8944143746,8944143746,0.4918,0.998509,athlete
89a8100c54bffff,89a8100c54fffff,8944143746,11423253323,15.2036,0.135322,athlete
89a8100c54bffff,89a8100c553ffff,8944143746,12227887010,17.1325,0.04987,athlete
89a8100c54bffff,89a8100c557ffff,8944143746,12697580224,17.3863,0.04155,athlete
89a8100c54bffff,89a8100c55bffff,8944143746,12697580033,7.5343,0.688853,athlete
89a8100c54bffff,89a8100c56bffff,8944143746,11339389942,17.5901,0.035399,athlete
89a8100c54bffff,89a8100c57bffff,8944143746,11350198893,17.5257,0.037292,athlete
89a8100c54fffff,89a8100c033ffff,11423253323,13056821783,17.4821,0.0386,athlete
89a8100c54fffff,89a8100c037ffff,11423253323,11347748025,17.4316,0.040143,athlete
89a8100c54fffff,89a8100c087ffff,11423253323,13683468543,13.6016,0.231983,athlete
89a8100c54fffff,89a8100c097ffff,11423253323,85723131,18.1502,0.02096,athlete
89a8100c54fffff,89a8100c0a3ffff,11423253323,10893697428,10.7936,0.437836,athlete
89a8100c54fffff,89a8100c0a7ffff,11423253323,13279443676,10.9426,0.426241,athlete
89a8100c54fffff,89a8100c0abffff,11423253323,12532715699,14.1029,0.199608,athlete
89a8100c54fffff,89a8100c0afffff,11423253323,8743696886,11.8585,0.356099,athlete
89a8100c54fffff,89a8100c0b3ffff,11423253323,5496814858,7.5872,0.684995,athlete
89a8100c54fffff,89a8100c0b7ffff,11423253323,11423157638,6.2159,0.78001,athlete
89a8100c54fffff,89a8100c0bbffff,11423253323,11423871971,12.2438,0.327396,athlete
89a8100c54fffff,89a8100c1c3ffff,11423253323,13452578280,18.6914,0.010527,athlete
89a8100c54fffff,89a8100c1cbffff,11423253323,455607086,18.9342,0.006991,athlete
89a8100c54fffff,89a8100c1d3ffff,11423253323,457593231,15.5053,0.119526,athlete
89a8100c54fffff,89a8100c1d7ffff,11423253323,457566696,19.9931,0.0,athlete
89a8100c54fffff,89a8100c1dbffff,11423253323,12902675140,15.5208,0.11874,athlete
89a8100c54fffff,89a8100c427ffff,11423253323,12986505496,19.5278,0.001375,athlete
89a8100c54fffff,89a8100c50bffff,11423253323,13452873729,16.7093,0.065324,athlete
89a8100c54fffff,89a8100c543ffff,11423253323,7721333437,8.392,0.624952,athlete
89a8100c54fffff,89a8100c547ffff,11423253323,12703971545,11.542,0.380072,athlete
89a8100c54fffff,89a8100c54bffff,11423253323,8944143746,13.8606,0.215033,athlete
89a8100c54fffff,89a8100c54fffff,11423253323,11423253323,1.331,0.989112,athlete
89a8100c54fffff,89a8100c553ffff,11423253323,12227887010,13.5377,0.236227,athlete
89a8100c54fffff,89a8100c557ffff,11423253323,12697580224,13.6584,0.228228,athlete
89a8100c54fffff,89a8100c55bffff,11423253323,12697580033,13.0089,0.272379,athlete
89a8100c54fffff,89a8100c563ffff,11423253323,13452726650,18.6517,0.011172,athlete
89a8100c54fffff,89a8100c56bffff,11423253323,11339389942,11.8997,0.353006,athlete
89a8100c54fffff,89a8100c56fffff,11423253323,11339389872,18.9714,0.006513,athlete
89a8100c54fffff,89a8100c573ffff,11423253323,457593059,16.0189,0.09462,athlete
89a8100c54fffff,89a8100c57bffff,11423253323,11350198893,9.3717,0.549264,athlete
89a8100c54fffff,89a8100c5cbffff,11423253323,13037844868,17.5609,0.03625,athlete
89a8100c54fffff,89a8100c5cfffff,11423253323,2687705140,17.4308,0.040167,athlete
89a8100c553ffff,89a8100c087ffff,12227887010,13683468543,17.9328,0.02613,athlete
89a8100c553ffff,89a8100c097ffff,12227887010,85723131,18.5377,0.013131,athlete
89a8100c553ffff,89a8100c0a3ffff,12227887010,10893697428,17.8154,0.02915,athlete
89a8100c553ffff,89a8100c0a7ffff,12227887010,13279443676,17.9963,0.024561,athlete
89a8100c553ffff,89a8100c0afffff,12227887010,8743696886,17.8055,0.029414,athlete
89a8100c553ffff,89a8100c0b3ffff,12227887010,5496814858,14.6091,0.168808,athlete
89a8100c553ffff,89a8100c0b7ffff,12227887010,11423157638,13.4391,0.242842,athlete
89a8100c553ffff,89a8100c0bbffff,12227887010,11423871971,19.2657,0.003322,athlete
89a8100c553ffff,89a8100c423ffff,12227887010,4293874117,16.4651,0.07512,athlete
89a8100c553ffff,89a8100c427ffff,12227887010,12986505496,11.7768,0.362258,athlete
89a8100c553ffff,89a8100c437ffff,12227887010,12941702505,14.4603,0.177652,athlete
89a8100c553ffff,89a8100c4afffff,12227887010,12996381317,17.6777,0.032899,athlete
89a8100c553ffff,89a8100c50bffff,12227887010,13452873729,14.636,0.167231,athlete
89a8100c553ffff,89a8100c513ffff,12227887010,303862596,19.0128,0.005999,athlete
89a8100c553ffff,89a8100c51bffff,12227887010,12586078227,16.2139,0.085848,athlete
89a8100c553ffff,89a8100c543ffff,12227887010,7721333437,6.3923,0.768423,athlete
89a8100c553ffff,89a8100c547ffff,12227887010,12703971545,12.9645,0.27549,athlete
89a8100c553ffff,89a8100c54bffff,12227887010,8944143746,14.2482,0.190564,athlete
89a8100c553ffff,89a8100c54fffff,12227887010,11423253323,13.3226,0.250728,athlete
89a8100c553ffff,89a8100c553ffff,12227887010,12227887010,0.7364,0.996658,athlete
89a8100c553ffff,89a8100c557ffff,12227887010,12697580224,10.2423,0.480978,athlete
89a8100c553ffff,89a8100c55bffff,12227887010,12697580033,13.3965,0.245715,athlete
89a8100c553ffff,89a8100c56bffff,12227887010,11339389942,19.1976,0.003966,athlete
89a8100c553ffff,89a8100c573ffff,12227887010,457593059,17.1523,0.049194,athlete
89a8100c553ffff,89a8100c57bffff,12227887010,11350198893,17.6374,0.034038,athlete
89a8100c553ffff,89a8100c58bffff,12227887010,1393378103,19.6047,0.000964,athlete
89a8100c553ffff,89a8100c5c3ffff,12227887010,303868171,13.6737,0.22722,athlete
89a8100c553ffff,89a8100c5c7ffff,12227887010,2816708327,16.3275,0.080914,athlete
89a8100c553ffff,89a8100c5cbffff,12227887010,13037844868,8.2394,0.636523,athlete
89a8100c553ffff,89a8100c5cfffff,12227887010,2687705140,12.2852,0.324354,athlete
89a8100c553ffff,89a8100c5d3ffff,12227887010,1097971350,17.4016,0.041071,athlete
89a8100c553ffff,89a8100c5d7ffff,12227887010,303867318,15.8212,0.103904,athlete
89a8100c553ffff,89a8100c5dbffff,12227887010,12535296158,16.6203,0.06882,athlete
89a8100c553ffff,89a8100e367ffff,12227887010,142814786,19.1592,0.004354,athlete
89a8100c557ffff,89a8100c087ffff,12697580224,13683468543,17.039,0.053115,athlete
89a8100c557ffff,89a8100c097ffff,12697580224,85723131,17.644,0.033851,athlete
89a8100c557ffff,89a8100c0a3ffff,12697580224,10893697428,18.6495,0.011209,athlete
89a8100c557ffff,89a8100c0a7ffff,12697580224,13279443676,17.5693,0.036003,athlete
89a8100c557ffff,89a8100c0b3ffff,12697580224,5496814858,15.4432,0.122712,athlete
89a8100c557ffff,89a8100c0b7ffff,12697580224,11423157638,13.449,0.242176,athlete
89a8100c557ffff,89a8100c1d3ffff,12697580224,457593231,17.7213,0.03169,athlete
89a8100c557ffff,89a8100c1d7ffff,12697580224,457566696,18.8174,0.008602,athlete
89a8100c557ffff,89a8100c423ffff,12697580224,4293874117,17.7205,0.031712,athlete
89a8100c557ffff,89a8100c427ffff,12697580224,12986505496,13.0322,0.270757,athlete
89a8100c557ffff,89a8100c42fffff,12697580224,4293907212,19.894,6.9e-05,athlete
89a8100c557ffff,89a8100c437ffff,12697580224,12941702505,15.7157,0.109015,athlete
89a8100c557ffff,89a8100c4afffff,12697580224,12996381317,18.9331,0.007005,athlete
89a8100c557ffff,89a8100c503ffff,12697580224,11341903975,13.255,0.255345,athlete
89a8100c557ffff,89a8100c507ffff,12697580224,11401601119,17.3958,0.041253,athlete
89a8100c557ffff,89a8100c50bffff,12697580224,13452873729,4.6186,0.87409,athlete
89a8100c557ffff,89a8100c50fffff,12697580224,11279900601,10.06,0.495288,athlete
89a8100c557ffff,89a8100c513ffff,12697580224,303862596,12.9899,0.273713,athlete
89a8100c557ffff,89a8100c51bffff,12697580224,12586078227,8.7072,0.600841,athlete
89a8100c557ffff,89a8100c52bffff,12697580224,9579509671,19.0757,0.00526,athlete
89a8100c557ffff,89a8100c53bffff,12697580224,11293370032,16.0088,0.095084,athlete
89a8100c557ffff,89a8100c543ffff,12697580224,7721333437,10.4445,0.465119,athlete
89a8100c557ffff,89a8100c547ffff,12697580224,12703971545,6.9927,0.727504,athlete
89a8100c557ffff,89a8100c54bffff,12697580224,8944143746,13.3544,0.248566,athlete
89a8100c557ffff,89a8100c54fffff,12697580224,11423253323,11.9719,0.347589,athlete
89a8100c557ffff,89a8100c553ffff,12697580224,12227887010,9.5529,0.535084,athlete
89a8100c557ffff,89a8100c557ffff,12697580224,12697580224,0.2249,0.999688,athlete
89a8100c557ffff,89a8100c55bffff,12697580224,12697580033,12.5028,0.308459,athlete
89a8100c557ffff,89a8100c563ffff,12697580224,13452726650,16.7465,0.063888,athlete
89a8100c557ffff,89a8100c567ffff,12697580224,13236665352,19.7234,0.000472,athlete
89a8100c557ffff,89a8100c56bffff,12697580224,11339389942,14.8358,0.155685,athlete
89a8100c557ffff,89a8100c56fffff,12697580224,11339389872,17.6533,0.033587,athlete
89a8100c557ffff,89a8100c573ffff,12697580224,457593059,8.6038,0.608778,athlete
89a8100c557ffff,89a8100c577ffff,12697580224,11386203919,12.2151,0.329513,athlete
89a8100c557ffff,89a8100c57bffff,12697580224,11350198893,11.3628,0.393781,athlete
89a8100c557ffff,89a8100c58bffff,12697580224,1393378103,15.2786,0.13132,athlete
89a8100c557ffff,89a8100c58fffff,12697580224,4252790480,18.0305,0.023737,athlete
89a8100c557ffff,89a8100c59bffff,12697580224,8954073387,18.2181,0.019459,athlete
89a8100c557ffff,89a8100c5c3ffff,12697580224,303868171,11.1202,0.412474,athlete
89a8100c557ffff,89a8100c5c7ffff,12697580224,2816708327,12.0014,0.345389,athlete
89a8100c557ffff,89a8100c5cbffff,12697580224,13037844868,9.8341,0.51303,athlete
89a8100c557ffff,89a8100c5cfffff,12697580224,2687705140,7.959,0.657567,athlete
89a8100c557ffff,89a8100c5d3ffff,12697580224,1097971350,16.5955,0.069808,athlete
89a8100c557ffff,89a8100c5d7ffff,12697580224,303867318,14.2571,0.190012,athlete
89a8100c557ffff,89a8100c5dbffff,12697580224,12535296158,15.8142,0.104242,athlete
89a8100c55bffff,89a8100c087ffff,12697580033,13683468543,7.3867,0.699535,athlete
89a8100c55bffff,89a8100c097ffff,12697580033,85723131,7.4596,0.694271,athlete
89a8100c55bffff,89a8100c0a3ffff,12697580033,10893697428,13.3576,0.248354,athlete
89a8100c55bffff,89a8100c0a7ffff,12697580033,13279443676,18.3196,0.017318,athlete
89a8100c55bffff,89a8100c0abffff,12697580033,12532715699,17.8542,0.028133,athlete
89a8100c55bffff,89a8100c0afffff,12697580033,8743696886,19.2355,0.003601,athlete
89a8100c55bffff,89a8100c0b3ffff,12697580033,5496814858,10.1512,0.488124,athlete
89a8100c55bffff,89a8100c0b7ffff,12697580033,11423157638,13.8007,0.218912,athlete
89a8100c55bffff,89a8100c0bbffff,12697580033,11423871971,14.8078,0.157278,athlete
89a8100c55bffff,89a8100c427ffff,12697580033,12986505496,10.0005,0.499958,athlete
89a8100c55bffff,89a8100c42fffff,12697580033,4293907212,9.7096,0.522799,athlete
89a8100c55bffff,89a8100c437ffff,12697580033,12941702505,18.7617,0.009428,athlete
89a8100c55bffff,89a8100c50bffff,12697580033,13452873729,17.9314,0.026165,athlete
89a8100c55bffff,89a8100c543ffff,12697580033,7721333437,12.6426,0.298359,athlete
89a8100c55bffff,89a8100c547ffff,12697580033,12703971545,13.0532,0.269289,athlete
89a8100c55bffff,89a8100c54bffff,12697580033,8944143746,5.1864,0.843053,athlete
89a8100c55bffff,89a8100c54fffff,12697580033,11423253323,12.9801,0.274395,athlete
89a8100c55bffff,89a8100c553ffff,12697580033,12227887010,13.567,0.234278,athlete
89a8100c55bffff,89a8100c557ffff,12697580033,12697580224,13.8209,0.217605,athlete
89a8100c55bffff,89a8100c55bffff,12697580033,12697580033,1.0634,0.99304,athlete
89a8100c55bffff,89a8100c56bffff,12697580033,11339389942,19.5593,0.001198,athlete
89a8100c55bffff,89a8100c573ffff,12697580033,457593059,17.241,0.046225,athlete
89a8100c55bffff,89a8100c57bffff,12697580033,11350198893,17.7261,0.031558,athlete
89a8100c55bffff,89a8100c5cbffff,12697580033,13037844868,17.5902,0.035396,athlete
89a8100c55bffff,89a8100c5cfffff,12697580033,2687705140,17.4601,0.039269,athlete
89a8100c563ffff,89a8100c037ffff,13452726650,11347748025,19.2961,0.003053,athlete
89a8100c563ffff,89a8100c0a3ffff,13452726650,10893697428,18.3899,0.015907,athlete
89a8100c563ffff,89a8100c0a7ffff,13452726650,13279443676,12.9528,0.276317,athlete
89a8100c563ffff,89a8100c0afffff,13452726650,8743696886,18.8924,0.007548,athlete
89a8100c563ffff,89a8100c0b3ffff,13452726650,5496814858,15.1835,0.136402,athlete
89a8100c563ffff,89a8100c0b7ffff,13452726650,11423157638,11.3744,0.392893,athlete
89a8100c563ffff,89a8100c0bbffff,13452726650,11423871971,19.8402,0.000158,athlete
89a8100c563ffff,89a8100c183ffff,13452726650,11386299646,17.6854,0.032686,athlete
89a8100c563ffff,89a8100c18bffff,13452726650,11399274873,14.1637,0.195801,athlete
89a8100c563ffff,89a8100c19bffff,13452726650,2360366546,11.7475,0.364472,athlete
89a8100c563ffff,89a8100c1c3ffff,13452726650,13452578280,16.6365,0.068177,athlete
89a8100c563ffff,89a8100c1c7ffff,13452726650,7292638283,13.8467,0.215932,athlete
89a8100c563ffff,89a8100c1cbffff,13452726650,455607086,17.9046,0.02684,athlete
89a8100c563ffff,89a8100c1cfffff,13452726650,13452406589,18.4687,0.014395,athlete
89a8100c563ffff,89a8100c1d3ffff,13452726650,457593231,9.5323,0.536702,athlete
89a8100c563ffff,89a8100c1d7ffff,13452726650,457566696,8.4873,0.617689,athlete
89a8100c563ffff,89a8100c1dbffff,13452726650,12902675140,15.3677,0.126625,athlete
89a8100c563ffff,89a8100c503ffff,13452726650,11341903975,16.8535,0.059839,athlete
89a8100c563ffff,89a8100c507ffff,13452726650,11401601119,16.647,0.067761,athlete
89a8100c563ffff,89a8100c50bffff,13452726650,13452873729,13.0942,0.266438,athlete
89a8100c563ffff,89a8100c50fffff,13452726650,11279900601,9.3112,0.553994,athlete
89a8100c563ffff,89a8100c51bffff,13452726650,12586078227,19.9246,3.5e-05,athlete
89a8100c563ffff,89a8100c523ffff,13452726650,10561374326,19.8419,0.000154,athlete
89a8100c563ffff,89a8100c52bffff,13452726650,9579509671,16.4442,0.075985,athlete
89a8100c563ffff,89a8100c52fffff,13452726650,11292167922,19.9853,1e-06,athlete
89a8100c563ffff,89a8100c53bffff,13452726650,11293370032,14.7858,0.158541,athlete
89a8100c563ffff,89a8100c543ffff,13452726650,7721333437,19.2904,0.003103,athlete
89a8100c563ffff,89a8100c547ffff,13452726650,12703971545,11.3015,0.398488,athlete
89a8100c563ffff,89a8100c54fffff,13452726650,11423253323,15.7388,0.107887,athlete
89a8100c563ffff,89a8100c557ffff,13452726650,12697580224,15.8844,0.100896,athlete
89a8100c563ffff,89a8100c563ffff,13452726650,13452726650,0.6504,0.997393,athlete
89a8100c563ffff,89a8100c567ffff,13452726650,13236665352,15.0412,0.144167,athlete
89a8100c563ffff,89a8100c56bffff,13452726650,11339389942,9.6717,0.525773,athlete
89a8100c563ffff,89a8100c56fffff,13452726650,11339389872,6.0664,0.789658,athlete
89a8100c563ffff,89a8100c573ffff,13452726650,457593059,9.3006,0.55482,athlete
89a8100c563ffff,89a8100c577ffff,13452726650,11386203919,7.5329,0.688951,athlete
89a8100c563ffff,89a8100c57bffff,13452726650,11350198893,7.9739,0.656456,athlete
89a8100c567ffff,89a8100c183ffff,13236665352,11386299646,15.4883,0.120395,athlete
89a8100c567ffff,89a8100c18bffff,13236665352,11399274873,14.7697,0.159463,athlete
89a8100c567ffff,89a8100c18fffff,13236665352,11298619952,19.0727,0.005295,athlete
89a8100c567ffff,89a8100c193ffff,13236665352,8652181848,18.3303,0.017098,athlete
89a8100c567ffff,89a8100c197ffff,13236665352,11298557475,17.1118,0.050579,athlete
89a8100c567ffff,89a8100c19bffff,13236665352,2360366546,9.2215,0.560992,athlete
89a8100c567ffff,89a8100c1c7ffff,13236665352,7292638283,16.2817,0.082888,athlete
89a8100c567ffff,89a8100c1d7ffff,13236665352,457566696,12.9049,0.279685,athlete
89a8100c567ffff,89a8100c507ffff,13236665352,11401601119,18.1224,0.021589,athlete
89a8100c567ffff,89a8100c50bffff,13236665352,13452873729,17.645,0.033823,athlete
89a8100c567ffff,89a8100c50fffff,13236665352,11279900601,13.7092,0.224884,athlete
89a8100c567ffff,89a8100c523ffff,13236665352,10561374326,13.3524,0.248708,athlete
89a8100c567ffff,89a8100c52bffff,13236665352,9579509671,8.7336,0.598808,athlete
89a8100c567ffff,89a8100c52fffff,13236665352,11292167922,12.2747,0.325125,athlete
89a8100c567ffff,89a8100c533ffff,13236665352,11384427627,18.7799,0.009155,athlete
89a8100c567ffff,89a8100c537ffff,13236665352,11404088064,19.1977,0.003966,athlete
89a8100c567ffff,89a8100c53bffff,13236665352,11293370032,10.5939,0.453423,athlete
89a8100c567ffff,89a8100c547ffff,13236665352,12703971545,18.8387,0.008296,athlete
89a8100c567ffff,89a8100c563ffff,13236665352,13452726650,17.1723,0.048516,athlete
89a8100c567ffff,89a8100c567ffff,13236665352,13236665352,0.8359,0.995697,athlete
89a8100c567ffff,89a8100c56fffff,13236665352,11339389872,17.2686,0.045317,athlete
89a8100c567ffff,89a8100c573ffff,13236665352,457593059,14.105,0.199476,athlete
89a8100c567ffff,89a8100c577ffff,13236665352,11386203919,6.8463,0.737686,athlete
89a8100c567ffff,89a8100c57bffff,13236665352,11350198893,19.2487,0.003477,athlete
89a8100c56bffff,89a8100c027ffff,11339389942,395763938,17.0191,0.053819,athlete
89a8100c56bffff,89a8100c033ffff,11339389942,13056821783,18.3962,0.015783,athlete
89a8100c56bffff,89a8100c037ffff,11339389942,11347748025,12.8959,0.280321,athlete
89a8100c56bffff,89a8100c087ffff,11339389942,13683468543,18.1928,0.020011,athlete
89a8100c56bffff,89a8100c0a3ffff,11339389942,10893697428,14.6003,0.169326,athlete
89a8100c56bffff,89a8100c0a7ffff,11339389942,13279443676,6.5525,0.757722,athlete
89a8100c56bffff,89a8100c0abffff,11339389942,12532715699,15.19,0.136052,athlete
89a8100c56bffff,89a8100c0afffff,11339389942,8743696886,12.6818,0.295543,athlete
89a8100c56bffff,89a8100c0b3ffff,11339389942,5496814858,12.0597,0.341043,athlete
89a8100c56bffff,89a8100c0b7ffff,11339389942,11423157638,8.2505,0.635684,athlete
89a8100c56bffff,89a8100c0bbffff,11339389942,11423871971,16.7163,0.065053,athlete
89a8100c56bffff,89a8100c11bffff,11339389942,132331977,19.9802,2e-06,athlete
89a8100c56bffff,89a8100c153ffff,11339389942,455606646,18.0784,0.022605,athlete
89a8100c56bffff,89a8100c183ffff,11339389942,11386299646,18.9862,0.006327,athlete
89a8100c56bffff,89a8100c18bffff,11339389942,11399274873,15.4646,0.121609,athlete
89a8100c56bffff,89a8100c19bffff,11339389942,2360366546,13.0483,0.269632,athlete
89a8100c56bffff,89a8100c1c3ffff,11339389942,13452578280,11.0586,0.417239,athlete
89a8100c56bffff,89a8100c1c7ffff,11339389942,7292638283,13.3902,0.246139,athlete
89a8100c56bffff,89a8100c1cbffff,11339389942,455607086,12.3267,0.321301,athlete
89a8100c56bffff,89a8100c1cfffff,11339389942,13452406589,16.0898,0.091388,athlete
89a8100c56bffff,89a8100c1d3ffff,11339389942,457593231,4.5354,0.878394,athlete
89a8100c56bffff,89a8100c1d7ffff,11339389942,457566696,9.7882,0.516633,athlete
89a8100c56bffff,89a8100c1dbffff,11339389942,12902675140,9.7898,0.516503,athlete
89a8100c56bffff,89a8100c50bffff,11339389942,13452873729,17.7647,0.030505,athlete
89a8100c56bffff,89a8100c50fffff,11339389942,11279900601,17.7335,0.031355,athlete
89a8100c56bffff,89a8100c547ffff,11339389942,12703971545,14.234,0.191444,athlete
89a8100c56bffff,89a8100c54bffff,11339389942,8944143746,19.1596,0.00435,athlete
89a8100c56bffff,89a8100c54fffff,11339389942,11423253323,14.2654,0.189501,athlete
89a8100c56bffff,89a8100c557ffff,11339389942,12697580224,19.2174,0.003773,athlete
89a8100c56bffff,89a8100c563ffff,11339389942,13452726650,15.0625,0.14299,athlete
89a8100c56bffff,89a8100c56bffff,11339389942,11339389942,0.8514,0.995536,athlete
89a8100c56bffff,89a8100c56fffff,11339389942,11339389872,8.7664,0.59628,athlete
89a8100c56bffff,89a8100c573ffff,11339389942,457593059,13.4426,0.242603,athlete
89a8100c56bffff,89a8100c577ffff,11339389942,11386203919,16.6592,0.067283,athlete
89a8100c56bffff,89a8100c57bffff,11339389942,11350198893,8.2983,0.632062,athlete
89a8100c56fffff,89a8100c027ffff,11339389872,395763938,19.0742,0.005278,athlete
89a8100c56fffff,89a8100c037ffff,11339389872,11347748025,14.951,0.149178,athlete
89a8100c56fffff,89a8100c0a3ffff,11339389872,10893697428,17.6475,0.033752,athlete
89a8100c56fffff,89a8100c0a7ffff,11339389872,13279443676,9.7508,0.519565,athlete
89a8100c56fffff,89a8100c0abffff,11339389872,12532715699,18.2372,0.019046,athlete
89a8100c56fffff,89a8100c0afffff,11339389872,8743696886,15.729,0.108364,athlete
89a8100c56fffff,89a8100c0b3ffff,11339389872,5496814858,18.0406,0.023495,athlete
89a8100c56fffff,89a8100c0b7ffff,11339389872,11423157638,14.2315,0.191597,athlete
89a8100c56fffff,89a8100c113ffff,11339389872,11418168143,17.6475,0.033753,athlete
89a8100c56fffff,89a8100c153ffff,11339389872,455606646,15.6433,0.112586,athlete
89a8100c56fffff,89a8100c183ffff,11339389872,11386299646,12.6915,0.294849,athlete
89a8100c56fffff,89a8100c18bffff,11339389872,11399274873,9.1699,0.56501,athlete
89a8100c56fffff,89a8100c18fffff,11339389872,11298619952,15.5755,0.11597,athlete
89a8100c56fffff,89a8100c193ffff,11339389872,8652181848,19.0326,0.005762,athlete
89a8100c56fffff,89a8100c19bffff,11339389872,2360366546,6.7536,0.744062,athlete
89a8100c56fffff,89a8100c1c3ffff,11339389872,13452578280,11.6427,0.372412,athlete
89a8100c56fffff,89a8100c1c7ffff,11339389872,7292638283,8.8529,0.589608,athlete
89a8100c56fffff,89a8100c1cbffff,11339389872,455607086,12.9108,0.27927,athlete
89a8100c56fffff,89a8100c1cfffff,11339389872,13452406589,13.4748,0.240437,athlete
89a8100c56fffff,89a8100c1d3ffff,11339389872,457593231,4.5384,0.878235,athlete
89a8100c56fffff,89a8100c1d7ffff,11339389872,457566696,3.4935,0.926586,athlete
89a8100c56fffff,89a8100c1dbffff,11339389872,12902675140,10.3739,0.470651,athlete
89a8100c56fffff,89a8100c50bffff,11339389872,13452873729,18.355,0.0166,athlete
89a8100c56fffff,89a8100c50fffff,11339389872,11279900601,15.5928,0.115102,athlete
89a8100c56fffff,89a8100c52bffff,11339389872,9579509671,19.4966,0.001562,athlete
89a8100c56fffff,89a8100c547ffff,11339389872,12703971545,15.6802,0.110758,athlete
89a8100c56fffff,89a8100c563ffff,11339389872,13452726650,9.2155,0.561456,athlete
89a8100c56fffff,89a8100c567ffff,11339389872,13236665352,18.2356,0.019081,athlete
89a8100c56fffff,89a8100c56bffff,11339389872,11339389942,7.0609,0.72272,athlete
89a8100c56fffff,89a8100c56fffff,11339389872,11339389872,0.2191,0.999704,athlete
89a8100c56fffff,89a8100c573ffff,11339389872,457593059,13.7668,0.22112,athlete
89a8100c56fffff,89a8100c577ffff,11339389872,11386203919,13.5381,0.236203,athlete
89a8100c56fffff,89a8100c57bffff,11339389872,11350198893,12.3526,0.319404,athlete
89a8100c573ffff,89a8100c037ffff,457593059,11347748025,18.0452,0.023388,athlete
89a8100c573ffff,89a8100c0a3ffff,457593059,10893697428,17.1127,0.05055,athlete
89a8100c573ffff,89a8100c0a7ffff,457593059,13279443676,11.7018,0.367925,athlete
89a8100c573ffff,89a8100c0afffff,457593059,8743696886,17.6415,0.033922,athlete
89a8100c573ffff,89a8100c0b3ffff,457593059,5496814858,13.9063,0.212091,athlete
89a8100c573ffff,89a8100c0b7ffff,457593059,11423157638,10.0972,0.492369,athlete
89a8100c573ffff,89a8100c0bbffff,457593059,11423871971,18.5629,0.012685,athlete
89a8100c573ffff,89a8100c18bffff,457593059,11399274873,17.9391,0.025972,athlete
89a8100c573ffff,89a8100c19bffff,457593059,2360366546,14.1569,0.196231,athlete
89a8100c573ffff,89a8100c1c3ffff,457593059,13452578280,16.8298,0.060723,athlete
89a8100c573ffff,89a8100c1c7ffff,457593059,7292638283,15.9863,0.096126,athlete
89a8100c573ffff,89a8100c1cbffff,457593059,455607086,18.0668,0.022877,athlete
89a8100c573ffff,89a8100c1d3ffff,457593059,457593231,11.1665,0.408894,athlete
89a8100c573ffff,89a8100c1d7ffff,457593059,457566696,12.2627,0.326008,athlete
89a8100c573ffff,89a8100c1dbffff,457593059,12902675140,15.5299,0.118275,athlete
89a8100c573ffff,89a8100c503ffff,457593059,11341903975,10.9705,0.424073,athlete
89a8100c573ffff,89a8100c507ffff,457593059,11401601119,12.7588,0.290044,athlete
89a8100c573ffff,89a8100c50bffff,457593059,13452873729,5.6652,0.814751,athlete
89a8100c573ffff,89a8100c50fffff,457593059,11279900601,5.4229,0.829302,athlete
89a8100c573ffff,89a8100c513ffff,457593059,303862596,15.8498,0.102537,athlete
89a8100c573ffff,89a8100c517ffff,457593059,11409667724,16.1465,0.088835,athlete
89a8100c573ffff,89a8100c51bffff,457593059,12586078227,13.8966,0.212717,athlete
89a8100c573ffff,89a8100c523ffff,457593059,10561374326,17.7743,0.030247,athlete
89a8100c573ffff,89a8100c52bffff,457593059,9579509671,14.4387,0.178953,athlete
89a8100c573ffff,89a8100c52fffff,457593059,11292167922,17.9798,0.024965,athlete
89a8100c573ffff,89a8100c533ffff,457593059,11384427627,18.5548,0.012828,athlete
89a8100c573ffff,89a8100c53bffff,457593059,11293370032,11.3718,0.393092,athlete
89a8100c573ffff,89a8100c543ffff,457593059,7721333437,16.3568,0.079663,athlete
89a8100c573ffff,89a8100c547ffff,457593059,12703971545,5.9655,0.796079,athlete
89a8100c573ffff,89a8100c54bffff,457593059,8944143746,17.8559,0.028091,athlete
89a8100c573ffff,89a8100c54fffff,457593059,11423253323,12.8052,0.286738,athlete
89a8100c573ffff,89a8100c553ffff,457593059,12227887010,17.0982,0.051047,athlete
89a8100c573ffff,89a8100c557ffff,457593059,12697580224,9.3467,0.551217,athlete
89a8100c573ffff,89a8100c55bffff,457593059,12697580033,17.0042,0.054347,athlete
89a8100c573ffff,89a8100c563ffff,457593059,13452726650,10.1917,0.484945,athlete
89a8100c573ffff,89a8100c567ffff,457593059,13236665352,13.2927,0.252772,athlete
89a8100c573ffff,89a8100c56bffff,457593059,11339389942,8.4208,0.622765,athlete
89a8100c573ffff,89a8100c56fffff,457593059,11339389872,11.0985,0.414149,athlete
89a8100c573ffff,89a8100c573ffff,457593059,457593059,1.0622,0.993056,athlete
89a8100c573ffff,89a8100c577ffff,457593059,11386203919,5.7844,0.807421,athlete
89a8100c573ffff,89a8100c57bffff,457593059,11350198893,6.5189,0.759983,athlete
89a8100c573ffff,89a8100c58bffff,457593059,1393378103,19.7989,0.000249,athlete
89a8100c573ffff,89a8100c5abffff,457593059,11394279072,16.2959,0.082273,athlete
89a8100c573ffff,89a8100c5bbffff,457593059,13453136400,18.7053,0.010304,athlete
89a8100c573ffff,89a8100c5c3ffff,457593059,303868171,19.7309,0.000447,athlete
89a8100c573ffff,89a8100c5c7ffff,457593059,2816708327,18.9494,0.006793,athlete
89a8100c573ffff,89a8100c5cbffff,457593059,13037844868,18.4448,0.014845,athlete
89a8100c573ffff,89a8100c5cfffff,457593059,2687705140,16.5697,0.070844,athlete
89a8100c577ffff,89a8100c0a7ffff,11386203919,13279443676,17.4552,0.039418,athlete
89a8100c577ffff,89a8100c0b3ffff,11386203919,5496814858,19.686,0.000608,athlete
89a8100c577ffff,89a8100c0b7ffff,11386203919,11423157638,15.8768,0.101253,athlete
89a8100c577ffff,89a8100c183ffff,11386203919,11386299646,17.1483,0.049331,athlete
89a8100c577ffff,89a8100c18bffff,11386203919,11399274873,15.8007,0.104891,athlete
89a8100c577ffff,89a8100c193ffff,11386203919,8652181848,18.7589,0.009471,athlete
89a8100c577ffff,89a8100c197ffff,11386203919,11298557475,17.5404,0.036856,athlete
89a8100c577ffff,89a8100c19bffff,11386203919,2360366546,11.0921,0.414643,athlete
89a8100c577ffff,89a8100c1c7ffff,11386203919,7292638283,17.2668,0.045378,athlete
89a8100c577ffff,89a8100c1d3ffff,11386203919,457593231,14.8299,0.156017,athlete
89a8100c577ffff,89a8100c1d7ffff,11386203919,457566696,13.1252,0.26429,athlete
89a8100c577ffff,89a8100c503ffff,11386203919,11341903975,14.4791,0.176524,athlete
89a8100c577ffff,89a8100c507ffff,11386203919,11401601119,12.4707,0.310783,athlete
89a8100c577ffff,89a8100c50bffff,11386203919,13452873729,10.8726,0.431682,athlete
89a8100c577ffff,89a8100c50fffff,11386203919,11279900601,6.9368,0.731404,athlete
89a8100c577ffff,89a8100c513ffff,11386203919,303862596,19.5035,0.00152,athlete
89a8100c577ffff,89a8100c517ffff,11386203919,11409667724,17.6604,0.033386,athlete
89a8100c577ffff,89a8100c51bffff,11386203919,12586078227,17.5503,0.036564,athlete
89a8100c577ffff,89a8100c523ffff,11386203919,10561374326,12.6501,0.297819,athlete
89a8100c577ffff,89a8100c527ffff,11386203919,13452330655,19.83,0.000178,athlete
89a8100c577ffff,89a8100c52bffff,11386203919,9579509671,9.1622,0.565613,athlete
89a8100c577ffff,89a8100c52fffff,11386203919,11292167922,12.7032,0.29401,athlete
89a8100c577ffff,89a8100c533ffff,11386203919,11384427627,16.0128,0.094899,athlete
89a8100c577ffff,89a8100c537ffff,11386203919,11404088064,18.4955,0.013899,athlete
89a8100c577ffff,89a8100c53bffff,11386203919,11293370032,7.8268,0.667384,athlete
89a8100c577ffff,89a8100c547ffff,11386203919,12703971545,12.0663,0.340545,athlete
89a8100c577ffff,89a8100c54fffff,11386203919,11423253323,18.9061,0.007364,athlete
89a8100c577ffff,89a8100c557ffff,11386203919,12697580224,14.5541,0.172054,athlete
89a8100c577ffff,89a8100c563ffff,11386203919,13452726650,10.4,0.468609,athlete
89a8100c577ffff,89a8100c567ffff,11386203919,13236665352,7.609,0.683406,athlete
89a8100c577ffff,89a8100c56bffff,11386203919,11339389942,14.1741,0.195153,athlete
89a8100c577ffff,89a8100c56fffff,11386203919,11339389872,11.3841,0.392148,athlete
89a8100c577ffff,89a8100c573ffff,11386203919,457593059,7.3326,0.703419,athlete
89a8100c577ffff,89a8100c577ffff,11386203919,11386203919,0.0739,0.999966,athlete
89a8100c577ffff,89a8100c57bffff,11386203919,11350198893,12.4764,0.310375,athlete
89a8100c577ffff,89a8100c5a3ffff,11386203919,13450161955,19.4614,0.001788,athlete
89a8100c577ffff,89a8100c5abffff,11386203919,11394279072,17.1403,0.049604,athlete
89a8100c577ffff,89a8100c5afffff,11386203919,11380109175,19.1905,0.004037,athlete
89a8100c57bffff,89a8100c027ffff,11350198893,395763938,18.8979,0.007474,athlete
89a8100c57bffff,89a8100c033ffff,11350198893,13056821783,18.5356,0.01317,athlete
89a8100c57bffff,89a8100c037ffff,11350198893,11347748025,14.7747,0.159178,athlete
89a8100c57bffff,89a8100c087ffff,11350198893,13683468543,14.9258,0.150591,athlete
89a8100c57bffff,89a8100c0a3ffff,11350198893,10893697428,11.999,0.345569,athlete
89a8100c57bffff,89a8100c0a7ffff,11350198893,13279443676,8.4313,0.621959,athlete
89a8100c57bffff,89a8100c0abffff,11350198893,12532715699,15.1564,0.13787,athlete
89a8100c57bffff,89a8100c0afffff,11350198893,8743696886,12.912,0.279187,athlete
89a8100c57bffff,89a8100c0b3ffff,11350198893,5496814858,8.7926,0.594259,athlete
89a8100c57bffff,89a8100c0b7ffff,11350198893,11423157638,4.9835,0.85447,athlete
89a8100c57bffff,89a8100c0bbffff,11350198893,11423871971,13.4493,0.242157,athlete
89a8100c57bffff,89a8100c18bffff,11350198893,11399274873,17.5362,0.036978,athlete
89a8100c57bffff,89a8100c19bffff,11350198893,2360366546,15.1199,0.139848,athlete
89a8100c57bffff,89a8100c1c3ffff,11350198893,13452578280,13.5593,0.234788,athlete
89a8100c57bffff,89a8100c1c7ffff,11350198893,7292638283,15.4643,0.121622,athlete
89a8100c57bffff,89a8100c1cbffff,11350198893,455607086,14.7963,0.157937,athlete
89a8100c57bffff,89a8100c1cfffff,11350198893,13452406589,19.4889,0.00161,athlete
89a8100c57bffff,89a8100c1d3ffff,11350198893,457593231,8.756,0.597087,athlete
89a8100c57bffff,89a8100c1d7ffff,11350198893,457566696,11.8598,0.355997,athlete
89a8100c57bffff,89a8100c1dbffff,11350198893,12902675140,12.2594,0.326246,athlete
89a8100c57bffff,89a8100c503ffff,11350198893,11341903975,18.0781,0.022612,athlete
89a8100c57bffff,89a8100c50bffff,11350198893,13452873729,11.5163,0.38203,athlete
89a8100c57bffff,89a8100c50fffff,11350198893,11279900601,12.6901,0.294949,athlete
89a8100c57bffff,89a8100c51bffff,11350198893,12586078227,17.7364,0.031274,athlete
89a8100c57bffff,89a8100c53bffff,11350198893,11293370032,18.639,0.011383,athlete
89a8100c57bffff,89a8100c543ffff,11350198893,7721333437,14.6986,0.163577,athlete
89a8100c57bffff,89a8100c547ffff,11350198893,12703971545,7.8632,0.664694,athlete
89a8100c57bffff,89a8100c54bffff,11350198893,8944143746,15.8926,0.100506,athlete
89a8100c57bffff,89a8100c54fffff,11350198893,11423253323,9.201,0.562586,athlete
89a8100c57bffff,89a8100c553ffff,11350198893,12227887010,19.0084,0.006053,athlete
89a8100c57bffff,89a8100c557ffff,11350198893,12697580224,12.969,0.275176,athlete
89a8100c57bffff,89a8100c55bffff,11350198893,12697580033,18.9143,0.007253,athlete
89a8100c57bffff,89a8100c563ffff,11350198893,13452726650,10.2474,0.480575,athlete
89a8100c57bffff,89a8100c567ffff,11350198893,13236665352,19.2096,0.003848,athlete
89a8100c57bffff,89a8100c56bffff,11350198893,11339389942,5.1503,0.845109,athlete
89a8100c57bffff,89a8100c56fffff,11350198893,11339389872,10.6957,0.445468,athlete
89a8100c57bffff,89a8100c573ffff,11350198893,457593059,8.3294,0.629705,athlete
89a8100c57bffff,89a8100c577ffff,11350198893,11386203919,11.7014,0.367959,athlete
89a8100c57bffff,89a8100c57bffff,11350198893,11350198893,0.9059,0.994946,athlete
89a8100c57bffff,89a8100c5cfffff,11350198893,2687705140,18.8388,0.008295,athlete
89a8100c583ffff,89a8100c513ffff,12265197248,303862596,14.5546,0.172026,athlete
89a8100c583ffff,89a8100c517ffff,12265197248,11409667724,14.3333,0.185345,athlete
89a8100c583ffff,89a8100c583ffff,12265197248,12265197248,0.6592,0.997322,athlete
89a8100c583ffff,89a8100c587ffff,12265197248,303858897,8.3503,0.628119,athlete
89a8100c583ffff,89a8100c58bffff,12265197248,1393378103,14.797,0.157899,athlete
89a8100c583ffff,89a8100c58fffff,12265197248,4252790480,7.9847,0.655649,athlete
89a8100c583ffff,89a8100c593ffff,12265197248,304111065,13.4923,0.239266,athlete
89a8100c583ffff,89a8100c597ffff,12265197248,11374075968,10.5246,0.458848,athlete
89a8100c583ffff,89a8100c59bffff,12265197248,8954073387,14.1773,0.194959,athlete
89a8100c583ffff,89a8100c5a3ffff,12265197248,13450161955,16.6125,0.069131,athlete
89a8100c583ffff,89a8100c5abffff,12265197248,11394279072,19.0485,0.005574,athlete
89a8100c583ffff,89a8100c5b3ffff,12265197248,11381688343,14.8228,0.156422,athlete
89a8100c583ffff,89a8100c5b7ffff,12265197248,11380298950,18.3289,0.017127,athlete
89a8100c583ffff,89a8100c5bbffff,12265197248,13453136400,13.2925,0.252783,athlete
89a8100c583ffff,89a8100c5c7ffff,12265197248,2816708327,19.6091,0.000942,athlete
89a8100c583ffff,89a8100c5d7ffff,12265197248,303867318,19.1297,0.004665,athlete
89a8100c583ffff,89a8100e32bffff,12265197248,142777323,19.1535,0.004414,athlete
89a8100c583ffff,89a8100e32fffff,12265197248,13165518049,17.1085,0.050692,athlete
89a8100c583ffff,89a8100e367ffff,12265197248,142814786,14.4463,0.178493,athlete
89a8100c583ffff,89a8100ee43ffff,12265197248,303788527,19.0148,0.005976,athlete
89a8100c583ffff,89a8100ee4bffff,12265197248,142806216,13.9769,0.207574,athlete
89a8100c583ffff,89a8100ee4fffff,12265197248,303788630,19.6454,0.000775,athlete
89a8100c583ffff,89a8100ee53ffff,12265197248,11374107987,18.6512,0.011181,athlete
89a8100c583ffff,89a8100ee5bffff,12265197248,3317179765,14.4724,0.17693,athlete
89a8100c587ffff,89a8100c503ffff,303858897,11341903975,17.2149,0.047089,athlete
89a8100c587ffff,89a8100c507ffff,303858897,11401601119,19.9124,4.7e-05,athlete
89a8100c587ffff,89a8100c513ffff,303858897,303862596,13.8317,0.216901,athlete
89a8100c587ffff,89a8100c517ffff,303858897,11409667724,10.4512,0.464594,athlete
89a8100c587ffff,89a8100c583ffff,303858897,12265197248,8.0086,0.653868,athlete
89a8100c587ffff,89a8100c587ffff,303858897,303858897,0.7144,0.996855,athlete
89a8100c587ffff,89a8100c58bffff,303858897,1393378103,14.0741,0.201419,athlete
89a8100c587ffff,89a8100c58fffff,303858897,4252790480,5.8994,0.800245,athlete
89a8100c587ffff,89a8100c593ffff,303858897,304111065,10.9597,0.424913,athlete
89a8100c587ffff,89a8100c597ffff,303858897,11374075968,5.1438,0.845478,athlete
89a8100c587ffff,89a8100c59bffff,303858897,8954073387,16.8876,0.058573,athlete
89a8100c587ffff,89a8100c5a3ffff,303858897,13450161955,10.6091,0.452235,athlete
89a8100c587ffff,89a8100c5a7ffff,303858897,11315561922,16.1863,0.087067,athlete
89a8100c587ffff,89a8100c5abffff,303858897,11394279072,13.8541,0.215452,athlete
89a8100c587ffff,89a8100c5afffff,303858897,11380109175,14.7318,0.16165,athlete
89a8100c587ffff,89a8100c5b3ffff,303858897,11381688343,7.4184,0.697244,athlete
89a8100c587ffff,89a8100c5b7ffff,303858897,11380298950,10.9245,0.427642,athlete
89a8100c587ffff,89a8100c5bbffff,303858897,13453136400,7.405,0.69821,athlete
89a8100c587ffff,89a8100c5c7ffff,303858897,2816708327,18.8862,0.007633,athlete
89a8100c587ffff,89a8100c5d7ffff,303858897,303867318,19.1199,0.004771,athlete
89a8100c587ffff,89a8100e323ffff,303858897,5239723179,17.6812,0.032801,athlete
89a8100c587ffff,89a8100e32bffff,303858897,142777323,15.5662,0.116443,athlete
89a8100c587ffff,89a8100e32fffff,303858897,13165518049,13.5212,0.237332,athlete
89a8100c587ffff,89a8100e367ffff,303858897,142814786,16.4719,0.074839,athlete
89a8100c587ffff,89a8100eadbffff,303858897,13452423932,19.15,0.00445,athlete
89a8100c587ffff,89a8100ee43ffff,303858897,303788527,11.6104,0.374865,athlete
89a8100c587ffff,89a8100ee47ffff,303858897,303788569,14.7507,0.16056,athlete
89a8100c587ffff,89a8100ee4bffff,303858897,142806216,6.5726,0.756373,athlete
89a8100c587ffff,89a8100ee4fffff,303858897,303788630,12.241,0.327603,athlete
89a8100c587ffff,89a8100ee53ffff,303858897,11374107987,11.7775,0.362204,athlete
89a8100c587ffff,89a8100ee57ffff,303858897,303788601,16.0454,0.093406,athlete
89a8100c587ffff,89a8100ee5bffff,303858897,3317179765,8.5799,0.610614,athlete
89a8100c587ffff,89a8100ee63ffff,303858897,4234762112,19.2541,0.003428,athlete
89a8100c587ffff,89a8100ee6bffff,303858897,60624735,17.6622,0.033335,athlete
89a8100c587ffff,89a8100ee73ffff,303858897,303561646,18.2732,0.01828,athlete
89a8100c587ffff,89a8100ee7bffff,303858897,11381714308,14.8762,0.153391,athlete
89a8100c587ffff,89a8100eec3ffff,303858897,11374715239,19.0045,0.006101,athlete
89a8100c587ffff,89a8100eecbffff,303858897,303788723,15.4492,0.122403,athlete
89a8100c587ffff,89a8100eecfffff,303858897,10293138120,15.5684,0.116332,athlete
89a8100c58bffff,89a8100c503ffff,1393378103,11341903975,15.0369,0.144402,athlete
89a8100c58bffff,89a8100c507ffff,1393378103,11401601119,19.7574,0.000363,athlete
89a8100c58bffff,89a8100c50bffff,1393378103,13452873729,19.8488,0.000141,athlete
89a8100c58bffff,89a8100c513ffff,1393378103,303862596,6.7975,0.741051,athlete
89a8100c58bffff,89a8100c517ffff,1393378103,11409667724,9.8729,0.50998,athlete
89a8100c58bffff,89a8100c51bffff,1393378103,12586078227,12.9041,0.279742,athlete
89a8100c58bffff,89a8100c557ffff,1393378103,12697580224,19.6358,0.000818,athlete
89a8100c58bffff,89a8100c583ffff,1393378103,12265197248,11.8261,0.358536,athlete
89a8100c58bffff,89a8100c587ffff,1393378103,303858897,11.5975,0.375848,athlete
89a8100c58bffff,89a8100c58bffff,1393378103,1393378103,0.502,0.998446,athlete
89a8100c58bffff,89a8100c58fffff,1393378103,4252790480,7.7928,0.669899,athlete
89a8100c58bffff,89a8100c593ffff,1393378103,304111065,9.6862,0.52464,athlete
89a8100c58bffff,89a8100c597ffff,1393378103,11374075968,12.2185,0.329265,athlete
89a8100c58bffff,89a8100c59bffff,1393378103,8954073387,4.9948,0.853845,athlete
89a8100c58bffff,89a8100c5a3ffff,1393378103,13450161955,17.2664,0.045392,athlete
89a8100c58bffff,89a8100c5abffff,1393378103,11394279072,14.7363,0.161389,athlete
89a8100c58bffff,89a8100c5afffff,1393378103,11380109175,19.0046,0.0061,athlete
89a8100c58bffff,89a8100c5b3ffff,1393378103,11381688343,18.0699,0.022803,athlete
89a8100c58bffff,89a8100c5bbffff,1393378103,13453136400,12.4066,0.315458,athlete
89a8100c58bffff,89a8100c5c3ffff,1393378103,303868171,15.0032,0.146267,athlete
89a8100c58bffff,89a8100c5c7ffff,1393378103,2816708327,8.0797,0.648546,athlete
89a8100c58bffff,89a8100c5cbffff,1393378103,13037844868,18.3882,0.01594,athlete
89a8100c58bffff,89a8100c5cfffff,1393378103,2687705140,15.1322,0.139184,athlete
89a8100c58bffff,89a8100c5d3ffff,1393378103,1097971350,18.5955,0.012119,athlete
89a8100c58bffff,89a8100c5d7ffff,1393378103,303867318,8.1266,0.645023,athlete
89a8100c58bffff,89a8100e323ffff,1393378103,5239723179,19.4365,0.001958,athlete
89a8100c58bffff,89a8100e32bffff,1393378103,142777323,15.3473,0.127694,athlete
89a8100c58bffff,89a8100e32fffff,1393378103,13165518049,13.3024,0.252109,athlete
89a8100c58bffff,89a8100e363ffff,1393378103,388512103,14.98,0.147558,athlete
89a8100c58bffff,89a8100e367ffff,1393378103,142814786,9.8437,0.512276,athlete
89a8100c58bffff,89a8100e36fffff,1393378103,389063008,13.4369,0.242991,athlete
89a8100c58bffff,89a8100e377ffff,1393378103,388512089,14.9846,0.147305,athlete
89a8100c58bffff,89a8100ee4bffff,1393378103,142806216,17.2241,0.046785,athlete
89a8100c58bffff,89a8100ee53ffff,1393378103,11374107987,19.7443,0.000403,athlete
89a8100c58bffff,89a8100ee5bffff,1393378103,3317179765,15.5655,0.116477,athlete
89a8100c58fffff,89a8100c503ffff,4252790480,11341903975,13.7006,0.225446,athlete
89a8100c58fffff,89a8100c507ffff,4252790480,11401601119,16.9904,0.054839,athlete
89a8100c58fffff,89a8100c50fffff,4252790480,11279900601,19.3267,0.002794,athlete
89a8100c58fffff,89a8100c513ffff,4252790480,303862596,9.2292,0.56039,athlete
89a8100c58fffff,89a8100c517ffff,4252790480,11409667724,7.106,0.719547,athlete
89a8100c58fffff,89a8100c51bffff,4252790480,12586078227,16.9615,0.055878,athlete
89a8100c58fffff,89a8100c533ffff,4252790480,11384427627,19.1063,0.004918,athlete
89a8100c58fffff,89a8100c583ffff,4252790480,12265197248,6.5017,0.761134,athlete
89a8100c58fffff,89a8100c587ffff,4252790480,303858897,5.0772,0.849238,athlete
89a8100c58fffff,89a8100c58bffff,4252790480,1393378103,9.4716,0.541454,athlete
89a8100c58fffff,89a8100c58fffff,4252790480,4252790480,0.7575,0.996465,athlete
89a8100c58fffff,89a8100c593ffff,4252790480,304111065,12.4222,0.31432,athlete
89a8100c58fffff,89a8100c597ffff,4252790480,11374075968,8.4241,0.622509,athlete
89a8100c58fffff,89a8100c59bffff,4252790480,8954073387,13.8342,0.21674,athlete
89a8100c58fffff,89a8100c5a3ffff,4252790480,13450161955,10.4659,0.463444,athlete
89a8100c58fffff,89a8100c5a7ffff,4252790480,11315561922,16.3265,0.080955,athlete
89a8100c58fffff,89a8100c5abffff,4252790480,11394279072,11.9231,0.351249,athlete
89a8100c58fffff,89a8100c5afffff,4252790480,11380109175,13.5584,0.234849,athlete
89a8100c58fffff,89a8100c5b3ffff,4252790480,11381688343,11.3972,0.391145,athlete
89a8100c58fffff,89a8100c5b7ffff,4252790480,11380298950,14.9896,0.147024,athlete
89a8100c58fffff,89a8100c5bbffff,4252790480,13453136400,6.6963,0.747979,athlete
89a8100c58fffff,89a8100c5c7ffff,4252790480,2816708327,14.2836,0.188382,athlete
89a8100c58fffff,89a8100c5d7ffff,4252790480,303867318,14.5173,0.174242,athlete
89a8100c58fffff,89a8100e32bffff,4252790480,142777323,17.541,0.036837,athlete
89a8100c58fffff,89a8100e32fffff,4252790480,13165518049,15.4961,0.119997,athlete
89a8100c58fffff,89a8100e367ffff,4252790480,142814786,14.7854,0.158562,athlete
89a8100c58fffff,89a8100eadbffff,4252790480,13452423932,19.0068,0.006072,athlete
89a8100c58fffff,89a8100ee43ffff,4252790480,303788527,15.7256,0.108528,athlete
89a8100c58fffff,89a8100ee47ffff,4252790480,303788569,18.866,0.007912,athlete
89a8100c58fffff,89a8100ee4bffff,4252790480,142806216,10.6878,0.446084,athlete
89a8100c58fffff,89a8100ee4fffff,4252790480,303788630,16.3563,0.079686,athlete
89a8100c58fffff,89a8100ee53ffff,4252790480,11374107987,15.8927,0.100501,athlete
89a8100c58fffff,89a8100ee5bffff,4252790480,3317179765,12.3719,0.31799,athlete
89a8100c58fffff,89a8100ee7bffff,4252790480,11381714308,18.9914,0.006262,athlete
89a8100c58fffff,89a8100eecbffff,4252790480,303788723,19.5644,0.00117,athlete
89a8100c58fffff,89a8100eecfffff,4252790480,10293138120,19.6836,0.000617,athlete
89a8100c593ffff,89a8100c513ffff,304111065,303862596,17.9418,0.025905,athlete
89a8100c593ffff,89a8100c517ffff,304111065,11409667724,19.1358,0.0046,athlete
89a8100c593ffff,89a8100c583ffff,304111065,12265197248,12.7011,0.294167,athlete
89a8100c593ffff,89a8100c587ffff,304111065,303858897,10.3653,0.471328,athlete
89a8100c593ffff,89a8100c58bffff,304111065,1393378103,11.9842,0.346672,athlete
89a8100c593ffff,89a8100c58fffff,304111065,4252790480,12.9757,0.274706,athlete
89a8100c593ffff,89a8100c593ffff,304111065,304111065,1.2545,0.990323,athlete
89a8100c593ffff,89a8100c597ffff,304111065,11374075968,5.6106,0.818071,athlete
89a8100c593ffff,89a8100c59bffff,304111065,8954073387,8.1861,0.640546,athlete
89a8100c593ffff,89a8100c5a3ffff,304111065,13450161955,19.9877,1e-06,athlete
89a8100c593ffff,89a8100c5b3ffff,304111065,11381688343,14.5535,0.17209,athlete
89a8100c593ffff,89a8100c5b7ffff,304111065,11380298950,16.0048,0.095268,athlete
89a8100c593ffff,89a8100c5bbffff,304111065,13453136400,17.0559,0.052522,athlete
89a8100c593ffff,89a8100c5c7ffff,304111065,2816708327,17.0589,0.052417,athlete
89a8100c593ffff,89a8100c5d3ffff,304111065,1097971350,18.0905,0.022324,athlete
89a8100c593ffff,89a8100c5d7ffff,304111065,303867318,14.5811,0.170456,athlete
89a8100c593ffff,89a8100e323ffff,304111065,5239723179,12.8286,0.285083,athlete
89a8100c593ffff,89a8100e327ffff,304111065,6697698868,15.1843,0.136359,athlete
89a8100c593ffff,89a8100e32bffff,304111065,142777323,7.973,0.656524,athlete
89a8100c593ffff,89a8100e32fffff,304111065,13165518049,6.6944,0.748108,athlete
89a8100c593ffff,89a8100e363ffff,304111065,388512103,14.475,0.176769,athlete
89a8100c593ffff,89a8100e367ffff,304111065,142814786,6.7667,0.743165,athlete
89a8100c593ffff,89a8100e36bffff,304111065,389063054,19.5304,0.001359,athlete
89a8100c593ffff,89a8100e36fffff,304111065,389063008,12.9319,0.277784,athlete
89a8100c593ffff,89a8100e377ffff,304111065,388512089,14.4796,0.176497,athlete
89a8100c593ffff,89a8100ee43ffff,304111065,303788527,13.5032,0.238534,athlete
89a8100c593ffff,89a8100ee47ffff,304111065,303788569,17.506,0.037879,athlete
89a8100c593ffff,89a8100ee4bffff,304111065,142806216,10.6964,0.445411,athlete
89a8100c593ffff,89a8100ee4fffff,304111065,303788630,16.3868,0.078393,athlete
89a8100c593ffff,89a8100ee53ffff,304111065,11374107987,13.1364,0.263514,athlete
89a8100c593ffff,89a8100ee57ffff,304111065,303788601,18.3008,0.017705,athlete
89a8100c593ffff,89a8100ee5bffff,304111065,3317179765,8.9576,0.581507,athlete
89a8100c593ffff,89a8100ee7bffff,304111065,11381714308,19.0219,0.005889,athlete
89a8100c593ffff,89a8100eecbffff,304111065,303788723,16.8081,0.061542,athlete
89a8100c593ffff,89a8100eecfffff,304111065,10293138120,17.4612,0.039235,athlete
89a8100c597ffff,89a8100c513ffff,11374075968,303862596,16.5858,0.070198,athlete
89a8100c597ffff,89a8100c517ffff,11374075968,11409667724,16.176,0.087524,athlete
89a8100c597ffff,89a8100c583ffff,11374075968,12265197248,10.7626,0.440245,athlete
89a8100c597ffff,89a8100c587ffff,11374075968,303858897,6.5591,0.757279,athlete
89a8100c597ffff,89a8100c58bffff,11374075968,1393378103,16.8282,0.060785,athlete
89a8100c597ffff,89a8100c58fffff,11374075968,4252790480,10.0159,0.498751,athlete
89a8100c597ffff,89a8100c593ffff,11374075968,304111065,7.2405,0.710004,athlete
89a8100c597ffff,89a8100c597ffff,11374075968,11374075968,1.0042,0.993792,athlete
89a8100c597ffff,89a8100c59bffff,11374075968,8954073387,14.1721,0.195281,athlete
89a8100c597ffff,89a8100c5a3ffff,11374075968,13450161955,15.7853,0.105631,athlete
89a8100c597ffff,89a8100c5a7ffff,11374075968,11315561922,18.6724,0.010833,athlete
89a8100c597ffff,89a8100c5abffff,11374075968,11394279072,19.6988,0.000559,athlete
89a8100c597ffff,89a8100c5b3ffff,11374075968,11381688343,10.3512,0.472434,athlete
89a8100c597ffff,89a8100c5b7ffff,11374075968,11380298950,11.8025,0.360319,athlete
89a8100c597ffff,89a8100c5bbffff,11374075968,13453136400,13.2497,0.255709,athlete
89a8100c597ffff,89a8100c5d7ffff,11374075968,303867318,19.5793,0.001091,athlete
89a8100c597ffff,89a8100e323ffff,11374075968,5239723179,13.9058,0.212128,athlete
89a8100c597ffff,89a8100e327ffff,11374075968,6697698868,16.2615,0.083763,athlete
89a8100c597ffff,89a8100e32bffff,11374075968,142777323,11.847,0.356961,athlete
89a8100c597ffff,89a8100e32fffff,11374075968,13165518049,9.8021,0.515542,athlete
89a8100c597ffff,89a8100e367ffff,11374075968,142814786,12.7527,0.290475,athlete
89a8100c597ffff,89a8100e36fffff,11374075968,389063008,18.9179,0.007205,athlete
89a8100c597ffff,89a8100ee0bffff,11374075968,302727634,19.1101,0.004877,athlete
89a8100c597ffff,89a8100ee1bffff,11374075968,4187978161,18.6082,0.011902,athlete
89a8100c597ffff,89a8100ee43ffff,11374075968,303788527,9.982,0.501415,athlete
89a8100c597ffff,89a8100ee47ffff,11374075968,303788569,13.9848,0.207074,athlete
89a8100c597ffff,89a8100ee4bffff,11374075968,142806216,6.2858,0.775446,athlete
89a8100c597ffff,89a8100ee4fffff,11374075968,303788630,11.9761,0.347278,athlete
89a8100c597ffff,89a8100ee53ffff,11374075968,11374107987,9.6151,0.53021,athlete
89a8100c597ffff,89a8100ee57ffff,11374075968,303788601,14.7795,0.158901,athlete
89a8100c597ffff,89a8100ee5bffff,11374075968,3317179765,5.4363,0.828511,athlete
89a8100c597ffff,89a8100ee63ffff,11374075968,4234762112,18.9891,0.00629,athlete
89a8100c597ffff,89a8100ee6bffff,11374075968,60624735,18.5401,0.013089,athlete
89a8100c597ffff,89a8100ee6fffff,11374075968,303562332,19.9011,6e-05,athlete
89a8100c597ffff,89a8100ee73ffff,11374075968,303561646,18.0083,0.02427,athlete
89a8100c597ffff,89a8100ee7bffff,11374075968,11381714308,14.6112,0.168682,athlete
89a8100c597ffff,89a8100eec3ffff,11374075968,11374715239,16.8421,0.060262,athlete
89a8100c597ffff,89a8100eec7ffff,11374075968,142811324,18.6027,0.011995,athlete
89a8100c597ffff,89a8100eecbffff,11374075968,303788723,13.2868,0.253172,athlete
89a8100c597ffff,89a8100eecfffff,11374075968,10293138120,13.94,0.209936,athlete
89a8100c59bffff,89a8100c503ffff,8954073387,11341903975,19.1886,0.004055,athlete
89a8100c59bffff,89a8100c513ffff,8954073387,303862596,10.9492,0.425728,athlete
89a8100c59bffff,89a8100c517ffff,8954073387,11409667724,14.3284,0.185641,athlete
89a8100c59bffff,89a8100c51bffff,8954073387,12586078227,16.3233,0.081096,athlete
89a8100c59bffff,89a8100c583ffff,8954073387,12265197248,11.0736,0.416078,athlete
89a8100c59bffff,89a8100c587ffff,8954073387,303858897,13.7095,0.224868,athlete
89a8100c59bffff,89a8100c58bffff,8954073387,1393378103,4.9916,0.854018,athlete
89a8100c59bffff,89a8100c58fffff,8954073387,4252790480,12.2483,0.327067,athlete
89a8100c59bffff,89a8100c593ffff,8954073387,304111065,6.9058,0.733559,athlete
89a8100c59bffff,89a8100c597ffff,8954073387,11374075968,9.8599,0.511005,athlete
89a8100c59bffff,89a8100c59bffff,8954073387,8954073387,0.4275,0.998873,athlete
89a8100c59bffff,89a8100c5abffff,8954073387,11394279072,19.1918,0.004024,athlete
89a8100c59bffff,89a8100c5b3ffff,8954073387,11381688343,18.8028,0.008815,athlete
89a8100c59bffff,89a8100c5bbffff,8954073387,13453136400,16.862,0.05952,athlete
89a8100c59bffff,89a8100c5c3ffff,8954073387,303868171,14.7784,0.158967,athlete
89a8100c59bffff,89a8100c5c7ffff,8954073387,2816708327,10.0663,0.494795,athlete
89a8100c59bffff,89a8100c5cbffff,8954073387,13037844868,18.3073,0.017571,athlete
89a8100c59bffff,89a8100c5cfffff,8954073387,2687705140,16.8584,0.059654,athlete
89a8100c59bffff,89a8100c5d3ffff,8954073387,1097971350,14.0282,0.204319,athlete
89a8100c59bffff,89a8100c5d7ffff,8954073387,303867318,7.5886,0.684897,athlete
89a8100c59bffff,89a8100e323ffff,8954073387,5239723179,17.0778,0.051754,athlete
89a8100c59bffff,89a8100e327ffff,8954073387,6697698868,19.4336,0.001977,athlete
89a8100c59bffff,89a8100e32bffff,8954073387,142777323,10.8051,0.436932,athlete
89a8100c59bffff,89a8100e32fffff,8954073387,13165518049,10.9437,0.426151,athlete
89a8100c59bffff,89a8100e363ffff,8954073387,388512103,10.4128,0.467605,athlete
89a8100c59bffff,89a8100e367ffff,8954073387,142814786,5.2764,0.837874,athlete
89a8100c59bffff,89a8100e36bffff,8954073387,389063054,15.4682,0.121426,athlete
89a8100c59bffff,89a8100e36fffff,8954073387,389063008,8.8696,0.588315,athlete
89a8100c59bffff,89a8100e377ffff,8954073387,388512089,10.4173,0.46725,athlete
89a8100c59bffff,89a8100e37bffff,8954073387,389063068,17.2641,0.045465,athlete
89a8100c59bffff,89a8100ee43ffff,8954073387,303788527,17.7525,0.030836,athlete
89a8100c59bffff,89a8100ee4bffff,8954073387,142806216,14.9457,0.149474,athlete
89a8100c59bffff,89a8100ee53ffff,8954073387,11374107987,17.3857,0.041571,athlete
89a8100c59bffff,89a8100ee5bffff,8954073387,3317179765,13.2069,0.258651,athlete
89a8100c5a3ffff,89a8100c507ffff,13450161955,11401601119,14.9116,0.15139,athlete
89a8100c5a3ffff,89a8100c513ffff,13450161955,303862596,19.9915,0.0,athlete
89a8100c5a3ffff,89a8100c517ffff,13450161955,11409667724,12.8643,0.282548,athlete
89a8100c5a3ffff,89a8100c523ffff,13450161955,10561374326,17.591,0.035372,athlete
89a8100c5a3ffff,89a8100c533ffff,13450161955,11384427627,11.8881,0.353875,athlete
89a8100c5a3ffff,89a8100c537ffff,13450161955,11404088064,15.6398,0.11276,athlete
89a8100c5a3ffff,89a8100c53bffff,13450161955,11293370032,17.4175,0.04058,athlete
89a8100c5a3ffff,89a8100c583ffff,13450161955,12265197248,16.4979,0.073767,athlete
89a8100c5a3ffff,89a8100c587ffff,13450161955,303858897,10.9675,0.424307,athlete
89a8100c5a3ffff,89a8100c58fffff,13450161955,4252790480,11.895,0.353353,athlete
89a8100c5a3ffff,89a8100c597ffff,13450161955,11374075968,14.7974,0.157873,athlete
89a8100c5a3ffff,89a8100c5a3ffff,13450161955,13450161955,0.9027,0.994982,athlete
89a8100c5a3ffff,89a8100c5a7ffff,13450161955,11315561922,7.4969,0.691565,athlete
89a8100c5a3ffff,89a8100c5abffff,13450161955,11394279072,8.927,0.583872,athlete
89a8100c5a3ffff,89a8100c5afffff,13450161955,11380109175,5.8355,0.804248,athlete
89a8100c5a3ffff,89a8100c5b3ffff,13450161955,11381688343,7.9623,0.657321,athlete
89a8100c5a3ffff,89a8100c5b7ffff,13450161955,11380298950,6.0915,0.788049,athlete
89a8100c5a3ffff,89a8100c5bbffff,13450161955,13453136400,8.1115,0.646153,athlete
89a8100c5a3ffff,89a8100eac3ffff,13450161955,11331125078,14.895,0.152327,athlete
89a8100c5a3ffff,89a8100eacbffff,13450161955,5635274734,18.4226,0.01527,athlete
89a8100c5a3ffff,89a8100ead3ffff,13450161955,11334987710,13.8715,0.21433,athlete
89a8100c5a3ffff,89a8100ead7ffff,13450161955,2147307307,18.8974,0.007481,athlete
89a8100c5a3ffff,89a8100eadbffff,13450161955,13452423932,10.2537,0.48008,athlete
89a8100c5a3ffff,89a8100ee0bffff,13450161955,302727634,18.7007,0.010377,athlete
89a8100c5a3ffff,89a8100ee0fffff,13450161955,1389167116,18.6702,0.010869,athlete
89a8100c5a3ffff,89a8100ee43ffff,13450161955,303788527,14.2961,0.187619,athlete
89a8100c5a3ffff,89a8100ee47ffff,13450161955,303788569,11.5138,0.382227,athlete
89a8100c5a3ffff,89a8100ee4bffff,13450161955,142806216,12.143,0.33485,athlete
89a8100c5a3ffff,89a8100ee4fffff,13450161955,303788630,8.8108,0.592854,athlete
89a8100c5a3ffff,89a8100ee53ffff,13450161955,11374107987,19.2797,0.003197,athlete
89a8100c5a3ffff,89a8100ee57ffff,13450161955,303788601,17.0708,0.051999,athlete
89a8100c5a3ffff,89a8100ee5bffff,13450161955,3317179765,17.296,0.044426,athlete
89a8100c5a3ffff,89a8100ee63ffff,13450161955,4234762112,15.1943,0.135823,athlete
89a8100c5a3ffff,89a8100ee67ffff,13450161955,8026880962,18.3381,0.016941,athlete
89a8100c5a3ffff,89a8100ee6bffff,13450161955,60624735,12.6669,0.296613,athlete
89a8100c5a3ffff,89a8100ee6fffff,13450161955,303562332,15.8172,0.104095,athlete
89a8100c5a3ffff,89a8100ee73ffff,13450161955,303561646,14.2135,0.192712,athlete
89a8100c5a3ffff,89a8100ee7bffff,13450161955,11381714308,10.8164,0.436056,athlete
89a8100c5a7ffff,89a8100c507ffff,11315561922,11401601119,18.9867,0.006321,athlete
89a8100c5a7ffff,89a8100c517ffff,11315561922,11409667724,17.2153,0.047076,athlete
89a8100c5a7ffff,89a8100c523ffff,11315561922,10561374326,15.3848,0.125736,athlete
89a8100c5a7ffff,89a8100c533ffff,11315561922,11384427627,12.9814,0.274304,athlete
89a8100c5a7ffff,89a8100c537ffff,11315561922,11404088064,13.4335,0.243216,athlete
89a8100c5a7ffff,89a8100c587ffff,11315561922,303858897,14.92,0.150918,athlete
89a8100c5a7ffff,89a8100c58fffff,11315561922,4252790480,16.4922,0.073999,athlete
89a8100c5a7ffff,89a8100c597ffff,11315561922,11374075968,17.1728,0.048501,athlete
89a8100c5a7ffff,89a8100c5a3ffff,11315561922,13450161955,6.2071,0.780582,athlete
89a8100c5a7ffff,89a8100c5a7ffff,11315561922,11315561922,0.4138,0.998944,athlete
89a8100c5a7ffff,89a8100c5abffff,11315561922,11394279072,13.278,0.253773,athlete
89a8100c5a7ffff,89a8100c5afffff,11315561922,11380109175,6.443,0.765057,athlete
89a8100c5a7ffff,89a8100c5b3ffff,11315561922,11381688343,10.3376,0.473494,athlete
89a8100c5a7ffff,89a8100c5b7ffff,11315561922,11380298950,5.0227,0.852293,athlete
89a8100c5a7ffff,89a8100c5bbffff,11315561922,13453136400,12.7088,0.293617,athlete
89a8100c5a7ffff,89a8100ea13ffff,11315561922,28149737,18.2575,0.018612,athlete
89a8100c5a7ffff,89a8100ea8bffff,11315561922,8572469297,19.165,0.004294,athlete
89a8100c5a7ffff,89a8100ea9bffff,11315561922,303562378,15.7985,0.104995,athlete
89a8100c5a7ffff,89a8100eac3ffff,11315561922,11331125078,9.6552,0.527066,athlete
89a8100c5a7ffff,89a8100eac7ffff,11315561922,12554685114,15.8078,0.104549,athlete
89a8100c5a7ffff,89a8100eacbffff,11315561922,5635274734,13.4105,0.244772,athlete
89a8100c5a7ffff,89a8100eacfffff,11315561922,6354712520,18.6576,0.011074,athlete
89a8100c5a7ffff,89a8100ead3ffff,11315561922,11334987710,6.8899,0.734665,athlete
89a8100c5a7ffff,89a8100ead7ffff,11315561922,2147307307,11.9502,0.349217,athlete
89a8100c5a7ffff,89a8100eadbffff,11315561922,13452423932,6.5131,0.760374,athlete
89a8100c5a7ffff,89a8100ee07ffff,11315561922,1389167151,19.4562,0.001823,athlete
89a8100c5a7ffff,89a8100ee0bffff,11315561922,302727634,17.8619,0.027934,athlete
89a8100c5a7ffff,89a8100ee0fffff,11315561922,1389167116,15.2454,0.133084,athlete
89a8100c5a7ffff,89a8100ee2bffff,11315561922,4343780793,18.2252,0.019305,athlete
89a8100c5a7ffff,89a8100ee3bffff,11315561922,8754047094,19.8927,7.1e-05,athlete
89a8100c5a7ffff,89a8100ee43ffff,11315561922,303788527,16.6714,0.066801,athlete
89a8100c5a7ffff,89a8100ee47ffff,11315561922,303788569,13.8891,0.213199,athlete
89a8100c5a7ffff,89a8100ee4bffff,11315561922,142806216,14.5183,0.174183,athlete
89a8100c5a7ffff,89a8100ee4fffff,11315561922,303788630,11.1862,0.407376,athlete
89a8100c5a7ffff,89a8100ee57ffff,11315561922,303788601,19.4461,0.001891,athlete
89a8100c5a7ffff,89a8100ee5bffff,11315561922,3317179765,19.6714,0.000666,athlete
89a8100c5a7ffff,89a8100ee63ffff,11315561922,4234762112,10.3393,0.473365,athlete
89a8100c5a7ffff,89a8100ee67ffff,11315561922,8026880962,13.4831,0.239884,athlete
89a8100c5a7ffff,89a8100ee6bffff,11315561922,60624735,6.6635,0.750217,athlete
89a8100c5a7ffff,89a8100ee6fffff,11315561922,303562332,10.7687,0.439771,athlete
89a8100c5a7ffff,89a8100ee73ffff,11315561922,303561646,11.3917,0.391563,athlete
89a8100c5a7ffff,89a8100ee77ffff,11315561922,4187978113,16.0008,0.095456,athlete
89a8100c5a7ffff,89a8100ee7bffff,11315561922,11381714308,9.2826,0.556225,athlete
89a8100c5abffff,89a8100c503ffff,11394279072,11341903975,12.8069,0.286622,athlete
89a8100c5abffff,89a8100c507ffff,11394279072,11401601119,7.0766,0.721617,athlete
89a8100c5abffff,89a8100c50fffff,11394279072,11279900601,13.6781,0.226925,athlete
89a8100c5abffff,89a8100c513ffff,11394279072,303862596,13.182,0.260364,athlete
89a8100c5abffff,89a8100c517ffff,11394279072,11409667724,4.9557,0.856005,athlete
89a8100c5abffff,89a8100c51bffff,11394279072,12586078227,19.0948,0.005046,athlete
89a8100c5abffff,89a8100c523ffff,11394279072,10561374326,15.3217,0.129042,athlete
89a8100c5abffff,89a8100c533ffff,11394279072,11384427627,9.002,0.578063,athlete
89a8100c5abffff,89a8100c537ffff,11394279072,11404088064,13.3704,0.247483,athlete
89a8100c5abffff,89a8100c53bffff,11394279072,11293370032,14.115,0.19885,athlete
89a8100c5abffff,89a8100c577ffff,11394279072,11386203919,18.7613,0.009434,athlete
89a8100c5abffff,89a8100c583ffff,11394279072,12265197248,14.7187,0.162409,athlete
89a8100c5abffff,89a8100c587ffff,11394279072,303858897,11.2928,0.399159,athlete
89a8100c5abffff,89a8100c58bffff,11394279072,1393378103,13.4244,0.243834,athlete
89a8100c5abffff,89a8100c58fffff,11394279072,4252790480,9.3478,0.551136,athlete
89a8100c5abffff,89a8100c597ffff,11394279072,11374075968,15.3031,0.130023,athlete
89a8100c5abffff,89a8100c59bffff,11394279072,8954073387,17.787,0.029907,athlete
89a8100c5abffff,89a8100c5a3ffff,11394279072,13450161955,5.4542,0.82745,athlete
89a8100c5abffff,89a8100c5a7ffff,11394279072,11315561922,10.3699,0.470964,athlete
89a8100c5abffff,89a8100c5abffff,11394279072,11394279072,1.0184,0.993616,athlete
89a8100c5abffff,89a8100c5afffff,11394279072,11380109175,5.4807,0.825877,athlete
89a8100c5abffff,89a8100c5b3ffff,11394279072,11381688343,9.7747,0.517688,athlete
89a8100c5abffff,89a8100c5b7ffff,11394279072,11380298950,10.2608,0.479523,athlete
89a8100c5abffff,89a8100c5bbffff,11394279072,13453136400,6.7704,0.742914,athlete
89a8100c5abffff,89a8100c5c7ffff,11394279072,2816708327,18.2364,0.019063,athlete
89a8100c5abffff,89a8100c5d7ffff,11394279072,303867318,18.4701,0.014368,athlete
89a8100c5abffff,89a8100eac3ffff,11394279072,11331125078,17.2389,0.046295,athlete
89a8100c5abffff,89a8100eacbffff,11394279072,5635274734,16.2191,0.08562,athlete
89a8100c5abffff,89a8100ead3ffff,11394279072,11334987710,16.7445,0.063962,athlete
89a8100c5abffff,89a8100eadbffff,11394279072,13452423932,12.4724,0.310661,athlete
89a8100c5abffff,89a8100ee43ffff,11394279072,303788527,18.4654,0.014457,athlete
89a8100c5abffff,89a8100ee47ffff,11394279072,303788569,15.6831,0.110618,athlete
89a8100c5abffff,89a8100ee4bffff,11394279072,142806216,14.8832,0.152994,athlete
89a8100c5abffff,89a8100ee4fffff,11394279072,303788630,12.9801,0.274395,athlete
89a8100c5abffff,89a8100ee5bffff,11394279072,3317179765,18.7391,0.009775,athlete
89a8100c5abffff,89a8100ee63ffff,11394279072,4234762112,19.3636,0.002496,athlete
89a8100c5abffff,89a8100ee6bffff,11394279072,60624735,16.4676,0.075017,athlete
89a8100c5abffff,89a8100ee6fffff,11394279072,303562332,19.9865,1e-06,athlete
89a8100c5abffff,89a8100ee73ffff,11394279072,303561646,18.3828,0.016047,athlete
89a8100c5abffff,89a8100ee7bffff,11394279072,11381714308,14.9857,0.147242,athlete
89a8100c5afffff,89a8100c503ffff,11380109175,11341903975,19.3724,0.002427,athlete
89a8100c5afffff,89a8100c507ffff,11380109175,11401601119,13.4696,0.240791,athlete
89a8100c5afffff,89a8100c513ffff,11380109175,303862596,19.9245,3.5e-05,athlete
89a8100c5afffff,89a8100c517ffff,11380109175,11409667724,11.6982,0.368199,athlete
89a8100c5afffff,89a8100c523ffff,11380109175,10561374326,12.7844,0.28822,athlete
89a8100c5afffff,89a8100c527ffff,11380109175,13452330655,17.5144,0.03763,athlete
89a8100c5afffff,89a8100c533ffff,11380109175,11384427627,7.4643,0.693926,athlete
89a8100c5afffff,89a8100c537ffff,11380109175,11404088064,10.8331,0.434752,athlete
89a8100c5afffff,89a8100c53bffff,11380109175,11293370032,15.7392,0.107869,athlete
89a8100c5afffff,89a8100c583ffff,11380109175,12265197248,19.6343,0.000825,athlete
89a8100c5afffff,89a8100c587ffff,11380109175,303858897,14.1141,0.198905,athlete
89a8100c5afffff,89a8100c58fffff,11380109175,4252790480,14.5057,0.174939,athlete
89a8100c5afffff,89a8100c597ffff,11380109175,11374075968,18.1243,0.021545,athlete
89a8100c5afffff,89a8100c5a3ffff,11380109175,13450161955,4.8262,0.863075,athlete
89a8100c5afffff,89a8100c5a7ffff,11380109175,11315561922,6.3686,0.769992,athlete
89a8100c5afffff,89a8100c5abffff,11380109175,11394279072,7.7609,0.672255,athlete
89a8100c5afffff,89a8100c5afffff,11380109175,11380109175,0.9259,0.994721,athlete
89a8100c5afffff,89a8100c5b3ffff,11380109175,11381688343,11.3922,0.391524,athlete
89a8100c5afffff,89a8100c5b7ffff,11380109175,11380298950,6.5852,0.755519,athlete
89a8100c5afffff,89a8100c5bbffff,11380109175,13453136400,11.2419,0.40308,athlete
89a8100c5afffff,89a8100eac3ffff,11380109175,11331125078,13.6311,0.230028,athlete
89a8100c5afffff,89a8100eacbffff,11380109175,5635274734,13.513,0.237878,athlete
89a8100c5afffff,89a8100eacfffff,11380109175,6354712520,19.2193,0.003755,athlete
89a8100c5afffff,89a8100ead3ffff,11380109175,11334987710,12.7432,0.291154,athlete
89a8100c5afffff,89a8100ead7ffff,11380109175,2147307307,17.7691,0.030388,athlete
89a8100c5afffff,89a8100eadbffff,11380109175,13452423932,8.9898,0.579008,athlete
89a8100c5afffff,89a8100ee0bffff,11380109175,302727634,19.8116,0.000219,athlete
89a8100c5afffff,89a8100ee0fffff,11380109175,1389167116,19.1639,0.004306,athlete
89a8100c5afffff,89a8100ee43ffff,11380109175,303788527,17.726,0.03156,athlete
89a8100c5afffff,89a8100ee47ffff,11380109175,303788569,14.9437,0.149588,athlete
89a8100c5afffff,89a8100ee4bffff,11380109175,142806216,15.5729,0.116103,athlete
89a8100c5afffff,89a8100ee4fffff,11380109175,303788630,12.2408,0.327622,athlete
89a8100c5afffff,89a8100ee63ffff,11380109175,4234762112,15.688,0.110374,athlete
89a8100c5afffff,89a8100ee67ffff,11380109175,8026880962,18.8318,0.008394,athlete
89a8100c5afffff,89a8100ee6bffff,11380109175,60624735,12.2245,0.328823,athlete
89a8100c5afffff,89a8100ee6fffff,11380109175,303562332,16.1927,0.086783,athlete
89a8100c5afffff,89a8100ee73ffff,11380109175,303561646,14.7072,0.163076,athlete
89a8100c5afffff,89a8100ee7bffff,11380109175,11381714308,11.3101,0.397828,athlete
89a8100c5b3ffff,89a8100c507ffff,11381688343,11401601119,17.6298,0.034256,athlete
89a8100c5b3ffff,89a8100c513ffff,11381688343,303862596,19.151,0.00444,athlete
89a8100c5b3ffff,89a8100c517ffff,11381688343,11409667724,13.2297,0.25708,athlete
89a8100c5b3ffff,89a8100c533ffff,11381688343,11384427627,17.7111,0.031971,athlete
89a8100c5b3ffff,89a8100c583ffff,11381688343,12265197248,13.359,0.248254,athlete
89a8100c5b3ffff,89a8100c587ffff,11381688343,303858897,6.9809,0.728328,athlete
89a8100c5b3ffff,89a8100c58bffff,11381688343,1393378103,19.3933,0.002269,athlete
89a8100c5b3ffff,89a8100c58fffff,11381688343,4252790480,11.0375,0.418877,athlete
89a8100c5b3ffff,89a8100c593ffff,11381688343,304111065,14.5339,0.173255,athlete
89a8100c5b3ffff,89a8100c597ffff,11381688343,11374075968,8.718,0.600006,athlete
89a8100c5b3ffff,89a8100c5a3ffff,11381688343,13450161955,6.795,0.741222,athlete
89a8100c5b3ffff,89a8100c5a7ffff,11381688343,11315561922,10.7961,0.437635,athlete
89a8100c5b3ffff,89a8100c5abffff,11381688343,11394279072,11.5716,0.37782,athlete
89a8100c5b3ffff,89a8100c5afffff,11381688343,11380109175,11.6585,0.371213,athlete
89a8100c5b3ffff,89a8100c5b3ffff,11381688343,11381688343,0.4299,0.99886,athlete
89a8100c5b3ffff,89a8100c5b7ffff,11381688343,11380298950,5.2529,0.839231,athlete
89a8100c5b3ffff,89a8100c5bbffff,11381688343,13453136400,7.5817,0.685399,athlete
89a8100c5b3ffff,89a8100e32bffff,11381688343,142777323,19.1404,0.004551,athlete
89a8100c5b3ffff,89a8100e32fffff,11381688343,13165518049,17.0955,0.051143,athlete
89a8100c5b3ffff,89a8100ead3ffff,11381688343,11334987710,15.7736,0.106197,athlete
89a8100c5b3ffff,89a8100eadbffff,11381688343,13452423932,16.0767,0.091981,athlete
89a8100c5b3ffff,89a8100ee0bffff,11381688343,302727634,17.6251,0.034389,athlete
89a8100c5b3ffff,89a8100ee0fffff,11381688343,1389167116,17.8316,0.028724,athlete
89a8100c5b3ffff,89a8100ee1bffff,11381688343,4187978161,17.227,0.046686,athlete
89a8100c5b3ffff,89a8100ee43ffff,11381688343,303788527,9.7726,0.517859,athlete
89a8100c5b3ffff,89a8100ee47ffff,11381688343,303788569,10.5397,0.457659,athlete
89a8100c5b3ffff,89a8100ee4bffff,11381688343,142806216,6.5641,0.756945,athlete
89a8100c5b3ffff,89a8100ee4fffff,11381688343,303788630,7.8368,0.666644,athlete
89a8100c5b3ffff,89a8100ee53ffff,11381688343,11374107987,14.7562,0.16024,athlete
89a8100c5b3ffff,89a8100ee57ffff,11381688343,303788601,13.2489,0.255762,athlete
89a8100c5b3ffff,89a8100ee5bffff,11381688343,3317179765,11.7171,0.366767,athlete
89a8100c5b3ffff,89a8100ee63ffff,11381688343,4234762112,14.3557,0.183975,athlete
89a8100c5b3ffff,89a8100ee67ffff,11381688343,8026880962,17.4995,0.038075,athlete
89a8100c5b3ffff,89a8100ee6bffff,11381688343,60624735,11.9906,0.346192,athlete
89a8100c5b3ffff,89a8100ee6fffff,11381688343,303562332,14.9786,0.147634,athlete
89a8100c5b3ffff,89a8100ee73ffff,11381688343,303561646,13.3749,0.247178,athlete
89a8100c5b3ffff,89a8100ee7bffff,11381688343,11381714308,9.9778,0.501742,athlete
89a8100c5b3ffff,89a8100eecbffff,11381688343,303788723,18.4279,0.015168,athlete
89a8100c5b3ffff,89a8100eecfffff,11381688343,10293138120,18.3926,0.015853,athlete
89a8100c5b7ffff,89a8100c517ffff,11380298950,11409667724,19.5841,0.001066,athlete
89a8100c5b7ffff,89a8100c533ffff,11380298950,11384427627,16.4826,0.074395,athlete
89a8100c5b7ffff,89a8100c537ffff,11380298950,11404088064,19.8514,0.000136,athlete
89a8100c5b7ffff,89a8100c587ffff,11380298950,303858897,13.1251,0.264296,athlete
89a8100c5b7ffff,89a8100c58fffff,11380298950,4252790480,18.1903,0.020067,athlete
89a8100c5b7ffff,89a8100c593ffff,11380298950,304111065,18.478,0.014222,athlete
89a8100c5b7ffff,89a8100c597ffff,11380298950,11374075968,12.6484,0.297943,athlete
89a8100c5b7ffff,89a8100c5a3ffff,11380298950,13450161955,7.6225,0.682417,athlete
89a8100c5b7ffff,89a8100c5a7ffff,11380298950,11315561922,7.3444,0.702574,athlete
89a8100c5b7ffff,89a8100c5abffff,11380298950,11394279072,15.6468,0.112409,athlete
89a8100c5b7ffff,89a8100c5afffff,11380298950,11380109175,9.9441,0.504387,athlete
89a8100c5b7ffff,89a8100c5b3ffff,11380298950,11381688343,7.6729,0.678728,athlete
89a8100c5b7ffff,89a8100c5b7ffff,11380298950,11380298950,0.4744,0.998612,athlete
89a8100c5b7ffff,89a8100c5bbffff,11380298950,13453136400,14.5292,0.173533,athlete
89a8100c5b7ffff,89a8100ea9bffff,11380298950,303562378,16.4697,0.07493,athlete
89a8100c5b7ffff,89a8100eac3ffff,11380298950,11331125078,16.5859,0.070195,athlete
89a8100c5b7ffff,89a8100ead3ffff,11380298950,11334987710,10.9951,0.422163,athlete
89a8100c5b7ffff,89a8100ead7ffff,11380298950,2147307307,16.2268,0.085279,athlete
89a8100c5b7ffff,89a8100eadbffff,11380298950,13452423932,13.3826,0.246656,athlete
89a8100c5b7ffff,89a8100ee03ffff,11380298950,300059078,18.4841,0.014109,athlete
89a8100c5b7ffff,89a8100ee07ffff,11380298950,1389167151,17.264,0.04547,athlete
89a8100c5b7ffff,89a8100ee0bffff,11380298950,302727634,13.7008,0.225433,athlete
89a8100c5b7ffff,89a8100ee0fffff,11380298950,1389167116,13.0531,0.269294,athlete
89a8100c5b7ffff,89a8100ee1bffff,11380298950,4187978161,17.8042,0.029447,athlete
89a8100c5b7ffff,89a8100ee2bffff,11380298950,4343780793,17.4631,0.039176,athlete
89a8100c5b7ffff,89a8100ee3bffff,11380298950,8754047094,19.1307,0.004654,athlete
89a8100c5b7ffff,89a8100ee43ffff,11380298950,303788527,12.147,0.334551,athlete
89a8100c5b7ffff,89a8100ee47ffff,11380298950,303788569,9.3647,0.549812,athlete
89a8100c5b7ffff,89a8100ee4bffff,11380298950,142806216,9.994,0.500475,athlete
89a8100c5b7ffff,89a8100ee4fffff,11380298950,303788630,6.6618,0.750331,athlete
89a8100c5b7ffff,89a8100ee53ffff,11380298950,11374107987,17.1307,0.049931,athlete
89a8100c5b7ffff,89a8100ee57ffff,11380298950,303788601,14.9218,0.150818,athlete
89a8100c5b7ffff,89a8100ee5bffff,11380298950,3317179765,15.147,0.138378,athlete
89a8100c5b7ffff,89a8100ee63ffff,11380298950,4234762112,9.5772,0.533179,athlete
89a8100c5b7ffff,89a8100ee67ffff,11380298950,8026880962,12.721,0.292738,athlete
89a8100c5b7ffff,89a8100ee6bffff,11380298950,60624735,7.2121,0.712027,athlete
89a8100c5b7ffff,89a8100ee6fffff,11380298950,303562332,10.2002,0.484281,athlete
89a8100c5b7ffff,89a8100ee73ffff,11380298950,303561646,8.5964,0.609347,athlete
89a8100c5b7ffff,89a8100ee77ffff,11380298950,4187978113,15.2387,0.133441,athlete
89a8100c5b7ffff,89a8100ee7bffff,11380298950,11381714308,5.1993,0.842311,athlete
89a8100c5bbffff,89a8100c503ffff,13453136400,11341903975,15.0513,0.143607,athlete
89a8100c5bbffff,89a8100c507ffff,13453136400,11401601119,13.5863,0.232993,athlete
89a8100c5bbffff,89a8100c50fffff,13453136400,11279900601,15.9226,0.099094,athlete
89a8100c5bbffff,89a8100c513ffff,13453136400,303862596,12.8819,0.281306,athlete
89a8100c5bbffff,89a8100c517ffff,13453136400,11409667724,6.7484,0.744417,athlete
89a8100c5bbffff,89a8100c533ffff,13453136400,11384427627,15.1586,0.13775,athlete
89a8100c5bbffff,89a8100c537ffff,13453136400,11404088064,19.0731,0.005291,athlete
89a8100c5bbffff,89a8100c583ffff,13453136400,12265197248,10.8548,0.433067,athlete
89a8100c5bbffff,89a8100c587ffff,13453136400,303858897,5.7882,0.807182,athlete
89a8100c5bbffff,89a8100c58bffff,13453136400,1393378103,13.1243,0.26435,athlete
89a8100c5bbffff,89a8100c58fffff,13453136400,4252790480,5.6719,0.814342,athlete
89a8100c5bbffff,89a8100c593ffff,13453136400,304111065,15.6144,0.114025,athlete
89a8100c5bbffff,89a8100c597ffff,13453136400,11374075968,9.7985,0.515824,athlete
89a8100c5bbffff,89a8100c59bffff,13453136400,8954073387,17.4869,0.038454,athlete
89a8100c5bbffff,89a8100c5a3ffff,13453136400,13450161955,6.1675,0.783147,athlete
89a8100c5bbffff,89a8100c5a7ffff,13453136400,11315561922,12.0282,0.343385,athlete
89a8100c5bbffff,89a8100c5abffff,13453136400,11394279072,7.9392,0.659044,athlete
89a8100c5bbffff,89a8100c5afffff,13453136400,11380109175,9.5665,0.534024,athlete
89a8100c5bbffff,89a8100c5b3ffff,13453136400,11381688343,7.3909,0.699233,athlete
89a8100c5bbffff,89a8100c5b7ffff,13453136400,11380298950,10.9265,0.427488,athlete
89a8100c5bbffff,89a8100c5bbffff,13453136400,13453136400,0.2936,0.999468,athlete
89a8100c5bbffff,89a8100c5c7ffff,13453136400,2816708327,17.9364,0.02604,athlete
89a8100c5bbffff,89a8100c5d7ffff,13453136400,303867318,18.1701,0.020515,athlete
89a8100c5bbffff,89a8100e32fffff,13453136400,13165518049,18.1759,0.020384,athlete
89a8100c5bbffff,89a8100e367ffff,13453136400,142814786,19.5986,0.000994,athlete
89a8100c5bbffff,89a8100eac3ffff,13453136400,11331125078,19.3498,0.002606,athlete
89a8100c5bbffff,89a8100ead3ffff,13453136400,11334987710,18.4028,0.015653,athlete
89a8100c5bbffff,89a8100eadbffff,13453136400,13452423932,14.7085,0.163001,athlete
89a8100c5bbffff,89a8100ee43ffff,13453136400,303788527,14.7007,0.163453,athlete
89a8100c5bbffff,89a8100ee47ffff,13453136400,303788569,16.2701,0.08339,athlete
89a8100c5bbffff,89a8100ee4bffff,13453136400,142806216,9.3786,0.548727,athlete
89a8100c5bbffff,89a8100ee4fffff,13453136400,303788630,13.5672,0.234266,athlete
89a8100c5bbffff,89a8100ee53ffff,13453136400,11374107987,16.4322,0.076487,athlete
89a8100c5bbffff,89a8100ee57ffff,13453136400,303788601,18.1771,0.020359,athlete
89a8100c5bbffff,89a8100ee5bffff,13453136400,3317179765,13.2346,0.256747,athlete
89a8100c5bbffff,89a8100ee6bffff,13453136400,60624735,17.1982,0.047646,athlete
89a8100c5bbffff,89a8100ee73ffff,13453136400,303561646,19.0485,0.005574,athlete
89a8100c5bbffff,89a8100ee7bffff,13453136400,11381714308,15.6514,0.112182,athlete
89a8100c5c3ffff,89a8100c423ffff,303868171,4293874117,16.8771,0.058961,athlete
89a8100c5c3ffff,89a8100c427ffff,303868171,12986505496,13.6465,0.229008,athlete
89a8100c5c3ffff,89a8100c433ffff,303868171,12915349506,19.2889,0.003116,athlete
89a8100c5c3ffff,89a8100c437ffff,303868171,12941702505,14.8723,0.153606,athlete
89a8100c5c3ffff,89a8100c4a3ffff,303868171,12904007453,16.415,0.077208,athlete
89a8100c5c3ffff,89a8100c4a7ffff,303868171,12889670101,15.7707,0.106335,athlete
89a8100c5c3ffff,89a8100c4abffff,303868171,12882458116,17.9749,0.025085,athlete
89a8100c5c3ffff,89a8100c4afffff,303868171,12996381317,12.2241,0.328854,athlete
89a8100c5c3ffff,89a8100c4b7ffff,303868171,387095770,19.9297,3e-05,athlete
89a8100c5c3ffff,89a8100c503ffff,303868171,11341903975,17.2148,0.047092,athlete
89a8100c5c3ffff,89a8100c50bffff,303868171,13452873729,16.6552,0.067438,athlete
89a8100c5c3ffff,89a8100c50fffff,303868171,11279900601,19.9222,3.7e-05,athlete
89a8100c5c3ffff,89a8100c513ffff,303868171,303862596,12.0348,0.342896,athlete
89a8100c5c3ffff,89a8100c517ffff,303868171,11409667724,18.0727,0.022739,athlete
89a8100c5c3ffff,89a8100c51bffff,303868171,12586078227,11.6597,0.371119,athlete
89a8100c5c3ffff,89a8100c543ffff,303868171,7721333437,16.8895,0.058504,athlete
89a8100c5c3ffff,89a8100c547ffff,303868171,12703971545,15.9146,0.099471,athlete
89a8100c5c3ffff,89a8100c54fffff,303868171,11423253323,19.8372,0.000163,athlete
89a8100c5c3ffff,89a8100c553ffff,303868171,12227887010,13.0741,0.267835,athlete
89a8100c5c3ffff,89a8100c557ffff,303868171,12697580224,12.2736,0.325207,athlete
89a8100c5c3ffff,89a8100c55bffff,303868171,12697580033,19.9111,4.9e-05,athlete
89a8100c5c3ffff,89a8100c573ffff,303868171,457593059,19.7006,0.000553,athlete
89a8100c5c3ffff,89a8100c583ffff,303868171,12265197248,18.281,0.018117,athlete
89a8100c5c3ffff,89a8100c587ffff,303868171,303858897,19.7972,0.000254,athlete
89a8100c5c3ffff,89a8100c58bffff,303868171,1393378103,10.6891,0.445982,athlete
89a8100c5c3ffff,89a8100c58fffff,303868171,4252790480,15.9926,0.095835,athlete
89a8100c5c3ffff,89a8100c593ffff,303868171,304111065,14.5349,0.173194,athlete
89a8100c5c3ffff,89a8100c597ffff,303868171,11374075968,17.0673,0.052122,athlete
89a8100c5c3ffff,89a8100c59bffff,303868171,8954073387,9.8435,0.512287,athlete
89a8100c5c3ffff,89a8100c5c3ffff,303868171,303868171,1.8796,0.978365,athlete
89a8100c5c3ffff,89a8100c5c7ffff,303868171,2816708327,7.7435,0.673538,athlete
89a8100c5c3ffff,89a8100c5cbffff,303868171,13037844868,7.8988,0.662049,athlete
89a8100c5c3ffff,89a8100c5cfffff,303868171,2687705140,6.4499,0.764594,athlete
89a8100c5c3ffff,89a8100c5d3ffff,303868171,1097971350,7.3828,0.699811,athlete
89a8100c5c3ffff,89a8100c5d7ffff,303868171,303867318,5.0166,0.852633,athlete
89a8100c5c3ffff,89a8100c5dbffff,303868171,12535296158,8.227,0.637459,athlete
89a8100c5c3ffff,89a8100e32bffff,303868171,142777323,17.0179,0.053862,athlete
89a8100c5c3ffff,89a8100e32fffff,303868171,13165518049,18.1512,0.020938,athlete
89a8100c5c3ffff,89a8100e363ffff,303868171,388512103,15.6905,0.110252,athlete
89a8100c5c3ffff,89a8100e367ffff,303868171,142814786,12.8704,0.282118,athlete
89a8100c5c3ffff,89a8100e36bffff,303868171,389063054,12.2939,0.323713,athlete
89a8100c5c3ffff,89a8100e36fffff,303868171,389063008,11.0028,0.421563,athlete
89a8100c5c3ffff,89a8100e377ffff,303868171,388512089,16.881,0.058819,athlete
89a8100c5c3ffff,89a8100e37bffff,303868171,389063068,15.8561,0.102238,athlete
89a8100c5c7ffff,89a8100c427ffff,2816708327,12986505496,17.3244,0.043513,athlete
89a8100c5c7ffff,89a8100c4afffff,2816708327,12996381317,18.5362,0.01316,athlete
89a8100c5c7ffff,89a8100c503ffff,2816708327,11341903975,12.0092,0.344802,athlete
89a8100c5c7ffff,89a8100c507ffff,2816708327,11401601119,17.4614,0.039228,athlete
89a8100c5c7ffff,89a8100c50bffff,2816708327,13452873729,16.7808,0.062573,athlete
89a8100c5c7ffff,89a8100c50fffff,2816708327,11279900601,17.4203,0.040491,athlete
89a8100c5c7ffff,89a8100c513ffff,2816708327,303862596,5.611,0.818048,athlete
89a8100c5c7ffff,89a8100c517ffff,2816708327,11409667724,11.6488,0.371943,athlete
89a8100c5c7ffff,89a8100c51bffff,2816708327,12586078227,9.0799,0.572012,athlete
89a8100c5c7ffff,89a8100c543ffff,2816708327,7721333437,19.9803,2e-06,athlete
89a8100c5c7ffff,89a8100c547ffff,2816708327,12703971545,17.6482,0.033732,athlete
89a8100c5c7ffff,89a8100c553ffff,2816708327,12227887010,16.752,0.063676,athlete
89a8100c5c7ffff,89a8100c557ffff,2816708327,12697580224,14.0071,0.205654,athlete
89a8100c5c7ffff,89a8100c583ffff,2816708327,12265197248,13.602,0.231952,athlete
89a8100c5c7ffff,89a8100c587ffff,2816708327,303858897,13.3734,0.247281,athlete
89a8100c5c7ffff,89a8100c58bffff,2816708327,1393378103,5.2442,0.839737,athlete
89a8100c5c7ffff,89a8100c58fffff,2816708327,4252790480,9.5688,0.533844,athlete
89a8100c5c7ffff,89a8100c593ffff,2816708327,304111065,11.9253,0.351082,athlete
89a8100c5c7ffff,89a8100c597ffff,2816708327,11374075968,14.4576,0.177813,athlete
89a8100c5c7ffff,89a8100c59bffff,2816708327,8954073387,7.2339,0.710478,athlete
89a8100c5c7ffff,89a8100c5a3ffff,2816708327,13450161955,19.0423,0.005647,athlete
89a8100c5c7ffff,89a8100c5abffff,2816708327,11394279072,16.5122,0.073178,athlete
89a8100c5c7ffff,89a8100c5b3ffff,2816708327,11381688343,19.8459,0.000147,athlete
89a8100c5c7ffff,89a8100c5bbffff,2816708327,13453136400,14.1825,0.194634,athlete
89a8100c5c7ffff,89a8100c5c3ffff,2816708327,303868171,8.1917,0.640123,athlete
89a8100c5c7ffff,89a8100c5c7ffff,2816708327,2816708327,1.0172,0.993631,athlete
89a8100c5c7ffff,89a8100c5cbffff,2816708327,13037844868,11.5767,0.377432,athlete
89a8100c5c7ffff,89a8100c5cfffff,2816708327,2687705140,8.0697,0.649295,athlete
89a8100c5c7ffff,89a8100c5d3ffff,2816708327,1097971350,13.6949,0.225823,athlete
89a8100c5c7ffff,89a8100c5d7ffff,2816708327,303867318,3.9886,0.905034,athlete
89a8100c5c7ffff,89a8100c5dbffff,2816708327,12535296158,14.5391,0.172948,athlete
89a8100c5c7ffff,89a8100e32bffff,2816708327,142777323,16.878,0.058928,athlete
89a8100c5c7ffff,89a8100e32fffff,2816708327,13165518049,15.5415,0.117688,athlete
89a8100c5c7ffff,89a8100e363ffff,2816708327,388512103,16.4545,0.075556,athlete
89a8100c5c7ffff,89a8100e367ffff,2816708327,142814786,11.8425,0.357304,athlete
89a8100c5c7ffff,89a8100e36bffff,2816708327,389063054,18.606,0.01194,athlete
89a8100c5c7ffff,89a8100e36fffff,2816708327,389063008,14.9114,0.151402,athlete
89a8100c5c7ffff,89a8100e377ffff,2816708327,388512089,16.4591,0.075368,athlete
89a8100c5c7ffff,89a8100ee4bffff,2816708327,142806216,19.0,0.006156,athlete
89a8100c5c7ffff,89a8100ee5bffff,2816708327,3317179765,17.8046,0.029436,athlete
89a8100c5cbffff,89a8100c087ffff,13037844868,13683468543,19.7114,0.000514,athlete
89a8100c5cbffff,89a8100c097ffff,13037844868,85723131,16.0768,0.091977,athlete
89a8100c5cbffff,89a8100c0b3ffff,13037844868,5496814858,17.9677,0.025262,athlete
89a8100c5cbffff,89a8100c0b7ffff,13037844868,11423157638,18.8205,0.008558,athlete
89a8100c5cbffff,89a8100c423ffff,13037844868,4293874117,12.6746,0.296062,athlete
89a8100c5cbffff,89a8100c427ffff,13037844868,12986505496,7.9863,0.655532,athlete
89a8100c5cbffff,89a8100c42fffff,13037844868,4293907212,16.5477,0.071734,athlete
89a8100c5cbffff,89a8100c433ffff,13037844868,12915349506,18.7912,0.008986,athlete
89a8100c5cbffff,89a8100c437ffff,13037844868,12941702505,10.6698,0.447487,athlete
89a8100c5cbffff,89a8100c4a3ffff,13037844868,12904007453,16.1549,0.088463,athlete
89a8100c5cbffff,89a8100c4a7ffff,13037844868,12889670101,15.5107,0.119254,athlete
89a8100c5cbffff,89a8100c4abffff,13037844868,12882458116,17.7148,0.031869,athlete
89a8100c5cbffff,89a8100c4afffff,13037844868,12996381317,11.964,0.348185,athlete
89a8100c5cbffff,89a8100c4b7ffff,13037844868,387095770,19.6696,0.000673,athlete
89a8100c5cbffff,89a8100c4bbffff,13037844868,12338340955,19.8307,0.000177,athlete
89a8100c5cbffff,89a8100c503ffff,13037844868,11341903975,17.7495,0.030919,athlete
89a8100c5cbffff,89a8100c50bffff,13037844868,13452873729,13.4059,0.245084,athlete
89a8100c5cbffff,89a8100c50fffff,13037844868,11279900601,18.8473,0.008174,athlete
89a8100c5cbffff,89a8100c513ffff,13037844868,303862596,14.2696,0.189247,athlete
89a8100c5cbffff,89a8100c51bffff,13037844868,12586078227,11.6408,0.372552,athlete
89a8100c5cbffff,89a8100c543ffff,13037844868,7721333437,11.7737,0.36249,athlete
89a8100c5cbffff,89a8100c547ffff,13037844868,12703971545,12.6652,0.296734,athlete
89a8100c5cbffff,89a8100c54bffff,13037844868,8944143746,16.0268,0.094257,athlete
89a8100c5cbffff,89a8100c54fffff,13037844868,11423253323,15.1013,0.140868,athlete
89a8100c5cbffff,89a8100c553ffff,13037844868,12227887010,6.1178,0.786357,athlete
89a8100c5cbffff,89a8100c557ffff,13037844868,12697580224,9.0242,0.576338,athlete
89a8100c5cbffff,89a8100c55bffff,13037844868,12697580033,15.1751,0.136855,athlete
89a8100c5cbffff,89a8100c573ffff,13037844868,457593059,16.4513,0.075692,athlete
89a8100c5cbffff,89a8100c57bffff,13037844868,11350198893,17.3381,0.043074,athlete
89a8100c5cbffff,89a8100c58bffff,13037844868,1393378103,14.4968,0.175466,athlete
89a8100c5cbffff,89a8100c58fffff,13037844868,4252790480,18.2695,0.018358,athlete
89a8100c5cbffff,89a8100c593ffff,13037844868,304111065,19.0224,0.005883,athlete
89a8100c5cbffff,89a8100c59bffff,13037844868,8954073387,14.331,0.185481,athlete
89a8100c5cbffff,89a8100c5c3ffff,13037844868,303868171,6.4405,0.765224,athlete
89a8100c5cbffff,89a8100c5c7ffff,13037844868,2816708327,10.2698,0.478813,athlete
89a8100c5cbffff,89a8100c5cbffff,13037844868,13037844868,0.428,0.99887,athlete
89a8100c5cbffff,89a8100c5cfffff,13037844868,2687705140,6.1037,0.787266,athlete
89a8100c5cbffff,89a8100c5d3ffff,13037844868,1097971350,9.5903,0.532155,athlete
89a8100c5cbffff,89a8100c5d7ffff,13037844868,303867318,9.5774,0.533164,athlete
89a8100c5cbffff,89a8100c5dbffff,13037844868,12535296158,8.809,0.593,athlete
89a8100c5cbffff,89a8100e363ffff,13037844868,388512103,19.5563,0.001214,athlete
89a8100c5cbffff,89a8100e367ffff,13037844868,142814786,17.4313,0.040152,athlete
89a8100c5cbffff,89a8100e36bffff,13037844868,389063054,16.1597,0.088246,athlete
89a8100c5cbffff,89a8100e36fffff,13037844868,389063008,13.2103,0.258414,athlete
89a8100c5cbffff,89a8100e377ffff,13037844868,388512089,19.9189,4.1e-05,athlete
89a8100c5cbffff,89a8100e37bffff,13037844868,389063068,19.7219,0.000477,athlete
89a8100c5cfffff,89a8100c097ffff,2687705140,85723131,19.8908,7.4e-05,athlete
89a8100c5cfffff,89a8100c0b3ffff,2687705140,5496814858,19.5996,0.000988,athlete
89a8100c5cfffff,89a8100c0b7ffff,2687705140,11423157638,17.7529,0.030826,athlete
89a8100c5cfffff,89a8100c423ffff,2687705140,4293874117,16.4887,0.074145,athlete
89a8100c5cfffff,89a8100c427ffff,2687705140,12986505496,11.8004,0.360477,athlete
89a8100c5cfffff,89a8100c437ffff,2687705140,12941702505,14.4839,0.176238,athlete
89a8100c5cfffff,89a8100c4a3ffff,2687705140,12904007453,19.3154,0.002888,athlete
89a8100c5cfffff,89a8100c4a7ffff,2687705140,12889670101,18.6712,0.010853,athlete
89a8100c5cfffff,89a8100c4afffff,2687705140,12996381317,15.1245,0.139601,athlete
89a8100c5cfffff,89a8100c503ffff,2687705140,11341903975,14.6993,0.163536,athlete
89a8100c5cfffff,89a8100c50bffff,2687705140,13452873729,12.0462,0.342047,athlete
89a8100c5cfffff,89a8100c50fffff,2687705140,11279900601,17.0422,0.053001,athlete
89a8100c5cfffff,89a8100c513ffff,2687705140,303862596,11.189,0.407161,athlete
89a8100c5cfffff,89a8100c517ffff,2687705140,11409667724,17.269,0.045305,athlete
89a8100c5cfffff,89a8100c51bffff,2687705140,12586078227,8.7797,0.595258,athlete
89a8100c5cfffff,89a8100c543ffff,2687705140,7721333437,13.6376,0.229595,athlete
89a8100c5cfffff,89a8100c547ffff,2687705140,12703971545,11.3056,0.398179,athlete
89a8100c5cfffff,89a8100c54bffff,2687705140,8944143746,17.5109,0.037733,athlete
89a8100c5cfffff,89a8100c54fffff,2687705140,11423253323,16.2759,0.083141,athlete
89a8100c5cfffff,89a8100c553ffff,2687705140,12227887010,11.0494,0.417956,athlete
89a8100c5cfffff,89a8100c557ffff,2687705140,12697580224,7.6645,0.679341,athlete
89a8100c5cfffff,89a8100c55bffff,2687705140,12697580033,16.6592,0.067279,athlete
89a8100c5cfffff,89a8100c573ffff,2687705140,457593059,15.0916,0.141396,athlete
89a8100c5cfffff,89a8100c577ffff,2687705140,11386203919,19.6428,0.000787,athlete
89a8100c5cfffff,89a8100c57bffff,2687705140,11350198893,15.9784,0.096489,athlete
89a8100c5cfffff,89a8100c583ffff,2687705140,12265197248,19.2222,0.003727,athlete
89a8100c5cfffff,89a8100c587ffff,2687705140,303858897,18.9935,0.006235,athlete
89a8100c5cfffff,89a8100c58bffff,2687705140,1393378103,11.0088,0.421098,athlete
89a8100c5cfffff,89a8100c58fffff,2687705140,4252790480,15.1889,0.136112,athlete
89a8100c5cfffff,89a8100c593ffff,2687705140,304111065,17.69,0.032557,athlete
89a8100c5cfffff,89a8100c59bffff,2687705140,8954073387,12.9986,0.273104,athlete
89a8100c5cfffff,89a8100c5bbffff,2687705140,13453136400,19.8027,0.00024,athlete
89a8100c5cfffff,89a8100c5c3ffff,2687705140,303868171,5.4492,0.827745,athlete
89a8100c5cfffff,89a8100c5c7ffff,2687705140,2816708327,6.7819,0.742124,athlete
89a8100c5cfffff,89a8100c5cbffff,2687705140,13037844868,6.2193,0.779783,athlete
89a8100c5cfffff,89a8100c5cfffff,2687705140,2687705140,1.2874,0.989811,athlete
89a8100c5cfffff,89a8100c5d3ffff,2687705140,1097971350,10.9525,0.425472,athlete
89a8100c5cfffff,89a8100c5d7ffff,2687705140,303867318,8.5862,0.610129,athlete
89a8100c5cfffff,89a8100c5dbffff,2687705140,12535296158,11.7966,0.360758,athlete
89a8100c5cfffff,89a8100e363ffff,2687705140,388512103,19.2601,0.003373,athlete
89a8100c5cfffff,89a8100e367ffff,2687705140,142814786,16.4401,0.076158,athlete
89a8100c5cfffff,89a8100e36bffff,2687705140,389063054,15.8635,0.101885,athlete
89a8100c5cfffff,89a8100e36fffff,2687705140,389063008,14.5725,0.170968,athlete
89a8100c5cfffff,89a8100e37bffff,2687705140,389063068,19.4257,0.002033,athlete
89a8100c5d3ffff,89a8100c423ffff,1097971350,4293874117,18.9808,0.006393,athlete
89a8100c5d3ffff,89a8100c427ffff,1097971350,12986505496,17.0137,0.05401,athlete
89a8100c5d3ffff,89a8100c437ffff,1097971350,12941702505,16.1257,0.08977,athlete
89a8100c5d3ffff,89a8100c4a3ffff,1097971350,12904007453,17.3279,0.043402,athlete
89a8100c5d3ffff,89a8100c4a7ffff,1097971350,12889670101,16.6837,0.066321,athlete
89a8100c5d3ffff,89a8100c4abffff,1097971350,12882458116,18.8878,0.007611,athlete
89a8100c5d3ffff,89a8100c4afffff,1097971350,12996381317,13.137,0.263471,athlete
89a8100c5d3ffff,89a8100c51bffff,1097971350,12586078227,19.9285,3.2e-05,athlete
89a8100c5d3ffff,89a8100c553ffff,1097971350,12227887010,19.6617,0.000706,athlete
89a8100c5d3ffff,89a8100c557ffff,1097971350,12697580224,19.9373,2.4e-05,athlete
89a8100c5d3ffff,89a8100c58bffff,1097971350,1393378103,17.9332,0.026118,athlete
89a8100c5d3ffff,89a8100c593ffff,1097971350,304111065,15.6782,0.110856,athlete
89a8100c5d3ffff,89a8100c597ffff,1097971350,11374075968,19.8907,7.4e-05,athlete
89a8100c5d3ffff,89a8100c59bffff,1097971350,8954073387,13.3691,0.247571,athlete
89a8100c5d3ffff,89a8100c5c3ffff,1097971350,303868171,10.1484,0.488349,athlete
89a8100c5d3ffff,89a8100c5c7ffff,1097971350,2816708327,16.0123,0.094927,athlete
89a8100c5d3ffff,89a8100c5cbffff,1097971350,13037844868,13.972,0.207892,athlete
89a8100c5d3ffff,89a8100c5cfffff,1097971350,2687705140,14.7187,0.162409,athlete
89a8100c5d3ffff,89a8100c5d3ffff,1097971350,1097971350,0.6008,0.997775,athlete
89a8100c5d3ffff,89a8100c5d7ffff,1097971350,303867318,13.2853,0.253273,athlete
89a8100c5d3ffff,89a8100c5dbffff,1097971350,12535296158,8.8215,0.592032,athlete
89a8100c5d3ffff,89a8100e32bffff,1097971350,142777323,13.9878,0.206885,athlete
89a8100c5d3ffff,89a8100e363ffff,1097971350,388512103,10.8942,0.430003,athlete
89a8100c5d3ffff,89a8100e367ffff,1097971350,142814786,9.5692,0.533809,athlete
89a8100c5d3ffff,89a8100e36bffff,1097971350,389063054,9.9569,0.503384,athlete
89a8100c5d3ffff,89a8100e36fffff,1097971350,389063008,4.2208,0.894072,athlete
89a8100c5d3ffff,89a8100e377ffff,1097971350,388512089,11.5973,0.375859,athlete
89a8100c5d3ffff,89a8100e37bffff,1097971350,389063068,13.5191,0.237471,athlete
89a8100c5d7ffff,89a8100c427ffff,303867318,12986505496,19.6029,0.000972,athlete
89a8100c5d7ffff,89a8100c4afffff,303867318,12996381317,18.3903,0.015898,athlete
89a8100c5d7ffff,89a8100c503ffff,303867318,11341903975,16.1278,0.089671,athlete
89a8100c5d7ffff,89a8100c513ffff,303867318,303862596,7.8884,0.662821,athlete
89a8100c5d7ffff,89a8100c517ffff,303867318,11409667724,13.9263,0.210811,athlete
89a8100c5d7ffff,89a8100c51bffff,303867318,12586078227,13.2625,0.254833,athlete
89a8100c5d7ffff,89a8100c553ffff,303867318,12227887010,19.0305,0.005787,athlete
89a8100c5d7ffff,89a8100c557ffff,303867318,12697580224,18.23,0.019202,athlete
89a8100c5d7ffff,89a8100c583ffff,303867318,12265197248,14.1346,0.197618,athlete
89a8100c5d7ffff,89a8100c587ffff,303867318,303858897,15.6508,0.112212,athlete
89a8100c5d7ffff,89a8100c58bffff,303867318,1393378103,6.5427,0.758381,athlete
89a8100c5d7ffff,89a8100c58fffff,303867318,4252790480,11.8462,0.357025,athlete
89a8100c5d7ffff,89a8100c593ffff,303867318,304111065,10.3886,0.469502,athlete
89a8100c5d7ffff,89a8100c597ffff,303867318,11374075968,12.9209,0.278557,athlete
89a8100c5d7ffff,89a8100c59bffff,303867318,8954073387,5.6972,0.812795,athlete
89a8100c5d7ffff,89a8100c5abffff,303867318,11394279072,18.7897,0.009009,athlete
89a8100c5d7ffff,89a8100c5bbffff,303867318,13453136400,16.4599,0.075333,athlete
89a8100c5d7ffff,89a8100c5c3ffff,303867318,303868171,8.06,0.650022,athlete
89a8100c5d7ffff,89a8100c5c7ffff,303867318,2816708327,6.0212,0.792543,athlete
89a8100c5d7ffff,89a8100c5cbffff,303867318,13037844868,13.8552,0.215385,athlete
89a8100c5d7ffff,89a8100c5cfffff,303867318,2687705140,12.4063,0.315475,athlete
89a8100c5d7ffff,89a8100c5d3ffff,303867318,1097971350,13.5491,0.235471,athlete
89a8100c5d7ffff,89a8100c5d7ffff,303867318,303867318,0.8702,0.995337,athlete
89a8100c5d7ffff,89a8100c5dbffff,303867318,12535296158,14.3933,0.181696,athlete
89a8100c5d7ffff,89a8100e32bffff,303867318,142777323,13.7596,0.221589,athlete
89a8100c5d7ffff,89a8100e32fffff,303867318,13165518049,14.0048,0.205804,athlete
89a8100c5d7ffff,89a8100e363ffff,303867318,388512103,13.3361,0.249811,athlete
89a8100c5d7ffff,89a8100e367ffff,303867318,142814786,8.724,0.599544,athlete
89a8100c5d7ffff,89a8100e36bffff,303867318,389063054,18.3915,0.015875,athlete
89a8100c5d7ffff,89a8100e36fffff,303867318,389063008,11.793,0.361035,athlete
89a8100c5d7ffff,89a8100e377ffff,303867318,388512089,13.3406,0.249503,athlete
89a8100c5d7ffff,89a8100ee4bffff,303867318,142806216,18.0068,0.024308,athlete
89a8100c5d7ffff,89a8100ee5bffff,303867318,3317179765,16.2679,0.083486,athlete
89a8100c5dbffff,89a8100c097ffff,12535296158,85723131,18.5732,0.012505,athlete
89a8100c5dbffff,89a8100c423ffff,12535296158,4293874117,12.1407,0.335021,athlete
89a8100c5dbffff,89a8100c427ffff,12535296158,12986505496,10.4827,0.462124,athlete
89a8100c5dbffff,89a8100c42fffff,12535296158,4293907212,19.0441,0.005626,athlete
89a8100c5dbffff,89a8100c433ffff,12535296158,12915349506,12.5621,0.304162,athlete
89a8100c5dbffff,89a8100c437ffff,12535296158,12941702505,8.4859,0.617796,athlete
89a8100c5dbffff,89a8100c4a3ffff,12535296158,12904007453,9.6882,0.524482,athlete
89a8100c5dbffff,89a8100c4a7ffff,12535296158,12889670101,9.044,0.574805,athlete
89a8100c5dbffff,89a8100c4abffff,12535296158,12882458116,11.2481,0.402603,athlete
89a8100c5dbffff,89a8100c4afffff,12535296158,12996381317,5.4973,0.824887,athlete
89a8100c5dbffff,89a8100c4b3ffff,12535296158,12903985491,14.3156,0.186421,athlete
89a8100c5dbffff,89a8100c4b7ffff,12535296158,387095770,13.2029,0.258922,athlete
89a8100c5dbffff,89a8100c4bbffff,12535296158,12338340955,13.3641,0.247914,athlete
89a8100c5dbffff,89a8100c513ffff,12535296158,303862596,18.0943,0.022235,athlete
89a8100c5dbffff,89a8100c51bffff,12535296158,12586078227,17.7192,0.031746,athlete
89a8100c5dbffff,89a8100c543ffff,12535296158,7721333437,19.464,0.001771,athlete
89a8100c5dbffff,89a8100c547ffff,12535296158,12703971545,19.2816,0.00318,athlete
89a8100c5dbffff,89a8100c54bffff,12535296158,8944143746,19.7957,0.000258,athlete
89a8100c5dbffff,89a8100c553ffff,12535296158,12227887010,15.2348,0.133653,athlete
89a8100c5dbffff,89a8100c557ffff,12535296158,12697580224,15.6406,0.11272,athlete
89a8100c5dbffff,89a8100c55bffff,12535296158,12697580033,18.944,0.006863,athlete
89a8100c5dbffff,89a8100c58bffff,12535296158,1393378103,16.7487,0.063803,athlete
89a8100c5dbffff,89a8100c59bffff,12535296158,8954073387,15.9031,0.100012,athlete
89a8100c5dbffff,89a8100c5c3ffff,12535296158,303868171,7.9391,0.659048,athlete
89a8100c5dbffff,89a8100c5c7ffff,12535296158,2816708327,13.803,0.218761,athlete
89a8100c5dbffff,89a8100c5cbffff,12535296158,13037844868,9.6752,0.5255,athlete
89a8100c5dbffff,89a8100c5cfffff,12535296158,2687705140,12.5095,0.307971,athlete
89a8100c5dbffff,89a8100c5d3ffff,12535296158,1097971350,5.7681,0.808429,athlete
89a8100c5dbffff,89a8100c5d7ffff,12535296158,303867318,11.0761,0.415885,athlete
89a8100c5dbffff,89a8100c5dbffff,12535296158,12535296158,1.1818,0.99141,athlete
89a8100c5dbffff,89a8100e32bffff,12535296158,142777323,19.155,0.004398,athlete
89a8100c5dbffff,89a8100e363ffff,12535296158,388512103,13.0896,0.266754,athlete
89a8100c5dbffff,89a8100e367ffff,12535296158,142814786,14.7365,0.16138,athlete
89a8100c5dbffff,89a8100e36bffff,12535296158,389063054,9.693,0.5241,athlete
89a8100c5dbffff,89a8100e36fffff,12535296158,389063008,9.3881,0.547983,athlete
89a8100c5dbffff,89a8100e377ffff,12535296158,388512089,16.7646,0.063193,athlete
89a8100c5dbffff,89a8100e37bffff,12535296158,389063068,13.2552,0.25533,athlete
89a8100e323ffff,89a8100c587ffff,5239723179,303858897,18.1551,0.020849,athlete
89a8100e323ffff,89a8100c593ffff,5239723179,304111065,12.8821,0.281295,athlete
89a8100e323ffff,89a8100c597ffff,5239723179,11374075968,13.3412,0.249465,athlete
89a8100e323ffff,89a8100c59bffff,5239723179,8954073387,19.8136,0.000214,athlete
89a8100e323ffff,89a8100e323ffff,5239723179,5239723179,1.1024,0.992523,athlete
89a8100e323ffff,89a8100e327ffff,5239723179,6697698868,4.8815,0.860075,athlete
89a8100e323ffff,89a8100e32bffff,5239723179,142777323,10.0379,0.497021,athlete
89a8100e323ffff,89a8100e32fffff,5239723179,13165518049,7.9826,0.65581,athlete
89a8100e323ffff,89a8100e367ffff,5239723179,142814786,16.4924,0.073994,athlete
89a8100e323ffff,89a8100ee43ffff,5239723179,303788527,13.6751,0.227124,athlete
89a8100e323ffff,89a8100ee47ffff,5239723179,303788569,17.6779,0.032894,athlete
89a8100e323ffff,89a8100ee4bffff,5239723179,142806216,14.6375,0.167138,athlete
89a8100e323ffff,89a8100ee4fffff,5239723179,303788630,18.727,0.009963,athlete
89a8100e323ffff,89a8100ee53ffff,5239723179,11374107987,12.4411,0.312943,athlete
89a8100e323ffff,89a8100ee57ffff,5239723179,303788601,18.1853,0.020176,athlete
89a8100e323ffff,89a8100ee5bffff,5239723179,3317179765,9.7941,0.516167,athlete
89a8100e323ffff,89a8100eec3ffff,5239723179,11374715239,17.337,0.04311,athlete
89a8100e323ffff,89a8100eec7ffff,5239723179,142811324,19.7805,0.000297,athlete
89a8100e323ffff,89a8100eecbffff,5239723179,303788723,12.5813,0.302773,athlete
89a8100e323ffff,89a8100eecfffff,5239723179,10293138120,15.052,0.143569,athlete
89a8100e327ffff,89a8100c587ffff,6697698868,303858897,19.5618,0.001184,athlete
89a8100e327ffff,89a8100c593ffff,6697698868,304111065,14.2888,0.188068,athlete
89a8100e327ffff,89a8100c597ffff,6697698868,11374075968,14.7479,0.160722,athlete
89a8100e327ffff,89a8100e323ffff,6697698868,5239723179,3.9323,0.907609,athlete
89a8100e327ffff,89a8100e327ffff,6697698868,6697698868,1.6639,0.98302,athlete
89a8100e327ffff,89a8100e32bffff,6697698868,142777323,11.4446,0.387513,athlete
89a8100e327ffff,89a8100e32fffff,6697698868,13165518049,9.3892,0.547896,athlete
89a8100e327ffff,89a8100e367ffff,6697698868,142814786,17.899,0.026982,athlete
89a8100e327ffff,89a8100ee0bffff,6697698868,302727634,17.8722,0.02767,athlete
89a8100e327ffff,89a8100ee1bffff,6697698868,4187978161,17.3702,0.042056,athlete
89a8100e327ffff,89a8100ee43ffff,6697698868,303788527,14.6173,0.168324,athlete
89a8100e327ffff,89a8100ee47ffff,6697698868,303788569,17.4747,0.038824,athlete
89a8100e327ffff,89a8100ee4bffff,6697698868,142806216,16.0442,0.09346,athlete
89a8100e327ffff,89a8100ee53ffff,6697698868,11374107987,10.2716,0.478671,athlete
89a8100e327ffff,89a8100ee57ffff,6697698868,303788601,15.4436,0.122691,athlete
89a8100e327ffff,89a8100ee5bffff,6697698868,3317179765,11.2008,0.406248,athlete
89a8100e327ffff,89a8100eec3ffff,6697698868,11374715239,14.1194,0.198573,athlete
89a8100e327ffff,89a8100eec7ffff,6697698868,142811324,16.5629,0.07112,athlete
89a8100e327ffff,89a8100eecbffff,6697698868,303788723,9.3637,0.549889,athlete
89a8100e327ffff,89a8100eecfffff,6697698868,10293138120,11.8344,0.357909,athlete
89a8100e32bffff,89a8100c587ffff,142777323,303858897,17.5863,0.035508,athlete
89a8100e32bffff,89a8100c58bffff,142777323,1393378103,19.2266,0.003686,athlete
89a8100e32bffff,89a8100c593ffff,142777323,304111065,9.8039,0.515396,athlete
89a8100e32bffff,89a8100c597ffff,142777323,11374075968,12.4354,0.313356,athlete
89a8100e32bffff,89a8100c59bffff,142777323,8954073387,14.6624,0.165683,athlete
89a8100e32bffff,89a8100c5d3ffff,142777323,1097971350,18.9391,0.006927,athlete
89a8100e32bffff,89a8100c5d7ffff,142777323,303867318,19.8915,7.3e-05,athlete
89a8100e32bffff,89a8100e323ffff,142777323,5239723179,10.2448,0.480777,athlete
89a8100e32bffff,89a8100e327ffff,142777323,6697698868,12.6006,0.301383,athlete
89a8100e32bffff,89a8100e32bffff,142777323,142777323,1.6285,0.98373,athlete
89a8100e32bffff,89a8100e32fffff,142777323,13165518049,7.912,0.661069,athlete
89a8100e32bffff,89a8100e363ffff,142777323,388512103,15.3237,0.128936,athlete
89a8100e32bffff,89a8100e367ffff,142777323,142814786,8.0829,0.648301,athlete
89a8100e32bffff,89a8100e36fffff,142777323,389063008,13.7805,0.220225,athlete
89a8100e32bffff,89a8100e377ffff,142777323,388512089,15.3282,0.128697,athlete
89a8100e32bffff,89a8100ee43ffff,142777323,303788527,15.129,0.139356,athlete
89a8100e32bffff,89a8100ee47ffff,142777323,303788569,19.1318,0.004643,athlete
89a8100e32bffff,89a8100ee4bffff,142777323,142806216,15.6666,0.111432,athlete
89a8100e32bffff,89a8100ee53ffff,142777323,11374107987,14.3857,0.182156,athlete
89a8100e32bffff,89a8100ee57ffff,142777323,303788601,19.8704,0.000104,athlete
89a8100e32bffff,89a8100ee5bffff,142777323,3317179765,11.248,0.40261,athlete
89a8100e32bffff,89a8100eecbffff,142777323,303788723,17.2399,0.04626,athlete
89a8100e32bffff,89a8100eecfffff,142777323,10293138120,19.0308,0.005783,athlete
89a8100e32fffff,89a8100c583ffff,13165518049,12265197248,16.2183,0.085653,athlete
89a8100e32fffff,89a8100c587ffff,13165518049,303858897,12.8095,0.286438,athlete
89a8100e32fffff,89a8100c58bffff,13165518049,1393378103,15.8114,0.104376,athlete
89a8100e32fffff,89a8100c58fffff,13165518049,4252790480,15.4716,0.121251,athlete
89a8100e32fffff,89a8100c593ffff,13165518049,304111065,6.0695,0.789458,athlete
89a8100e32fffff,89a8100c597ffff,13165518049,11374075968,7.6585,0.67978,athlete
89a8100e32fffff,89a8100c59bffff,13165518049,8954073387,13.0011,0.272929,athlete
89a8100e32fffff,89a8100c5b3ffff,13165518049,11381688343,16.6015,0.069569,athlete
89a8100e32fffff,89a8100c5b7ffff,13165518049,11380298950,18.0528,0.023207,athlete
89a8100e32fffff,89a8100c5bbffff,13165518049,13453136400,19.5001,0.001541,athlete
89a8100e32fffff,89a8100c5d7ffff,13165518049,303867318,18.4083,0.015547,athlete
89a8100e32fffff,89a8100e323ffff,13165518049,5239723179,7.3041,0.705463,athlete
89a8100e32fffff,89a8100e327ffff,13165518049,6697698868,9.6599,0.526699,athlete
89a8100e32fffff,89a8100e32bffff,13165518049,142777323,5.9757,0.795436,athlete
89a8100e32fffff,89a8100e32fffff,13165518049,13165518049,1.17,0.99158,athlete
89a8100e32fffff,89a8100e363ffff,13165518049,388512103,19.29,0.003106,athlete
89a8100e32fffff,89a8100e367ffff,13165518049,142814786,11.5294,0.381035,athlete
89a8100e32fffff,89a8100e36fffff,13165518049,389063008,17.7469,0.030989,athlete
89a8100e32fffff,89a8100e377ffff,13165518049,388512089,19.2946,0.003066,athlete
89a8100e32fffff,89a8100ee0bffff,13165518049,302727634,19.0588,0.005454,athlete
89a8100e32fffff,89a8100ee1bffff,13165518049,4187978161,18.5569,0.012791,athlete
89a8100e32fffff,89a8100ee43ffff,13165518049,303788527,9.9869,0.501033,athlete
89a8100e32fffff,89a8100ee47ffff,13165518049,303788569,13.9897,0.206765,athlete
89a8100e32fffff,89a8100ee4bffff,13165518049,142806216,10.8897,0.43035,athlete
89a8100e32fffff,89a8100ee4fffff,13165518049,303788630,15.0387,0.144302,athlete
89a8100e32fffff,89a8100ee53ffff,13165518049,11374107987,9.2435,0.559272,athlete
89a8100e32fffff,89a8100ee57ffff,13165518049,303788601,14.7282,0.161856,athlete
89a8100e32fffff,89a8100ee5bffff,13165518049,3317179765,6.1059,0.787126,athlete
89a8100e32fffff,89a8100ee73ffff,13165518049,303561646,18.5006,0.013804,athlete
89a8100e32fffff,89a8100ee7bffff,13165518049,11381714308,18.2932,0.017863,athlete
89a8100e32fffff,89a8100eec3ffff,13165518049,11374715239,16.4706,0.074893,athlete
89a8100e32fffff,89a8100eec7ffff,13165518049,142811324,18.5514,0.012888,athlete
89a8100e32fffff,89a8100eecbffff,13165518049,303788723,12.0978,0.338204,athlete
89a8100e32fffff,89a8100eecfffff,13165518049,10293138120,13.8887,0.213225,athlete
89a8100e363ffff,89a8100c583ffff,388512103,12265197248,19.7807,0.000297,athlete
89a8100e363ffff,89a8100c58bffff,388512103,1393378103,15.3664,0.126696,athlete
89a8100e363ffff,89a8100c593ffff,388512103,304111065,13.1114,0.265246,athlete
89a8100e363ffff,89a8100c597ffff,388512103,11374075968,17.3238,0.043531,athlete
89a8100e363ffff,89a8100c59bffff,388512103,8954073387,10.8022,0.437159,athlete
89a8100e363ffff,89a8100c5d3ffff,388512103,1097971350,11.7706,0.362723,athlete
89a8100e363ffff,89a8100c5d7ffff,388512103,303867318,15.5653,0.116487,athlete
89a8100e363ffff,89a8100c5dbffff,388512103,12535296158,19.2057,0.003886,athlete
89a8100e363ffff,89a8100e32bffff,388512103,142777323,11.4209,0.389327,athlete
89a8100e363ffff,89a8100e32fffff,388512103,13165518049,17.7044,0.032157,athlete
89a8100e363ffff,89a8100e363ffff,388512103,388512103,0.9895,0.993972,athlete
89a8100e363ffff,89a8100e367ffff,388512103,142814786,7.0023,0.726832,athlete
89a8100e363ffff,89a8100e36bffff,388512103,389063054,6.1201,0.786211,athlete
89a8100e363ffff,89a8100e36fffff,388512103,389063008,7.8398,0.666423,athlete
89a8100e363ffff,89a8100e377ffff,388512103,388512089,6.372,0.769767,athlete
89a8100e363ffff,89a8100e37bffff,388512103,389063068,7.916,0.660766,athlete
89a8100e367ffff,89a8100c513ffff,142814786,303862596,17.5333,0.037066,athlete
89a8100e367ffff,89a8100c583ffff,142814786,12265197248,13.2104,0.258404,athlete
89a8100e367ffff,89a8100c587ffff,142814786,303858897,15.5083,0.119374,athlete
89a8100e367ffff,89a8100c58bffff,142814786,1393378103,11.5757,0.377502,athlete
89a8100e367ffff,89a8100c58fffff,142814786,4252790480,14.7352,0.161456,athlete
89a8100e367ffff,89a8100c593ffff,142814786,304111065,6.5411,0.758489,athlete
89a8100e367ffff,89a8100c597ffff,142814786,11374075968,10.7536,0.440949,athlete
89a8100e367ffff,89a8100c59bffff,142814786,8954073387,7.0116,0.726184,athlete
89a8100e367ffff,89a8100c5b3ffff,142814786,11381688343,19.6966,0.000568,athlete
89a8100e367ffff,89a8100c5c3ffff,142814786,303868171,19.7215,0.000478,athlete
89a8100e367ffff,89a8100c5c7ffff,142814786,2816708327,16.6504,0.067628,athlete
89a8100e367ffff,89a8100c5d3ffff,142814786,1097971350,12.3831,0.317171,athlete
89a8100e367ffff,89a8100c5d7ffff,142814786,303867318,12.5317,0.306358,athlete
89a8100e367ffff,89a8100e323ffff,142814786,5239723179,14.5772,0.170692,athlete
89a8100e367ffff,89a8100e327ffff,142814786,6697698868,16.9329,0.056912,athlete
89a8100e367ffff,89a8100e32bffff,142814786,142777323,5.9608,0.796375,athlete
89a8100e367ffff,89a8100e32fffff,142814786,13165518049,11.3385,0.395649,athlete
89a8100e367ffff,89a8100e363ffff,142814786,388512103,8.7677,0.596183,athlete
89a8100e367ffff,89a8100e367ffff,142814786,142814786,0.4321,0.998849,athlete
89a8100e367ffff,89a8100e36bffff,142814786,389063054,13.8231,0.217461,athlete
89a8100e367ffff,89a8100e36fffff,142814786,389063008,7.2245,0.711145,athlete
89a8100e367ffff,89a8100e377ffff,142814786,388512089,8.7722,0.595834,athlete
89a8100e367ffff,89a8100e37bffff,142814786,389063068,15.6191,0.113791,athlete
89a8100e367ffff,89a8100ee43ffff,142814786,303788527,18.1473,0.021025,athlete
89a8100e367ffff,89a8100ee4bffff,142814786,142806216,15.8395,0.10303,athlete
89a8100e367ffff,89a8100ee53ffff,142814786,11374107987,17.7804,0.030083,athlete
89a8100e367ffff,89a8100ee5bffff,142814786,3317179765,13.6016,0.231981,athlete
89a8100e36bffff,89a8100c437ffff,389063054,12941702505,18.7087,0.01025,athlete
89a8100e36bffff,89a8100c4a3ffff,389063054,12904007453,19.911,4.9e-05,athlete
89a8100e36bffff,89a8100c4a7ffff,389063054,12889670101,19.2668,0.003313,athlete
89a8100e36bffff,89a8100c4afffff,389063054,12996381317,15.7201,0.108801,athlete
89a8100e36bffff,89a8100c58bffff,389063054,1393378103,18.2199,0.019419,athlete
89a8100e36bffff,89a8100c593ffff,389063054,304111065,15.9649,0.097116,athlete
89a8100e36bffff,89a8100c59bffff,389063054,8954073387,13.6558,0.228397,athlete
89a8100e36bffff,89a8100c5c3ffff,389063054,303868171,14.859,0.154365,athlete
89a8100e36bffff,89a8100c5cbffff,389063054,13037844868,19.6404,0.000797,athlete
89a8100e36bffff,89a8100c5cfffff,389063054,2687705140,19.4293,0.002008,athlete
89a8100e36bffff,89a8100c5d3ffff,389063054,1097971350,9.9865,0.501064,athlete
89a8100e36bffff,89a8100c5d7ffff,389063054,303867318,17.9959,0.024571,athlete
89a8100e36bffff,89a8100c5dbffff,389063054,12535296158,13.5321,0.236604,athlete
89a8100e36bffff,89a8100e32bffff,389063054,142777323,14.2745,0.188947,athlete
89a8100e36bffff,89a8100e363ffff,389063054,388512103,3.8431,0.911629,athlete
89a8100e36bffff,89a8100e367ffff,389063054,142814786,9.8559,0.511317,athlete
89a8100e36bffff,89a8100e36bffff,389063054,389063054,0.4465,0.998771,athlete
89a8100e36bffff,89a8100e36fffff,389063054,389063008,9.4823,0.540617,athlete
89a8100e36bffff,89a8100e377ffff,389063054,388512089,9.2256,0.560674,athlete
89a8100e36bffff,89a8100e37bffff,389063054,389063068,4.0087,0.904108,athlete
89a8100e36fffff,89a8100c4afffff,389063008,12996381317,18.1619,0.020696,athlete
89a8100e36fffff,89a8100c583ffff,389063008,12265197248,18.5939,0.012147,athlete
89a8100e36fffff,89a8100c58bffff,389063008,1393378103,14.1796,0.194816,athlete
89a8100e36fffff,89a8100c593ffff,389063008,304111065,11.9246,0.351137,athlete
89a8100e36fffff,89a8100c597ffff,389063008,11374075968,16.137,0.089259,athlete
89a8100e36fffff,89a8100c59bffff,389063008,8954073387,9.6154,0.530186,athlete
89a8100e36fffff,89a8100c5c3ffff,389063008,303868171,15.1733,0.136955,athlete
89a8100e36fffff,89a8100c5c7ffff,389063008,2816708327,19.2542,0.003427,athlete
89a8100e36fffff,89a8100c5cbffff,389063008,13037844868,18.9969,0.006194,athlete
89a8100e36fffff,89a8100c5cfffff,389063008,2687705140,19.7436,0.000405,athlete
89a8100e36fffff,89a8100c5d3ffff,389063008,1097971350,5.6258,0.817151,athlete
89a8100e36fffff,89a8100c5d7ffff,389063008,303867318,14.3785,0.182593,athlete
89a8100e36fffff,89a8100c5dbffff,389063008,12535296158,13.8464,0.21595,athlete
89a8100e36fffff,89a8100e323ffff,389063008,5239723179,18.8504,0.00813,athlete
89a8100e36fffff,89a8100e32bffff,389063008,142777323,10.2341,0.481619,athlete
89a8100e36fffff,89a8100e32fffff,389063008,13165518049,16.5176,0.072961,athlete
89a8100e36fffff,89a8100e363ffff,389063008,388512103,8.1962,0.639785,athlete
89a8100e36fffff,89a8100e367ffff,389063008,142814786,5.8155,0.805489,athlete
89a8100e36fffff,89a8100e36bffff,389063008,389063054,12.3005,0.323223,athlete
89a8100e36fffff,89a8100e36fffff,389063008,389063008,0.4672,0.998654,athlete
89a8100e36fffff,89a8100e377ffff,389063008,388512089,8.2007,0.639443,athlete
89a8100e36fffff,89a8100e37bffff,389063008,389063068,14.0965,0.200009,athlete
89a8100e36fffff,89a8100ee5bffff,389063008,3317179765,18.985,0.006341,athlete
89a8100e377ffff,89a8100c58bffff,388512089,1393378103,17.6018,0.03506,athlete
89a8100e377ffff,89a8100c593ffff,388512089,304111065,15.3468,0.127722,athlete
89a8100e377ffff,89a8100c597ffff,388512089,11374075968,19.5592,0.001198,athlete
89a8100e377ffff,89a8100c59bffff,388512089,8954073387,13.0376,0.270375,athlete
89a8100e377ffff,89a8100c5d3ffff,388512089,1097971350,15.2338,0.133703,athlete
89a8100e377ffff,89a8100c5d7ffff,388512089,303867318,17.8007,0.029541,athlete
89a8100e377ffff,89a8100e32bffff,388512089,142777323,13.6563,0.228364,athlete
89a8100e377ffff,89a8100e32fffff,388512089,13165518049,19.9398,2.2e-05,athlete
89a8100e377ffff,89a8100e363ffff,388512089,388512103,8.6029,0.608852,athlete
89a8100e377ffff,89a8100e367ffff,388512089,142814786,9.2377,0.559725,athlete
89a8100e377ffff,89a8100e36bffff,388512089,389063054,13.7334,0.223298,athlete
89a8100e377ffff,89a8100e36fffff,388512089,389063008,10.0752,0.494093,athlete
89a8100e377ffff,89a8100e377ffff,388512089,388512089,1.4746,0.986646,athlete
89a8100e377ffff,89a8100e37bffff,388512089,389063068,15.5294,0.118301,athlete
89a8100e37bffff,89a8100c593ffff,389063068,304111065,19.2904,0.003103,athlete
89a8100e37bffff,89a8100c59bffff,389063068,8954073387,16.9812,0.055168,athlete
89a8100e37bffff,89a8100c5c3ffff,389063068,303868171,19.6382,0.000807,athlete
89a8100e37bffff,89a8100c5d3ffff,389063068,1097971350,14.7657,0.159697,athlete
89a8100e37bffff,89a8100c5dbffff,389063068,12535296158,18.3113,0.017487,athlete
89a8100e37bffff,89a8100e32bffff,389063068,142777323,17.5999,0.035115,athlete
89a8100e37bffff,89a8100e363ffff,389063068,388512103,7.1685,0.715126,athlete
89a8100e37bffff,89a8100e367ffff,389063068,142814786,13.1813,0.26041,athlete
89a8100e37bffff,89a8100e36bffff,389063068,389063054,5.2257,0.840801,athlete
89a8100e37bffff,89a8100e36fffff,389063068,389063008,12.8077,0.286564,athlete
89a8100e37bffff,89a8100e377ffff,389063068,388512089,12.551,0.304965,athlete
89a8100e37bffff,89a8100e37bffff,389063068,389063068,2.9412,0.94758,athlete
89a8100ea03ffff,89a8100ea03ffff,4714368990,4714368990,2.626,0.958062,athlete
89a8100ea03ffff,89a8100ea07ffff,4714368990,11287099391,8.1104,0.646242,athlete
89a8100ea03ffff,89a8100ea0bffff,4714368990,12519106573,13.1741,0.260908,athlete
89a8100ea03ffff,89a8100ea0fffff,4714368990,142788297,8.8785,0.58763,athlete
89a8100ea03ffff,89a8100ea13ffff,4714368990,28149737,13.4686,0.240856,athlete
89a8100ea03ffff,89a8100ea17ffff,4714368990,11287130321,12.0624,0.34084,athlete
89a8100ea03ffff,89a8100ea1bffff,4714368990,11287146311,13.6855,0.22644,athlete
89a8100ea03ffff,89a8100ea3bffff,4714368990,4676590863,11.4756,0.385143,athlete
89a8100ea03ffff,89a8100ea43ffff,4714368990,11287001106,17.3925,0.041357,athlete
89a8100ea03ffff,89a8100ea47ffff,4714368990,444960068,16.2077,0.086118,athlete
89a8100ea03ffff,89a8100ea53ffff,4714368990,13449882082,19.5765,0.001106,athlete
89a8100ea03ffff,89a8100ea57ffff,4714368990,11287035477,13.8126,0.218139,athlete
89a8100ea03ffff,89a8100ea7bffff,4714368990,466174576,18.4002,0.015705,athlete
89a8100ea03ffff,89a8100ea8bffff,4714368990,8572469297,18.7622,0.009421,athlete
89a8100ea03ffff,89a8100ea8fffff,4714368990,12258359594,19.4344,0.001972,athlete
89a8100ea03ffff,89a8100eac7ffff,4714368990,12554685114,19.3698,0.002448,athlete
89a8100ea03ffff,89a8100eacbffff,4714368990,5635274734,18.653,0.01115,athlete
89a8100ea03ffff,89a8100eacfffff,4714368990,6354712520,15.7779,0.105989,athlete
89a8100ea07ffff,89a8100ea03ffff,11287099391,4714368990,8.328,0.629815,athlete
89a8100ea07ffff,89a8100ea07ffff,11287099391,11287099391,0.5879,0.99787,athlete
89a8100ea07ffff,89a8100ea0bffff,11287099391,12519106573,12.58,0.302869,athlete
89a8100ea07ffff,89a8100ea0fffff,11287099391,142788297,6.1448,0.784617,athlete
89a8100ea07ffff,89a8100ea13ffff,11287099391,28149737,6.1574,0.783805,athlete
89a8100ea07ffff,89a8100ea17ffff,11287099391,11287130321,4.7511,0.867101,athlete
89a8100ea07ffff,89a8100ea1bffff,11287099391,11287146311,13.0336,0.270653,athlete
89a8100ea07ffff,89a8100ea3bffff,11287099391,4676590863,7.0155,0.725911,athlete
89a8100ea07ffff,89a8100ea47ffff,11287099391,444960068,15.6136,0.114061,athlete
89a8100ea07ffff,89a8100ea57ffff,11287099391,11287035477,16.7309,0.064486,athlete
89a8100ea07ffff,89a8100ea7bffff,11287099391,466174576,17.8061,0.029399,athlete
89a8100ea07ffff,89a8100ea83ffff,11287099391,12088965179,13.5954,0.232391,athlete
89a8100ea07ffff,89a8100ea8bffff,11287099391,8572469297,11.451,0.387025,athlete
89a8100ea07ffff,89a8100ea8fffff,11287099391,12258359594,12.1232,0.336319,athlete
89a8100ea07ffff,89a8100ea93ffff,11287099391,8950638851,18.8045,0.00879,athlete
89a8100ea07ffff,89a8100ea9bffff,11287099391,303562378,16.4435,0.076015,athlete
89a8100ea07ffff,89a8100eac3ffff,11287099391,11331125078,16.4303,0.076567,athlete
89a8100ea07ffff,89a8100eac7ffff,11287099391,12554685114,12.0586,0.341124,athlete
89a8100ea07ffff,89a8100eacfffff,11287099391,6354712520,18.6962,0.010449,athlete
89a8100ea07ffff,89a8100ead3ffff,11287099391,11334987710,18.5703,0.012555,athlete
89a8100ea07ffff,89a8100ead7ffff,11287099391,2147307307,14.6271,0.167753,athlete
89a8100ea0bffff,89a8100c1a3ffff,12519106573,12108257609,19.951,1.5e-05,athlete
89a8100ea0bffff,89a8100c1b3ffff,12519106573,4947783360,18.833,0.008377,athlete
89a8100ea0bffff,89a8100c1b7ffff,12519106573,444959947,11.7322,0.365627,athlete
89a8100ea0bffff,89a8100ea03ffff,12519106573,4714368990,11.6503,0.37183,athlete
89a8100ea0bffff,89a8100ea07ffff,12519106573,11287099391,10.1371,0.489232,athlete
89a8100ea0bffff,89a8100ea0bffff,12519106573,12519106573,0.4501,0.998751,athlete
89a8100ea0bffff,89a8100ea0fffff,12519106573,142788297,7.0425,0.724015,athlete
89a8100ea0bffff,89a8100ea13ffff,12519106573,28149737,12.4705,0.310804,athlete
89a8100ea0bffff,89a8100ea17ffff,12519106573,11287130321,14.0891,0.200474,athlete
89a8100ea0bffff,89a8100ea1bffff,12519106573,11287146311,12.1763,0.332382,athlete
89a8100ea0bffff,89a8100ea2bffff,12519106573,466175219,17.1253,0.050116,athlete
89a8100ea0bffff,89a8100ea3bffff,12519106573,4676590863,11.2619,0.40154,athlete
89a8100ea0bffff,89a8100ea43ffff,12519106573,11287001106,11.7422,0.364872,athlete
89a8100ea0bffff,89a8100ea47ffff,12519106573,444960068,6.4331,0.765716,athlete
89a8100ea0bffff,89a8100ea4bffff,12519106573,11298600034,16.2134,0.085868,athlete
89a8100ea0bffff,89a8100ea4fffff,12519106573,13446021938,12.9713,0.275017,athlete
89a8100ea0bffff,89a8100ea53ffff,12519106573,13449882082,16.6936,0.065935,athlete
89a8100ea0bffff,89a8100ea57ffff,12519106573,11287035477,12.3034,0.323011,athlete
89a8100ea0bffff,89a8100ea5bffff,12519106573,11289900012,18.0989,0.022129,athlete
89a8100ea0bffff,89a8100ea63ffff,12519106573,7306551848,11.7279,0.365951,athlete
89a8100ea0bffff,89a8100ea67ffff,12519106573,924871041,16.1166,0.090179,athlete
89a8100ea0bffff,89a8100ea6bffff,12519106573,11237359275,12.0816,0.33941,athlete
89a8100ea0bffff,89a8100ea6fffff,12519106573,466174783,14.7856,0.158555,athlete
89a8100ea0bffff,89a8100ea77ffff,12519106573,6879445477,18.3225,0.017258,athlete
89a8100ea0bffff,89a8100ea7bffff,12519106573,466174576,8.6255,0.607117,athlete
89a8100ea0bffff,89a8100ea83ffff,12519106573,12088965179,19.9408,2.2e-05,athlete
89a8100ea0bffff,89a8100ea8bffff,12519106573,8572469297,17.7964,0.029656,athlete
89a8100ea0bffff,89a8100ea8fffff,12519106573,12258359594,18.4686,0.014396,athlete
89a8100ea0bffff,89a8100eac3ffff,12519106573,11331125078,18.8279,0.008451,athlete
89a8100ea0bffff,89a8100eac7ffff,12519106573,12554685114,18.4005,0.015699,athlete
89a8100ea0bffff,89a8100eacbffff,12519106573,5635274734,17.1438,0.049482,athlete
89a8100ea0bffff,89a8100eacfffff,12519106573,6354712520,14.2687,0.189301,athlete
89a8100ea0fffff,89a8100c1b7ffff,142788297,444959947,15.5371,0.117909,athlete
89a8100ea0fffff,89a8100ea03ffff,142788297,4714368990,7.7475,0.673243,athlete
89a8100ea0fffff,89a8100ea07ffff,142788297,11287099391,4.4124,0.884635,athlete
89a8100ea0fffff,89a8100ea0bffff,142788297,12519106573,7.666,0.679235,athlete
89a8100ea0fffff,89a8100ea0fffff,142788297,142788297,0.5523,0.99812,athlete
89a8100ea0fffff,89a8100ea13ffff,142788297,28149737,9.8161,0.514443,athlete
89a8100ea0fffff,89a8100ea17ffff,142788297,11287130321,8.4098,0.623596,athlete
89a8100ea0fffff,89a8100ea1bffff,142788297,11287146311,15.4417,0.122784,athlete
89a8100ea0fffff,89a8100ea3bffff,142788297,4676590863,5.3286,0.834842,athlete
89a8100ea0fffff,89a8100ea43ffff,142788297,11287001106,15.5471,0.117404,athlete
89a8100ea0fffff,89a8100ea47ffff,142788297,444960068,10.238,0.48131,athlete
89a8100ea0fffff,89a8100ea4fffff,142788297,13446021938,16.7762,0.062749,athlete
89a8100ea0fffff,89a8100ea57ffff,142788297,11287035477,15.5688,0.116308,athlete
89a8100ea0fffff,89a8100ea63ffff,142788297,7306551848,15.5328,0.118127,athlete
89a8100ea0fffff,89a8100ea67ffff,142788297,924871041,19.9215,3.8e-05,athlete
89a8100ea0fffff,89a8100ea6bffff,142788297,11237359275,15.8865,0.100793,athlete
89a8100ea0fffff,89a8100ea6fffff,142788297,466174783,18.5905,0.012205,athlete
89a8100ea0fffff,89a8100ea7bffff,142788297,466174576,12.4304,0.313718,athlete
89a8100ea0fffff,89a8100ea83ffff,142788297,12088965179,17.2541,0.045793,athlete
89a8100ea0fffff,89a8100ea8bffff,142788297,8572469297,15.1097,0.140407,athlete
89a8100ea0fffff,89a8100ea8fffff,142788297,12258359594,15.7819,0.105794,athlete
89a8100ea0fffff,89a8100eac7ffff,142788297,12554685114,15.7173,0.108937,athlete
89a8100ea0fffff,89a8100eacfffff,142788297,6354712520,17.5341,0.037041,athlete
89a8100ea0fffff,89a8100ead7ffff,142788297,2147307307,18.2858,0.018017,athlete
89a8100ea13ffff,89a8100c5a7ffff,28149737,11315561922,16.6057,0.069402,athlete
89a8100ea13ffff,89a8100ea03ffff,28149737,4714368990,17.7248,0.031593,athlete
89a8100ea13ffff,89a8100ea07ffff,28149737,11287099391,10.1959,0.484614,athlete
89a8100ea13ffff,89a8100ea0bffff,28149737,12519106573,17.5692,0.036007,athlete
89a8100ea13ffff,89a8100ea0fffff,28149737,142788297,15.6403,0.112732,athlete
89a8100ea13ffff,89a8100ea13ffff,28149737,28149737,0.0862,0.999954,athlete
89a8100ea13ffff,89a8100ea17ffff,28149737,11287130321,6.1251,0.785887,athlete
89a8100ea13ffff,89a8100ea1bffff,28149737,11287146311,6.9948,0.727361,athlete
89a8100ea13ffff,89a8100ea3bffff,28149737,4676590863,16.511,0.073228,athlete
89a8100ea13ffff,89a8100ea43ffff,28149737,11287001106,17.8581,0.028035,athlete
89a8100ea13ffff,89a8100ea47ffff,28149737,444960068,18.8278,0.008452,athlete
89a8100ea13ffff,89a8100ea53ffff,28149737,13449882082,18.957,0.006696,athlete
89a8100ea13ffff,89a8100ea57ffff,28149737,11287035477,13.1931,0.259599,athlete
89a8100ea13ffff,89a8100ea83ffff,28149737,12088965179,7.5565,0.687232,athlete
89a8100ea13ffff,89a8100ea8bffff,28149737,8572469297,5.4121,0.829943,athlete
89a8100ea13ffff,89a8100ea8fffff,28149737,12258359594,6.0843,0.788509,athlete
89a8100ea13ffff,89a8100ea93ffff,28149737,8950638851,12.7657,0.289554,athlete
89a8100ea13ffff,89a8100ea9bffff,28149737,303562378,10.4046,0.468241,athlete
89a8100ea13ffff,89a8100eac3ffff,28149737,11331125078,10.3914,0.469278,athlete
89a8100ea13ffff,89a8100eac7ffff,28149737,12554685114,6.0197,0.79264,athlete
89a8100ea13ffff,89a8100eacbffff,28149737,5635274734,16.5623,0.071145,athlete
89a8100ea13ffff,89a8100eacfffff,28149737,6354712520,13.6871,0.226334,athlete
89a8100ea13ffff,89a8100ead3ffff,28149737,11334987710,12.5315,0.306377,athlete
89a8100ea13ffff,89a8100ead7ffff,28149737,2147307307,8.5882,0.609977,athlete
89a8100ea13ffff,89a8100eadbffff,28149737,13452423932,15.7862,0.105586,athlete
89a8100ea13ffff,89a8100ee2bffff,28149737,4343780793,17.5224,0.03739,athlete
89a8100ea13ffff,89a8100ee63ffff,28149737,4234762112,19.1293,0.004669,athlete
89a8100ea13ffff,89a8100ee67ffff,28149737,8026880962,14.8993,0.152083,athlete
89a8100ea13ffff,89a8100ee6bffff,28149737,60624735,17.9096,0.026713,athlete
89a8100ea13ffff,89a8100ee6fffff,28149737,303562332,15.525,0.118525,athlete
89a8100ea13ffff,89a8100ee77ffff,28149737,4187978113,19.7084,0.000524,athlete
89a8100ea17ffff,89a8100ea03ffff,11287130321,4714368990,15.5962,0.114931,athlete
89a8100ea17ffff,89a8100ea07ffff,11287130321,11287099391,8.0674,0.649467,athlete
89a8100ea17ffff,89a8100ea0bffff,11287130321,12519106573,19.868,0.000108,athlete
89a8100ea17ffff,89a8100ea0fffff,11287130321,142788297,13.5118,0.237962,athlete
89a8100ea17ffff,89a8100ea13ffff,11287130321,28149737,6.5445,0.758266,athlete
89a8100ea17ffff,89a8100ea17ffff,11287130321,11287130321,0.3824,0.999098,athlete
89a8100ea17ffff,89a8100ea1bffff,11287130321,11287146311,13.1873,0.259999,athlete
89a8100ea17ffff,89a8100ea3bffff,11287130321,4676590863,14.3825,0.18235,athlete
89a8100ea17ffff,89a8100ea57ffff,11287130321,11287035477,19.3856,0.002327,athlete
89a8100ea17ffff,89a8100ea83ffff,11287130321,12088965179,13.749,0.222278,athlete
89a8100ea17ffff,89a8100ea8bffff,11287130321,8572469297,11.6046,0.375305,athlete
89a8100ea17ffff,89a8100ea8fffff,11287130321,12258359594,12.2768,0.324966,athlete
89a8100ea17ffff,89a8100ea93ffff,11287130321,8950638851,18.9582,0.006681,athlete
89a8100ea17ffff,89a8100ea9bffff,11287130321,303562378,16.5971,0.069743,athlete
89a8100ea17ffff,89a8100eac3ffff,11287130321,11331125078,16.5839,0.070273,athlete
89a8100ea17ffff,89a8100eac7ffff,11287130321,12554685114,12.2122,0.32973,athlete
89a8100ea17ffff,89a8100eacfffff,11287130321,6354712520,19.8796,8.9e-05,athlete
89a8100ea17ffff,89a8100ead3ffff,11287130321,11334987710,18.724,0.01001,athlete
89a8100ea17ffff,89a8100ead7ffff,11287130321,2147307307,14.7807,0.158833,athlete
89a8100ea1bffff,89a8100c527ffff,11287146311,13452330655,18.8223,0.008532,athlete
89a8100ea1bffff,89a8100c537ffff,11287146311,11404088064,18.4008,0.015692,athlete
89a8100ea1bffff,89a8100c5a7ffff,11287146311,11315561922,18.8661,0.00791,athlete
89a8100ea1bffff,89a8100ea03ffff,11287146311,4714368990,14.1347,0.197616,athlete
89a8100ea1bffff,89a8100ea07ffff,11287146311,11287099391,14.4139,0.180445,athlete
89a8100ea1bffff,89a8100ea0bffff,11287146311,12519106573,13.9976,0.206259,athlete
89a8100ea1bffff,89a8100ea0fffff,11287146311,142788297,16.9712,0.055528,athlete
89a8100ea1bffff,89a8100ea13ffff,11287146311,28149737,4.3966,0.885429,athlete
89a8100ea1bffff,89a8100ea17ffff,11287146311,11287130321,9.9554,0.5035,athlete
89a8100ea1bffff,89a8100ea1bffff,11287146311,11287146311,0.4481,0.998762,athlete
89a8100ea1bffff,89a8100ea43ffff,11287146311,11287001106,11.8396,0.357521,athlete
89a8100ea1bffff,89a8100ea47ffff,11287146311,444960068,15.2562,0.132509,athlete
89a8100ea1bffff,89a8100ea4bffff,11287146311,11298600034,17.5543,0.036446,athlete
89a8100ea1bffff,89a8100ea4fffff,11287146311,13446021938,16.7735,0.062853,athlete
89a8100ea1bffff,89a8100ea53ffff,11287146311,13449882082,12.4103,0.315183,athlete
89a8100ea1bffff,89a8100ea57ffff,11287146311,11287035477,6.6464,0.751375,athlete
89a8100ea1bffff,89a8100ea5bffff,11287146311,11289900012,18.9175,0.007211,athlete
89a8100ea1bffff,89a8100ea7bffff,11287146311,466174576,17.4486,0.03962,athlete
89a8100ea1bffff,89a8100ea83ffff,11287146311,12088965179,10.9064,0.429054,athlete
89a8100ea1bffff,89a8100ea8bffff,11287146311,8572469297,8.4159,0.623135,athlete
89a8100ea1bffff,89a8100ea8fffff,11287146311,12258359594,9.4342,0.544382,athlete
89a8100ea1bffff,89a8100ea93ffff,11287146311,8950638851,15.1271,0.139461,athlete
89a8100ea1bffff,89a8100ea9bffff,11287146311,303562378,12.766,0.289527,athlete
89a8100ea1bffff,89a8100eac3ffff,11287146311,11331125078,9.2122,0.561716,athlete
89a8100ea1bffff,89a8100eac7ffff,11287146311,12554685114,7.6631,0.679447,athlete
89a8100ea1bffff,89a8100eacbffff,11287146311,5635274734,10.0156,0.498773,athlete
89a8100ea1bffff,89a8100eacfffff,11287146311,6354712520,7.1405,0.71711,athlete
89a8100ea1bffff,89a8100ead3ffff,11287146311,11334987710,14.7919,0.15819,athlete
89a8100ea1bffff,89a8100ead7ffff,11287146311,2147307307,10.8709,0.431815,athlete
89a8100ea1bffff,89a8100eadbffff,11287146311,13452423932,14.9001,0.152038,athlete
89a8100ea1bffff,89a8100ee2bffff,11287146311,4343780793,19.8838,8.3e-05,athlete
89a8100ea1bffff,89a8100ee67ffff,11287146311,8026880962,17.182,0.04819,athlete
89a8100ea1bffff,89a8100ee6fffff,11287146311,303562332,17.8077,0.029356,athlete
89a8100ea2bffff,89a8100c1b7ffff,466175219,444959947,18.3385,0.016932,athlete
89a8100ea2bffff,89a8100ea0bffff,466175219,12519106573,19.3353,0.002723,athlete
89a8100ea2bffff,89a8100ea2bffff,466175219,466175219,0.2465,0.999625,athlete
89a8100ea2bffff,89a8100ea47ffff,466175219,444960068,19.872,0.000101,athlete
89a8100ea2bffff,89a8100ea63ffff,466175219,7306551848,9.929,0.505572,athlete
89a8100ea2bffff,89a8100ea67ffff,466175219,924871041,5.546,0.82197,athlete
89a8100ea2bffff,89a8100ea6bffff,466175219,11237359275,17.0064,0.054267,athlete
89a8100ea2bffff,89a8100ea6fffff,466175219,466174783,12.6933,0.294722,athlete
89a8100ea2bffff,89a8100ea77ffff,466175219,6879445477,6.2411,0.778368,athlete
89a8100ea2bffff,89a8100ea7bffff,466175219,466174576,14.1928,0.193995,athlete
89a8100ea3bffff,89a8100c1b7ffff,4676590863,444959947,19.2875,0.003128,athlete
89a8100ea3bffff,89a8100ea03ffff,4676590863,4714368990,10.3662,0.471256,athlete
89a8100ea3bffff,89a8100ea07ffff,4676590863,11287099391,5.6771,0.814025,athlete
89a8100ea3bffff,89a8100ea0bffff,4676590863,12519106573,11.6198,0.374152,athlete
89a8100ea3bffff,89a8100ea0fffff,4676590863,142788297,4.9262,0.857628,athlete
89a8100ea3bffff,89a8100ea13ffff,4676590863,28149737,11.134,0.411403,athlete
89a8100ea3bffff,89a8100ea17ffff,4676590863,11287130321,9.7278,0.521372,athlete
89a8100ea3bffff,89a8100ea1bffff,4676590863,11287146311,18.0103,0.024222,athlete
89a8100ea3bffff,89a8100ea3bffff,4676590863,4676590863,0.7833,0.99622,athlete
89a8100ea3bffff,89a8100ea43ffff,4676590863,11287001106,19.2975,0.003042,athlete
89a8100ea3bffff,89a8100ea47ffff,4676590863,444960068,13.9884,0.206848,athlete
89a8100ea3bffff,89a8100ea57ffff,4676590863,11287035477,18.7691,0.009317,athlete
89a8100ea3bffff,89a8100ea63ffff,4676590863,7306551848,19.2832,0.003166,athlete
89a8100ea3bffff,89a8100ea6bffff,4676590863,11237359275,19.6369,0.000813,athlete
89a8100ea3bffff,89a8100ea7bffff,4676590863,466174576,16.1808,0.087311,athlete
89a8100ea3bffff,89a8100ea83ffff,4676590863,12088965179,18.5721,0.012525,athlete
89a8100ea3bffff,89a8100ea8bffff,4676590863,8572469297,16.4276,0.076677,athlete
89a8100ea3bffff,89a8100ea8fffff,4676590863,12258359594,17.0999,0.050991,athlete
89a8100ea3bffff,89a8100eac7ffff,4676590863,12554685114,17.0352,0.053247,athlete
89a8100ea3bffff,89a8100ead7ffff,4676590863,2147307307,19.6037,0.000968,athlete
89a8100ea43ffff,89a8100c117ffff,11287001106,12572923907,16.6968,0.065808,athlete
89a8100ea43ffff,89a8100c183ffff,11287001106,11386299646,16.2416,0.084634,athlete
89a8100ea43ffff,89a8100c187ffff,11287001106,13444985140,11.3072,0.398052,athlete
89a8100ea43ffff,89a8100c18fffff,11287001106,11298619952,16.0807,0.091799,athlete
89a8100ea43ffff,89a8100c193ffff,11287001106,8652181848,18.1672,0.020577,athlete
89a8100ea43ffff,89a8100c197ffff,11287001106,11298557475,11.2223,0.404586,athlete
89a8100ea43ffff,89a8100c1a3ffff,11287001106,12108257609,13.8044,0.21867,athlete
89a8100ea43ffff,89a8100c1a7ffff,11287001106,4231980476,17.7131,0.031915,athlete
89a8100ea43ffff,89a8100c1abffff,11287001106,4215666672,17.0389,0.053119,athlete
89a8100ea43ffff,89a8100c1b3ffff,11287001106,4947783360,10.5036,0.460485,athlete
89a8100ea43ffff,89a8100c1b7ffff,11287001106,444959947,12.2964,0.323525,athlete
89a8100ea43ffff,89a8100c1bbffff,11287001106,11200433380,12.7823,0.288367,athlete
89a8100ea43ffff,89a8100c523ffff,11287001106,10561374326,16.7366,0.064267,athlete
89a8100ea43ffff,89a8100c527ffff,11287001106,13452330655,10.2133,0.483249,athlete
89a8100ea43ffff,89a8100c52fffff,11287001106,11292167922,15.8434,0.10284,athlete
89a8100ea43ffff,89a8100c537ffff,11287001106,11404088064,14.8484,0.154966,athlete
89a8100ea43ffff,89a8100ea03ffff,11287001106,4714368990,16.822,0.061016,athlete
89a8100ea43ffff,89a8100ea07ffff,11287001106,11287099391,17.9211,0.026422,athlete
89a8100ea43ffff,89a8100ea0bffff,11287001106,12519106573,11.9689,0.347813,athlete
89a8100ea43ffff,89a8100ea0fffff,11287001106,142788297,14.2207,0.192265,athlete
89a8100ea43ffff,89a8100ea13ffff,11287001106,28149737,13.04,0.270208,athlete
89a8100ea43ffff,89a8100ea17ffff,11287001106,11287130321,19.079,0.005224,athlete
89a8100ea43ffff,89a8100ea1bffff,11287001106,11287146311,9.963,0.502906,athlete
89a8100ea43ffff,89a8100ea3bffff,11287001106,4676590863,17.8301,0.028763,athlete
89a8100ea43ffff,89a8100ea43ffff,11287001106,11287001106,0.2401,0.999644,athlete
89a8100ea43ffff,89a8100ea47ffff,11287001106,444960068,7.9942,0.654941,athlete
89a8100ea43ffff,89a8100ea4bffff,11287001106,11298600034,6.109,0.786925,athlete
89a8100ea43ffff,89a8100ea4fffff,11287001106,13446021938,5.8331,0.804396,athlete
89a8100ea43ffff,89a8100ea53ffff,11287001106,13449882082,6.0277,0.792128,athlete
89a8100ea43ffff,89a8100ea57ffff,11287001106,11287035477,5.5459,0.821973,athlete
89a8100ea43ffff,89a8100ea5bffff,11287001106,11289900012,8.1658,0.64207,athlete
89a8100ea43ffff,89a8100ea63ffff,11287001106,7306551848,17.7807,0.030076,athlete
89a8100ea43ffff,89a8100ea6bffff,11287001106,11237359275,15.754,0.107148,athlete
89a8100ea43ffff,89a8100ea7bffff,11287001106,466174576,10.2667,0.47906,athlete
89a8100ea43ffff,89a8100ea83ffff,11287001106,12088965179,19.7297,0.000451,athlete
89a8100ea43ffff,89a8100ea8bffff,11287001106,8572469297,17.2293,0.046611,athlete
89a8100ea43ffff,89a8100ea8fffff,11287001106,12258359594,18.7472,0.009651,athlete
89a8100ea43ffff,89a8100ea9bffff,11287001106,303562378,18.6292,0.011546,athlete
89a8100ea43ffff,89a8100eac3ffff,11287001106,11331125078,12.4555,0.31189,athlete
89a8100ea43ffff,89a8100eac7ffff,11287001106,12554685114,13.7408,0.222815,athlete
89a8100ea43ffff,89a8100eacbffff,11287001106,5635274734,10.7715,0.439557,athlete
89a8100ea43ffff,89a8100eacfffff,11287001106,6354712520,7.8963,0.662231,athlete
89a8100ea43ffff,89a8100ead3ffff,11287001106,11334987710,18.229,0.019223,athlete
89a8100ea43ffff,89a8100ead7ffff,11287001106,2147307307,14.6913,0.163997,athlete
89a8100ea43ffff,89a8100eadbffff,11287001106,13452423932,17.8288,0.0288,athlete
89a8100ea47ffff,89a8100c187ffff,444960068,13444985140,17.3886,0.04148,athlete
89a8100ea47ffff,89a8100c197ffff,444960068,11298557475,18.9426,0.006881,athlete
89a8100ea47ffff,89a8100c1a3ffff,444960068,12108257609,14.5295,0.173516,athlete
89a8100ea47ffff,89a8100c1a7ffff,444960068,4231980476,16.6095,0.06925,athlete
89a8100ea47ffff,89a8100c1b3ffff,444960068,4947783360,15.7766,0.106052,athlete
89a8100ea47ffff,89a8100c1b7ffff,444960068,444959947,8.2964,0.632213,athlete
89a8100ea47ffff,89a8100c1bbffff,444960068,11200433380,18.0553,0.023148,athlete
89a8100ea47ffff,89a8100c527ffff,444960068,13452330655,18.6866,0.010603,athlete
89a8100ea47ffff,89a8100ea03ffff,444960068,4714368990,15.2653,0.132025,athlete
89a8100ea47ffff,89a8100ea07ffff,444960068,11287099391,13.8083,0.21842,athlete
89a8100ea47ffff,89a8100ea0bffff,444960068,12519106573,7.8561,0.665217,athlete
89a8100ea47ffff,89a8100ea0fffff,444960068,142788297,10.1078,0.491531,athlete
89a8100ea47ffff,89a8100ea13ffff,444960068,28149737,14.9728,0.147962,athlete
89a8100ea47ffff,89a8100ea17ffff,444960068,11287130321,17.7603,0.030625,athlete
89a8100ea47ffff,89a8100ea1bffff,444960068,11287146311,14.7993,0.157769,athlete
89a8100ea47ffff,89a8100ea2bffff,444960068,466175219,19.0652,0.005381,athlete
89a8100ea47ffff,89a8100ea3bffff,444960068,4676590863,13.7173,0.224355,athlete
89a8100ea47ffff,89a8100ea43ffff,444960068,11287001106,9.0899,0.571236,athlete
89a8100ea47ffff,89a8100ea47ffff,444960068,444960068,0.3882,0.999071,athlete
89a8100ea47ffff,89a8100ea4bffff,444960068,11298600034,13.2873,0.253134,athlete
89a8100ea47ffff,89a8100ea4fffff,444960068,13446021938,8.4205,0.622789,athlete
89a8100ea47ffff,89a8100ea53ffff,444960068,13449882082,14.8775,0.153315,athlete
89a8100ea47ffff,89a8100ea57ffff,444960068,11287035477,13.7366,0.223087,athlete
89a8100ea47ffff,89a8100ea5bffff,444960068,11289900012,16.2844,0.082769,athlete
89a8100ea47ffff,89a8100ea63ffff,444960068,7306551848,13.6678,0.227604,athlete
89a8100ea47ffff,89a8100ea67ffff,444960068,924871041,18.0565,0.02312,athlete
89a8100ea47ffff,89a8100ea6bffff,444960068,11237359275,10.6769,0.446933,athlete
89a8100ea47ffff,89a8100ea6fffff,444960068,466174783,16.7255,0.064696,athlete
89a8100ea47ffff,89a8100ea7bffff,444960068,466174576,5.1896,0.842866,athlete
89a8100ea47ffff,89a8100eacbffff,444960068,5635274734,19.6212,0.000885,athlete
89a8100ea47ffff,89a8100eacfffff,444960068,6354712520,16.7461,0.063902,athlete
89a8100ea4bffff,89a8100c103ffff,11298600034,11279786965,16.0131,0.094886,athlete
89a8100ea4bffff,89a8100c117ffff,11298600034,12572923907,12.533,0.306268,athlete
89a8100ea4bffff,89a8100c183ffff,11298600034,11386299646,11.5171,0.381974,athlete
89a8100ea4bffff,89a8100c187ffff,11298600034,13444985140,5.9035,0.799992,athlete
89a8100ea4bffff,89a8100c18bffff,11298600034,11399274873,16.2653,0.083598,athlete
89a8100ea4bffff,89a8100c18fffff,11298600034,11298619952,10.7203,0.443546,athlete
89a8100ea4bffff,89a8100c193ffff,11298600034,8652181848,13.4428,0.242594,athlete
89a8100ea4bffff,89a8100c197ffff,11298600034,11298557475,6.4979,0.761393,athlete
89a8100ea4bffff,89a8100c19bffff,11298600034,2360366546,15.3669,0.126671,athlete
89a8100ea4bffff,89a8100c1a3ffff,11298600034,12108257609,10.9329,0.42699,athlete
89a8100ea4bffff,89a8100c1a7ffff,11298600034,4231980476,14.8416,0.155351,athlete
89a8100ea4bffff,89a8100c1abffff,11298600034,4215666672,13.2091,0.258495,athlete
89a8100ea4bffff,89a8100c1b3ffff,11298600034,4947783360,6.6739,0.749508,athlete
89a8100ea4bffff,89a8100c1b7ffff,11298600034,444959947,11.9325,0.350545,athlete
89a8100ea4bffff,89a8100c1bbffff,11298600034,11200433380,8.6185,0.607656,athlete
89a8100ea4bffff,89a8100c1d7ffff,11298600034,457566696,18.8827,0.007681,athlete
89a8100ea4bffff,89a8100c523ffff,11298600034,10561374326,17.7858,0.029937,athlete
89a8100ea4bffff,89a8100c527ffff,11298600034,13452330655,12.6759,0.295971,athlete
89a8100ea4bffff,89a8100c52bffff,11298600034,9579509671,15.4922,0.120193,athlete
89a8100ea4bffff,89a8100c52fffff,11298600034,11292167922,11.119,0.412568,athlete
89a8100ea4bffff,89a8100c537ffff,11298600034,11404088064,17.3251,0.043491,athlete
89a8100ea4bffff,89a8100c577ffff,11298600034,11386203919,19.6926,0.000583,athlete
89a8100ea4bffff,89a8100ea0bffff,11298600034,12519106573,15.9563,0.097517,athlete
89a8100ea4bffff,89a8100ea0fffff,11298600034,142788297,18.2081,0.019677,athlete
89a8100ea4bffff,89a8100ea13ffff,11298600034,28149737,17.1443,0.049466,athlete
89a8100ea4bffff,89a8100ea1bffff,11298600034,11287146311,14.3691,0.183164,athlete
89a8100ea4bffff,89a8100ea43ffff,11298600034,11287001106,4.8975,0.859198,athlete
89a8100ea4bffff,89a8100ea47ffff,11298600034,444960068,11.5217,0.381622,athlete
89a8100ea4bffff,89a8100ea4bffff,11298600034,11298600034,0.6284,0.997566,athlete
89a8100ea4bffff,89a8100ea4fffff,11298600034,13446021938,6.3458,0.771498,athlete
89a8100ea4bffff,89a8100ea53ffff,11298600034,13449882082,8.8163,0.592431,athlete
89a8100ea4bffff,89a8100ea57ffff,11298600034,11287035477,10.0596,0.495321,athlete
89a8100ea4bffff,89a8100ea5bffff,11298600034,11289900012,8.5922,0.609668,athlete
89a8100ea4bffff,89a8100ea6bffff,11298600034,11237359275,17.8591,0.028006,athlete
89a8100ea4bffff,89a8100ea7bffff,11298600034,466174576,12.3719,0.317995,athlete
89a8100ea4bffff,89a8100eac3ffff,11298600034,11331125078,15.2441,0.133153,athlete
89a8100ea4bffff,89a8100eac7ffff,11298600034,12554685114,17.2965,0.04441,athlete
89a8100ea4bffff,89a8100eacbffff,11298600034,5635274734,13.5601,0.234741,athlete
89a8100ea4bffff,89a8100eacfffff,11298600034,6354712520,10.6849,0.44631,athlete
89a8100ea4bffff,89a8100ead7ffff,11298600034,2147307307,17.4799,0.038666,athlete
89a8100ea4fffff,89a8100c103ffff,13446021938,11279786965,18.639,0.011383,athlete
89a8100ea4fffff,89a8100c117ffff,13446021938,12572923907,15.1588,0.137738,athlete
89a8100ea4fffff,89a8100c183ffff,13446021938,11386299646,18.5295,0.01328,athlete
89a8100ea4fffff,89a8100c187ffff,13446021938,13444985140,10.8734,0.431616,athlete
89a8100ea4fffff,89a8100c18fffff,13446021938,11298619952,15.6469,0.112405,athlete
89a8100ea4fffff,89a8100c197ffff,13446021938,11298557475,13.5103,0.238064,athlete
89a8100ea4fffff,89a8100c1a3ffff,13446021938,12108257609,9.7388,0.520507,athlete
89a8100ea4fffff,89a8100c1a7ffff,13446021938,4231980476,13.6475,0.228944,athlete
89a8100ea4fffff,89a8100c1abffff,13446021938,4215666672,13.3521,0.248721,athlete
89a8100ea4fffff,89a8100c1b3ffff,13446021938,4947783360,8.8514,0.589719,athlete
89a8100ea4fffff,89a8100c1b7ffff,13446021938,444959947,8.5075,0.616147,athlete
89a8100ea4fffff,89a8100c1bbffff,13446021938,11200433380,11.2443,0.402894,athlete
89a8100ea4fffff,89a8100c527ffff,13446021938,13452330655,16.2812,0.082908,athlete
89a8100ea4fffff,89a8100c52fffff,13446021938,11292167922,18.1314,0.021385,athlete
89a8100ea4fffff,89a8100ea0bffff,13446021938,12519106573,14.4999,0.175284,athlete
89a8100ea4fffff,89a8100ea0fffff,13446021938,142788297,16.7516,0.06369,athlete
89a8100ea4fffff,89a8100ea13ffff,13446021938,28149737,16.528,0.072536,athlete
89a8100ea4fffff,89a8100ea1bffff,13446021938,11287146311,15.6408,0.112707,athlete
89a8100ea4fffff,89a8100ea43ffff,13446021938,11287001106,6.577,0.756073,athlete
89a8100ea4fffff,89a8100ea47ffff,13446021938,444960068,8.2633,0.634713,athlete
89a8100ea4fffff,89a8100ea4bffff,13446021938,11298600034,7.8192,0.667952,athlete
89a8100ea4fffff,89a8100ea4fffff,13446021938,13446021938,0.2964,0.999458,athlete
89a8100ea4fffff,89a8100ea53ffff,13446021938,13449882082,12.2821,0.324577,athlete
89a8100ea4fffff,89a8100ea57ffff,13446021938,11287035477,11.2238,0.404476,athlete
89a8100ea4fffff,89a8100ea5bffff,13446021938,11289900012,13.3376,0.249713,athlete
89a8100ea4fffff,89a8100ea63ffff,13446021938,7306551848,18.5,0.013814,athlete
89a8100ea4fffff,89a8100ea6bffff,13446021938,11237359275,13.4503,0.242088,athlete
89a8100ea4fffff,89a8100ea7bffff,13446021938,466174576,7.963,0.65727,athlete
89a8100ea4fffff,89a8100eac3ffff,13446021938,11331125078,18.7099,0.010231,athlete
89a8100ea4fffff,89a8100eac7ffff,13446021938,12554685114,19.4186,0.002083,athlete
89a8100ea4fffff,89a8100eacbffff,13446021938,5635274734,17.0258,0.053579,athlete
89a8100ea4fffff,89a8100eacfffff,13446021938,6354712520,14.1507,0.196614,athlete
89a8100ea53ffff,89a8100c183ffff,13449882082,11386299646,18.722,0.010042,athlete
89a8100ea53ffff,89a8100c187ffff,13449882082,13444985140,16.3626,0.079415,athlete
89a8100ea53ffff,89a8100c18fffff,13449882082,11298619952,19.794,0.000262,athlete
89a8100ea53ffff,89a8100c197ffff,13449882082,11298557475,13.7028,0.225308,athlete
89a8100ea53ffff,89a8100c1b3ffff,13449882082,4947783360,17.0897,0.051343,athlete
89a8100ea53ffff,89a8100c1b7ffff,13449882082,444959947,18.8164,0.008616,athlete
89a8100ea53ffff,89a8100c1bbffff,13449882082,11200433380,19.0343,0.005742,athlete
89a8100ea53ffff,89a8100c507ffff,13449882082,11401601119,19.9227,3.7e-05,athlete
89a8100ea53ffff,89a8100c523ffff,13449882082,10561374326,12.3823,0.317228,athlete
89a8100ea53ffff,89a8100c527ffff,13449882082,13452330655,8.1984,0.63962,athlete
89a8100ea53ffff,89a8100c52bffff,13449882082,9579509671,19.7293,0.000452,athlete
89a8100ea53ffff,89a8100c52fffff,13449882082,11292167922,15.4664,0.121514,athlete
89a8100ea53ffff,89a8100c533ffff,13449882082,11384427627,18.0299,0.02375,athlete
89a8100ea53ffff,89a8100c537ffff,13449882082,11404088064,9.5756,0.533311,athlete
89a8100ea53ffff,89a8100c53bffff,13449882082,11293370032,18.2439,0.018903,athlete
89a8100ea53ffff,89a8100c5a7ffff,13449882082,11315561922,17.5793,0.035712,athlete
89a8100ea53ffff,89a8100c5afffff,13449882082,11380109175,17.1818,0.048197,athlete
89a8100ea53ffff,89a8100ea03ffff,13449882082,4714368990,18.4814,0.014158,athlete
89a8100ea53ffff,89a8100ea0bffff,13449882082,12519106573,15.2455,0.133078,athlete
89a8100ea53ffff,89a8100ea0fffff,13449882082,142788297,17.9912,0.024687,athlete
89a8100ea53ffff,89a8100ea13ffff,13449882082,28149737,13.6566,0.228345,athlete
89a8100ea53ffff,89a8100ea17ffff,13449882082,11287130321,19.2155,0.003792,athlete
89a8100ea53ffff,89a8100ea1bffff,13449882082,11287146311,9.91,0.507066,athlete
89a8100ea53ffff,89a8100ea43ffff,13449882082,11287001106,7.1644,0.715418,athlete
89a8100ea53ffff,89a8100ea47ffff,13449882082,444960068,14.3046,0.187096,athlete
89a8100ea53ffff,89a8100ea4bffff,13449882082,11298600034,11.1644,0.409056,athlete
89a8100ea53ffff,89a8100ea4fffff,13449882082,13446021938,12.5287,0.306577,athlete
89a8100ea53ffff,89a8100ea53ffff,13449882082,13449882082,0.2613,0.999579,athlete
89a8100ea53ffff,89a8100ea57ffff,13449882082,11287035477,5.7559,0.809185,athlete
89a8100ea53ffff,89a8100ea5bffff,13449882082,11289900012,8.4052,0.623949,athlete
89a8100ea53ffff,89a8100ea7bffff,13449882082,466174576,16.7867,0.062351,athlete
89a8100ea53ffff,89a8100ea83ffff,13449882082,12088965179,18.5857,0.012288,athlete
89a8100ea53ffff,89a8100ea8bffff,13449882082,8572469297,16.9059,0.0579,athlete
89a8100ea53ffff,89a8100ea8fffff,13449882082,12258359594,18.6942,0.010481,athlete
89a8100ea53ffff,89a8100ea9bffff,13449882082,303562378,14.7027,0.163337,athlete
89a8100ea53ffff,89a8100eac3ffff,13449882082,11331125078,7.7643,0.672004,athlete
89a8100ea53ffff,89a8100eac7ffff,13449882082,12554685114,12.8375,0.284448,athlete
89a8100ea53ffff,89a8100eacbffff,13449882082,5635274734,5.9531,0.796865,athlete
89a8100ea53ffff,89a8100eacfffff,13449882082,6354712520,5.6701,0.814451,athlete
89a8100ea53ffff,89a8100ead3ffff,13449882082,11334987710,13.5378,0.236226,athlete
89a8100ea53ffff,89a8100ead7ffff,13449882082,2147307307,10.8544,0.433098,athlete
89a8100ea53ffff,89a8100eadbffff,13449882082,13452423932,13.1375,0.263434,athlete
89a8100ea53ffff,89a8100ee67ffff,13449882082,8026880962,17.076,0.05182,athlete
89a8100ea53ffff,89a8100ee6bffff,13449882082,60624735,18.9484,0.006806,athlete
89a8100ea53ffff,89a8100ee6fffff,13449882082,303562332,17.7016,0.032233,athlete
89a8100ea57ffff,89a8100c187ffff,11287035477,13444985140,18.0918,0.022292,athlete
89a8100ea57ffff,89a8100c197ffff,11287035477,11298557475,18.007,0.024303,athlete
89a8100ea57ffff,89a8100c1b3ffff,11287035477,4947783360,16.7834,0.062476,athlete
89a8100ea57ffff,89a8100c1b7ffff,11287035477,444959947,18.5762,0.012453,athlete
89a8100ea57ffff,89a8100c1bbffff,11287035477,11200433380,19.0621,0.005417,athlete
89a8100ea57ffff,89a8100c523ffff,11287035477,10561374326,18.8185,0.008586,athlete
89a8100ea57ffff,89a8100c527ffff,11287035477,13452330655,13.6914,0.226053,athlete
89a8100ea57ffff,89a8100c537ffff,11287035477,11404088064,16.0117,0.09495,athlete
89a8100ea57ffff,89a8100c5a7ffff,11287035477,11315561922,19.6063,0.000956,athlete
89a8100ea57ffff,89a8100ea03ffff,11287035477,4714368990,13.908,0.211981,athlete
89a8100ea57ffff,89a8100ea07ffff,11287035477,11287099391,16.682,0.066385,athlete
89a8100ea57ffff,89a8100ea0bffff,11287035477,12519106573,13.771,0.220847,athlete
89a8100ea57ffff,89a8100ea0fffff,11287035477,142788297,16.7446,0.063961,athlete
89a8100ea57ffff,89a8100ea13ffff,11287035477,28149737,9.3667,0.549659,athlete
89a8100ea57ffff,89a8100ea17ffff,11287035477,11287130321,14.9256,0.150605,athlete
89a8100ea57ffff,89a8100ea1bffff,11287035477,11287146311,5.6201,0.817492,athlete
89a8100ea57ffff,89a8100ea43ffff,11287035477,11287001106,7.1789,0.714386,athlete
89a8100ea57ffff,89a8100ea47ffff,11287035477,444960068,14.274,0.188977,athlete
89a8100ea57ffff,89a8100ea4bffff,11287035477,11298600034,12.8936,0.280481,athlete
89a8100ea57ffff,89a8100ea4fffff,11287035477,13446021938,12.1128,0.337087,athlete
89a8100ea57ffff,89a8100ea53ffff,11287035477,13449882082,7.176,0.714591,athlete
89a8100ea57ffff,89a8100ea57ffff,11287035477,11287035477,1.1825,0.9914,athlete
89a8100ea57ffff,89a8100ea5bffff,11287035477,11289900012,13.7867,0.219825,athlete
89a8100ea57ffff,89a8100ea7bffff,11287035477,466174576,16.5464,0.071785,athlete
89a8100ea57ffff,89a8100ea83ffff,11287035477,12088965179,15.3868,0.125632,athlete
89a8100ea57ffff,89a8100ea8bffff,11287035477,8572469297,12.8864,0.280988,athlete
89a8100ea57ffff,89a8100ea8fffff,11287035477,12258359594,14.4043,0.181029,athlete
89a8100ea57ffff,89a8100ea93ffff,11287035477,8950638851,17.2796,0.04496,athlete
89a8100ea57ffff,89a8100ea9bffff,11287035477,303562378,14.9186,0.150998,athlete
89a8100ea57ffff,89a8100eac3ffff,11287035477,11331125078,9.7912,0.516393,athlete
89a8100ea57ffff,89a8100eac7ffff,11287035477,12554685114,9.3979,0.547216,athlete
89a8100ea57ffff,89a8100eacbffff,11287035477,5635274734,8.1072,0.646481,athlete
89a8100ea57ffff,89a8100eacfffff,11287035477,6354712520,5.232,0.840434,athlete
89a8100ea57ffff,89a8100ead3ffff,11287035477,11334987710,15.5647,0.116516,athlete
89a8100ea57ffff,89a8100ead7ffff,11287035477,2147307307,12.0271,0.343471,athlete
89a8100ea57ffff,89a8100eadbffff,11287035477,13452423932,15.1645,0.137432,athlete
89a8100ea57ffff,89a8100ee67ffff,11287035477,8026880962,18.3382,0.016939,athlete
89a8100ea57ffff,89a8100ee6fffff,11287035477,303562332,18.9639,0.006608,athlete
89a8100ea5bffff,89a8100c183ffff,11289900012,11386299646,12.0213,0.3439,athlete
89a8100ea5bffff,89a8100c187ffff,11289900012,13444985140,13.3996,0.245508,athlete
89a8100ea5bffff,89a8100c18bffff,11289900012,11399274873,17.9716,0.025166,athlete
89a8100ea5bffff,89a8100c18fffff,11289900012,11298619952,14.1152,0.198837,athlete
89a8100ea5bffff,89a8100c193ffff,11289900012,8652181848,13.933,0.210382,athlete
89a8100ea5bffff,89a8100c197ffff,11289900012,11298557475,7.0021,0.726848,athlete
89a8100ea5bffff,89a8100c19bffff,11289900012,2360366546,15.8711,0.101524,athlete
89a8100ea5bffff,89a8100c1a3ffff,11289900012,12108257609,18.64,0.011366,athlete
89a8100ea5bffff,89a8100c1b3ffff,11289900012,4947783360,14.17,0.195412,athlete
89a8100ea5bffff,89a8100c1b7ffff,11289900012,444959947,18.5158,0.013526,athlete
89a8100ea5bffff,89a8100c1bbffff,11289900012,11200433380,16.1146,0.090269,athlete
89a8100ea5bffff,89a8100c1d7ffff,11289900012,457566696,19.3869,0.002317,athlete
89a8100ea5bffff,89a8100c507ffff,11289900012,11401601119,19.2071,0.003873,athlete
89a8100ea5bffff,89a8100c523ffff,11289900012,10561374326,10.5624,0.455886,athlete
89a8100ea5bffff,89a8100c527ffff,11289900012,13452330655,5.5168,0.823722,athlete
89a8100ea5bffff,89a8100c52bffff,11289900012,9579509671,14.3352,0.185225,athlete
89a8100ea5bffff,89a8100c52fffff,11289900012,11292167922,8.4829,0.61803,athlete
89a8100ea5bffff,89a8100c533ffff,11289900012,11384427627,17.3144,0.043835,athlete
89a8100ea5bffff,89a8100c537ffff,11289900012,11404088064,11.4082,0.390301,athlete
89a8100ea5bffff,89a8100c53bffff,11289900012,11293370032,16.0719,0.092196,athlete
89a8100ea5bffff,89a8100c567ffff,11289900012,13236665352,18.9845,0.006348,athlete
89a8100ea5bffff,89a8100c577ffff,11289900012,11386203919,18.5356,0.01317,athlete
89a8100ea5bffff,89a8100c5afffff,11289900012,11380109175,18.9583,0.006679,athlete
89a8100ea5bffff,89a8100ea0bffff,11289900012,12519106573,14.9449,0.14952,athlete
89a8100ea5bffff,89a8100ea0fffff,11289900012,142788297,17.6906,0.032541,athlete
89a8100ea5bffff,89a8100ea13ffff,11289900012,28149737,18.7028,0.010344,athlete
89a8100ea5bffff,89a8100ea1bffff,11289900012,11287146311,15.2453,0.13309,athlete
89a8100ea5bffff,89a8100ea43ffff,11289900012,11287001106,7.431,0.696338,athlete
89a8100ea5bffff,89a8100ea47ffff,11289900012,444960068,14.004,0.205853,athlete
89a8100ea5bffff,89a8100ea4bffff,11289900012,11298600034,8.3355,0.629244,athlete
89a8100ea5bffff,89a8100ea4fffff,11289900012,13446021938,11.3702,0.393217,athlete
89a8100ea5bffff,89a8100ea53ffff,11289900012,13449882082,6.9709,0.729027,athlete
89a8100ea5bffff,89a8100ea57ffff,11289900012,11287035477,11.0911,0.414723,athlete
89a8100ea5bffff,89a8100ea5bffff,11289900012,11289900012,0.6802,0.997149,athlete
89a8100ea5bffff,89a8100ea7bffff,11289900012,466174576,16.4861,0.074252,athlete
89a8100ea5bffff,89a8100eac3ffff,11289900012,11331125078,11.7131,0.367069,athlete
89a8100ea5bffff,89a8100eac7ffff,11289900012,12554685114,18.1728,0.020454,athlete
89a8100ea5bffff,89a8100eacbffff,11289900012,5635274734,9.9019,0.507703,athlete
89a8100ea5bffff,89a8100eacfffff,11289900012,6354712520,11.216,0.405073,athlete
89a8100ea5bffff,89a8100ead3ffff,11289900012,11334987710,17.4866,0.038464,athlete
89a8100ea5bffff,89a8100ead7ffff,11289900012,2147307307,16.4003,0.077823,athlete
89a8100ea5bffff,89a8100eadbffff,11289900012,13452423932,17.0864,0.051459,athlete
89a8100ea63ffff,89a8100c1b7ffff,7306551848,444959947,13.5493,0.23546,athlete
89a8100ea63ffff,89a8100ea0bffff,7306551848,12519106573,14.546,0.172537,athlete
89a8100ea63ffff,89a8100ea0fffff,7306551848,142788297,16.7978,0.061932,athlete
89a8100ea63ffff,89a8100ea2bffff,7306551848,466175219,11.6881,0.368967,athlete
89a8100ea63ffff,89a8100ea47ffff,7306551848,444960068,15.0827,0.141883,athlete
89a8100ea63ffff,89a8100ea4fffff,7306551848,13446021938,19.816,0.000209,athlete
89a8100ea63ffff,89a8100ea63ffff,7306551848,7306551848,0.9191,0.994798,athlete
89a8100ea63ffff,89a8100ea67ffff,7306551848,924871041,6.6243,0.752878,athlete
89a8100ea63ffff,89a8100ea6bffff,7306551848,11237359275,8.236,0.636776,athlete
89a8100ea63ffff,89a8100ea6fffff,7306551848,466174783,3.9767,0.90558,athlete
89a8100ea63ffff,89a8100ea77ffff,7306551848,6879445477,12.8853,0.281067,athlete
89a8100ea63ffff,89a8100ea7bffff,7306551848,466174576,9.4035,0.54678,athlete
89a8100ea67ffff,89a8100c1b7ffff,924871041,444959947,19.941,2.1e-05,athlete
89a8100ea67ffff,89a8100ea2bffff,924871041,466175219,9.3332,0.552277,athlete
89a8100ea67ffff,89a8100ea63ffff,924871041,7306551848,9.5154,0.538024,athlete
89a8100ea67ffff,89a8100ea67ffff,924871041,924871041,1.3201,0.989289,athlete
89a8100ea67ffff,89a8100ea6bffff,924871041,11237359275,16.8323,0.060629,athlete
89a8100ea67ffff,89a8100ea6fffff,924871041,466174783,11.4041,0.390617,athlete
89a8100ea67ffff,89a8100ea77ffff,924871041,6879445477,10.5307,0.45837,athlete
89a8100ea67ffff,89a8100ea7bffff,924871041,466174576,15.7952,0.105153,athlete
89a8100ea6bffff,89a8100c1a7ffff,11237359275,4231980476,18.8268,0.008467,athlete
89a8100ea6bffff,89a8100c1b7ffff,11237359275,444959947,11.8826,0.354287,athlete
89a8100ea6bffff,89a8100ea0bffff,11237359275,12519106573,18.4409,0.014919,athlete
89a8100ea6bffff,89a8100ea47ffff,11237359275,444960068,14.6213,0.168089,athlete
89a8100ea6bffff,89a8100ea4fffff,11237359275,13446021938,18.1494,0.020977,athlete
89a8100ea6bffff,89a8100ea63ffff,11237359275,7306551848,10.7251,0.443176,athlete
89a8100ea6bffff,89a8100ea67ffff,11237359275,924871041,16.4303,0.076567,athlete
89a8100ea6bffff,89a8100ea6bffff,11237359275,11237359275,1.8978,0.977948,athlete
89a8100ea6bffff,89a8100ea6fffff,11237359275,466174783,13.7827,0.220082,athlete
89a8100ea6bffff,89a8100ea7bffff,11237359275,466174576,7.7368,0.674028,athlete
89a8100ea6fffff,89a8100c1b7ffff,466174783,444959947,18.2905,0.01792,athlete
89a8100ea6fffff,89a8100ea0bffff,466174783,12519106573,19.2872,0.003131,athlete
89a8100ea6fffff,89a8100ea2bffff,466174783,466175219,15.4928,0.120166,athlete
89a8100ea6fffff,89a8100ea47ffff,466174783,444960068,19.8239,0.000191,athlete
89a8100ea6fffff,89a8100ea63ffff,466174783,7306551848,5.6603,0.81505,athlete
89a8100ea6fffff,89a8100ea67ffff,466174783,924871041,10.429,0.466334,athlete
89a8100ea6fffff,89a8100ea6bffff,466174783,11237359275,12.9772,0.2746,athlete
89a8100ea6fffff,89a8100ea6fffff,466174783,466174783,3.26,0.935864,athlete
89a8100ea6fffff,89a8100ea77ffff,466174783,6879445477,16.69,0.066074,athlete
89a8100ea6fffff,89a8100ea7bffff,466174783,466174576,14.1447,0.196989,athlete
89a8100ea73ffff,89a8100ea73ffff,6879445468,6879445468,0.9774,0.994119,athlete
89a8100ea73ffff,89a8100ea77ffff,6879445468,6879445477,19.7197,0.000485,athlete
89a8100ea77ffff,89a8100ea2bffff,6879445477,466175219,6.7947,0.741244,athlete
89a8100ea77ffff,89a8100ea63ffff,6879445477,7306551848,11.6799,0.369589,athlete
89a8100ea77ffff,89a8100ea67ffff,6879445477,924871041,7.2968,0.705986,athlete
89a8100ea77ffff,89a8100ea6bffff,6879445477,11237359275,18.7573,0.009496,athlete
89a8100ea77ffff,89a8100ea6fffff,6879445477,466174783,14.4441,0.178625,athlete
89a8100ea77ffff,89a8100ea73ffff,6879445477,6879445468,19.6206,0.000888,athlete
89a8100ea77ffff,89a8100ea77ffff,6879445477,6879445477,0.3495,0.999247,athlete
89a8100ea77ffff,89a8100ea7bffff,6879445477,466174576,15.9436,0.098111,athlete
89a8100ea7bffff,89a8100c187ffff,466174576,13444985140,18.8155,0.00863,athlete
89a8100ea7bffff,89a8100c1a3ffff,466174576,12108257609,12.9606,0.275767,athlete
89a8100ea7bffff,89a8100c1a7ffff,466174576,4231980476,12.5816,0.302755,athlete
89a8100ea7bffff,89a8100c1abffff,466174576,4215666672,18.4623,0.014514,athlete
89a8100ea7bffff,89a8100c1b3ffff,466174576,4947783360,14.9216,0.150826,athlete
89a8100ea7bffff,89a8100c1b7ffff,466174576,444959947,4.7091,0.869336,athlete
89a8100ea7bffff,89a8100c1bbffff,466174576,11200433380,19.1864,0.004078,athlete
89a8100ea7bffff,89a8100ea03ffff,466174576,4714368990,19.8641,0.000114,athlete
89a8100ea7bffff,89a8100ea07ffff,466174576,11287099391,18.4071,0.01557,athlete
89a8100ea7bffff,89a8100ea0bffff,466174576,12519106573,12.4549,0.311937,athlete
89a8100ea7bffff,89a8100ea0fffff,466174576,142788297,14.7066,0.163109,athlete
89a8100ea7bffff,89a8100ea13ffff,466174576,28149737,19.6922,0.000584,athlete
89a8100ea7bffff,89a8100ea1bffff,466174576,11287146311,19.398,0.002233,athlete
89a8100ea7bffff,89a8100ea2bffff,466174576,466175219,16.5669,0.070958,athlete
89a8100ea7bffff,89a8100ea3bffff,466174576,4676590863,18.3161,0.01739,athlete
89a8100ea7bffff,89a8100ea43ffff,466174576,11287001106,14.4161,0.180312,athlete
89a8100ea7bffff,89a8100ea47ffff,466174576,444960068,7.4478,0.695122,athlete
89a8100ea7bffff,89a8100ea4bffff,466174576,11298600034,17.0456,0.052882,athlete
89a8100ea7bffff,89a8100ea4fffff,466174576,13446021938,10.9759,0.423656,athlete
89a8100ea7bffff,89a8100ea57ffff,466174576,11287035477,19.0629,0.005407,athlete
89a8100ea7bffff,89a8100ea63ffff,466174576,7306551848,11.1004,0.414007,athlete
89a8100ea7bffff,89a8100ea67ffff,466174576,924871041,15.5582,0.116845,athlete
89a8100ea7bffff,89a8100ea6bffff,466174576,11237359275,6.0506,0.790667,athlete
89a8100ea7bffff,89a8100ea6fffff,466174576,466174783,14.158,0.196158,athlete
89a8100ea7bffff,89a8100ea77ffff,466174576,6879445477,17.7641,0.030521,athlete
89a8100ea7bffff,89a8100ea7bffff,466174576,466174576,0.5633,0.998044,athlete
89a8100ea83ffff,89a8100ea13ffff,12088965179,28149737,10.3133,0.4754,athlete
89a8100ea83ffff,89a8100ea17ffff,12088965179,11287130321,15.8722,0.101472,athlete
89a8100ea83ffff,89a8100ea1bffff,12088965179,11287146311,15.9176,0.099328,athlete
89a8100ea83ffff,89a8100ea83ffff,12088965179,12088965179,1.1705,0.991572,athlete
89a8100ea83ffff,89a8100ea8bffff,12088965179,8572469297,8.2289,0.637312,athlete
89a8100ea83ffff,89a8100ea8fffff,12088965179,12258359594,6.6597,0.750472,athlete
89a8100ea83ffff,89a8100ea93ffff,12088965179,8950638851,12.0358,0.342818,athlete
89a8100ea83ffff,89a8100ea9bffff,12088965179,303562378,9.6748,0.525529,athlete
89a8100ea83ffff,89a8100eac3ffff,12088965179,11331125078,16.8688,0.059268,athlete
89a8100ea83ffff,89a8100eac7ffff,12088965179,12554685114,12.4971,0.308868,athlete
89a8100ea83ffff,89a8100ead3ffff,12088965179,11334987710,19.0089,0.006047,athlete
89a8100ea83ffff,89a8100ead7ffff,12088965179,2147307307,11.6211,0.374053,athlete
89a8100ea83ffff,89a8100ee2bffff,12088965179,4343780793,16.7926,0.062128,athlete
89a8100ea83ffff,89a8100ee63ffff,12088965179,4234762112,18.4561,0.014632,athlete
89a8100ea83ffff,89a8100ee67ffff,12088965179,8026880962,14.2261,0.191932,athlete
89a8100ea83ffff,89a8100ee6fffff,12088965179,303562332,14.8517,0.154776,athlete
89a8100ea83ffff,89a8100ee77ffff,12088965179,4187978113,19.0352,0.005731,athlete
89a8100ea8bffff,89a8100c5a7ffff,8572469297,11315561922,17.7863,0.029926,athlete
89a8100ea8bffff,89a8100ea07ffff,8572469297,11287099391,16.345,0.080168,athlete
89a8100ea8bffff,89a8100ea13ffff,8572469297,28149737,6.3276,0.772699,athlete
89a8100ea8bffff,89a8100ea17ffff,8572469297,11287130321,11.8865,0.353997,athlete
89a8100ea8bffff,89a8100ea1bffff,8572469297,11287146311,10.6208,0.451322,athlete
89a8100ea8bffff,89a8100ea57ffff,8572469297,11287035477,15.9699,0.096887,athlete
89a8100ea8bffff,89a8100ea83ffff,8572469297,12088965179,5.4605,0.82708,athlete
89a8100ea8bffff,89a8100ea8bffff,8572469297,8572469297,1.6424,0.983453,athlete
89a8100ea8bffff,89a8100ea8fffff,8572469297,12258359594,7.4549,0.694608,athlete
89a8100ea8bffff,89a8100ea93ffff,8572469297,8950638851,10.7129,0.444123,athlete
89a8100ea8bffff,89a8100ea9bffff,8572469297,303562378,8.3519,0.627999,athlete
89a8100ea8bffff,89a8100eac3ffff,8572469297,11331125078,11.572,0.377787,athlete
89a8100ea8bffff,89a8100eac7ffff,8572469297,12554685114,7.2003,0.712871,athlete
89a8100ea8bffff,89a8100eacbffff,8572469297,5635274734,18.0805,0.022556,athlete
89a8100ea8bffff,89a8100eacfffff,8572469297,6354712520,15.8581,0.102141,athlete
89a8100ea8bffff,89a8100ead3ffff,8572469297,11334987710,13.712,0.224699,athlete
89a8100ea8bffff,89a8100ead7ffff,8572469297,2147307307,9.7688,0.518157,athlete
89a8100ea8bffff,89a8100eadbffff,8572469297,13452423932,16.9668,0.055686,athlete
89a8100ea8bffff,89a8100ee2bffff,8572469297,4343780793,15.4697,0.121349,athlete
89a8100ea8bffff,89a8100ee63ffff,8572469297,4234762112,17.1332,0.049846,athlete
89a8100ea8bffff,89a8100ee67ffff,8572469297,8026880962,12.9032,0.279808,athlete
89a8100ea8bffff,89a8100ee6bffff,8572469297,60624735,19.0902,0.005097,athlete
89a8100ea8bffff,89a8100ee6fffff,8572469297,303562332,13.5288,0.236822,athlete
89a8100ea8bffff,89a8100ee77ffff,8572469297,4187978113,17.7123,0.031938,athlete
89a8100ea8fffff,89a8100ea07ffff,12258359594,11287099391,17.1549,0.049106,athlete
89a8100ea8fffff,89a8100ea13ffff,12258359594,28149737,7.1375,0.717318,athlete
89a8100ea8fffff,89a8100ea17ffff,12258359594,11287130321,12.6964,0.2945,athlete
89a8100ea8fffff,89a8100ea1bffff,12258359594,11287146311,13.4429,0.242588,athlete
89a8100ea8fffff,89a8100ea57ffff,12258359594,11287035477,19.6412,0.000794,athlete
89a8100ea8fffff,89a8100ea83ffff,12258359594,12088965179,5.0639,0.84999,athlete
89a8100ea8fffff,89a8100ea8bffff,12258359594,8572469297,8.0397,0.651538,athlete
89a8100ea8fffff,89a8100ea8fffff,12258359594,12258359594,0.3369,0.9993,athlete
89a8100ea8fffff,89a8100ea93ffff,12258359594,8950638851,11.8466,0.356992,athlete
89a8100ea8fffff,89a8100ea9bffff,12258359594,303562378,9.4856,0.540356,athlete
89a8100ea8fffff,89a8100eac3ffff,12258359594,11331125078,16.4889,0.074137,athlete
89a8100ea8fffff,89a8100eac7ffff,12258359594,12554685114,12.1172,0.336767,athlete
89a8100ea8fffff,89a8100ead3ffff,12258359594,11334987710,18.6289,0.011551,athlete
89a8100ea8fffff,89a8100ead7ffff,12258359594,2147307307,11.4319,0.388487,athlete
89a8100ea8fffff,89a8100ee2bffff,12258359594,4343780793,16.6034,0.069495,athlete
89a8100ea8fffff,89a8100ee63ffff,12258359594,4234762112,18.2669,0.018415,athlete
89a8100ea8fffff,89a8100ee67ffff,12258359594,8026880962,14.0368,0.203771,athlete
89a8100ea8fffff,89a8100ee6fffff,12258359594,303562332,14.6625,0.165676,athlete
89a8100ea8fffff,89a8100ee77ffff,12258359594,4187978113,18.846,0.008193,athlete
89a8100ea93ffff,89a8100c5b7ffff,8950638851,11380298950,19.0616,0.005422,athlete
89a8100ea93ffff,89a8100ea13ffff,8950638851,28149737,17.3031,0.044197,athlete
89a8100ea93ffff,89a8100ea83ffff,8950638851,12088965179,12.4621,0.311414,athlete
89a8100ea93ffff,89a8100ea8bffff,8950638851,8572469297,13.9077,0.212006,athlete
89a8100ea93ffff,89a8100ea8fffff,8950638851,12258359594,14.4565,0.177879,athlete
89a8100ea93ffff,89a8100ea93ffff,8950638851,8950638851,0.642,0.99746,athlete
89a8100ea93ffff,89a8100ea9bffff,8950638851,303562378,6.342,0.771748,athlete
89a8100ea93ffff,89a8100eac3ffff,8950638851,11331125078,18.3585,0.016529,athlete
89a8100ea93ffff,89a8100eac7ffff,8950638851,12554685114,14.8901,0.152603,athlete
89a8100ea93ffff,89a8100ead3ffff,8950638851,11334987710,17.9502,0.025694,athlete
89a8100ea93ffff,89a8100ead7ffff,8950638851,2147307307,12.5981,0.301562,athlete
89a8100ea93ffff,89a8100ee07ffff,8950638851,1389167151,19.9343,2.7e-05,athlete
89a8100ea93ffff,89a8100ee0fffff,8950638851,1389167116,17.2875,0.044702,athlete
89a8100ea93ffff,89a8100ee2bffff,8950638851,4343780793,9.2857,0.555985,athlete
89a8100ea93ffff,89a8100ee3bffff,8950638851,8754047094,15.7519,0.10725,athlete
89a8100ea93ffff,89a8100ee63ffff,8950638851,4234762112,12.4576,0.311736,athlete
89a8100ea93ffff,89a8100ee67ffff,8950638851,8026880962,7.0508,0.723434,athlete
89a8100ea93ffff,89a8100ee6bffff,8950638851,60624735,18.6191,0.011716,athlete
89a8100ea93ffff,89a8100ee6fffff,8950638851,303562332,11.4753,0.385168,athlete
89a8100ea93ffff,89a8100ee73ffff,8950638851,303561646,16.447,0.075868,athlete
89a8100ea93ffff,89a8100ee77ffff,8950638851,4187978113,11.8599,0.355992,athlete
89a8100ea93ffff,89a8100ee7bffff,8950638851,11381714308,17.8085,0.029334,athlete
89a8100ea9bffff,89a8100c5a7ffff,303562378,11315561922,18.923,0.007138,athlete
89a8100ea9bffff,89a8100c5b7ffff,303562378,11380298950,17.6912,0.032521,athlete
89a8100ea9bffff,89a8100ea13ffff,303562378,28149737,14.6826,0.164508,athlete
89a8100ea9bffff,89a8100ea1bffff,303562378,11287146311,18.4894,0.014009,athlete
89a8100ea9bffff,89a8100ea83ffff,303562378,12088965179,9.8415,0.512449,athlete
89a8100ea9bffff,89a8100ea8bffff,303562378,8572469297,11.2871,0.399601,athlete
89a8100ea9bffff,89a8100ea8fffff,303562378,12258359594,11.8359,0.357796,athlete
89a8100ea9bffff,89a8100ea93ffff,303562378,8950638851,6.8043,0.740578,athlete
89a8100ea9bffff,89a8100ea9bffff,303562378,303562378,0.6922,0.997047,athlete
89a8100ea9bffff,89a8100eac3ffff,303562378,11331125078,12.7087,0.293619,athlete
89a8100ea9bffff,89a8100eac7ffff,303562378,12554685114,12.2695,0.325506,athlete
89a8100ea9bffff,89a8100eacbffff,303562378,5635274734,19.2172,0.003775,athlete
89a8100ea9bffff,89a8100eacfffff,303562378,6354712520,18.0982,0.022145,athlete
89a8100ea9bffff,89a8100ead3ffff,303562378,11334987710,12.3004,0.323231,athlete
89a8100ea9bffff,89a8100ead7ffff,303562378,2147307307,6.9483,0.730605,athlete
89a8100ea9bffff,89a8100eadbffff,303562378,13452423932,18.1035,0.022022,athlete
89a8100ea9bffff,89a8100ee07ffff,303562378,1389167151,18.6017,0.012012,athlete
89a8100ea9bffff,89a8100ee0fffff,303562378,1389167116,15.955,0.097581,athlete
89a8100ea9bffff,89a8100ee2bffff,303562378,4343780793,8.2258,0.637545,athlete
89a8100ea9bffff,89a8100ee3bffff,303562378,8754047094,14.4193,0.180122,athlete
89a8100ea9bffff,89a8100ee47ffff,303562378,303788569,18.6473,0.011245,athlete
89a8100ea9bffff,89a8100ee4fffff,303562378,303788630,19.7402,0.000416,athlete
89a8100ea9bffff,89a8100ee63ffff,303562378,4234762112,11.0882,0.414949,athlete
89a8100ea9bffff,89a8100ee67ffff,303562378,8026880962,5.7182,0.811505,athlete
89a8100ea9bffff,89a8100ee6bffff,303562378,60624735,15.2865,0.1309,athlete
89a8100ea9bffff,89a8100ee6fffff,303562378,303562332,7.7849,0.670484,athlete
89a8100ea9bffff,89a8100ee73ffff,303562378,303561646,15.0776,0.142164,athlete
89a8100ea9bffff,89a8100ee77ffff,303562378,4187978113,10.5273,0.458632,athlete
89a8100ea9bffff,89a8100ee7bffff,303562378,11381714308,16.439,0.076201,athlete
89a8100eac3ffff,89a8100c527ffff,11331125078,13452330655,17.6624,0.03333,athlete
89a8100eac3ffff,89a8100c533ffff,11331125078,11384427627,19.6315,0.000837,athlete
89a8100eac3ffff,89a8100c537ffff,11331125078,11404088064,15.0605,0.143101,athlete
89a8100eac3ffff,89a8100c5a3ffff,11331125078,13450161955,13.7055,0.225127,athlete
89a8100eac3ffff,89a8100c5a7ffff,11331125078,11315561922,10.3317,0.473962,athlete
89a8100eac3ffff,89a8100c5abffff,11331125078,11394279072,19.9753,4e-06,athlete
89a8100eac3ffff,89a8100c5afffff,11331125078,11380109175,13.6662,0.227713,athlete
89a8100eac3ffff,89a8100c5b7ffff,11331125078,11380298950,14.8948,0.152335,athlete
89a8100eac3ffff,89a8100ea13ffff,11331125078,28149737,11.2276,0.404182,athlete
89a8100eac3ffff,89a8100ea17ffff,11331125078,11287130321,16.7865,0.06236,athlete
89a8100eac3ffff,89a8100ea1bffff,11331125078,11287146311,11.8084,0.359872,athlete
89a8100eac3ffff,89a8100ea43ffff,11331125078,11287001106,18.7331,0.009868,athlete
89a8100eac3ffff,89a8100ea53ffff,11331125078,13449882082,12.5013,0.308563,athlete
89a8100eac3ffff,89a8100ea57ffff,11331125078,11287035477,13.9466,0.209514,athlete
89a8100eac3ffff,89a8100ea5bffff,11331125078,11289900012,17.8778,0.027526,athlete
89a8100eac3ffff,89a8100ea83ffff,11331125078,12088965179,14.2848,0.188311,athlete
89a8100eac3ffff,89a8100ea8bffff,11331125078,8572469297,12.7889,0.287897,athlete
89a8100eac3ffff,89a8100ea8fffff,11331125078,12258359594,16.2652,0.083604,athlete
89a8100eac3ffff,89a8100ea93ffff,11331125078,8950638851,15.5391,0.117812,athlete
89a8100eac3ffff,89a8100ea9bffff,11331125078,303562378,9.4269,0.544948,athlete
89a8100eac3ffff,89a8100eac3ffff,11331125078,11331125078,0.1668,0.999828,athlete
89a8100eac3ffff,89a8100eac7ffff,11331125078,12554685114,9.1712,0.564907,athlete
89a8100eac3ffff,89a8100eacbffff,11331125078,5635274734,6.6753,0.749412,athlete
89a8100eac3ffff,89a8100eacfffff,11331125078,6354712520,9.2178,0.56128,athlete
89a8100eac3ffff,89a8100ead3ffff,11331125078,11334987710,6.2575,0.777298,athlete
89a8100eac3ffff,89a8100ead7ffff,11331125078,2147307307,5.5786,0.820004,athlete
89a8100eac3ffff,89a8100eadbffff,11331125078,13452423932,5.9998,0.793903,athlete
89a8100eac3ffff,89a8100ee2bffff,11331125078,4343780793,16.9606,0.055912,athlete
89a8100eac3ffff,89a8100ee63ffff,11331125078,4234762112,14.2545,0.190176,athlete
89a8100eac3ffff,89a8100ee67ffff,11331125078,8026880962,11.8002,0.36049,athlete
89a8100eac3ffff,89a8100ee6bffff,11331125078,60624735,11.6356,0.372949,athlete
89a8100eac3ffff,89a8100ee6fffff,11331125078,303562332,12.4259,0.31405,athlete
89a8100eac3ffff,89a8100ee73ffff,11331125078,303561646,19.0717,0.005306,athlete
89a8100eac3ffff,89a8100ee77ffff,11331125078,4187978113,16.6093,0.069257,athlete
89a8100eac3ffff,89a8100ee7bffff,11331125078,11381714308,18.1785,0.020328,athlete
89a8100eac7ffff,89a8100c5a7ffff,12554685114,11315561922,14.6656,0.165499,athlete
89a8100eac7ffff,89a8100c5b7ffff,12554685114,11380298950,19.2287,0.003665,athlete
89a8100eac7ffff,89a8100ea07ffff,12554685114,11287099391,16.5467,0.071774,athlete
89a8100eac7ffff,89a8100ea13ffff,12554685114,28149737,6.5293,0.759282,athlete
89a8100eac7ffff,89a8100ea17ffff,12554685114,11287130321,12.0882,0.338917,athlete
89a8100eac7ffff,89a8100ea1bffff,12554685114,11287146311,9.1638,0.565485,athlete
89a8100eac7ffff,89a8100ea43ffff,12554685114,11287001106,18.4784,0.014215,athlete
89a8100eac7ffff,89a8100ea53ffff,12554685114,13449882082,17.5317,0.037113,athlete
89a8100eac7ffff,89a8100ea57ffff,12554685114,11287035477,12.5044,0.308336,athlete
89a8100eac7ffff,89a8100ea83ffff,12554685114,12088965179,8.9327,0.583432,athlete
89a8100eac7ffff,89a8100ea8bffff,12554685114,8572469297,7.4368,0.695915,athlete
89a8100eac7ffff,89a8100ea8fffff,12554685114,12258359594,10.9272,0.427436,athlete
89a8100eac7ffff,89a8100ea93ffff,12554685114,8950638851,10.8255,0.435345,athlete
89a8100eac7ffff,89a8100ea9bffff,12554685114,303562378,8.4645,0.619431,athlete
89a8100eac7ffff,89a8100eac3ffff,12554685114,11331125078,8.0758,0.648838,athlete
89a8100eac7ffff,89a8100eac7ffff,12554685114,12554685114,0.1178,0.999914,athlete
89a8100eac7ffff,89a8100eacbffff,12554685114,5635274734,14.4769,0.176659,athlete
89a8100eac7ffff,89a8100eacfffff,12554685114,6354712520,11.6017,0.375522,athlete
89a8100eac7ffff,89a8100ead3ffff,12554685114,11334987710,10.5913,0.453623,athlete
89a8100eac7ffff,89a8100ead7ffff,12554685114,2147307307,6.6481,0.751265,athlete
89a8100eac7ffff,89a8100eadbffff,12554685114,13452423932,13.7637,0.221322,athlete
89a8100eac7ffff,89a8100ee2bffff,12554685114,4343780793,15.5823,0.115633,athlete
89a8100eac7ffff,89a8100ee63ffff,12554685114,4234762112,17.1892,0.047949,athlete
89a8100eac7ffff,89a8100ee67ffff,12554685114,8026880962,12.9592,0.275866,athlete
89a8100eac7ffff,89a8100ee6bffff,12554685114,60624735,15.9695,0.096905,athlete
89a8100eac7ffff,89a8100ee6fffff,12554685114,303562332,13.5849,0.233092,athlete
89a8100eac7ffff,89a8100ee77ffff,12554685114,4187978113,17.7683,0.030409,athlete
89a8100eacbffff,89a8100c197ffff,5635274734,11298557475,17.7392,0.031197,athlete
89a8100eacbffff,89a8100c523ffff,5635274734,10561374326,13.9199,0.21122,athlete
89a8100eacbffff,89a8100c527ffff,5635274734,13452330655,11.2804,0.400117,athlete
89a8100eacbffff,89a8100c52fffff,5635274734,11292167922,17.7333,0.031359,athlete
89a8100eacbffff,89a8100c533ffff,5635274734,11384427627,17.4643,0.039141,athlete
89a8100eacbffff,89a8100c537ffff,5635274734,11404088064,8.5711,0.611282,athlete
89a8100eacbffff,89a8100c53bffff,5635274734,11293370032,19.737,0.000427,athlete
89a8100eacbffff,89a8100c5a3ffff,5635274734,13450161955,15.5391,0.117811,athlete
89a8100eacbffff,89a8100c5a7ffff,5635274734,11315561922,12.2752,0.325087,athlete
89a8100eacbffff,89a8100c5abffff,5635274734,11394279072,17.808,0.029347,athlete
89a8100eacbffff,89a8100c5afffff,5635274734,11380109175,12.7623,0.289792,athlete
89a8100eacbffff,89a8100c5b7ffff,5635274734,11380298950,16.8384,0.060403,athlete
89a8100eacbffff,89a8100ea13ffff,5635274734,28149737,15.3133,0.12948,athlete
89a8100eacbffff,89a8100ea1bffff,5635274734,11287146311,11.5668,0.378184,athlete
89a8100eacbffff,89a8100ea43ffff,5635274734,11287001106,15.3801,0.125978,athlete
89a8100eacbffff,89a8100ea4bffff,5635274734,11298600034,19.3802,0.002368,athlete
89a8100eacbffff,89a8100ea53ffff,5635274734,13449882082,9.0111,0.577355,athlete
89a8100eacbffff,89a8100ea57ffff,5635274734,11287035477,10.8809,0.431034,athlete
89a8100eacbffff,89a8100ea5bffff,5635274734,11289900012,13.2087,0.258524,athlete
89a8100eacbffff,89a8100ea83ffff,5635274734,12088965179,19.0852,0.005154,athlete
89a8100eacbffff,89a8100ea8bffff,5635274734,8572469297,17.5893,0.035422,athlete
89a8100eacbffff,89a8100ea9bffff,5635274734,303562378,14.2273,0.191856,athlete
89a8100eacbffff,89a8100eac3ffff,5635274734,11331125078,4.9787,0.854732,athlete
89a8100eacbffff,89a8100eac7ffff,5635274734,12554685114,13.9748,0.207709,athlete
89a8100eacbffff,89a8100eacbffff,5635274734,5635274734,0.0887,0.999951,athlete
89a8100eacbffff,89a8100eacfffff,5635274734,6354712520,6.0878,0.788288,athlete
89a8100eacbffff,89a8100ead3ffff,5635274734,11334987710,8.2336,0.636956,athlete
89a8100eacbffff,89a8100ead7ffff,5635274734,2147307307,10.379,0.470253,athlete
89a8100eacbffff,89a8100eadbffff,5635274734,13452423932,7.8334,0.666898,athlete
89a8100eacbffff,89a8100ee63ffff,5635274734,4234762112,16.2632,0.083691,athlete
89a8100eacbffff,89a8100ee67ffff,5635274734,8026880962,16.6005,0.069607,athlete
89a8100eacbffff,89a8100ee6bffff,5635274734,60624735,13.6443,0.229157,athlete
89a8100eacbffff,89a8100ee6fffff,5635274734,303562332,15.1653,0.137384,athlete
89a8100eacfffff,89a8100c197ffff,6354712520,11298557475,19.4661,0.001757,athlete
89a8100eacfffff,89a8100c523ffff,6354712520,10561374326,17.8542,0.028136,athlete
89a8100eacfffff,89a8100c527ffff,6354712520,13452330655,14.279,0.18867,athlete
89a8100eacfffff,89a8100c537ffff,6354712520,11404088064,12.5054,0.308265,athlete
89a8100eacfffff,89a8100c5a3ffff,6354712520,13450161955,18.8831,0.007675,athlete
89a8100eacfffff,89a8100c5a7ffff,6354712520,11315561922,15.6193,0.113781,athlete
89a8100eacfffff,89a8100c5afffff,6354712520,11380109175,16.5016,0.073613,athlete
89a8100eacfffff,89a8100ea03ffff,6354712520,4714368990,16.3556,0.079716,athlete
89a8100eacfffff,89a8100ea07ffff,6354712520,11287099391,19.1296,0.004666,athlete
89a8100eacfffff,89a8100ea0bffff,6354712520,12519106573,16.2185,0.085644,athlete
89a8100eacfffff,89a8100ea0fffff,6354712520,142788297,19.1921,0.004021,athlete
89a8100eacfffff,89a8100ea13ffff,6354712520,28149737,10.4706,0.463071,athlete
89a8100eacfffff,89a8100ea17ffff,6354712520,11287130321,16.0295,0.094134,athlete
89a8100eacfffff,89a8100ea1bffff,6354712520,11287146311,6.7241,0.746086,athlete
89a8100eacfffff,89a8100ea43ffff,6354712520,11287001106,11.0519,0.417762,athlete
89a8100eacfffff,89a8100ea47ffff,6354712520,444960068,17.4771,0.038752,athlete
89a8100eacfffff,89a8100ea4bffff,6354712520,11298600034,15.0519,0.143576,athlete
89a8100eacfffff,89a8100ea4fffff,6354712520,13446021938,16.3766,0.078823,athlete
89a8100eacfffff,89a8100ea53ffff,6354712520,13449882082,7.2966,0.705997,athlete
89a8100eacfffff,89a8100ea57ffff,6354712520,11287035477,6.0382,0.79146,athlete
89a8100eacfffff,89a8100ea5bffff,6354712520,11289900012,14.3758,0.182756,athlete
89a8100eacfffff,89a8100ea7bffff,6354712520,466174576,19.6695,0.000674,athlete
89a8100eacfffff,89a8100ea83ffff,6354712520,12088965179,15.3997,0.124958,athlete
89a8100eacfffff,89a8100ea8bffff,6354712520,8572469297,13.7199,0.22418,athlete
89a8100eacfffff,89a8100ea8fffff,6354712520,12258359594,15.5082,0.119378,athlete
89a8100eacfffff,89a8100ea93ffff,6354712520,8950638851,17.2925,0.04454,athlete
89a8100eacfffff,89a8100ea9bffff,6354712520,303562378,12.1903,0.331346,athlete
89a8100eacfffff,89a8100eac3ffff,6354712520,11331125078,5.8042,0.80619,athlete
89a8100eacfffff,89a8100eac7ffff,6354712520,12554685114,9.6515,0.527354,athlete
89a8100eacfffff,89a8100eacbffff,6354712520,5635274734,4.1202,0.898888,athlete
89a8100eacfffff,89a8100eacfffff,6354712520,6354712520,1.2451,0.990468,athlete
89a8100eacfffff,89a8100ead3ffff,6354712520,11334987710,11.5777,0.377351,athlete
89a8100eacfffff,89a8100ead7ffff,6354712520,2147307307,8.342,0.628751,athlete
89a8100eacfffff,89a8100eadbffff,6354712520,13452423932,11.1775,0.408047,athlete
89a8100eacfffff,89a8100ee2bffff,6354712520,4343780793,19.724,0.00047,athlete
89a8100eacfffff,89a8100ee63ffff,6354712520,4234762112,18.7936,0.008951,athlete
89a8100eacfffff,89a8100ee67ffff,6354712520,8026880962,14.5636,0.171495,athlete
89a8100eacfffff,89a8100ee6bffff,6354712520,60624735,16.9884,0.054913,athlete
89a8100eacfffff,89a8100ee6fffff,6354712520,303562332,15.1893,0.136094,athlete
89a8100eacfffff,89a8100ee77ffff,6354712520,4187978113,19.3727,0.002425,athlete
89a8100ead3ffff,89a8100c537ffff,11334987710,11404088064,17.0343,0.053282,athlete
89a8100ead3ffff,89a8100c5a3ffff,11334987710,13450161955,13.3614,0.248093,athlete
89a8100ead3ffff,89a8100c5a7ffff,11334987710,11315561922,7.6345,0.68154,athlete
89a8100ead3ffff,89a8100c5afffff,11334987710,11380109175,13.5973,0.232265,athlete
89a8100ead3ffff,89a8100c5b3ffff,11334987710,11381688343,16.5723,0.070742,athlete
89a8100ead3ffff,89a8100c5b7ffff,11334987710,11380298950,9.774,0.517743,athlete
89a8100ead3ffff,89a8100c5bbffff,11334987710,13453136400,19.8631,0.000116,athlete
89a8100ead3ffff,89a8100ea13ffff,11334987710,28149737,14.5725,0.170966,athlete
89a8100ead3ffff,89a8100ea1bffff,11334987710,11287146311,17.8575,0.02805,athlete
89a8100ead3ffff,89a8100ea53ffff,11334987710,13449882082,18.702,0.010357,athlete
89a8100ead3ffff,89a8100ea83ffff,11334987710,12088965179,16.9759,0.055359,athlete
89a8100ead3ffff,89a8100ea8bffff,11334987710,8572469297,15.48,0.120818,athlete
89a8100ead3ffff,89a8100ea8fffff,11334987710,12258359594,18.9704,0.006525,athlete
89a8100ead3ffff,89a8100ea93ffff,11334987710,8950638851,16.7519,0.063679,athlete
89a8100ead3ffff,89a8100ea9bffff,11334987710,303562378,10.6398,0.449837,athlete
89a8100ead3ffff,89a8100eac3ffff,11334987710,11331125078,6.3675,0.770067,athlete
89a8100ead3ffff,89a8100eac7ffff,11334987710,12554685114,12.1227,0.336352,athlete
89a8100ead3ffff,89a8100eacbffff,11334987710,5635274734,10.1477,0.488401,athlete
89a8100ead3ffff,89a8100eacfffff,11334987710,6354712520,15.3634,0.12685,athlete
89a8100ead3ffff,89a8100ead3ffff,11334987710,11334987710,0.7409,0.996618,athlete
89a8100ead3ffff,89a8100ead7ffff,11334987710,2147307307,8.2652,0.634573,athlete
89a8100ead3ffff,89a8100eadbffff,11334987710,13452423932,6.8246,0.739185,athlete
89a8100ead3ffff,89a8100ee0fffff,11334987710,1389167116,16.5359,0.072212,athlete
89a8100ead3ffff,89a8100ee2bffff,11334987710,4343780793,16.7941,0.062071,athlete
89a8100ead3ffff,89a8100ee3bffff,11334987710,8754047094,18.4616,0.014527,athlete
89a8100ead3ffff,89a8100ee47ffff,11334987710,303788569,17.2951,0.044457,athlete
89a8100ead3ffff,89a8100ee4bffff,11334987710,142806216,19.2936,0.003075,athlete
89a8100ead3ffff,89a8100ee4fffff,11334987710,303788630,15.7456,0.107556,athlete
89a8100ead3ffff,89a8100ee63ffff,11334987710,4234762112,8.9082,0.585329,athlete
89a8100ead3ffff,89a8100ee67ffff,11334987710,8026880962,12.0308,0.343195,athlete
89a8100ead3ffff,89a8100ee6bffff,11334987710,60624735,6.2893,0.775213,athlete
89a8100ead3ffff,89a8100ee6fffff,11334987710,303562332,7.8104,0.668602,athlete
89a8100ead3ffff,89a8100ee73ffff,11334987710,303561646,13.7254,0.223823,athlete
89a8100ead3ffff,89a8100ee77ffff,11334987710,4187978113,14.5697,0.171134,athlete
89a8100ead3ffff,89a8100ee7bffff,11334987710,11381714308,12.8322,0.284827,athlete
89a8100ead7ffff,89a8100c5a3ffff,2147307307,13450161955,18.1079,0.021921,athlete
89a8100ead7ffff,89a8100c5a7ffff,2147307307,11315561922,12.381,0.317326,athlete
89a8100ead7ffff,89a8100c5afffff,2147307307,11380109175,18.3438,0.016825,athlete
89a8100ead7ffff,89a8100c5b7ffff,2147307307,11380298950,14.7372,0.161337,athlete
89a8100ead7ffff,89a8100ea13ffff,2147307307,28149737,10.5581,0.456223,athlete
89a8100ead7ffff,89a8100ea17ffff,2147307307,11287130321,16.117,0.09016,athlete
89a8100ead7ffff,89a8100ea1bffff,2147307307,11287146311,14.3283,0.185649,athlete
89a8100ead7ffff,89a8100ea53ffff,2147307307,13449882082,16.2926,0.082415,athlete
89a8100ead7ffff,89a8100ea57ffff,2147307307,11287035477,16.5994,0.069655,athlete
89a8100ead7ffff,89a8100ea83ffff,2147307307,12088965179,10.7396,0.442041,athlete
89a8100ead7ffff,89a8100ea8bffff,2147307307,8572469297,11.4656,0.385905,athlete
89a8100ead7ffff,89a8100ea8fffff,2147307307,12258359594,12.7341,0.291806,athlete
89a8100ead7ffff,89a8100ea93ffff,2147307307,8950638851,10.7631,0.440208,athlete
89a8100ead7ffff,89a8100ea9bffff,2147307307,303562378,4.651,0.872395,athlete
89a8100ead7ffff,89a8100eac3ffff,2147307307,11331125078,6.1667,0.7832,athlete
89a8100ead7ffff,89a8100eac7ffff,2147307307,12554685114,8.1083,0.646395,athlete
89a8100ead7ffff,89a8100eacbffff,2147307307,5635274734,12.6753,0.296016,athlete
89a8100ead7ffff,89a8100eacfffff,2147307307,6354712520,12.1537,0.334057,athlete
89a8100ead7ffff,89a8100ead3ffff,2147307307,11334987710,8.2466,0.635974,athlete
89a8100ead7ffff,89a8100ead7ffff,2147307307,2147307307,0.4063,0.998982,athlete
89a8100ead7ffff,89a8100eadbffff,2147307307,13452423932,11.5615,0.378583,athlete
89a8100ead7ffff,89a8100ee07ffff,2147307307,1389167151,19.9078,5.2e-05,athlete
89a8100ead7ffff,89a8100ee0fffff,2147307307,1389167116,16.9894,0.054875,athlete
89a8100ead7ffff,89a8100ee2bffff,2147307307,4343780793,12.1846,0.331768,athlete
89a8100ead7ffff,89a8100ee3bffff,2147307307,8754047094,15.7253,0.108543,athlete
89a8100ead7ffff,89a8100ee47ffff,2147307307,303788569,18.8636,0.007944,athlete
89a8100ead7ffff,89a8100ee4fffff,2147307307,303788630,19.7116,0.000513,athlete
89a8100ead7ffff,89a8100ee63ffff,2147307307,4234762112,11.2543,0.402127,athlete
89a8100ead7ffff,89a8100ee67ffff,2147307307,8026880962,7.0243,0.725296,athlete
89a8100ead7ffff,89a8100ee6bffff,2147307307,60624735,11.2327,0.403789,athlete
89a8100ead7ffff,89a8100ee6fffff,2147307307,303562332,7.6499,0.68041,athlete
89a8100ead7ffff,89a8100ee73ffff,2147307307,303561646,15.294,0.130504,athlete
89a8100ead7ffff,89a8100ee77ffff,2147307307,4187978113,11.8334,0.357989,athlete
89a8100ead7ffff,89a8100ee7bffff,2147307307,11381714308,16.6554,0.067431,athlete
89a8100eadbffff,89a8100c523ffff,13452423932,10561374326,17.9446,0.025835,athlete
89a8100eadbffff,89a8100c533ffff,13452423932,11384427627,15.7425,0.107707,athlete
89a8100eadbffff,89a8100c537ffff,13452423932,11404088064,15.1813,0.136525,athlete
89a8100eadbffff,89a8100c587ffff,13452423932,303858897,19.3095,0.002938,athlete
89a8100eadbffff,89a8100c5a3ffff,13452423932,13450161955,9.9417,0.504582,athlete
89a8100eadbffff,89a8100c5a7ffff,13452423932,11315561922,7.3309,0.70354,athlete
89a8100eadbffff,89a8100c5abffff,13452423932,11394279072,16.0862,0.091548,athlete
89a8100eadbffff,89a8100c5afffff,13452423932,11380109175,9.9023,0.507671,athlete
89a8100eadbffff,89a8100c5b3ffff,13452423932,11381688343,16.4755,0.074687,athlete
89a8100eadbffff,89a8100c5b7ffff,13452423932,11380298950,11.4102,0.390148,athlete
89a8100eadbffff,89a8100c5bbffff,13452423932,13453136400,16.4433,0.076022,athlete
89a8100eadbffff,89a8100ea13ffff,13452423932,28149737,17.6056,0.034949,athlete
89a8100eadbffff,89a8100ea1bffff,13452423932,11287146311,18.1864,0.020152,athlete
89a8100eadbffff,89a8100ea53ffff,13452423932,13449882082,19.0245,0.005858,athlete
89a8100eadbffff,89a8100ea8bffff,13452423932,8572469297,19.1551,0.004397,athlete
89a8100eadbffff,89a8100ea9bffff,13452423932,303562378,15.7931,0.105254,athlete
89a8100eadbffff,89a8100eac3ffff,13452423932,11331125078,6.69,0.748413,athlete
89a8100eadbffff,89a8100eac7ffff,13452423932,12554685114,15.5493,0.117295,athlete
89a8100eadbffff,89a8100eacbffff,13452423932,5635274734,10.4452,0.46506,athlete
89a8100eadbffff,89a8100eacfffff,13452423932,6354712520,15.6924,0.110159,athlete
89a8100eadbffff,89a8100ead3ffff,13452423932,11334987710,7.6453,0.680753,athlete
89a8100eadbffff,89a8100ead7ffff,13452423932,2147307307,11.9448,0.349619,athlete
89a8100eadbffff,89a8100eadbffff,13452423932,13452423932,0.9429,0.994525,athlete
89a8100eadbffff,89a8100ee4fffff,13452423932,303788630,17.3241,0.043524,athlete
89a8100eadbffff,89a8100ee63ffff,13452423932,4234762112,13.7386,0.222962,athlete
89a8100eadbffff,89a8100ee67ffff,13452423932,8026880962,16.8611,0.059554,athlete
89a8100eadbffff,89a8100ee6bffff,13452423932,60624735,10.4416,0.465346,athlete
89a8100eadbffff,89a8100ee6fffff,13452423932,303562332,12.6407,0.298494,athlete
89a8100eadbffff,89a8100ee73ffff,13452423932,303561646,18.1154,0.021749,athlete
89a8100eadbffff,89a8100ee77ffff,13452423932,4187978113,19.4,0.002219,athlete
89a8100eadbffff,89a8100ee7bffff,13452423932,11381714308,16.0063,0.095201,athlete
89a8100ee03ffff,89a8100c5b7ffff,300059078,11380298950,19.1291,0.004671,athlete
89a8100ee03ffff,89a8100ee03ffff,300059078,300059078,0.9127,0.994871,athlete
89a8100ee03ffff,89a8100ee07ffff,300059078,1389167151,10.9573,0.425099,athlete
89a8100ee03ffff,89a8100ee0bffff,300059078,302727634,5.7822,0.80756,athlete
89a8100ee03ffff,89a8100ee0fffff,300059078,1389167116,8.7193,0.599907,athlete
89a8100ee03ffff,89a8100ee13ffff,300059078,3316883638,9.8202,0.514118,athlete
89a8100ee03ffff,89a8100ee17ffff,300059078,3316883639,4.3283,0.888822,athlete
89a8100ee03ffff,89a8100ee1bffff,300059078,4187978161,7.5046,0.69101,athlete
89a8100ee03ffff,89a8100ee2bffff,300059078,4343780793,19.8843,8.3e-05,athlete
89a8100ee03ffff,89a8100ee3bffff,300059078,8754047094,15.0418,0.144131,athlete
89a8100ee03ffff,89a8100ee43ffff,300059078,303788527,15.8712,0.101522,athlete
89a8100ee03ffff,89a8100ee47ffff,300059078,303788569,12.9845,0.27409,athlete
89a8100ee03ffff,89a8100ee4fffff,300059078,303788630,16.878,0.058928,athlete
89a8100ee03ffff,89a8100ee53ffff,300059078,11374107987,15.5738,0.116057,athlete
89a8100ee03ffff,89a8100ee57ffff,300059078,303788601,10.3562,0.472039,athlete
89a8100ee03ffff,89a8100ee5bffff,300059078,3317179765,19.8083,0.000227,athlete
89a8100ee03ffff,89a8100ee63ffff,300059078,4234762112,16.8339,0.06057,athlete
89a8100ee03ffff,89a8100ee67ffff,300059078,8026880962,18.5713,0.012538,athlete
89a8100ee03ffff,89a8100ee73ffff,300059078,303561646,11.0281,0.419607,athlete
89a8100ee03ffff,89a8100ee77ffff,300059078,4187978113,14.8771,0.153338,athlete
89a8100ee03ffff,89a8100ee7bffff,300059078,11381714308,14.7952,0.158002,athlete
89a8100ee03ffff,89a8100ee8bffff,300059078,301666018,13.2742,0.254032,athlete
89a8100ee03ffff,89a8100ee8fffff,300059078,10200791046,10.9952,0.422152,athlete
89a8100ee03ffff,89a8100eec3ffff,300059078,11374715239,13.9423,0.209786,athlete
89a8100ee03ffff,89a8100eec7ffff,300059078,142811324,10.7005,0.445093,athlete
89a8100ee03ffff,89a8100eecbffff,300059078,303788723,17.5201,0.037457,athlete
89a8100ee03ffff,89a8100eecfffff,300059078,10293138120,12.6001,0.301422,athlete
89a8100ee07ffff,89a8100c5b7ffff,1389167151,11380298950,19.8095,0.000224,athlete
89a8100ee07ffff,89a8100ee03ffff,1389167151,300059078,13.4236,0.243885,athlete
89a8100ee07ffff,89a8100ee07ffff,1389167151,1389167151,2.3932,0.965085,athlete
89a8100ee07ffff,89a8100ee0bffff,1389167151,302727634,10.6489,0.449121,athlete
89a8100ee07ffff,89a8100ee0fffff,1389167151,1389167116,6.2198,0.779752,athlete
89a8100ee07ffff,89a8100ee13ffff,1389167151,3316883638,16.5679,0.070918,athlete
89a8100ee07ffff,89a8100ee17ffff,1389167151,3316883639,16.8393,0.06037,athlete
89a8100ee07ffff,89a8100ee1bffff,1389167151,4187978161,14.2523,0.190313,athlete
89a8100ee07ffff,89a8100ee2bffff,1389167151,4343780793,15.7276,0.108432,athlete
89a8100ee07ffff,89a8100ee3bffff,1389167151,8754047094,6.7657,0.743233,athlete
89a8100ee07ffff,89a8100ee47ffff,1389167151,303788569,15.5521,0.117154,athlete
89a8100ee07ffff,89a8100ee4fffff,1389167151,303788630,19.4397,0.001935,athlete
89a8100ee07ffff,89a8100ee57ffff,1389167151,303788601,14.943,0.149629,athlete
89a8100ee07ffff,89a8100ee63ffff,1389167151,4234762112,14.8787,0.153246,athlete
89a8100ee07ffff,89a8100ee67ffff,1389167151,8026880962,14.4147,0.180401,athlete
89a8100ee07ffff,89a8100ee6fffff,1389167151,303562332,17.8038,0.029457,athlete
89a8100ee07ffff,89a8100ee73ffff,1389167151,303561646,10.7672,0.439887,athlete
89a8100ee07ffff,89a8100ee77ffff,1389167151,4187978113,10.7204,0.443537,athlete
89a8100ee07ffff,89a8100ee7bffff,1389167151,11381714308,15.4756,0.121046,athlete
89a8100ee07ffff,89a8100eec7ffff,1389167151,142811324,17.4482,0.039633,athlete
89a8100ee07ffff,89a8100eecfffff,1389167151,10293138120,18.3473,0.016754,athlete
89a8100ee0bffff,89a8100c597ffff,302727634,11374075968,19.3459,0.002637,athlete
89a8100ee0bffff,89a8100c5b3ffff,302727634,11381688343,19.9209,3.9e-05,athlete
89a8100ee0bffff,89a8100c5b7ffff,302727634,11380298950,14.5058,0.174932,athlete
89a8100ee0bffff,89a8100e327ffff,302727634,6697698868,19.5078,0.001494,athlete
89a8100ee0bffff,89a8100ee03ffff,302727634,300059078,6.879,0.735418,athlete
89a8100ee0bffff,89a8100ee07ffff,302727634,1389167151,9.407,0.546507,athlete
89a8100ee0bffff,89a8100ee0bffff,302727634,302727634,1.0446,0.993284,athlete
89a8100ee0bffff,89a8100ee0fffff,302727634,1389167116,5.1962,0.842493,athlete
89a8100ee0bffff,89a8100ee13ffff,302727634,3316883638,9.5691,0.533815,athlete
89a8100ee0bffff,89a8100ee17ffff,302727634,3316883639,10.0136,0.498932,athlete
89a8100ee0bffff,89a8100ee1bffff,302727634,4187978161,5.148,0.84524,athlete
89a8100ee0bffff,89a8100ee2bffff,302727634,4343780793,16.3611,0.07948,athlete
89a8100ee0bffff,89a8100ee3bffff,302727634,8754047094,11.8347,0.357889,athlete
89a8100ee0bffff,89a8100ee43ffff,302727634,303788527,11.1336,0.411437,athlete
89a8100ee0bffff,89a8100ee47ffff,302727634,303788569,8.322,0.630272,athlete
89a8100ee0bffff,89a8100ee4bffff,302727634,142806216,16.1882,0.086983,athlete
89a8100ee0bffff,89a8100ee4fffff,302727634,303788630,12.2155,0.329487,athlete
89a8100ee0bffff,89a8100ee53ffff,302727634,11374107987,10.8363,0.43451,athlete
89a8100ee0bffff,89a8100ee57ffff,302727634,303788601,5.6186,0.817583,athlete
89a8100ee0bffff,89a8100ee5bffff,302727634,3317179765,15.0707,0.142543,athlete
89a8100ee0bffff,89a8100ee63ffff,302727634,4234762112,13.0075,0.272479,athlete
89a8100ee0bffff,89a8100ee67ffff,302727634,8026880962,15.0482,0.143782,athlete
89a8100ee0bffff,89a8100ee6fffff,302727634,303562332,18.3466,0.016768,athlete
89a8100ee0bffff,89a8100ee73ffff,302727634,303561646,7.1186,0.718654,athlete
89a8100ee0bffff,89a8100ee77ffff,302727634,4187978113,11.3539,0.394462,athlete
89a8100ee0bffff,89a8100ee7bffff,302727634,11381714308,10.373,0.470722,athlete
89a8100ee0bffff,89a8100ee8bffff,302727634,301666018,12.7269,0.292316,athlete
89a8100ee0bffff,89a8100ee8fffff,302727634,10200791046,13.8425,0.216201,athlete
89a8100ee0bffff,89a8100eec3ffff,302727634,11374715239,12.8283,0.285099,athlete
89a8100ee0bffff,89a8100eec7ffff,302727634,142811324,10.102,0.491987,athlete
89a8100ee0bffff,89a8100eecbffff,302727634,303788723,12.7826,0.28835,athlete
89a8100ee0bffff,89a8100eecfffff,302727634,10293138120,8.743,0.598087,athlete
89a8100ee0fffff,89a8100c5a7ffff,1389167116,11315561922,19.4606,0.001793,athlete
89a8100ee0fffff,89a8100c5b7ffff,1389167116,11380298950,14.6442,0.16675,athlete
89a8100ee0fffff,89a8100ea93ffff,1389167116,8950638851,19.1446,0.004507,athlete
89a8100ee0fffff,89a8100ea9bffff,1389167116,303562378,17.3128,0.043886,athlete
89a8100ee0fffff,89a8100ead3ffff,1389167116,11334987710,18.6684,0.010898,athlete
89a8100ee0fffff,89a8100ead7ffff,1389167116,2147307307,19.7512,0.000382,athlete
89a8100ee0fffff,89a8100ee03ffff,1389167116,300059078,10.2272,0.482159,athlete
89a8100ee0fffff,89a8100ee07ffff,1389167116,1389167151,5.2653,0.838516,athlete
89a8100ee0fffff,89a8100ee0bffff,1389167116,302727634,5.5529,0.821555,athlete
89a8100ee0fffff,89a8100ee0fffff,1389167116,1389167116,1.0545,0.993157,athlete
89a8100ee0fffff,89a8100ee13ffff,1389167116,3316883638,12.9342,0.277621,athlete
89a8100ee0fffff,89a8100ee17ffff,1389167116,3316883639,13.3787,0.246922,athlete
89a8100ee0fffff,89a8100ee1bffff,1389167116,4187978161,9.6563,0.526984,athlete
89a8100ee0fffff,89a8100ee2bffff,1389167116,4343780793,12.3894,0.316714,athlete
89a8100ee0fffff,89a8100ee3bffff,1389167116,8754047094,7.863,0.664707,athlete
89a8100ee0fffff,89a8100ee43ffff,1389167116,303788527,15.2826,0.131105,athlete
89a8100ee0fffff,89a8100ee47ffff,1389167116,303788569,10.3867,0.469646,athlete
89a8100ee0fffff,89a8100ee4bffff,1389167116,142806216,19.3049,0.002977,athlete
89a8100ee0fffff,89a8100ee4fffff,1389167116,303788630,14.2743,0.188955,athlete
89a8100ee0fffff,89a8100ee53ffff,1389167116,11374107987,15.2262,0.134109,athlete
89a8100ee0fffff,89a8100ee57ffff,1389167116,303788601,9.8469,0.512025,athlete
89a8100ee0fffff,89a8100ee5bffff,1389167116,3317179765,19.2197,0.003751,athlete
89a8100ee0fffff,89a8100ee63ffff,1389167116,4234762112,9.7134,0.522504,athlete
89a8100ee0fffff,89a8100ee67ffff,1389167116,8026880962,11.0764,0.41586,athlete
89a8100ee0fffff,89a8100ee6bffff,1389167116,60624735,18.2541,0.018684,athlete
89a8100ee0fffff,89a8100ee6fffff,1389167116,303562332,14.3849,0.1822,athlete
89a8100ee0fffff,89a8100ee73ffff,1389167116,303561646,5.6019,0.818597,athlete
89a8100ee0fffff,89a8100ee77ffff,1389167116,4187978113,7.3822,0.699857,athlete
89a8100ee0fffff,89a8100ee7bffff,1389167116,11381714308,10.3102,0.475644,athlete
89a8100ee0fffff,89a8100ee8bffff,1389167116,301666018,16.1924,0.086796,athlete
89a8100ee0fffff,89a8100ee8fffff,1389167116,10200791046,17.2076,0.047332,athlete
89a8100ee0fffff,89a8100eec3ffff,1389167116,11374715239,16.8093,0.061497,athlete
89a8100ee0fffff,89a8100eec7ffff,1389167116,142811324,13.5675,0.234247,athlete
89a8100ee0fffff,89a8100eecbffff,1389167116,303788723,17.2908,0.044595,athlete
89a8100ee0fffff,89a8100eecfffff,1389167116,10293138120,13.2512,0.255604,athlete
89a8100ee13ffff,89a8100ee03ffff,3316883638,300059078,10.6869,0.446155,athlete
89a8100ee13ffff,89a8100ee07ffff,3316883638,1389167151,16.2513,0.084207,athlete
89a8100ee13ffff,89a8100ee0bffff,3316883638,302727634,9.3389,0.551828,athlete
89a8100ee13ffff,89a8100ee0fffff,3316883638,1389167116,13.421,0.24406,athlete
89a8100ee13ffff,89a8100ee13ffff,3316883638,3316883638,0.6957,0.997018,athlete
89a8100ee13ffff,89a8100ee17ffff,3316883638,3316883639,6.8456,0.737731,athlete
89a8100ee13ffff,89a8100ee1bffff,3316883638,4187978161,8.4613,0.619677,athlete
89a8100ee13ffff,89a8100ee43ffff,3316883638,303788527,17.8253,0.02889,athlete
89a8100ee13ffff,89a8100ee47ffff,3316883638,303788569,16.5468,0.07177,athlete
89a8100ee13ffff,89a8100ee53ffff,3316883638,11374107987,15.748,0.107439,athlete
89a8100ee13ffff,89a8100ee57ffff,3316883638,303788601,12.3103,0.322504,athlete
89a8100ee13ffff,89a8100ee73ffff,3316883638,303561646,15.3435,0.127895,athlete
89a8100ee13ffff,89a8100ee77ffff,3316883638,4187978113,19.5788,0.001094,athlete
89a8100ee13ffff,89a8100ee7bffff,3316883638,11381714308,18.5978,0.012079,athlete
89a8100ee13ffff,89a8100ee8bffff,3316883638,301666018,4.1497,0.897488,athlete
89a8100ee13ffff,89a8100ee8fffff,3316883638,10200791046,5.3196,0.835369,athlete
89a8100ee13ffff,89a8100eec3ffff,3316883638,11374715239,11.5215,0.381639,athlete
89a8100ee13ffff,89a8100eec7ffff,3316883638,142811324,6.8111,0.740114,athlete
89a8100ee13ffff,89a8100eecbffff,3316883638,303788723,15.8017,0.104843,athlete
89a8100ee13ffff,89a8100eecfffff,3316883638,10293138120,10.7015,0.445015,athlete
89a8100ee17ffff,89a8100ee03ffff,3316883639,300059078,5.6978,0.812757,athlete
89a8100ee17ffff,89a8100ee07ffff,3316883639,1389167151,15.7424,0.107711,athlete
89a8100ee17ffff,89a8100ee0bffff,3316883639,302727634,10.5673,0.455504,athlete
89a8100ee17ffff,89a8100ee0fffff,3316883639,1389167116,13.5045,0.238452,athlete
89a8100ee17ffff,89a8100ee13ffff,3316883639,3316883638,7.6415,0.68103,athlete
89a8100ee17ffff,89a8100ee17ffff,3316883639,3316883639,1.4705,0.986721,athlete
89a8100ee17ffff,89a8100ee1bffff,3316883639,4187978161,11.0161,0.420532,athlete
89a8100ee17ffff,89a8100ee3bffff,3316883639,8754047094,19.827,0.000185,athlete
89a8100ee17ffff,89a8100ee47ffff,3316883639,303788569,17.7696,0.030373,athlete
89a8100ee17ffff,89a8100ee57ffff,3316883639,303788601,14.8652,0.154014,athlete
89a8100ee17ffff,89a8100ee73ffff,3316883639,303561646,15.8132,0.104288,athlete
89a8100ee17ffff,89a8100ee77ffff,3316883639,4187978113,19.6622,0.000704,athlete
89a8100ee17ffff,89a8100ee7bffff,3316883639,11381714308,19.5803,0.001086,athlete
89a8100ee17ffff,89a8100ee8bffff,3316883639,301666018,11.0304,0.419425,athlete
89a8100ee17ffff,89a8100ee8fffff,3316883639,10200791046,8.1374,0.644208,athlete
89a8100ee17ffff,89a8100eec3ffff,3316883639,11374715239,17.3866,0.041541,athlete
89a8100ee17ffff,89a8100eec7ffff,3316883639,142811324,13.6918,0.226026,athlete
89a8100ee17ffff,89a8100eecfffff,3316883639,10293138120,16.1116,0.090402,athlete
89a8100ee1bffff,89a8100c597ffff,4187978161,11374075968,18.7566,0.009507,athlete
89a8100ee1bffff,89a8100c5b3ffff,4187978161,11381688343,19.4142,0.002116,athlete
89a8100ee1bffff,89a8100c5b7ffff,4187978161,11380298950,18.6075,0.011913,athlete
89a8100ee1bffff,89a8100e327ffff,4187978161,6697698868,18.8789,0.007733,athlete
89a8100ee1bffff,89a8100ee03ffff,4187978161,300059078,8.4984,0.616847,athlete
89a8100ee1bffff,89a8100ee07ffff,4187978161,1389167151,13.5088,0.238165,athlete
89a8100ee1bffff,89a8100ee0bffff,4187978161,302727634,5.1464,0.845333,athlete
89a8100ee1bffff,89a8100ee0fffff,4187978161,1389167116,9.2979,0.555029,athlete
89a8100ee1bffff,89a8100ee13ffff,4187978161,3316883638,8.6452,0.605605,athlete
89a8100ee1bffff,89a8100ee17ffff,4187978161,3316883639,9.1836,0.563942,athlete
89a8100ee1bffff,89a8100ee1bffff,4187978161,4187978161,0.9799,0.994089,athlete
89a8100ee1bffff,89a8100ee3bffff,4187978161,8754047094,15.9365,0.098444,athlete
89a8100ee1bffff,89a8100ee43ffff,4187978161,303788527,10.5443,0.4573,athlete
89a8100ee1bffff,89a8100ee47ffff,4187978161,303788569,10.3226,0.474676,athlete
89a8100ee1bffff,89a8100ee4bffff,4187978161,142806216,15.5989,0.114798,athlete
89a8100ee1bffff,89a8100ee4fffff,4187978161,303788630,14.6704,0.165219,athlete
89a8100ee1bffff,89a8100ee53ffff,4187978161,11374107987,10.2073,0.483718,athlete
89a8100ee1bffff,89a8100ee57ffff,4187978161,303788601,5.0294,0.851919,athlete
89a8100ee1bffff,89a8100ee5bffff,4187978161,3317179765,14.4814,0.176387,athlete
89a8100ee1bffff,89a8100ee63ffff,4187978161,4234762112,17.1093,0.050666,athlete
89a8100ee1bffff,89a8100ee67ffff,4187978161,8026880962,19.1499,0.004451,athlete
89a8100ee1bffff,89a8100ee73ffff,4187978161,303561646,11.2204,0.404736,athlete
89a8100ee1bffff,89a8100ee77ffff,4187978161,4187978113,15.4557,0.122066,athlete
89a8100ee1bffff,89a8100ee7bffff,4187978161,11381714308,14.4748,0.176786,athlete
89a8100ee1bffff,89a8100ee8bffff,4187978161,301666018,9.3258,0.552852,athlete
89a8100ee1bffff,89a8100ee8fffff,4187978161,10200791046,13.0126,0.272125,athlete
89a8100ee1bffff,89a8100eec3ffff,4187978161,11374715239,8.9752,0.580143,athlete
89a8100ee1bffff,89a8100eec7ffff,4187978161,142811324,6.7009,0.747669,athlete
89a8100ee1bffff,89a8100eecbffff,4187978161,303788723,11.3528,0.394551,athlete
89a8100ee1bffff,89a8100eecfffff,4187978161,10293138120,6.0754,0.789082,athlete
89a8100ee2bffff,89a8100c5a7ffff,4343780793,11315561922,19.5322,0.001349,athlete
89a8100ee2bffff,89a8100c5b7ffff,4343780793,11380298950,16.8592,0.059627,athlete
89a8100ee2bffff,89a8100ea83ffff,4343780793,12088965179,17.8103,0.029287,athlete
89a8100ee2bffff,89a8100ea8bffff,4343780793,8572469297,19.2559,0.003412,athlete
89a8100ee2bffff,89a8100ea8fffff,4343780793,12258359594,19.8047,0.000235,athlete
89a8100ee2bffff,89a8100ea93ffff,4343780793,8950638851,10.4928,0.461336,athlete
89a8100ee2bffff,89a8100ea9bffff,4343780793,303562378,8.661,0.604391,athlete
89a8100ee2bffff,89a8100eac3ffff,4343780793,11331125078,19.8049,0.000235,athlete
89a8100ee2bffff,89a8100ead3ffff,4343780793,11334987710,17.5151,0.037609,athlete
89a8100ee2bffff,89a8100ead7ffff,4343780793,2147307307,14.0445,0.203284,athlete
89a8100ee2bffff,89a8100ee07ffff,4343780793,1389167151,14.2545,0.190176,athlete
89a8100ee2bffff,89a8100ee0bffff,4343780793,302727634,16.0761,0.092008,athlete
89a8100ee2bffff,89a8100ee0fffff,4343780793,1389167116,11.7405,0.365001,athlete
89a8100ee2bffff,89a8100ee2bffff,4343780793,4343780793,1.8499,0.979038,athlete
89a8100ee2bffff,89a8100ee3bffff,4343780793,8754047094,10.0721,0.494341,athlete
89a8100ee2bffff,89a8100ee47ffff,4343780793,303788569,17.5054,0.037898,athlete
89a8100ee2bffff,89a8100ee4fffff,4343780793,303788630,18.9072,0.007348,athlete
89a8100ee2bffff,89a8100ee63ffff,4343780793,4234762112,10.2552,0.479963,athlete
89a8100ee2bffff,89a8100ee67ffff,4343780793,8026880962,4.5857,0.875798,athlete
89a8100ee2bffff,89a8100ee6bffff,4343780793,60624735,17.1008,0.050959,athlete
89a8100ee2bffff,89a8100ee6fffff,4343780793,303562332,9.9569,0.503383,athlete
89a8100ee2bffff,89a8100ee73ffff,4343780793,303561646,13.8241,0.217393,athlete
89a8100ee2bffff,89a8100ee77ffff,4343780793,4187978113,6.4898,0.761934,athlete
89a8100ee2bffff,89a8100ee7bffff,4343780793,11381714308,15.3615,0.12695,athlete
89a8100ee3bffff,89a8100c5b7ffff,8754047094,11380298950,18.3291,0.017124,athlete
89a8100ee3bffff,89a8100ea93ffff,8754047094,8950638851,16.4024,0.077734,athlete
89a8100ee3bffff,89a8100ea9bffff,8754047094,303562378,14.5706,0.171078,athlete
89a8100ee3bffff,89a8100ead3ffff,8754047094,11334987710,19.2816,0.00318,athlete
89a8100ee3bffff,89a8100ead7ffff,8754047094,2147307307,17.0091,0.054174,athlete
89a8100ee3bffff,89a8100ee03ffff,8754047094,300059078,15.199,0.135568,athlete
89a8100ee3bffff,89a8100ee07ffff,8754047094,1389167151,4.8677,0.860821,athlete
89a8100ee3bffff,89a8100ee0bffff,8754047094,302727634,11.1319,0.41157,athlete
89a8100ee3bffff,89a8100ee0fffff,8754047094,1389167116,6.7963,0.741135,athlete
89a8100ee3bffff,89a8100ee13ffff,8754047094,3316883638,18.3433,0.016834,athlete
89a8100ee3bffff,89a8100ee17ffff,8754047094,3316883639,18.6147,0.011791,athlete
89a8100ee3bffff,89a8100ee1bffff,8754047094,4187978161,15.2353,0.133625,athlete
89a8100ee3bffff,89a8100ee2bffff,8754047094,4343780793,9.6472,0.527694,athlete
89a8100ee3bffff,89a8100ee3bffff,8754047094,8754047094,0.6853,0.997106,athlete
89a8100ee3bffff,89a8100ee47ffff,8754047094,303788569,15.8305,0.103457,athlete
89a8100ee3bffff,89a8100ee4fffff,8754047094,303788630,19.7181,0.00049,athlete
89a8100ee3bffff,89a8100ee57ffff,8754047094,303788601,15.4259,0.123603,athlete
89a8100ee3bffff,89a8100ee63ffff,8754047094,4234762112,11.0291,0.419529,athlete
89a8100ee3bffff,89a8100ee67ffff,8754047094,8026880962,8.3343,0.629339,athlete
89a8100ee3bffff,89a8100ee6bffff,8754047094,60624735,18.8673,0.007893,athlete
89a8100ee3bffff,89a8100ee6fffff,8754047094,303562332,11.7234,0.366289,athlete
89a8100ee3bffff,89a8100ee73ffff,8754047094,303561646,10.4204,0.467009,athlete
89a8100ee3bffff,89a8100ee77ffff,8754047094,4187978113,4.64,0.872969,athlete
89a8100ee3bffff,89a8100ee7bffff,8754047094,11381714308,15.7541,0.107145,athlete
89a8100ee3bffff,89a8100eec7ffff,8754047094,142811324,19.1465,0.004487,athlete
89a8100ee3bffff,89a8100eecfffff,8754047094,10293138120,18.8303,0.008417,athlete
89a8100ee43ffff,89a8100c583ffff,303788527,12265197248,18.1884,0.020107,athlete
89a8100ee43ffff,89a8100c587ffff,303788527,303858897,11.7822,0.36185,athlete
89a8100ee43ffff,89a8100c58fffff,303788527,4252790480,16.9672,0.055673,athlete
89a8100ee43ffff,89a8100c593ffff,303788527,304111065,14.0385,0.203664,athlete
89a8100ee43ffff,89a8100c597ffff,303788527,11374075968,8.6257,0.607102,athlete
89a8100ee43ffff,89a8100c5a3ffff,303788527,13450161955,15.5898,0.115256,athlete
89a8100ee43ffff,89a8100c5a7ffff,303788527,11315561922,18.4751,0.014276,athlete
89a8100ee43ffff,89a8100c5b3ffff,303788527,11381688343,11.2695,0.400956,athlete
89a8100ee43ffff,89a8100c5b7ffff,303788527,11380298950,11.6051,0.375268,athlete
89a8100ee43ffff,89a8100c5bbffff,303788527,13453136400,17.7208,0.031703,athlete
89a8100ee43ffff,89a8100e323ffff,303788527,5239723179,13.164,0.261605,athlete
89a8100ee43ffff,89a8100e327ffff,303788527,6697698868,14.4597,0.177691,athlete
89a8100ee43ffff,89a8100e32bffff,303788527,142777323,14.4185,0.180167,athlete
89a8100ee43ffff,89a8100e32fffff,303788527,13165518049,10.2585,0.479706,athlete
89a8100ee43ffff,89a8100e367ffff,303788527,142814786,19.4984,0.001551,athlete
89a8100ee43ffff,89a8100ee03ffff,303788527,300059078,15.7238,0.108619,athlete
89a8100ee43ffff,89a8100ee07ffff,303788527,1389167151,17.4467,0.039677,athlete
89a8100ee43ffff,89a8100ee0bffff,303788527,302727634,9.8893,0.508691,athlete
89a8100ee43ffff,89a8100ee0fffff,303788527,1389167116,13.2359,0.256656,athlete
89a8100ee43ffff,89a8100ee13ffff,303788527,3316883638,16.8679,0.059303,athlete
89a8100ee43ffff,89a8100ee17ffff,303788527,3316883639,17.4063,0.040926,athlete
89a8100ee43ffff,89a8100ee1bffff,303788527,4187978161,9.4912,0.539916,athlete
89a8100ee43ffff,89a8100ee2bffff,303788527,4343780793,19.8878,7.8e-05,athlete
89a8100ee43ffff,89a8100ee3bffff,303788527,8754047094,19.7842,0.000287,athlete
89a8100ee43ffff,89a8100ee43ffff,303788527,303788527,0.2528,0.999606,athlete
89a8100ee43ffff,89a8100ee47ffff,303788527,303788569,4.4419,0.883152,athlete
89a8100ee43ffff,89a8100ee4bffff,303788527,142806216,7.4542,0.69466,athlete
89a8100ee43ffff,89a8100ee4fffff,303788527,303788630,7.216,0.711749,athlete
89a8100ee43ffff,89a8100ee53ffff,303788527,11374107987,5.5675,0.820674,athlete
89a8100ee43ffff,89a8100ee57ffff,303788527,303788601,5.5131,0.823939,athlete
89a8100ee43ffff,89a8100ee5bffff,303788527,3317179765,4.3505,0.887722,athlete
89a8100ee43ffff,89a8100ee63ffff,303788527,4234762112,11.7282,0.365931,athlete
89a8100ee43ffff,89a8100ee67ffff,303788527,8026880962,15.1458,0.138445,athlete
89a8100ee43ffff,89a8100ee6bffff,303788527,60624735,18.3428,0.016846,athlete
89a8100ee43ffff,89a8100ee6fffff,303788527,303562332,17.0673,0.052122,athlete
89a8100ee43ffff,89a8100ee73ffff,303788527,303561646,8.9528,0.581875,athlete
89a8100ee43ffff,89a8100ee77ffff,303788527,4187978113,17.0841,0.051536,athlete
89a8100ee43ffff,89a8100ee7bffff,303788527,11381714308,9.0866,0.571495,athlete
89a8100ee43ffff,89a8100ee8bffff,303788527,301666018,16.2862,0.082691,athlete
89a8100ee43ffff,89a8100eec3ffff,303788527,11374715239,12.7945,0.2875,athlete
89a8100ee43ffff,89a8100eec7ffff,303788527,142811324,12.7911,0.287745,athlete
89a8100ee43ffff,89a8100eecbffff,303788527,303788723,9.2392,0.559612,athlete
89a8100ee43ffff,89a8100eecfffff,303788527,10293138120,9.2039,0.562363,athlete
89a8100ee47ffff,89a8100c587ffff,303788569,303858897,16.8909,0.058454,athlete
89a8100ee47ffff,89a8100c593ffff,303788569,304111065,19.161,0.004335,athlete
89a8100ee47ffff,89a8100c597ffff,303788569,11374075968,13.7482,0.222333,athlete
89a8100ee47ffff,89a8100c5a3ffff,303788569,13450161955,13.1467,0.262797,athlete
89a8100ee47ffff,89a8100c5a7ffff,303788569,11315561922,16.032,0.094018,athlete
89a8100ee47ffff,89a8100c5afffff,303788569,11380109175,18.0102,0.024224,athlete
89a8100ee47ffff,89a8100c5b3ffff,303788569,11381688343,12.4686,0.310936,athlete
89a8100ee47ffff,89a8100c5b7ffff,303788569,11380298950,9.1621,0.565621,athlete
89a8100ee47ffff,89a8100c5bbffff,303788569,13453136400,19.6204,0.000889,athlete
89a8100ee47ffff,89a8100e323ffff,303788569,5239723179,18.2865,0.018002,athlete
89a8100ee47ffff,89a8100e327ffff,303788569,6697698868,18.3015,0.017689,athlete
89a8100ee47ffff,89a8100e32bffff,303788569,142777323,19.5411,0.001299,athlete
89a8100ee47ffff,89a8100e32fffff,303788569,13165518049,15.381,0.125935,athlete
89a8100ee47ffff,89a8100ea9bffff,303788569,303562378,17.4291,0.040219,athlete
89a8100ee47ffff,89a8100ead3ffff,303788569,11334987710,17.5795,0.035706,athlete
89a8100ee47ffff,89a8100ead7ffff,303788569,2147307307,19.5915,0.001029,athlete
89a8100ee47ffff,89a8100ee03ffff,303788569,300059078,12.604,0.301138,athlete
89a8100ee47ffff,89a8100ee07ffff,303788569,1389167151,13.4203,0.244107,athlete
89a8100ee47ffff,89a8100ee0bffff,303788569,302727634,7.8208,0.667832,athlete
89a8100ee47ffff,89a8100ee0fffff,303788569,1389167116,9.2095,0.561927,athlete
89a8100ee47ffff,89a8100ee13ffff,303788569,3316883638,15.3025,0.130054,athlete
89a8100ee47ffff,89a8100ee17ffff,303788569,3316883639,15.7469,0.10749,athlete
89a8100ee47ffff,89a8100ee1bffff,303788569,4187978161,9.9506,0.503879,athlete
89a8100ee47ffff,89a8100ee2bffff,303788569,4343780793,16.694,0.06592,athlete
89a8100ee47ffff,89a8100ee3bffff,303788569,8754047094,15.7578,0.106961,athlete
89a8100ee47ffff,89a8100ee43ffff,303788569,303788527,5.5359,0.822573,athlete
89a8100ee47ffff,89a8100ee47ffff,303788569,303788569,0.4155,0.998936,athlete
89a8100ee47ffff,89a8100ee4bffff,303788569,142806216,9.7835,0.517,athlete
89a8100ee47ffff,89a8100ee4fffff,303788569,303788630,4.7632,0.866454,athlete
89a8100ee47ffff,89a8100ee53ffff,303788569,11374107987,9.2018,0.562527,athlete
89a8100ee47ffff,89a8100ee57ffff,303788569,303788601,5.9725,0.795637,athlete
89a8100ee47ffff,89a8100ee5bffff,303788569,3317179765,9.473,0.541341,athlete
89a8100ee47ffff,89a8100ee63ffff,303788569,4234762112,8.6245,0.607195,athlete
89a8100ee47ffff,89a8100ee67ffff,303788569,8026880962,11.9519,0.349091,athlete
89a8100ee47ffff,89a8100ee6bffff,303788569,60624735,15.8998,0.100169,athlete
89a8100ee47ffff,89a8100ee6fffff,303788569,303562332,13.9636,0.208425,athlete
89a8100ee47ffff,89a8100ee73ffff,303788569,303561646,4.9264,0.857617,athlete
89a8100ee47ffff,89a8100ee77ffff,303788569,4187978113,13.3849,0.246501,athlete
89a8100ee47ffff,89a8100ee7bffff,303788569,11381714308,5.99,0.79453,athlete
89a8100ee47ffff,89a8100ee8bffff,303788569,301666018,18.0246,0.023878,athlete
89a8100ee47ffff,89a8100ee8fffff,303788569,10200791046,19.5759,0.001109,athlete
89a8100ee47ffff,89a8100eec3ffff,303788569,11374715239,15.5667,0.116415,athlete
89a8100ee47ffff,89a8100eec7ffff,303788569,142811324,14.5295,0.17352,athlete
89a8100ee47ffff,89a8100eecbffff,303788569,303788723,12.7771,0.288736,athlete
89a8100ee47ffff,89a8100eecfffff,303788569,10293138120,11.3093,0.397888,athlete
89a8100ee4bffff,89a8100c517ffff,142806216,11409667724,17.7999,0.029561,athlete
89a8100ee4bffff,89a8100c583ffff,142806216,12265197248,15.4029,0.124793,athlete
89a8100ee4bffff,89a8100c587ffff,142806216,303858897,8.2949,0.632323,athlete
89a8100ee4bffff,89a8100c58fffff,142806216,4252790480,13.4799,0.240098,athlete
89a8100ee4bffff,89a8100c593ffff,142806216,304111065,12.4935,0.309131,athlete
89a8100ee4bffff,89a8100c597ffff,142806216,11374075968,6.4529,0.764398,athlete
89a8100ee4bffff,89a8100c59bffff,142806216,8954073387,19.425,0.002038,athlete
89a8100ee4bffff,89a8100c5a3ffff,142806216,13450161955,12.8807,0.281396,athlete
89a8100ee4bffff,89a8100c5a7ffff,142806216,11315561922,15.7659,0.106568,athlete
89a8100ee4bffff,89a8100c5abffff,142806216,11394279072,18.0834,0.022488,athlete
89a8100ee4bffff,89a8100c5afffff,142806216,11380109175,17.7441,0.031064,athlete
89a8100ee4bffff,89a8100c5b3ffff,142806216,11381688343,8.419,0.622899,athlete
89a8100ee4bffff,89a8100c5b7ffff,142806216,11380298950,8.896,0.586276,athlete
89a8100ee4bffff,89a8100c5bbffff,142806216,13453136400,12.2787,0.324831,athlete
89a8100ee4bffff,89a8100e323ffff,142806216,5239723179,15.5582,0.116842,athlete
89a8100ee4bffff,89a8100e327ffff,142806216,6697698868,17.8696,0.027736,athlete
89a8100ee4bffff,89a8100e32bffff,142806216,142777323,15.138,0.138864,athlete
89a8100ee4bffff,89a8100e32fffff,142806216,13165518049,12.5459,0.305331,athlete
89a8100ee4bffff,89a8100e367ffff,142806216,142814786,18.0057,0.024334,athlete
89a8100ee4bffff,89a8100ead3ffff,142806216,11334987710,18.2226,0.019361,athlete
89a8100ee4bffff,89a8100ee0bffff,142806216,302727634,14.8623,0.154177,athlete
89a8100ee4bffff,89a8100ee0fffff,142806216,1389167116,17.1706,0.048573,athlete
89a8100ee4bffff,89a8100ee1bffff,142806216,4187978161,14.4642,0.17742,athlete
89a8100ee4bffff,89a8100ee43ffff,142806216,303788527,7.0097,0.726315,athlete
89a8100ee4bffff,89a8100ee47ffff,142806216,303788569,9.1914,0.563339,athlete
89a8100ee4bffff,89a8100ee4bffff,142806216,142806216,0.9914,0.99395,athlete
89a8100ee4bffff,89a8100ee4fffff,142806216,303788630,6.6817,0.748977,athlete
89a8100ee4bffff,89a8100ee53ffff,142806216,11374107987,9.342,0.551587,athlete
89a8100ee4bffff,89a8100ee57ffff,142806216,303788601,10.4861,0.461861,athlete
89a8100ee4bffff,89a8100ee5bffff,142806216,3317179765,6.1444,0.784643,athlete
89a8100ee4bffff,89a8100ee63ffff,142806216,4234762112,13.6947,0.225834,athlete
89a8100ee4bffff,89a8100ee67ffff,142806216,8026880962,16.8385,0.060397,athlete
89a8100ee4bffff,89a8100ee6bffff,142806216,60624735,15.6337,0.113063,athlete
89a8100ee4bffff,89a8100ee6fffff,142806216,303562332,14.6067,0.168951,athlete
89a8100ee4bffff,89a8100ee73ffff,142806216,303561646,12.7139,0.293248,athlete
89a8100ee4bffff,89a8100ee77ffff,142806216,4187978113,19.3562,0.002555,athlete
89a8100ee4bffff,89a8100ee7bffff,142806216,11381714308,9.3168,0.553553,athlete
89a8100ee4bffff,89a8100eec3ffff,142806216,11374715239,16.569,0.070873,athlete
89a8100ee4bffff,89a8100eec7ffff,142806216,142811324,17.7956,0.029676,athlete
89a8100ee4bffff,89a8100eecbffff,142806216,303788723,13.0137,0.272048,athlete
89a8100ee4bffff,89a8100eecfffff,142806216,10293138120,13.1329,0.263755,athlete
89a8100ee4fffff,89a8100c587ffff,303788630,303858897,14.6094,0.168789,athlete
89a8100ee4fffff,89a8100c58fffff,303788630,4252790480,19.7057,0.000534,athlete
89a8100ee4fffff,89a8100c593ffff,303788630,304111065,18.8255,0.008485,athlete
89a8100ee4fffff,89a8100c597ffff,303788630,11374075968,12.7848,0.288189,athlete
89a8100ee4fffff,89a8100c5a3ffff,303788630,13450161955,10.3614,0.471628,athlete
89a8100ee4fffff,89a8100c5a7ffff,303788630,11315561922,13.2467,0.255914,athlete
89a8100ee4fffff,89a8100c5abffff,303788630,11394279072,18.3858,0.015988,athlete
89a8100ee4fffff,89a8100c5afffff,303788630,11380109175,15.2249,0.134179,athlete
89a8100ee4fffff,89a8100c5b3ffff,303788630,11381688343,9.6833,0.52486,athlete
89a8100ee4fffff,89a8100c5b7ffff,303788630,11380298950,6.3768,0.769452,athlete
89a8100ee4fffff,89a8100c5bbffff,303788630,13453136400,16.8351,0.060525,athlete
89a8100ee4fffff,89a8100e323ffff,303788630,5239723179,19.8284,0.000182,athlete
89a8100ee4fffff,89a8100e32fffff,303788630,13165518049,16.8186,0.061144,athlete
89a8100ee4fffff,89a8100ea9bffff,303788630,303562378,18.357,0.01656,athlete
89a8100ee4fffff,89a8100ead3ffff,303788630,11334987710,15.7034,0.109619,athlete
89a8100ee4fffff,89a8100eadbffff,303788630,13452423932,19.2849,0.003151,athlete
89a8100ee4fffff,89a8100ee03ffff,303788630,300059078,16.8694,0.059247,athlete
89a8100ee4fffff,89a8100ee07ffff,303788630,1389167151,17.2046,0.047433,athlete
89a8100ee4fffff,89a8100ee0bffff,303788630,302727634,12.0862,0.339068,athlete
89a8100ee4fffff,89a8100ee0fffff,303788630,1389167116,12.9938,0.273441,athlete
89a8100ee4fffff,89a8100ee13ffff,303788630,3316883638,19.5679,0.001151,athlete
89a8100ee4fffff,89a8100ee1bffff,303788630,4187978161,14.216,0.192554,athlete
89a8100ee4fffff,89a8100ee2bffff,303788630,4343780793,18.5432,0.013035,athlete
89a8100ee4fffff,89a8100ee3bffff,303788630,8754047094,19.3105,0.00293,athlete
89a8100ee4fffff,89a8100ee43ffff,303788630,303788527,7.694,0.677181,athlete
89a8100ee4fffff,89a8100ee47ffff,303788630,303788569,4.6809,0.870826,athlete
89a8100ee4fffff,89a8100ee4bffff,303788630,142806216,7.8744,0.663857,athlete
89a8100ee4fffff,89a8100ee4fffff,303788630,303788630,1.9779,0.976061,athlete
89a8100ee4fffff,89a8100ee53ffff,303788630,11374107987,12.6776,0.295846,athlete
89a8100ee4fffff,89a8100ee57ffff,303788630,303788601,10.2379,0.481319,athlete
89a8100ee4fffff,89a8100ee5bffff,303788630,3317179765,10.8903,0.430302,athlete
89a8100ee4fffff,89a8100ee63ffff,303788630,4234762112,10.2661,0.47911,athlete
89a8100ee4fffff,89a8100ee67ffff,303788630,8026880962,13.8011,0.218887,athlete
89a8100ee4fffff,89a8100ee6bffff,303788630,60624735,13.1145,0.265032,athlete
89a8100ee4fffff,89a8100ee6fffff,303788630,303562332,12.0875,0.338973,athlete
89a8100ee4fffff,89a8100ee73ffff,303788630,303561646,8.6145,0.60796,athlete
89a8100ee4fffff,89a8100ee77ffff,303788630,4187978113,15.7395,0.107854,athlete
89a8100ee4fffff,89a8100ee7bffff,303788630,11381714308,6.7976,0.74104,athlete
89a8100ee4fffff,89a8100eec3ffff,303788630,11374715239,19.6741,0.000655,athlete
89a8100ee4fffff,89a8100eec7ffff,303788630,142811324,18.7949,0.008932,athlete
89a8100ee4fffff,89a8100eecbffff,303788630,303788723,16.3493,0.079983,athlete
89a8100ee4fffff,89a8100eecfffff,303788630,10293138120,15.5747,0.116011,athlete
89a8100ee53ffff,89a8100c583ffff,11374107987,12265197248,19.9988,0.0,athlete
89a8100ee53ffff,89a8100c587ffff,11374107987,303858897,13.7254,0.223821,athlete
89a8100ee53ffff,89a8100c58fffff,11374107987,4252790480,18.9104,0.007305,athlete
89a8100ee53ffff,89a8100c593ffff,11374107987,304111065,15.8489,0.102579,athlete
89a8100ee53ffff,89a8100c597ffff,11374107987,11374075968,10.4361,0.465777,athlete
89a8100ee53ffff,89a8100c5b3ffff,11374107987,11381688343,17.392,0.041373,athlete
89a8100ee53ffff,89a8100c5b7ffff,11374107987,11380298950,17.7276,0.031516,athlete
89a8100ee53ffff,89a8100e323ffff,11374107987,5239723179,12.5705,0.303557,athlete
89a8100ee53ffff,89a8100e327ffff,11374107987,6697698868,10.5852,0.454106,athlete
89a8100ee53ffff,89a8100e32bffff,11374107987,142777323,15.3006,0.130155,athlete
89a8100ee53ffff,89a8100e32fffff,11374107987,13165518049,11.1405,0.410906,athlete
89a8100ee53ffff,89a8100ee03ffff,11374107987,300059078,16.4296,0.076594,athlete
89a8100ee53ffff,89a8100ee07ffff,11374107987,1389167151,18.9576,0.006688,athlete
89a8100ee53ffff,89a8100ee0bffff,11374107987,302727634,10.5952,0.453324,athlete
89a8100ee53ffff,89a8100ee0fffff,11374107987,1389167116,14.7467,0.160788,athlete
89a8100ee53ffff,89a8100ee13ffff,11374107987,3316883638,16.1653,0.087996,athlete
89a8100ee53ffff,89a8100ee17ffff,11374107987,3316883639,18.1122,0.021824,athlete
89a8100ee53ffff,89a8100ee1bffff,11374107987,4187978161,10.0932,0.492677,athlete
89a8100ee53ffff,89a8100ee43ffff,11374107987,303788527,7.1665,0.71527,athlete
89a8100ee53ffff,89a8100ee47ffff,11374107987,303788569,9.4214,0.545382,athlete
89a8100ee53ffff,89a8100ee4bffff,11374107987,142806216,10.2079,0.483676,athlete
89a8100ee53ffff,89a8100ee4fffff,11374107987,303788630,13.3386,0.249645,athlete
89a8100ee53ffff,89a8100ee53ffff,11374107987,11374107987,0.3364,0.999302,athlete
89a8100ee53ffff,89a8100ee57ffff,11374107987,303788601,6.2646,0.776834,athlete
89a8100ee53ffff,89a8100ee5bffff,11374107987,3317179765,6.1609,0.783576,athlete
89a8100ee53ffff,89a8100ee63ffff,11374107987,4234762112,17.6304,0.034238,athlete
89a8100ee53ffff,89a8100ee73ffff,11374107987,303561646,12.2267,0.328658,athlete
89a8100ee53ffff,89a8100ee7bffff,11374107987,11381714308,14.9959,0.146675,athlete
89a8100ee53ffff,89a8100ee8bffff,11374107987,301666018,14.9921,0.146884,athlete
89a8100ee53ffff,89a8100ee8fffff,11374107987,10200791046,19.5404,0.001302,athlete
89a8100ee53ffff,89a8100eec3ffff,11374107987,11374715239,7.5634,0.686732,athlete
89a8100ee53ffff,89a8100eec7ffff,11374107987,142811324,9.94,0.504709,athlete
89a8100ee53ffff,89a8100eecbffff,11374107987,303788723,4.0081,0.904136,athlete
89a8100ee53ffff,89a8100eecfffff,11374107987,10293138120,5.0792,0.849127,athlete
89a8100ee57ffff,89a8100c587ffff,303788601,303858897,17.8144,0.029177,athlete
89a8100ee57ffff,89a8100c597ffff,303788601,11374075968,14.6579,0.165944,athlete
89a8100ee57ffff,89a8100c5a3ffff,303788601,13450161955,18.9552,0.006718,athlete
89a8100ee57ffff,89a8100c5b3ffff,303788601,11381688343,15.3155,0.129366,athlete
89a8100ee57ffff,89a8100c5b7ffff,303788601,11380298950,14.9705,0.148087,athlete
89a8100ee57ffff,89a8100e323ffff,303788601,5239723179,17.7027,0.032202,athlete
89a8100ee57ffff,89a8100e327ffff,303788601,6697698868,15.7174,0.10893,athlete
89a8100ee57ffff,89a8100e32fffff,303788601,13165518049,16.2907,0.082497,athlete
89a8100ee57ffff,89a8100ee03ffff,303788601,300059078,11.1414,0.410836,athlete
89a8100ee57ffff,89a8100ee07ffff,303788601,1389167151,13.6693,0.227506,athlete
89a8100ee57ffff,89a8100ee0bffff,303788601,302727634,5.3069,0.836104,athlete
89a8100ee57ffff,89a8100ee0fffff,303788601,1389167116,9.4585,0.542479,athlete
89a8100ee57ffff,89a8100ee13ffff,303788601,3316883638,12.2855,0.32433,athlete
89a8100ee57ffff,89a8100ee17ffff,303788601,3316883639,12.8239,0.285413,athlete
89a8100ee57ffff,89a8100ee1bffff,303788601,4187978161,4.9088,0.858581,athlete
89a8100ee57ffff,89a8100ee3bffff,303788601,8754047094,16.097,0.091059,athlete
89a8100ee57ffff,89a8100ee43ffff,303788601,303788527,6.4457,0.764877,athlete
89a8100ee57ffff,89a8100ee47ffff,303788601,303788569,6.2239,0.779486,athlete
89a8100ee57ffff,89a8100ee4bffff,303788601,142806216,11.5003,0.383258,athlete
89a8100ee57ffff,89a8100ee4fffff,303788601,303788630,10.5717,0.455158,athlete
89a8100ee57ffff,89a8100ee53ffff,303788601,11374107987,6.3101,0.773851,athlete
89a8100ee57ffff,89a8100ee57ffff,303788601,303788601,0.9307,0.994666,athlete
89a8100ee57ffff,89a8100ee5bffff,303788601,3317179765,10.3828,0.469955,athlete
89a8100ee57ffff,89a8100ee63ffff,303788601,4234762112,14.4329,0.179298,athlete
89a8100ee57ffff,89a8100ee67ffff,303788601,8026880962,17.7603,0.030624,athlete
89a8100ee57ffff,89a8100ee6fffff,303788601,303562332,19.7721,0.00032,athlete
89a8100ee57ffff,89a8100ee73ffff,303788601,303561646,9.0293,0.575947,athlete
89a8100ee57ffff,89a8100ee77ffff,303788601,4187978113,15.6163,0.113931,athlete
89a8100ee57ffff,89a8100ee7bffff,303788601,11381714308,11.7984,0.360623,athlete
89a8100ee57ffff,89a8100ee8bffff,303788601,301666018,12.9828,0.274207,athlete
89a8100ee57ffff,89a8100ee8fffff,303788601,10200791046,16.6529,0.06753,athlete
89a8100ee57ffff,89a8100eec3ffff,303788601,11374715239,10.5249,0.458818,athlete
89a8100ee57ffff,89a8100eec7ffff,303788601,142811324,9.4877,0.540195,athlete
89a8100ee57ffff,89a8100eecbffff,303788601,303788723,9.1403,0.567313,athlete
89a8100ee57ffff,89a8100eecfffff,303788601,10293138120,6.2676,0.776638,athlete
89a8100ee5bffff,89a8100c517ffff,3317179765,11409667724,19.1147,0.004826,athlete
89a8100ee5bffff,89a8100c583ffff,3317179765,12265197248,14.315,0.186458,athlete
89a8100ee5bffff,89a8100c587ffff,3317179765,303858897,9.378,0.548774,athlete
89a8100ee5bffff,89a8100c58bffff,3317179765,1393378103,19.907,5.3e-05,athlete
89a8100ee5bffff,89a8100c58fffff,3317179765,4252790480,13.5683,0.234192,athlete
89a8100ee5bffff,89a8100c593ffff,3317179765,304111065,10.1651,0.487031,athlete
89a8100ee5bffff,89a8100c597ffff,3317179765,11374075968,4.7523,0.867039,athlete
89a8100ee5bffff,89a8100c59bffff,3317179765,8954073387,17.0967,0.0511,athlete
89a8100ee5bffff,89a8100c5a3ffff,3317179765,13450161955,17.7497,0.030911,athlete
89a8100ee5bffff,89a8100c5b3ffff,3317179765,11381688343,13.1117,0.265222,athlete
89a8100ee5bffff,89a8100c5b7ffff,3317179765,11380298950,13.7651,0.221232,athlete
89a8100ee5bffff,89a8100c5bbffff,3317179765,13453136400,16.0686,0.092349,athlete
89a8100ee5bffff,89a8100e323ffff,3317179765,5239723179,10.177,0.486098,athlete
89a8100ee5bffff,89a8100e327ffff,3317179765,6697698868,12.5328,0.30628,athlete
89a8100ee5bffff,89a8100e32bffff,3317179765,142777323,11.3273,0.396508,athlete
89a8100ee5bffff,89a8100e32fffff,3317179765,13165518049,7.1672,0.715217,athlete
89a8100ee5bffff,89a8100e367ffff,3317179765,142814786,15.625,0.113494,athlete
89a8100ee5bffff,89a8100ee03ffff,3317179765,300059078,19.9854,1e-06,athlete
89a8100ee5bffff,89a8100ee0bffff,3317179765,302727634,14.1509,0.196601,athlete
89a8100ee5bffff,89a8100ee0fffff,3317179765,1389167116,17.8196,0.029039,athlete
89a8100ee5bffff,89a8100ee13ffff,3317179765,3316883638,19.7211,0.00048,athlete
89a8100ee5bffff,89a8100ee1bffff,3317179765,4187978161,13.649,0.228845,athlete
89a8100ee5bffff,89a8100ee43ffff,3317179765,303788527,5.0228,0.852285,athlete
89a8100ee5bffff,89a8100ee47ffff,3317179765,303788569,9.0256,0.57623,athlete
89a8100ee5bffff,89a8100ee4bffff,3317179765,142806216,5.8604,0.802689,athlete
89a8100ee5bffff,89a8100ee4fffff,3317179765,303788630,9.689,0.524419,athlete
89a8100ee5bffff,89a8100ee53ffff,3317179765,11374107987,4.6559,0.872136,athlete
89a8100ee5bffff,89a8100ee57ffff,3317179765,303788601,9.8203,0.51411,athlete
89a8100ee5bffff,89a8100ee5bffff,3317179765,3317179765,0.4771,0.998596,athlete
89a8100ee5bffff,89a8100ee63ffff,3317179765,4234762112,15.9707,0.096847,athlete
89a8100ee5bffff,89a8100ee67ffff,3317179765,8026880962,19.456,0.001824,athlete
89a8100ee5bffff,89a8100ee6fffff,3317179765,303562332,19.4758,0.001694,athlete
89a8100ee5bffff,89a8100ee73ffff,3317179765,303561646,13.5366,0.236307,athlete
89a8100ee5bffff,89a8100ee7bffff,3317179765,11381714308,13.3291,0.250286,athlete
89a8100ee5bffff,89a8100ee8bffff,3317179765,301666018,18.6956,0.010459,athlete
89a8100ee5bffff,89a8100eec3ffff,3317179765,11374715239,11.8829,0.354261,athlete
89a8100ee5bffff,89a8100eec7ffff,3317179765,142811324,13.6435,0.229207,athlete
89a8100ee5bffff,89a8100eecbffff,3317179765,303788723,8.3276,0.629844,athlete
89a8100ee5bffff,89a8100eecfffff,3317179765,10293138120,8.9808,0.579709,athlete
89a8100ee63ffff,89a8100c597ffff,4234762112,11374075968,19.6695,0.000674,athlete
89a8100ee63ffff,89a8100c5a3ffff,4234762112,13450161955,15.9334,0.098587,athlete
89a8100ee63ffff,89a8100c5a7ffff,4234762112,11315561922,11.4584,0.386455,athlete
89a8100ee63ffff,89a8100c5afffff,4234762112,11380109175,17.2533,0.045821,athlete
89a8100ee63ffff,89a8100c5b3ffff,4234762112,11381688343,15.9838,0.096241,athlete
89a8100ee63ffff,89a8100c5b7ffff,4234762112,11380298950,8.7854,0.59482,athlete
89a8100ee63ffff,89a8100ea83ffff,4234762112,12088965179,17.6726,0.033043,athlete
89a8100ee63ffff,89a8100ea8bffff,4234762112,8572469297,19.1182,0.004789,athlete
89a8100ee63ffff,89a8100ea8fffff,4234762112,12258359594,19.6671,0.000684,athlete
89a8100ee63ffff,89a8100ea93ffff,4234762112,8950638851,13.3731,0.247299,athlete
89a8100ee63ffff,89a8100ea9bffff,4234762112,303562378,10.5618,0.455931,athlete
89a8100ee63ffff,89a8100eac3ffff,4234762112,11331125078,15.511,0.119236,athlete
89a8100ee63ffff,89a8100eacbffff,4234762112,5635274734,19.2912,0.003096,athlete
89a8100ee63ffff,89a8100ead3ffff,4234762112,11334987710,9.8844,0.509076,athlete
89a8100ee63ffff,89a8100ead7ffff,4234762112,2147307307,12.7242,0.292514,athlete
89a8100ee63ffff,89a8100eadbffff,4234762112,13452423932,14.319,0.186217,athlete
89a8100ee63ffff,89a8100ee03ffff,4234762112,300059078,17.0346,0.053268,athlete
89a8100ee63ffff,89a8100ee07ffff,4234762112,1389167151,12.2807,0.324681,athlete
89a8100ee63ffff,89a8100ee0bffff,4234762112,302727634,12.3603,0.318839,athlete
89a8100ee63ffff,89a8100ee0fffff,4234762112,1389167116,8.5571,0.612356,athlete
89a8100ee63ffff,89a8100ee13ffff,4234762112,3316883638,19.7417,0.000412,athlete
89a8100ee63ffff,89a8100ee1bffff,4234762112,4187978161,16.4637,0.075176,athlete
89a8100ee63ffff,89a8100ee2bffff,4234762112,4343780793,10.0471,0.496305,athlete
89a8100ee63ffff,89a8100ee3bffff,4234762112,8754047094,11.197,0.406538,athlete
89a8100ee63ffff,89a8100ee43ffff,4234762112,303788527,12.5762,0.303146,athlete
89a8100ee63ffff,89a8100ee47ffff,4234762112,303788569,9.3163,0.553596,athlete
89a8100ee63ffff,89a8100ee4bffff,4234762112,142806216,14.542,0.172775,athlete
89a8100ee63ffff,89a8100ee4fffff,4234762112,303788630,10.8334,0.434732,athlete
89a8100ee63ffff,89a8100ee53ffff,4234762112,11374107987,17.5129,0.037674,athlete
89a8100ee63ffff,89a8100ee57ffff,4234762112,303788601,14.5821,0.170402,athlete
89a8100ee63ffff,89a8100ee5bffff,4234762112,3317179765,16.5225,0.072758,athlete
89a8100ee63ffff,89a8100ee63ffff,4234762112,4234762112,0.9294,0.994681,athlete
89a8100ee63ffff,89a8100ee67ffff,4234762112,8026880962,5.305,0.836218,athlete
89a8100ee63ffff,89a8100ee6bffff,4234762112,60624735,9.4702,0.541566,athlete
89a8100ee63ffff,89a8100ee6fffff,4234762112,303562332,6.2685,0.776575,athlete
89a8100ee63ffff,89a8100ee73ffff,4234762112,303561646,5.7466,0.809757,athlete
89a8100ee63ffff,89a8100ee77ffff,4234762112,4187978113,7.3051,0.705394,athlete
89a8100ee63ffff,89a8100ee7bffff,4234762112,11381714308,7.108,0.719403,athlete
89a8100ee63ffff,89a8100eecfffff,4234762112,10293138120,19.9189,4.1e-05,athlete
89a8100ee67ffff,89a8100c5a7ffff,8026880962,11315561922,15.8201,0.103959,athlete
89a8100ee67ffff,89a8100c5b7ffff,8026880962,11380298950,13.147,0.262779,athlete
89a8100ee67ffff,89a8100ea13ffff,8026880962,28149737,19.4378,0.001949,athlete
89a8100ee67ffff,89a8100ea83ffff,8026880962,12088965179,14.5967,0.169539,athlete
89a8100ee67ffff,89a8100ea8bffff,8026880962,8572469297,16.0423,0.093549,athlete
89a8100ee67ffff,89a8100ea8fffff,8026880962,12258359594,16.5912,0.069983,athlete
89a8100ee67ffff,89a8100ea93ffff,8026880962,8950638851,8.6853,0.602526,athlete
89a8100ee67ffff,89a8100ea9bffff,8026880962,303562378,6.8535,0.737187,athlete
89a8100ee67ffff,89a8100eac3ffff,8026880962,11331125078,15.4086,0.124496,athlete
89a8100ee67ffff,89a8100eac7ffff,8026880962,12554685114,17.0247,0.053619,athlete
89a8100ee67ffff,89a8100ead3ffff,8026880962,11334987710,13.1188,0.264734,athlete
89a8100ee67ffff,89a8100ead7ffff,8026880962,2147307307,9.6482,0.527613,athlete
89a8100ee67ffff,89a8100eadbffff,8026880962,13452423932,17.5533,0.036474,athlete
89a8100ee67ffff,89a8100ee07ffff,8026880962,1389167151,13.7773,0.220433,athlete
89a8100ee67ffff,89a8100ee0bffff,8026880962,302727634,15.4662,0.121527,athlete
89a8100ee67ffff,89a8100ee0fffff,8026880962,1389167116,11.1306,0.411673,athlete
89a8100ee67ffff,89a8100ee1bffff,8026880962,4187978161,19.5696,0.001142,athlete
89a8100ee67ffff,89a8100ee2bffff,8026880962,4343780793,5.6365,0.816495,athlete
89a8100ee67ffff,89a8100ee3bffff,8026880962,8754047094,9.5949,0.531796,athlete
89a8100ee67ffff,89a8100ee43ffff,8026880962,303788527,17.362,0.042317,athlete
89a8100ee67ffff,89a8100ee47ffff,8026880962,303788569,14.1021,0.199658,athlete
89a8100ee67ffff,89a8100ee4bffff,8026880962,142806216,18.9036,0.007396,athlete
89a8100ee67ffff,89a8100ee4fffff,8026880962,303788630,15.195,0.135783,athlete
89a8100ee67ffff,89a8100ee57ffff,8026880962,303788601,19.3679,0.002463,athlete
89a8100ee67ffff,89a8100ee63ffff,8026880962,4234762112,6.543,0.758363,athlete
89a8100ee67ffff,89a8100ee67ffff,8026880962,8026880962,0.1894,0.999779,athlete
89a8100ee67ffff,89a8100ee6bffff,8026880962,60624735,12.7045,0.293921,athlete
89a8100ee67ffff,89a8100ee6fffff,8026880962,303562332,5.5606,0.821089,athlete
89a8100ee67ffff,89a8100ee73ffff,8026880962,303561646,10.5324,0.458233,athlete
89a8100ee67ffff,89a8100ee77ffff,8026880962,4187978113,5.7029,0.812442,athlete
89a8100ee67ffff,89a8100ee7bffff,8026880962,11381714308,11.8938,0.353442,athlete
89a8100ee6bffff,89a8100c587ffff,60624735,303858897,19.5272,0.001378,athlete
89a8100ee6bffff,89a8100c597ffff,60624735,11374075968,19.0505,0.005551,athlete
89a8100ee6bffff,89a8100c5a3ffff,60624735,13450161955,13.3513,0.248781,athlete
89a8100ee6bffff,89a8100c5a7ffff,60624735,11315561922,8.0128,0.65355,athlete
89a8100ee6bffff,89a8100c5afffff,60624735,11380109175,13.866,0.214687,athlete
89a8100ee6bffff,89a8100c5b3ffff,60624735,11381688343,14.075,0.201362,athlete
89a8100ee6bffff,89a8100c5b7ffff,60624735,11380298950,6.8766,0.73559,athlete
89a8100ee6bffff,89a8100ea93ffff,60624735,8950638851,18.742,0.00973,athlete
89a8100ee6bffff,89a8100ea9bffff,60624735,303562378,14.1432,0.197084,athlete
89a8100ee6bffff,89a8100eac3ffff,60624735,11331125078,12.7816,0.288421,athlete
89a8100ee6bffff,89a8100eac7ffff,60624735,12554685114,18.5368,0.013148,athlete
89a8100ee6bffff,89a8100eacbffff,60624735,5635274734,16.5618,0.071165,athlete
89a8100ee6bffff,89a8100ead3ffff,60624735,11334987710,7.155,0.716083,athlete
89a8100ee6bffff,89a8100ead7ffff,60624735,2147307307,12.3867,0.316909,athlete
89a8100ee6bffff,89a8100eadbffff,60624735,13452423932,11.3184,0.397191,athlete
89a8100ee6bffff,89a8100ee0bffff,60624735,302727634,18.6954,0.010462,athlete
89a8100ee6bffff,89a8100ee0fffff,60624735,1389167116,16.0789,0.09188,athlete
89a8100ee6bffff,89a8100ee2bffff,60624735,4343780793,17.2448,0.046101,athlete
89a8100ee6bffff,89a8100ee3bffff,60624735,8754047094,18.9123,0.00728,athlete
89a8100ee6bffff,89a8100ee43ffff,60624735,303788527,18.3082,0.017552,athlete
89a8100ee6bffff,89a8100ee47ffff,60624735,303788569,15.1527,0.138066,athlete
89a8100ee6bffff,89a8100ee4bffff,60624735,142806216,16.3961,0.078001,athlete
89a8100ee6bffff,89a8100ee4fffff,60624735,303788630,13.0295,0.270941,athlete
89a8100ee6bffff,89a8100ee63ffff,60624735,4234762112,9.3589,0.550268,athlete
89a8100ee6bffff,89a8100ee67ffff,60624735,8026880962,12.4814,0.310006,athlete
89a8100ee6bffff,89a8100ee6bffff,60624735,60624735,1.657,0.983158,athlete
89a8100ee6bffff,89a8100ee6fffff,60624735,303562332,8.2611,0.634885,athlete
89a8100ee6bffff,89a8100ee73ffff,60624735,303561646,12.2252,0.328768,athlete
89a8100ee6bffff,89a8100ee77ffff,60624735,4187978113,15.0204,0.145318,athlete
89a8100ee6bffff,89a8100ee7bffff,60624735,11381714308,10.1161,0.490881,athlete
89a8100ee6fffff,89a8100c5a3ffff,303562332,13450161955,17.4103,0.040803,athlete
89a8100ee6fffff,89a8100c5a7ffff,303562332,11315561922,12.4296,0.313775,athlete
89a8100ee6fffff,89a8100c5afffff,303562332,11380109175,18.332,0.017064,athlete
89a8100ee6fffff,89a8100c5b3ffff,303562332,11381688343,17.4606,0.039252,athlete
89a8100ee6fffff,89a8100c5b7ffff,303562332,11380298950,10.2622,0.479413,athlete
89a8100ee6fffff,89a8100ea13ffff,303562332,28149737,18.5772,0.012435,athlete
89a8100ee6fffff,89a8100ea83ffff,303562332,12088965179,13.7361,0.223122,athlete
89a8100ee6fffff,89a8100ea8bffff,303562332,8572469297,15.1817,0.1365,athlete
89a8100ee6fffff,89a8100ea8fffff,303562332,12258359594,15.7306,0.108287,athlete
89a8100ee6fffff,89a8100ea93ffff,303562332,8950638851,10.8368,0.434467,athlete
89a8100ee6fffff,89a8100ea9bffff,303562332,303562378,6.6253,0.752805,athlete
89a8100ee6fffff,89a8100eac3ffff,303562332,11331125078,13.9683,0.208127,athlete
89a8100ee6fffff,89a8100eac7ffff,303562332,12554685114,16.1641,0.088049,athlete
89a8100ee6fffff,89a8100eacbffff,303562332,5635274734,17.7485,0.030945,athlete
89a8100ee6fffff,89a8100ead3ffff,303562332,11334987710,8.3417,0.628775,athlete
89a8100ee6fffff,89a8100ead7ffff,303562332,2147307307,8.7877,0.594641,athlete
89a8100ee6fffff,89a8100eadbffff,303562332,13452423932,12.7762,0.2888,athlete
89a8100ee6fffff,89a8100ee07ffff,303562332,1389167151,16.1821,0.08725,athlete
89a8100ee6fffff,89a8100ee0bffff,303562332,302727634,17.0305,0.053413,athlete
89a8100ee6fffff,89a8100ee0fffff,303562332,1389167116,13.0519,0.269381,athlete
89a8100ee6fffff,89a8100ee2bffff,303562332,4343780793,10.0234,0.498161,athlete
89a8100ee6fffff,89a8100ee3bffff,303562332,8754047094,11.9997,0.345515,athlete
89a8100ee6fffff,89a8100ee43ffff,303562332,303788527,17.2464,0.046048,athlete
89a8100ee6fffff,89a8100ee47ffff,303562332,303788569,13.9865,0.206967,athlete
89a8100ee6fffff,89a8100ee4bffff,303562332,142806216,16.3696,0.07912,athlete
89a8100ee6fffff,89a8100ee4fffff,303562332,303788630,12.661,0.297039,athlete
89a8100ee6fffff,89a8100ee57ffff,303562332,303788601,19.2523,0.003445,athlete
89a8100ee6fffff,89a8100ee63ffff,303562332,4234762112,5.5996,0.818736,athlete
89a8100ee6fffff,89a8100ee67ffff,303562332,8026880962,4.5762,0.876286,athlete
89a8100ee6fffff,89a8100ee6bffff,303562332,60624735,7.9274,0.65992,athlete
89a8100ee6fffff,89a8100ee6fffff,303562332,303562332,0.3559,0.999219,athlete
89a8100ee6fffff,89a8100ee73ffff,303562332,303561646,10.4168,0.467288,athlete
89a8100ee6fffff,89a8100ee77ffff,303562332,4187978113,8.1077,0.646441,athlete
89a8100ee6fffff,89a8100ee7bffff,303562332,11381714308,9.7476,0.519821,athlete
89a8100ee73ffff,89a8100c597ffff,303561646,11374075968,19.1954,0.003988,athlete
89a8100ee73ffff,89a8100c5a3ffff,303561646,13450161955,17.3788,0.041786,athlete
89a8100ee73ffff,89a8100c5a7ffff,303561646,11315561922,15.2094,0.135009,athlete
89a8100ee73ffff,89a8100c5afffff,303561646,11380109175,19.7986,0.00025,athlete
89a8100ee73ffff,89a8100c5b3ffff,303561646,11381688343,17.4292,0.040217,athlete
89a8100ee73ffff,89a8100c5b7ffff,303561646,11380298950,10.3289,0.474182,athlete
89a8100ee73ffff,89a8100ea93ffff,303561646,8950638851,17.9466,0.025786,athlete
89a8100ee73ffff,89a8100ea9bffff,303561646,303562378,15.4609,0.121801,athlete
89a8100ee73ffff,89a8100ead3ffff,303561646,11334987710,15.6113,0.114181,athlete
89a8100ee73ffff,89a8100ead7ffff,303561646,2147307307,17.6232,0.034444,athlete
89a8100ee73ffff,89a8100ee03ffff,303561646,300059078,12.1416,0.334954,athlete
89a8100ee73ffff,89a8100ee07ffff,303561646,1389167151,9.2584,0.558113,athlete
89a8100ee73ffff,89a8100ee0bffff,303561646,302727634,7.3584,0.70157,athlete
89a8100ee73ffff,89a8100ee0fffff,303561646,1389167116,5.0476,0.850901,athlete
89a8100ee73ffff,89a8100ee13ffff,303561646,3316883638,14.8401,0.155439,athlete
89a8100ee73ffff,89a8100ee17ffff,303561646,3316883639,15.2845,0.131002,athlete
89a8100ee73ffff,89a8100ee1bffff,303561646,4187978161,11.4618,0.386199,athlete
89a8100ee73ffff,89a8100ee2bffff,303561646,4343780793,14.0565,0.202528,athlete
89a8100ee73ffff,89a8100ee3bffff,303561646,8754047094,11.4223,0.389222,athlete
89a8100ee73ffff,89a8100ee43ffff,303561646,303788527,10.9831,0.423092,athlete
89a8100ee73ffff,89a8100ee47ffff,303561646,303788569,6.0872,0.788321,athlete
89a8100ee73ffff,89a8100ee4bffff,303561646,142806216,15.0054,0.146145,athlete
89a8100ee73ffff,89a8100ee4fffff,303561646,303788630,9.9749,0.501975,athlete
89a8100ee73ffff,89a8100ee53ffff,303561646,11374107987,12.6726,0.296208,athlete
89a8100ee73ffff,89a8100ee57ffff,303561646,303788601,9.4263,0.544996,athlete
89a8100ee73ffff,89a8100ee5bffff,303561646,3317179765,14.9202,0.150905,athlete
89a8100ee73ffff,89a8100ee63ffff,303561646,4234762112,6.6562,0.750711,athlete
89a8100ee73ffff,89a8100ee67ffff,303561646,8026880962,9.8784,0.509549,athlete
89a8100ee73ffff,89a8100ee6bffff,303561646,60624735,14.6966,0.163693,athlete
89a8100ee73ffff,89a8100ee6fffff,303561646,303562332,11.9953,0.34584,athlete
89a8100ee73ffff,89a8100ee73ffff,303561646,303561646,0.5908,0.997848,athlete
89a8100ee73ffff,89a8100ee77ffff,303561646,4187978113,9.0493,0.574388,athlete
89a8100ee73ffff,89a8100ee7bffff,303561646,11381714308,5.9931,0.794332,athlete
89a8100ee73ffff,89a8100ee8bffff,303561646,301666018,17.9979,0.024523,athlete
89a8100ee73ffff,89a8100ee8fffff,303561646,10200791046,19.1135,0.00484,athlete
89a8100ee73ffff,89a8100eec3ffff,303561646,11374715239,18.6148,0.01179,athlete
89a8100ee73ffff,89a8100eec7ffff,303561646,142811324,15.373,0.126351,athlete
89a8100ee73ffff,89a8100eecbffff,303561646,303788723,16.2479,0.084356,athlete
89a8100ee73ffff,89a8100eecfffff,303561646,10293138120,14.7632,0.159842,athlete
89a8100ee77ffff,89a8100c5a7ffff,4187978113,11315561922,18.1785,0.020327,athlete
89a8100ee77ffff,89a8100c5b7ffff,4187978113,11380298950,15.5055,0.119519,athlete
89a8100ee77ffff,89a8100ea83ffff,4187978113,12088965179,19.1339,0.00462,athlete
89a8100ee77ffff,89a8100ea93ffff,4187978113,8950638851,13.5788,0.233494,athlete
89a8100ee77ffff,89a8100ea9bffff,4187978113,303562378,11.747,0.364505,athlete
89a8100ee77ffff,89a8100eac3ffff,4187978113,11331125078,19.9459,1.8e-05,athlete
89a8100ee77ffff,89a8100ead3ffff,4187978113,11334987710,16.458,0.075414,athlete
89a8100ee77ffff,89a8100ead7ffff,4187978113,2147307307,14.1855,0.194449,athlete
89a8100ee77ffff,89a8100ee03ffff,4187978113,300059078,16.3867,0.078395,athlete
89a8100ee77ffff,89a8100ee07ffff,4187978113,1389167151,9.8908,0.508574,athlete
89a8100ee77ffff,89a8100ee0bffff,4187978113,302727634,11.7124,0.367123,athlete
89a8100ee77ffff,89a8100ee0fffff,4187978113,1389167116,7.3768,0.700246,athlete
89a8100ee77ffff,89a8100ee13ffff,4187978113,3316883638,19.0938,0.005058,athlete
89a8100ee77ffff,89a8100ee17ffff,4187978113,3316883639,19.5382,0.001315,athlete
89a8100ee77ffff,89a8100ee1bffff,4187978113,4187978161,15.8158,0.104163,athlete
89a8100ee77ffff,89a8100ee2bffff,4187978113,4343780793,6.8236,0.739251,athlete
89a8100ee77ffff,89a8100ee3bffff,4187978113,8754047094,5.7084,0.812107,athlete
89a8100ee77ffff,89a8100ee43ffff,4187978113,303788527,18.6371,0.011414,athlete
89a8100ee77ffff,89a8100ee47ffff,4187978113,303788569,14.561,0.17165,athlete
89a8100ee77ffff,89a8100ee4fffff,4187978113,303788630,17.3362,0.043136,athlete
89a8100ee77ffff,89a8100ee57ffff,4187978113,303788601,16.0064,0.095195,athlete
89a8100ee77ffff,89a8100ee63ffff,4187978113,4234762112,8.2055,0.639084,athlete
89a8100ee77ffff,89a8100ee67ffff,4187978113,8026880962,5.5107,0.824087,athlete
89a8100ee77ffff,89a8100ee6bffff,4187978113,60624735,16.0437,0.093484,athlete
89a8100ee77ffff,89a8100ee6fffff,4187978113,303562332,8.8998,0.585979,athlete
89a8100ee77ffff,89a8100ee73ffff,4187978113,303561646,9.1508,0.5665,athlete
89a8100ee77ffff,89a8100ee77ffff,4187978113,4187978113,1.8164,0.979786,athlete
89a8100ee77ffff,89a8100ee7bffff,4187978113,11381714308,13.2333,0.256832,athlete
89a8100ee77ffff,89a8100eec7ffff,4187978113,142811324,19.727,0.00046,athlete
89a8100ee77ffff,89a8100eecfffff,4187978113,10293138120,19.4108,0.00214,athlete
89a8100ee7bffff,89a8100c587ffff,11381714308,303858897,18.5028,0.013764,athlete
89a8100ee7bffff,89a8100c597ffff,11381714308,11374075968,16.939,0.056694,athlete
89a8100ee7bffff,89a8100c5a3ffff,11381714308,13450161955,13.2029,0.258927,athlete
89a8100ee7bffff,89a8100c5a7ffff,11381714308,11315561922,12.4413,0.312923,athlete
89a8100ee7bffff,89a8100c5afffff,11381714308,11380109175,15.5245,0.118551,athlete
89a8100ee7bffff,89a8100c5b3ffff,11381714308,11381688343,13.2532,0.255468,athlete
89a8100ee7bffff,89a8100c5b7ffff,11381714308,11380298950,6.0548,0.790401,athlete
89a8100ee7bffff,89a8100e32fffff,11381714308,13165518049,19.5346,0.001336,athlete
89a8100ee7bffff,89a8100ea93ffff,11381714308,8950638851,18.4849,0.014093,athlete
89a8100ee7bffff,89a8100ea9bffff,11381714308,303562378,15.6864,0.110454,athlete
89a8100ee7bffff,89a8100ead3ffff,11381714308,11334987710,14.4874,0.176027,athlete
89a8100ee7bffff,89a8100ead7ffff,11381714308,2147307307,17.8487,0.028277,athlete
89a8100ee7bffff,89a8100eadbffff,11381714308,13452423932,18.4909,0.013983,athlete
89a8100ee7bffff,89a8100ee03ffff,11381714308,300059078,14.9633,0.148493,athlete
89a8100ee7bffff,89a8100ee07ffff,11381714308,1389167151,13.8749,0.214115,athlete
89a8100ee7bffff,89a8100ee0bffff,11381714308,302727634,10.18,0.485862,athlete
89a8100ee7bffff,89a8100ee0fffff,11381714308,1389167116,9.664,0.526375,athlete
89a8100ee7bffff,89a8100ee13ffff,11381714308,3316883638,17.6617,0.033349,athlete
89a8100ee7bffff,89a8100ee17ffff,11381714308,3316883639,18.1062,0.021961,athlete
89a8100ee7bffff,89a8100ee1bffff,11381714308,4187978161,14.2834,0.188395,athlete
89a8100ee7bffff,89a8100ee2bffff,11381714308,4343780793,15.1589,0.137735,athlete
89a8100ee7bffff,89a8100ee3bffff,11381714308,8754047094,15.9261,0.098928,athlete
89a8100ee7bffff,89a8100ee43ffff,11381714308,303788527,9.7857,0.516828,athlete
89a8100ee7bffff,89a8100ee47ffff,11381714308,303788569,6.6303,0.752472,athlete
89a8100ee7bffff,89a8100ee4bffff,11381714308,142806216,11.8114,0.359643,athlete
89a8100ee7bffff,89a8100ee4fffff,11381714308,303788630,8.1028,0.646808,athlete
89a8100ee7bffff,89a8100ee53ffff,11381714308,11374107987,14.8269,0.156191,athlete
89a8100ee7bffff,89a8100ee57ffff,11381714308,303788601,12.1873,0.331569,athlete
89a8100ee7bffff,89a8100ee5bffff,11381714308,3317179765,13.6266,0.230322,athlete
89a8100ee7bffff,89a8100ee63ffff,11381714308,4234762112,6.8817,0.735231,athlete
89a8100ee7bffff,89a8100ee67ffff,11381714308,8026880962,10.4168,0.46729,athlete
89a8100ee7bffff,89a8100ee6bffff,11381714308,60624735,11.9285,0.350845,athlete
89a8100ee7bffff,89a8100ee6fffff,11381714308,303562332,10.8715,0.431765,athlete
89a8100ee7bffff,89a8100ee73ffff,11381714308,303561646,5.2302,0.840542,athlete
89a8100ee7bffff,89a8100ee77ffff,11381714308,4187978113,12.3551,0.319218,athlete
89a8100ee7bffff,89a8100ee7bffff,11381714308,11381714308,0.6214,0.99762,athlete
89a8100ee7bffff,89a8100eec7ffff,11381714308,142811324,18.1946,0.019971,athlete
89a8100ee7bffff,89a8100eecbffff,11381714308,303788723,18.4022,0.015665,athlete
89a8100ee7bffff,89a8100eecfffff,11381714308,10293138120,17.5242,0.037338,athlete
89a8100ee8bffff,89a8100ee03ffff,301666018,300059078,14.1743,0.195145,athlete
89a8100ee8bffff,89a8100ee07ffff,301666018,1389167151,19.7387,0.000421,athlete
89a8100ee8bffff,89a8100ee0bffff,301666018,302727634,12.7425,0.291208,athlete
89a8100ee8bffff,89a8100ee0fffff,301666018,1389167116,16.8246,0.060921,athlete
89a8100ee8bffff,89a8100ee13ffff,301666018,3316883638,4.4618,0.882142,athlete
89a8100ee8bffff,89a8100ee17ffff,301666018,3316883639,10.5818,0.454367,athlete
89a8100ee8bffff,89a8100ee1bffff,301666018,4187978161,9.5896,0.532209,athlete
89a8100ee8bffff,89a8100ee43ffff,301666018,303788527,17.7235,0.031629,athlete
89a8100ee8bffff,89a8100ee47ffff,301666018,303788569,17.8586,0.02802,athlete
89a8100ee8bffff,89a8100ee53ffff,301666018,11374107987,14.3894,0.181927,athlete
89a8100ee8bffff,89a8100ee57ffff,301666018,303788601,12.5654,0.303922,athlete
89a8100ee8bffff,89a8100ee5bffff,301666018,3317179765,19.1154,0.004819,athlete
89a8100ee8bffff,89a8100ee73ffff,301666018,303561646,18.747,0.009653,athlete
89a8100ee8bffff,89a8100ee8bffff,301666018,301666018,2.7911,0.952711,athlete
89a8100ee8bffff,89a8100ee8fffff,301666018,10200791046,7.3394,0.702931,athlete
89a8100ee8bffff,89a8100eec3ffff,301666018,11374715239,10.1629,0.487207,athlete
89a8100ee8bffff,89a8100eec7ffff,301666018,142811324,5.4525,0.827551,athlete
89a8100ee8bffff,89a8100eecbffff,301666018,303788723,14.4431,0.178688,athlete
89a8100ee8bffff,89a8100eecfffff,301666018,10293138120,9.3429,0.551513,athlete
89a8100ee8fffff,89a8100ee03ffff,10200791046,300059078,11.6557,0.37142,athlete
89a8100ee8fffff,89a8100ee0bffff,10200791046,302727634,14.0497,0.202961,athlete
89a8100ee8fffff,89a8100ee0fffff,10200791046,1389167116,18.1318,0.021376,athlete
89a8100ee8fffff,89a8100ee13ffff,10200791046,3316883638,5.4064,0.830278,athlete
89a8100ee8fffff,89a8100ee17ffff,10200791046,3316883639,7.4284,0.696522,athlete
89a8100ee8fffff,89a8100ee1bffff,10200791046,4187978161,13.172,0.261051,athlete
89a8100ee8fffff,89a8100ee53ffff,10200791046,11374107987,18.6774,0.010752,athlete
89a8100ee8fffff,89a8100ee57ffff,10200791046,303788601,16.8533,0.059844,athlete
89a8100ee8fffff,89a8100ee8bffff,10200791046,301666018,7.079,0.721448,athlete
89a8100ee8fffff,89a8100ee8fffff,10200791046,10200791046,1.8179,0.979752,athlete
89a8100ee8fffff,89a8100eec3ffff,10200791046,11374715239,14.4508,0.178223,athlete
89a8100ee8fffff,89a8100eec7ffff,10200791046,142811324,9.7404,0.520381,athlete
89a8100ee8fffff,89a8100eecbffff,10200791046,303788723,18.731,0.009901,athlete
89a8100ee8fffff,89a8100eecfffff,10200791046,10293138120,13.6309,0.230043,athlete
89a8100eec3ffff,89a8100c597ffff,11374715239,11374075968,19.3637,0.002496,athlete
89a8100eec3ffff,89a8100e323ffff,11374715239,5239723179,18.4166,0.015386,athlete
89a8100eec3ffff,89a8100e327ffff,11374715239,6697698868,16.4313,0.076523,athlete
89a8100eec3ffff,89a8100e32fffff,11374715239,13165518049,19.5149,0.001451,athlete
89a8100eec3ffff,89a8100ee03ffff,11374715239,300059078,15.8387,0.103069,athlete
89a8100eec3ffff,89a8100ee0bffff,11374715239,302727634,13.8536,0.215485,athlete
89a8100eec3ffff,89a8100ee0fffff,11374715239,1389167116,18.0052,0.024346,athlete
89a8100eec3ffff,89a8100ee13ffff,11374715239,3316883638,13.219,0.257815,athlete
89a8100eec3ffff,89a8100ee17ffff,11374715239,3316883639,16.4794,0.074528,athlete
89a8100eec3ffff,89a8100ee1bffff,11374715239,4187978161,10.0317,0.497513,athlete
89a8100eec3ffff,89a8100ee43ffff,11374715239,303788527,16.094,0.091194,athlete
89a8100eec3ffff,89a8100ee47ffff,11374715239,303788569,16.9831,0.0551,athlete
89a8100eec3ffff,89a8100ee4bffff,11374715239,142806216,19.1355,0.004603,athlete
89a8100eec3ffff,89a8100ee53ffff,11374715239,11374107987,9.264,0.557679,athlete
89a8100eec3ffff,89a8100ee57ffff,11374715239,303788601,11.6899,0.368827,athlete
89a8100eec3ffff,89a8100ee5bffff,11374715239,3317179765,15.0885,0.141566,athlete
89a8100eec3ffff,89a8100ee73ffff,11374715239,303561646,19.7885,0.000276,athlete
89a8100eec3ffff,89a8100ee8bffff,11374715239,301666018,11.5649,0.378325,athlete
89a8100eec3ffff,89a8100ee8fffff,11374715239,10200791046,16.1132,0.090328,athlete
89a8100eec3ffff,89a8100eec3ffff,11374715239,11374715239,3.8044,0.913347,athlete
89a8100eec3ffff,89a8100eec7ffff,11374715239,142811324,6.5128,0.760389,athlete
89a8100eec3ffff,89a8100eecbffff,11374715239,303788723,8.6537,0.604951,athlete
89a8100eec3ffff,89a8100eecfffff,11374715239,10293138120,5.7708,0.808261,athlete
89a8100eec7ffff,89a8100c597ffff,142811324,11374075968,18.2693,0.018364,athlete
89a8100eec7ffff,89a8100e323ffff,142811324,5239723179,19.0698,0.005328,athlete
89a8100eec7ffff,89a8100e327ffff,142811324,6697698868,17.0845,0.051524,athlete
89a8100eec7ffff,89a8100e32fffff,142811324,13165518049,19.9021,5.9e-05,athlete
89a8100eec7ffff,89a8100ee03ffff,142811324,300059078,11.9464,0.349499,athlete
89a8100eec7ffff,89a8100ee07ffff,142811324,1389167151,17.5108,0.037735,athlete
89a8100eec7ffff,89a8100ee0bffff,142811324,302727634,10.2636,0.479301,athlete
89a8100eec7ffff,89a8100ee0fffff,142811324,1389167116,14.3457,0.184584,athlete
89a8100eec7ffff,89a8100ee13ffff,142811324,3316883638,7.0223,0.725433,athlete
89a8100eec7ffff,89a8100ee17ffff,142811324,3316883639,12.5579,0.304464,athlete
89a8100eec7ffff,89a8100ee1bffff,142811324,4187978161,6.9251,0.732222,athlete
89a8100eec7ffff,89a8100ee43ffff,142811324,303788527,14.5582,0.171812,athlete
89a8100eec7ffff,89a8100ee47ffff,142811324,303788569,14.6934,0.16388,athlete
89a8100eec7ffff,89a8100ee4bffff,142811324,142806216,17.9082,0.026749,athlete
89a8100eec7ffff,89a8100ee4fffff,142811324,303788630,19.0411,0.005661,athlete
89a8100eec7ffff,89a8100ee53ffff,142811324,11374107987,9.2681,0.557355,athlete
89a8100eec7ffff,89a8100ee57ffff,142811324,303788601,9.4001,0.547043,athlete
89a8100eec7ffff,89a8100ee5bffff,142811324,3317179765,13.9941,0.206482,athlete
89a8100eec7ffff,89a8100ee73ffff,142811324,303561646,16.2682,0.083473,athlete
89a8100eec7ffff,89a8100ee7bffff,142811324,11381714308,19.5226,0.001405,athlete
89a8100eec7ffff,89a8100ee8bffff,142811324,301666018,5.3682,0.832525,athlete
89a8100eec7ffff,89a8100ee8fffff,142811324,10200791046,9.9165,0.506556,athlete
89a8100eec7ffff,89a8100eec3ffff,142811324,11374715239,5.0416,0.851237,athlete
89a8100eec7ffff,89a8100eec7ffff,142811324,142811324,0.3161,0.999384,athlete
89a8100eec7ffff,89a8100eecbffff,142811324,303788723,9.3218,0.553168,athlete
89a8100eec7ffff,89a8100eecfffff,142811324,10293138120,4.2216,0.894034,athlete
89a8100eecbffff,89a8100c587ffff,303788723,303858897,17.5482,0.036625,athlete
89a8100eecbffff,89a8100c593ffff,303788723,304111065,18.2964,0.017797,athlete
89a8100eecbffff,89a8100c597ffff,303788723,11374075968,14.1468,0.196858,athlete
89a8100eecbffff,89a8100e323ffff,303788723,5239723179,12.2986,0.323367,athlete
89a8100eecbffff,89a8100e327ffff,303788723,6697698868,10.3133,0.475405,athlete
89a8100eecbffff,89a8100e32bffff,303788723,142777323,17.5569,0.036368,athlete
89a8100eecbffff,89a8100e32fffff,303788723,13165518049,13.3968,0.245693,athlete
89a8100eecbffff,89a8100ee03ffff,303788723,300059078,17.9309,0.026176,athlete
89a8100eecbffff,89a8100ee0bffff,303788723,302727634,12.0965,0.338303,athlete
89a8100eecbffff,89a8100ee0fffff,303788723,1389167116,16.248,0.08435,athlete
89a8100eecbffff,89a8100ee13ffff,303788723,3316883638,16.2117,0.085942,athlete
89a8100eecbffff,89a8100ee17ffff,303788723,3316883639,18.9639,0.006607,athlete
89a8100eecbffff,89a8100ee1bffff,303788723,4187978161,10.7602,0.440437,athlete
89a8100eecbffff,89a8100ee43ffff,303788723,303788527,11.2184,0.404893,athlete
89a8100eecbffff,89a8100ee47ffff,303788723,303788569,13.2581,0.255135,athlete
89a8100eecbffff,89a8100ee4bffff,303788723,142806216,14.0307,0.204163,athlete
89a8100eecbffff,89a8100ee4fffff,303788723,303788630,17.3905,0.041421,athlete
89a8100eecbffff,89a8100ee53ffff,303788723,11374107987,4.7576,0.866756,athlete
89a8100eecbffff,89a8100ee57ffff,303788723,303788601,9.816,0.514449,athlete
89a8100eecbffff,89a8100ee5bffff,303788723,3317179765,9.8716,0.51008,athlete
89a8100eecbffff,89a8100ee73ffff,303788723,303561646,16.0634,0.092583,athlete
89a8100eecbffff,89a8100ee7bffff,303788723,11381714308,18.8326,0.008383,athlete
89a8100eecbffff,89a8100ee8bffff,303788723,301666018,14.5576,0.171847,athlete
89a8100eecbffff,89a8100ee8fffff,303788723,10200791046,19.106,0.004922,athlete
89a8100eecbffff,89a8100eec3ffff,303788723,11374715239,7.0621,0.722641,athlete
89a8100eecbffff,89a8100eec7ffff,303788723,142811324,9.5056,0.538794,athlete
89a8100eecbffff,89a8100eecbffff,303788723,303788723,1.1894,0.991299,athlete
89a8100eecbffff,89a8100eecfffff,303788723,10293138120,6.0588,0.790147,athlete
89a8100eecfffff,89a8100c587ffff,10293138120,303858897,17.5623,0.03621,athlete
89a8100eecfffff,89a8100c593ffff,10293138120,304111065,19.8187,0.000203,athlete
89a8100eecfffff,89a8100c597ffff,10293138120,11374075968,14.4058,0.180936,athlete
89a8100eecfffff,89a8100e323ffff,10293138120,5239723179,15.2588,0.132369,athlete
89a8100eecfffff,89a8100e327ffff,10293138120,6697698868,13.2735,0.254079,athlete
89a8100eecfffff,89a8100e32fffff,10293138120,13165518049,16.0386,0.093717,athlete
89a8100eecfffff,89a8100ee03ffff,10293138120,300059078,13.6758,0.22708,athlete
89a8100eecfffff,89a8100ee07ffff,10293138120,1389167151,16.8034,0.061719,athlete
89a8100eecfffff,89a8100ee0bffff,10293138120,302727634,8.441,0.621226,athlete
89a8100eecfffff,89a8100ee0fffff,10293138120,1389167116,12.5925,0.301964,athlete
89a8100eecfffff,89a8100ee13ffff,10293138120,3316883638,11.9252,0.351091,athlete
89a8100eecfffff,89a8100ee17ffff,10293138120,3316883639,14.361,0.183652,athlete
89a8100eecfffff,89a8100ee1bffff,10293138120,4187978161,6.1573,0.783809,athlete
89a8100eecfffff,89a8100ee3bffff,10293138120,8754047094,19.2311,0.003643,athlete
89a8100eecfffff,89a8100ee43ffff,10293138120,303788527,10.9754,0.423695,athlete
89a8100eecfffff,89a8100ee47ffff,10293138120,303788569,11.5705,0.377903,athlete
89a8100eecfffff,89a8100ee4bffff,10293138120,142806216,14.0448,0.203271,athlete
89a8100eecfffff,89a8100ee4fffff,10293138120,303788630,15.9183,0.099298,athlete
89a8100eecfffff,89a8100ee53ffff,10293138120,11374107987,5.4047,0.830381,athlete
89a8100eecfffff,89a8100ee57ffff,10293138120,303788601,6.2773,0.776002,athlete
89a8100eecfffff,89a8100ee5bffff,10293138120,3317179765,10.1307,0.489739,athlete
89a8100eecfffff,89a8100ee63ffff,10293138120,4234762112,19.7795,0.0003,athlete
89a8100eecfffff,89a8100ee73ffff,10293138120,303561646,14.3758,0.182755,athlete
89a8100eecfffff,89a8100ee77ffff,10293138120,4187978113,18.7503,0.009603,athlete
89a8100eecfffff,89a8100ee7bffff,10293138120,11381714308,17.145,0.049444,athlete
89a8100eecfffff,89a8100ee8bffff,10293138120,301666018,10.2711,0.478715,athlete
89a8100eecfffff,89a8100ee8fffff,10293138120,10200791046,14.8194,0.156617,athlete
89a8100eecfffff,89a8100eec3ffff,10293138120,11374715239,5.026,0.852106,athlete
89a8100eecfffff,89a8100eec7ffff,10293138120,142811324,5.219,0.841184,athlete
89a8100eecfffff,89a8100eecbffff,10293138120,303788723,6.5483,0.758007,athlete
89a8100eecfffff,89a8100eecfffff,10293138120,10293138120,0.3582,0.999209,athlete
