source_h3_id,target_h3_id,source_node_id,target_node_id,time_min,alpha_20,profile_key
891f99cc343ffff,891f99cc343ffff,8260378163,8260378163,1.1716,0.991557,athlete
891f99cc343ffff,891f99cc347ffff,8260378163,6429323327,8.5139,0.615661,athlete
891f99cc343ffff,891f99cc34bffff,8260378163,4889509547,10.1454,0.488584,athlete
891f99cc343ffff,891f99cc34fffff,8260378163,9532612444,5.2382,0.840082,athlete
891f99cc343ffff,891f99cc35bffff,8260378163,1837603118,6.4932,0.761702,athlete
891f99cc343ffff,891f99cc363ffff,8260378163,10893867504,13.6023,0.231931,athlete
891f99cc343ffff,891f99cc367ffff,8260378163,6454118264,17.6844,0.032712,athlete
891f99cc343ffff,891f99cc36bffff,8260378163,31774655,13.0642,0.268522,athlete
891f99cc343ffff,891f99cc36fffff,8260378163,9860005625,19.2867,0.003135,athlete
891f99cc343ffff,891f99cc373ffff,8260378163,613579689,15.623,0.113596,athlete
891f99cc343ffff,891f99cc377ffff,8260378163,1408208713,16.4019,0.077754,athlete
891f99cc343ffff,891f99cc37bffff,8260378163,9625912703,10.2201,0.482716,athlete
891f99cc343ffff,891f99cdc87ffff,8260378163,6833312139,11.8363,0.35777,athlete
891f99cc343ffff,891f99cdca3ffff,8260378163,9212595025,13.6571,0.228313,athlete
891f99cc343ffff,891f99cdca7ffff,8260378163,31508518,14.7509,0.16055,athlete
891f99cc343ffff,891f99cdcabffff,8260378163,1251634557,19.6674,0.000682,athlete
891f99cc343ffff,891f99cdcafffff,8260378163,395251657,18.5459,0.012987,athlete
891f99cc343ffff,891f99cdcb3ffff,8260378163,6420979355,9.8468,0.512028,athlete
891f99cc343ffff,891f99cdcb7ffff,8260378163,6451403576,10.4793,0.462388,athlete
891f99cc343ffff,891f99cdcbbffff,8260378163,6451658836,13.9998,0.206119,athlete
891f99cc343ffff,891f99cddd3ffff,8260378163,4898290839,18.9752,0.006464,athlete
891f99cc343ffff,891f99cdddbffff,8260378163,31508111,18.0966,0.022181,athlete
891f99cc347ffff,891f99cc343ffff,6429323327,8260378163,9.3234,0.55304,athlete
891f99cc347ffff,891f99cc347ffff,6429323327,6429323327,2.9481,0.947338,athlete
891f99cc347ffff,891f99cc34bffff,6429323327,4889509547,12.9013,0.279939,athlete
891f99cc347ffff,891f99cc34fffff,6429323327,9532612444,6.7313,0.745592,athlete
891f99cc347ffff,891f99cc35bffff,6429323327,1837603118,13.4294,0.243496,athlete
891f99cc347ffff,891f99cc363ffff,6429323327,10893867504,10.7977,0.437512,athlete
891f99cc347ffff,891f99cc367ffff,6429323327,6454118264,14.8798,0.153186,athlete
891f99cc347ffff,891f99cc36bffff,6429323327,31774655,11.1554,0.409753,athlete
891f99cc347ffff,891f99cc36fffff,6429323327,9860005625,17.1863,0.048044,athlete
891f99cc347ffff,891f99cc373ffff,6429323327,613579689,12.8183,0.285808,athlete
891f99cc347ffff,891f99cc377ffff,6429323327,1408208713,13.5973,0.232265,athlete
891f99cc347ffff,891f99cc37bffff,6429323327,9625912703,7.7725,0.671399,athlete
891f99cc347ffff,891f99cdc87ffff,6429323327,6833312139,14.4137,0.180458,athlete
891f99cc347ffff,891f99cdca3ffff,6429323327,9212595025,14.3961,0.181522,athlete
891f99cc347ffff,891f99cdca7ffff,6429323327,31508518,14.8118,0.157051,athlete
891f99cc347ffff,891f99cdcafffff,6429323327,395251657,18.738,0.009792,athlete
891f99cc347ffff,891f99cdcb3ffff,6429323327,6420979355,12.2159,0.329459,athlete
891f99cc347ffff,891f99cdcb7ffff,6429323327,6451403576,10.6715,0.447359,athlete
891f99cc347ffff,891f99cdcbbffff,6429323327,6451658836,16.5131,0.073142,athlete
891f99cc347ffff,891f99cddd3ffff,6429323327,4898290839,17.7476,0.030969,athlete
891f99cc347ffff,891f99cdddbffff,6429323327,31508111,18.1576,0.020793,athlete
891f99cc34bffff,891f99cc343ffff,4889509547,8260378163,10.6342,0.45027,athlete
891f99cc34bffff,891f99cc347ffff,4889509547,6429323327,13.0087,0.2724,athlete
891f99cc34bffff,891f99cc34bffff,4889509547,4889509547,0.6151,0.997668,athlete
891f99cc34bffff,891f99cc34fffff,4889509547,9532612444,6.7887,0.741652,athlete
891f99cc34bffff,891f99cc35bffff,4889509547,1837603118,9.8867,0.508897,athlete
891f99cc34bffff,891f99cc363ffff,4889509547,10893867504,16.5461,0.0718,athlete
891f99cc34bffff,891f99cc36bffff,4889509547,31774655,14.4983,0.17538,athlete
891f99cc34bffff,891f99cc36fffff,4889509547,9860005625,19.6463,0.000771,athlete
891f99cc34bffff,891f99cc373ffff,4889509547,613579689,18.5667,0.012619,athlete
891f99cc34bffff,891f99cc377ffff,4889509547,1408208713,19.3457,0.002639,athlete
891f99cc34bffff,891f99cc37bffff,4889509547,9625912703,11.8919,0.353587,athlete
891f99cc34bffff,891f99cdc03ffff,4889509547,9218173262,18.6735,0.010815,athlete
891f99cc34bffff,891f99cdc07ffff,4889509547,6423339988,18.4686,0.014396,athlete
891f99cc34bffff,891f99cdc17ffff,4889509547,6445048303,15.3775,0.126113,athlete
891f99cc34bffff,891f99cdc33ffff,4889509547,2935634141,17.7316,0.031405,athlete
891f99cc34bffff,891f99cdc37ffff,4889509547,8177904261,18.5244,0.013371,athlete
891f99cc34bffff,891f99cdc87ffff,4889509547,6833312139,6.1136,0.786625,athlete
891f99cc34bffff,891f99cdca3ffff,4889509547,9212595025,9.6536,0.527194,athlete
891f99cc34bffff,891f99cdca7ffff,4889509547,31508518,13.9878,0.206883,athlete
891f99cc34bffff,891f99cdcabffff,4889509547,1251634557,14.1163,0.198765,athlete
891f99cc34bffff,891f99cdcafffff,4889509547,395251657,14.939,0.149849,athlete
891f99cc34bffff,891f99cdcb3ffff,4889509547,6420979355,5.2576,0.838961,athlete
891f99cc34bffff,891f99cdcb7ffff,4889509547,6451403576,9.8977,0.508032,athlete
891f99cc34bffff,891f99cdcbbffff,4889509547,6451658836,8.3818,0.625728,athlete
891f99cc34bffff,891f99cddd3ffff,4889509547,4898290839,18.6473,0.011244,athlete
891f99cc34bffff,891f99cdddbffff,4889509547,31508111,17.3336,0.04322,athlete
891f99cc34fffff,891f99cc343ffff,9532612444,8260378163,5.1928,0.842687,athlete
891f99cc34fffff,891f99cc347ffff,9532612444,6429323327,6.6174,0.753343,athlete
891f99cc34fffff,891f99cc34bffff,9532612444,4889509547,6.4708,0.763201,athlete
891f99cc34fffff,891f99cc34fffff,9532612444,9532612444,0.2402,0.999644,athlete
891f99cc34fffff,891f99cc35bffff,9532612444,1837603118,9.0517,0.574201,athlete
891f99cc34fffff,891f99cc363ffff,9532612444,10893867504,10.0582,0.495431,athlete
891f99cc34fffff,891f99cc367ffff,9532612444,6454118264,14.1402,0.197269,athlete
891f99cc34fffff,891f99cc36bffff,9532612444,31774655,8.0662,0.649555,athlete
891f99cc34fffff,891f99cc36fffff,9532612444,9860005625,14.2887,0.188073,athlete
891f99cc34fffff,891f99cc373ffff,9532612444,613579689,12.0788,0.339618,athlete
891f99cc34fffff,891f99cc377ffff,9532612444,1408208713,12.8578,0.283014,athlete
891f99cc34fffff,891f99cc37bffff,9532612444,9625912703,5.3433,0.833981,athlete
891f99cc34fffff,891f99cdc17ffff,9532612444,6445048303,16.9508,0.056265,athlete
891f99cc34fffff,891f99cdc33ffff,9532612444,2935634141,19.0716,0.005308,athlete
891f99cc34fffff,891f99cdc37ffff,9532612444,8177904261,17.9256,0.026311,athlete
891f99cc34fffff,891f99cdc87ffff,9532612444,6833312139,7.9533,0.65799,athlete
891f99cc34fffff,891f99cdca3ffff,9532612444,9212595025,9.206,0.562202,athlete
891f99cc34fffff,891f99cdca7ffff,9532612444,31508518,9.7528,0.519406,athlete
891f99cc34fffff,891f99cdcabffff,9532612444,1251634557,15.6896,0.110297,athlete
891f99cc34fffff,891f99cdcafffff,9532612444,395251657,13.5478,0.235554,athlete
891f99cc34fffff,891f99cdcb3ffff,9532612444,6420979355,5.7247,0.811103,athlete
891f99cc34fffff,891f99cdcb7ffff,9532612444,6451403576,5.4813,0.825838,athlete
891f99cc34fffff,891f99cdcbbffff,9532612444,6451658836,10.022,0.498273,athlete
891f99cc34fffff,891f99cdd9bffff,9532612444,7007914585,19.1243,0.004723,athlete
891f99cc34fffff,891f99cddc3ffff,9532612444,6483857419,17.1365,0.049734,athlete
891f99cc34fffff,891f99cddcbffff,9532612444,4660007270,18.0013,0.024439,athlete
891f99cc34fffff,891f99cddd3ffff,9532612444,4898290839,13.9772,0.20756,athlete
891f99cc34fffff,891f99cddd7ffff,9532612444,7008251083,17.0857,0.051481,athlete
891f99cc34fffff,891f99cdddbffff,9532612444,31508111,13.0986,0.266132,athlete
891f99cc35bffff,891f99cc343ffff,1837603118,8260378163,6.2421,0.778302,athlete
891f99cc35bffff,891f99cc347ffff,1837603118,6429323327,12.2019,0.330491,athlete
891f99cc35bffff,891f99cc34bffff,1837603118,4889509547,8.7815,0.59512,athlete
891f99cc35bffff,891f99cc34fffff,1837603118,9532612444,8.5569,0.612374,athlete
891f99cc35bffff,891f99cc35bffff,1837603118,1837603118,3.0743,0.942825,athlete
891f99cc35bffff,891f99cc363ffff,1837603118,10893867504,17.2903,0.044611,athlete
891f99cc35bffff,891f99cc36bffff,1837603118,31774655,16.3829,0.078556,athlete
891f99cc35bffff,891f99cc373ffff,1837603118,613579689,19.311,0.002926,athlete
891f99cc35bffff,891f99cc37bffff,1837603118,9625912703,13.6601,0.228115,athlete
891f99cc35bffff,891f99cdc17ffff,1837603118,6445048303,19.5647,0.001168,athlete
891f99cc35bffff,891f99cdc87ffff,1837603118,6833312139,10.4724,0.462933,athlete
891f99cc35bffff,891f99cdca3ffff,1837603118,9212595025,12.486,0.309677,athlete
891f99cc35bffff,891f99cdca7ffff,1837603118,31508518,16.2973,0.082211,athlete
891f99cc35bffff,891f99cdcabffff,1837603118,1251634557,18.3035,0.017649,athlete
891f99cc35bffff,891f99cdcafffff,1837603118,395251657,17.7714,0.030325,athlete
891f99cc35bffff,891f99cdcb3ffff,1837603118,6420979355,8.529,0.614506,athlete
891f99cc35bffff,891f99cdcb7ffff,1837603118,6451403576,12.0017,0.345362,athlete
891f99cc35bffff,891f99cdcbbffff,1837603118,6451658836,12.6359,0.29884,athlete
891f99cc35bffff,891f99cdddbffff,1837603118,31508111,19.6431,0.000786,athlete
891f99cc363ffff,891f99cc343ffff,10893867504,8260378163,14.2035,0.193327,athlete
891f99cc363ffff,891f99cc347ffff,10893867504,6429323327,10.7241,0.443251,athlete
891f99cc363ffff,891f99cc34bffff,10893867504,4889509547,16.2964,0.082252,athlete
891f99cc363ffff,891f99cc34fffff,10893867504,9532612444,10.1264,0.490075,athlete
891f99cc363ffff,891f99cc35bffff,10893867504,1837603118,18.3095,0.017525,athlete
891f99cc363ffff,891f99cc363ffff,10893867504,10893867504,0.4591,0.9987,athlete
891f99cc363ffff,891f99cc367ffff,10893867504,6454118264,6.0675,0.789589,athlete
891f99cc363ffff,891f99cc36bffff,10893867504,31774655,8.5608,0.612078,athlete
891f99cc363ffff,891f99cc36fffff,10893867504,9860005625,9.5274,0.537086,athlete
891f99cc363ffff,891f99cc373ffff,10893867504,613579689,4.4075,0.884883,athlete
891f99cc363ffff,891f99cc377ffff,10893867504,1408208713,4.785,0.865289,athlete
891f99cc363ffff,891f99cc37bffff,10893867504,9625912703,7.1206,0.718518,athlete
891f99cc363ffff,891f99cdc87ffff,10893867504,6833312139,17.8088,0.029325,athlete
891f99cc363ffff,891f99cdca3ffff,10893867504,9212595025,15.9915,0.095884,athlete
891f99cc363ffff,891f99cdca7ffff,10893867504,31508518,14.5644,0.171449,athlete
891f99cc363ffff,891f99cdcafffff,10893867504,395251657,18.7547,0.009536,athlete
891f99cc363ffff,891f99cdcb3ffff,10893867504,6420979355,15.0344,0.144542,athlete
891f99cc363ffff,891f99cdcb7ffff,10893867504,6451403576,12.5579,0.304462,athlete
891f99cc363ffff,891f99cdcbbffff,10893867504,6451658836,19.4609,0.001791,athlete
891f99cc363ffff,891f99cdd13ffff,10893867504,1931861768,19.8661,0.000111,athlete
891f99cc363ffff,891f99cdd83ffff,10893867504,6425221236,13.4718,0.240641,athlete
891f99cc363ffff,891f99cdd87ffff,10893867504,3857356857,19.5435,0.001285,athlete
891f99cc363ffff,891f99cdd8bffff,10893867504,9860048758,15.002,0.146335,athlete
891f99cc363ffff,891f99cdd8fffff,10893867504,7010792148,19.0259,0.005841,athlete
891f99cc363ffff,891f99cdd93ffff,10893867504,9487327105,12.1314,0.335709,athlete
891f99cc363ffff,891f99cdd97ffff,10893867504,4456425432,16.4216,0.076928,athlete
891f99cc363ffff,891f99cdd9bffff,10893867504,7007914585,11.6788,0.36967,athlete
891f99cc363ffff,891f99cddc3ffff,10893867504,6483857419,15.3523,0.127433,athlete
891f99cc363ffff,891f99cddc7ffff,10893867504,9860451546,16.5851,0.070225,athlete
891f99cc363ffff,891f99cddd3ffff,10893867504,4898290839,11.9317,0.350604,athlete
891f99cc363ffff,891f99cddd7ffff,10893867504,7008251083,11.8837,0.354201,athlete
891f99cc363ffff,891f99cdddbffff,10893867504,31508111,16.8156,0.061259,athlete
891f99cc367ffff,891f99cc343ffff,6454118264,8260378163,17.72,0.031725,athlete
891f99cc367ffff,891f99cc347ffff,6454118264,6429323327,14.2296,0.191714,athlete
891f99cc367ffff,891f99cc34bffff,6454118264,4889509547,19.8129,0.000216,athlete
891f99cc367ffff,891f99cc34fffff,6454118264,9532612444,13.6429,0.229251,athlete
891f99cc367ffff,891f99cc363ffff,6454118264,10893867504,5.5775,0.820071,athlete
891f99cc367ffff,891f99cc367ffff,6454118264,6454118264,0.4795,0.998582,athlete
891f99cc367ffff,891f99cc36bffff,6454118264,31774655,11.2878,0.399541,athlete
891f99cc367ffff,891f99cc36fffff,6454118264,9860005625,9.1833,0.563964,athlete
891f99cc367ffff,891f99cc373ffff,6454118264,613579689,7.9129,0.660997,athlete
891f99cc367ffff,891f99cc377ffff,6454118264,1408208713,4.4539,0.882543,athlete
891f99cc367ffff,891f99cc37bffff,6454118264,9625912703,10.0327,0.49743,athlete
891f99cc367ffff,891f99cce4bffff,6454118264,3217982537,16.7723,0.062898,athlete
891f99cc367ffff,891f99cdca3ffff,6454118264,9212595025,18.7186,0.010095,athlete
891f99cc367ffff,891f99cdca7ffff,6454118264,31508518,15.6732,0.111102,athlete
891f99cc367ffff,891f99cdcafffff,6454118264,395251657,19.8636,0.000115,athlete
891f99cc367ffff,891f99cdcb3ffff,6454118264,6420979355,18.3512,0.016677,athlete
891f99cc367ffff,891f99cdcb7ffff,6454118264,6451403576,15.285,0.130976,athlete
891f99cc367ffff,891f99cdd13ffff,6454118264,1931861768,16.8854,0.058656,athlete
891f99cc367ffff,891f99cdd17ffff,6454118264,774074162,19.1325,0.004635,athlete
891f99cc367ffff,891f99cdd83ffff,6454118264,6425221236,8.3742,0.626304,athlete
891f99cc367ffff,891f99cdd87ffff,6454118264,3857356857,14.1605,0.196003,athlete
891f99cc367ffff,891f99cdd8bffff,6454118264,9860048758,11.5168,0.381998,athlete
891f99cc367ffff,891f99cdd8fffff,6454118264,7010792148,13.643,0.229241,athlete
891f99cc367ffff,891f99cdd93ffff,6454118264,9487327105,6.7012,0.747648,athlete
891f99cc367ffff,891f99cdd97ffff,6454118264,4456425432,11.0387,0.418782,athlete
891f99cc367ffff,891f99cdd9bffff,6454118264,7007914585,6.8118,0.740067,athlete
891f99cc367ffff,891f99cddb3ffff,6454118264,9101589210,19.0129,0.005998,athlete
891f99cc367ffff,891f99cddbbffff,6454118264,2614749100,17.0693,0.052053,athlete
891f99cc367ffff,891f99cddc3ffff,6454118264,6483857419,13.8508,0.215667,athlete
891f99cc367ffff,891f99cddc7ffff,6454118264,9860451546,14.3697,0.183124,athlete
891f99cc367ffff,891f99cddcbffff,6454118264,4660007270,19.868,0.000108,athlete
891f99cc367ffff,891f99cddd3ffff,6454118264,4898290839,12.7156,0.293129,athlete
891f99cc367ffff,891f99cddd7ffff,6454118264,7008251083,10.019,0.498507,athlete
891f99cc367ffff,891f99cdddbffff,6454118264,31508111,17.9244,0.026339,athlete
891f99cc36bffff,891f99cc343ffff,31774655,8260378163,13.3865,0.246392,athlete
891f99cc36bffff,891f99cc347ffff,31774655,6429323327,11.6627,0.370892,athlete
891f99cc36bffff,891f99cc34bffff,31774655,4889509547,14.9071,0.151645,athlete
891f99cc36bffff,891f99cc34fffff,31774655,9532612444,8.6764,0.603208,athlete
891f99cc36bffff,891f99cc35bffff,31774655,1837603118,17.4854,0.038499,athlete
891f99cc36bffff,891f99cc363ffff,31774655,10893867504,8.7853,0.594828,athlete
891f99cc36bffff,891f99cc367ffff,31774655,6454118264,12.296,0.32356,athlete
891f99cc36bffff,891f99cc36bffff,31774655,31774655,1.5096,0.986008,athlete
891f99cc36bffff,891f99cc36fffff,31774655,9860005625,8.8839,0.587208,athlete
891f99cc36bffff,891f99cc373ffff,31774655,613579689,10.9152,0.428365,athlete
891f99cc36bffff,891f99cc377ffff,31774655,1408208713,11.0135,0.420736,athlete
891f99cc36bffff,891f99cc37bffff,31774655,9625912703,5.0117,0.852901,athlete
891f99cc36bffff,891f99cdc17ffff,31774655,6445048303,19.1882,0.004059,athlete
891f99cc36bffff,891f99cdc37ffff,31774655,8177904261,17.9893,0.024732,athlete
891f99cc36bffff,891f99cdc87ffff,31774655,6833312139,15.9586,0.097412,athlete
891f99cc36bffff,891f99cdca3ffff,31774655,9212595025,10.6683,0.447607,athlete
891f99cc36bffff,891f99cdca7ffff,31774655,31508518,9.6475,0.527672,athlete
891f99cc36bffff,891f99cdcabffff,31774655,1251634557,17.7927,0.029753,athlete
891f99cc36bffff,891f99cdcafffff,31774655,395251657,13.7162,0.224427,athlete
891f99cc36bffff,891f99cdcb3ffff,31774655,6420979355,11.7045,0.36772,athlete
891f99cc36bffff,891f99cdcb7ffff,31774655,6451403576,7.2348,0.710416,athlete
891f99cc36bffff,891f99cdcbbffff,31774655,6451658836,15.0806,0.142,athlete
891f99cc36bffff,891f99cdd83ffff,31774655,6425221236,18.5909,0.012198,athlete
891f99cc36bffff,891f99cdd8bffff,31774655,9860048758,15.6108,0.114203,athlete
891f99cc36bffff,891f99cdd93ffff,31774655,9487327105,18.3599,0.016501,athlete
891f99cc36bffff,891f99cdd9bffff,31774655,7007914585,14.2149,0.19262,athlete
891f99cc36bffff,891f99cddc3ffff,31774655,6483857419,13.1199,0.264658,athlete
891f99cc36bffff,891f99cddc7ffff,31774655,9860451546,16.9422,0.056577,athlete
891f99cc36bffff,891f99cddcbffff,31774655,4660007270,17.8706,0.02771,athlete
891f99cc36bffff,891f99cddd3ffff,31774655,4898290839,9.6992,0.523613,athlete
891f99cc36bffff,891f99cddd7ffff,31774655,7008251083,12.1764,0.332376,athlete
891f99cc36bffff,891f99cdddbffff,31774655,31508111,12.9933,0.273477,athlete
891f99cc36fffff,891f99cc343ffff,9860005625,8260378163,18.6154,0.011779,athlete
891f99cc36fffff,891f99cc347ffff,9860005625,6429323327,16.6465,0.067782,athlete
891f99cc36fffff,891f99cc34bffff,9860005625,4889509547,19.3796,0.002372,athlete
891f99cc36fffff,891f99cc34fffff,9860005625,9532612444,13.7111,0.224763,athlete
891f99cc36fffff,891f99cc363ffff,9860005625,10893867504,9.491,0.539931,athlete
891f99cc36fffff,891f99cc367ffff,9860005625,6454118264,9.0941,0.570909,athlete
891f99cc36fffff,891f99cc36bffff,9860005625,31774655,8.6714,0.603594,athlete
891f99cc36fffff,891f99cc36fffff,9860005625,9860005625,1.0629,0.993047,athlete
891f99cc36fffff,891f99cc373ffff,9860005625,613579689,11.8265,0.35851,athlete
891f99cc36fffff,891f99cc377ffff,9860005625,1408208713,8.6996,0.601425,athlete
891f99cc36fffff,891f99cc37bffff,9860005625,9625912703,10.2001,0.484286,athlete
891f99cc36fffff,891f99cdc27ffff,9860005625,4889789431,18.0524,0.023217,athlete
891f99cc36fffff,891f99cdc37ffff,9860005625,8177904261,15.6522,0.112142,athlete
891f99cc36fffff,891f99cdc87ffff,9860005625,6833312139,19.6932,0.000581,athlete
891f99cc36fffff,891f99cdca3ffff,9860005625,9212595025,13.4618,0.241316,athlete
891f99cc36fffff,891f99cdca7ffff,9860005625,31508518,9.4506,0.543098,athlete
891f99cc36fffff,891f99cdcafffff,9860005625,395251657,13.6409,0.22938,athlete
891f99cc36fffff,891f99cdcb3ffff,9860005625,6420979355,15.4391,0.122919,athlete
891f99cc36fffff,891f99cdcb7ffff,9860005625,6451403576,10.9694,0.424161,athlete
891f99cc36fffff,891f99cdcbbffff,9860005625,6451658836,18.6731,0.010821,athlete
891f99cc36fffff,891f99cdd03ffff,9860005625,6547701840,18.1124,0.021819,athlete
891f99cc36fffff,891f99cdd0bffff,9860005625,13289798704,19.6655,0.00069,athlete
891f99cc36fffff,891f99cdd13ffff,9860005625,1931861768,12.7229,0.292602,athlete
891f99cc36fffff,891f99cdd17ffff,9860005625,774074162,16.5099,0.073274,athlete
891f99cc36fffff,891f99cdd43ffff,9860005625,4912632765,19.5774,0.001101,athlete
891f99cc36fffff,891f99cdd53ffff,9860005625,792050821,16.1741,0.087608,athlete
891f99cc36fffff,891f99cdd57ffff,9860005625,12006473820,16.5976,0.069725,athlete
891f99cc36fffff,891f99cdd83ffff,9860005625,6425221236,10.8389,0.4343,athlete
891f99cc36fffff,891f99cdd87ffff,9860005625,3857356857,17.7397,0.031184,athlete
891f99cc36fffff,891f99cdd8bffff,9860005625,9860048758,7.8588,0.665015,athlete
891f99cc36fffff,891f99cdd8fffff,9860005625,7010792148,13.256,0.25528,athlete
891f99cc36fffff,891f99cdd93ffff,9860005625,9487327105,10.6957,0.445465,athlete
891f99cc36fffff,891f99cdd97ffff,9860005625,4456425432,14.8984,0.152134,athlete
891f99cc36fffff,891f99cdd9bffff,9860005625,7007914585,6.4604,0.763895,athlete
891f99cc36fffff,891f99cddbbffff,9860005625,2614749100,19.0738,0.005282,athlete
891f99cc36fffff,891f99cddc3ffff,9860005625,6483857419,8.0674,0.649468,athlete
891f99cc36fffff,891f99cddc7ffff,9860005625,9860451546,9.4419,0.543774,athlete
891f99cc36fffff,891f99cddcbffff,9860005625,4660007270,14.1198,0.19855,athlete
891f99cc36fffff,891f99cddcfffff,9860005625,8428297023,15.26,0.132308,athlete
891f99cc36fffff,891f99cddd3ffff,9860005625,4898290839,6.2543,0.777506,athlete
891f99cc36fffff,891f99cddd7ffff,9860005625,7008251083,4.7406,0.867664,athlete
891f99cc36fffff,891f99cdddbffff,9860005625,31508111,11.5515,0.379348,athlete
891f99cc373ffff,891f99cc343ffff,613579689,8260378163,15.2329,0.133751,athlete
891f99cc373ffff,891f99cc347ffff,613579689,6429323327,11.7425,0.364847,athlete
891f99cc373ffff,891f99cc34bffff,613579689,4889509547,17.3258,0.043469,athlete
891f99cc373ffff,891f99cc34fffff,613579689,9532612444,11.1558,0.409724,athlete
891f99cc373ffff,891f99cc35bffff,613579689,1837603118,19.3389,0.002694,athlete
891f99cc373ffff,891f99cc363ffff,613579689,10893867504,3.6276,0.920998,athlete
891f99cc373ffff,891f99cc367ffff,613579689,6454118264,7.5171,0.6901,athlete
891f99cc373ffff,891f99cc36bffff,613579689,31774655,9.764,0.51853,athlete
891f99cc373ffff,891f99cc36fffff,613579689,9860005625,10.977,0.423568,athlete
891f99cc373ffff,891f99cc373ffff,613579689,613579689,4.2646,0.891948,athlete
891f99cc373ffff,891f99cc377ffff,613579689,1408208713,6.2346,0.778787,athlete
891f99cc373ffff,891f99cc37bffff,613579689,9625912703,8.3238,0.630131,athlete
891f99cc373ffff,891f99cdc87ffff,613579689,6833312139,18.8382,0.008303,athlete
891f99cc373ffff,891f99cdca3ffff,613579689,9212595025,17.1948,0.047762,athlete
891f99cc373ffff,891f99cdca7ffff,613579689,31508518,15.8155,0.104175,athlete
891f99cc373ffff,891f99cdcb3ffff,613579689,6420979355,16.0638,0.092568,athlete
891f99cc373ffff,891f99cdcb7ffff,613579689,6451403576,13.7612,0.221484,athlete
891f99cc373ffff,891f99cdd83ffff,613579689,6425221236,14.9214,0.150837,athlete
891f99cc373ffff,891f99cdd8bffff,613579689,9860048758,16.4516,0.075677,athlete
891f99cc373ffff,891f99cdd93ffff,613579689,9487327105,13.581,0.233345,athlete
891f99cc373ffff,891f99cdd97ffff,613579689,4456425432,17.8713,0.027693,athlete
891f99cc373ffff,891f99cdd9bffff,613579689,7007914585,13.1284,0.264065,athlete
891f99cc373ffff,891f99cddc3ffff,613579689,6483857419,16.6035,0.06949,athlete
891f99cc373ffff,891f99cddc7ffff,613579689,9860451546,18.0347,0.023636,athlete
891f99cc373ffff,891f99cddd3ffff,613579689,4898290839,13.1829,0.260304,athlete
891f99cc373ffff,891f99cddd7ffff,613579689,7008251083,13.3334,0.249998,athlete
891f99cc373ffff,891f99cdddbffff,613579689,31508111,18.0667,0.022878,athlete
891f99cc377ffff,891f99cc343ffff,1408208713,8260378163,17.4698,0.038973,athlete
891f99cc377ffff,891f99cc347ffff,1408208713,6429323327,13.9794,0.207418,athlete
891f99cc377ffff,891f99cc34bffff,1408208713,4889509547,19.5627,0.001179,athlete
891f99cc377ffff,891f99cc34fffff,1408208713,9532612444,13.3927,0.245975,athlete
891f99cc377ffff,891f99cc363ffff,1408208713,10893867504,5.3273,0.834916,athlete
891f99cc377ffff,891f99cc367ffff,1408208713,6454118264,5.4862,0.825549,athlete
891f99cc377ffff,891f99cc36bffff,1408208713,31774655,11.0377,0.418863,athlete
891f99cc377ffff,891f99cc36fffff,1408208713,9860005625,9.2782,0.556568,athlete
891f99cc377ffff,891f99cc373ffff,1408208713,613579689,7.6627,0.679472,athlete
891f99cc377ffff,891f99cc377ffff,1408208713,1408208713,4.2037,0.894898,athlete
891f99cc377ffff,891f99cc37bffff,1408208713,9625912703,9.7825,0.517077,athlete
891f99cc377ffff,891f99cdca3ffff,1408208713,9212595025,18.4684,0.0144,athlete
891f99cc377ffff,891f99cdca7ffff,1408208713,31508518,15.5359,0.117974,athlete
891f99cc377ffff,891f99cdcafffff,1408208713,395251657,19.7262,0.000462,athlete
891f99cc377ffff,891f99cdcb3ffff,1408208713,6420979355,18.101,0.022081,athlete
891f99cc377ffff,891f99cdcb7ffff,1408208713,6451403576,15.0348,0.144517,athlete
891f99cc377ffff,891f99cdd13ffff,1408208713,1931861768,19.617,0.000905,athlete
891f99cc377ffff,891f99cdd83ffff,1408208713,6425221236,13.1759,0.260786,athlete
891f99cc377ffff,891f99cdd87ffff,1408208713,3857356857,18.9622,0.00663,athlete
891f99cc377ffff,891f99cdd8bffff,1408208713,9860048758,14.7528,0.160436,athlete
891f99cc377ffff,891f99cdd8fffff,1408208713,7010792148,18.4446,0.014848,athlete
891f99cc377ffff,891f99cdd93ffff,1408208713,9487327105,11.5501,0.379453,athlete
891f99cc377ffff,891f99cdd97ffff,1408208713,4456425432,15.8403,0.102989,athlete
891f99cc377ffff,891f99cdd9bffff,1408208713,7007914585,11.4296,0.388658,athlete
891f99cc377ffff,891f99cddc3ffff,1408208713,6483857419,15.1479,0.138329,athlete
891f99cc377ffff,891f99cddc7ffff,1408208713,9860451546,16.336,0.080553,athlete
891f99cc377ffff,891f99cddd3ffff,1408208713,4898290839,12.6115,0.300597,athlete
891f99cc377ffff,891f99cddd7ffff,1408208713,7008251083,11.6346,0.373026,athlete
891f99cc377ffff,891f99cdddbffff,1408208713,31508111,17.7871,0.029905,athlete
891f99cc37bffff,891f99cc343ffff,9625912703,8260378163,10.4951,0.461157,athlete
891f99cc37bffff,891f99cc347ffff,9625912703,6429323327,8.2701,0.6342,athlete
891f99cc37bffff,891f99cc34bffff,9625912703,4889509547,12.0266,0.343507,athlete
891f99cc37bffff,891f99cc34fffff,9625912703,9532612444,5.7962,0.806689,athlete
891f99cc37bffff,891f99cc35bffff,9625912703,1837603118,14.594,0.169698,athlete
891f99cc37bffff,891f99cc363ffff,9625912703,10893867504,7.7605,0.672281,athlete
891f99cc37bffff,891f99cc367ffff,9625912703,6454118264,11.3368,0.395779,athlete
891f99cc37bffff,891f99cc36bffff,9625912703,31774655,4.8592,0.861285,athlete
891f99cc37bffff,891f99cc36fffff,9625912703,9860005625,11.2955,0.398953,athlete
891f99cc37bffff,891f99cc373ffff,9625912703,613579689,9.8905,0.508597,athlete
891f99cc37bffff,891f99cc377ffff,9625912703,1408208713,10.0543,0.495733,athlete
891f99cc37bffff,891f99cc37bffff,9625912703,9625912703,1.2605,0.990231,athlete
891f99cc37bffff,891f99cdc17ffff,9625912703,6445048303,19.622,0.000881,athlete
891f99cc37bffff,891f99cdc37ffff,9625912703,8177904261,18.5654,0.012642,athlete
891f99cc37bffff,891f99cdc87ffff,9625912703,6833312139,13.5094,0.238123,athlete
891f99cc37bffff,891f99cdca3ffff,9625912703,9212595025,11.2444,0.402884,athlete
891f99cc37bffff,891f99cdca7ffff,9625912703,31508518,10.2236,0.482442,athlete
891f99cc37bffff,891f99cdcabffff,9625912703,1251634557,18.3607,0.016484,athlete
891f99cc37bffff,891f99cdcafffff,9625912703,395251657,14.2923,0.187852,athlete
891f99cc37bffff,891f99cdcb3ffff,9625912703,6420979355,9.5834,0.532698,athlete
891f99cc37bffff,891f99cdcb7ffff,9625912703,6451403576,7.7089,0.676084,athlete
891f99cc37bffff,891f99cdcbbffff,9625912703,6451658836,13.9512,0.209216,athlete
891f99cc37bffff,891f99cdd83ffff,9625912703,6425221236,18.7411,0.009744,athlete
891f99cc37bffff,891f99cdd8bffff,9625912703,9860048758,18.0224,0.023932,athlete
891f99cc37bffff,891f99cdd93ffff,9625912703,9487327105,17.4007,0.0411,athlete
891f99cc37bffff,891f99cdd9bffff,9625912703,7007914585,16.6265,0.068573,athlete
891f99cc37bffff,891f99cddc3ffff,9625912703,6483857419,15.5314,0.118199,athlete
891f99cc37bffff,891f99cddc7ffff,9625912703,9860451546,19.3537,0.002574,athlete
891f99cc37bffff,891f99cddcbffff,9625912703,4660007270,18.4721,0.014331,athlete
891f99cc37bffff,891f99cddd3ffff,9625912703,4898290839,12.1108,0.337239,athlete
891f99cc37bffff,891f99cddd7ffff,9625912703,7008251083,14.588,0.170054,athlete
891f99cc37bffff,891f99cdddbffff,9625912703,31508111,13.5694,0.234122,athlete
891f99cca43ffff,891f99cca43ffff,513307586,513307586,1.6071,0.984152,athlete
891f99cca43ffff,891f99cca4bffff,513307586,9496536226,5.7977,0.806595,athlete
891f99cca43ffff,891f99cca53ffff,513307586,9532073664,5.1031,0.84778,athlete
891f99cca43ffff,891f99cca5bffff,513307586,6808340953,4.6954,0.870059,athlete
891f99cca43ffff,891f99ccac3ffff,513307586,9534410437,13.4764,0.240335,athlete
891f99cca43ffff,891f99ccacbffff,513307586,9621184875,9.8217,0.514005,athlete
891f99cca43ffff,891f99ccacfffff,513307586,9548007944,10.3819,0.47002,athlete
891f99cca43ffff,891f99ccad3ffff,513307586,8922362824,18.095,0.022218,athlete
891f99cca43ffff,891f99ccad7ffff,513307586,5497091057,17.2651,0.045432,athlete
891f99cca43ffff,891f99ccadbffff,513307586,2542799121,14.6989,0.163559,athlete
891f99cca43ffff,891f99cd917ffff,513307586,9578034936,19.6366,0.000814,athlete
891f99cca43ffff,891f99cd983ffff,513307586,9577976786,14.1122,0.199021,athlete
891f99cca43ffff,891f99cd987ffff,513307586,9496019473,11.5739,0.377642,athlete
891f99cca43ffff,891f99cd98fffff,513307586,9578034988,17.5083,0.03781,athlete
891f99cca43ffff,891f99cd993ffff,513307586,9476330915,13.9534,0.209077,athlete
891f99cca43ffff,891f99cd997ffff,513307586,9620952677,9.9316,0.505374,athlete
891f99cca43ffff,891f99cd99bffff,513307586,6576315758,19.9,6.2e-05,athlete
891f99cca43ffff,891f99cd9abffff,513307586,9496019444,19.7529,0.000377,athlete
891f99cca43ffff,891f99cd9b3ffff,513307586,3693529476,11.6128,0.37468,athlete
891f99cca43ffff,891f99cd9bbffff,513307586,2571150096,14.6545,0.166145,athlete
891f99cca43ffff,891f99cdd23ffff,513307586,6490328116,13.8344,0.216729,athlete
891f99cca43ffff,891f99cdd27ffff,513307586,6792684819,8.9555,0.581668,athlete
891f99cca43ffff,891f99cdd2bffff,513307586,9769034838,14.9858,0.147237,athlete
891f99cca43ffff,891f99cdd2fffff,513307586,9621093945,10.1007,0.49209,athlete
891f99cca43ffff,891f99cdd33ffff,513307586,6497354633,18.2327,0.019143,athlete
891f99cca43ffff,891f99cdd37ffff,513307586,9532724067,14.9464,0.149434,athlete
891f99cca43ffff,891f99cdd3bffff,513307586,7013785674,19.4717,0.001721,athlete
891f99cca43ffff,891f99cdd67ffff,513307586,10866880269,19.682,0.000623,athlete
891f99cca43ffff,891f99cdd77ffff,513307586,4448818000,19.3833,0.002344,athlete
891f99cca43ffff,891f99cddafffff,513307586,4942466112,18.6646,0.010961,athlete
891f99cca4bffff,891f99cca43ffff,9496536226,513307586,6.8195,0.739533,athlete
891f99cca4bffff,891f99cca4bffff,9496536226,9496536226,0.4374,0.99882,athlete
891f99cca4bffff,891f99cca53ffff,9496536226,9532073664,8.1487,0.643356,athlete
891f99cca4bffff,891f99cca5bffff,9496536226,6808340953,6.3135,0.773624,athlete
891f99cca4bffff,891f99ccac3ffff,9496536226,9534410437,16.9641,0.055785,athlete
891f99cca4bffff,891f99ccacbffff,9496536226,9621184875,13.3094,0.251633,athlete
891f99cca4bffff,891f99ccacfffff,9496536226,9548007944,14.2353,0.191358,athlete
891f99cca4bffff,891f99ccadbffff,9496536226,2542799121,18.1866,0.020149,athlete
891f99cca4bffff,891f99cd903ffff,9496536226,9468835556,17.8432,0.028421,athlete
891f99cca4bffff,891f99cd907ffff,9496536226,440390944,17.721,0.031696,athlete
891f99cca4bffff,891f99cd913ffff,9496536226,4228814167,16.0399,0.093657,athlete
891f99cca4bffff,891f99cd917ffff,9496536226,9578034936,14.5391,0.17295,athlete
891f99cca4bffff,891f99cd983ffff,9496536226,9577976786,9.137,0.567575,athlete
891f99cca4bffff,891f99cd987ffff,9496536226,9496019473,6.4768,0.762803,athlete
891f99cca4bffff,891f99cd98bffff,9496536226,6276210975,15.2463,0.133035,athlete
891f99cca4bffff,891f99cd98fffff,9496536226,9578034988,12.5021,0.308505,athlete
891f99cca4bffff,891f99cd993ffff,9496536226,9476330915,10.7959,0.43765,athlete
891f99cca4bffff,891f99cd997ffff,9496536226,9620952677,5.0269,0.852056,athlete
891f99cca4bffff,891f99cd99bffff,9496536226,6576315758,14.9247,0.150653,athlete
891f99cca4bffff,891f99cd9abffff,9496536226,9496019444,14.3925,0.181739,athlete
891f99cca4bffff,891f99cd9b3ffff,9496536226,3693529476,6.2525,0.777622,athlete
891f99cca4bffff,891f99cd9bbffff,9496536226,2571150096,9.2942,0.55532,athlete
891f99cca4bffff,891f99cdd23ffff,9496536226,6490328116,15.8624,0.101939,athlete
891f99cca4bffff,891f99cdd27ffff,9496536226,6792684819,11.4019,0.390781,athlete
891f99cca4bffff,891f99cdd2bffff,9496536226,9769034838,14.7976,0.157863,athlete
891f99cca4bffff,891f99cdd2fffff,9496536226,9621093945,10.0484,0.496195,athlete
891f99cca4bffff,891f99cdd37ffff,9496536226,9532724067,17.1374,0.049702,athlete
891f99cca4bffff,891f99cdd63ffff,9496536226,9474270025,19.0019,0.006132,athlete
891f99cca4bffff,891f99cdd67ffff,9496536226,10866880269,14.7068,0.163101,athlete
891f99cca4bffff,891f99cdd6fffff,9496536226,1831777965,19.195,0.003992,athlete
891f99cca4bffff,891f99cdd77ffff,9496536226,4448818000,19.1951,0.003991,athlete
891f99cca53ffff,891f99cca43ffff,9532073664,513307586,5.2401,0.839972,athlete
891f99cca53ffff,891f99cca4bffff,9532073664,9496536226,7.2544,0.709013,athlete
891f99cca53ffff,891f99cca53ffff,9532073664,9532073664,0.495,0.998489,athlete
891f99cca53ffff,891f99cca5bffff,9532073664,6808340953,5.633,0.816713,athlete
891f99cca53ffff,891f99cca9bffff,9532073664,2494994075,18.2564,0.018636,athlete
891f99cca53ffff,891f99ccac3ffff,9532073664,9534410437,9.3104,0.554059,athlete
891f99cca53ffff,891f99ccacbffff,9532073664,9621184875,5.6556,0.815333,athlete
891f99cca53ffff,891f99ccacfffff,9532073664,9548007944,6.5816,0.755762,athlete
891f99cca53ffff,891f99ccad3ffff,9532073664,8922362824,13.929,0.210636,athlete
891f99cca53ffff,891f99ccad7ffff,9532073664,5497091057,13.2527,0.255507,athlete
891f99cca53ffff,891f99ccadbffff,9532073664,2542799121,10.5329,0.458199,athlete
891f99cca53ffff,891f99cce6bffff,9532073664,3857473458,19.1852,0.004089,athlete
891f99cca53ffff,891f99cce6fffff,9532073664,9154957419,16.628,0.068514,athlete
891f99cca53ffff,891f99cd983ffff,9532073664,9577976786,15.3459,0.127767,athlete
891f99cca53ffff,891f99cd987ffff,9532073664,9496019473,12.85,0.283563,athlete
891f99cca53ffff,891f99cd98fffff,9532073664,9578034988,18.742,0.00973,athlete
891f99cca53ffff,891f99cd993ffff,9532073664,9476330915,15.187,0.136213,athlete
891f99cca53ffff,891f99cd997ffff,9532073664,9620952677,11.1652,0.408993,athlete
891f99cca53ffff,891f99cd9b3ffff,9532073664,3693529476,13.0695,0.268152,athlete
891f99cca53ffff,891f99cd9bbffff,9532073664,2571150096,16.1112,0.090418,athlete
891f99cca53ffff,891f99cdd07ffff,9532073664,1889761004,18.7564,0.00951,athlete
891f99cca53ffff,891f99cdd23ffff,9532073664,6490328116,10.362,0.471585,athlete
891f99cca53ffff,891f99cdd27ffff,9532073664,6792684819,4.8789,0.860213,athlete
891f99cca53ffff,891f99cdd2bffff,9532073664,9769034838,15.169,0.137185,athlete
891f99cca53ffff,891f99cdd2fffff,9532073664,9621093945,10.5488,0.456954,athlete
891f99cca53ffff,891f99cdd33ffff,9532073664,6497354633,14.7603,0.160007,athlete
891f99cca53ffff,891f99cdd37ffff,9532073664,9532724067,10.7263,0.44308,athlete
891f99cca53ffff,891f99cdd3bffff,9532073664,7013785674,16.6381,0.068113,athlete
891f99cca53ffff,891f99cdd77ffff,9532073664,4448818000,19.0554,0.005493,athlete
891f99cca53ffff,891f99cdda3ffff,9532073664,6567322295,18.1442,0.021095,athlete
891f99cca53ffff,891f99cdda7ffff,9532073664,8907627801,16.4191,0.077033,athlete
891f99cca53ffff,891f99cddabffff,9532073664,7279487455,19.6194,0.000893,athlete
891f99cca53ffff,891f99cddafffff,9532073664,4942466112,14.4985,0.175363,athlete
891f99cca5bffff,891f99cca43ffff,6808340953,513307586,5.1545,0.844871,athlete
891f99cca5bffff,891f99cca4bffff,6808340953,9496536226,6.0507,0.790661,athlete
891f99cca5bffff,891f99cca53ffff,6808340953,9532073664,6.4018,0.767792,athlete
891f99cca5bffff,891f99cca5bffff,6808340953,6808340953,0.3237,0.999354,athlete
891f99cca5bffff,891f99ccac3ffff,6808340953,9534410437,13.8492,0.215774,athlete
891f99cca5bffff,891f99ccacbffff,6808340953,9621184875,9.5698,0.533759,athlete
891f99cca5bffff,891f99ccacfffff,6808340953,9548007944,11.2817,0.400014,athlete
891f99cca5bffff,891f99ccad3ffff,6808340953,8922362824,18.2226,0.019361,athlete
891f99cca5bffff,891f99ccad7ffff,6808340953,5497091057,17.9527,0.025632,athlete
891f99cca5bffff,891f99ccadbffff,6808340953,2542799121,13.6287,0.230185,athlete
891f99cca5bffff,891f99cd913ffff,6808340953,4228814167,17.3087,0.044016,athlete
891f99cca5bffff,891f99cd917ffff,6808340953,9578034936,17.3457,0.042834,athlete
891f99cca5bffff,891f99cd983ffff,6808340953,9577976786,10.2497,0.480392,athlete
891f99cca5bffff,891f99cd987ffff,6808340953,9496019473,9.4781,0.540946,athlete
891f99cca5bffff,891f99cd98bffff,6808340953,6276210975,16.4569,0.07546,athlete
891f99cca5bffff,891f99cd98fffff,6808340953,9578034988,13.7126,0.224659,athlete
891f99cca5bffff,891f99cd993ffff,6808340953,9476330915,10.0891,0.492999,athlete
891f99cca5bffff,891f99cd997ffff,6808340953,9620952677,6.069,0.789488,athlete
891f99cca5bffff,891f99cd99bffff,6808340953,6576315758,16.0375,0.09377,athlete
891f99cca5bffff,891f99cd9abffff,6808340953,9496019444,17.6335,0.03415,athlete
891f99cca5bffff,891f99cd9b3ffff,6808340953,3693529476,11.8658,0.355549,athlete
891f99cca5bffff,891f99cd9bbffff,6808340953,2571150096,13.6988,0.225569,athlete
891f99cca5bffff,891f99cdd07ffff,6808340953,1889761004,18.7128,0.010186,athlete
891f99cca5bffff,891f99cdd0fffff,6808340953,7013595399,19.5179,0.001433,athlete
891f99cca5bffff,891f99cdd23ffff,6808340953,6490328116,10.3184,0.475006,athlete
891f99cca5bffff,891f99cdd27ffff,6808340953,6792684819,5.4395,0.828324,athlete
891f99cca5bffff,891f99cdd2bffff,6808340953,9769034838,10.6141,0.451846,athlete
891f99cca5bffff,891f99cdd2fffff,6808340953,9621093945,5.729,0.81084,athlete
891f99cca5bffff,891f99cdd33ffff,6808340953,6497354633,14.7167,0.162527,athlete
891f99cca5bffff,891f99cdd37ffff,6808340953,9532724067,11.4304,0.388599,athlete
891f99cca5bffff,891f99cdd3bffff,6808340953,7013785674,15.5052,0.11953,athlete
891f99cca5bffff,891f99cdd63ffff,6808340953,9474270025,19.9978,0.0,athlete
891f99cca5bffff,891f99cdd67ffff,6808340953,10866880269,15.8195,0.103985,athlete
891f99cca5bffff,891f99cdd77ffff,6808340953,4448818000,15.0116,0.145804,athlete
891f99cca5bffff,891f99cdda7ffff,6808340953,8907627801,19.515,0.00145,athlete
891f99cca5bffff,891f99cddabffff,6808340953,7279487455,19.8023,0.000241,athlete
891f99cca5bffff,891f99cddafffff,6808340953,4942466112,16.7705,0.062967,athlete
891f99cca9bffff,891f99cca53ffff,2494994075,9532073664,18.1198,0.021649,athlete
891f99cca9bffff,891f99cca9bffff,2494994075,2494994075,3.0096,0.945159,athlete
891f99cca9bffff,891f99ccac3ffff,2494994075,9534410437,9.8451,0.512167,athlete
891f99cca9bffff,891f99ccacbffff,2494994075,9621184875,14.6098,0.168766,athlete
891f99cca9bffff,891f99ccacfffff,2494994075,9548007944,13.4183,0.244244,athlete
891f99cca9bffff,891f99ccad3ffff,2494994075,8922362824,8.5755,0.610952,athlete
891f99cca9bffff,891f99ccad7ffff,2494994075,5497091057,5.2212,0.841057,athlete
891f99cca9bffff,891f99ccadbffff,2494994075,2542799121,12.6798,0.295687,athlete
891f99cca9bffff,891f99cce6bffff,2494994075,3857473458,12.4821,0.309961,athlete
891f99cca9bffff,891f99cce6fffff,2494994075,9154957419,5.3331,0.834577,athlete
891f99cca9bffff,891f99cce7bffff,2494994075,8992468945,15.542,0.117665,athlete
891f99cca9bffff,891f99cdd27ffff,2494994075,6792684819,18.9609,0.006646,athlete
891f99cca9bffff,891f99cdda7ffff,2494994075,8907627801,13.755,0.221887,athlete
891f99cca9bffff,891f99cddafffff,2494994075,4942466112,17.1329,0.049856,athlete
891f99cca9bffff,891f99cddb7ffff,2494994075,9101607422,16.7342,0.064358,athlete
891f99ccac3ffff,891f99cca43ffff,9534410437,513307586,13.7541,0.221947,athlete
891f99ccac3ffff,891f99cca4bffff,9534410437,9496536226,15.7685,0.106446,athlete
891f99ccac3ffff,891f99cca53ffff,9534410437,9532073664,9.0689,0.57287,athlete
891f99ccac3ffff,891f99cca5bffff,9534410437,6808340953,12.9726,0.274927,athlete
891f99ccac3ffff,891f99cca9bffff,9534410437,2494994075,10.5631,0.455833,athlete
891f99ccac3ffff,891f99ccac3ffff,9534410437,9534410437,0.7067,0.996922,athlete
891f99ccac3ffff,891f99ccacbffff,9534410437,9621184875,5.5589,0.821191,athlete
891f99ccac3ffff,891f99ccacfffff,9534410437,9548007944,6.1962,0.781289,athlete
891f99ccac3ffff,891f99ccad3ffff,9534410437,8922362824,5.3254,0.83503,athlete
891f99ccac3ffff,891f99ccad7ffff,9534410437,5497091057,6.1471,0.784471,athlete
891f99ccac3ffff,891f99ccadbffff,9534410437,2542799121,6.0193,0.792663,athlete
891f99ccac3ffff,891f99cce4bffff,9534410437,3217982537,19.8572,0.000126,athlete
891f99ccac3ffff,891f99cce4fffff,9534410437,4843310476,16.8963,0.058252,athlete
891f99ccac3ffff,891f99cce6bffff,9534410437,3857473458,10.5816,0.454385,athlete
891f99ccac3ffff,891f99cce6fffff,9534410437,9154957419,8.1483,0.643387,athlete
891f99ccac3ffff,891f99cce7bffff,9534410437,8992468945,13.5225,0.237244,athlete
891f99ccac3ffff,891f99cd997ffff,9534410437,9620952677,18.7179,0.010105,athlete
891f99ccac3ffff,891f99cdd23ffff,9534410437,6490328116,15.1466,0.138397,athlete
891f99ccac3ffff,891f99cdd27ffff,9534410437,6792684819,10.5094,0.460038,athlete
891f99ccac3ffff,891f99cdd2fffff,9534410437,9621093945,16.7002,0.065677,athlete
891f99ccac3ffff,891f99cdd33ffff,9534410437,6497354633,15.3957,0.125168,athlete
891f99ccac3ffff,891f99cdd37ffff,9534410437,9532724067,12.1841,0.331809,athlete
891f99ccac3ffff,891f99cdda3ffff,9534410437,6567322295,15.2135,0.134792,athlete
891f99ccac3ffff,891f99cdda7ffff,9534410437,8907627801,8.6769,0.603169,athlete
891f99ccac3ffff,891f99cddabffff,9534410437,7279487455,16.7821,0.062525,athlete
891f99ccac3ffff,891f99cddafffff,9534410437,4942466112,11.5679,0.378102,athlete
891f99ccac3ffff,891f99cddb3ffff,9534410437,9101589210,18.1298,0.021421,athlete
891f99ccac3ffff,891f99cddb7ffff,9534410437,9101607422,12.182,0.33196,athlete
891f99ccac3ffff,891f99cddbbffff,9534410437,2614749100,18.8323,0.008388,athlete
891f99ccacbffff,891f99cca43ffff,9621184875,513307586,10.5364,0.457919,athlete
891f99ccacbffff,891f99cca4bffff,9621184875,9496536226,12.5508,0.30498,athlete
891f99ccacbffff,891f99cca53ffff,9621184875,9532073664,5.8512,0.803266,athlete
891f99ccacbffff,891f99cca5bffff,9621184875,6808340953,9.0949,0.570851,athlete
891f99ccacbffff,891f99cca9bffff,9621184875,2494994075,15.1924,0.135923,athlete
891f99ccacbffff,891f99ccac3ffff,9621184875,9534410437,5.9263,0.798554,athlete
891f99ccacbffff,891f99ccacbffff,9621184875,9621184875,0.2659,0.999564,athlete
891f99ccacbffff,891f99ccacfffff,9621184875,9548007944,5.4557,0.827361,athlete
891f99ccacbffff,891f99ccad3ffff,9621184875,8922362824,10.0134,0.498947,athlete
891f99ccacbffff,891f99ccad7ffff,9621184875,5497091057,10.1887,0.485183,athlete
891f99ccacbffff,891f99ccadbffff,9621184875,2542799121,5.4195,0.829504,athlete
891f99ccacbffff,891f99cce4fffff,9621184875,4843310476,19.7418,0.000411,athlete
891f99ccacbffff,891f99cce6bffff,9621184875,3857473458,15.2696,0.131794,athlete
891f99ccacbffff,891f99cce6fffff,9621184875,9154957419,13.368,0.247648,athlete
891f99ccacbffff,891f99cce7bffff,9621184875,8992468945,18.2106,0.019622,athlete
891f99ccacbffff,891f99cd983ffff,9621184875,9577976786,19.0209,0.005902,athlete
891f99ccacbffff,891f99cd987ffff,9621184875,9496019473,17.0875,0.051419,athlete
891f99ccacbffff,891f99cd993ffff,9621184875,9476330915,18.4714,0.014344,athlete
891f99ccacbffff,891f99cd997ffff,9621184875,9620952677,14.8402,0.155431,athlete
891f99ccacbffff,891f99cd9b3ffff,9621184875,3693529476,18.3659,0.016382,athlete
891f99ccacbffff,891f99cdd07ffff,9621184875,1889761004,18.0551,0.023153,athlete
891f99ccacbffff,891f99cdd17ffff,9621184875,774074162,19.3039,0.002986,athlete
891f99ccacbffff,891f99cdd23ffff,9621184875,6490328116,11.9413,0.349882,athlete
891f99ccacbffff,891f99cdd27ffff,9621184875,6792684819,7.2249,0.711118,athlete
891f99ccacbffff,891f99cdd2bffff,9621184875,9769034838,17.6606,0.03338,athlete
891f99ccacbffff,891f99cdd2fffff,9621184875,9621093945,13.4746,0.240453,athlete
891f99ccacbffff,891f99cdd33ffff,9621184875,6497354633,12.7985,0.287215,athlete
891f99ccacbffff,891f99cdd37ffff,9621184875,9532724067,8.9787,0.579866,athlete
891f99ccacbffff,891f99cdd3bffff,9621184875,7013785674,17.724,0.031616,athlete
891f99ccacbffff,891f99cdda3ffff,9621184875,6567322295,13.0309,0.270848,athlete
891f99ccacbffff,891f99cdda7ffff,9621184875,8907627801,11.3058,0.39816,athlete
891f99ccacbffff,891f99cddabffff,9621184875,7279487455,14.5061,0.174913,athlete
891f99ccacbffff,891f99cddafffff,9621184875,4942466112,9.3852,0.548209,athlete
891f99ccacbffff,891f99cddb3ffff,9621184875,9101589210,17.0564,0.052504,athlete
891f99ccacbffff,891f99cddb7ffff,9621184875,9101607422,16.1466,0.088831,athlete
891f99ccacbffff,891f99cddbbffff,9621184875,2614749100,16.5562,0.071389,athlete
891f99ccacfffff,891f99cca43ffff,9548007944,513307586,10.4605,0.463862,athlete
891f99ccacfffff,891f99cca4bffff,9548007944,9496536226,13.0875,0.266904,athlete
891f99ccacfffff,891f99cca53ffff,9548007944,9532073664,6.3879,0.768714,athlete
891f99ccacfffff,891f99cca5bffff,9548007944,6808340953,10.9448,0.426064,athlete
891f99ccacfffff,891f99cca9bffff,9548007944,2494994075,13.2766,0.253869,athlete
891f99ccacfffff,891f99ccac3ffff,9548007944,9534410437,6.4613,0.763833,athlete
891f99ccacfffff,891f99ccacbffff,9548007944,9621184875,5.436,0.82853,athlete
891f99ccacfffff,891f99ccacfffff,9548007944,9548007944,0.8905,0.995117,athlete
891f99ccacfffff,891f99ccad3ffff,9548007944,8922362824,11.08,0.415582,athlete
891f99ccacfffff,891f99ccad7ffff,9548007944,5497091057,8.4586,0.619884,athlete
891f99ccacfffff,891f99ccadbffff,9548007944,2542799121,8.9132,0.58494,athlete
891f99ccacfffff,891f99cce6bffff,9548007944,3857473458,16.3362,0.080541,athlete
891f99ccacfffff,891f99cce6fffff,9548007944,9154957419,12.8287,0.285076,athlete
891f99ccacfffff,891f99cce7bffff,9548007944,8992468945,19.2772,0.003219,athlete
891f99ccacfffff,891f99cd987ffff,9548007944,9496019473,18.2009,0.019834,athlete
891f99ccacfffff,891f99cd997ffff,9548007944,9620952677,16.5161,0.07302,athlete
891f99ccacfffff,891f99cd9b3ffff,9548007944,3693529476,18.9026,0.00741,athlete
891f99ccacfffff,891f99cdd23ffff,9548007944,6490328116,14.4336,0.179259,athlete
891f99ccacfffff,891f99cdd27ffff,9548007944,6792684819,9.7172,0.522204,athlete
891f99ccacfffff,891f99cdd2fffff,9548007944,9621093945,15.5728,0.116107,athlete
891f99ccacfffff,891f99cdd33ffff,9548007944,6497354633,16.0928,0.091249,athlete
891f99ccacfffff,891f99cdd37ffff,9548007944,9532724067,11.471,0.385491,athlete
891f99ccacfffff,891f99cdda3ffff,9548007944,6567322295,17.6102,0.034818,athlete
891f99ccacfffff,891f99cdda7ffff,9548007944,8907627801,14.3287,0.185623,athlete
891f99ccacfffff,891f99cddabffff,9548007944,7279487455,19.0854,0.005151,athlete
891f99ccacfffff,891f99cddafffff,9548007944,4942466112,13.9645,0.208365,athlete
891f99ccacfffff,891f99cddb7ffff,9548007944,9101607422,17.9367,0.026032,athlete
891f99ccad3ffff,891f99cca43ffff,8922362824,513307586,17.6942,0.032439,athlete
891f99ccad3ffff,891f99cca4bffff,8922362824,9496536226,19.7086,0.000524,athlete
891f99ccad3ffff,891f99cca53ffff,8922362824,9532073664,13.009,0.272377,athlete
891f99ccad3ffff,891f99cca5bffff,8922362824,6808340953,16.0146,0.09482,athlete
891f99ccad3ffff,891f99cca9bffff,8922362824,2494994075,8.6961,0.601693,athlete
891f99ccad3ffff,891f99ccac3ffff,8922362824,9534410437,4.6468,0.872615,athlete
891f99ccad3ffff,891f99ccacbffff,8922362824,9621184875,9.1736,0.564722,athlete
891f99ccad3ffff,891f99ccacfffff,8922362824,9548007944,10.1363,0.489296,athlete
891f99ccad3ffff,891f99ccad3ffff,8922362824,8922362824,0.1921,0.999772,athlete
891f99ccad3ffff,891f99ccad7ffff,8922362824,5497091057,6.0643,0.789793,athlete
891f99ccad3ffff,891f99ccadbffff,8922362824,2542799121,5.4699,0.826518,athlete
891f99ccad3ffff,891f99cce4bffff,8922362824,3217982537,16.8541,0.059817,athlete
891f99ccad3ffff,891f99cce4fffff,8922362824,4843310476,13.8932,0.212935,athlete
891f99ccad3ffff,891f99cce6bffff,8922362824,3857473458,5.4483,0.827802,athlete
891f99ccad3ffff,891f99cce6fffff,8922362824,9154957419,5.1726,0.843838,athlete
891f99ccad3ffff,891f99cce7bffff,8922362824,8992468945,8.3892,0.625165,athlete
891f99ccad3ffff,891f99cdd07ffff,8922362824,1889761004,17.5128,0.037678,athlete
891f99ccad3ffff,891f99cdd17ffff,8922362824,774074162,18.7616,0.009431,athlete
891f99ccad3ffff,891f99cdd23ffff,8922362824,6490328116,14.9699,0.148124,athlete
891f99ccad3ffff,891f99cdd27ffff,8922362824,6792684819,11.751,0.364208,athlete
891f99ccad3ffff,891f99cdd2fffff,8922362824,9621093945,17.9418,0.025905,athlete
891f99ccad3ffff,891f99cdd33ffff,8922362824,6497354633,12.5773,0.303062,athlete
891f99ccad3ffff,891f99cdd37ffff,8922362824,9532724067,13.214,0.258163,athlete
891f99ccad3ffff,891f99cdd3bffff,8922362824,7013785674,19.2699,0.003285,athlete
891f99ccad3ffff,891f99cdda3ffff,8922362824,6567322295,12.3951,0.316295,athlete
891f99ccad3ffff,891f99cdda7ffff,8922362824,8907627801,5.6738,0.814227,athlete
891f99ccad3ffff,891f99cddabffff,8922362824,7279487455,13.9637,0.208416,athlete
891f99ccad3ffff,891f99cddafffff,8922362824,4942466112,8.7495,0.597585,athlete
891f99ccad3ffff,891f99cddb3ffff,8922362824,9101589210,15.1267,0.139483,athlete
891f99ccad3ffff,891f99cddb7ffff,8922362824,9101607422,9.1789,0.564311,athlete
891f99ccad3ffff,891f99cddbbffff,8922362824,2614749100,16.0139,0.094852,athlete
891f99ccad7ffff,891f99cca43ffff,5497091057,513307586,17.8584,0.028026,athlete
891f99ccad7ffff,891f99cca4bffff,5497091057,9496536226,19.9309,2.9e-05,athlete
891f99ccad7ffff,891f99cca53ffff,5497091057,9532073664,13.2313,0.256971,athlete
891f99ccad7ffff,891f99cca5bffff,5497091057,6808340953,17.135,0.049784,athlete
891f99ccad7ffff,891f99cca9bffff,5497091057,2494994075,5.3938,0.831023,athlete
891f99ccad7ffff,891f99ccac3ffff,5497091057,9534410437,4.9566,0.855955,athlete
891f99ccad7ffff,891f99ccacbffff,5497091057,9621184875,9.7214,0.521878,athlete
891f99ccad7ffff,891f99ccacfffff,5497091057,9548007944,8.9732,0.580292,athlete
891f99ccad7ffff,891f99ccad3ffff,5497091057,8922362824,5.9505,0.797026,athlete
891f99ccad7ffff,891f99ccad7ffff,5497091057,5497091057,0.2954,0.999462,athlete
891f99ccad7ffff,891f99ccadbffff,5497091057,2542799121,9.7789,0.517358,athlete
891f99ccad7ffff,891f99cce4fffff,5497091057,4843310476,18.9999,0.006157,athlete
891f99ccad7ffff,891f99cce6bffff,5497091057,3857473458,10.0334,0.497379,athlete
891f99ccad7ffff,891f99cce6fffff,5497091057,9154957419,4.6654,0.871637,athlete
891f99ccad7ffff,891f99cce7bffff,5497091057,8992468945,13.0933,0.266502,athlete
891f99ccad7ffff,891f99cdd23ffff,5497091057,6490328116,19.3965,0.002245,athlete
891f99ccad7ffff,891f99cdd27ffff,5497091057,6792684819,14.7593,0.160066,athlete
891f99ccad7ffff,891f99cdd33ffff,5497091057,6497354633,18.288,0.017971,athlete
891f99ccad7ffff,891f99cdd37ffff,5497091057,9532724067,16.434,0.076413,athlete
891f99ccad7ffff,891f99cdda3ffff,5497091057,6567322295,18.1058,0.02197,athlete
891f99ccad7ffff,891f99cdda7ffff,5497091057,8907627801,11.3063,0.398118,athlete
891f99ccad7ffff,891f99cddabffff,5497091057,7279487455,19.6744,0.000654,athlete
891f99ccad7ffff,891f99cddafffff,5497091057,4942466112,14.4601,0.177662,athlete
891f99ccad7ffff,891f99cddb7ffff,5497091057,9101607422,14.2856,0.188264,athlete
891f99ccadbffff,891f99cca43ffff,2542799121,513307586,14.7339,0.161528,athlete
891f99ccadbffff,891f99cca4bffff,2542799121,9496536226,16.7483,0.063818,athlete
891f99ccadbffff,891f99cca53ffff,2542799121,9532073664,10.0487,0.496175,athlete
891f99ccadbffff,891f99cca5bffff,2542799121,6808340953,11.594,0.376108,athlete
891f99ccadbffff,891f99cca9bffff,2542799121,2494994075,12.5347,0.306143,athlete
891f99ccadbffff,891f99ccac3ffff,2542799121,9534410437,4.7858,0.865247,athlete
891f99ccadbffff,891f99ccacbffff,2542799121,9621184875,4.7531,0.866997,athlete
891f99ccadbffff,891f99ccacfffff,2542799121,9548007944,7.2432,0.709813,athlete
891f99ccadbffff,891f99ccad3ffff,2542799121,8922362824,5.5935,0.819105,athlete
891f99ccadbffff,891f99ccad7ffff,2542799121,5497091057,9.7878,0.516659,athlete
891f99ccadbffff,891f99ccadbffff,2542799121,2542799121,0.9996,0.993849,athlete
891f99ccadbffff,891f99cce4bffff,2542799121,3217982537,16.2545,0.084068,athlete
891f99ccadbffff,891f99cce4fffff,2542799121,4843310476,15.3219,0.129029,athlete
891f99ccadbffff,891f99cce6bffff,2542799121,3857473458,10.8497,0.433462,athlete
891f99ccadbffff,891f99cce6fffff,2542799121,9154957419,10.12,0.490579,athlete
891f99ccadbffff,891f99cce7bffff,2542799121,8992468945,13.7906,0.219566,athlete
891f99ccadbffff,891f99cd983ffff,2542799121,9577976786,19.4507,0.00186,athlete
891f99ccadbffff,891f99cd993ffff,2542799121,9476330915,18.6806,0.010701,athlete
891f99ccadbffff,891f99cd997ffff,2542799121,9620952677,15.8625,0.101932,athlete
891f99ccadbffff,891f99cdd07ffff,2542799121,1889761004,16.1489,0.088729,athlete
891f99ccadbffff,891f99cdd0fffff,2542799121,7013595399,19.9832,2e-06,athlete
891f99ccadbffff,891f99cdd17ffff,2542799121,774074162,17.3977,0.041194,athlete
891f99ccadbffff,891f99cdd23ffff,2542799121,6490328116,11.9734,0.347477,athlete
891f99ccadbffff,891f99cdd27ffff,2542799121,6792684819,7.3362,0.703166,athlete
891f99ccadbffff,891f99cdd2bffff,2542799121,9769034838,17.7002,0.032272,athlete
891f99ccadbffff,891f99cdd2fffff,2542799121,9621093945,13.527,0.236947,athlete
891f99ccadbffff,891f99cdd33ffff,2542799121,6497354633,11.2135,0.40527,athlete
891f99ccadbffff,891f99cdd37ffff,2542799121,9532724067,9.0109,0.577374,athlete
891f99ccadbffff,891f99cdd3bffff,2542799121,7013785674,17.7561,0.030739,athlete
891f99ccadbffff,891f99cdd87ffff,2542799121,3857356857,19.7332,0.000439,athlete
891f99ccadbffff,891f99cdda3ffff,2542799121,6567322295,11.0695,0.416393,athlete
891f99ccadbffff,891f99cdda7ffff,2542799121,8907627801,6.8859,0.734943,athlete
891f99ccadbffff,891f99cddabffff,2542799121,7279487455,12.5999,0.301434,athlete
891f99ccadbffff,891f99cddafffff,2542799121,4942466112,7.4239,0.696849,athlete
891f99ccadbffff,891f99cddb3ffff,2542799121,9101589210,14.1588,0.196112,athlete
891f99ccadbffff,891f99cddb7ffff,2542799121,9101607422,11.7267,0.366041,athlete
891f99ccadbffff,891f99cddbbffff,2542799121,2614749100,14.65,0.166407,athlete
891f99cce4bffff,891f99cc367ffff,3217982537,6454118264,17.9053,0.026823,athlete
891f99cce4bffff,891f99ccad3ffff,3217982537,8922362824,17.9462,0.025794,athlete
891f99cce4bffff,891f99ccadbffff,3217982537,2542799121,17.2409,0.046228,athlete
891f99cce4bffff,891f99cce4bffff,3217982537,3217982537,1.6781,0.982729,athlete
891f99cce4bffff,891f99cce4fffff,3217982537,4843310476,8.611,0.60823,athlete
891f99cce4bffff,891f99cce6bffff,3217982537,3857473458,15.5725,0.116125,athlete
891f99cce4bffff,891f99cce7bffff,3217982537,8992468945,13.856,0.21533,athlete
891f99cce4bffff,891f99cdd03ffff,3217982537,6547701840,19.5174,0.001436,athlete
891f99cce4bffff,891f99cdd13ffff,3217982537,1931861768,17.5485,0.036617,athlete
891f99cce4bffff,891f99cdd17ffff,3217982537,774074162,15.0738,0.142373,athlete
891f99cce4bffff,891f99cdd33ffff,3217982537,6497354633,19.2132,0.003814,athlete
891f99cce4bffff,891f99cdd83ffff,3217982537,6425221236,10.806,0.436869,athlete
891f99cce4bffff,891f99cdd87ffff,3217982537,3857356857,7.0061,0.726571,athlete
891f99cce4bffff,891f99cdd8bffff,3217982537,9860048758,15.432,0.123288,athlete
891f99cce4bffff,891f99cdd8fffff,3217982537,7010792148,11.4295,0.38867,athlete
891f99cce4bffff,891f99cdd93ffff,3217982537,9487327105,13.672,0.227327,athlete
891f99cce4bffff,891f99cdd97ffff,3217982537,4456425432,6.7823,0.742093,athlete
891f99cce4bffff,891f99cdd9bffff,3217982537,7007914585,16.8389,0.060383,athlete
891f99cce4bffff,891f99cdda3ffff,3217982537,6567322295,10.524,0.458891,athlete
891f99cce4bffff,891f99cdda7ffff,3217982537,8907627801,14.772,0.159332,athlete
891f99cce4bffff,891f99cddabffff,3217982537,7279487455,14.8155,0.156837,athlete
891f99cce4bffff,891f99cddafffff,3217982537,4942466112,15.309,0.129709,athlete
891f99cce4bffff,891f99cddb3ffff,3217982537,9101589210,6.0359,0.791606,athlete
891f99cce4bffff,891f99cddb7ffff,3217982537,9101607422,9.2027,0.562453,athlete
891f99cce4bffff,891f99cddbbffff,3217982537,2614749100,11.0977,0.414213,athlete
891f99cce4bffff,891f99cddc7ffff,3217982537,9860451546,19.8025,0.000241,athlete
891f99cce4bffff,891f99cddd7ffff,3217982537,7008251083,19.6686,0.000677,athlete
891f99cce4fffff,891f99ccac3ffff,4843310476,9534410437,16.0348,0.093892,athlete
891f99cce4fffff,891f99ccacbffff,4843310476,9621184875,17.4882,0.038416,athlete
891f99cce4fffff,891f99ccad3ffff,4843310476,8922362824,13.653,0.228581,athlete
891f99cce4fffff,891f99ccad7ffff,4843310476,5497091057,18.1631,0.020669,athlete
891f99cce4fffff,891f99ccadbffff,4843310476,2542799121,14.5831,0.170341,athlete
891f99cce4fffff,891f99cce4bffff,4843310476,3217982537,7.1152,0.718896,athlete
891f99cce4fffff,891f99cce4fffff,4843310476,4843310476,2.4297,0.964024,athlete
891f99cce4fffff,891f99cce6bffff,4843310476,3857473458,10.5546,0.456496,athlete
891f99cce4fffff,891f99cce6fffff,4843310476,9154957419,16.1108,0.090439,athlete
891f99cce4fffff,891f99cce7bffff,4843310476,8992468945,8.8305,0.591337,athlete
891f99cce4fffff,891f99cdd07ffff,4843310476,1889761004,18.7255,0.009986,athlete
891f99cce4fffff,891f99cdd17ffff,4843310476,774074162,16.1368,0.089269,athlete
891f99cce4fffff,891f99cdd27ffff,4843310476,6792684819,19.6958,0.000571,athlete
891f99cce4fffff,891f99cdd33ffff,4843310476,6497354633,16.7028,0.065575,athlete
891f99cce4fffff,891f99cdd37ffff,4843310476,9532724067,18.4982,0.013849,athlete
891f99cce4fffff,891f99cdd83ffff,4843310476,6425221236,16.0931,0.091235,athlete
891f99cce4fffff,891f99cdd87ffff,4843310476,3857356857,12.2932,0.323759,athlete
891f99cce4fffff,891f99cdd8fffff,4843310476,7010792148,16.3971,0.07796,athlete
891f99cce4fffff,891f99cdd93ffff,4843310476,9487327105,19.1091,0.004888,athlete
891f99cce4fffff,891f99cdd97ffff,4843310476,4456425432,12.2194,0.329199,athlete
891f99cce4fffff,891f99cdda3ffff,4843310476,6567322295,8.3923,0.62493,athlete
891f99cce4fffff,891f99cdda7ffff,4843310476,8907627801,11.9597,0.348503,athlete
891f99cce4fffff,891f99cddabffff,4843310476,7279487455,12.8184,0.285803,athlete
891f99cce4fffff,891f99cddafffff,4843310476,4942466112,12.6512,0.297741,athlete
891f99cce4fffff,891f99cddb3ffff,4843310476,9101589210,6.2808,0.775771,athlete
891f99cce4fffff,891f99cddb7ffff,4843310476,9101607422,4.4396,0.883265,athlete
891f99cce4fffff,891f99cddbbffff,4843310476,2614749100,11.8736,0.354964,athlete
891f99cce6bffff,891f99cca53ffff,3857473458,9532073664,18.1964,0.019933,athlete
891f99cce6bffff,891f99cca9bffff,3857473458,2494994075,12.0787,0.339626,athlete
891f99cce6bffff,891f99ccac3ffff,3857473458,9534410437,9.8342,0.513022,athlete
891f99cce6bffff,891f99ccacbffff,3857473458,9621184875,14.6864,0.164285,athlete
891f99cce6bffff,891f99ccacfffff,3857473458,9548007944,15.3237,0.128936,athlete
891f99cce6bffff,891f99ccad3ffff,3857473458,8922362824,6.1703,0.782971,athlete
891f99cce6bffff,891f99ccad7ffff,3857473458,5497091057,10.066,0.494819,athlete
891f99cce6bffff,891f99ccadbffff,3857473458,2542799121,11.4481,0.387246,athlete
891f99cce6bffff,891f99cce4bffff,3857473458,3217982537,15.0009,0.146397,athlete
891f99cce6bffff,891f99cce4fffff,3857473458,4843310476,11.4868,0.384287,athlete
891f99cce6bffff,891f99cce6bffff,3857473458,3857473458,0.6037,0.997754,athlete
891f99cce6bffff,891f99cce6fffff,3857473458,9154957419,8.0136,0.653492,athlete
891f99cce6bffff,891f99cce7bffff,3857473458,8992468945,5.5173,0.823687,athlete
891f99cce6bffff,891f99cdd07ffff,3857473458,1889761004,18.1979,0.0199,athlete
891f99cce6bffff,891f99cdd17ffff,3857473458,774074162,18.9142,0.007255,athlete
891f99cce6bffff,891f99cdd23ffff,3857473458,6490328116,17.7934,0.029735,athlete
891f99cce6bffff,891f99cdd27ffff,3857473458,6792684819,17.487,0.038452,athlete
891f99cce6bffff,891f99cdd33ffff,3857473458,6497354633,14.494,0.175635,athlete
891f99cce6bffff,891f99cdd37ffff,3857473458,9532724067,16.2894,0.082556,athlete
891f99cce6bffff,891f99cdd87ffff,3857473458,3857356857,19.6099,0.000938,athlete
891f99cce6bffff,891f99cdda3ffff,3857473458,6567322295,11.5029,0.383053,athlete
891f99cce6bffff,891f99cdda7ffff,3857473458,8907627801,7.2922,0.706314,athlete
891f99cce6bffff,891f99cddabffff,3857473458,7279487455,14.6488,0.166476,athlete
891f99cce6bffff,891f99cddafffff,3857473458,4942466112,10.4424,0.465282,athlete
891f99cce6bffff,891f99cddb3ffff,3857473458,9101589210,13.6846,0.226497,athlete
891f99cce6bffff,891f99cddb7ffff,3857473458,9101607422,6.8458,0.737718,athlete
891f99cce6bffff,891f99cddbbffff,3857473458,2614749100,15.443,0.12272,athlete
891f99cce6fffff,891f99cca53ffff,9154957419,9532073664,16.2626,0.083718,athlete
891f99cce6fffff,891f99cca9bffff,9154957419,2494994075,5.4095,0.830098,athlete
891f99cce6fffff,891f99ccac3ffff,9154957419,9534410437,7.9004,0.66193,athlete
891f99cce6fffff,891f99ccacbffff,9154957419,9621184875,12.7526,0.290485,athlete
891f99cce6fffff,891f99ccacfffff,9154957419,9548007944,13.2156,0.258051,athlete
891f99cce6fffff,891f99ccad3ffff,9154957419,8922362824,5.3385,0.834262,athlete
891f99cce6fffff,891f99ccad7ffff,9154957419,5497091057,5.1668,0.844172,athlete
891f99cce6fffff,891f99ccadbffff,9154957419,2542799121,10.6164,0.451666,athlete
891f99cce6fffff,891f99cce4fffff,9154957419,4843310476,17.7349,0.031317,athlete
891f99cce6fffff,891f99cce6bffff,9154957419,3857473458,8.7684,0.596129,athlete
891f99cce6fffff,891f99cce6fffff,9154957419,9154957419,0.439,0.998812,athlete
891f99cce6fffff,891f99cce7bffff,9154957419,8992468945,11.8283,0.358373,athlete
891f99cce6fffff,891f99cdd27ffff,9154957419,6792684819,16.8974,0.058212,athlete
891f99cce6fffff,891f99cdd33ffff,9154957419,6497354633,17.7238,0.031621,athlete
891f99cce6fffff,891f99cdd37ffff,9154957419,9532724067,18.3604,0.016491,athlete
891f99cce6fffff,891f99cdda3ffff,9154957419,6567322295,17.1279,0.050025,athlete
891f99cce6fffff,891f99cdda7ffff,9154957419,8907627801,10.0414,0.496752,athlete
891f99cce6fffff,891f99cddabffff,9154957419,7279487455,19.1102,0.004876,athlete
891f99cce6fffff,891f99cddafffff,9154957419,4942466112,13.896,0.212758,athlete
891f99cce6fffff,891f99cddb3ffff,9154957419,9101589210,19.4942,0.001577,athlete
891f99cce6fffff,891f99cddb7ffff,9154957419,9101607422,13.0206,0.271567,athlete
891f99cce7bffff,891f99cca9bffff,8992468945,2494994075,15.2977,0.130305,athlete
891f99cce7bffff,891f99ccac3ffff,8992468945,9534410437,12.8639,0.282581,athlete
891f99cce7bffff,891f99ccacbffff,8992468945,9621184875,17.7161,0.031833,athlete
891f99cce7bffff,891f99ccacfffff,8992468945,9548007944,18.3534,0.016632,athlete
891f99cce7bffff,891f99ccad3ffff,8992468945,8922362824,9.2,0.56267,athlete
891f99cce7bffff,891f99ccad7ffff,8992468945,5497091057,13.285,0.253295,athlete
891f99cce7bffff,891f99ccadbffff,8992468945,2542799121,14.4778,0.176604,athlete
891f99cce7bffff,891f99cce4bffff,8992468945,3217982537,13.3671,0.247709,athlete
891f99cce7bffff,891f99cce4fffff,8992468945,4843310476,9.7894,0.516537,athlete
891f99cce7bffff,891f99cce6bffff,8992468945,3857473458,5.6765,0.814062,athlete
891f99cce7bffff,891f99cce6fffff,8992468945,9154957419,11.2326,0.403793,athlete
891f99cce7bffff,891f99cce7bffff,8992468945,8992468945,3.6174,0.921432,athlete
891f99cce7bffff,891f99cdd17ffff,8992468945,774074162,18.9718,0.006508,athlete
891f99cce7bffff,891f99cdd33ffff,8992468945,6497354633,17.4031,0.041025,athlete
891f99cce7bffff,891f99cdd37ffff,8992468945,9532724067,19.1985,0.003958,athlete
891f99cce7bffff,891f99cdd87ffff,8992468945,3857356857,18.2738,0.018269,athlete
891f99cce7bffff,891f99cdd97ffff,8992468945,4456425432,18.4713,0.014347,athlete
891f99cce7bffff,891f99cdda3ffff,8992468945,6567322295,10.5478,0.45703,athlete
891f99cce7bffff,891f99cdda7ffff,8992468945,8907627801,10.3129,0.475433,athlete
891f99cce7bffff,891f99cddabffff,8992468945,7279487455,15.6534,0.112086,athlete
891f99cce7bffff,891f99cddafffff,8992468945,4942466112,13.3515,0.248763,athlete
891f99cce7bffff,891f99cddb3ffff,8992468945,9101589210,12.117,0.336781,athlete
891f99cce7bffff,891f99cddb7ffff,8992468945,9101607422,5.2267,0.840741,athlete
891f99cce7bffff,891f99cddbbffff,8992468945,2614749100,14.7085,0.162998,athlete
891f99cd803ffff,891f99cd803ffff,4554612512,4554612512,0.2063,0.999737,athlete
891f99cd803ffff,891f99cd807ffff,4554612512,6539316791,5.3781,0.831946,athlete
891f99cd803ffff,891f99cd80bffff,4554612512,9603238717,5.6673,0.814619,athlete
891f99cd803ffff,891f99cd80fffff,4554612512,9626457904,4.7559,0.866848,athlete
891f99cd803ffff,891f99cd813ffff,4554612512,7033480699,9.0812,0.571915,athlete
891f99cd803ffff,891f99cd817ffff,4554612512,7029324075,7.4792,0.692852,athlete
891f99cd803ffff,891f99cd81bffff,4554612512,9626246784,7.7088,0.67609,athlete
891f99cd803ffff,891f99cd823ffff,4554612512,262524963,13.1582,0.262005,athlete
891f99cd803ffff,891f99cd827ffff,4554612512,6541998757,15.8583,0.102133,athlete
891f99cd803ffff,891f99cd82bffff,4554612512,441965615,14.3409,0.18488,athlete
891f99cd803ffff,891f99cd82fffff,4554612512,9560281154,17.9487,0.025733,athlete
891f99cd803ffff,891f99cd833ffff,4554612512,2902864074,10.8338,0.434697,athlete
891f99cd803ffff,891f99cd837ffff,4554612512,9496654074,14.4688,0.177145,athlete
891f99cd803ffff,891f99cd83bffff,4554612512,561077793,11.2026,0.406108,athlete
891f99cd803ffff,891f99cd843ffff,4554612512,11028453999,15.7938,0.105222,athlete
891f99cd803ffff,891f99cd847ffff,4554612512,4077385704,9.6524,0.527285,athlete
891f99cd803ffff,891f99cd853ffff,4554612512,4366230372,17.1023,0.050907,athlete
891f99cd803ffff,891f99cd857ffff,4554612512,9626199074,10.4407,0.465414,athlete
891f99cd803ffff,891f99cd873ffff,4554612512,9626086167,7.2011,0.712809,athlete
891f99cd803ffff,891f99cd877ffff,4554612512,9602755803,10.2899,0.47724,athlete
891f99cd803ffff,891f99cd883ffff,4554612512,6438001453,14.9772,0.147714,athlete
891f99cd803ffff,891f99cd887ffff,4554612512,2555399289,15.2095,0.135006,athlete
891f99cd803ffff,891f99cd88bffff,4554612512,7032151748,12.4612,0.311476,athlete
891f99cd803ffff,891f99cd88fffff,4554612512,6435816272,10.547,0.457092,athlete
891f99cd803ffff,891f99cd897ffff,4554612512,9838588176,19.3704,0.002443,athlete
891f99cd803ffff,891f99cd89bffff,4554612512,9857622044,17.5614,0.036236,athlete
891f99cd803ffff,891f99cd8a3ffff,4554612512,3731973493,16.6477,0.067735,athlete
891f99cd803ffff,891f99cd8a7ffff,4554612512,13595211527,19.6921,0.000585,athlete
891f99cd803ffff,891f99cd8abffff,4554612512,29749460,11.3037,0.398325,athlete
891f99cd803ffff,891f99cd8afffff,4554612512,562679457,14.6074,0.168906,athlete
891f99cd803ffff,891f99cd8b3ffff,4554612512,9850454762,19.4791,0.001673,athlete
891f99cd803ffff,891f99cd8bbffff,4554612512,9582667284,13.0053,0.272637,athlete
891f99cd803ffff,891f99cd8c3ffff,4554612512,10095613635,13.0605,0.268783,athlete
891f99cd803ffff,891f99cd8c7ffff,4554612512,6512705470,9.4293,0.54476,athlete
891f99cd803ffff,891f99cd8cbffff,4554612512,2037315642,14.7636,0.159818,athlete
891f99cd803ffff,891f99cd8cfffff,4554612512,12843979122,11.9264,0.350997,athlete
891f99cd803ffff,891f99cd8d3ffff,4554612512,5544868327,19.9177,4.2e-05,athlete
891f99cd803ffff,891f99cd8d7ffff,4554612512,2942352020,13.9352,0.210238,athlete
891f99cd803ffff,891f99cd9cbffff,4554612512,6274583816,19.4502,0.001863,athlete
891f99cd803ffff,891f99cdb93ffff,4554612512,1929307047,19.3178,0.002868,athlete
891f99cd803ffff,891f99cdc6fffff,4554612512,2588305417,17.7083,0.032049,athlete
891f99cd803ffff,891f99cde27ffff,4554612512,307663800,18.9314,0.007028,athlete
891f99cd803ffff,891f99cde37ffff,4554612512,232890306,18.7349,0.00984,athlete
891f99cd807ffff,891f99cd803ffff,6539316791,4554612512,6.5879,0.755341,athlete
891f99cd807ffff,891f99cd807ffff,6539316791,6539316791,0.199,0.999756,athlete
891f99cd807ffff,891f99cd80bffff,6539316791,9603238717,10.121,0.490497,athlete
891f99cd807ffff,891f99cd80fffff,6539316791,9626457904,6.543,0.758364,athlete
891f99cd807ffff,891f99cd813ffff,6539316791,7033480699,10.8939,0.430026,athlete
891f99cd807ffff,891f99cd817ffff,6539316791,7029324075,5.2537,0.839187,athlete
891f99cd807ffff,891f99cd81bffff,6539316791,9626246784,10.5697,0.455316,athlete
891f99cd807ffff,891f99cd823ffff,6539316791,262524963,8.3009,0.631865,athlete
891f99cd807ffff,891f99cd827ffff,6539316791,6541998757,11.001,0.421704,athlete
891f99cd807ffff,891f99cd82bffff,6539316791,441965615,10.138,0.489165,athlete
891f99cd807ffff,891f99cd82fffff,6539316791,9560281154,13.4269,0.24366,athlete
891f99cd807ffff,891f99cd833ffff,6539316791,2902864074,5.7592,0.808981,athlete
891f99cd807ffff,891f99cd837ffff,6539316791,9496654074,9.3941,0.547516,athlete
891f99cd807ffff,891f99cd83bffff,6539316791,561077793,8.018,0.653164,athlete
891f99cd807ffff,891f99cd843ffff,6539316791,11028453999,19.8951,6.8e-05,athlete
891f99cd807ffff,891f99cd847ffff,6539316791,4077385704,14.1061,0.199408,athlete
891f99cd807ffff,891f99cd853ffff,6539316791,4366230372,19.9632,8e-06,athlete
891f99cd807ffff,891f99cd857ffff,6539316791,9626199074,14.6465,0.166616,athlete
891f99cd807ffff,891f99cd873ffff,6539316791,9626086167,11.5371,0.380449,athlete
891f99cd807ffff,891f99cd877ffff,6539316791,9602755803,8.8755,0.587859,athlete
891f99cd807ffff,891f99cd883ffff,6539316791,6438001453,16.1041,0.09074,athlete
891f99cd807ffff,891f99cd887ffff,6539316791,2555399289,13.7866,0.219829,athlete
891f99cd807ffff,891f99cd88bffff,6539316791,7032151748,14.2647,0.189548,athlete
891f99cd807ffff,891f99cd88fffff,6539316791,6435816272,11.8374,0.357688,athlete
891f99cd807ffff,891f99cd897ffff,6539316791,9838588176,19.9716,5e-06,athlete
891f99cd807ffff,891f99cd89bffff,6539316791,9857622044,19.3649,0.002486,athlete
891f99cd807ffff,891f99cd8a3ffff,6539316791,3731973493,11.573,0.377709,athlete
891f99cd807ffff,891f99cd8a7ffff,6539316791,13595211527,14.6174,0.168318,athlete
891f99cd807ffff,891f99cd8abffff,6539316791,29749460,6.229,0.779156,athlete
891f99cd807ffff,891f99cd8afffff,6539316791,562679457,9.5328,0.536664,athlete
891f99cd807ffff,891f99cd8b3ffff,6539316791,9850454762,14.6275,0.16773,athlete
891f99cd807ffff,891f99cd8b7ffff,6539316791,12812222615,15.8283,0.103564,athlete
891f99cd807ffff,891f99cd8bbffff,6539316791,9582667284,10.5625,0.455877,athlete
891f99cd807ffff,891f99cd8c3ffff,6539316791,10095613635,15.8511,0.102478,athlete
891f99cd807ffff,891f99cd8c7ffff,6539316791,6512705470,12.2199,0.329161,athlete
891f99cd807ffff,891f99cd8cbffff,6539316791,2037315642,17.6245,0.034408,athlete
891f99cd807ffff,891f99cd8cfffff,6539316791,12843979122,14.7873,0.158453,athlete
891f99cd807ffff,891f99cd8d7ffff,6539316791,2942352020,15.765,0.106611,athlete
891f99cd807ffff,891f99cd94bffff,6539316791,1736732466,19.7086,0.000524,athlete
891f99cd807ffff,891f99cd953ffff,6539316791,4228945737,15.4546,0.122123,athlete
891f99cd807ffff,891f99cd95bffff,6539316791,9317583344,16.436,0.076326,athlete
891f99cd807ffff,891f99cd9cbffff,6539316791,6274583816,14.3756,0.182769,athlete
891f99cd807ffff,891f99cd9cfffff,6539316791,6264079131,18.4452,0.014839,athlete
891f99cd807ffff,891f99cd9d3ffff,6539316791,6306034549,19.8892,7.6e-05,athlete
891f99cd807ffff,891f99cd9dbffff,6539316791,6251697193,15.6668,0.111419,athlete
891f99cd807ffff,891f99cdb93ffff,6539316791,1929307047,15.1149,0.140124,athlete
891f99cd807ffff,891f99cdb97ffff,6539316791,9343359784,17.8395,0.028517,athlete
891f99cd807ffff,891f99cdc6fffff,6539316791,2588305417,19.5381,0.001316,athlete
891f99cd807ffff,891f99cdd4bffff,6539316791,7023815414,17.9794,0.024974,athlete
891f99cd807ffff,891f99cdd4fffff,6539316791,27653866,17.7243,0.031606,athlete
891f99cd807ffff,891f99cdd6bffff,6539316791,6293459375,18.5734,0.012502,athlete
891f99cd80bffff,891f99cd803ffff,9603238717,4554612512,6.9903,0.727677,athlete
891f99cd80bffff,891f99cd807ffff,9603238717,6539316791,10.3898,0.469407,athlete
891f99cd80bffff,891f99cd80bffff,9603238717,9603238717,0.0744,0.999966,athlete
891f99cd80bffff,891f99cd80fffff,9603238717,9626457904,4.3461,0.887939,athlete
891f99cd80bffff,891f99cd813ffff,9603238717,7033480699,10.9746,0.423757,athlete
891f99cd80bffff,891f99cd817ffff,9603238717,7029324075,11.0156,0.420571,athlete
891f99cd80bffff,891f99cd81bffff,9603238717,9626246784,7.0268,0.725119,athlete
891f99cd80bffff,891f99cd823ffff,9603238717,262524963,14.3908,0.181845,athlete
891f99cd80bffff,891f99cd827ffff,9603238717,6541998757,18.7701,0.009301,athlete
891f99cd80bffff,891f99cd82bffff,9603238717,441965615,13.7747,0.220605,athlete
891f99cd80bffff,891f99cd82fffff,9603238717,9560281154,17.3825,0.041671,athlete
891f99cd80bffff,891f99cd833ffff,9603238717,2902864074,14.7365,0.16138,athlete
891f99cd80bffff,891f99cd837ffff,9603238717,9496654074,18.5372,0.013142,athlete
891f99cd80bffff,891f99cd83bffff,9603238717,561077793,10.9484,0.425788,athlete
891f99cd80bffff,891f99cd843ffff,9603238717,11028453999,10.2468,0.480622,athlete
891f99cd80bffff,891f99cd847ffff,9603238717,4077385704,4.1783,0.896119,athlete
891f99cd80bffff,891f99cd853ffff,9603238717,4366230372,12.1707,0.332802,athlete
891f99cd80bffff,891f99cd857ffff,9603238717,9626199074,5.0172,0.852597,athlete
891f99cd80bffff,891f99cd85bffff,9603238717,2781457861,17.4074,0.040893,athlete
891f99cd80bffff,891f99cd873ffff,9603238717,9626086167,5.2735,0.838044,athlete
891f99cd80bffff,891f99cd877ffff,9603238717,9602755803,9.7237,0.521694,athlete
891f99cd80bffff,891f99cd883ffff,9603238717,6438001453,17.4358,0.040014,athlete
891f99cd80bffff,891f99cd887ffff,9603238717,2555399289,17.8319,0.028718,athlete
891f99cd80bffff,891f99cd88bffff,9603238717,7032151748,14.5987,0.169423,athlete
891f99cd80bffff,891f99cd88fffff,9603238717,6435816272,13.1483,0.262692,athlete
891f99cd80bffff,891f99cd89bffff,9603238717,9857622044,19.6989,0.000559,athlete
891f99cd80bffff,891f99cd8abffff,9603238717,29749460,15.4526,0.122225,athlete
891f99cd80bffff,891f99cd8afffff,9603238717,562679457,18.7564,0.00951,athlete
891f99cd80bffff,891f99cd8bbffff,9603238717,9582667284,15.6276,0.113363,athlete
891f99cd80bffff,891f99cd8c3ffff,9603238717,10095613635,13.6696,0.22749,athlete
891f99cd80bffff,891f99cd8c7ffff,9603238717,6512705470,10.6742,0.447144,athlete
891f99cd80bffff,891f99cd8cbffff,9603238717,2037315642,13.3862,0.24641,athlete
891f99cd80bffff,891f99cd8cfffff,9603238717,12843979122,9.1817,0.564093,athlete
891f99cd80bffff,891f99cd8d7ffff,9603238717,2942352020,15.6888,0.110337,athlete
891f99cd80bffff,891f99cdb93ffff,9603238717,1929307047,18.7516,0.009583,athlete
891f99cd80bffff,891f99cdc6fffff,9603238717,2588305417,19.6016,0.000979,athlete
891f99cd80bffff,891f99cde27ffff,9603238717,307663800,15.0761,0.142245,athlete
891f99cd80bffff,891f99cde37ffff,9603238717,232890306,17.3576,0.042456,athlete
891f99cd80fffff,891f99cd803ffff,9626457904,4554612512,6.0914,0.788055,athlete
891f99cd80fffff,891f99cd807ffff,9626457904,6539316791,6.8084,0.740298,athlete
891f99cd80fffff,891f99cd80bffff,9626457904,9603238717,4.4473,0.882877,athlete
891f99cd80fffff,891f99cd80fffff,9626457904,9626457904,0.625,0.997593,athlete
891f99cd80fffff,891f99cd813ffff,9626457904,7033480699,14.0708,0.201628,athlete
891f99cd80fffff,891f99cd817ffff,9626457904,7029324075,10.0792,0.49378,athlete
891f99cd80fffff,891f99cd81bffff,9626457904,9626246784,11.3376,0.395717,athlete
891f99cd80fffff,891f99cd823ffff,9626457904,262524963,10.8094,0.436599,athlete
891f99cd80fffff,891f99cd827ffff,9626457904,6541998757,15.1888,0.136119,athlete
891f99cd80fffff,891f99cd82bffff,9626457904,441965615,10.5593,0.456131,athlete
891f99cd80fffff,891f99cd82fffff,9626457904,9560281154,14.1671,0.195594,athlete
891f99cd80fffff,891f99cd833ffff,9626457904,2902864074,11.1551,0.409775,athlete
891f99cd80fffff,891f99cd837ffff,9626457904,9496654074,14.9558,0.148909,athlete
891f99cd80fffff,891f99cd83bffff,9626457904,561077793,7.367,0.700947,athlete
891f99cd80fffff,891f99cd843ffff,9626457904,11028453999,14.5683,0.171214,athlete
891f99cd80fffff,891f99cd847ffff,9626457904,4077385704,8.427,0.622292,athlete
891f99cd80fffff,891f99cd853ffff,9626457904,4366230372,16.4815,0.074443,athlete
891f99cd80fffff,891f99cd857ffff,9626457904,9626199074,9.328,0.552681,athlete
891f99cd80fffff,891f99cd873ffff,9626457904,9626086167,5.619,0.817559,athlete
891f99cd80fffff,891f99cd877ffff,9626457904,9602755803,7.218,0.711609,athlete
891f99cd80fffff,891f99cd883ffff,9626457904,6438001453,19.9668,7e-06,athlete
891f99cd80fffff,891f99cd887ffff,9626457904,2555399289,18.6147,0.011791,athlete
891f99cd80fffff,891f99cd88bffff,9626457904,7032151748,17.4508,0.039552,athlete
891f99cd80fffff,891f99cd88fffff,9626457904,6435816272,15.5366,0.117936,athlete
891f99cd80fffff,891f99cd8a3ffff,9626457904,3731973493,17.2153,0.047077,athlete
891f99cd80fffff,891f99cd8abffff,9626457904,29749460,11.8712,0.35514,athlete
891f99cd80fffff,891f99cd8afffff,9626457904,562679457,15.175,0.136862,athlete
891f99cd80fffff,891f99cd8bbffff,9626457904,9582667284,15.7107,0.109261,athlete
891f99cd80fffff,891f99cd8c3ffff,9626457904,10095613635,17.9804,0.024951,athlete
891f99cd80fffff,891f99cd8c7ffff,9626457904,6512705470,14.4189,0.180143,athlete
891f99cd80fffff,891f99cd8cbffff,9626457904,2037315642,17.697,0.03236,athlete
891f99cd80fffff,891f99cd8cfffff,9626457904,12843979122,13.4925,0.239253,athlete
891f99cd80fffff,891f99cd8d7ffff,9626457904,2942352020,18.9248,0.007114,athlete
891f99cd80fffff,891f99cd953ffff,9626457904,4228945737,19.6423,0.000789,athlete
891f99cd80fffff,891f99cd95bffff,9626457904,9317583344,18.4515,0.014719,athlete
891f99cd80fffff,891f99cd9cbffff,9626457904,6274583816,19.9373,2.4e-05,athlete
891f99cd80fffff,891f99cdb93ffff,9626457904,1929307047,15.5362,0.117956,athlete
891f99cd80fffff,891f99cdb97ffff,9626457904,9343359784,18.9958,0.006207,athlete
891f99cd80fffff,891f99cde27ffff,9626457904,307663800,19.3869,0.002317,athlete
891f99cd813ffff,891f99cd803ffff,7033480699,4554612512,8.8676,0.588472,athlete
891f99cd813ffff,891f99cd807ffff,7033480699,6539316791,10.4744,0.462773,athlete
891f99cd813ffff,891f99cd80bffff,7033480699,9603238717,10.7134,0.444087,athlete
891f99cd813ffff,891f99cd80fffff,7033480699,9626457904,12.4114,0.315108,athlete
891f99cd813ffff,891f99cd813ffff,7033480699,7033480699,1.8567,0.978885,athlete
891f99cd813ffff,891f99cd817ffff,7033480699,7029324075,9.2327,0.560121,athlete
891f99cd813ffff,891f99cd81bffff,7033480699,9626246784,8.9943,0.578661,athlete
891f99cd813ffff,891f99cd823ffff,7033480699,262524963,18.5764,0.012449,athlete
891f99cd813ffff,891f99cd833ffff,7033480699,2902864074,15.2426,0.133236,athlete
891f99cd813ffff,891f99cd837ffff,7033480699,9496654074,18.2871,0.01799,athlete
891f99cd813ffff,891f99cd83bffff,7033480699,561077793,17.4605,0.039258,athlete
891f99cd813ffff,891f99cd843ffff,7033480699,11028453999,18.3197,0.017315,athlete
891f99cd813ffff,891f99cd847ffff,7033480699,4077385704,14.8173,0.156736,athlete
891f99cd813ffff,891f99cd853ffff,7033480699,4366230372,18.3865,0.015974,athlete
891f99cd813ffff,891f99cd857ffff,7033480699,9626199074,13.071,0.268048,athlete
891f99cd813ffff,891f99cd873ffff,7033480699,9626086167,14.9823,0.147433,athlete
891f99cd813ffff,891f99cd877ffff,7033480699,9602755803,17.9454,0.025815,athlete
891f99cd813ffff,891f99cd883ffff,7033480699,6438001453,8.8302,0.591358,athlete
891f99cd813ffff,891f99cd887ffff,7033480699,2555399289,11.788,0.361408,athlete
891f99cd813ffff,891f99cd88bffff,7033480699,7032151748,5.4808,0.825867,athlete
891f99cd813ffff,891f99cd88fffff,7033480699,6435816272,6.6407,0.751764,athlete
891f99cd813ffff,891f99cd893ffff,7033480699,582942526,17.5215,0.037416,athlete
891f99cd813ffff,891f99cd897ffff,7033480699,9838588176,15.1888,0.136119,athlete
891f99cd813ffff,891f99cd89bffff,7033480699,9857622044,10.581,0.45443,athlete
891f99cd813ffff,891f99cd8a3ffff,7033480699,3731973493,16.3317,0.080736,athlete
891f99cd813ffff,891f99cd8abffff,7033480699,29749460,14.5769,0.170705,athlete
891f99cd813ffff,891f99cd8afffff,7033480699,562679457,16.8466,0.060096,athlete
891f99cd813ffff,891f99cd8b3ffff,7033480699,9850454762,17.3919,0.041376,athlete
891f99cd813ffff,891f99cd8b7ffff,7033480699,12812222615,19.381,0.002361,athlete
891f99cd813ffff,891f99cd8bbffff,7033480699,9582667284,10.918,0.428148,athlete
891f99cd813ffff,891f99cd8c3ffff,7033480699,10095613635,11.3728,0.393015,athlete
891f99cd813ffff,891f99cd8c7ffff,7033480699,6512705470,10.5686,0.455403,athlete
891f99cd813ffff,891f99cd8cbffff,7033480699,2037315642,15.3783,0.126073,athlete
891f99cd813ffff,891f99cd8cfffff,7033480699,12843979122,13.2106,0.258394,athlete
891f99cd813ffff,891f99cd8d3ffff,7033480699,5544868327,15.5383,0.11785,athlete
891f99cd813ffff,891f99cd8d7ffff,7033480699,2942352020,8.8041,0.593376,athlete
891f99cd813ffff,891f99cd8dbffff,7033480699,5507478284,16.0298,0.09412,athlete
891f99cd813ffff,891f99cdc2bffff,7033480699,6462134755,17.1508,0.049244,athlete
891f99cd813ffff,891f99cdc2fffff,7033480699,3735457859,17.6711,0.033084,athlete
891f99cd813ffff,891f99cdc63ffff,7033480699,7017551862,16.6241,0.068669,athlete
891f99cd813ffff,891f99cdc67ffff,7033480699,3178411584,14.6231,0.167988,athlete
891f99cd813ffff,891f99cdc6bffff,7033480699,267240657,16.3137,0.081507,athlete
891f99cd813ffff,891f99cdc6fffff,7033480699,2588305417,12.4175,0.314661,athlete
891f99cd813ffff,891f99cdc73ffff,7033480699,6439049534,19.6203,0.000889,athlete
891f99cd813ffff,891f99cdc77ffff,7033480699,1531554258,18.9294,0.007054,athlete
891f99cd813ffff,891f99cdd4bffff,7033480699,7023815414,15.8663,0.101752,athlete
891f99cd813ffff,891f99cdd5bffff,7033480699,7019773672,19.948,1.7e-05,athlete
891f99cd813ffff,891f99cde37ffff,7033480699,232890306,19.7434,0.000406,athlete
891f99cd817ffff,891f99cd803ffff,7029324075,4554612512,8.4944,0.61715,athlete
891f99cd817ffff,891f99cd807ffff,7029324075,6539316791,5.2931,0.836905,athlete
891f99cd817ffff,891f99cd80bffff,7029324075,9603238717,11.7872,0.361472,athlete
891f99cd817ffff,891f99cd80fffff,7029324075,9626457904,9.6328,0.528823,athlete
891f99cd817ffff,891f99cd813ffff,7029324075,7033480699,10.2978,0.476622,athlete
891f99cd817ffff,891f99cd817ffff,7029324075,7029324075,0.6122,0.99769,athlete
891f99cd817ffff,891f99cd81bffff,7029324075,9626246784,10.5964,0.453226,athlete
891f99cd817ffff,891f99cd823ffff,7029324075,262524963,13.3951,0.245809,athlete
891f99cd817ffff,891f99cd827ffff,7029324075,6541998757,16.0952,0.091142,athlete
891f99cd817ffff,891f99cd82bffff,7029324075,441965615,15.2321,0.133792,athlete
891f99cd817ffff,891f99cd82fffff,7029324075,9560281154,18.5211,0.013431,athlete
891f99cd817ffff,891f99cd833ffff,7029324075,2902864074,9.9909,0.500715,athlete
891f99cd817ffff,891f99cd837ffff,7029324075,9496654074,12.3241,0.32149,athlete
891f99cd817ffff,891f99cd83bffff,7029324075,561077793,12.3614,0.318762,athlete
891f99cd817ffff,891f99cd843ffff,7029324075,11028453999,19.9219,3.8e-05,athlete
891f99cd817ffff,891f99cd847ffff,7029324075,4077385704,15.8224,0.103847,athlete
891f99cd817ffff,891f99cd853ffff,7029324075,4366230372,19.9886,1e-06,athlete
891f99cd817ffff,891f99cd857ffff,7029324075,9626199074,14.6732,0.165055,athlete
891f99cd817ffff,891f99cd873ffff,7029324075,9626086167,14.6091,0.168809,athlete
891f99cd817ffff,891f99cd877ffff,7029324075,9602755803,12.8741,0.281862,athlete
891f99cd817ffff,891f99cd883ffff,7029324075,6438001453,11.4764,0.385083,athlete
891f99cd817ffff,891f99cd887ffff,7029324075,2555399289,9.1589,0.565871,athlete
891f99cd817ffff,891f99cd88bffff,7029324075,7032151748,12.9605,0.275772,athlete
891f99cd817ffff,891f99cd88fffff,7029324075,6435816272,7.2096,0.712204,athlete
891f99cd817ffff,891f99cd897ffff,7029324075,9838588176,15.3439,0.127873,athlete
891f99cd817ffff,891f99cd89bffff,7029324075,9857622044,16.4123,0.077318,athlete
891f99cd817ffff,891f99cd8a3ffff,7029324075,3731973493,11.3107,0.397784,athlete
891f99cd817ffff,891f99cd8a7ffff,7029324075,13595211527,14.4246,0.179801,athlete
891f99cd817ffff,891f99cd8abffff,7029324075,29749460,7.395,0.698934,athlete
891f99cd817ffff,891f99cd8afffff,7029324075,562679457,10.1376,0.489195,athlete
891f99cd817ffff,891f99cd8b3ffff,7029324075,9850454762,13.1023,0.265876,athlete
891f99cd817ffff,891f99cd8b7ffff,7029324075,12812222615,15.0914,0.141405,athlete
891f99cd817ffff,891f99cd8bbffff,7029324075,9582667284,6.6284,0.752597,athlete
891f99cd817ffff,891f99cd8c3ffff,7029324075,10095613635,15.8019,0.104833,athlete
891f99cd817ffff,891f99cd8c7ffff,7029324075,6512705470,12.1707,0.332796,athlete
891f99cd817ffff,891f99cd8cbffff,7029324075,2037315642,17.6499,0.033684,athlete
891f99cd817ffff,891f99cd8cfffff,7029324075,12843979122,14.8127,0.156998,athlete
891f99cd817ffff,891f99cd8d7ffff,7029324075,2942352020,15.49,0.12031,athlete
891f99cd817ffff,891f99cd9cbffff,7029324075,6274583816,18.6073,0.011917,athlete
891f99cd817ffff,891f99cd9d3ffff,7029324075,6306034549,19.6964,0.000568,athlete
891f99cd817ffff,891f99cd9dbffff,7029324075,6251697193,16.5545,0.071458,athlete
891f99cd817ffff,891f99cdc2fffff,7029324075,3735457859,19.3387,0.002696,athlete
891f99cd817ffff,891f99cdc67ffff,7029324075,3178411584,19.6222,0.00088,athlete
891f99cd817ffff,891f99cdc6fffff,7029324075,2588305417,18.9737,0.006483,athlete
891f99cd817ffff,891f99cdd43ffff,7029324075,4912632765,19.4973,0.001558,athlete
891f99cd817ffff,891f99cdd4bffff,7029324075,7023815414,13.8793,0.21383,athlete
891f99cd817ffff,891f99cdd4fffff,7029324075,27653866,16.9185,0.05744,athlete
891f99cd817ffff,891f99cdd5bffff,7029324075,7019773672,18.9255,0.007104,athlete
891f99cd817ffff,891f99cdd6bffff,7029324075,6293459375,18.3805,0.016091,athlete
891f99cd81bffff,891f99cd803ffff,9626246784,4554612512,7.1152,0.718896,athlete
891f99cd81bffff,891f99cd807ffff,9626246784,6539316791,9.6416,0.528137,athlete
891f99cd81bffff,891f99cd80bffff,9626246784,9603238717,5.5504,0.821701,athlete
891f99cd81bffff,891f99cd80fffff,9626246784,9626457904,9.6716,0.525783,athlete
891f99cd81bffff,891f99cd813ffff,9626246784,7033480699,8.6243,0.60721,athlete
891f99cd81bffff,891f99cd817ffff,9626246784,7029324075,9.2279,0.560492,athlete
891f99cd81bffff,891f99cd81bffff,9626246784,9626246784,1.1305,0.992137,athlete
891f99cd81bffff,891f99cd823ffff,9626246784,262524963,17.4979,0.038123,athlete
891f99cd81bffff,891f99cd82bffff,9626246784,441965615,18.9003,0.007441,athlete
891f99cd81bffff,891f99cd833ffff,9626246784,2902864074,14.9746,0.147862,athlete
891f99cd81bffff,891f99cd837ffff,9626246784,9496654074,18.2684,0.018381,athlete
891f99cd81bffff,891f99cd83bffff,9626246784,561077793,15.7081,0.109388,athlete
891f99cd81bffff,891f99cd843ffff,9626246784,11028453999,10.4613,0.463804,athlete
891f99cd81bffff,891f99cd847ffff,9626246784,4077385704,8.1014,0.646915,athlete
891f99cd81bffff,891f99cd853ffff,9626246784,4366230372,10.6832,0.446443,athlete
891f99cd81bffff,891f99cd857ffff,9626246784,9626199074,5.2073,0.841855,athlete
891f99cd81bffff,891f99cd85bffff,9626246784,2781457861,15.9199,0.099219,athlete
891f99cd81bffff,891f99cd873ffff,9626246784,9626086167,10.6602,0.448241,athlete
891f99cd81bffff,891f99cd877ffff,9626246784,9602755803,15.0491,0.143729,athlete
891f99cd81bffff,891f99cd883ffff,9626246784,6438001453,15.5941,0.115038,athlete
891f99cd81bffff,891f99cd887ffff,9626246784,2555399289,15.9902,0.095944,athlete
891f99cd81bffff,891f99cd88bffff,9626246784,7032151748,12.2484,0.327061,athlete
891f99cd81bffff,891f99cd88fffff,9626246784,6435816272,11.3066,0.398098,athlete
891f99cd81bffff,891f99cd89bffff,9626246784,9857622044,16.3344,0.080619,athlete
891f99cd81bffff,891f99cd8a3ffff,9626246784,3731973493,18.9385,0.006935,athlete
891f99cd81bffff,891f99cd8abffff,9626246784,29749460,14.5583,0.171809,athlete
891f99cd81bffff,891f99cd8afffff,9626246784,562679457,17.8914,0.027176,athlete
891f99cd81bffff,891f99cd8bbffff,9626246784,9582667284,13.786,0.219869,athlete
891f99cd81bffff,891f99cd8c3ffff,9626246784,10095613635,8.8135,0.592646,athlete
891f99cd81bffff,891f99cd8c7ffff,9626246784,6512705470,5.1824,0.843281,athlete
891f99cd81bffff,891f99cd8cbffff,9626246784,2037315642,10.3084,0.475786,athlete
891f99cd81bffff,891f99cd8cfffff,9626246784,12843979122,7.4085,0.69796,athlete
891f99cd81bffff,891f99cd8d3ffff,9626246784,5544868327,15.6708,0.111224,athlete
891f99cd81bffff,891f99cd8d7ffff,9626246784,2942352020,10.1969,0.484537,athlete
891f99cd81bffff,891f99cd8dbffff,9626246784,5507478284,16.0186,0.094636,athlete
891f99cd81bffff,891f99cdc63ffff,9626246784,7017551862,18.7596,0.009461,athlete
891f99cd81bffff,891f99cdc67ffff,9626246784,3178411584,19.9424,2e-05,athlete
891f99cd81bffff,891f99cdc6bffff,9626246784,267240657,16.9098,0.057759,athlete
891f99cd81bffff,891f99cdc6fffff,9626246784,2588305417,14.553,0.172121,athlete
891f99cd81bffff,891f99cde27ffff,9626246784,307663800,13.5887,0.232837,athlete
891f99cd81bffff,891f99cde37ffff,9626246784,232890306,14.2798,0.188621,athlete
891f99cd823ffff,891f99cd803ffff,262524963,4554612512,13.5212,0.237331,athlete
891f99cd823ffff,891f99cd807ffff,262524963,6539316791,8.6665,0.603967,athlete
891f99cd823ffff,891f99cd80bffff,262524963,9603238717,15.1545,0.137972,athlete
891f99cd823ffff,891f99cd80fffff,262524963,9626457904,11.4617,0.386207,athlete
891f99cd823ffff,891f99cd813ffff,262524963,7033480699,18.808,0.008739,athlete
891f99cd823ffff,891f99cd817ffff,262524963,7029324075,13.1901,0.259803,athlete
891f99cd823ffff,891f99cd81bffff,262524963,9626246784,18.0641,0.022941,athlete
891f99cd823ffff,891f99cd823ffff,262524963,262524963,0.1548,0.999852,athlete
891f99cd823ffff,891f99cd827ffff,262524963,6541998757,4.5342,0.878455,athlete
891f99cd823ffff,891f99cd82bffff,262524963,441965615,6.1214,0.786129,athlete
891f99cd823ffff,891f99cd82fffff,262524963,9560281154,5.5115,0.82404,athlete
891f99cd823ffff,891f99cd833ffff,262524963,2902864074,6.9872,0.727891,athlete
891f99cd823ffff,891f99cd837ffff,262524963,9496654074,5.6272,0.817064,athlete
891f99cd823ffff,891f99cd83bffff,262524963,561077793,5.7141,0.811759,athlete
891f99cd823ffff,891f99cd847ffff,262524963,4077385704,18.2955,0.017814,athlete
891f99cd823ffff,891f99cd857ffff,262524963,9626199074,19.9761,4e-06,athlete
891f99cd823ffff,891f99cd873ffff,262524963,9626086167,14.6341,0.167339,athlete
891f99cd823ffff,891f99cd877ffff,262524963,9602755803,10.9317,0.427088,athlete
891f99cd823ffff,891f99cd88fffff,262524963,6435816272,19.7738,0.000316,athlete
891f99cd823ffff,891f99cd8a3ffff,262524963,3731973493,16.1567,0.088382,athlete
891f99cd823ffff,891f99cd8a7ffff,262524963,13595211527,14.7889,0.15836,athlete
891f99cd823ffff,891f99cd8abffff,262524963,29749460,10.5889,0.453817,athlete
891f99cd823ffff,891f99cd8afffff,262524963,562679457,10.1791,0.485935,athlete
891f99cd823ffff,891f99cd8b7ffff,262524963,12812222615,19.1872,0.00407,athlete
891f99cd823ffff,891f99cd8bbffff,262524963,9582667284,16.825,0.060906,athlete
891f99cd823ffff,891f99cd8c7ffff,262524963,6512705470,19.7375,0.000425,athlete
891f99cd823ffff,891f99cd91bffff,262524963,11343319274,18.6322,0.011496,athlete
891f99cd823ffff,891f99cd943ffff,262524963,4864904047,13.8607,0.215025,athlete
891f99cd823ffff,891f99cd947ffff,262524963,9340804810,16.994,0.054711,athlete
891f99cd823ffff,891f99cd94bffff,262524963,1736732466,12.3811,0.31732,athlete
891f99cd823ffff,891f99cd94fffff,262524963,9340898284,17.1714,0.048549,athlete
891f99cd823ffff,891f99cd953ffff,262524963,4228945737,8.9877,0.579169,athlete
891f99cd823ffff,891f99cd957ffff,262524963,9560549610,14.5963,0.16956,athlete
891f99cd823ffff,891f99cd95bffff,262524963,9317583344,9.2031,0.562428,athlete
891f99cd823ffff,891f99cd9c3ffff,262524963,9853522590,17.1854,0.048077,athlete
891f99cd823ffff,891f99cd9c7ffff,262524963,7033787067,18.9769,0.006443,athlete
891f99cd823ffff,891f99cd9cbffff,262524963,6274583816,10.0788,0.493812,athlete
891f99cd823ffff,891f99cd9cfffff,262524963,6264079131,13.6827,0.226625,athlete
891f99cd823ffff,891f99cd9d3ffff,262524963,6306034549,16.4589,0.075374,athlete
891f99cd823ffff,891f99cd9d7ffff,262524963,6219063996,19.8711,0.000102,athlete
891f99cd823ffff,891f99cd9dbffff,262524963,6251697193,12.1539,0.33404,athlete
891f99cd823ffff,891f99cdb93ffff,262524963,1929307047,7.2654,0.708234,athlete
891f99cd823ffff,891f99cdb97ffff,262524963,9343359784,10.5121,0.459826,athlete
891f99cd823ffff,891f99cdd6bffff,262524963,6293459375,18.7449,0.009686,athlete
891f99cd827ffff,891f99cd803ffff,6541998757,4554612512,16.9167,0.057505,athlete
891f99cd827ffff,891f99cd807ffff,6541998757,6539316791,12.062,0.340868,athlete
891f99cd827ffff,891f99cd80bffff,6541998757,9603238717,19.6622,0.000704,athlete
891f99cd827ffff,891f99cd80fffff,6541998757,9626457904,16.0842,0.091641,athlete
891f99cd827ffff,891f99cd817ffff,6541998757,7029324075,16.0438,0.093481,athlete
891f99cd827ffff,891f99cd823ffff,6541998757,262524963,4.7774,0.865697,athlete
891f99cd827ffff,891f99cd827ffff,6541998757,6541998757,1.2577,0.990274,athlete
891f99cd827ffff,891f99cd82bffff,6541998757,441965615,9.1911,0.563362,athlete
891f99cd827ffff,891f99cd82fffff,6541998757,9560281154,6.4392,0.765309,athlete
891f99cd827ffff,891f99cd833ffff,6541998757,2902864074,9.0738,0.572489,athlete
891f99cd827ffff,891f99cd837ffff,6541998757,9496654074,5.0331,0.851709,athlete
891f99cd827ffff,891f99cd83bffff,6541998757,561077793,10.3366,0.473573,athlete
891f99cd827ffff,891f99cd873ffff,6541998757,9626086167,19.2316,0.003637,athlete
891f99cd827ffff,891f99cd877ffff,6541998757,9602755803,15.5292,0.118313,athlete
891f99cd827ffff,891f99cd8a3ffff,6541998757,3731973493,16.0066,0.095187,athlete
891f99cd827ffff,891f99cd8a7ffff,6541998757,13595211527,13.1821,0.260354,athlete
891f99cd827ffff,891f99cd8abffff,6541998757,29749460,12.7978,0.287268,athlete
891f99cd827ffff,891f99cd8afffff,6541998757,562679457,10.3874,0.469589,athlete
891f99cd827ffff,891f99cd8b7ffff,6541998757,12812222615,17.8374,0.028573,athlete
891f99cd827ffff,891f99cd8bbffff,6541998757,9582667284,19.0339,0.005747,athlete
891f99cd827ffff,891f99cd90bffff,6541998757,9612610494,17.0247,0.053619,athlete
891f99cd827ffff,891f99cd913ffff,6541998757,4228814167,19.4355,0.001964,athlete
891f99cd827ffff,891f99cd91bffff,6541998757,11343319274,15.3558,0.127252,athlete
891f99cd827ffff,891f99cd943ffff,6541998757,4864904047,11.0977,0.414212,athlete
891f99cd827ffff,891f99cd947ffff,6541998757,9340804810,13.9096,0.211878,athlete
891f99cd827ffff,891f99cd94bffff,6541998757,1736732466,10.2596,0.47962,athlete
891f99cd827ffff,891f99cd94fffff,6541998757,9340898284,14.7548,0.16032,athlete
891f99cd827ffff,891f99cd953ffff,6541998757,4228945737,5.7113,0.811929,athlete
891f99cd827ffff,891f99cd957ffff,6541998757,9560549610,11.3199,0.397078,athlete
891f99cd827ffff,891f99cd95bffff,6541998757,9317583344,6.987,0.727901,athlete
891f99cd827ffff,891f99cd973ffff,6541998757,2480553393,19.5573,0.001209,athlete
891f99cd827ffff,891f99cd97bffff,6541998757,13506766820,17.8809,0.027444,athlete
891f99cd827ffff,891f99cd98bffff,6541998757,6276210975,19.0721,0.005302,athlete
891f99cd827ffff,891f99cd9c3ffff,6541998757,9853522590,14.4532,0.17808,athlete
891f99cd827ffff,891f99cd9c7ffff,6541998757,7033787067,15.7004,0.109763,athlete
891f99cd827ffff,891f99cd9cbffff,6541998757,6274583816,6.8068,0.740406,athlete
891f99cd827ffff,891f99cd9cfffff,6541998757,6264079131,10.4063,0.468114,athlete
891f99cd827ffff,891f99cd9d3ffff,6541998757,6306034549,13.845,0.216045,athlete
891f99cd827ffff,891f99cd9d7ffff,6541998757,6219063996,16.7092,0.065326,athlete
891f99cd827ffff,891f99cd9dbffff,6541998757,6251697193,9.5399,0.536102,athlete
891f99cd827ffff,891f99cdb93ffff,6541998757,1929307047,10.3351,0.473696,athlete
891f99cd827ffff,891f99cdb97ffff,6541998757,9343359784,8.3905,0.625065,athlete
891f99cd827ffff,891f99cdd6bffff,6541998757,6293459375,17.1381,0.049679,athlete
891f99cd827ffff,891f99cdd6fffff,6541998757,1831777965,19.1351,0.004607,athlete
891f99cd82bffff,891f99cd803ffff,441965615,4554612512,15.8204,0.103943,athlete
891f99cd82bffff,891f99cd807ffff,441965615,6539316791,11.0472,0.418127,athlete
891f99cd82bffff,891f99cd80bffff,441965615,9603238717,14.1766,0.195001,athlete
891f99cd82bffff,891f99cd80fffff,441965615,9626457904,10.4838,0.46204,athlete
891f99cd82bffff,891f99cd817ffff,441965615,7029324075,15.5811,0.115693,athlete
891f99cd82bffff,891f99cd823ffff,441965615,262524963,6.6582,0.750575,athlete
891f99cd82bffff,891f99cd827ffff,441965615,6541998757,10.1586,0.487548,athlete
891f99cd82bffff,891f99cd82bffff,441965615,441965615,0.495,0.998489,athlete
891f99cd82bffff,891f99cd82fffff,441965615,9560281154,5.1894,0.842879,athlete
891f99cd82bffff,891f99cd833ffff,441965615,2902864074,9.4095,0.546312,athlete
891f99cd82bffff,891f99cd837ffff,441965615,9496654074,11.2516,0.402334,athlete
891f99cd82bffff,891f99cd83bffff,441965615,561077793,6.1836,0.782109,athlete
891f99cd82bffff,891f99cd847ffff,441965615,4077385704,15.628,0.113343,athlete
891f99cd82bffff,891f99cd857ffff,441965615,9626199074,19.057,0.005475,athlete
891f99cd82bffff,891f99cd873ffff,441965615,9626086167,11.9567,0.348727,athlete
891f99cd82bffff,891f99cd877ffff,441965615,9602755803,8.2543,0.635397,athlete
891f99cd82bffff,891f99cd8a3ffff,441965615,3731973493,18.579,0.012404,athlete
891f99cd82bffff,891f99cd8a7ffff,441965615,13595211527,17.9648,0.025334,athlete
891f99cd82bffff,891f99cd8abffff,441965615,29749460,13.0112,0.272224,athlete
891f99cd82bffff,891f99cd8afffff,441965615,562679457,12.6014,0.301325,athlete
891f99cd82bffff,891f99cd8bbffff,441965615,9582667284,19.2473,0.003491,athlete
891f99cd82bffff,891f99cd943ffff,441965615,4864904047,14.7719,0.159338,athlete
891f99cd82bffff,891f99cd947ffff,441965615,9340804810,18.6851,0.010628,athlete
891f99cd82bffff,891f99cd94bffff,441965615,1736732466,11.718,0.366699,athlete
891f99cd82bffff,891f99cd94fffff,441965615,9340898284,16.5676,0.07093,athlete
891f99cd82bffff,891f99cd953ffff,441965615,4228945737,13.9734,0.207802,athlete
891f99cd82bffff,891f99cd957ffff,441965615,9560549610,18.2821,0.018095,athlete
891f99cd82bffff,891f99cd95bffff,441965615,9317583344,10.1142,0.491029,athlete
891f99cd82bffff,891f99cd9cbffff,441965615,6274583816,15.7032,0.109629,athlete
891f99cd82bffff,891f99cd9cfffff,441965615,6264079131,18.6189,0.01172,athlete
891f99cd82bffff,891f99cd9dbffff,441965615,6251697193,17.7783,0.030139,athlete
891f99cd82bffff,891f99cdb93ffff,441965615,1929307047,5.7208,0.811347,athlete
891f99cd82bffff,891f99cdb97ffff,441965615,9343359784,9.2518,0.558631,athlete
891f99cd82fffff,891f99cd803ffff,9560281154,4554612512,19.5698,0.001141,athlete
891f99cd82fffff,891f99cd807ffff,9560281154,6539316791,14.7151,0.16262,athlete
891f99cd82fffff,891f99cd80bffff,9560281154,9603238717,18.349,0.016721,athlete
891f99cd82fffff,891f99cd80fffff,9560281154,9626457904,14.6562,0.166048,athlete
891f99cd82fffff,891f99cd817ffff,9560281154,7029324075,19.2387,0.003571,athlete
891f99cd82fffff,891f99cd823ffff,9560281154,262524963,6.4381,0.765381,athlete
891f99cd82fffff,891f99cd827ffff,9560281154,6541998757,6.6892,0.748463,athlete
891f99cd82fffff,891f99cd82bffff,9560281154,441965615,4.9857,0.854348,athlete
891f99cd82fffff,891f99cd82fffff,9560281154,9560281154,0.4641,0.998672,athlete
891f99cd82fffff,891f99cd833ffff,9560281154,2902864074,12.4627,0.31137,athlete
891f99cd82fffff,891f99cd837ffff,9560281154,9496654074,9.8388,0.512658,athlete
891f99cd82fffff,891f99cd83bffff,9560281154,561077793,10.3559,0.472059,athlete
891f99cd82fffff,891f99cd847ffff,9560281154,4077385704,19.8004,0.000246,athlete
891f99cd82fffff,891f99cd873ffff,9560281154,9626086167,16.1291,0.089614,athlete
891f99cd82fffff,891f99cd877ffff,9560281154,9602755803,12.4267,0.313992,athlete
891f99cd82fffff,891f99cd8a7ffff,9560281154,13595211527,18.4828,0.014133,athlete
891f99cd82fffff,891f99cd8abffff,9560281154,29749460,16.6374,0.068141,athlete
891f99cd82fffff,891f99cd8afffff,9560281154,562679457,14.4359,0.179122,athlete
891f99cd82fffff,891f99cd90bffff,9560281154,9612610494,19.326,0.0028,athlete
891f99cd82fffff,891f99cd91bffff,9560281154,11343319274,19.1876,0.004066,athlete
891f99cd82fffff,891f99cd943ffff,9560281154,4864904047,10.1543,0.487882,athlete
891f99cd82fffff,891f99cd947ffff,9560281154,9340804810,14.5274,0.173641,athlete
891f99cd82fffff,891f99cd94bffff,9560281154,1736732466,7.9937,0.654978,athlete
891f99cd82fffff,891f99cd94fffff,9560281154,9340898284,12.8428,0.284074,athlete
891f99cd82fffff,891f99cd953ffff,9560281154,4228945737,9.9064,0.507349,athlete
891f99cd82fffff,891f99cd957ffff,9560281154,9560549610,14.2151,0.192609,athlete
891f99cd82fffff,891f99cd95bffff,9560281154,9317583344,5.4966,0.824926,athlete
891f99cd82fffff,891f99cd97bffff,9560281154,13506766820,17.8777,0.027527,athlete
891f99cd82fffff,891f99cd9c3ffff,9560281154,9853522590,19.8847,8.2e-05,athlete
891f99cd82fffff,891f99cd9c7ffff,9560281154,7033787067,19.7471,0.000395,athlete
891f99cd82fffff,891f99cd9cbffff,9560281154,6274583816,12.2339,0.328131,athlete
891f99cd82fffff,891f99cd9cfffff,9560281154,6264079131,14.552,0.172184,athlete
891f99cd82fffff,891f99cd9d3ffff,9560281154,6306034549,19.1725,0.004218,athlete
891f99cd82fffff,891f99cd9dbffff,9560281154,6251697193,14.8675,0.153882,athlete
891f99cd82fffff,891f99cdb93ffff,9560281154,1929307047,5.3043,0.836257,athlete
891f99cd82fffff,891f99cdb97ffff,9560281154,9343359784,5.5275,0.823081,athlete
891f99cd833ffff,891f99cd803ffff,2902864074,4554612512,11.2461,0.402754,athlete
891f99cd833ffff,891f99cd807ffff,2902864074,6539316791,5.3552,0.833285,athlete
891f99cd833ffff,891f99cd80bffff,2902864074,9603238717,14.1441,0.19703,athlete
891f99cd833ffff,891f99cd80fffff,2902864074,9626457904,10.566,0.455601,athlete
891f99cd833ffff,891f99cd813ffff,2902864074,7033480699,14.9269,0.150532,athlete
891f99cd833ffff,891f99cd817ffff,2902864074,7029324075,9.253,0.558535,athlete
891f99cd833ffff,891f99cd81bffff,2902864074,9626246784,14.8915,0.152522,athlete
891f99cd833ffff,891f99cd823ffff,2902864074,262524963,6.7336,0.745432,athlete
891f99cd833ffff,891f99cd827ffff,2902864074,6541998757,8.2548,0.635357,athlete
891f99cd833ffff,891f99cd82bffff,2902864074,441965615,8.5706,0.61132,athlete
891f99cd833ffff,891f99cd82fffff,2902864074,9560281154,10.7468,0.441479,athlete
891f99cd833ffff,891f99cd833ffff,2902864074,2902864074,0.8581,0.995465,athlete
891f99cd833ffff,891f99cd837ffff,2902864074,9496654074,5.614,0.817864,athlete
891f99cd833ffff,891f99cd83bffff,2902864074,561077793,7.5958,0.684368,athlete
891f99cd833ffff,891f99cd847ffff,2902864074,4077385704,18.1291,0.021436,athlete
891f99cd833ffff,891f99cd857ffff,2902864074,9626199074,18.9174,0.007212,athlete
891f99cd833ffff,891f99cd873ffff,2902864074,9626086167,15.5601,0.116748,athlete
891f99cd833ffff,891f99cd877ffff,2902864074,9602755803,12.6843,0.295369,athlete
891f99cd833ffff,891f99cd883ffff,2902864074,6438001453,19.9783,3e-06,athlete
891f99cd833ffff,891f99cd887ffff,2902864074,2555399289,17.4517,0.039527,athlete
891f99cd833ffff,891f99cd88bffff,2902864074,7032151748,18.2977,0.01777,athlete
891f99cd833ffff,891f99cd88fffff,2902864074,6435816272,15.7116,0.109218,athlete
891f99cd833ffff,891f99cd8a3ffff,2902864074,3731973493,12.0381,0.342649,athlete
891f99cd833ffff,891f99cd8a7ffff,2902864074,13595211527,11.5335,0.380717,athlete
891f99cd833ffff,891f99cd8abffff,2902864074,29749460,6.4703,0.763238,athlete
891f99cd833ffff,891f99cd8afffff,2902864074,562679457,6.1702,0.782977,athlete
891f99cd833ffff,891f99cd8b3ffff,2902864074,9850454762,16.7713,0.062937,athlete
891f99cd833ffff,891f99cd8b7ffff,2902864074,12812222615,15.863,0.101909,athlete
891f99cd833ffff,891f99cd8bbffff,2902864074,9582667284,12.7064,0.293787,athlete
891f99cd833ffff,891f99cd8c7ffff,2902864074,6512705470,16.4921,0.074003,athlete
891f99cd833ffff,891f99cd8cfffff,2902864074,12843979122,19.1091,0.004888,athlete
891f99cd833ffff,891f99cd8d7ffff,2902864074,2942352020,19.8114,0.000219,athlete
891f99cd833ffff,891f99cd943ffff,2902864074,4864904047,18.0031,0.024396,athlete
891f99cd833ffff,891f99cd947ffff,2902864074,9340804810,19.7182,0.00049,athlete
891f99cd833ffff,891f99cd94bffff,2902864074,1736732466,16.9623,0.055847,athlete
891f99cd833ffff,891f99cd953ffff,2902864074,4228945737,12.5955,0.301752,athlete
891f99cd833ffff,891f99cd957ffff,2902864074,9560549610,16.9275,0.057111,athlete
891f99cd833ffff,891f99cd95bffff,2902864074,9317583344,13.6898,0.226157,athlete
891f99cd833ffff,891f99cd9c3ffff,2902864074,9853522590,16.9288,0.057063,athlete
891f99cd833ffff,891f99cd9cbffff,2902864074,6274583816,10.5955,0.4533,athlete
891f99cd833ffff,891f99cd9cfffff,2902864074,6264079131,14.6651,0.165528,athlete
891f99cd833ffff,891f99cd9d3ffff,2902864074,6306034549,16.2024,0.086355,athlete
891f99cd833ffff,891f99cd9d7ffff,2902864074,6219063996,19.6146,0.000916,athlete
891f99cd833ffff,891f99cd9dbffff,2902864074,6251697193,11.8974,0.353178,athlete
891f99cd833ffff,891f99cdb93ffff,2902864074,1929307047,12.5986,0.301529,athlete
891f99cd833ffff,891f99cdb97ffff,2902864074,9343359784,15.0933,0.141302,athlete
891f99cd833ffff,891f99cdd4fffff,2902864074,27653866,19.8682,0.000107,athlete
891f99cd833ffff,891f99cdd6bffff,2902864074,6293459375,15.4895,0.120334,athlete
891f99cd833ffff,891f99cdd6fffff,2902864074,1831777965,19.6385,0.000806,athlete
891f99cd837ffff,891f99cd803ffff,9496654074,4554612512,15.6829,0.110624,athlete
891f99cd837ffff,891f99cd807ffff,9496654074,6539316791,9.7609,0.518777,athlete
891f99cd837ffff,891f99cd80bffff,9496654074,9603238717,18.5809,0.012371,athlete
891f99cd837ffff,891f99cd80fffff,9496654074,9626457904,15.0029,0.146287,athlete
891f99cd837ffff,891f99cd813ffff,9496654074,7033480699,18.4554,0.014646,athlete
891f99cd837ffff,891f99cd817ffff,9496654074,7029324075,11.4243,0.389067,athlete
891f99cd837ffff,891f99cd81bffff,9496654074,9626246784,18.4463,0.014816,athlete
891f99cd837ffff,891f99cd823ffff,9496654074,262524963,5.1364,0.8459,athlete
891f99cd837ffff,891f99cd827ffff,9496654074,6541998757,4.99,0.854109,athlete
891f99cd837ffff,891f99cd82bffff,9496654074,441965615,9.6167,0.530088,athlete
891f99cd837ffff,891f99cd82fffff,9496654074,9560281154,8.6015,0.608958,athlete
891f99cd837ffff,891f99cd833ffff,9496654074,2902864074,6.1152,0.786526,athlete
891f99cd837ffff,891f99cd837ffff,9496654074,9496654074,0.2904,0.99948,athlete
891f99cd837ffff,891f99cd83bffff,9496654074,561077793,10.6191,0.45145,athlete
891f99cd837ffff,891f99cd873ffff,9496654074,9626086167,19.2649,0.00333,athlete
891f99cd837ffff,891f99cd877ffff,9496654074,9602755803,15.8773,0.101229,athlete
891f99cd837ffff,891f99cd887ffff,9496654074,2555399289,19.0368,0.005712,athlete
891f99cd837ffff,891f99cd88fffff,9496654074,6435816272,17.2967,0.044406,athlete
891f99cd837ffff,891f99cd8a3ffff,9496654074,3731973493,12.4517,0.312169,athlete
891f99cd837ffff,891f99cd8a7ffff,9496654074,13595211527,10.2098,0.483529,athlete
891f99cd837ffff,891f99cd8abffff,9496654074,29749460,8.0554,0.650365,athlete
891f99cd837ffff,891f99cd8afffff,9496654074,562679457,5.6451,0.815978,athlete
891f99cd837ffff,891f99cd8b3ffff,9496654074,9850454762,18.3564,0.016571,athlete
891f99cd837ffff,891f99cd8b7ffff,9496654074,12812222615,14.608,0.168872,athlete
891f99cd837ffff,891f99cd8bbffff,9496654074,9582667284,14.2915,0.187901,athlete
891f99cd837ffff,891f99cd90bffff,9496654074,9612610494,18.315,0.017411,athlete
891f99cd837ffff,891f99cd91bffff,9496654074,11343319274,16.6461,0.067799,athlete
891f99cd837ffff,891f99cd943ffff,9496654074,4864904047,14.5405,0.172863,athlete
891f99cd837ffff,891f99cd947ffff,9496654074,9340804810,16.2054,0.086219,athlete
891f99cd837ffff,891f99cd94bffff,9496654074,1736732466,13.827,0.217207,athlete
891f99cd837ffff,891f99cd94fffff,9496654074,9340898284,17.986,0.024814,athlete
891f99cd837ffff,891f99cd953ffff,9496654074,4228945737,9.0827,0.571793,athlete
891f99cd837ffff,891f99cd957ffff,9496654074,9560549610,13.4147,0.244483,athlete
891f99cd837ffff,891f99cd95bffff,9496654074,9317583344,10.5014,0.460663,athlete
891f99cd837ffff,891f99cd98bffff,9496654074,6276210975,19.5889,0.001042,athlete
891f99cd837ffff,891f99cd9c3ffff,9496654074,9853522590,12.6057,0.301015,athlete
891f99cd837ffff,891f99cd9c7ffff,9496654074,7033787067,16.7455,0.063925,athlete
891f99cd837ffff,891f99cd9cbffff,9496654074,6274583816,7.0827,0.721187,athlete
891f99cd837ffff,891f99cd9cfffff,9496654074,6264079131,11.1523,0.40999,athlete
891f99cd837ffff,891f99cd9d3ffff,9496654074,6306034549,11.8793,0.354535,athlete
891f99cd837ffff,891f99cd9d7ffff,9496654074,6219063996,15.2915,0.130636,athlete
891f99cd837ffff,891f99cd9dbffff,9496654074,6251697193,7.5743,0.685939,athlete
891f99cd837ffff,891f99cdb93ffff,9496654074,1929307047,10.7607,0.440398,athlete
891f99cd837ffff,891f99cdb97ffff,9496654074,9343359784,11.9774,0.347182,athlete
891f99cd837ffff,891f99cdd63ffff,9496654074,9474270025,18.9972,0.00619,athlete
891f99cd837ffff,891f99cdd6bffff,9496654074,6293459375,14.1657,0.19568,athlete
891f99cd837ffff,891f99cdd6fffff,9496654074,1831777965,17.1694,0.048614,athlete
891f99cd837ffff,891f99cdd7bffff,9496654074,7026396817,19.0714,0.005309,athlete
891f99cd83bffff,891f99cd803ffff,561077793,4554612512,11.9071,0.352449,athlete
891f99cd83bffff,891f99cd807ffff,561077793,6539316791,7.7062,0.676284,athlete
891f99cd83bffff,891f99cd80bffff,561077793,9603238717,10.322,0.474719,athlete
891f99cd83bffff,891f99cd80fffff,561077793,9626457904,6.6292,0.752543,athlete
891f99cd83bffff,891f99cd813ffff,561077793,7033480699,17.5649,0.036135,athlete
891f99cd83bffff,891f99cd817ffff,561077793,7029324075,11.9573,0.348683,athlete
891f99cd83bffff,891f99cd81bffff,561077793,9626246784,16.8075,0.061562,athlete
891f99cd83bffff,891f99cd823ffff,561077793,262524963,4.324,0.889034,athlete
891f99cd83bffff,891f99cd827ffff,561077793,6541998757,8.7034,0.601136,athlete
891f99cd83bffff,891f99cd82bffff,561077793,441965615,4.6394,0.873003,athlete
891f99cd83bffff,891f99cd82fffff,561077793,9560281154,8.2472,0.635934,athlete
891f99cd83bffff,891f99cd833ffff,561077793,2902864074,6.9512,0.730402,athlete
891f99cd83bffff,891f99cd837ffff,561077793,9496654074,9.5839,0.532655,athlete
891f99cd83bffff,891f99cd83bffff,561077793,561077793,0.8816,0.995213,athlete
891f99cd83bffff,891f99cd843ffff,561077793,11028453999,19.6822,0.000623,athlete
891f99cd83bffff,891f99cd847ffff,561077793,4077385704,13.4631,0.241228,athlete
891f99cd83bffff,891f99cd857ffff,561077793,9626199074,15.1437,0.138558,athlete
891f99cd83bffff,891f99cd873ffff,561077793,9626086167,9.9259,0.505818,athlete
891f99cd83bffff,891f99cd877ffff,561077793,9602755803,6.5095,0.760614,athlete
891f99cd83bffff,891f99cd88fffff,561077793,6435816272,18.541,0.013073,athlete
891f99cd83bffff,891f99cd8a3ffff,561077793,3731973493,16.1207,0.089991,athlete
891f99cd83bffff,891f99cd8a7ffff,561077793,13595211527,15.5065,0.119464,athlete
891f99cd83bffff,891f99cd8abffff,561077793,29749460,10.5529,0.45663,athlete
891f99cd83bffff,891f99cd8afffff,561077793,562679457,10.1431,0.488758,athlete
891f99cd83bffff,891f99cd8b7ffff,561077793,12812222615,19.836,0.000166,athlete
891f99cd83bffff,891f99cd8bbffff,561077793,9582667284,16.4707,0.074887,athlete
891f99cd83bffff,891f99cd8c7ffff,561077793,6512705470,18.481,0.014166,athlete
891f99cd83bffff,891f99cd8cfffff,561077793,12843979122,19.3082,0.002949,athlete
891f99cd83bffff,891f99cd943ffff,561077793,4864904047,17.1893,0.047946,athlete
891f99cd83bffff,891f99cd94bffff,561077793,1736732466,15.4731,0.121172,athlete
891f99cd83bffff,891f99cd953ffff,561077793,4228945737,13.1569,0.262094,athlete
891f99cd83bffff,891f99cd957ffff,561077793,9560549610,18.7655,0.009371,athlete
891f99cd83bffff,891f99cd95bffff,561077793,9317583344,12.5316,0.306368,athlete
891f99cd83bffff,891f99cd9cbffff,561077793,6274583816,14.248,0.190578,athlete
891f99cd83bffff,891f99cd9cfffff,561077793,6264079131,17.8519,0.028195,athlete
891f99cd83bffff,891f99cd9dbffff,561077793,6251697193,15.8673,0.101706,athlete
891f99cd83bffff,891f99cdb93ffff,561077793,1929307047,9.6163,0.530117,athlete
891f99cd83bffff,891f99cdb97ffff,561077793,9343359784,13.0759,0.267707,athlete
891f99cd83bffff,891f99cdd6bffff,561077793,6293459375,19.4625,0.001781,athlete
891f99cd843ffff,891f99cd803ffff,11028453999,4554612512,17.1822,0.048184,athlete
891f99cd843ffff,891f99cd807ffff,11028453999,6539316791,19.9025,5.9e-05,athlete
891f99cd843ffff,891f99cd80bffff,11028453999,9603238717,10.4361,0.465774,athlete
891f99cd843ffff,891f99cd80fffff,11028453999,9626457904,14.5573,0.17187,athlete
891f99cd843ffff,891f99cd813ffff,11028453999,7033480699,18.8852,0.007646,athlete
891f99cd843ffff,891f99cd817ffff,11028453999,7029324075,19.4888,0.001611,athlete
891f99cd843ffff,891f99cd81bffff,11028453999,9626246784,11.4422,0.387695,athlete
891f99cd843ffff,891f99cd843ffff,11028453999,11028453999,2.5636,0.960005,athlete
891f99cd843ffff,891f99cd847ffff,11028453999,4077385704,9.5114,0.538337,athlete
891f99cd843ffff,891f99cd853ffff,11028453999,4366230372,10.1048,0.491771,athlete
891f99cd843ffff,891f99cd857ffff,11028453999,9626199074,6.3014,0.774422,athlete
891f99cd843ffff,891f99cd85bffff,11028453999,2781457861,15.3415,0.127999,athlete
891f99cd843ffff,891f99cd873ffff,11028453999,9626086167,12.764,0.289672,athlete
891f99cd843ffff,891f99cd877ffff,11028453999,9602755803,17.4343,0.040061,athlete
891f99cd843ffff,891f99cd8c3ffff,11028453999,10095613635,11.6184,0.374259,athlete
891f99cd843ffff,891f99cd8c7ffff,11028453999,6512705470,15.4433,0.122702,athlete
891f99cd843ffff,891f99cd8cbffff,11028453999,2037315642,11.3204,0.39704,athlete
891f99cd843ffff,891f99cd8cfffff,11028453999,12843979122,7.1305,0.717816,athlete
891f99cd843ffff,891f99cd8d3ffff,11028453999,5544868327,19.592,0.001027,athlete
891f99cd843ffff,891f99cd8d7ffff,11028453999,2942352020,17.3346,0.043188,athlete
891f99cd843ffff,891f99cd8dbffff,11028453999,5507478284,19.3554,0.002561,athlete
891f99cd843ffff,891f99cde27ffff,11028453999,307663800,13.0102,0.272288,athlete
891f99cd843ffff,891f99cde37ffff,11028453999,232890306,15.2917,0.130623,athlete
891f99cd847ffff,891f99cd803ffff,4077385704,4554612512,12.1116,0.337178,athlete
891f99cd847ffff,891f99cd807ffff,4077385704,6539316791,15.5045,0.119566,athlete
891f99cd847ffff,891f99cd80bffff,4077385704,9603238717,5.3401,0.83417,athlete
891f99cd847ffff,891f99cd80fffff,4077385704,9626457904,9.3916,0.547708,athlete
891f99cd847ffff,891f99cd813ffff,4077385704,7033480699,16.2403,0.08469,athlete
891f99cd847ffff,891f99cd817ffff,4077385704,7029324075,16.2513,0.08421,athlete
891f99cd847ffff,891f99cd81bffff,4077385704,9626246784,9.6001,0.531387,athlete
891f99cd847ffff,891f99cd823ffff,4077385704,262524963,17.5249,0.037316,athlete
891f99cd847ffff,891f99cd82bffff,4077385704,441965615,15.303,0.130024,athlete
891f99cd847ffff,891f99cd82fffff,4077385704,9560281154,18.9108,0.0073,athlete
891f99cd847ffff,891f99cd833ffff,4077385704,2902864074,19.8512,0.000137,athlete
891f99cd847ffff,891f99cd83bffff,4077385704,561077793,14.0825,0.200891,athlete
891f99cd847ffff,891f99cd843ffff,4077385704,11028453999,9.6869,0.524579,athlete
891f99cd847ffff,891f99cd847ffff,4077385704,4077385704,0.8959,0.995057,athlete
891f99cd847ffff,891f99cd853ffff,4077385704,4366230372,14.2187,0.192389,athlete
891f99cd847ffff,891f99cd857ffff,4077385704,9626199074,7.0387,0.72428,athlete
891f99cd847ffff,891f99cd85bffff,4077385704,2781457861,19.4554,0.001828,athlete
891f99cd847ffff,891f99cd873ffff,4077385704,9626086167,5.7696,0.808336,athlete
891f99cd847ffff,891f99cd877ffff,4077385704,9602755803,11.0803,0.415561,athlete
891f99cd847ffff,891f99cd88bffff,4077385704,7032151748,19.8644,0.000113,athlete
891f99cd847ffff,891f99cd88fffff,4077385704,6435816272,18.414,0.015437,athlete
891f99cd847ffff,891f99cd8c3ffff,4077385704,10095613635,15.7176,0.108923,athlete
891f99cd847ffff,891f99cd8c7ffff,4077385704,6512705470,13.6519,0.228651,athlete
891f99cd847ffff,891f99cd8cbffff,4077385704,2037315642,15.4343,0.12317,athlete
891f99cd847ffff,891f99cd8cfffff,4077385704,12843979122,11.2297,0.404018,athlete
891f99cd847ffff,891f99cd8d7ffff,4077385704,2942352020,18.6665,0.010929,athlete
891f99cd847ffff,891f99cde27ffff,4077385704,307663800,17.1241,0.050156,athlete
891f99cd847ffff,891f99cde37ffff,4077385704,232890306,19.4056,0.002178,athlete
891f99cd853ffff,891f99cd803ffff,4366230372,4554612512,17.0117,0.054082,athlete
891f99cd853ffff,891f99cd807ffff,4366230372,6539316791,19.538,0.001316,athlete
891f99cd853ffff,891f99cd80bffff,4366230372,9603238717,11.6347,0.373014,athlete
891f99cd853ffff,891f99cd80fffff,4366230372,9626457904,15.7559,0.107056,athlete
891f99cd853ffff,891f99cd813ffff,4366230372,7033480699,18.5207,0.013438,athlete
891f99cd853ffff,891f99cd817ffff,4366230372,7029324075,19.1244,0.004722,athlete
891f99cd853ffff,891f99cd81bffff,4366230372,9626246784,11.2653,0.401275,athlete
891f99cd853ffff,891f99cd843ffff,4366230372,11028453999,9.7318,0.521058,athlete
891f99cd853ffff,891f99cd847ffff,4366230372,4077385704,14.0253,0.204503,athlete
891f99cd853ffff,891f99cd853ffff,4366230372,4366230372,0.8683,0.995356,athlete
891f99cd853ffff,891f99cd857ffff,4366230372,9626199074,7.6343,0.681553,athlete
891f99cd853ffff,891f99cd85bffff,4366230372,2781457861,9.8061,0.515224,athlete
891f99cd853ffff,891f99cd873ffff,4366230372,9626086167,16.7445,0.063963,athlete
891f99cd853ffff,891f99cd88bffff,4366230372,7032151748,18.9145,0.007251,athlete
891f99cd853ffff,891f99cd8c3ffff,4366230372,10095613635,9.3937,0.547549,athlete
891f99cd853ffff,891f99cd8c7ffff,4366230372,6512705470,14.6505,0.166381,athlete
891f99cd853ffff,891f99cd8cbffff,4366230372,2037315642,6.6056,0.754139,athlete
891f99cd853ffff,891f99cd8cfffff,4366230372,12843979122,5.7249,0.81109,athlete
891f99cd853ffff,891f99cd8d3ffff,4366230372,5544868327,17.3673,0.042149,athlete
891f99cd853ffff,891f99cd8d7ffff,4366230372,2942352020,15.1099,0.140397,athlete
891f99cd853ffff,891f99cd8dbffff,4366230372,5507478284,17.1307,0.049931,athlete
891f99cd853ffff,891f99cdc6fffff,4366230372,2588305417,19.3076,0.002954,athlete
891f99cd853ffff,891f99cde27ffff,4366230372,307663800,7.4749,0.693164,athlete
891f99cd853ffff,891f99cde37ffff,4366230372,232890306,10.4736,0.46284,athlete
891f99cd857ffff,891f99cd803ffff,9626199074,4554612512,12.0632,0.340779,athlete
891f99cd857ffff,891f99cd807ffff,9626199074,6539316791,14.8595,0.154335,athlete
891f99cd857ffff,891f99cd80bffff,9626199074,9603238717,5.3171,0.835509,athlete
891f99cd857ffff,891f99cd80fffff,9626199074,9626457904,9.4383,0.54406,athlete
891f99cd857ffff,891f99cd813ffff,9626199074,7033480699,13.8422,0.216223,athlete
891f99cd857ffff,891f99cd817ffff,9626199074,7029324075,14.4458,0.178523,athlete
891f99cd857ffff,891f99cd81bffff,9626199074,9626246784,6.3648,0.770244,athlete
891f99cd857ffff,891f99cd823ffff,9626199074,262524963,19.4829,0.001648,athlete
891f99cd857ffff,891f99cd82bffff,9626199074,441965615,18.8668,0.0079,athlete
891f99cd857ffff,891f99cd833ffff,9626199074,2902864074,19.8286,0.000181,athlete
891f99cd857ffff,891f99cd83bffff,9626199074,561077793,16.0405,0.093628,athlete
891f99cd857ffff,891f99cd843ffff,9626199074,11028453999,6.8565,0.736976,athlete
891f99cd857ffff,891f99cd847ffff,9626199074,4077385704,7.6393,0.68119,athlete
891f99cd857ffff,891f99cd853ffff,9626199074,4366230372,8.3623,0.62721,athlete
891f99cd857ffff,891f99cd857ffff,9626199074,9626199074,1.1824,0.991401,athlete
891f99cd857ffff,891f99cd85bffff,9626199074,2781457861,13.599,0.232151,athlete
891f99cd857ffff,891f99cd873ffff,9626199074,9626086167,10.4269,0.466496,athlete
891f99cd857ffff,891f99cd877ffff,9626199074,9602755803,14.8158,0.156821,athlete
891f99cd857ffff,891f99cd88bffff,9626199074,7032151748,17.4663,0.039079,athlete
891f99cd857ffff,891f99cd88fffff,9626199074,6435816272,16.5245,0.072676,athlete
891f99cd857ffff,891f99cd8abffff,9626199074,29749460,19.7762,0.000309,athlete
891f99cd857ffff,891f99cd8bbffff,9626199074,9582667284,19.0039,0.006108,athlete
891f99cd857ffff,891f99cd8c3ffff,9626199074,10095613635,9.8612,0.510899,athlete
891f99cd857ffff,891f99cd8c7ffff,9626199074,6512705470,10.4003,0.468579,athlete
891f99cd857ffff,891f99cd8cbffff,9626199074,2037315642,9.5779,0.533127,athlete
891f99cd857ffff,891f99cd8cfffff,9626199074,12843979122,5.3734,0.832223,athlete
891f99cd857ffff,891f99cd8d3ffff,9626199074,5544868327,17.8348,0.02864,athlete
891f99cd857ffff,891f99cd8d7ffff,9626199074,2942352020,15.4148,0.124175,athlete
891f99cd857ffff,891f99cd8dbffff,9626199074,5507478284,17.5982,0.035163,athlete
891f99cd857ffff,891f99cdc6fffff,9626199074,2588305417,19.7709,0.000324,athlete
891f99cd857ffff,891f99cde27ffff,9626199074,307663800,11.2678,0.401086,athlete
891f99cd857ffff,891f99cde37ffff,9626199074,232890306,13.5492,0.235461,athlete
891f99cd85bffff,891f99cd80bffff,2781457861,9603238717,17.4327,0.040109,athlete
891f99cd85bffff,891f99cd81bffff,2781457861,9626246784,17.0633,0.052262,athlete
891f99cd85bffff,891f99cd843ffff,2781457861,11028453999,15.5298,0.118283,athlete
891f99cd85bffff,891f99cd847ffff,2781457861,4077385704,19.8232,0.000193,athlete
891f99cd85bffff,891f99cd853ffff,2781457861,4366230372,10.3674,0.471163,athlete
891f99cd85bffff,891f99cd857ffff,2781457861,9626199074,13.4323,0.2433,athlete
891f99cd85bffff,891f99cd85bffff,2781457861,2781457861,3.1081,0.941584,athlete
891f99cd85bffff,891f99cd8c3ffff,2781457861,10095613635,13.4566,0.241663,athlete
891f99cd85bffff,891f99cd8cbffff,2781457861,2037315642,8.5051,0.616334,athlete
891f99cd85bffff,891f99cd8cfffff,2781457861,12843979122,11.5229,0.381529,athlete
891f99cd85bffff,891f99cd8d7ffff,2781457861,2942352020,19.1728,0.004215,athlete
891f99cd85bffff,891f99cde27ffff,2781457861,307663800,5.5964,0.818931,athlete
891f99cd85bffff,891f99cde37ffff,2781457861,232890306,10.0154,0.49879,athlete
891f99cd873ffff,891f99cd803ffff,9626086167,4554612512,8.6715,0.603588,athlete
891f99cd873ffff,891f99cd807ffff,9626086167,6539316791,11.9987,0.345588,athlete
891f99cd873ffff,891f99cd80bffff,9626086167,9603238717,5.7154,0.811675,athlete
891f99cd873ffff,891f99cd80fffff,9626086167,9626457904,5.8858,0.801101,athlete
891f99cd873ffff,891f99cd813ffff,9626086167,7033480699,16.5194,0.072886,athlete
891f99cd873ffff,891f99cd817ffff,9626086167,7029324075,15.0642,0.142901,athlete
891f99cd873ffff,891f99cd81bffff,9626086167,9626246784,12.6142,0.3004,athlete
891f99cd873ffff,891f99cd823ffff,9626086167,262524963,13.9716,0.207916,athlete
891f99cd873ffff,891f99cd827ffff,9626086167,6541998757,18.3509,0.016681,athlete
891f99cd873ffff,891f99cd82bffff,9626086167,441965615,11.7497,0.3643,athlete
891f99cd873ffff,891f99cd82fffff,9626086167,9560281154,15.3575,0.127159,athlete
891f99cd873ffff,891f99cd833ffff,9626086167,2902864074,16.3454,0.080149,athlete
891f99cd873ffff,891f99cd837ffff,9626086167,9496654074,19.2315,0.003639,athlete
891f99cd873ffff,891f99cd83bffff,9626086167,561077793,10.5292,0.458485,athlete
891f99cd873ffff,891f99cd843ffff,9626086167,11028453999,12.8274,0.285165,athlete
891f99cd873ffff,891f99cd847ffff,9626086167,4077385704,5.6047,0.818425,athlete
891f99cd873ffff,891f99cd853ffff,9626086167,4366230372,17.3591,0.042406,athlete
891f99cd873ffff,891f99cd857ffff,9626086167,9626199074,10.1792,0.485926,athlete
891f99cd873ffff,891f99cd873ffff,9626086167,9626086167,0.5317,0.998257,athlete
891f99cd873ffff,891f99cd877ffff,9626086167,9602755803,6.1333,0.785359,athlete
891f99cd873ffff,891f99cd88fffff,9626086167,6435816272,18.132,0.021371,athlete
891f99cd873ffff,891f99cd8abffff,9626086167,29749460,17.0615,0.052323,athlete
891f99cd873ffff,891f99cd8afffff,9626086167,562679457,19.7907,0.00027,athlete
891f99cd873ffff,891f99cd8c3ffff,9626086167,10095613635,18.8581,0.008022,athlete
891f99cd873ffff,891f99cd8c7ffff,9626086167,6512705470,16.2191,0.08562,athlete
891f99cd873ffff,891f99cd8cbffff,9626086167,2037315642,18.5747,0.012478,athlete
891f99cd873ffff,891f99cd8cfffff,9626086167,12843979122,14.3702,0.183095,athlete
891f99cd873ffff,891f99cd95bffff,9626086167,9317583344,19.6419,0.000791,athlete
891f99cd873ffff,891f99cdb93ffff,9626086167,1929307047,16.7267,0.064651,athlete
891f99cd877ffff,891f99cd803ffff,9602755803,4554612512,11.7848,0.361652,athlete
891f99cd877ffff,891f99cd807ffff,9602755803,6539316791,9.6823,0.524939,athlete
891f99cd877ffff,891f99cd80bffff,9602755803,9603238717,10.141,0.488927,athlete
891f99cd877ffff,891f99cd80fffff,9602755803,9626457904,6.4482,0.76471,athlete
891f99cd877ffff,891f99cd813ffff,9602755803,7033480699,18.7599,0.009457,athlete
891f99cd877ffff,891f99cd817ffff,9602755803,7029324075,13.1523,0.262412,athlete
891f99cd877ffff,891f99cd81bffff,9602755803,9626246784,17.031,0.053397,athlete
891f99cd877ffff,891f99cd823ffff,9602755803,262524963,10.9002,0.429535,athlete
891f99cd877ffff,891f99cd827ffff,9602755803,6541998757,15.2213,0.134371,athlete
891f99cd877ffff,891f99cd82bffff,9602755803,441965615,8.0648,0.649659,athlete
891f99cd877ffff,891f99cd82fffff,9602755803,9560281154,11.6726,0.37014,athlete
891f99cd877ffff,891f99cd833ffff,9602755803,2902864074,13.5274,0.236918,athlete
891f99cd877ffff,891f99cd837ffff,9602755803,9496654074,16.1601,0.088229,athlete
891f99cd877ffff,891f99cd83bffff,9602755803,561077793,7.485,0.692429,athlete
891f99cd877ffff,891f99cd843ffff,9602755803,11028453999,17.6067,0.034918,athlete
891f99cd877ffff,891f99cd847ffff,9602755803,4077385704,11.0211,0.420148,athlete
891f99cd877ffff,891f99cd857ffff,9602755803,9626199074,14.9585,0.148758,athlete
891f99cd877ffff,891f99cd873ffff,9602755803,9626086167,6.2274,0.779257,athlete
891f99cd877ffff,891f99cd877ffff,9602755803,9602755803,0.4314,0.998852,athlete
891f99cd877ffff,891f99cd88fffff,9602755803,6435816272,19.736,0.00043,athlete
891f99cd877ffff,891f99cd8a3ffff,9602755803,3731973493,19.9205,3.9e-05,athlete
891f99cd877ffff,891f99cd8abffff,9602755803,29749460,14.5764,0.170735,athlete
891f99cd877ffff,891f99cd8afffff,9602755803,562679457,16.7193,0.064934,athlete
891f99cd877ffff,891f99cd8bbffff,9602755803,9582667284,18.751,0.009592,athlete
891f99cd877ffff,891f99cd8c7ffff,9602755803,6512705470,19.676,0.000648,athlete
891f99cd877ffff,891f99cd8cfffff,9602755803,12843979122,19.1495,0.004455,athlete
891f99cd877ffff,891f99cd94bffff,9602755803,1736732466,18.8986,0.007465,athlete
891f99cd877ffff,891f99cd953ffff,9602755803,4228945737,19.2973,0.003043,athlete
891f99cd877ffff,891f99cd95bffff,9602755803,9317583344,15.957,0.097484,athlete
891f99cd877ffff,891f99cdb93ffff,9602755803,1929307047,13.0417,0.270088,athlete
891f99cd877ffff,891f99cdb97ffff,9602755803,9343359784,16.5014,0.073623,athlete
891f99cd883ffff,891f99cd803ffff,6438001453,4554612512,13.818,0.217788,athlete
891f99cd883ffff,891f99cd807ffff,6438001453,6539316791,14.9423,0.149666,athlete
891f99cd883ffff,891f99cd80bffff,6438001453,9603238717,15.7831,0.105739,athlete
891f99cd883ffff,891f99cd80fffff,6438001453,9626457904,17.3618,0.042322,athlete
891f99cd883ffff,891f99cd813ffff,6438001453,7033480699,8.2142,0.638423,athlete
891f99cd883ffff,891f99cd817ffff,6438001453,7029324075,10.3149,0.475277,athlete
891f99cd883ffff,891f99cd81bffff,6438001453,9626246784,14.5848,0.170243,athlete
891f99cd883ffff,891f99cd833ffff,6438001453,2902864074,19.64,0.000799,athlete
891f99cd883ffff,891f99cd847ffff,6438001453,4077385704,19.887,7.9e-05,athlete
891f99cd883ffff,891f99cd857ffff,6438001453,9626199074,18.6615,0.01101,athlete
891f99cd883ffff,891f99cd873ffff,6438001453,9626086167,19.9327,2.8e-05,athlete
891f99cd883ffff,891f99cd883ffff,6438001453,6438001453,0.4423,0.998794,athlete
891f99cd883ffff,891f99cd887ffff,6438001453,2555399289,5.1775,0.843558,athlete
891f99cd883ffff,891f99cd88bffff,6438001453,7032151748,4.8438,0.862121,athlete
891f99cd883ffff,891f99cd88fffff,6438001453,6435816272,5.0679,0.849763,athlete
891f99cd883ffff,891f99cd893ffff,6438001453,582942526,9.5015,0.539114,athlete
891f99cd883ffff,891f99cd897ffff,6438001453,9838588176,7.0978,0.720128,athlete
891f99cd883ffff,891f99cd89bffff,6438001453,9857622044,7.072,0.721945,athlete
891f99cd883ffff,891f99cd8a3ffff,6438001453,3731973493,14.506,0.174918,athlete
891f99cd883ffff,891f99cd8a7ffff,6438001453,13595211527,18.9772,0.006439,athlete
891f99cd883ffff,891f99cd8abffff,6438001453,29749460,13.9278,0.210711,athlete
891f99cd883ffff,891f99cd8afffff,6438001453,562679457,15.8881,0.100721,athlete
891f99cd883ffff,891f99cd8b3ffff,6438001453,9850454762,12.3061,0.322811,athlete
891f99cd883ffff,891f99cd8b7ffff,6438001453,12812222615,15.0633,0.142947,athlete
891f99cd883ffff,891f99cd8bbffff,6438001453,9582667284,9.6458,0.527801,athlete
891f99cd883ffff,891f99cd8c3ffff,6438001453,10095613635,12.2593,0.326256,athlete
891f99cd883ffff,891f99cd8c7ffff,6438001453,6512705470,11.7663,0.363048,athlete
891f99cd883ffff,891f99cd8cbffff,6438001453,2037315642,16.2648,0.08362,athlete
891f99cd883ffff,891f99cd8cfffff,6438001453,12843979122,18.1536,0.020882,athlete
891f99cd883ffff,891f99cd8d3ffff,6438001453,5544868327,14.8509,0.154824,athlete
891f99cd883ffff,891f99cd8d7ffff,6438001453,2942352020,9.3853,0.548201,athlete
891f99cd883ffff,891f99cd8dbffff,6438001453,5507478284,16.611,0.069188,athlete
891f99cd883ffff,891f99cdc0fffff,6438001453,9571055498,16.0102,0.09502,athlete
891f99cd883ffff,891f99cdc23ffff,6438001453,6425661261,15.0979,0.141053,athlete
891f99cd883ffff,891f99cdc27ffff,6438001453,4889789431,15.112,0.140284,athlete
891f99cd883ffff,891f99cdc2bffff,6438001453,6462134755,9.6036,0.531114,athlete
891f99cd883ffff,891f99cdc2fffff,6438001453,3735457859,9.6511,0.527391,athlete
891f99cd883ffff,891f99cdc33ffff,6438001453,2935634141,18.3085,0.017546,athlete
891f99cd883ffff,891f99cdc37ffff,6438001453,8177904261,18.8285,0.008441,athlete
891f99cd883ffff,891f99cdc3bffff,6438001453,2678692516,16.8085,0.061526,athlete
891f99cd883ffff,891f99cdc63ffff,6438001453,7017551862,13.5827,0.233237,athlete
891f99cd883ffff,891f99cdc67ffff,6438001453,3178411584,10.1171,0.490807,athlete
891f99cd883ffff,891f99cdc6bffff,6438001453,267240657,14.4756,0.176738,athlete
891f99cd883ffff,891f99cdc6fffff,6438001453,2588305417,9.6527,0.527264,athlete
891f99cd883ffff,891f99cdc73ffff,6438001453,6439049534,16.1184,0.090096,athlete
891f99cd883ffff,891f99cdc77ffff,6438001453,1531554258,11.3822,0.392297,athlete
891f99cd883ffff,891f99cdd43ffff,6438001453,4912632765,14.3128,0.186593,athlete
891f99cd883ffff,891f99cdd47ffff,6438001453,9487098556,19.3601,0.002523,athlete
891f99cd883ffff,891f99cdd4bffff,6438001453,7023815414,8.3297,0.629686,athlete
891f99cd883ffff,891f99cdd4fffff,6438001453,27653866,13.3226,0.25073,athlete
891f99cd883ffff,891f99cdd53ffff,6438001453,792050821,18.652,0.011167,athlete
891f99cd883ffff,891f99cdd5bffff,6438001453,7019773672,12.4114,0.315105,athlete
891f99cd883ffff,891f99cdd7bffff,6438001453,7026396817,18.2672,0.018408,athlete
891f99cd887ffff,891f99cd803ffff,2555399289,4554612512,14.8652,0.154014,athlete
891f99cd887ffff,891f99cd807ffff,2555399289,6539316791,12.7434,0.291141,athlete
891f99cd887ffff,891f99cd80bffff,2555399289,9603238717,16.991,0.054819,athlete
891f99cd887ffff,891f99cd80fffff,2555399289,9626457904,17.0831,0.051573,athlete
891f99cd887ffff,891f99cd813ffff,2555399289,7033480699,11.202,0.406157,athlete
891f99cd887ffff,891f99cd817ffff,2555399289,7029324075,8.116,0.645817,athlete
891f99cd887ffff,891f99cd81bffff,2555399289,9626246784,15.7927,0.105275,athlete
891f99cd887ffff,891f99cd833ffff,2555399289,2902864074,17.4412,0.039849,athlete
891f99cd887ffff,891f99cd837ffff,2555399289,9496654074,18.5327,0.013222,athlete
891f99cd887ffff,891f99cd83bffff,2555399289,561077793,19.8116,0.000219,athlete
891f99cd887ffff,891f99cd857ffff,2555399289,9626199074,19.8694,0.000105,athlete
891f99cd887ffff,891f99cd883ffff,2555399289,6438001453,4.9702,0.855207,athlete
891f99cd887ffff,891f99cd887ffff,2555399289,2555399289,0.0675,0.999972,athlete
891f99cd887ffff,891f99cd88bffff,2555399289,7032151748,9.064,0.573245,athlete
891f99cd887ffff,891f99cd88fffff,2555399289,6435816272,6.2664,0.776716,athlete
891f99cd887ffff,891f99cd893ffff,2555399289,582942526,12.8297,0.285003,athlete
891f99cd887ffff,891f99cd897ffff,2555399289,9838588176,6.9147,0.732942,athlete
891f99cd887ffff,891f99cd89bffff,2555399289,9857622044,11.2993,0.398656,athlete
891f99cd887ffff,891f99cd8a3ffff,2555399289,3731973493,9.9967,0.500256,athlete
891f99cd887ffff,891f99cd8a7ffff,2555399289,13595211527,14.468,0.177194,athlete
891f99cd887ffff,891f99cd8abffff,2555399289,29749460,11.6949,0.36845,athlete
891f99cd887ffff,891f99cd8afffff,2555399289,562679457,13.6551,0.228441,athlete
891f99cd887ffff,891f99cd8b3ffff,2555399289,9850454762,7.7969,0.669599,athlete
891f99cd887ffff,891f99cd8b7ffff,2555399289,12812222615,10.5541,0.456538,athlete
891f99cd887ffff,891f99cd8bbffff,2555399289,9582667284,6.0018,0.793777,athlete
891f99cd887ffff,891f99cd8c3ffff,2555399289,10095613635,16.4796,0.074521,athlete
891f99cd887ffff,891f99cd8c7ffff,2555399289,6512705470,15.9866,0.096113,athlete
891f99cd887ffff,891f99cd8d3ffff,2555399289,5544868327,19.0711,0.005313,athlete
891f99cd887ffff,891f99cd8d7ffff,2555399289,2942352020,13.6056,0.231717,athlete
891f99cd887ffff,891f99cd9d3ffff,2555399289,6306034549,19.7403,0.000416,athlete
891f99cd887ffff,891f99cd9dbffff,2555399289,6251697193,17.61,0.034823,athlete
891f99cd887ffff,891f99cdc23ffff,2555399289,6425661261,17.4532,0.039479,athlete
891f99cd887ffff,891f99cdc27ffff,2555399289,4889789431,13.5237,0.237168,athlete
891f99cd887ffff,891f99cdc2bffff,2555399289,6462134755,13.6134,0.231198,athlete
891f99cd887ffff,891f99cdc2fffff,2555399289,3735457859,10.9095,0.428812,athlete
891f99cd887ffff,891f99cdc37ffff,2555399289,8177904261,18.2544,0.018678,athlete
891f99cd887ffff,891f99cdc63ffff,2555399289,7017551862,17.8029,0.029482,athlete
891f99cd887ffff,891f99cdc67ffff,2555399289,3178411584,14.5092,0.174727,athlete
891f99cd887ffff,891f99cdc6bffff,2555399289,267240657,18.6958,0.010455,athlete
891f99cd887ffff,891f99cdc6fffff,2555399289,2588305417,13.8729,0.214238,athlete
891f99cd887ffff,891f99cdc77ffff,2555399289,1531554258,15.392,0.125361,athlete
891f99cd887ffff,891f99cdd43ffff,2555399289,4912632765,12.2183,0.329277,athlete
891f99cd887ffff,891f99cdd47ffff,2555399289,9487098556,15.9726,0.09676,athlete
891f99cd887ffff,891f99cdd4bffff,2555399289,7023815414,5.7911,0.807003,athlete
891f99cd887ffff,891f99cdd4fffff,2555399289,27653866,9.9351,0.505098,athlete
891f99cd887ffff,891f99cdd53ffff,2555399289,792050821,17.06,0.052376,athlete
891f99cd887ffff,891f99cdd57ffff,2555399289,12006473820,17.3747,0.041916,athlete
891f99cd887ffff,891f99cdd5bffff,2555399289,7019773672,10.8138,0.436256,athlete
891f99cd887ffff,891f99cdd6bffff,2555399289,6293459375,17.3437,0.042898,athlete
891f99cd887ffff,891f99cdd73ffff,2555399289,9241485097,19.1042,0.004942,athlete
891f99cd887ffff,891f99cdd7bffff,2555399289,7026396817,14.8796,0.153194,athlete
891f99cd887ffff,891f99cddcbffff,2555399289,4660007270,18.6099,0.011873,athlete
891f99cd88bffff,891f99cd803ffff,7032151748,4554612512,11.2904,0.399341,athlete
891f99cd88bffff,891f99cd807ffff,7032151748,6539316791,12.8973,0.280221,athlete
891f99cd88bffff,891f99cd80bffff,7032151748,9603238717,13.1363,0.263521,athlete
891f99cd88bffff,891f99cd80fffff,7032151748,9626457904,14.8342,0.155772,athlete
891f99cd88bffff,891f99cd813ffff,7032151748,7033480699,4.7652,0.866349,athlete
891f99cd88bffff,891f99cd817ffff,7032151748,7029324075,11.2028,0.406093,athlete
891f99cd88bffff,891f99cd81bffff,7032151748,9626246784,11.4171,0.389614,athlete
891f99cd88bffff,891f99cd833ffff,7032151748,2902864074,17.6654,0.033245,athlete
891f99cd88bffff,891f99cd83bffff,7032151748,561077793,19.8833,8.4e-05,athlete
891f99cd88bffff,891f99cd843ffff,7032151748,11028453999,19.4823,0.001652,athlete
891f99cd88bffff,891f99cd847ffff,7032151748,4077385704,17.2402,0.046251,athlete
891f99cd88bffff,891f99cd853ffff,7032151748,4366230372,17.5061,0.037877,athlete
891f99cd88bffff,891f99cd857ffff,7032151748,9626199074,15.4939,0.120108,athlete
891f99cd88bffff,891f99cd873ffff,7032151748,9626086167,17.4051,0.040963,athlete
891f99cd88bffff,891f99cd883ffff,7032151748,6438001453,5.309,0.835983,athlete
891f99cd88bffff,891f99cd887ffff,7032151748,2555399289,9.6708,0.525844,athlete
891f99cd88bffff,891f99cd88bffff,7032151748,7032151748,0.4619,0.998684,athlete
891f99cd88bffff,891f99cd88fffff,7032151748,6435816272,7.2985,0.705868,athlete
891f99cd88bffff,891f99cd893ffff,7032151748,582942526,14.0003,0.206088,athlete
891f99cd88bffff,891f99cd897ffff,7032151748,9838588176,11.6752,0.369944,athlete
891f99cd88bffff,891f99cd89bffff,7032151748,9857622044,5.6306,0.816856,athlete
891f99cd88bffff,891f99cd8a3ffff,7032151748,3731973493,17.3407,0.042992,athlete
891f99cd88bffff,891f99cd8abffff,7032151748,29749460,16.1584,0.088305,athlete
891f99cd88bffff,891f99cd8afffff,7032151748,562679457,18.1186,0.021675,athlete
891f99cd88bffff,891f99cd8b3ffff,7032151748,9850454762,16.7994,0.061869,athlete
891f99cd88bffff,891f99cd8b7ffff,7032151748,12812222615,19.5566,0.001212,athlete
891f99cd88bffff,891f99cd8bbffff,7032151748,9582667284,11.9271,0.35095,athlete
891f99cd88bffff,891f99cd8c3ffff,7032151748,10095613635,8.3818,0.625728,athlete
891f99cd88bffff,891f99cd8c7ffff,7032151748,6512705470,7.7501,0.673054,athlete
891f99cd88bffff,891f99cd8cbffff,7032151748,2037315642,12.3873,0.316864,athlete
891f99cd88bffff,891f99cd8cfffff,7032151748,12843979122,14.2761,0.188845,athlete
891f99cd88bffff,891f99cd8d3ffff,7032151748,5544868327,12.5197,0.307228,athlete
891f99cd88bffff,891f99cd8d7ffff,7032151748,2942352020,5.8131,0.80564,athlete
891f99cd88bffff,891f99cd8dbffff,7032151748,5507478284,13.0388,0.270293,athlete
891f99cd88bffff,891f99cdc0fffff,7032151748,9571055498,19.5911,0.001031,athlete
891f99cd88bffff,891f99cdc23ffff,7032151748,6425661261,19.4963,0.001564,athlete
891f99cd88bffff,891f99cdc27ffff,7032151748,4889789431,19.6052,0.000961,athlete
891f99cd88bffff,891f99cdc2bffff,7032151748,6462134755,13.5472,0.2356,athlete
891f99cd88bffff,891f99cdc2fffff,7032151748,3735457859,14.1499,0.196665,athlete
891f99cd88bffff,891f99cdc63ffff,7032151748,7017551862,12.0279,0.343408,athlete
891f99cd88bffff,891f99cdc67ffff,7032151748,3178411584,9.6726,0.5257,athlete
891f99cd88bffff,891f99cdc6bffff,7032151748,267240657,12.6442,0.298245,athlete
891f99cd88bffff,891f99cdc6fffff,7032151748,2588305417,7.8213,0.667792,athlete
891f99cd88bffff,891f99cdc73ffff,7032151748,6439049534,14.6699,0.165246,athlete
891f99cd88bffff,891f99cdc77ffff,7032151748,1531554258,14.8434,0.155248,athlete
891f99cd88bffff,891f99cdd43ffff,7032151748,4912632765,18.8061,0.008767,athlete
891f99cd88bffff,891f99cdd4bffff,7032151748,7023815414,12.823,0.28548,athlete
891f99cd88bffff,891f99cdd4fffff,7032151748,27653866,17.8159,0.029139,athlete
891f99cd88bffff,891f99cdd5bffff,7032151748,7019773672,16.9047,0.057946,athlete
891f99cd88bffff,891f99cde27ffff,7032151748,307663800,17.0379,0.053152,athlete
891f99cd88bffff,891f99cde37ffff,7032151748,232890306,16.7524,0.063659,athlete
891f99cd88fffff,891f99cd803ffff,6435816272,4554612512,9.6273,0.529258,athlete
891f99cd88fffff,891f99cd807ffff,6435816272,6539316791,10.6666,0.447739,athlete
891f99cd88fffff,891f99cd80bffff,6435816272,9603238717,11.6837,0.369301,athlete
891f99cd88fffff,891f99cd80fffff,6435816272,9626457904,13.1711,0.261118,athlete
891f99cd88fffff,891f99cd813ffff,6435816272,7033480699,6.0932,0.78794,athlete
891f99cd88fffff,891f99cd817ffff,6435816272,7029324075,6.0392,0.791394,athlete
891f99cd88fffff,891f99cd81bffff,6435816272,9626246784,10.4854,0.461917,athlete
891f99cd88fffff,891f99cd823ffff,6435816272,262524963,18.7686,0.009325,athlete
891f99cd88fffff,891f99cd833ffff,6435816272,2902864074,15.3644,0.126801,athlete
891f99cd88fffff,891f99cd837ffff,6435816272,9496654074,16.49,0.074092,athlete
891f99cd88fffff,891f99cd83bffff,6435816272,561077793,17.7348,0.031318,athlete
891f99cd88fffff,891f99cd843ffff,6435816272,11028453999,19.8108,0.000221,athlete
891f99cd88fffff,891f99cd847ffff,6435816272,4077385704,15.7876,0.10552,athlete
891f99cd88fffff,891f99cd853ffff,6435816272,4366230372,19.8776,9.2e-05,athlete
891f99cd88fffff,891f99cd857ffff,6435816272,9626199074,14.5621,0.171581,athlete
891f99cd88fffff,891f99cd873ffff,6435816272,9626086167,15.742,0.107733,athlete
891f99cd88fffff,891f99cd877ffff,6435816272,9602755803,18.2475,0.018825,athlete
891f99cd88fffff,891f99cd883ffff,6435816272,6438001453,5.2493,0.839443,athlete
891f99cd88fffff,891f99cd887ffff,6435816272,2555399289,6.1955,0.781332,athlete
891f99cd88fffff,891f99cd88bffff,6435816272,7032151748,7.2203,0.711445,athlete
891f99cd88fffff,891f99cd88fffff,6435816272,6435816272,0.7922,0.996134,athlete
891f99cd88fffff,891f99cd893ffff,6435816272,582942526,13.9406,0.209896,athlete
891f99cd88fffff,891f99cd897ffff,6435816272,9838588176,9.6425,0.528066,athlete
891f99cd88fffff,891f99cd89bffff,6435816272,9857622044,10.1852,0.485456,athlete
891f99cd88fffff,891f99cd8a3ffff,6435816272,3731973493,10.9519,0.425515,athlete
891f99cd88fffff,891f99cd8a7ffff,6435816272,13595211527,14.8682,0.153841,athlete
891f99cd88fffff,891f99cd8abffff,6435816272,29749460,9.6522,0.527305,athlete
891f99cd88fffff,891f99cd8afffff,6435816272,562679457,11.6124,0.374713,athlete
891f99cd88fffff,891f99cd8b3ffff,6435816272,9850454762,11.8782,0.354616,athlete
891f99cd88fffff,891f99cd8b7ffff,6435816272,12812222615,14.0013,0.206026,athlete
891f99cd88fffff,891f99cd8bbffff,6435816272,9582667284,5.5383,0.822432,athlete
891f99cd88fffff,891f99cd8c3ffff,6435816272,10095613635,14.9959,0.146674,athlete
891f99cd88fffff,891f99cd8c7ffff,6435816272,6512705470,12.0597,0.341041,athlete
891f99cd88fffff,891f99cd8cbffff,6435816272,2037315642,17.5388,0.036902,athlete
891f99cd88fffff,891f99cd8cfffff,6435816272,12843979122,14.7017,0.163396,athlete
891f99cd88fffff,891f99cd8d3ffff,6435816272,5544868327,17.9448,0.02583,athlete
891f99cd88fffff,891f99cd8d7ffff,6435816272,2942352020,12.4272,0.313953,athlete
891f99cd88fffff,891f99cd8dbffff,6435816272,5507478284,19.6529,0.000743,athlete
891f99cd88fffff,891f99cd9dbffff,6435816272,6251697193,16.9981,0.054563,athlete
891f99cd88fffff,891f99cdc23ffff,6435816272,6425661261,19.537,0.001322,athlete
891f99cd88fffff,891f99cdc27ffff,6435816272,4889789431,17.1022,0.050909,athlete
891f99cd88fffff,891f99cdc2bffff,6435816272,6462134755,13.797,0.219153,athlete
891f99cd88fffff,891f99cdc2fffff,6435816272,3735457859,13.9313,0.210487,athlete
891f99cd88fffff,891f99cdc63ffff,6435816272,7017551862,16.6888,0.066121,athlete
891f99cd88fffff,891f99cdc67ffff,6435816272,3178411584,13.3951,0.245814,athlete
891f99cd88fffff,891f99cdc6bffff,6435816272,267240657,17.5695,0.036,athlete
891f99cd88fffff,891f99cdc6fffff,6435816272,2588305417,12.7466,0.290913,athlete
891f99cd88fffff,891f99cdc73ffff,6435816272,6439049534,19.2245,0.003705,athlete
891f99cd88fffff,891f99cdc77ffff,6435816272,1531554258,15.5756,0.115969,athlete
891f99cd88fffff,891f99cdd43ffff,6435816272,4912632765,16.3031,0.081962,athlete
891f99cd88fffff,891f99cdd4bffff,6435816272,7023815414,10.32,0.47488,athlete
891f99cd88fffff,891f99cdd4fffff,6435816272,27653866,15.3129,0.129504,athlete
891f99cd88fffff,891f99cdd5bffff,6435816272,7019773672,14.4017,0.181186,athlete
891f99cd88fffff,891f99cdd6bffff,6435816272,6293459375,18.8241,0.008505,athlete
891f99cd88fffff,891f99cdd7bffff,6435816272,7026396817,19.3459,0.002637,athlete
891f99cd893ffff,891f99cd813ffff,582942526,7033480699,16.9105,0.057731,athlete
891f99cd893ffff,891f99cd817ffff,582942526,7029324075,19.0112,0.006019,athlete
891f99cd893ffff,891f99cd883ffff,582942526,6438001453,9.3986,0.547161,athlete
891f99cd893ffff,891f99cd887ffff,582942526,2555399289,12.8827,0.281254,athlete
891f99cd893ffff,891f99cd88bffff,582942526,7032151748,13.5401,0.236071,athlete
891f99cd893ffff,891f99cd88fffff,582942526,6435816272,13.7642,0.221288,athlete
891f99cd893ffff,891f99cd893ffff,582942526,582942526,0.3351,0.999307,athlete
891f99cd893ffff,891f99cd897ffff,582942526,9838588176,7.8166,0.668144,athlete
891f99cd893ffff,891f99cd89bffff,582942526,9857622044,12.7449,0.291032,athlete
891f99cd893ffff,891f99cd8b3ffff,582942526,9850454762,19.2944,0.003068,athlete
891f99cd893ffff,891f99cd8bbffff,582942526,9582667284,18.0689,0.022827,athlete
891f99cd893ffff,891f99cd8d7ffff,582942526,2942352020,18.0816,0.02253,athlete
891f99cd893ffff,891f99cdc07ffff,582942526,6423339988,17.6917,0.032509,athlete
891f99cd893ffff,891f99cdc0fffff,582942526,9571055498,15.7095,0.10932,athlete
891f99cd893ffff,891f99cdc23ffff,582942526,6425661261,11.1289,0.411799,athlete
891f99cd893ffff,891f99cdc27ffff,582942526,4889789431,13.0589,0.268893,athlete
891f99cd893ffff,891f99cdc2bffff,582942526,6462134755,6.7242,0.746077,athlete
891f99cd893ffff,891f99cdc2fffff,582942526,3735457859,6.3262,0.772788,athlete
891f99cd893ffff,891f99cdc33ffff,582942526,2935634141,14.3395,0.184962,athlete
891f99cd893ffff,891f99cdc37ffff,582942526,8177904261,14.8596,0.154331,athlete
891f99cd893ffff,891f99cdc3bffff,582942526,2678692516,13.8013,0.218872,athlete
891f99cd893ffff,891f99cdc63ffff,582942526,7017551862,15.387,0.125622,athlete
891f99cd893ffff,891f99cdc67ffff,582942526,3178411584,12.0914,0.338681,athlete
891f99cd893ffff,891f99cdc6bffff,582942526,267240657,18.651,0.011184,athlete
891f99cd893ffff,891f99cdc6fffff,582942526,2588305417,13.7471,0.222406,athlete
891f99cd893ffff,891f99cdc73ffff,582942526,6439049534,17.3703,0.042055,athlete
891f99cd893ffff,891f99cdc77ffff,582942526,1531554258,12.0514,0.341654,athlete
891f99cd893ffff,891f99cdcabffff,582942526,1251634557,19.3592,0.002531,athlete
891f99cd893ffff,891f99cdcafffff,582942526,395251657,18.6948,0.010471,athlete
891f99cd893ffff,891f99cdd43ffff,582942526,4912632765,15.6864,0.110455,athlete
891f99cd893ffff,891f99cdd4bffff,582942526,7023815414,13.0049,0.272665,athlete
891f99cd893ffff,891f99cdd4fffff,582942526,27653866,18.1866,0.020148,athlete
891f99cd893ffff,891f99cdd53ffff,582942526,792050821,16.5989,0.069672,athlete
891f99cd893ffff,891f99cdd5bffff,582942526,7019773672,10.6585,0.448373,athlete
891f99cd893ffff,891f99cddcbffff,582942526,4660007270,18.1451,0.021073,athlete
891f99cd893ffff,891f99cdddbffff,582942526,31508111,19.5706,0.001137,athlete
891f99cd897ffff,891f99cd803ffff,9838588176,4554612512,18.2046,0.019752,athlete
891f99cd897ffff,891f99cd807ffff,9838588176,6539316791,18.6385,0.011391,athlete
891f99cd897ffff,891f99cd813ffff,9838588176,7033480699,14.2841,0.188353,athlete
891f99cd897ffff,891f99cd817ffff,9838588176,7029324075,14.0111,0.205402,athlete
891f99cd897ffff,891f99cd81bffff,9838588176,9626246784,18.9714,0.006513,athlete
891f99cd897ffff,891f99cd883ffff,9838588176,6438001453,6.7722,0.742786,athlete
891f99cd897ffff,891f99cd887ffff,9838588176,2555399289,6.8646,0.736417,athlete
891f99cd897ffff,891f99cd88bffff,9838588176,7032151748,10.9137,0.428485,athlete
891f99cd897ffff,891f99cd88fffff,9838588176,6435816272,9.445,0.543532,athlete
891f99cd897ffff,891f99cd893ffff,9838588176,582942526,8.1753,0.641355,athlete
891f99cd897ffff,891f99cd897ffff,9838588176,9838588176,0.9331,0.994638,athlete
891f99cd897ffff,891f99cd89bffff,9838588176,9857622044,11.4971,0.383496,athlete
891f99cd897ffff,891f99cd8a3ffff,9838588176,3731973493,15.8813,0.10104,athlete
891f99cd897ffff,891f99cd8a7ffff,9838588176,13595211527,18.9161,0.007229,athlete
891f99cd897ffff,891f99cd8abffff,9838588176,29749460,17.624,0.03442,athlete
891f99cd897ffff,891f99cd8afffff,9838588176,562679457,19.5843,0.001066,athlete
891f99cd897ffff,891f99cd8b3ffff,9838588176,9850454762,12.5353,0.306102,athlete
891f99cd897ffff,891f99cd8b7ffff,9838588176,12812222615,14.3477,0.184466,athlete
891f99cd897ffff,891f99cd8bbffff,9838588176,9582667284,12.0586,0.341123,athlete
891f99cd897ffff,891f99cd8c3ffff,9838588176,10095613635,18.3292,0.017121,athlete
891f99cd897ffff,891f99cd8c7ffff,9838588176,6512705470,17.8362,0.028604,athlete
891f99cd897ffff,891f99cd8d7ffff,9838588176,2942352020,15.4552,0.12209,athlete
891f99cd897ffff,891f99cdc07ffff,9838588176,6423339988,19.2684,0.003298,athlete
891f99cd897ffff,891f99cdc0fffff,9838588176,9571055498,17.9237,0.026357,athlete
891f99cd897ffff,891f99cdc23ffff,9838588176,6425661261,12.226,0.328711,athlete
891f99cd897ffff,891f99cdc27ffff,9838588176,4889789431,9.6739,0.525604,athlete
891f99cd897ffff,891f99cdc2bffff,9838588176,6462134755,9.5528,0.535096,athlete
891f99cd897ffff,891f99cdc2fffff,9838588176,3735457859,5.3132,0.835737,athlete
891f99cd897ffff,891f99cdc33ffff,9838588176,2935634141,15.4366,0.123049,athlete
891f99cd897ffff,891f99cdc37ffff,9838588176,8177904261,14.4046,0.181008,athlete
891f99cd897ffff,891f99cdc3bffff,9838588176,2678692516,15.8992,0.100194,athlete
891f99cd897ffff,891f99cdc63ffff,9838588176,7017551862,17.4463,0.039691,athlete
891f99cd897ffff,891f99cdc67ffff,9838588176,3178411584,13.5709,0.23402,athlete
891f99cd897ffff,891f99cdc6fffff,9838588176,2588305417,15.2266,0.13409,athlete
891f99cd897ffff,891f99cdc73ffff,9838588176,6439049534,19.7136,0.000506,athlete
891f99cd897ffff,891f99cdc77ffff,9838588176,1531554258,14.3948,0.181601,athlete
891f99cd897ffff,891f99cdcafffff,9838588176,395251657,18.7336,0.009861,athlete
891f99cd897ffff,891f99cdd43ffff,9838588176,4912632765,9.6855,0.52469,athlete
891f99cd897ffff,891f99cdd47ffff,9838588176,9487098556,15.5112,0.119228,athlete
891f99cd897ffff,891f99cdd4bffff,9838588176,7023815414,6.2458,0.778062,athlete
891f99cd897ffff,891f99cdd4fffff,9838588176,27653866,11.4275,0.388823,athlete
891f99cd897ffff,891f99cdd53ffff,9838588176,792050821,13.2139,0.258169,athlete
891f99cd897ffff,891f99cdd57ffff,9838588176,12006473820,15.9359,0.098472,athlete
891f99cd897ffff,891f99cdd5bffff,9838588176,7019773672,6.9733,0.728861,athlete
891f99cd897ffff,891f99cdd6bffff,9838588176,6293459375,19.6749,0.000652,athlete
891f99cd897ffff,891f99cdd7bffff,9838588176,7026396817,16.2592,0.083865,athlete
891f99cd897ffff,891f99cddc3ffff,9838588176,6483857419,18.988,0.006305,athlete
891f99cd897ffff,891f99cddcbffff,9838588176,4660007270,14.7601,0.160018,athlete
891f99cd897ffff,891f99cddcfffff,9838588176,8428297023,17.7339,0.031344,athlete
891f99cd897ffff,891f99cdddbffff,9838588176,31508111,18.6393,0.011378,athlete
891f99cd89bffff,891f99cd803ffff,9857622044,4554612512,16.4759,0.074674,athlete
891f99cd89bffff,891f99cd807ffff,9857622044,6539316791,18.0827,0.022505,athlete
891f99cd89bffff,891f99cd80bffff,9857622044,9603238717,18.3217,0.017275,athlete
891f99cd89bffff,891f99cd813ffff,9857622044,7033480699,9.9506,0.503877,athlete
891f99cd89bffff,891f99cd817ffff,9857622044,7029324075,15.5787,0.11581,athlete
891f99cd89bffff,891f99cd81bffff,9857622044,9626246784,15.5702,0.116241,athlete
891f99cd89bffff,891f99cd853ffff,9857622044,4366230372,19.9197,4e-05,athlete
891f99cd89bffff,891f99cd857ffff,9857622044,9626199074,19.6469,0.000769,athlete
891f99cd89bffff,891f99cd883ffff,9857622044,6438001453,6.8009,0.740813,athlete
891f99cd89bffff,891f99cd887ffff,9857622044,2555399289,11.5362,0.380518,athlete
891f99cd89bffff,891f99cd88bffff,9857622044,7032151748,5.7158,0.811651,athlete
891f99cd89bffff,891f99cd88fffff,9857622044,6435816272,10.3317,0.47396,athlete
891f99cd89bffff,891f99cd893ffff,9857622044,582942526,12.4518,0.312161,athlete
891f99cd89bffff,891f99cd897ffff,9857622044,9838588176,11.2499,0.402461,athlete
891f99cd89bffff,891f99cd89bffff,9857622044,9857622044,0.9951,0.993904,athlete
891f99cd89bffff,891f99cd8abffff,9857622044,29749460,19.1917,0.004025,athlete
891f99cd89bffff,891f99cd8b3ffff,9857622044,9850454762,18.6648,0.010957,athlete
891f99cd89bffff,891f99cd8bbffff,9857622044,9582667284,14.9603,0.148657,athlete
891f99cd89bffff,891f99cd8c3ffff,9857622044,10095613635,10.7954,0.437695,athlete
891f99cd89bffff,891f99cd8c7ffff,9857622044,6512705470,10.4008,0.468539,athlete
891f99cd89bffff,891f99cd8cbffff,9857622044,2037315642,14.8009,0.157676,athlete
891f99cd89bffff,891f99cd8cfffff,9857622044,12843979122,16.6897,0.066087,athlete
891f99cd89bffff,891f99cd8d3ffff,9857622044,5544868327,10.3651,0.471341,athlete
891f99cd89bffff,891f99cd8d7ffff,9857622044,2942352020,7.9214,0.660369,athlete
891f99cd89bffff,891f99cd8dbffff,9857622044,5507478284,12.6362,0.298817,athlete
891f99cd89bffff,891f99cdc07ffff,9857622044,6423339988,19.6322,0.000834,athlete
891f99cd89bffff,891f99cdc0fffff,9857622044,9571055498,15.3458,0.127774,athlete
891f99cd89bffff,891f99cdc23ffff,9857622044,6425661261,15.1142,0.140162,athlete
891f99cd89bffff,891f99cdc27ffff,9857622044,4889789431,17.5541,0.03645,athlete
891f99cd89bffff,891f99cdc2bffff,9857622044,6462134755,8.9518,0.581951,athlete
891f99cd89bffff,891f99cdc2fffff,9857622044,3735457859,12.7462,0.290944,athlete
891f99cd89bffff,891f99cdc33ffff,9857622044,2935634141,18.3248,0.017211,athlete
891f99cd89bffff,891f99cdc37ffff,9857622044,8177904261,18.8448,0.008209,athlete
891f99cd89bffff,891f99cdc3bffff,9857622044,2678692516,16.1567,0.088379,athlete
891f99cd89bffff,891f99cdc63ffff,9857622044,7017551862,7.8889,0.662784,athlete
891f99cd89bffff,891f99cdc67ffff,9857622044,3178411584,5.4274,0.829041,athlete
891f99cd89bffff,891f99cdc6bffff,9857622044,267240657,9.9898,0.500803,athlete
891f99cd89bffff,891f99cdc6fffff,9857622044,2588305417,4.9332,0.857245,athlete
891f99cd89bffff,891f99cdc73ffff,9857622044,6439049534,10.4246,0.466675,athlete
891f99cd89bffff,891f99cdc77ffff,9857622044,1531554258,10.5981,0.453092,athlete
891f99cd89bffff,891f99cdd4bffff,9857622044,7023815414,14.6883,0.164173,athlete
891f99cd89bffff,891f99cdd4fffff,9857622044,27653866,19.6812,0.000627,athlete
891f99cd89bffff,891f99cdd5bffff,9857622044,7019773672,17.2901,0.04462,athlete
891f99cd89bffff,891f99cde27ffff,9857622044,307663800,19.4515,0.001855,athlete
891f99cd89bffff,891f99cde37ffff,9857622044,232890306,19.166,0.004285,athlete
891f99cd8a3ffff,891f99cd803ffff,3731973493,4554612512,16.5312,0.072405,athlete
891f99cd8a3ffff,891f99cd807ffff,3731973493,6539316791,10.6597,0.448283,athlete
891f99cd8a3ffff,891f99cd80bffff,3731973493,9603238717,18.9541,0.006733,athlete
891f99cd8a3ffff,891f99cd80fffff,3731973493,9626457904,16.1384,0.0892,athlete
891f99cd8a3ffff,891f99cd813ffff,3731973493,7033480699,15.7331,0.108165,athlete
891f99cd8a3ffff,891f99cd817ffff,3731973493,7029324075,9.2174,0.561307,athlete
891f99cd8a3ffff,891f99cd81bffff,3731973493,9626246784,17.7558,0.030748,athlete
891f99cd8a3ffff,891f99cd823ffff,3731973493,262524963,14.8787,0.153248,athlete
891f99cd8a3ffff,891f99cd827ffff,3731973493,6541998757,13.7153,0.224484,athlete
891f99cd8a3ffff,891f99cd82bffff,3731973493,441965615,17.2259,0.046723,athlete
891f99cd8a3ffff,891f99cd82fffff,3731973493,9560281154,18.5143,0.013553,athlete
891f99cd8a3ffff,891f99cd833ffff,3731973493,2902864074,11.3482,0.394903,athlete
891f99cd8a3ffff,891f99cd837ffff,3731973493,9496654074,10.9608,0.424822,athlete
891f99cd8a3ffff,891f99cd83bffff,3731973493,561077793,16.0781,0.091915,athlete
891f99cd8a3ffff,891f99cd877ffff,3731973493,9602755803,18.3018,0.017685,athlete
891f99cd8a3ffff,891f99cd883ffff,3731973493,6438001453,13.9317,0.210463,athlete
891f99cd8a3ffff,891f99cd887ffff,3731973493,2555399289,9.6578,0.526867,athlete
891f99cd8a3ffff,891f99cd88bffff,3731973493,7032151748,16.6891,0.06611,athlete
891f99cd8a3ffff,891f99cd88fffff,3731973493,6435816272,10.4513,0.464587,athlete
891f99cd8a3ffff,891f99cd897ffff,3731973493,9838588176,15.8428,0.102871,athlete
891f99cd8a3ffff,891f99cd89bffff,3731973493,9857622044,19.6294,0.000847,athlete
891f99cd8a3ffff,891f99cd8a3ffff,3731973493,3731973493,0.5374,0.99822,athlete
891f99cd8a3ffff,891f99cd8a7ffff,3731973493,13595211527,5.5596,0.821153,athlete
891f99cd8a3ffff,891f99cd8abffff,3731973493,29749460,7.3108,0.704985,athlete
891f99cd8a3ffff,891f99cd8afffff,3731973493,562679457,6.1292,0.785621,athlete
891f99cd8a3ffff,891f99cd8b3ffff,3731973493,9850454762,8.5547,0.612542,athlete
891f99cd8a3ffff,891f99cd8b7ffff,3731973493,12812222615,6.9013,0.733874,athlete
891f99cd8a3ffff,891f99cd8bbffff,3731973493,9582667284,5.5942,0.819065,athlete
891f99cd8a3ffff,891f99cd8c7ffff,3731973493,6512705470,19.3301,0.002766,athlete
891f99cd8a3ffff,891f99cd953ffff,3731973493,4228945737,16.6904,0.066059,athlete
891f99cd8a3ffff,891f99cd95bffff,3731973493,9317583344,19.2267,0.003684,athlete
891f99cd8a3ffff,891f99cd98bffff,3731973493,6276210975,19.6786,0.000637,athlete
891f99cd8a3ffff,891f99cd99bffff,3731973493,6576315758,19.2609,0.003366,athlete
891f99cd8a3ffff,891f99cd9c3ffff,3731973493,9853522590,13.2626,0.254826,athlete
891f99cd8a3ffff,891f99cd9cbffff,3731973493,6274583816,12.0838,0.339243,athlete
891f99cd8a3ffff,891f99cd9cfffff,3731973493,6264079131,17.7632,0.030547,athlete
891f99cd8a3ffff,891f99cd9d3ffff,3731973493,6306034549,11.1832,0.407606,athlete
891f99cd8a3ffff,891f99cd9d7ffff,3731973493,6219063996,15.9484,0.097888,athlete
891f99cd8a3ffff,891f99cd9dbffff,3731973493,6251697193,8.2312,0.637143,athlete
891f99cd8a3ffff,891f99cdc2fffff,3731973493,3735457859,19.8375,0.000163,athlete
891f99cd8a3ffff,891f99cdd43ffff,3731973493,4912632765,15.1066,0.140575,athlete
891f99cd8a3ffff,891f99cdd47ffff,3731973493,9487098556,17.6781,0.032888,athlete
891f99cd8a3ffff,891f99cdd4bffff,3731973493,7023815414,11.929,0.350802,athlete
891f99cd8a3ffff,891f99cdd4fffff,3731973493,27653866,11.4085,0.390278,athlete
891f99cd8a3ffff,891f99cdd57ffff,3731973493,12006473820,19.1628,0.004317,athlete
891f99cd8a3ffff,891f99cdd5bffff,3731973493,7019773672,16.9753,0.055382,athlete
891f99cd8a3ffff,891f99cdd63ffff,3731973493,9474270025,14.3128,0.186596,athlete
891f99cd8a3ffff,891f99cdd67ffff,3731973493,10866880269,18.6818,0.01068,athlete
891f99cd8a3ffff,891f99cdd6bffff,3731973493,6293459375,9.6655,0.526256,athlete
891f99cd8a3ffff,891f99cdd6fffff,3731973493,1831777965,14.0096,0.205498,athlete
891f99cd8a3ffff,891f99cdd73ffff,3731973493,9241485097,16.0155,0.094775,athlete
891f99cd8a3ffff,891f99cdd77ffff,3731973493,4448818000,18.9071,0.007349,athlete
891f99cd8a3ffff,891f99cdd7bffff,3731973493,7026396817,11.3647,0.393633,athlete
891f99cd8a7ffff,891f99cd807ffff,13595211527,6539316791,14.4947,0.175595,athlete
891f99cd8a7ffff,891f99cd80fffff,13595211527,9626457904,19.9734,4e-06,athlete
891f99cd8a7ffff,891f99cd817ffff,13595211527,7029324075,13.1366,0.263498,athlete
891f99cd8a7ffff,891f99cd823ffff,13595211527,262524963,13.7778,0.220399,athlete
891f99cd8a7ffff,891f99cd827ffff,13595211527,6541998757,12.1772,0.332314,athlete
891f99cd8a7ffff,891f99cd82bffff,13595211527,441965615,17.7599,0.030637,athlete
891f99cd8a7ffff,891f99cd82fffff,13595211527,9560281154,17.2133,0.047143,athlete
891f99cd8a7ffff,891f99cd833ffff,13595211527,2902864074,12.1674,0.333039,athlete
891f99cd8a7ffff,891f99cd837ffff,13595211527,9496654074,9.6895,0.524378,athlete
891f99cd8a7ffff,891f99cd83bffff,13595211527,561077793,16.785,0.062415,athlete
891f99cd8a7ffff,891f99cd883ffff,13595211527,6438001453,19.605,0.000962,athlete
891f99cd8a7ffff,891f99cd887ffff,13595211527,2555399289,15.8646,0.101834,athlete
891f99cd8a7ffff,891f99cd88fffff,13595211527,6435816272,15.3382,0.128169,athlete
891f99cd8a7ffff,891f99cd8a3ffff,13595211527,3731973493,6.8675,0.736216,athlete
891f99cd8a7ffff,891f99cd8a7ffff,13595211527,13595211527,0.6732,0.997207,athlete
891f99cd8a7ffff,891f99cd8abffff,13595211527,29749460,9.8928,0.508422,athlete
891f99cd8a7ffff,891f99cd8afffff,13595211527,562679457,5.6159,0.817747,athlete
891f99cd8a7ffff,891f99cd8b3ffff,13595211527,9850454762,11.7555,0.363864,athlete
891f99cd8a7ffff,891f99cd8b7ffff,13595211527,12812222615,7.0961,0.720244,athlete
891f99cd8a7ffff,891f99cd8bbffff,13595211527,9582667284,11.6974,0.368257,athlete
891f99cd8a7ffff,891f99cd913ffff,13595211527,4228814167,19.8616,0.000118,athlete
891f99cd8a7ffff,891f99cd953ffff,13595211527,4228945737,15.1523,0.138091,athlete
891f99cd8a7ffff,891f99cd957ffff,13595211527,9560549610,18.4892,0.014015,athlete
891f99cd8a7ffff,891f99cd95bffff,13595211527,9317583344,17.6886,0.032595,athlete
891f99cd8a7ffff,891f99cd98bffff,13595211527,6276210975,14.9454,0.149492,athlete
891f99cd8a7ffff,891f99cd993ffff,13595211527,9476330915,19.4276,0.00202,athlete
891f99cd8a7ffff,891f99cd99bffff,13595211527,6576315758,14.4372,0.17904,athlete
891f99cd8a7ffff,891f99cd9c3ffff,13595211527,9853522590,11.7141,0.366998,athlete
891f99cd8a7ffff,891f99cd9c7ffff,13595211527,7033787067,18.8147,0.008641,athlete
891f99cd8a7ffff,891f99cd9cbffff,13595211527,6274583816,10.5457,0.457189,athlete
891f99cd8a7ffff,891f99cd9cfffff,13595211527,6264079131,16.2251,0.085355,athlete
891f99cd8a7ffff,891f99cd9d3ffff,13595211527,6306034549,6.45,0.764592,athlete
891f99cd8a7ffff,891f99cd9d7ffff,13595211527,6219063996,12.2299,0.328427,athlete
891f99cd8a7ffff,891f99cd9dbffff,13595211527,6251697193,6.6931,0.7482,athlete
891f99cd8a7ffff,891f99cdb93ffff,13595211527,1929307047,19.4022,0.002203,athlete
891f99cd8a7ffff,891f99cdb97ffff,13595211527,9343359784,19.1646,0.004299,athlete
891f99cd8a7ffff,891f99cdd0bffff,13595211527,13289798704,19.8408,0.000156,athlete
891f99cd8a7ffff,891f99cdd0fffff,13595211527,7013595399,19.4688,0.00174,athlete
891f99cd8a7ffff,891f99cdd2bffff,13595211527,9769034838,18.2416,0.018952,athlete
891f99cd8a7ffff,891f99cdd43ffff,13595211527,4912632765,16.5857,0.070202,athlete
891f99cd8a7ffff,891f99cdd47ffff,13595211527,9487098556,16.6719,0.066783,athlete
891f99cd8a7ffff,891f99cdd4bffff,13595211527,7023815414,15.8096,0.10446,athlete
891f99cd8a7ffff,891f99cdd4fffff,13595211527,27653866,12.5988,0.30151,athlete
891f99cd8a7ffff,891f99cdd63ffff,13595211527,9474270025,9.8684,0.510331,athlete
891f99cd8a7ffff,891f99cdd67ffff,13595211527,10866880269,13.9418,0.209817,athlete
891f99cd8a7ffff,891f99cdd6bffff,13595211527,6293459375,4.8419,0.862223,athlete
891f99cd8a7ffff,891f99cdd6fffff,13595211527,1831777965,9.186,0.56376,athlete
891f99cd8a7ffff,891f99cdd73ffff,13595211527,9241485097,14.5422,0.172764,athlete
891f99cd8a7ffff,891f99cdd77ffff,13595211527,4448818000,14.4628,0.177504,athlete
891f99cd8a7ffff,891f99cdd7bffff,13595211527,7026396817,10.3164,0.475164,athlete
891f99cd8abffff,891f99cd803ffff,29749460,4554612512,12.6793,0.295729,athlete
891f99cd8abffff,891f99cd807ffff,29749460,6539316791,6.7695,0.742971,athlete
891f99cd8abffff,891f99cd80bffff,29749460,9603238717,15.8262,0.103663,athlete
891f99cd8abffff,891f99cd80fffff,29749460,9626457904,12.2482,0.327072,athlete
891f99cd8abffff,891f99cd813ffff,29749460,7033480699,14.4554,0.177948,athlete
891f99cd8abffff,891f99cd817ffff,29749460,7029324075,6.6905,0.748379,athlete
891f99cd8abffff,891f99cd81bffff,29749460,9626246784,14.9492,0.149277,athlete
891f99cd8abffff,891f99cd823ffff,29749460,262524963,11.5029,0.383058,athlete
891f99cd8abffff,891f99cd827ffff,29749460,6541998757,13.1058,0.265634,athlete
891f99cd8abffff,891f99cd82bffff,29749460,441965615,13.3399,0.249554,athlete
891f99cd8abffff,891f99cd82fffff,29749460,9560281154,15.8851,0.10086,athlete
891f99cd8abffff,891f99cd833ffff,29749460,2902864074,7.4622,0.694083,athlete
891f99cd8abffff,891f99cd837ffff,29749460,9496654074,8.6597,0.604489,athlete
891f99cd8abffff,891f99cd83bffff,29749460,561077793,12.1921,0.331215,athlete
891f99cd8abffff,891f99cd847ffff,29749460,4077385704,19.8113,0.00022,athlete
891f99cd8abffff,891f99cd857ffff,29749460,9626199074,19.026,0.005841,athlete
891f99cd8abffff,891f99cd873ffff,29749460,9626086167,17.2423,0.046182,athlete
891f99cd8abffff,891f99cd877ffff,29749460,9602755803,14.4116,0.180585,athlete
891f99cd8abffff,891f99cd883ffff,29749460,6438001453,14.7541,0.160366,athlete
891f99cd8abffff,891f99cd887ffff,29749460,2555399289,12.2274,0.328606,athlete
891f99cd8abffff,891f99cd88bffff,29749460,7032151748,16.7251,0.06471,athlete
891f99cd8abffff,891f99cd88fffff,29749460,6435816272,10.4873,0.461763,athlete
891f99cd8abffff,891f99cd897ffff,29749460,9838588176,18.4125,0.015466,athlete
891f99cd8abffff,891f99cd89bffff,29749460,9857622044,19.69,0.000593,athlete
891f99cd8abffff,891f99cd8a3ffff,29749460,3731973493,8.4926,0.617285,athlete
891f99cd8abffff,891f99cd8a7ffff,29749460,13595211527,10.4468,0.464936,athlete
891f99cd8abffff,891f99cd8abffff,29749460,29749460,1.246,0.990453,athlete
891f99cd8abffff,891f99cd8afffff,29749460,562679457,5.4394,0.828327,athlete
891f99cd8abffff,891f99cd8b3ffff,29749460,9850454762,11.5471,0.379686,athlete
891f99cd8abffff,891f99cd8b7ffff,29749460,12812222615,12.7479,0.290819,athlete
891f99cd8abffff,891f99cd8bbffff,29749460,9582667284,7.4821,0.692637,athlete
891f99cd8abffff,891f99cd8c7ffff,29749460,6512705470,16.5235,0.072717,athlete
891f99cd8abffff,891f99cd8cfffff,29749460,12843979122,19.1656,0.004289,athlete
891f99cd8abffff,891f99cd8d7ffff,29749460,2942352020,19.8428,0.000152,athlete
891f99cd8abffff,891f99cd953ffff,29749460,4228945737,17.1021,0.050913,athlete
891f99cd8abffff,891f99cd95bffff,29749460,9317583344,18.6172,0.011749,athlete
891f99cd8abffff,891f99cd9c3ffff,29749460,9853522590,16.6302,0.068428,athlete
891f99cd8abffff,891f99cd9cbffff,29749460,6274583816,13.3801,0.246828,athlete
891f99cd8abffff,891f99cd9cfffff,29749460,6264079131,18.8925,0.007546,athlete
891f99cd8abffff,891f99cd9d3ffff,29749460,6306034549,15.7186,0.108872,athlete
891f99cd8abffff,891f99cd9d7ffff,29749460,6219063996,19.3159,0.002884,athlete
891f99cd8abffff,891f99cd9dbffff,29749460,6251697193,11.5987,0.375751,athlete
891f99cd8abffff,891f99cdb93ffff,29749460,1929307047,17.7369,0.031262,athlete
891f99cd8abffff,891f99cdd43ffff,29749460,4912632765,18.3421,0.01686,athlete
891f99cd8abffff,891f99cdd4bffff,29749460,7023815414,14.899,0.152098,athlete
891f99cd8abffff,891f99cdd4fffff,29749460,27653866,14.644,0.166763,athlete
891f99cd8abffff,891f99cdd5bffff,29749460,7019773672,19.9453,1.8e-05,athlete
891f99cd8abffff,891f99cdd63ffff,29749460,9474270025,19.2343,0.003613,athlete
891f99cd8abffff,891f99cdd6bffff,29749460,6293459375,14.4028,0.181121,athlete
891f99cd8abffff,891f99cdd6fffff,29749460,1831777965,18.5518,0.012882,athlete
891f99cd8abffff,891f99cdd7bffff,29749460,7026396817,18.0978,0.022155,athlete
891f99cd8afffff,891f99cd803ffff,562679457,4554612512,15.5107,0.119251,athlete
891f99cd8afffff,891f99cd807ffff,562679457,6539316791,9.5684,0.533873,athlete
891f99cd8afffff,891f99cd80bffff,562679457,9603238717,18.6138,0.011806,athlete
891f99cd8afffff,891f99cd80fffff,562679457,9626457904,15.0358,0.144462,athlete
891f99cd8afffff,891f99cd813ffff,562679457,7033480699,16.8638,0.059455,athlete
891f99cd8afffff,891f99cd817ffff,562679457,7029324075,9.6391,0.528332,athlete
891f99cd8afffff,891f99cd81bffff,562679457,9626246784,18.1774,0.020351,athlete
891f99cd8afffff,891f99cd823ffff,562679457,262524963,9.178,0.564381,athlete
891f99cd8afffff,891f99cd827ffff,562679457,6541998757,9.3463,0.551255,athlete
891f99cd8afffff,891f99cd82bffff,562679457,441965615,12.5725,0.303413,athlete
891f99cd8afffff,891f99cd82fffff,562679457,9560281154,12.7627,0.289763,athlete
891f99cd8afffff,891f99cd833ffff,562679457,2902864074,6.9801,0.72839,athlete
891f99cd8afffff,891f99cd837ffff,562679457,9496654074,5.2092,0.841744,athlete
891f99cd8afffff,891f99cd83bffff,562679457,561077793,11.5976,0.375836,athlete
891f99cd8afffff,891f99cd877ffff,562679457,9602755803,16.8558,0.059751,athlete
891f99cd8afffff,891f99cd883ffff,562679457,6438001453,17.0412,0.053036,athlete
891f99cd8afffff,891f99cd887ffff,562679457,2555399289,14.5146,0.174405,athlete
891f99cd8afffff,891f99cd88bffff,562679457,7032151748,19.0123,0.006006,athlete
891f99cd8afffff,891f99cd88fffff,562679457,6435816272,12.7745,0.288924,athlete
891f99cd8afffff,891f99cd8a3ffff,562679457,3731973493,7.1262,0.718123,athlete
891f99cd8afffff,891f99cd8a7ffff,562679457,13595211527,5.7787,0.807773,athlete
891f99cd8afffff,891f99cd8abffff,562679457,29749460,4.8724,0.860569,athlete
891f99cd8afffff,891f99cd8afffff,562679457,562679457,0.238,0.999651,athlete
891f99cd8afffff,891f99cd8b3ffff,562679457,9850454762,13.8342,0.216738,athlete
891f99cd8afffff,891f99cd8b7ffff,562679457,12812222615,10.1139,0.491058,athlete
891f99cd8afffff,891f99cd8bbffff,562679457,9582667284,9.7693,0.518114,athlete
891f99cd8afffff,891f99cd8c7ffff,562679457,6512705470,19.7517,0.00038,athlete
891f99cd8afffff,891f99cd943ffff,562679457,4864904047,18.8968,0.007489,athlete
891f99cd8afffff,891f99cd94bffff,562679457,1736732466,18.1833,0.020221,athlete
891f99cd8afffff,891f99cd953ffff,562679457,4228945737,13.3426,0.249371,athlete
891f99cd8afffff,891f99cd957ffff,562679457,9560549610,17.3971,0.041214,athlete
891f99cd8afffff,891f99cd95bffff,562679457,9317583344,14.8576,0.15444,athlete
891f99cd8afffff,891f99cd98bffff,562679457,6276210975,19.5459,0.001271,athlete
891f99cd8afffff,891f99cd99bffff,562679457,6576315758,19.135,0.004609,athlete
891f99cd8afffff,891f99cd9c3ffff,562679457,9853522590,12.8706,0.282103,athlete
891f99cd8afffff,891f99cd9c7ffff,562679457,7033787067,19.9713,5e-06,athlete
891f99cd8afffff,891f99cd9cbffff,562679457,6274583816,9.6206,0.529784,athlete
891f99cd8afffff,891f99cd9cfffff,562679457,6264079131,15.133,0.139137,athlete
891f99cd8afffff,891f99cd9d3ffff,562679457,6306034549,11.0505,0.417867,athlete
891f99cd8afffff,891f99cd9d7ffff,562679457,6219063996,15.5564,0.116935,athlete
891f99cd8afffff,891f99cd9dbffff,562679457,6251697193,7.8392,0.666468,athlete
891f99cd8afffff,891f99cdb93ffff,562679457,1929307047,14.9219,0.15081,athlete
891f99cd8afffff,891f99cdb97ffff,562679457,9343359784,16.3336,0.080651,athlete
891f99cd8afffff,891f99cdd43ffff,562679457,4912632765,19.6035,0.00097,athlete
891f99cd8afffff,891f99cdd4bffff,562679457,7023815414,17.1862,0.048049,athlete
891f99cd8afffff,891f99cdd4fffff,562679457,27653866,15.6166,0.113914,athlete
891f99cd8afffff,891f99cdd63ffff,562679457,9474270025,14.5662,0.171343,athlete
891f99cd8afffff,891f99cdd67ffff,562679457,10866880269,18.6395,0.011374,athlete
891f99cd8afffff,891f99cdd6bffff,562679457,6293459375,9.7346,0.520835,athlete
891f99cd8afffff,891f99cdd6fffff,562679457,1831777965,13.8837,0.213547,athlete
891f99cd8afffff,891f99cdd73ffff,562679457,9241485097,19.0002,0.006154,athlete
891f99cd8afffff,891f99cdd77ffff,562679457,4448818000,19.1605,0.004341,athlete
891f99cd8afffff,891f99cdd7bffff,562679457,7026396817,14.5773,0.170685,athlete
891f99cd8b3ffff,891f99cd803ffff,9850454762,4554612512,17.5743,0.035859,athlete
891f99cd8b3ffff,891f99cd807ffff,9850454762,6539316791,13.4886,0.239517,athlete
891f99cd8b3ffff,891f99cd80bffff,9850454762,9603238717,19.8368,0.000164,athlete
891f99cd8b3ffff,891f99cd80fffff,9850454762,9626457904,18.9673,0.006564,athlete
891f99cd8b3ffff,891f99cd813ffff,9850454762,7033480699,15.031,0.144728,athlete
891f99cd8b3ffff,891f99cd817ffff,9850454762,7029324075,10.8251,0.435375,athlete
891f99cd8b3ffff,891f99cd81bffff,9850454762,9626246784,18.6385,0.011392,athlete
891f99cd8b3ffff,891f99cd827ffff,9850454762,6541998757,19.7599,0.000355,athlete
891f99cd8b3ffff,891f99cd833ffff,9850454762,2902864074,16.0534,0.093041,athlete
891f99cd8b3ffff,891f99cd837ffff,9850454762,9496654074,16.9775,0.055302,athlete
891f99cd8b3ffff,891f99cd83bffff,9850454762,561077793,19.8508,0.000137,athlete
891f99cd8b3ffff,891f99cd883ffff,9850454762,6438001453,10.9058,0.429097,athlete
891f99cd8b3ffff,891f99cd887ffff,9850454762,2555399289,6.5623,0.757068,athlete
891f99cd8b3ffff,891f99cd88bffff,9850454762,7032151748,14.9997,0.146463,athlete
891f99cd8b3ffff,891f99cd88fffff,9850454762,6435816272,9.7902,0.516475,athlete
891f99cd8b3ffff,891f99cd893ffff,9850454762,582942526,18.5246,0.013368,athlete
891f99cd8b3ffff,891f99cd897ffff,9850454762,9838588176,11.4126,0.389962,athlete
891f99cd8b3ffff,891f99cd89bffff,9850454762,9857622044,17.235,0.046423,athlete
891f99cd8b3ffff,891f99cd8a3ffff,9850454762,3731973493,7.7191,0.675334,athlete
891f99cd8b3ffff,891f99cd8a7ffff,9850454762,13595211527,9.7776,0.517466,athlete
891f99cd8b3ffff,891f99cd8abffff,9850454762,29749460,10.1397,0.48903,athlete
891f99cd8b3ffff,891f99cd8afffff,9850454762,562679457,12.0999,0.338047,athlete
891f99cd8b3ffff,891f99cd8b3ffff,9850454762,9850454762,1.1022,0.992525,athlete
891f99cd8b3ffff,891f99cd8b7ffff,9850454762,12812222615,5.311,0.835866,athlete
891f99cd8b3ffff,891f99cd8bbffff,9850454762,9582667284,7.7275,0.674718,athlete
891f99cd8b3ffff,891f99cd8d7ffff,9850454762,2942352020,19.5412,0.001298,athlete
891f99cd8b3ffff,891f99cd99bffff,9850454762,6576315758,19.8656,0.000111,athlete
891f99cd8b3ffff,891f99cd9c3ffff,9850454762,9853522590,19.3072,0.002958,athlete
891f99cd8b3ffff,891f99cd9cbffff,9850454762,6274583816,18.1284,0.021451,athlete
891f99cd8b3ffff,891f99cd9d3ffff,9850454762,6306034549,15.0499,0.143684,athlete
891f99cd8b3ffff,891f99cd9dbffff,9850454762,6251697193,14.2758,0.188865,athlete
891f99cd8b3ffff,891f99cdc27ffff,9850454762,4889789431,16.3617,0.079455,athlete
891f99cd8b3ffff,891f99cdc2bffff,9850454762,6462134755,19.5491,0.001254,athlete
891f99cd8b3ffff,891f99cdc2fffff,9850454762,3735457859,15.3308,0.128563,athlete
891f99cd8b3ffff,891f99cdc6fffff,9850454762,2588305417,19.8086,0.000226,athlete
891f99cd8b3ffff,891f99cdd03ffff,9850454762,6547701840,19.0511,0.005544,athlete
891f99cd8b3ffff,891f99cdd0bffff,9850454762,13289798704,16.8715,0.05917,athlete
891f99cd8b3ffff,891f99cdd1bffff,9850454762,1295220984,18.1568,0.02081,athlete
891f99cd8b3ffff,891f99cdd43ffff,9850454762,4912632765,8.7405,0.59828,athlete
891f99cd8b3ffff,891f99cdd47ffff,9850454762,9487098556,11.3946,0.391341,athlete
891f99cd8b3ffff,891f99cdd4bffff,9850454762,7023815414,7.1475,0.71661,athlete
891f99cd8b3ffff,891f99cdd4fffff,9850454762,27653866,5.0423,0.851195,athlete
891f99cd8b3ffff,891f99cdd53ffff,9850454762,792050821,15.0427,0.144082,athlete
891f99cd8b3ffff,891f99cdd57ffff,9850454762,12006473820,12.7967,0.287347,athlete
891f99cd8b3ffff,891f99cdd5bffff,9850454762,7019773672,11.6583,0.371222,athlete
891f99cd8b3ffff,891f99cdd63ffff,9850454762,9474270025,14.582,0.170406,athlete
891f99cd8b3ffff,891f99cdd67ffff,9850454762,10866880269,18.9786,0.006422,athlete
891f99cd8b3ffff,891f99cdd6bffff,9850454762,6293459375,11.6955,0.368403,athlete
891f99cd8b3ffff,891f99cdd6fffff,9850454762,1831777965,16.0396,0.093673,athlete
891f99cd8b3ffff,891f99cdd73ffff,9850454762,9241485097,14.2114,0.192839,athlete
891f99cd8b3ffff,891f99cdd77ffff,9850454762,4448818000,18.1485,0.020998,athlete
891f99cd8b3ffff,891f99cdd7bffff,9850454762,7026396817,9.1195,0.568933,athlete
891f99cd8b3ffff,891f99cddcbffff,9850454762,4660007270,18.3515,0.016669,athlete
891f99cd8b3ffff,891f99cddcfffff,9850454762,8428297023,17.6906,0.032539,athlete
891f99cd8b7ffff,891f99cd807ffff,12812222615,6539316791,16.1774,0.087461,athlete
891f99cd8b7ffff,891f99cd817ffff,12812222615,7029324075,14.7352,0.161457,athlete
891f99cd8b7ffff,891f99cd823ffff,12812222615,262524963,17.2586,0.045645,athlete
891f99cd8b7ffff,891f99cd827ffff,12812222615,6541998757,15.8025,0.104803,athlete
891f99cd8b7ffff,891f99cd833ffff,12812222615,2902864074,15.5794,0.115776,athlete
891f99cd8b7ffff,891f99cd837ffff,12812222615,9496654074,13.1703,0.261171,athlete
891f99cd8b7ffff,891f99cd883ffff,12812222615,6438001453,15.9824,0.096304,athlete
891f99cd8b7ffff,891f99cd887ffff,12812222615,2555399289,11.6389,0.372701,athlete
891f99cd8b7ffff,891f99cd88fffff,12812222615,6435816272,14.8668,0.15392,athlete
891f99cd8b7ffff,891f99cd897ffff,12812222615,9838588176,15.2423,0.133249,athlete
891f99cd8b7ffff,891f99cd8a3ffff,12812222615,3731973493,6.9107,0.733225,athlete
891f99cd8b7ffff,891f99cd8a7ffff,12812222615,13595211527,5.6732,0.814263,athlete
891f99cd8b7ffff,891f99cd8abffff,12812222615,29749460,12.6223,0.29982,athlete
891f99cd8b7ffff,891f99cd8afffff,12812222615,562679457,9.0279,0.576052,athlete
891f99cd8b7ffff,891f99cd8b3ffff,12812222615,9850454762,6.3679,0.770037,athlete
891f99cd8b7ffff,891f99cd8b7ffff,12812222615,12812222615,0.3735,0.99914,athlete
891f99cd8b7ffff,891f99cd8bbffff,12812222615,9582667284,11.0111,0.420924,athlete
891f99cd8b7ffff,891f99cd953ffff,12812222615,4228945737,18.7775,0.00919,athlete
891f99cd8b7ffff,891f99cd98bffff,12812222615,6276210975,19.441,0.001926,athlete
891f99cd8b7ffff,891f99cd99bffff,12812222615,6576315758,15.8918,0.100547,athlete
891f99cd8b7ffff,891f99cd9c3ffff,12812222615,9853522590,15.3498,0.127565,athlete
891f99cd8b7ffff,891f99cd9cbffff,12812222615,6274583816,14.171,0.195349,athlete
891f99cd8b7ffff,891f99cd9cfffff,12812222615,6264079131,19.8504,0.000138,athlete
891f99cd8b7ffff,891f99cd9d3ffff,12812222615,6306034549,10.9456,0.426009,athlete
891f99cd8b7ffff,891f99cd9d7ffff,12812222615,6219063996,16.7254,0.064698,athlete
891f99cd8b7ffff,891f99cd9dbffff,12812222615,6251697193,10.3183,0.475008,athlete
891f99cd8b7ffff,891f99cdc27ffff,12812222615,4889789431,18.6123,0.011832,athlete
891f99cd8b7ffff,891f99cdc2fffff,12812222615,3735457859,18.9756,0.006459,athlete
891f99cd8b7ffff,891f99cdd0bffff,12812222615,13289798704,16.7555,0.063541,athlete
891f99cd8b7ffff,891f99cdd0fffff,12812222615,7013595399,17.1059,0.050783,athlete
891f99cd8b7ffff,891f99cdd1bffff,12812222615,1295220984,19.6197,0.000892,athlete
891f99cd8b7ffff,891f99cdd2bffff,12812222615,9769034838,18.6779,0.010743,athlete
891f99cd8b7ffff,891f99cdd3bffff,12812222615,7013785674,19.7327,0.000441,athlete
891f99cd8b7ffff,891f99cdd43ffff,12812222615,4912632765,10.7253,0.443159,athlete
891f99cd8b7ffff,891f99cdd47ffff,12812222615,9487098556,11.4981,0.38342,athlete
891f99cd8b7ffff,891f99cdd4bffff,12812222615,7023815414,10.205,0.483904,athlete
891f99cd8b7ffff,891f99cdd4fffff,12812222615,27653866,6.2241,0.779476,athlete
891f99cd8b7ffff,891f99cdd53ffff,12812222615,792050821,17.0276,0.053518,athlete
891f99cd8b7ffff,891f99cdd57ffff,12812222615,12006473820,14.3466,0.184529,athlete
891f99cd8b7ffff,891f99cdd5bffff,12812222615,7019773672,14.7158,0.162578,athlete
891f99cd8b7ffff,891f99cdd63ffff,12812222615,9474270025,10.6082,0.452305,athlete
891f99cd8b7ffff,891f99cdd67ffff,12812222615,10866880269,15.0048,0.146183,athlete
891f99cd8b7ffff,891f99cdd6bffff,12812222615,6293459375,7.499,0.691411,athlete
891f99cd8b7ffff,891f99cdd6fffff,12812222615,1831777965,11.8431,0.357257,athlete
891f99cd8b7ffff,891f99cdd73ffff,12812222615,9241485097,11.4569,0.386571,athlete
891f99cd8b7ffff,891f99cdd77ffff,12812222615,4448818000,14.5695,0.171147,athlete
891f99cd8b7ffff,891f99cdd7bffff,12812222615,7026396817,6.3734,0.769675,athlete
891f99cd8b7ffff,891f99cddcfffff,12812222615,8428297023,19.2406,0.003553,athlete
891f99cd8bbffff,891f99cd803ffff,9582667284,4554612512,12.6939,0.294682,athlete
891f99cd8bbffff,891f99cd807ffff,9582667284,6539316791,10.2154,0.483085,athlete
891f99cd8bbffff,891f99cd80bffff,9582667284,9603238717,14.9564,0.148878,athlete
891f99cd8bbffff,891f99cd80fffff,9582667284,9626457904,14.5551,0.171999,athlete
891f99cd8bbffff,891f99cd813ffff,9582667284,7033480699,11.0909,0.414737,athlete
891f99cd8bbffff,891f99cd817ffff,9582667284,7029324075,5.9447,0.797393,athlete
891f99cd8bbffff,891f99cd81bffff,9582667284,9626246784,13.7581,0.221689,athlete
891f99cd8bbffff,891f99cd823ffff,9582667284,262524963,17.201,0.047553,athlete
891f99cd8bbffff,891f99cd827ffff,9582667284,6541998757,18.2215,0.019386,athlete
891f99cd8bbffff,891f99cd82bffff,9582667284,441965615,19.038,0.005697,athlete
891f99cd8bbffff,891f99cd833ffff,9582667284,2902864074,13.1603,0.261859,athlete
891f99cd8bbffff,891f99cd837ffff,9582667284,9496654074,14.0844,0.200768,athlete
891f99cd8bbffff,891f99cd83bffff,9582667284,561077793,16.9577,0.056014,athlete
891f99cd8bbffff,891f99cd847ffff,9582667284,4077385704,19.0603,0.005437,athlete
891f99cd8bbffff,891f99cd857ffff,9582667284,9626199074,17.8348,0.02864,athlete
891f99cd8bbffff,891f99cd873ffff,9582667284,9626086167,18.8085,0.008731,athlete
891f99cd8bbffff,891f99cd877ffff,9582667284,9602755803,17.7963,0.029658,athlete
891f99cd8bbffff,891f99cd883ffff,9582667284,6438001453,10.007,0.499449,athlete
891f99cd8bbffff,891f99cd887ffff,9582667284,2555399289,5.7776,0.807842,athlete
891f99cd8bbffff,891f99cd88bffff,9582667284,7032151748,12.0469,0.341992,athlete
891f99cd8bbffff,891f99cd88fffff,9582667284,6435816272,5.8091,0.805888,athlete
891f99cd8bbffff,891f99cd893ffff,9582667284,582942526,17.8665,0.027815,athlete
891f99cd8bbffff,891f99cd897ffff,9582667284,9838588176,11.9626,0.348286,athlete
891f99cd8bbffff,891f99cd89bffff,9582667284,9857622044,14.9873,0.147155,athlete
891f99cd8bbffff,891f99cd8a3ffff,9582667284,3731973493,6.3717,0.76979,athlete
891f99cd8bbffff,891f99cd8a7ffff,9582667284,13595211527,11.316,0.397375,athlete
891f99cd8bbffff,891f99cd8abffff,9582667284,29749460,7.2466,0.709571,athlete
891f99cd8bbffff,891f99cd8afffff,9582667284,562679457,9.2069,0.562133,athlete
891f99cd8bbffff,891f99cd8b3ffff,9582667284,9850454762,9.1858,0.563773,athlete
891f99cd8bbffff,891f99cd8b7ffff,9582667284,12812222615,10.6269,0.45084,athlete
891f99cd8bbffff,891f99cd8bbffff,9582667284,9582667284,0.9086,0.994916,athlete
891f99cd8bbffff,891f99cd8c3ffff,9582667284,10095613635,18.9635,0.006612,athlete
891f99cd8bbffff,891f99cd8c7ffff,9582667284,6512705470,15.3324,0.128479,athlete
891f99cd8bbffff,891f99cd8cfffff,9582667284,12843979122,17.9744,0.025097,athlete
891f99cd8bbffff,891f99cd8d7ffff,9582667284,2942352020,17.2538,0.045804,athlete
891f99cd8bbffff,891f99cd9c3ffff,9582667284,9853522590,19.0163,0.005957,athlete
891f99cd8bbffff,891f99cd9cbffff,9582667284,6274583816,17.8376,0.028568,athlete
891f99cd8bbffff,891f99cd9d3ffff,9582667284,6306034549,16.9614,0.055881,athlete
891f99cd8bbffff,891f99cd9dbffff,9582667284,6251697193,13.9849,0.207067,athlete
891f99cd8bbffff,891f99cdc27ffff,9582667284,4889789431,18.5715,0.012534,athlete
891f99cd8bbffff,891f99cdc2bffff,9582667284,6462134755,18.599,0.012058,athlete
891f99cd8bbffff,891f99cdc2fffff,9582667284,3735457859,15.9574,0.097468,athlete
891f99cd8bbffff,891f99cdc67ffff,9582667284,3178411584,18.1971,0.019917,athlete
891f99cd8bbffff,891f99cdc6fffff,9582667284,2588305417,17.5486,0.036612,athlete
891f99cd8bbffff,891f99cdd43ffff,9582667284,4912632765,15.5808,0.115706,athlete
891f99cd8bbffff,891f99cdd47ffff,9582667284,9487098556,18.8753,0.007783,athlete
891f99cd8bbffff,891f99cdd4bffff,9582667284,7023815414,9.9628,0.502922,athlete
891f99cd8bbffff,891f99cdd4fffff,9582667284,27653866,12.523,0.306992,athlete
891f99cd8bbffff,891f99cdd5bffff,9582667284,7019773672,15.009,0.145945,athlete
891f99cd8bbffff,891f99cdd6bffff,9582667284,6293459375,15.4848,0.120575,athlete
891f99cd8bbffff,891f99cdd6fffff,9582667284,1831777965,19.7946,0.00026,athlete
891f99cd8bbffff,891f99cdd7bffff,9582667284,7026396817,15.9768,0.096564,athlete
891f99cd8c3ffff,891f99cd803ffff,10095613635,4554612512,13.5261,0.237007,athlete
891f99cd8c3ffff,891f99cd807ffff,10095613635,6539316791,16.0524,0.093086,athlete
891f99cd8c3ffff,891f99cd80bffff,10095613635,9603238717,13.4286,0.243546,athlete
891f99cd8c3ffff,891f99cd80fffff,10095613635,9626457904,17.0699,0.052033,athlete
891f99cd8c3ffff,891f99cd813ffff,10095613635,7033480699,12.7698,0.28926,athlete
891f99cd8c3ffff,891f99cd817ffff,10095613635,7029324075,15.6388,0.11281,athlete
891f99cd8c3ffff,891f99cd81bffff,10095613635,9626246784,9.7517,0.519499,athlete
891f99cd8c3ffff,891f99cd843ffff,10095613635,11028453999,11.5354,0.380578,athlete
891f99cd8c3ffff,891f99cd847ffff,10095613635,4077385704,15.8288,0.103538,athlete
891f99cd8c3ffff,891f99cd853ffff,10095613635,4366230372,9.5592,0.534595,athlete
891f99cd8c3ffff,891f99cd857ffff,10095613635,9626199074,9.4282,0.544847,athlete
891f99cd8c3ffff,891f99cd85bffff,10095613635,2781457861,12.3279,0.321211,athlete
891f99cd8c3ffff,891f99cd873ffff,10095613635,9626086167,18.5384,0.01312,athlete
891f99cd8c3ffff,891f99cd883ffff,10095613635,6438001453,13.8225,0.217499,athlete
891f99cd8c3ffff,891f99cd887ffff,10095613635,2555399289,18.1843,0.020199,athlete
891f99cd8c3ffff,891f99cd88bffff,10095613635,7032151748,9.9525,0.50373,athlete
891f99cd8c3ffff,891f99cd88fffff,10095613635,6435816272,16.5079,0.073356,athlete
891f99cd8c3ffff,891f99cd89bffff,10095613635,9857622044,12.499,0.308731,athlete
891f99cd8c3ffff,891f99cd8c3ffff,10095613635,10095613635,0.1107,0.999924,athlete
891f99cd8c3ffff,891f99cd8c7ffff,10095613635,6512705470,7.0696,0.72211,athlete
891f99cd8c3ffff,891f99cd8cbffff,10095613635,2037315642,4.2341,0.893432,athlete
891f99cd8c3ffff,891f99cd8cfffff,10095613635,12843979122,6.3292,0.772594,athlete
891f99cd8c3ffff,891f99cd8d3ffff,10095613635,5544868327,8.2977,0.632114,athlete
891f99cd8c3ffff,891f99cd8d7ffff,10095613635,2942352020,6.1479,0.784414,athlete
891f99cd8c3ffff,891f99cd8dbffff,10095613635,5507478284,8.0611,0.649939,athlete
891f99cd8c3ffff,891f99cdc63ffff,10095613635,7017551862,14.4446,0.178598,athlete
891f99cd8c3ffff,891f99cdc67ffff,10095613635,3178411584,15.6274,0.113375,athlete
891f99cd8c3ffff,891f99cdc6bffff,10095613635,267240657,11.6832,0.369336,athlete
891f99cd8c3ffff,891f99cdc6fffff,10095613635,2588305417,10.238,0.481313,athlete
891f99cd8c3ffff,891f99cdc73ffff,10095613635,6439049534,19.1928,0.004014,athlete
891f99cd8c3ffff,891f99cdc77ffff,10095613635,1531554258,19.5224,0.001406,athlete
891f99cd8c3ffff,891f99cde27ffff,10095613635,307663800,8.8847,0.58715,athlete
891f99cd8c3ffff,891f99cde37ffff,10095613635,232890306,8.5992,0.609135,athlete
891f99cd8c7ffff,891f99cd803ffff,6512705470,4554612512,9.3927,0.547622,athlete
891f99cd8c7ffff,891f99cd807ffff,6512705470,6539316791,11.8409,0.357424,athlete
891f99cd8c7ffff,891f99cd80bffff,6512705470,9603238717,9.9778,0.50174,athlete
891f99cd8c7ffff,891f99cd80fffff,6512705470,9626457904,12.9365,0.277458,athlete
891f99cd8c7ffff,891f99cd813ffff,6512705470,7033480699,10.7795,0.438929,athlete
891f99cd8c7ffff,891f99cd817ffff,6512705470,7029324075,11.4154,0.389749,athlete
891f99cd8c7ffff,891f99cd81bffff,6512705470,9626246784,5.6598,0.815077,athlete
891f99cd8c7ffff,891f99cd823ffff,6512705470,262524963,19.6972,0.000565,athlete
891f99cd8c7ffff,891f99cd833ffff,6512705470,2902864074,17.1634,0.04882,athlete
891f99cd8c7ffff,891f99cd83bffff,6512705470,561077793,17.9856,0.024822,athlete
891f99cd8c7ffff,891f99cd843ffff,6512705470,11028453999,14.9853,0.147265,athlete
891f99cd8c7ffff,891f99cd847ffff,6512705470,4077385704,12.5288,0.306571,athlete
891f99cd8c7ffff,891f99cd853ffff,6512705470,4366230372,13.9717,0.207906,athlete
891f99cd8c7ffff,891f99cd857ffff,6512705470,9626199074,9.7366,0.520682,athlete
891f99cd8c7ffff,891f99cd85bffff,6512705470,2781457861,18.7108,0.010218,athlete
891f99cd8c7ffff,891f99cd873ffff,6512705470,9626086167,15.0876,0.141615,athlete
891f99cd8c7ffff,891f99cd877ffff,6512705470,9602755803,18.4705,0.01436,athlete
891f99cd8c7ffff,891f99cd883ffff,6512705470,6438001453,12.6406,0.298507,athlete
891f99cd8c7ffff,891f99cd887ffff,6512705470,2555399289,17.0024,0.054412,athlete
891f99cd8c7ffff,891f99cd88bffff,6512705470,7032151748,8.4942,0.617163,athlete
891f99cd8c7ffff,891f99cd88fffff,6512705470,6435816272,13.4941,0.239145,athlete
891f99cd8c7ffff,891f99cd897ffff,6512705470,9838588176,19.0067,0.006073,athlete
891f99cd8c7ffff,891f99cd89bffff,6512705470,9857622044,11.6425,0.372424,athlete
891f99cd8c7ffff,891f99cd8abffff,6512705470,29749460,16.7458,0.063914,athlete
891f99cd8c7ffff,891f99cd8bbffff,6512705470,9582667284,15.9735,0.096719,athlete
891f99cd8c7ffff,891f99cd8c3ffff,6512705470,10095613635,6.6114,0.753752,athlete
891f99cd8c7ffff,891f99cd8c7ffff,6512705470,6512705470,0.4905,0.998517,athlete
891f99cd8c7ffff,891f99cd8cbffff,6512705470,2037315642,10.6169,0.451627,athlete
891f99cd8c7ffff,891f99cd8cfffff,6512705470,12843979122,9.2613,0.557884,athlete
891f99cd8c7ffff,891f99cd8d3ffff,6512705470,5544868327,10.9789,0.423421,athlete
891f99cd8c7ffff,891f99cd8d7ffff,6512705470,2942352020,5.505,0.824424,athlete
891f99cd8c7ffff,891f99cd8dbffff,6512705470,5507478284,11.3267,0.396555,athlete
891f99cd8c7ffff,891f99cdc2bffff,6512705470,6462134755,19.4974,0.001557,athlete
891f99cd8c7ffff,891f99cdc63ffff,6512705470,7017551862,14.0677,0.201821,athlete
891f99cd8c7ffff,891f99cdc67ffff,6512705470,3178411584,15.2505,0.13281,athlete
891f99cd8c7ffff,891f99cdc6bffff,6512705470,267240657,12.2179,0.329311,athlete
891f99cd8c7ffff,891f99cdc6fffff,6512705470,2588305417,9.8611,0.510906,athlete
891f99cd8c7ffff,891f99cdc73ffff,6512705470,6439049534,18.8159,0.008623,athlete
891f99cd8c7ffff,891f99cdc77ffff,6512705470,1531554258,19.1456,0.004497,athlete
891f99cd8c7ffff,891f99cde27ffff,6512705470,307663800,15.2675,0.131908,athlete
891f99cd8c7ffff,891f99cde37ffff,6512705470,232890306,14.982,0.147449,athlete
891f99cd8cbffff,891f99cd803ffff,2037315642,4554612512,15.9615,0.097277,athlete
891f99cd8cbffff,891f99cd807ffff,2037315642,6539316791,18.4878,0.014039,athlete
891f99cd8cbffff,891f99cd80bffff,2037315642,9603238717,13.7691,0.220969,athlete
891f99cd8cbffff,891f99cd80fffff,2037315642,9626457904,17.8902,0.027206,athlete
891f99cd8cbffff,891f99cd813ffff,2037315642,7033480699,17.4705,0.038951,athlete
891f99cd8cbffff,891f99cd817ffff,2037315642,7029324075,18.0742,0.022704,athlete
891f99cd8cbffff,891f99cd81bffff,2037315642,9626246784,12.1056,0.337628,athlete
891f99cd8cbffff,891f99cd843ffff,2037315642,11028453999,11.8662,0.355522,athlete
891f99cd8cbffff,891f99cd847ffff,2037315642,4077385704,16.1596,0.08825,athlete
891f99cd8cbffff,891f99cd853ffff,2037315642,4366230372,7.4732,0.693284,athlete
891f99cd8cbffff,891f99cd857ffff,2037315642,9626199074,9.7687,0.518164,athlete
891f99cd8cbffff,891f99cd85bffff,2037315642,2781457861,8.4044,0.624007,athlete
891f99cd8cbffff,891f99cd873ffff,2037315642,9626086167,18.8789,0.007734,athlete
891f99cd8cbffff,891f99cd883ffff,2037315642,6438001453,18.6528,0.011153,athlete
891f99cd8cbffff,891f99cd88bffff,2037315642,7032151748,14.7829,0.158709,athlete
891f99cd8cbffff,891f99cd89bffff,2037315642,9857622044,17.3294,0.043354,athlete
891f99cd8cbffff,891f99cd8c3ffff,2037315642,10095613635,5.2621,0.838703,athlete
891f99cd8cbffff,891f99cd8c7ffff,2037315642,6512705470,11.9,0.352982,athlete
891f99cd8cbffff,891f99cd8cbffff,2037315642,2037315642,0.3106,0.999405,athlete
891f99cd8cbffff,891f99cd8cfffff,2037315642,12843979122,6.8859,0.734944,athlete
891f99cd8cbffff,891f99cd8d3ffff,2037315642,5544868327,13.2357,0.256671,athlete
891f99cd8cbffff,891f99cd8d7ffff,2037315642,2942352020,10.9783,0.423468,athlete
891f99cd8cbffff,891f99cd8dbffff,2037315642,5507478284,12.9991,0.273068,athlete
891f99cd8cbffff,891f99cdc63ffff,2037315642,7017551862,19.3826,0.00235,athlete
891f99cd8cbffff,891f99cdc6bffff,2037315642,267240657,16.6212,0.068783,athlete
891f99cd8cbffff,891f99cdc6fffff,2037315642,2588305417,15.176,0.136808,athlete
891f99cd8cbffff,891f99cde27ffff,2037315642,307663800,4.9612,0.855704,athlete
891f99cd8cbffff,891f99cde37ffff,2037315642,232890306,4.6757,0.871099,athlete
891f99cd8cfffff,891f99cd803ffff,12843979122,4554612512,12.5933,0.301913,athlete
891f99cd8cfffff,891f99cd807ffff,12843979122,6539316791,15.1196,0.139867,athlete
891f99cd8cfffff,891f99cd80bffff,12843979122,9603238717,9.3608,0.550118,athlete
891f99cd8cfffff,891f99cd80fffff,12843979122,9626457904,13.4819,0.239961,athlete
891f99cd8cfffff,891f99cd813ffff,12843979122,7033480699,14.1023,0.199645,athlete
891f99cd8cfffff,891f99cd817ffff,12843979122,7029324075,14.7059,0.163149,athlete
891f99cd8cfffff,891f99cd81bffff,12843979122,9626246784,7.6494,0.680451,athlete
891f99cd8cfffff,891f99cd843ffff,12843979122,11028453999,7.4917,0.691946,athlete
891f99cd8cfffff,891f99cd847ffff,12843979122,4077385704,11.7674,0.362967,athlete
891f99cd8cfffff,891f99cd853ffff,12843979122,4366230372,6.4591,0.763984,athlete
891f99cd8cfffff,891f99cd857ffff,12843979122,9626199074,5.3604,0.832983,athlete
891f99cd8cfffff,891f99cd85bffff,12843979122,2781457861,11.6958,0.368382,athlete
891f99cd8cfffff,891f99cd873ffff,12843979122,9626086167,14.4706,0.177037,athlete
891f99cd8cfffff,891f99cd877ffff,12843979122,9602755803,18.8595,0.008002,athlete
891f99cd8cfffff,891f99cd88bffff,12843979122,7032151748,16.2143,0.085827,athlete
891f99cd8cfffff,891f99cd88fffff,12843979122,6435816272,16.7847,0.062429,athlete
891f99cd8cfffff,891f99cd89bffff,12843979122,9857622044,18.7608,0.009442,athlete
891f99cd8cfffff,891f99cd8bbffff,12843979122,9582667284,19.264,0.003338,athlete
891f99cd8cfffff,891f99cd8c3ffff,12843979122,10095613635,6.6936,0.748168,athlete
891f99cd8cfffff,891f99cd8c7ffff,12843979122,6512705470,10.2361,0.481465,athlete
891f99cd8cfffff,891f99cd8cbffff,12843979122,2037315642,6.5385,0.758668,athlete
891f99cd8cfffff,891f99cd8cfffff,12843979122,12843979122,1.2827,0.989885,athlete
891f99cd8cfffff,891f99cd8d3ffff,12843979122,5544868327,14.6672,0.165406,athlete
891f99cd8cfffff,891f99cd8d7ffff,12843979122,2942352020,12.4098,0.315224,athlete
891f99cd8cfffff,891f99cd8dbffff,12843979122,5507478284,14.4306,0.179441,athlete
891f99cd8cfffff,891f99cdc6bffff,12843979122,267240657,18.0527,0.023209,athlete
891f99cd8cfffff,891f99cdc6fffff,12843979122,2588305417,16.6075,0.06933,athlete
891f99cd8cfffff,891f99cde27ffff,12843979122,307663800,9.1631,0.565537,athlete
891f99cd8cfffff,891f99cde37ffff,12843979122,232890306,10.5098,0.460003,athlete
891f99cd8d3ffff,891f99cd803ffff,5544868327,4554612512,18.7937,0.00895,athlete
891f99cd8d3ffff,891f99cd80bffff,5544868327,9603238717,19.3373,0.002707,athlete
891f99cd8d3ffff,891f99cd813ffff,5544868327,7033480699,14.9457,0.149475,athlete
891f99cd8d3ffff,891f99cd81bffff,5544868327,9626246784,15.0193,0.145378,athlete
891f99cd8d3ffff,891f99cd843ffff,5544868327,11028453999,17.9706,0.02519,athlete
891f99cd8d3ffff,891f99cd853ffff,5544868327,4366230372,15.9944,0.09575,athlete
891f99cd8d3ffff,891f99cd857ffff,5544868327,9626199074,15.8635,0.101888,athlete
891f99cd8d3ffff,891f99cd85bffff,5544868327,2781457861,18.8847,0.007653,athlete
891f99cd8d3ffff,891f99cd883ffff,5544868327,6438001453,15.7973,0.105055,athlete
891f99cd8d3ffff,891f99cd88bffff,5544868327,7032151748,12.1284,0.33593,athlete
891f99cd8d3ffff,891f99cd88fffff,5544868327,6435816272,18.4827,0.014135,athlete
891f99cd8d3ffff,891f99cd89bffff,5544868327,9857622044,10.9882,0.422696,athlete
891f99cd8d3ffff,891f99cd8c3ffff,5544868327,10095613635,6.714,0.746772,athlete
891f99cd8d3ffff,891f99cd8c7ffff,5544868327,6512705470,10.0506,0.496026,athlete
891f99cd8d3ffff,891f99cd8cbffff,5544868327,2037315642,10.7909,0.438045,athlete
891f99cd8d3ffff,891f99cd8cfffff,5544868327,12843979122,12.7644,0.289643,athlete
891f99cd8d3ffff,891f99cd8d3ffff,5544868327,5544868327,1.625,0.983799,athlete
891f99cd8d3ffff,891f99cd8d7ffff,5544868327,2942352020,7.1587,0.715823,athlete
891f99cd8d3ffff,891f99cd8dbffff,5544868327,5507478284,8.178,0.641157,athlete
891f99cd8d3ffff,891f99cdc2bffff,5544868327,6462134755,17.2173,0.047009,athlete
891f99cd8d3ffff,891f99cdc63ffff,5544868327,7017551862,11.5646,0.378347,athlete
891f99cd8d3ffff,891f99cdc67ffff,5544868327,3178411584,12.843,0.284058,athlete
891f99cd8d3ffff,891f99cdc6bffff,5544868327,267240657,7.0895,0.720708,athlete
891f99cd8d3ffff,891f99cdc6fffff,5544868327,2588305417,7.4536,0.694703,athlete
891f99cd8d3ffff,891f99cdc73ffff,5544868327,6439049534,16.4084,0.077482,athlete
891f99cd8d3ffff,891f99cdc77ffff,5544868327,1531554258,16.738,0.064212,athlete
891f99cd8d3ffff,891f99cde27ffff,5544868327,307663800,15.4415,0.122798,athlete
891f99cd8d3ffff,891f99cde37ffff,5544868327,232890306,15.156,0.137892,athlete
891f99cd8d7ffff,891f99cd803ffff,2942352020,4554612512,13.5459,0.235682,athlete
891f99cd8d7ffff,891f99cd807ffff,2942352020,6539316791,15.2355,0.133613,athlete
891f99cd8d7ffff,891f99cd80bffff,2942352020,9603238717,14.203,0.19336,athlete
891f99cd8d7ffff,891f99cd80fffff,2942352020,9626457904,17.0897,0.051343,athlete
891f99cd8d7ffff,891f99cd813ffff,2942352020,7033480699,8.7221,0.599694,athlete
891f99cd8d7ffff,891f99cd817ffff,2942352020,7029324075,14.0909,0.200363,athlete
891f99cd8d7ffff,891f99cd81bffff,2942352020,9626246784,9.885,0.509032,athlete
891f99cd8d7ffff,891f99cd843ffff,2942352020,11028453999,16.1298,0.089583,athlete
891f99cd8d7ffff,891f99cd847ffff,2942352020,4077385704,16.754,0.0636,athlete
891f99cd8d7ffff,891f99cd853ffff,2942352020,4366230372,14.1536,0.196433,athlete
891f99cd8d7ffff,891f99cd857ffff,2942352020,9626199074,13.9618,0.208543,athlete
891f99cd8d7ffff,891f99cd85bffff,2942352020,2781457861,17.1287,0.049999,athlete
891f99cd8d7ffff,891f99cd873ffff,2942352020,9626086167,19.3128,0.002911,athlete
891f99cd8d7ffff,891f99cd883ffff,2942352020,6438001453,9.5736,0.533461,athlete
891f99cd8d7ffff,891f99cd887ffff,2942352020,2555399289,13.9355,0.210224,athlete
891f99cd8d7ffff,891f99cd88bffff,2942352020,7032151748,5.9048,0.799907,athlete
891f99cd8d7ffff,891f99cd88fffff,2942352020,6435816272,12.2591,0.326274,athlete
891f99cd8d7ffff,891f99cd893ffff,2942352020,582942526,18.265,0.018455,athlete
891f99cd8d7ffff,891f99cd897ffff,2942352020,9838588176,15.9398,0.098287,athlete
891f99cd8d7ffff,891f99cd89bffff,2942352020,9857622044,8.4419,0.621157,athlete
891f99cd8d7ffff,891f99cd8abffff,2942352020,29749460,19.4213,0.002065,athlete
891f99cd8d7ffff,891f99cd8bbffff,2942352020,9582667284,16.8877,0.058571,athlete
891f99cd8d7ffff,891f99cd8c3ffff,2942352020,10095613635,5.0293,0.851922,athlete
891f99cd8d7ffff,891f99cd8c7ffff,2942352020,6512705470,4.8757,0.860387,athlete
891f99cd8d7ffff,891f99cd8cbffff,2942352020,2037315642,9.0348,0.575515,athlete
891f99cd8d7ffff,891f99cd8cfffff,2942352020,12843979122,10.9236,0.427714,athlete
891f99cd8d7ffff,891f99cd8d3ffff,2942352020,5544868327,7.616,0.682895,athlete
891f99cd8d7ffff,891f99cd8d7ffff,2942352020,2942352020,0.7207,0.996799,athlete
891f99cd8d7ffff,891f99cd8dbffff,2942352020,5507478284,8.0654,0.649612,athlete
891f99cd8d7ffff,891f99cdc2bffff,2942352020,6462134755,16.1948,0.086692,athlete
891f99cd8d7ffff,891f99cdc2fffff,2942352020,3735457859,18.4146,0.015425,athlete
891f99cd8d7ffff,891f99cdc63ffff,2942352020,7017551862,10.6376,0.450005,athlete
891f99cd8d7ffff,891f99cdc67ffff,2942352020,3178411584,11.8205,0.358963,athlete
891f99cd8d7ffff,891f99cdc6bffff,2942352020,267240657,8.7878,0.594634,athlete
891f99cd8d7ffff,891f99cdc6fffff,2942352020,2588305417,6.431,0.765853,athlete
891f99cd8d7ffff,891f99cdc73ffff,2942352020,6439049534,15.3859,0.12568,athlete
891f99cd8d7ffff,891f99cdc77ffff,2942352020,1531554258,15.7155,0.109026,athlete
891f99cd8d7ffff,891f99cdd4bffff,2942352020,7023815414,17.0876,0.051415,athlete
891f99cd8d7ffff,891f99cde27ffff,2942352020,307663800,13.6854,0.226446,athlete
891f99cd8d7ffff,891f99cde37ffff,2942352020,232890306,13.3999,0.245484,athlete
891f99cd8dbffff,891f99cd813ffff,5507478284,7033480699,16.8784,0.058913,athlete
891f99cd8dbffff,891f99cd81bffff,5507478284,9626246784,16.6858,0.066236,athlete
891f99cd8dbffff,891f99cd843ffff,5507478284,11028453999,19.0587,0.005456,athlete
891f99cd8dbffff,891f99cd853ffff,5507478284,4366230372,17.0825,0.051593,athlete
891f99cd8dbffff,891f99cd857ffff,5507478284,9626199074,16.9515,0.056237,athlete
891f99cd8dbffff,891f99cd85bffff,5507478284,2781457861,19.9728,5e-06,athlete
891f99cd8dbffff,891f99cd883ffff,5507478284,6438001453,17.73,0.031451,athlete
891f99cd8dbffff,891f99cd88bffff,5507478284,7032151748,14.0611,0.202236,athlete
891f99cd8dbffff,891f99cd89bffff,5507478284,9857622044,14.5322,0.173356,athlete
891f99cd8dbffff,891f99cd8c3ffff,5507478284,10095613635,7.8021,0.669212,athlete
891f99cd8dbffff,891f99cd8c7ffff,5507478284,6512705470,11.7948,0.360895,athlete
891f99cd8dbffff,891f99cd8cbffff,5507478284,2037315642,11.879,0.354561,athlete
891f99cd8dbffff,891f99cd8cfffff,5507478284,12843979122,13.8525,0.215558,athlete
891f99cd8dbffff,891f99cd8d3ffff,5507478284,5544868327,9.7635,0.51857,athlete
891f99cd8dbffff,891f99cd8d7ffff,5507478284,2942352020,8.943,0.582638,athlete
891f99cd8dbffff,891f99cd8dbffff,5507478284,5507478284,0.7352,0.99667,athlete
891f99cd8dbffff,891f99cdc63ffff,5507478284,7017551862,16.06,0.092737,athlete
891f99cd8dbffff,891f99cdc67ffff,5507478284,3178411584,17.2429,0.046163,athlete
891f99cd8dbffff,891f99cdc6bffff,5507478284,267240657,13.2987,0.252361,athlete
891f99cd8dbffff,891f99cdc6fffff,5507478284,2588305417,11.8535,0.356478,athlete
891f99cd8dbffff,891f99cde27ffff,5507478284,307663800,16.5296,0.072471,athlete
891f99cd8dbffff,891f99cde37ffff,5507478284,232890306,16.2441,0.084524,athlete
891f99cd903ffff,891f99cca4bffff,9468835556,9496536226,18.3806,0.01609,athlete
891f99cd903ffff,891f99cd903ffff,9468835556,9468835556,0.3229,0.999357,athlete
891f99cd903ffff,891f99cd907ffff,9468835556,440390944,7.9682,0.656881,athlete
891f99cd903ffff,891f99cd90bffff,9468835556,9612610494,6.8678,0.736194,athlete
891f99cd903ffff,891f99cd90fffff,9468835556,5134144080,7.4776,0.692967,athlete
891f99cd903ffff,891f99cd913ffff,9468835556,4228814167,5.4846,0.825641,athlete
891f99cd903ffff,891f99cd917ffff,9468835556,9578034936,7.7302,0.674514,athlete
891f99cd903ffff,891f99cd91bffff,9468835556,11343319274,6.4869,0.762128,athlete
891f99cd903ffff,891f99cd943ffff,9468835556,4864904047,15.1286,0.139378,athlete
891f99cd903ffff,891f99cd947ffff,9468835556,9340804810,12.2052,0.330245,athlete
891f99cd903ffff,891f99cd94fffff,9468835556,9340898284,15.0824,0.141897,athlete
891f99cd903ffff,891f99cd953ffff,9468835556,4228945737,14.541,0.172837,athlete
891f99cd903ffff,891f99cd957ffff,9468835556,9560549610,10.0563,0.495582,athlete
891f99cd903ffff,891f99cd95bffff,9468835556,9317583344,18.782,0.009123,athlete
891f99cd903ffff,891f99cd963ffff,9468835556,2477486916,16.5615,0.071178,athlete
891f99cd903ffff,891f99cd973ffff,9468835556,2480553393,10.9532,0.425419,athlete
891f99cd903ffff,891f99cd977ffff,9468835556,7977389789,13.7328,0.223341,athlete
891f99cd903ffff,891f99cd97bffff,9468835556,13506766820,16.099,0.090971,athlete
891f99cd903ffff,891f99cd983ffff,9468835556,9577976786,14.0951,0.200099,athlete
891f99cd903ffff,891f99cd987ffff,9468835556,9496019473,13.0397,0.270234,athlete
891f99cd903ffff,891f99cd98bffff,9468835556,6276210975,11.3252,0.396667,athlete
891f99cd903ffff,891f99cd98fffff,9468835556,9578034988,9.322,0.553148,athlete
891f99cd903ffff,891f99cd997ffff,9468835556,9620952677,17.1129,0.050542,athlete
891f99cd903ffff,891f99cd99bffff,9468835556,6576315758,17.2645,0.045453,athlete
891f99cd903ffff,891f99cd9abffff,9468835556,9496019444,10.7739,0.439371,athlete
891f99cd903ffff,891f99cd9b3ffff,9468835556,3693529476,15.7438,0.107642,athlete
891f99cd903ffff,891f99cd9bbffff,9468835556,2571150096,11.3852,0.39206,athlete
891f99cd903ffff,891f99cd9c3ffff,9468835556,9853522590,14.1767,0.194995,athlete
891f99cd903ffff,891f99cd9c7ffff,9468835556,7033787067,9.6067,0.53087,athlete
891f99cd903ffff,891f99cd9cbffff,9468835556,6274583816,17.2979,0.044367,athlete
891f99cd903ffff,891f99cd9cfffff,9468835556,6264079131,12.6464,0.298086,athlete
891f99cd903ffff,891f99cd9d3ffff,9468835556,6306034549,17.9373,0.026017,athlete
891f99cd903ffff,891f99cd9d7ffff,9468835556,6219063996,13.971,0.207954,athlete
891f99cd903ffff,891f99cd9dbffff,9468835556,6251697193,19.6658,0.000689,athlete
891f99cd903ffff,891f99cdd6fffff,9468835556,1831777965,19.9949,0.0,athlete
891f99cd907ffff,891f99cca4bffff,440390944,9496536226,18.0187,0.02402,athlete
891f99cd907ffff,891f99cd903ffff,440390944,9468835556,8.7541,0.597226,athlete
891f99cd907ffff,891f99cd907ffff,440390944,440390944,1.2493,0.990403,athlete
891f99cd907ffff,891f99cd90bffff,440390944,9612610494,10.4283,0.466385,athlete
891f99cd907ffff,891f99cd90fffff,440390944,5134144080,10.5065,0.460265,athlete
891f99cd907ffff,891f99cd913ffff,440390944,4228814167,8.854,0.589525,athlete
891f99cd907ffff,891f99cd917ffff,440390944,9578034936,5.0203,0.852422,athlete
891f99cd907ffff,891f99cd91bffff,440390944,11343319274,12.5893,0.302199,athlete
891f99cd907ffff,891f99cd947ffff,440390944,9340804810,15.7657,0.106579,athlete
891f99cd907ffff,891f99cd94fffff,440390944,9340898284,18.6429,0.011317,athlete
891f99cd907ffff,891f99cd957ffff,440390944,9560549610,15.9536,0.097646,athlete
891f99cd907ffff,891f99cd963ffff,440390944,2477486916,19.5903,0.001035,athlete
891f99cd907ffff,891f99cd973ffff,440390944,2480553393,13.982,0.207251,athlete
891f99cd907ffff,891f99cd977ffff,440390944,7977389789,16.7616,0.063306,athlete
891f99cd907ffff,891f99cd97bffff,440390944,13506766820,19.1279,0.004685,athlete
891f99cd907ffff,891f99cd983ffff,440390944,9577976786,14.1201,0.19853,athlete
891f99cd907ffff,891f99cd987ffff,440390944,9496019473,12.6992,0.294297,athlete
891f99cd907ffff,891f99cd98bffff,440390944,6276210975,11.5526,0.379266,athlete
891f99cd907ffff,891f99cd98fffff,440390944,9578034988,8.9816,0.579644,athlete
891f99cd907ffff,891f99cd997ffff,440390944,9620952677,17.1379,0.049686,athlete
891f99cd907ffff,891f99cd99bffff,440390944,6576315758,17.4919,0.038305,athlete
891f99cd907ffff,891f99cd9abffff,440390944,9496019444,7.897,0.662184,athlete
891f99cd907ffff,891f99cd9b3ffff,440390944,3693529476,14.5554,0.171977,athlete
891f99cd907ffff,891f99cd9bbffff,440390944,2571150096,10.0378,0.49703,athlete
891f99cd907ffff,891f99cd9c3ffff,440390944,9853522590,19.2328,0.003626,athlete
891f99cd907ffff,891f99cd9c7ffff,440390944,7033787067,15.3192,0.129171,athlete
891f99cd907ffff,891f99cd9cfffff,440390944,6264079131,18.7488,0.009625,athlete
891f99cd907ffff,891f99cd9d7ffff,440390944,6219063996,18.6277,0.011571,athlete
891f99cd90bffff,891f99cd827ffff,9612610494,6541998757,16.8533,0.059845,athlete
891f99cd90bffff,891f99cd82fffff,9612610494,9560281154,19.4875,0.00162,athlete
891f99cd90bffff,891f99cd837ffff,9612610494,9496654074,19.4638,0.001772,athlete
891f99cd90bffff,891f99cd903ffff,9612610494,9468835556,6.9027,0.733778,athlete
891f99cd90bffff,891f99cd907ffff,9612610494,440390944,9.6356,0.528604,athlete
891f99cd90bffff,891f99cd90bffff,9612610494,9612610494,1.0386,0.993361,athlete
891f99cd90bffff,891f99cd90fffff,9612610494,5134144080,5.6195,0.817531,athlete
891f99cd90bffff,891f99cd913ffff,9612610494,4228814167,9.9921,0.500617,athlete
891f99cd90bffff,891f99cd917ffff,9612610494,9578034936,9.543,0.535864,athlete
891f99cd90bffff,891f99cd91bffff,9612610494,11343319274,5.6501,0.815673,athlete
891f99cd90bffff,891f99cd943ffff,9612610494,4864904047,11.739,0.365113,athlete
891f99cd90bffff,891f99cd947ffff,9612610494,9340804810,6.376,0.769502,athlete
891f99cd90bffff,891f99cd94bffff,9612610494,1736732466,15.4139,0.124222,athlete
891f99cd90bffff,891f99cd94fffff,9612610494,9340898284,9.2532,0.558516,athlete
891f99cd90bffff,891f99cd953ffff,9612610494,4228945737,11.3148,0.397467,athlete
891f99cd90bffff,891f99cd957ffff,9612610494,9560549610,6.7695,0.742973,athlete
891f99cd90bffff,891f99cd95bffff,9612610494,9317583344,15.4791,0.120864,athlete
891f99cd90bffff,891f99cd963ffff,9612610494,2477486916,11.325,0.396686,athlete
891f99cd90bffff,891f99cd973ffff,9612610494,2480553393,6.0679,0.78956,athlete
891f99cd90bffff,891f99cd977ffff,9612610494,7977389789,9.1863,0.563736,athlete
891f99cd90bffff,891f99cd97bffff,9612610494,13506766820,10.506,0.460304,athlete
891f99cd90bffff,891f99cd983ffff,9612610494,9577976786,18.5923,0.012174,athlete
891f99cd90bffff,891f99cd987ffff,9612610494,9496019473,17.1715,0.048546,athlete
891f99cd90bffff,891f99cd98bffff,9612610494,6276210975,15.8327,0.103352,athlete
891f99cd90bffff,891f99cd98fffff,9612610494,9578034988,13.4538,0.241851,athlete
891f99cd90bffff,891f99cd9abffff,9612610494,9496019444,12.5866,0.302393,athlete
891f99cd90bffff,891f99cd9b3ffff,9612610494,3693529476,19.0781,0.005234,athlete
891f99cd90bffff,891f99cd9bbffff,9612610494,2571150096,14.5605,0.17168,athlete
891f99cd90bffff,891f99cd9c3ffff,9612610494,9853522590,15.4039,0.124743,athlete
891f99cd90bffff,891f99cd9c7ffff,9612610494,7033787067,10.8512,0.43335,athlete
891f99cd90bffff,891f99cd9cbffff,9612610494,6274583816,14.0717,0.201568,athlete
891f99cd90bffff,891f99cd9cfffff,9612610494,6264079131,10.1502,0.488201,athlete
891f99cd90bffff,891f99cd9d3ffff,9612610494,6306034549,19.7032,0.000543,athlete
891f99cd90bffff,891f99cd9d7ffff,9612610494,6219063996,17.1642,0.048789,athlete
891f99cd90bffff,891f99cd9dbffff,9612610494,6251697193,19.3004,0.003016,athlete
891f99cd90bffff,891f99cdb97ffff,9612610494,9343359784,19.2376,0.003581,athlete
891f99cd90fffff,891f99cd903ffff,5134144080,9468835556,8.3693,0.626676,athlete
891f99cd90fffff,891f99cd907ffff,5134144080,440390944,10.7346,0.442433,athlete
891f99cd90fffff,891f99cd90bffff,5134144080,9612610494,5.9633,0.79622,athlete
891f99cd90fffff,891f99cd90fffff,5134144080,5134144080,0.4421,0.998795,athlete
891f99cd90fffff,891f99cd913ffff,5134144080,4228814167,11.4723,0.385397,athlete
891f99cd90fffff,891f99cd917ffff,5134144080,9578034936,10.8055,0.436905,athlete
891f99cd90fffff,891f99cd91bffff,5134144080,11343319274,9.0994,0.570499,athlete
891f99cd90fffff,891f99cd943ffff,5134144080,4864904047,15.9412,0.098222,athlete
891f99cd90fffff,891f99cd947ffff,5134144080,9340804810,10.5387,0.457739,athlete
891f99cd90fffff,891f99cd94bffff,5134144080,1736732466,18.871,0.007842,athlete
891f99cd90fffff,891f99cd94fffff,5134144080,9340898284,12.7103,0.293503,athlete
891f99cd90fffff,891f99cd953ffff,5134144080,4228945737,15.8142,0.104239,athlete
891f99cd90fffff,891f99cd957ffff,5134144080,9560549610,11.2689,0.400998,athlete
891f99cd90fffff,891f99cd95bffff,5134144080,9317583344,19.6814,0.000626,athlete
891f99cd90fffff,891f99cd963ffff,5134144080,2477486916,9.6895,0.52438,athlete
891f99cd90fffff,891f99cd973ffff,5134144080,2480553393,6.162,0.783505,athlete
891f99cd90fffff,891f99cd977ffff,5134144080,7977389789,6.7425,0.744827,athlete
891f99cd90fffff,891f99cd97bffff,5134144080,13506766820,11.3078,0.398004,athlete
891f99cd90fffff,891f99cd983ffff,5134144080,9577976786,19.8548,0.00013,athlete
891f99cd90fffff,891f99cd987ffff,5134144080,9496019473,18.434,0.015052,athlete
891f99cd90fffff,891f99cd98bffff,5134144080,6276210975,17.2873,0.04471,athlete
891f99cd90fffff,891f99cd98fffff,5134144080,9578034988,14.7163,0.162547,athlete
891f99cd90fffff,891f99cd9abffff,5134144080,9496019444,13.8491,0.215776,athlete
891f99cd90fffff,891f99cd9bbffff,5134144080,2571150096,15.823,0.103819,athlete
891f99cd90fffff,891f99cd9c7ffff,5134144080,7033787067,13.2899,0.25296,athlete
891f99cd90fffff,891f99cd9cbffff,5134144080,6274583816,18.5711,0.012541,athlete
891f99cd90fffff,891f99cd9cfffff,5134144080,6264079131,14.8542,0.154634,athlete
891f99cd90fffff,891f99cd9d7ffff,5134144080,6219063996,19.8514,0.000136,athlete
891f99cd913ffff,891f99cca4bffff,4228814167,9496536226,16.1681,0.087871,athlete
891f99cd913ffff,891f99cca5bffff,4228814167,6808340953,17.5495,0.036587,athlete
891f99cd913ffff,891f99cd827ffff,4228814167,6541998757,19.4927,0.001587,athlete
891f99cd913ffff,891f99cd8a7ffff,4228814167,13595211527,19.4542,0.001836,athlete
891f99cd913ffff,891f99cd903ffff,4228814167,9468835556,5.3242,0.835095,athlete
891f99cd913ffff,891f99cd907ffff,4228814167,440390944,8.0621,0.649859,athlete
891f99cd913ffff,891f99cd90bffff,4228814167,9612610494,9.8518,0.51164,athlete
891f99cd913ffff,891f99cd90fffff,4228814167,5134144080,10.3806,0.470125,athlete
891f99cd913ffff,891f99cd913ffff,4228814167,4228814167,0.0561,0.999981,athlete
891f99cd913ffff,891f99cd917ffff,4228814167,9578034936,7.5418,0.688307,athlete
891f99cd913ffff,891f99cd91bffff,4228814167,11343319274,6.7515,0.744209,athlete
891f99cd913ffff,891f99cd943ffff,4228814167,4864904047,16.7375,0.064234,athlete
891f99cd913ffff,891f99cd947ffff,4228814167,9340804810,15.1892,0.136099,athlete
891f99cd913ffff,891f99cd94fffff,4228814167,9340898284,17.8989,0.026984,athlete
891f99cd913ffff,891f99cd953ffff,4228814167,4228945737,13.9542,0.209028,athlete
891f99cd913ffff,891f99cd957ffff,4228814167,9560549610,11.6006,0.375611,athlete
891f99cd913ffff,891f99cd95bffff,4228814167,9317583344,19.5731,0.001124,athlete
891f99cd913ffff,891f99cd963ffff,4228814167,2477486916,19.4645,0.001768,athlete
891f99cd913ffff,891f99cd973ffff,4228814167,2480553393,13.8562,0.21532,athlete
891f99cd913ffff,891f99cd977ffff,4228814167,7977389789,16.6358,0.068205,athlete
891f99cd913ffff,891f99cd97bffff,4228814167,13506766820,19.002,0.006131,athlete
891f99cd913ffff,891f99cd983ffff,4228814167,9577976786,8.8186,0.592258,athlete
891f99cd913ffff,891f99cd987ffff,4228814167,9496019473,10.8273,0.43521,athlete
891f99cd913ffff,891f99cd98bffff,4228814167,6276210975,6.2511,0.777716,athlete
891f99cd913ffff,891f99cd98fffff,4228814167,9578034988,5.1005,0.84793,athlete
891f99cd913ffff,891f99cd993ffff,4228814167,9476330915,15.3539,0.12735,athlete
891f99cd913ffff,891f99cd997ffff,4228814167,9620952677,11.8364,0.357765,athlete
891f99cd913ffff,891f99cd99bffff,4228814167,6576315758,12.1903,0.331345,athlete
891f99cd913ffff,891f99cd9abffff,4228814167,9496019444,10.2516,0.480243,athlete
891f99cd913ffff,891f99cd9b3ffff,4228814167,3693529476,13.7699,0.220918,athlete
891f99cd913ffff,891f99cd9bbffff,4228814167,2571150096,9.4113,0.546171,athlete
891f99cd913ffff,891f99cd9c3ffff,4228814167,9853522590,11.1866,0.407345,athlete
891f99cd913ffff,891f99cd9c7ffff,4228814167,7033787067,7.1478,0.716589,athlete
891f99cd913ffff,891f99cd9cbffff,4228814167,6274583816,16.6531,0.06752,athlete
891f99cd913ffff,891f99cd9cfffff,4228814167,6264079131,10.7906,0.438067,athlete
891f99cd913ffff,891f99cd9d3ffff,4228814167,6306034549,14.9472,0.149392,athlete
891f99cd913ffff,891f99cd9d7ffff,4228814167,6219063996,10.9809,0.423266,athlete
891f99cd913ffff,891f99cd9dbffff,4228814167,6251697193,16.6757,0.066632,athlete
891f99cd913ffff,891f99cdd27ffff,4228814167,6792684819,19.7205,0.000482,athlete
891f99cd913ffff,891f99cdd2bffff,4228814167,9769034838,19.2178,0.00377,athlete
891f99cd913ffff,891f99cdd2fffff,4228814167,9621093945,17.3804,0.041736,athlete
891f99cd913ffff,891f99cdd63ffff,4228814167,9474270025,18.1735,0.020438,athlete
891f99cd913ffff,891f99cdd67ffff,4228814167,10866880269,15.4892,0.12035,athlete
891f99cd913ffff,891f99cdd6bffff,4228814167,6293459375,18.339,0.016923,athlete
891f99cd913ffff,891f99cdd6fffff,4228814167,1831777965,15.8034,0.10476,athlete
891f99cd917ffff,891f99cca4bffff,9578034936,9496536226,14.3317,0.18544,athlete
891f99cd917ffff,891f99cca5bffff,9578034936,6808340953,17.8284,0.028809,athlete
891f99cd917ffff,891f99cd903ffff,9578034936,9468835556,7.5503,0.687686,athlete
891f99cd917ffff,891f99cd907ffff,9578034936,440390944,4.7021,0.869707,athlete
891f99cd917ffff,891f99cd90bffff,9578034936,9612610494,9.4282,0.544845,athlete
891f99cd917ffff,891f99cd90fffff,9578034936,5134144080,9.6544,0.527134,athlete
891f99cd917ffff,891f99cd913ffff,9578034936,4228814167,7.4288,0.696496,athlete
891f99cd917ffff,891f99cd917ffff,9578034936,9578034936,1.3333,0.989074,athlete
891f99cd917ffff,891f99cd91bffff,9578034936,11343319274,11.3506,0.39472,athlete
891f99cd917ffff,891f99cd943ffff,9578034936,4864904047,19.8885,7.7e-05,athlete
891f99cd917ffff,891f99cd947ffff,9578034936,9340804810,14.7656,0.159699,athlete
891f99cd917ffff,891f99cd94fffff,9578034936,9340898284,17.6429,0.033883,athlete
891f99cd917ffff,891f99cd953ffff,9578034936,4228945737,19.3009,0.003012,athlete
891f99cd917ffff,891f99cd957ffff,9578034936,9560549610,14.8162,0.156803,athlete
891f99cd917ffff,891f99cd963ffff,9578034936,2477486916,18.7382,0.009789,athlete
891f99cd917ffff,891f99cd973ffff,9578034936,2480553393,13.1299,0.263961,athlete
891f99cd917ffff,891f99cd977ffff,9578034936,7977389789,15.9095,0.099708,athlete
891f99cd917ffff,891f99cd97bffff,9578034936,13506766820,18.2758,0.018227,athlete
891f99cd917ffff,891f99cd983ffff,9578034936,9577976786,11.4661,0.385865,athlete
891f99cd917ffff,891f99cd987ffff,9578034936,9496019473,9.4473,0.543355,athlete
891f99cd917ffff,891f99cd98bffff,9578034936,6276210975,9.8225,0.51394,athlete
891f99cd917ffff,891f99cd98fffff,9578034936,9578034988,6.2295,0.779124,athlete
891f99cd917ffff,891f99cd993ffff,9578034936,9476330915,18.4064,0.015584,athlete
891f99cd917ffff,891f99cd997ffff,9578034936,9620952677,14.4839,0.176237,athlete
891f99cd917ffff,891f99cd99bffff,9578034936,6576315758,15.2694,0.131806,athlete
891f99cd917ffff,891f99cd9abffff,9578034936,9496019444,4.3769,0.886408,athlete
891f99cd917ffff,891f99cd9b3ffff,9578034936,3693529476,10.8684,0.432005,athlete
891f99cd917ffff,891f99cd9bbffff,9578034936,2571150096,6.3508,0.771168,athlete
891f99cd917ffff,891f99cd9c3ffff,9578034936,9853522590,17.5027,0.037979,athlete
891f99cd917ffff,891f99cd9c7ffff,9578034936,7033787067,13.9108,0.211802,athlete
891f99cd917ffff,891f99cd9cfffff,9578034936,6264079131,17.5101,0.037757,athlete
891f99cd917ffff,891f99cd9d3ffff,9578034936,6306034549,19.5523,0.001236,athlete
891f99cd917ffff,891f99cd9d7ffff,9578034936,6219063996,16.8976,0.058204,athlete
891f99cd917ffff,891f99cdd67ffff,9578034936,10866880269,19.0219,0.00589,athlete
891f99cd917ffff,891f99cdd6fffff,9578034936,1831777965,19.3748,0.002409,athlete
891f99cd91bffff,891f99cca4bffff,11343319274,9496536226,19.6375,0.00081,athlete
891f99cd91bffff,891f99cd823ffff,11343319274,262524963,18.1101,0.021871,athlete
891f99cd91bffff,891f99cd827ffff,11343319274,6541998757,14.5904,0.169909,athlete
891f99cd91bffff,891f99cd82fffff,11343319274,9560281154,18.4965,0.01388,athlete
891f99cd91bffff,891f99cd837ffff,11343319274,9496654074,17.2009,0.047555,athlete
891f99cd91bffff,891f99cd903ffff,11343319274,9468835556,5.7647,0.808637,athlete
891f99cd91bffff,891f99cd907ffff,11343319274,440390944,11.06,0.417131,athlete
891f99cd91bffff,891f99cd90bffff,11343319274,9612610494,4.7992,0.864528,athlete
891f99cd91bffff,891f99cd90fffff,11343319274,5134144080,7.6495,0.680445,athlete
891f99cd91bffff,891f99cd913ffff,11343319274,4228814167,6.137,0.785122,athlete
891f99cd91bffff,891f99cd917ffff,11343319274,9578034936,10.822,0.435616,athlete
891f99cd91bffff,891f99cd91bffff,11343319274,11343319274,0.1382,0.999882,athlete
891f99cd91bffff,891f99cd943ffff,11343319274,4864904047,10.8508,0.433373,athlete
891f99cd91bffff,891f99cd947ffff,11343319274,9340804810,9.7305,0.52116,athlete
891f99cd91bffff,891f99cd94bffff,11343319274,1736732466,15.8637,0.101875,athlete
891f99cd91bffff,891f99cd94fffff,11343319274,9340898284,12.0123,0.344571,athlete
891f99cd91bffff,891f99cd953ffff,11343319274,4228945737,9.0519,0.574187,athlete
891f99cd91bffff,891f99cd957ffff,11343319274,9560549610,5.714,0.811765,athlete
891f99cd91bffff,891f99cd95bffff,11343319274,9317583344,14.5043,0.175019,athlete
891f99cd91bffff,891f99cd963ffff,11343319274,2477486916,14.8979,0.152161,athlete
891f99cd91bffff,891f99cd973ffff,11343319274,2480553393,9.3958,0.547386,athlete
891f99cd91bffff,891f99cd977ffff,11343319274,7977389789,12.5141,0.307635,athlete
891f99cd91bffff,891f99cd97bffff,11343319274,13506766820,14.0752,0.201347,athlete
891f99cd91bffff,891f99cd983ffff,11343319274,9577976786,13.5004,0.238722,athlete
891f99cd91bffff,891f99cd987ffff,11343319274,9496019473,14.2966,0.187588,athlete
891f99cd91bffff,891f99cd98bffff,11343319274,6276210975,10.5169,0.459448,athlete
891f99cd91bffff,891f99cd98fffff,11343319274,9578034988,9.7823,0.517091,athlete
891f99cd91bffff,891f99cd993ffff,11343319274,9476330915,19.5228,0.001404,athlete
891f99cd91bffff,891f99cd997ffff,11343319274,9620952677,16.5182,0.072934,athlete
891f99cd91bffff,891f99cd99bffff,11343319274,6576315758,16.3593,0.079558,athlete
891f99cd91bffff,891f99cd9abffff,11343319274,9496019444,13.721,0.224115,athlete
891f99cd91bffff,891f99cd9b3ffff,11343319274,3693529476,17.2392,0.046283,athlete
891f99cd91bffff,891f99cd9bbffff,11343319274,2571150096,12.8806,0.281397,athlete
891f99cd91bffff,891f99cd9c3ffff,11343319274,9853522590,11.7021,0.367905,athlete
891f99cd91bffff,891f99cd9c7ffff,11343319274,7033787067,5.4717,0.826413,athlete
891f99cd91bffff,891f99cd9cbffff,11343319274,6274583816,11.8088,0.359838,athlete
891f99cd91bffff,891f99cd9cfffff,11343319274,6264079131,6.4485,0.764691,athlete
891f99cd91bffff,891f99cd9d3ffff,11343319274,6306034549,15.9328,0.098616,athlete
891f99cd91bffff,891f99cd9d7ffff,11343319274,6219063996,11.9665,0.347995,athlete
891f99cd91bffff,891f99cd9dbffff,11343319274,6251697193,16.5277,0.072549,athlete
891f99cd91bffff,891f99cdb97ffff,11343319274,9343359784,19.7031,0.000544,athlete
891f99cd91bffff,891f99cdd67ffff,11343319274,10866880269,19.2175,0.003772,athlete
891f99cd91bffff,891f99cdd6fffff,11343319274,1831777965,18.0704,0.022792,athlete
891f99cd943ffff,891f99cd823ffff,4864904047,262524963,13.9532,0.209086,athlete
891f99cd943ffff,891f99cd827ffff,4864904047,6541998757,11.146,0.410477,athlete
891f99cd943ffff,891f99cd82bffff,4864904047,441965615,13.972,0.207888,athlete
891f99cd943ffff,891f99cd82fffff,4864904047,9560281154,9.5569,0.534776,athlete
891f99cd943ffff,891f99cd833ffff,4864904047,2902864074,18.9621,0.00663,athlete
891f99cd943ffff,891f99cd837ffff,4864904047,9496654074,14.9214,0.150837,athlete
891f99cd943ffff,891f99cd83bffff,4864904047,561077793,18.3642,0.016415,athlete
891f99cd943ffff,891f99cd903ffff,4864904047,9468835556,14.6917,0.163976,athlete
891f99cd943ffff,891f99cd907ffff,4864904047,440390944,19.6382,0.000807,athlete
891f99cd943ffff,891f99cd90bffff,4864904047,9612610494,11.0412,0.418588,athlete
891f99cd943ffff,891f99cd90fffff,4864904047,5134144080,15.6221,0.11364,athlete
891f99cd943ffff,891f99cd913ffff,4864904047,4228814167,16.1978,0.086557,athlete
891f99cd943ffff,891f99cd917ffff,4864904047,9578034936,19.5456,0.001273,athlete
891f99cd943ffff,891f99cd91bffff,4864904047,11343319274,11.3531,0.394529,athlete
891f99cd943ffff,891f99cd943ffff,4864904047,4864904047,0.4557,0.99872,athlete
891f99cd943ffff,891f99cd947ffff,4864904047,9340804810,6.168,0.783115,athlete
891f99cd943ffff,891f99cd94bffff,4864904047,1736732466,6.3765,0.769473,athlete
891f99cd943ffff,891f99cd94fffff,4864904047,9340898284,5.9556,0.796708,athlete
891f99cd943ffff,891f99cd953ffff,4864904047,4228945737,6.7464,0.744556,athlete
891f99cd943ffff,891f99cd957ffff,4864904047,9560549610,6.4024,0.767755,athlete
891f99cd943ffff,891f99cd95bffff,4864904047,9317583344,5.1006,0.847925,athlete
891f99cd943ffff,891f99cd963ffff,4864904047,2477486916,14.0283,0.204315,athlete
891f99cd943ffff,891f99cd973ffff,4864904047,2480553393,12.2152,0.32951,athlete
891f99cd943ffff,891f99cd977ffff,4864904047,7977389789,16.4612,0.075279,athlete
891f99cd943ffff,891f99cd97bffff,4864904047,13506766820,9.904,0.507541,athlete
891f99cd943ffff,891f99cd9c3ffff,4864904047,9853522590,16.5689,0.070876,athlete
891f99cd943ffff,891f99cd9c7ffff,4864904047,7033787067,16.3111,0.081619,athlete
891f99cd943ffff,891f99cd9cbffff,4864904047,6274583816,12.0019,0.345349,athlete
891f99cd943ffff,891f99cd9cfffff,4864904047,6264079131,11.116,0.4128,athlete
891f99cd943ffff,891f99cd9d7ffff,4864904047,6219063996,18.8249,0.008493,athlete
891f99cd943ffff,891f99cd9dbffff,4864904047,6251697193,17.334,0.043204,athlete
891f99cd943ffff,891f99cdb93ffff,4864904047,1929307047,13.4309,0.243396,athlete
891f99cd943ffff,891f99cdb97ffff,4864904047,9343359784,10.1352,0.489379,athlete
891f99cd947ffff,891f99cd823ffff,9340804810,262524963,18.0302,0.023744,athlete
891f99cd947ffff,891f99cd827ffff,9340804810,6541998757,14.5105,0.174647,athlete
891f99cd947ffff,891f99cd82bffff,9340804810,441965615,18.8779,0.007747,athlete
891f99cd947ffff,891f99cd82fffff,9340804810,9560281154,15.0221,0.145224,athlete
891f99cd947ffff,891f99cd837ffff,9340804810,9496654074,17.6166,0.034634,athlete
891f99cd947ffff,891f99cd903ffff,9340804810,9468835556,12.9737,0.274849,athlete
891f99cd947ffff,891f99cd907ffff,9340804810,440390944,15.7066,0.109462,athlete
891f99cd947ffff,891f99cd90bffff,9340804810,9612610494,7.1096,0.719292,athlete
891f99cd947ffff,891f99cd90fffff,9340804810,5134144080,11.6669,0.370575,athlete
891f99cd947ffff,891f99cd913ffff,9340804810,4228814167,15.7404,0.107811,athlete
891f99cd947ffff,891f99cd917ffff,9340804810,9578034936,15.614,0.114046,athlete
891f99cd947ffff,891f99cd91bffff,9340804810,11343319274,10.8956,0.429891,athlete
891f99cd947ffff,891f99cd943ffff,9340804810,4864904047,6.8256,0.739112,athlete
891f99cd947ffff,891f99cd947ffff,9340804810,9340804810,1.1814,0.991416,athlete
891f99cd947ffff,891f99cd94bffff,9340804810,1736732466,10.3864,0.469668,athlete
891f99cd947ffff,891f99cd94fffff,9340804810,9340898284,4.2258,0.893834,athlete
891f99cd947ffff,891f99cd953ffff,9340804810,4228945737,8.972,0.580385,athlete
891f99cd947ffff,891f99cd957ffff,9340804810,9560549610,5.999,0.793959,athlete
891f99cd947ffff,891f99cd95bffff,9340804810,9317583344,10.5658,0.455624,athlete
891f99cd947ffff,891f99cd963ffff,9340804810,2477486916,9.219,0.561186,athlete
891f99cd947ffff,891f99cd973ffff,9340804810,2480553393,8.0805,0.648483,athlete
891f99cd947ffff,891f99cd977ffff,9340804810,7977389789,12.3266,0.321313,athlete
891f99cd947ffff,891f99cd97bffff,9340804810,13506766820,5.6198,0.817509,athlete
891f99cd947ffff,891f99cd98fffff,9340804810,9578034988,19.5248,0.001392,athlete
891f99cd947ffff,891f99cd9abffff,9340804810,9496019444,18.6576,0.011075,athlete
891f99cd947ffff,891f99cd9c3ffff,9340804810,9853522590,16.7366,0.064269,athlete
891f99cd947ffff,891f99cd9c7ffff,9340804810,7033787067,15.9683,0.096962,athlete
891f99cd947ffff,891f99cd9cbffff,9340804810,6274583816,12.5231,0.306985,athlete
891f99cd947ffff,891f99cd9cfffff,9340804810,6264079131,11.1196,0.41252,athlete
891f99cd947ffff,891f99cd9d7ffff,9340804810,6219063996,18.9926,0.006247,athlete
891f99cd947ffff,891f99cd9dbffff,9340804810,6251697193,17.7518,0.030857,athlete
891f99cd947ffff,891f99cdb93ffff,9340804810,1929307047,17.5603,0.036267,athlete
891f99cd947ffff,891f99cdb97ffff,9340804810,9343359784,14.2101,0.192919,athlete
891f99cd94bffff,891f99cd823ffff,1736732466,262524963,13.3694,0.247549,athlete
891f99cd94bffff,891f99cd827ffff,1736732466,6541998757,11.1769,0.408093,athlete
891f99cd94bffff,891f99cd82bffff,1736732466,441965615,12.4516,0.312177,athlete
891f99cd94bffff,891f99cd82fffff,1736732466,9560281154,8.1975,0.639681,athlete
891f99cd94bffff,891f99cd833ffff,1736732466,2902864074,18.8041,0.008796,athlete
891f99cd94bffff,891f99cd837ffff,1736732466,9496654074,14.854,0.15465,athlete
891f99cd94bffff,891f99cd83bffff,1736732466,561077793,17.7804,0.030083,athlete
891f99cd94bffff,891f99cd877ffff,1736732466,9602755803,19.8511,0.000137,athlete
891f99cd94bffff,891f99cd903ffff,1736732466,9468835556,19.8776,9.2e-05,athlete
891f99cd94bffff,891f99cd90bffff,1736732466,9612610494,16.2271,0.085268,athlete
891f99cd94bffff,891f99cd91bffff,1736732466,11343319274,16.6685,0.066915,athlete
891f99cd94bffff,891f99cd943ffff,1736732466,4864904047,6.9413,0.731093,athlete
891f99cd94bffff,891f99cd947ffff,1736732466,9340804810,10.7324,0.442606,athlete
891f99cd94bffff,891f99cd94bffff,1736732466,1736732466,2.7266,0.954838,athlete
891f99cd94bffff,891f99cd94fffff,1736732466,9340898284,7.5762,0.6858,athlete
891f99cd94bffff,891f99cd953ffff,1736732466,4228945737,9.3419,0.551594,athlete
891f99cd94bffff,891f99cd957ffff,1736732466,9560549610,11.7178,0.366713,athlete
891f99cd94bffff,891f99cd95bffff,1736732466,9317583344,4.5167,0.879348,athlete
891f99cd94bffff,891f99cd963ffff,1736732466,2477486916,16.9864,0.054984,athlete
891f99cd94bffff,891f99cd973ffff,1736732466,2480553393,16.5914,0.069975,athlete
891f99cd94bffff,891f99cd97bffff,1736732466,13506766820,12.6111,0.300625,athlete
891f99cd94bffff,891f99cd9c3ffff,1736732466,9853522590,19.3453,0.002642,athlete
891f99cd94bffff,891f99cd9c7ffff,1736732466,7033787067,19.1825,0.004116,athlete
891f99cd94bffff,891f99cd9cbffff,1736732466,6274583816,14.7783,0.15897,athlete
891f99cd94bffff,891f99cd9cfffff,1736732466,6264079131,13.9874,0.206906,athlete
891f99cd94bffff,891f99cd9dbffff,1736732466,6251697193,19.4591,0.001804,athlete
891f99cd94bffff,891f99cdb93ffff,1736732466,1929307047,10.1759,0.486184,athlete
891f99cd94bffff,891f99cdb97ffff,1736732466,9343359784,6.5766,0.756104,athlete
891f99cd94fffff,891f99cd823ffff,9340898284,262524963,18.4528,0.014694,athlete
891f99cd94fffff,891f99cd827ffff,9340898284,6541998757,16.2602,0.083819,athlete
891f99cd94fffff,891f99cd82bffff,9340898284,441965615,17.5786,0.035734,athlete
891f99cd94fffff,891f99cd82fffff,9340898284,9560281154,13.2809,0.253576,athlete
891f99cd94fffff,891f99cd837ffff,9340898284,9496654074,19.9373,2.4e-05,athlete
891f99cd94fffff,891f99cd903ffff,9340898284,9468835556,16.6395,0.068058,athlete
891f99cd94fffff,891f99cd907ffff,9340898284,440390944,19.3724,0.002428,athlete
891f99cd94fffff,891f99cd90bffff,9340898284,9612610494,10.7754,0.439248,athlete
891f99cd94fffff,891f99cd90fffff,9340898284,5134144080,14.5737,0.170894,athlete
891f99cd94fffff,891f99cd913ffff,9340898284,4228814167,18.7751,0.009226,athlete
891f99cd94fffff,891f99cd917ffff,9340898284,9578034936,19.2798,0.003196,athlete
891f99cd94fffff,891f99cd91bffff,9340898284,11343319274,13.9304,0.210548,athlete
891f99cd94fffff,891f99cd943ffff,9340898284,4864904047,6.9505,0.730451,athlete
891f99cd94fffff,891f99cd947ffff,9340898284,9340804810,4.9256,0.857659,athlete
891f99cd94fffff,891f99cd94bffff,9340898284,1736732466,7.8783,0.66357,athlete
891f99cd94fffff,891f99cd94fffff,9340898284,9340898284,1.5824,0.984633,athlete
891f99cd94fffff,891f99cd953ffff,9340898284,4228945737,11.2292,0.404055,athlete
891f99cd94fffff,891f99cd957ffff,9340898284,9560549610,8.9797,0.57979,athlete
891f99cd94fffff,891f99cd95bffff,9340898284,9317583344,9.6001,0.531389,athlete
891f99cd94fffff,891f99cd963ffff,9340898284,2477486916,10.9926,0.422356,athlete
891f99cd94fffff,891f99cd973ffff,9340898284,2480553393,10.6272,0.450817,athlete
891f99cd94fffff,891f99cd977ffff,9340898284,7977389789,14.8733,0.153554,athlete
891f99cd94fffff,891f99cd97bffff,9340898284,13506766820,6.6174,0.753346,athlete
891f99cd94fffff,891f99cd9c3ffff,9340898284,9853522590,19.6878,0.000601,athlete
891f99cd94fffff,891f99cd9c7ffff,9340898284,7033787067,19.003,0.006119,athlete
891f99cd94fffff,891f99cd9cbffff,9340898284,6274583816,15.3206,0.129098,athlete
891f99cd94fffff,891f99cd9cfffff,9340898284,6264079131,14.0708,0.201625,athlete
891f99cd94fffff,891f99cdb93ffff,9340898284,1929307047,15.3029,0.130031,athlete
891f99cd94fffff,891f99cdb97ffff,9340898284,9343359784,11.5668,0.378183,athlete
891f99cd953ffff,891f99cd807ffff,4228945737,6539316791,16.7275,0.064617,athlete
891f99cd953ffff,891f99cd823ffff,4228945737,262524963,9.4429,0.543697,athlete
891f99cd953ffff,891f99cd827ffff,4228945737,6541998757,5.9232,0.798748,athlete
891f99cd953ffff,891f99cd82bffff,4228945737,441965615,13.8566,0.215293,athlete
891f99cd953ffff,891f99cd82fffff,4228945737,9560281154,10.3488,0.472619,athlete
891f99cd953ffff,891f99cd833ffff,4228945737,2902864074,13.7393,0.222914,athlete
891f99cd953ffff,891f99cd837ffff,4228945737,9496654074,9.6986,0.52366,athlete
891f99cd953ffff,891f99cd83bffff,4228945737,561077793,15.0022,0.146327,athlete
891f99cd953ffff,891f99cd8a3ffff,4228945737,3731973493,17.945,0.025825,athlete
891f99cd953ffff,891f99cd8a7ffff,4228945737,13595211527,15.0458,0.143913,athlete
891f99cd953ffff,891f99cd8abffff,4228945737,29749460,17.4633,0.039171,athlete
891f99cd953ffff,891f99cd8afffff,4228945737,562679457,14.8952,0.152313,athlete
891f99cd953ffff,891f99cd8b7ffff,4228945737,12812222615,19.7758,0.00031,athlete
891f99cd953ffff,891f99cd903ffff,4228945737,9468835556,15.2177,0.134566,athlete
891f99cd953ffff,891f99cd90bffff,4228945737,9612610494,11.6982,0.368201,athlete
891f99cd953ffff,891f99cd90fffff,4228945737,5134144080,16.2791,0.083002,athlete
891f99cd953ffff,891f99cd913ffff,4228945737,4228814167,14.109,0.199228,athlete
891f99cd953ffff,891f99cd91bffff,4228945737,11343319274,10.0292,0.497705,athlete
891f99cd953ffff,891f99cd943ffff,4228945737,4864904047,6.8919,0.734526,athlete
891f99cd953ffff,891f99cd947ffff,4228945737,9340804810,8.5831,0.610366,athlete
891f99cd953ffff,891f99cd94bffff,4228945737,1736732466,8.4066,0.623841,athlete
891f99cd953ffff,891f99cd94fffff,4228945737,9340898284,10.3636,0.471457,athlete
891f99cd953ffff,891f99cd953ffff,4228945737,4228945737,0.3847,0.999087,athlete
891f99cd953ffff,891f99cd957ffff,4228945737,9560549610,5.9933,0.794315,athlete
891f99cd953ffff,891f99cd95bffff,4228945737,9317583344,6.4518,0.76447,athlete
891f99cd953ffff,891f99cd963ffff,4228945737,2477486916,16.1814,0.087285,athlete
891f99cd953ffff,891f99cd973ffff,4228945737,2480553393,14.2307,0.191643,athlete
891f99cd953ffff,891f99cd977ffff,4228945737,7977389789,17.3491,0.042725,athlete
891f99cd953ffff,891f99cd97bffff,4228945737,13506766820,12.7031,0.294021,athlete
891f99cd953ffff,891f99cd98bffff,4228945737,6276210975,14.0451,0.203248,athlete
891f99cd953ffff,891f99cd98fffff,4228945737,9578034988,17.7543,0.030787,athlete
891f99cd953ffff,891f99cd99bffff,4228945737,6576315758,19.4881,0.001616,athlete
891f99cd953ffff,891f99cd9c3ffff,4228945737,9853522590,10.3882,0.469533,athlete
891f99cd953ffff,891f99cd9c7ffff,4228945737,7033787067,10.3739,0.470651,athlete
891f99cd953ffff,891f99cd9cbffff,4228945737,6274583816,5.8211,0.80514,athlete
891f99cd953ffff,891f99cd9cfffff,4228945737,6264079131,5.1788,0.843486,athlete
891f99cd953ffff,891f99cd9d3ffff,4228945737,6306034549,13.9256,0.210856,athlete
891f99cd953ffff,891f99cd9d7ffff,4228945737,6219063996,12.6442,0.298247,athlete
891f99cd953ffff,891f99cd9dbffff,4228945737,6251697193,11.1533,0.409916,athlete
891f99cd953ffff,891f99cdb93ffff,4228945737,1929307047,14.635,0.167285,athlete
891f99cd953ffff,891f99cdb97ffff,4228945737,9343359784,11.777,0.362238,athlete
891f99cd953ffff,891f99cdd6bffff,4228945737,6293459375,19.0017,0.006135,athlete
891f99cd953ffff,891f99cdd6fffff,4228945737,1831777965,18.834,0.008363,athlete
891f99cd957ffff,891f99cd823ffff,9560549610,262524963,14.862,0.154195,athlete
891f99cd957ffff,891f99cd827ffff,9560549610,6541998757,11.3423,0.395357,athlete
891f99cd957ffff,891f99cd82bffff,9560549610,441965615,17.854,0.028141,athlete
891f99cd957ffff,891f99cd82fffff,9560549610,9560281154,14.2856,0.188261,athlete
891f99cd957ffff,891f99cd833ffff,9560549610,2902864074,18.5666,0.012621,athlete
891f99cd957ffff,891f99cd837ffff,9560549610,9496654074,14.2899,0.187995,athlete
891f99cd957ffff,891f99cd8a7ffff,9560549610,13595211527,18.0731,0.022729,athlete
891f99cd957ffff,891f99cd8afffff,9560549610,562679457,18.9982,0.006178,athlete
891f99cd957ffff,891f99cd903ffff,9560549610,9468835556,10.0271,0.49787,athlete
891f99cd957ffff,891f99cd907ffff,9560549610,440390944,14.9736,0.147916,athlete
891f99cd957ffff,891f99cd90bffff,9560549610,9612610494,6.3766,0.769461,athlete
891f99cd957ffff,891f99cd90fffff,9560549610,5134144080,10.9575,0.425081,athlete
891f99cd957ffff,891f99cd913ffff,9560549610,4228814167,11.1353,0.411304,athlete
891f99cd957ffff,891f99cd917ffff,9560549610,9578034936,14.881,0.153118,athlete
891f99cd957ffff,891f99cd91bffff,9560549610,11343319274,6.2906,0.77513,athlete
891f99cd957ffff,891f99cd943ffff,9560549610,4864904047,6.64,0.751812,athlete
891f99cd957ffff,891f99cd947ffff,9560549610,9340804810,5.5966,0.81892,athlete
891f99cd957ffff,891f99cd94bffff,9560549610,1736732466,11.6529,0.371637,athlete
891f99cd957ffff,891f99cd94fffff,9560549610,9340898284,7.8244,0.667566,athlete
891f99cd957ffff,891f99cd953ffff,9560549610,4228945737,5.8038,0.806218,athlete
891f99cd957ffff,891f99cd957ffff,9560549610,9560549610,0.3004,0.999443,athlete
891f99cd957ffff,891f99cd95bffff,9560549610,9317583344,10.2935,0.47696,athlete
891f99cd957ffff,891f99cd963ffff,9560549610,2477486916,10.764,0.440141,athlete
891f99cd957ffff,891f99cd973ffff,9560549610,2480553393,8.7559,0.59709,athlete
891f99cd957ffff,891f99cd977ffff,9560549610,7977389789,12.0275,0.343436,athlete
891f99cd957ffff,891f99cd97bffff,9560549610,13506766820,9.9413,0.50461,athlete
891f99cd957ffff,891f99cd983ffff,9560549610,9577976786,19.2234,0.003716,athlete
891f99cd957ffff,891f99cd987ffff,9560549610,9496019473,18.9779,0.00643,athlete
891f99cd957ffff,891f99cd98bffff,9560549610,6276210975,15.5699,0.116255,athlete
891f99cd957ffff,891f99cd98fffff,9560549610,9578034988,15.0866,0.14167,athlete
891f99cd957ffff,891f99cd9abffff,9560549610,9496019444,17.9246,0.026335,athlete
891f99cd957ffff,891f99cd9bbffff,9560549610,2571150096,17.562,0.036219,athlete
891f99cd957ffff,891f99cd9c3ffff,9560549610,9853522590,13.1654,0.261507,athlete
891f99cd957ffff,891f99cd9c7ffff,9560549610,7033787067,10.7474,0.441437,athlete
891f99cd957ffff,891f99cd9cbffff,9560549610,6274583816,8.9519,0.581943,athlete
891f99cd957ffff,891f99cd9cfffff,9560549610,6264079131,6.8507,0.737381,athlete
891f99cd957ffff,891f99cd9d3ffff,9560549610,6306034549,16.9529,0.056188,athlete
891f99cd957ffff,891f99cd9d7ffff,9560549610,6219063996,15.3939,0.12526,athlete
891f99cd957ffff,891f99cd9dbffff,9560549610,6251697193,14.1806,0.194751,athlete
891f99cd957ffff,891f99cdb93ffff,9560549610,1929307047,18.5719,0.012529,athlete
891f99cd957ffff,891f99cdb97ffff,9560549610,9343359784,15.4922,0.120193,athlete
891f99cd95bffff,891f99cd807ffff,9317583344,6539316791,17.414,0.040688,athlete
891f99cd95bffff,891f99cd80fffff,9317583344,9626457904,18.0083,0.024271,athlete
891f99cd95bffff,891f99cd823ffff,9317583344,262524963,9.2971,0.555096,athlete
891f99cd95bffff,891f99cd827ffff,9317583344,6541998757,7.1045,0.71965,athlete
891f99cd95bffff,891f99cd82bffff,9317583344,441965615,9.3158,0.553631,athlete
891f99cd95bffff,891f99cd82fffff,9317583344,9560281154,4.9007,0.859026,athlete
891f99cd95bffff,891f99cd833ffff,9317583344,2902864074,14.7318,0.161652,athlete
891f99cd95bffff,891f99cd837ffff,9317583344,9496654074,10.7816,0.438767,athlete
891f99cd95bffff,891f99cd83bffff,9317583344,561077793,13.708,0.224961,athlete
891f99cd95bffff,891f99cd873ffff,9317583344,9626086167,19.4812,0.001659,athlete
891f99cd95bffff,891f99cd877ffff,9317583344,9602755803,15.7788,0.105947,athlete
891f99cd95bffff,891f99cd8a7ffff,9317583344,13595211527,19.029,0.005805,athlete
891f99cd95bffff,891f99cd8abffff,9317583344,29749460,18.5463,0.01298,athlete
891f99cd95bffff,891f99cd8afffff,9317583344,562679457,16.1359,0.089309,athlete
891f99cd95bffff,891f99cd903ffff,9317583344,9468835556,18.3415,0.016871,athlete
891f99cd95bffff,891f99cd90bffff,9317583344,9612610494,14.691,0.164016,athlete
891f99cd95bffff,891f99cd90fffff,9317583344,5134144080,19.2719,0.003267,athlete
891f99cd95bffff,891f99cd913ffff,9317583344,4228814167,19.3485,0.002616,athlete
891f99cd95bffff,891f99cd91bffff,9317583344,11343319274,14.7569,0.160202,athlete
891f99cd95bffff,891f99cd943ffff,9317583344,4864904047,5.1021,0.84784,athlete
891f99cd95bffff,891f99cd947ffff,9317583344,9340804810,9.8925,0.508445,athlete
891f99cd95bffff,891f99cd94bffff,9317583344,1736732466,3.77,0.91486,athlete
891f99cd95bffff,891f99cd94fffff,9317583344,9340898284,8.4127,0.62338,athlete
891f99cd95bffff,891f99cd953ffff,9317583344,4228945737,5.9876,0.794681,athlete
891f99cd95bffff,891f99cd957ffff,9317583344,9560549610,9.8062,0.515217,athlete
891f99cd95bffff,891f99cd95bffff,9317583344,9317583344,0.4444,0.998782,athlete
891f99cd95bffff,891f99cd963ffff,9317583344,2477486916,17.7527,0.030831,athlete
891f99cd95bffff,891f99cd973ffff,9317583344,2480553393,15.9396,0.098298,athlete
891f99cd95bffff,891f99cd97bffff,9317583344,13506766820,13.4206,0.244091,athlete
891f99cd95bffff,891f99cd98bffff,9317583344,6276210975,19.648,0.000764,athlete
891f99cd95bffff,891f99cd9c3ffff,9317583344,9853522590,15.991,0.095907,athlete
891f99cd95bffff,891f99cd9c7ffff,9317583344,7033787067,15.8282,0.103568,athlete
891f99cd95bffff,891f99cd9cbffff,9317583344,6274583816,11.0794,0.415627,athlete
891f99cd95bffff,891f99cd9cfffff,9317583344,6264079131,10.6331,0.450357,athlete
891f99cd95bffff,891f99cd9d3ffff,9317583344,6306034549,19.4169,0.002096,athlete
891f99cd95bffff,891f99cd9d7ffff,9317583344,6219063996,18.247,0.018836,athlete
891f99cd95bffff,891f99cd9dbffff,9317583344,6251697193,15.3868,0.125633,athlete
891f99cd95bffff,891f99cdb93ffff,9317583344,1929307047,9.1149,0.569295,athlete
891f99cd95bffff,891f99cdb97ffff,9317583344,9343359784,5.9863,0.794761,athlete
891f99cd963ffff,891f99cd903ffff,2477486916,9468835556,17.1649,0.048769,athlete
891f99cd963ffff,891f99cd907ffff,2477486916,440390944,19.6536,0.00074,athlete
891f99cd963ffff,891f99cd90bffff,2477486916,9612610494,11.5201,0.381743,athlete
891f99cd963ffff,891f99cd90fffff,2477486916,5134144080,9.5666,0.534012,athlete
891f99cd963ffff,891f99cd917ffff,2477486916,9578034936,19.7245,0.000468,athlete
891f99cd963ffff,891f99cd91bffff,2477486916,11343319274,16.1315,0.089506,athlete
891f99cd963ffff,891f99cd943ffff,2477486916,4864904047,15.0124,0.145756,athlete
891f99cd963ffff,891f99cd947ffff,2477486916,9340804810,9.6099,0.530616,athlete
891f99cd963ffff,891f99cd94bffff,2477486916,1736732466,16.8564,0.059729,athlete
891f99cd963ffff,891f99cd94fffff,2477486916,9340898284,10.5606,0.456031,athlete
891f99cd963ffff,891f99cd953ffff,2477486916,4228945737,16.6318,0.068362,athlete
891f99cd963ffff,891f99cd957ffff,2477486916,9560549610,11.3332,0.396055,athlete
891f99cd963ffff,891f99cd95bffff,2477486916,9317583344,18.5782,0.012418,athlete
891f99cd963ffff,891f99cd963ffff,2477486916,2477486916,0.2418,0.999639,athlete
891f99cd963ffff,891f99cd973ffff,2477486916,2480553393,8.4172,0.623037,athlete
891f99cd963ffff,891f99cd977ffff,2477486916,7977389789,9.6483,0.527606,athlete
891f99cd963ffff,891f99cd97bffff,2477486916,13506766820,8.8965,0.586239,athlete
891f99cd963ffff,891f99cd9cbffff,2477486916,6274583816,19.9497,1.6e-05,athlete
891f99cd963ffff,891f99cd9cfffff,2477486916,6264079131,17.434,0.040068,athlete
891f99cd973ffff,891f99cd827ffff,2480553393,6541998757,18.742,0.00973,athlete
891f99cd973ffff,891f99cd903ffff,2480553393,9468835556,11.0563,0.41742,athlete
891f99cd973ffff,891f99cd907ffff,2480553393,440390944,13.7892,0.219661,athlete
891f99cd973ffff,891f99cd90bffff,2480553393,9612610494,5.4115,0.829976,athlete
891f99cd973ffff,891f99cd90fffff,2480553393,5134144080,6.2125,0.780227,athlete
891f99cd973ffff,891f99cd913ffff,2480553393,4228814167,14.1457,0.196925,athlete
891f99cd973ffff,891f99cd917ffff,2480553393,9578034936,13.6966,0.225714,athlete
891f99cd973ffff,891f99cd91bffff,2480553393,11343319274,10.023,0.498197,athlete
891f99cd973ffff,891f99cd943ffff,2480553393,4864904047,12.6655,0.296716,athlete
891f99cd973ffff,891f99cd947ffff,2480553393,9340804810,7.263,0.708402,athlete
891f99cd973ffff,891f99cd94bffff,2480553393,1736732466,15.185,0.136326,athlete
891f99cd973ffff,891f99cd94fffff,2480553393,9340898284,9.0243,0.576334,athlete
891f99cd973ffff,891f99cd953ffff,2480553393,4228945737,13.2035,0.258882,athlete
891f99cd973ffff,891f99cd957ffff,2480553393,9560549610,8.6582,0.604607,athlete
891f99cd973ffff,891f99cd95bffff,2480553393,9317583344,16.4056,0.077599,athlete
891f99cd973ffff,891f99cd963ffff,2480553393,2477486916,7.9154,0.660816,athlete
891f99cd973ffff,891f99cd973ffff,2480553393,2480553393,2.266,0.968659,athlete
891f99cd973ffff,891f99cd977ffff,2480553393,7977389789,6.5121,0.760441,athlete
891f99cd973ffff,891f99cd97bffff,2480553393,13506766820,7.4118,0.69772,athlete
891f99cd973ffff,891f99cd98bffff,2480553393,6276210975,19.9863,1e-06,athlete
891f99cd973ffff,891f99cd98fffff,2480553393,9578034988,17.6074,0.034898,athlete
891f99cd973ffff,891f99cd9abffff,2480553393,9496019444,16.7402,0.064129,athlete
891f99cd973ffff,891f99cd9bbffff,2480553393,2571150096,18.714,0.010166,athlete
891f99cd973ffff,891f99cd9c3ffff,2480553393,9853522590,18.5749,0.012475,athlete
891f99cd973ffff,891f99cd9c7ffff,2480553393,7033787067,15.2241,0.134225,athlete
891f99cd973ffff,891f99cd9cbffff,2480553393,6274583816,15.9604,0.097326,athlete
891f99cd973ffff,891f99cd9cfffff,2480553393,6264079131,12.2489,0.327019,athlete
891f99cd973ffff,891f99cdb97ffff,2480553393,9343359784,19.0086,0.00605,athlete
891f99cd977ffff,891f99cd903ffff,7977389789,9468835556,13.8048,0.21865,athlete
891f99cd977ffff,891f99cd907ffff,7977389789,440390944,16.1553,0.088442,athlete
891f99cd977ffff,891f99cd90bffff,7977389789,9612610494,8.9148,0.584818,athlete
891f99cd977ffff,891f99cd90fffff,7977389789,5134144080,6.0683,0.789536,athlete
891f99cd977ffff,891f99cd913ffff,7977389789,4228814167,16.9805,0.055193,athlete
891f99cd977ffff,891f99cd917ffff,7977389789,9578034936,16.2262,0.085306,athlete
891f99cd977ffff,891f99cd91bffff,7977389789,11343319274,13.5262,0.236995,athlete
891f99cd977ffff,891f99cd943ffff,7977389789,4864904047,16.883,0.058744,athlete
891f99cd977ffff,891f99cd947ffff,7977389789,9340804810,11.4805,0.384768,athlete
891f99cd977ffff,891f99cd94bffff,7977389789,1736732466,19.8128,0.000216,athlete
891f99cd977ffff,891f99cd94fffff,7977389789,9340898284,13.6521,0.228641,athlete
891f99cd977ffff,891f99cd953ffff,7977389789,4228945737,16.756,0.063523,athlete
891f99cd977ffff,891f99cd957ffff,7977389789,9560549610,12.2107,0.329843,athlete
891f99cd977ffff,891f99cd963ffff,7977389789,2477486916,9.3904,0.547805,athlete
891f99cd977ffff,891f99cd973ffff,7977389789,2480553393,7.091,0.720601,athlete
891f99cd977ffff,891f99cd977ffff,7977389789,7977389789,1.615,0.983997,athlete
891f99cd977ffff,891f99cd97bffff,7977389789,13506766820,12.0893,0.33884,athlete
891f99cd977ffff,891f99cd9abffff,7977389789,9496019444,19.2698,0.003285,athlete
891f99cd977ffff,891f99cd9c7ffff,7977389789,7033787067,18.7273,0.009958,athlete
891f99cd977ffff,891f99cd9cbffff,7977389789,6274583816,19.5129,0.001463,athlete
891f99cd977ffff,891f99cd9cfffff,7977389789,6264079131,15.8014,0.104854,athlete
891f99cd97bffff,891f99cd827ffff,13506766820,6541998757,19.0559,0.005488,athlete
891f99cd97bffff,891f99cd82fffff,13506766820,9560281154,17.0973,0.05108,athlete
891f99cd97bffff,891f99cd903ffff,13506766820,9468835556,16.4923,0.073997,athlete
891f99cd97bffff,891f99cd907ffff,13506766820,440390944,19.2252,0.003699,athlete
891f99cd97bffff,891f99cd90bffff,13506766820,9612610494,10.8475,0.433632,athlete
891f99cd97bffff,891f99cd90fffff,13506766820,5134144080,11.6911,0.368736,athlete
891f99cd97bffff,891f99cd913ffff,13506766820,4228814167,19.5817,0.001079,athlete
891f99cd97bffff,891f99cd917ffff,13506766820,9578034936,19.1326,0.004634,athlete
891f99cd97bffff,891f99cd91bffff,13506766820,11343319274,15.459,0.121899,athlete
891f99cd97bffff,891f99cd943ffff,13506766820,4864904047,10.7669,0.43991,athlete
891f99cd97bffff,891f99cd947ffff,13506766820,9340804810,5.9237,0.798719,athlete
891f99cd97bffff,891f99cd94bffff,13506766820,1736732466,11.6947,0.368464,athlete
891f99cd97bffff,891f99cd94fffff,13506766820,9340898284,5.3988,0.830724,athlete
891f99cd97bffff,891f99cd953ffff,13506766820,4228945737,13.7144,0.224544,athlete
891f99cd97bffff,891f99cd957ffff,13506766820,9560549610,10.6404,0.449791,athlete
891f99cd97bffff,891f99cd95bffff,13506766820,9317583344,13.4165,0.244365,athlete
891f99cd97bffff,891f99cd963ffff,13506766820,2477486916,8.11,0.64627,athlete
891f99cd97bffff,891f99cd973ffff,13506766820,2480553393,7.7446,0.673456,athlete
891f99cd97bffff,891f99cd977ffff,13506766820,7977389789,11.9907,0.346189,athlete
891f99cd97bffff,891f99cd97bffff,13506766820,13506766820,0.742,0.996608,athlete
891f99cd97bffff,891f99cd9cbffff,13506766820,6274583816,17.2654,0.045422,athlete
891f99cd97bffff,891f99cd9cfffff,13506766820,6264079131,15.8619,0.101959,athlete
891f99cd97bffff,891f99cdb93ffff,13506766820,1929307047,19.1193,0.004777,athlete
891f99cd97bffff,891f99cdb97ffff,13506766820,9343359784,15.3832,0.125818,athlete
891f99cd983ffff,891f99cca43ffff,9577976786,513307586,15.4586,0.121917,athlete
891f99cd983ffff,891f99cca4bffff,9577976786,9496536226,9.8447,0.512198,athlete
891f99cd983ffff,891f99cca53ffff,9577976786,9532073664,16.715,0.0651,athlete
891f99cd983ffff,891f99cca5bffff,9577976786,6808340953,11.1462,0.410463,athlete
891f99cd983ffff,891f99cd8a7ffff,9577976786,13595211527,19.2551,0.003419,athlete
891f99cd983ffff,891f99cd903ffff,9577976786,9468835556,14.1933,0.193962,athlete
891f99cd983ffff,891f99cd907ffff,9577976786,440390944,14.4377,0.179014,athlete
891f99cd983ffff,891f99cd90bffff,9577976786,9612610494,18.7208,0.010059,athlete
891f99cd983ffff,891f99cd90fffff,9577976786,5134144080,19.1196,0.004773,athlete
891f99cd983ffff,891f99cd913ffff,9577976786,4228814167,9.6155,0.530179,athlete
891f99cd983ffff,891f99cd917ffff,9577976786,9578034936,11.3004,0.398579,athlete
891f99cd983ffff,891f99cd91bffff,9577976786,11343319274,14.7738,0.159229,athlete
891f99cd983ffff,891f99cd957ffff,9577976786,9560549610,19.7797,0.000299,athlete
891f99cd983ffff,891f99cd983ffff,9577976786,9577976786,0.169,0.999824,athlete
891f99cd983ffff,891f99cd987ffff,9577976786,9496019473,5.2503,0.839385,athlete
891f99cd983ffff,891f99cd98bffff,9577976786,6276210975,7.752,0.672909,athlete
891f99cd983ffff,891f99cd98fffff,9577976786,9578034988,6.1827,0.782163,athlete
891f99cd983ffff,891f99cd993ffff,9577976786,9476330915,8.2077,0.638918,athlete
891f99cd983ffff,891f99cd997ffff,9577976786,9620952677,5.4331,0.828703,athlete
891f99cd983ffff,891f99cd99bffff,9577976786,6576315758,7.858,0.665073,athlete
891f99cd983ffff,891f99cd9abffff,9577976786,9496019444,12.2888,0.324085,athlete
891f99cd983ffff,891f99cd9b3ffff,9577976786,3693529476,8.5571,0.612355,athlete
891f99cd983ffff,891f99cd9bbffff,9577976786,2571150096,9.471,0.541502,athlete
891f99cd983ffff,891f99cd9c3ffff,9577976786,9853522590,15.214,0.134765,athlete
891f99cd983ffff,891f99cd9c7ffff,9577976786,7033787067,13.1441,0.262982,athlete
891f99cd983ffff,891f99cd9cfffff,9577976786,6264079131,16.0691,0.092324,athlete
891f99cd983ffff,891f99cd9d3ffff,9577976786,6306034549,16.129,0.08962,athlete
891f99cd983ffff,891f99cd9d7ffff,9577976786,6219063996,13.4744,0.24047,athlete
891f99cd983ffff,891f99cdd23ffff,9577976786,6490328116,14.8903,0.15259,athlete
891f99cd983ffff,891f99cdd27ffff,9577976786,6792684819,12.8144,0.286086,athlete
891f99cd983ffff,891f99cdd2bffff,9577976786,9769034838,12.7246,0.292481,athlete
891f99cd983ffff,891f99cdd2fffff,9577976786,9621093945,9.7213,0.521882,athlete
891f99cd983ffff,891f99cdd33ffff,9577976786,6497354633,19.2886,0.003118,athlete
891f99cd983ffff,891f99cdd37ffff,9577976786,9532724067,17.0062,0.054277,athlete
891f99cd983ffff,891f99cdd3bffff,9577976786,7013785674,18.391,0.015885,athlete
891f99cd983ffff,891f99cdd63ffff,9577976786,9474270025,14.6369,0.167174,athlete
891f99cd983ffff,891f99cdd67ffff,9577976786,10866880269,10.8716,0.431755,athlete
891f99cd983ffff,891f99cdd6bffff,9577976786,6293459375,15.946,0.098001,athlete
891f99cd983ffff,891f99cdd6fffff,9577976786,1831777965,12.7434,0.291143,athlete
891f99cd983ffff,891f99cdd77ffff,9577976786,4448818000,16.4321,0.076492,athlete
891f99cd983ffff,891f99cdd7bffff,9577976786,7026396817,18.8556,0.008057,athlete
891f99cd987ffff,891f99cca43ffff,9496019473,513307586,12.3293,0.321112,athlete
891f99cd987ffff,891f99cca4bffff,9496019473,9496536226,6.6296,0.752518,athlete
891f99cd987ffff,891f99cca53ffff,9496019473,9532073664,13.5857,0.233033,athlete
891f99cd987ffff,891f99cca5bffff,9496019473,6808340953,9.6698,0.525925,athlete
891f99cd987ffff,891f99ccacbffff,9496019473,9621184875,17.1542,0.049129,athlete
891f99cd987ffff,891f99ccacfffff,9496019473,9548007944,18.4656,0.014453,athlete
891f99cd987ffff,891f99cd903ffff,9496019473,9468835556,12.6551,0.297459,athlete
891f99cd987ffff,891f99cd907ffff,9496019473,440390944,12.7201,0.292804,athlete
891f99cd987ffff,891f99cd90bffff,9496019473,9612610494,17.1827,0.048168,athlete
891f99cd987ffff,891f99cd90fffff,9496019473,5134144080,17.5815,0.035649,athlete
891f99cd987ffff,891f99cd913ffff,9496019473,4228814167,10.8518,0.433297,athlete
891f99cd987ffff,891f99cd917ffff,9496019473,9578034936,9.3514,0.550854,athlete
891f99cd987ffff,891f99cd91bffff,9496019473,11343319274,15.2514,0.132763,athlete
891f99cd987ffff,891f99cd957ffff,9496019473,9560549610,19.2888,0.003117,athlete
891f99cd987ffff,891f99cd983ffff,9496019473,9577976786,4.9347,0.857164,athlete
891f99cd987ffff,891f99cd987ffff,9496019473,9496019473,1.2887,0.989791,athlete
891f99cd987ffff,891f99cd98bffff,9496019473,6276210975,10.2149,0.483127,athlete
891f99cd987ffff,891f99cd98fffff,9496019473,9578034988,7.3845,0.699692,athlete
891f99cd987ffff,891f99cd993ffff,9496019473,9476330915,12.6688,0.296477,athlete
891f99cd987ffff,891f99cd997ffff,9496019473,9620952677,7.7719,0.671447,athlete
891f99cd987ffff,891f99cd99bffff,9496019473,6576315758,11.9516,0.349107,athlete
891f99cd987ffff,891f99cd9abffff,9496019473,9496019444,9.6392,0.528323,athlete
891f99cd987ffff,891f99cd9b3ffff,9496019473,3693529476,4.5955,0.875287,athlete
891f99cd987ffff,891f99cd9bbffff,9496019473,2571150096,5.5094,0.824163,athlete
891f99cd987ffff,891f99cd9c3ffff,9496019473,9853522590,17.8879,0.027266,athlete
891f99cd987ffff,891f99cd9c7ffff,9496019473,7033787067,15.2839,0.131036,athlete
891f99cd987ffff,891f99cd9cfffff,9496019473,6264079131,18.5392,0.013105,athlete
891f99cd987ffff,891f99cd9d3ffff,9496019473,6306034549,19.4258,0.002033,athlete
891f99cd987ffff,891f99cd9d7ffff,9496019473,6219063996,16.7711,0.062944,athlete
891f99cd987ffff,891f99cdd23ffff,9496019473,6490328116,19.1094,0.004885,athlete
891f99cd987ffff,891f99cdd27ffff,9496019473,6792684819,14.7739,0.159224,athlete
891f99cd987ffff,891f99cdd2bffff,9496019473,9769034838,16.8452,0.060147,athlete
891f99cd987ffff,891f99cdd2fffff,9496019473,9621093945,13.4047,0.245161,athlete
891f99cd987ffff,891f99cdd63ffff,9496019473,9474270025,18.7306,0.009908,athlete
891f99cd987ffff,891f99cdd67ffff,9496019473,10866880269,14.9922,0.146879,athlete
891f99cd987ffff,891f99cdd6fffff,9496019473,1831777965,16.837,0.060455,athlete
891f99cd98bffff,891f99cca4bffff,6276210975,9496536226,15.8237,0.103782,athlete
891f99cd98bffff,891f99cca5bffff,6276210975,6808340953,17.1253,0.050117,athlete
891f99cd98bffff,891f99cd827ffff,6276210975,6541998757,18.7473,0.009649,athlete
891f99cd98bffff,891f99cd837ffff,6276210975,9496654074,18.6439,0.011301,athlete
891f99cd98bffff,891f99cd8a7ffff,6276210975,13595211527,14.0613,0.202223,athlete
891f99cd98bffff,891f99cd8afffff,6276210975,562679457,18.7542,0.009542,athlete
891f99cd98bffff,891f99cd8b7ffff,6276210975,12812222615,18.5361,0.013161,athlete
891f99cd98bffff,891f99cd903ffff,6276210975,9468835556,10.8348,0.434621,athlete
891f99cd98bffff,891f99cd907ffff,6276210975,440390944,11.858,0.356133,athlete
891f99cd98bffff,891f99cd90bffff,6276210975,9612610494,15.0832,0.141854,athlete
891f99cd98bffff,891f99cd90fffff,6276210975,5134144080,15.8912,0.100574,athlete
891f99cd98bffff,891f99cd913ffff,6276210975,4228814167,6.2971,0.7747,athlete
891f99cd98bffff,891f99cd917ffff,6276210975,9578034936,10.0598,0.495305,athlete
891f99cd98bffff,891f99cd91bffff,6276210975,11343319274,10.5216,0.459078,athlete
891f99cd98bffff,891f99cd943ffff,6276210975,4864904047,18.991,0.006267,athlete
891f99cd98bffff,891f99cd947ffff,6276210975,9340804810,18.8958,0.007503,athlete
891f99cd98bffff,891f99cd953ffff,6276210975,4228945737,13.2088,0.258518,athlete
891f99cd98bffff,891f99cd957ffff,6276210975,9560549610,14.4906,0.17584,athlete
891f99cd98bffff,891f99cd95bffff,6276210975,9317583344,19.1273,0.00469,athlete
891f99cd98bffff,891f99cd973ffff,6276210975,2480553393,19.3668,0.002472,athlete
891f99cd98bffff,891f99cd983ffff,6276210975,9577976786,7.3847,0.699679,athlete
891f99cd98bffff,891f99cd987ffff,6276210975,9496019473,11.3918,0.391558,athlete
891f99cd98bffff,891f99cd98bffff,6276210975,6276210975,0.8388,0.995666,athlete
891f99cd98bffff,891f99cd98fffff,6276210975,9578034988,6.7002,0.747713,athlete
891f99cd98bffff,891f99cd993ffff,6276210975,9476330915,9.9416,0.504587,athlete
891f99cd98bffff,891f99cd997ffff,6276210975,9620952677,11.4121,0.389999,athlete
891f99cd98bffff,891f99cd99bffff,6276210975,6576315758,6.7781,0.742384,athlete
891f99cd98bffff,891f99cd9abffff,6276210975,9496019444,12.6689,0.296472,athlete
891f99cd98bffff,891f99cd9b3ffff,6276210975,3693529476,14.6986,0.163573,athlete
891f99cd98bffff,891f99cd9bbffff,6276210975,2571150096,11.7837,0.361737,athlete
891f99cd98bffff,891f99cd9c3ffff,6276210975,9853522590,8.5384,0.613788,athlete
891f99cd98bffff,891f99cd9c7ffff,6276210975,7033787067,6.6173,0.753352,athlete
891f99cd98bffff,891f99cd9cbffff,6276210975,6274583816,14.4522,0.178138,athlete
891f99cd98bffff,891f99cd9cfffff,6276210975,6264079131,9.1632,0.565537,athlete
891f99cd98bffff,891f99cd9d3ffff,6276210975,6306034549,10.588,0.453885,athlete
891f99cd98bffff,891f99cd9d7ffff,6276210975,6219063996,7.9333,0.659479,athlete
891f99cd98bffff,891f99cd9dbffff,6276210975,6251697193,14.0275,0.20436,athlete
891f99cd98bffff,891f99cdd23ffff,6276210975,6490328116,16.2678,0.083491,athlete
891f99cd98bffff,891f99cdd27ffff,6276210975,6792684819,18.6316,0.011507,athlete
891f99cd98bffff,891f99cdd2bffff,6276210975,9769034838,13.8055,0.218602,athlete
891f99cd98bffff,891f99cdd2fffff,6276210975,9621093945,13.3575,0.248356,athlete
891f99cd98bffff,891f99cdd3bffff,6276210975,7013785674,19.4718,0.00172,athlete
891f99cd98bffff,891f99cdd63ffff,6276210975,9474270025,12.7806,0.288489,athlete
891f99cd98bffff,891f99cdd67ffff,6276210975,10866880269,10.0963,0.492438,athlete
891f99cd98bffff,891f99cdd6bffff,6276210975,6293459375,12.9461,0.276785,athlete
891f99cd98bffff,891f99cdd6fffff,6276210975,1831777965,10.4105,0.467782,athlete
891f99cd98bffff,891f99cdd77ffff,6276210975,4448818000,16.0763,0.091998,athlete
891f99cd98bffff,891f99cdd7bffff,6276210975,7026396817,16.9993,0.054523,athlete
891f99cd98fffff,891f99cca43ffff,9578034988,513307586,18.456,0.014634,athlete
891f99cd98fffff,891f99cca4bffff,9578034988,9496536226,12.7562,0.290225,athlete
891f99cd98fffff,891f99cca53ffff,9578034988,9532073664,19.7124,0.00051,athlete
891f99cd98fffff,891f99cca5bffff,9578034988,6808340953,14.8943,0.152363,athlete
891f99cd98fffff,891f99cd8a7ffff,9578034988,13595211527,19.1361,0.004597,athlete
891f99cd98fffff,891f99cd903ffff,9578034988,9468835556,9.0,0.578215,athlete
891f99cd98fffff,891f99cd907ffff,9578034988,440390944,9.2444,0.559206,athlete
891f99cd98fffff,891f99cd90bffff,9578034988,9612610494,13.5276,0.236908,athlete
891f99cd98fffff,891f99cd90fffff,9578034988,5134144080,13.9264,0.210806,athlete
891f99cd98fffff,891f99cd913ffff,9578034988,4228814167,6.0414,0.791254,athlete
891f99cd98fffff,891f99cd917ffff,9578034988,9578034936,6.1071,0.787047,athlete
891f99cd98fffff,891f99cd91bffff,9578034988,11343319274,11.3356,0.395869,athlete
891f99cd98fffff,891f99cd947ffff,9578034988,9340804810,18.8649,0.007926,athlete
891f99cd98fffff,891f99cd953ffff,9578034988,4228945737,18.4413,0.014912,athlete
891f99cd98fffff,891f99cd957ffff,9578034988,9560549610,15.6337,0.113062,athlete
891f99cd98fffff,891f99cd973ffff,9578034988,2480553393,17.4019,0.041062,athlete
891f99cd98fffff,891f99cd983ffff,9578034988,9577976786,6.1634,0.783414,athlete
891f99cd98fffff,891f99cd987ffff,9578034988,9496019473,7.4154,0.697467,athlete
891f99cd98fffff,891f99cd98bffff,9578034988,6276210975,6.3295,0.772571,athlete
891f99cd98fffff,891f99cd98fffff,9578034988,9578034988,0.9268,0.994711,athlete
891f99cd98fffff,891f99cd993ffff,9578034988,9476330915,13.1036,0.265783,athlete
891f99cd98fffff,891f99cd997ffff,9578034988,9620952677,9.1812,0.564131,athlete
891f99cd98fffff,891f99cd99bffff,9578034988,6576315758,9.9667,0.502617,athlete
891f99cd98fffff,891f99cd9abffff,9578034988,9496019444,7.1288,0.717936,athlete
891f99cd98fffff,891f99cd9b3ffff,9578034988,3693529476,10.5011,0.460685,athlete
891f99cd98fffff,891f99cd9bbffff,9578034988,2571150096,6.1425,0.784765,athlete
891f99cd98fffff,891f99cd9c3ffff,9578034988,9853522590,14.0025,0.205947,athlete
891f99cd98fffff,891f99cd9c7ffff,9578034988,7033787067,11.1623,0.409221,athlete
891f99cd98fffff,891f99cd9cbffff,9578034988,6274583816,19.9289,3.1e-05,athlete
891f99cd98fffff,891f99cd9cfffff,9578034988,6264079131,14.6539,0.166182,athlete
891f99cd98fffff,891f99cd9d3ffff,9578034988,6306034549,15.6627,0.111622,athlete
891f99cd98fffff,891f99cd9d7ffff,9578034988,6219063996,13.0081,0.272438,athlete
891f99cd98fffff,891f99cd9dbffff,9578034988,6251697193,19.4917,0.001593,athlete
891f99cd98fffff,891f99cdd23ffff,9578034988,6490328116,19.4298,0.002004,athlete
891f99cd98fffff,891f99cdd27ffff,9578034988,6792684819,17.0654,0.05219,athlete
891f99cd98fffff,891f99cdd2bffff,9578034988,9769034838,16.9675,0.055661,athlete
891f99cd98fffff,891f99cdd2fffff,9578034988,9621093945,14.7253,0.162028,athlete
891f99cd98fffff,891f99cdd63ffff,9578034988,9474270025,16.7948,0.062042,athlete
891f99cd98fffff,891f99cdd67ffff,9578034988,10866880269,13.7191,0.224234,athlete
891f99cd98fffff,891f99cdd6bffff,9578034988,6293459375,17.9568,0.025532,athlete
891f99cd98fffff,891f99cdd6fffff,9578034988,1831777965,14.5922,0.169802,athlete
891f99cd98fffff,891f99cdd77ffff,9578034988,4448818000,19.6992,0.000558,athlete
891f99cd993ffff,891f99cca43ffff,9476330915,513307586,13.3059,0.251866,athlete
891f99cd993ffff,891f99cca4bffff,9476330915,9496536226,9.8519,0.511634,athlete
891f99cd993ffff,891f99cca53ffff,9476330915,9532073664,14.5624,0.171566,athlete
891f99cd993ffff,891f99cca5bffff,9476330915,6808340953,8.7882,0.5946,athlete
891f99cd993ffff,891f99ccacbffff,9476330915,9621184875,17.5766,0.035791,athlete
891f99cd993ffff,891f99ccacfffff,9476330915,9548007944,19.4423,0.001918,athlete
891f99cd993ffff,891f99ccadbffff,9476330915,2542799121,19.1726,0.004217,athlete
891f99cd993ffff,891f99cd8a7ffff,9476330915,13595211527,18.3645,0.016408,athlete
891f99cd993ffff,891f99cd8b7ffff,9476330915,12812222615,19.1582,0.004364,athlete
891f99cd993ffff,891f99cd903ffff,9476330915,9468835556,18.9199,0.007179,athlete
891f99cd993ffff,891f99cd907ffff,9476330915,440390944,19.6911,0.000588,athlete
891f99cd993ffff,891f99cd913ffff,9476330915,4228814167,14.2296,0.19171,athlete
891f99cd993ffff,891f99cd917ffff,9476330915,9578034936,16.949,0.056331,athlete
891f99cd993ffff,891f99cd91bffff,9476330915,11343319274,18.4074,0.015565,athlete
891f99cd993ffff,891f99cd983ffff,9476330915,9577976786,6.2821,0.775686,athlete
891f99cd993ffff,891f99cd987ffff,9476330915,9496019473,11.1649,0.409022,athlete
891f99cd993ffff,891f99cd98bffff,9476330915,6276210975,8.945,0.582479,athlete
891f99cd993ffff,891f99cd98fffff,9476330915,9578034988,11.8313,0.358144,athlete
891f99cd993ffff,891f99cd993ffff,9476330915,9476330915,0.6153,0.997666,athlete
891f99cd993ffff,891f99cd997ffff,9476330915,9620952677,5.3698,0.832434,athlete
891f99cd993ffff,891f99cd99bffff,9476330915,6576315758,8.1523,0.643088,athlete
891f99cd993ffff,891f99cd9abffff,9476330915,9496019444,17.9374,0.026014,athlete
891f99cd993ffff,891f99cd9b3ffff,9476330915,3693529476,14.4717,0.176968,athlete
891f99cd993ffff,891f99cd9bbffff,9476330915,2571150096,15.3856,0.125695,athlete
891f99cd993ffff,891f99cd9c3ffff,9476330915,9853522590,15.9994,0.095519,athlete
891f99cd993ffff,891f99cd9c7ffff,9476330915,7033787067,14.4852,0.176162,athlete
891f99cd993ffff,891f99cd9cfffff,9476330915,6264079131,17.0311,0.053395,athlete
891f99cd993ffff,891f99cd9d3ffff,9476330915,6306034549,16.008,0.095122,athlete
891f99cd993ffff,891f99cd9d7ffff,9476330915,6219063996,14.2598,0.18985,athlete
891f99cd993ffff,891f99cdd03ffff,9476330915,6547701840,18.8991,0.007458,athlete
891f99cd993ffff,891f99cdd07ffff,9476330915,1889761004,16.5273,0.072562,athlete
891f99cd993ffff,891f99cdd0bffff,9476330915,13289798704,18.2527,0.018714,athlete
891f99cd993ffff,891f99cdd0fffff,9476330915,7013595399,14.8185,0.156666,athlete
891f99cd993ffff,891f99cdd17ffff,9476330915,774074162,19.944,1.9e-05,athlete
891f99cd993ffff,891f99cdd23ffff,9476330915,6490328116,8.1286,0.644868,athlete
891f99cd993ffff,891f99cdd27ffff,9476330915,6792684819,10.092,0.492773,athlete
891f99cd993ffff,891f99cdd2bffff,9476330915,9769034838,6.2199,0.779747,athlete
891f99cd993ffff,891f99cdd2fffff,9476330915,9621093945,4.9589,0.855831,athlete
891f99cd993ffff,891f99cdd33ffff,9476330915,6497354633,12.5312,0.306393,athlete
891f99cd993ffff,891f99cdd37ffff,9476330915,9532724067,11.9781,0.347131,athlete
891f99cd993ffff,891f99cdd3bffff,9476330915,7013785674,11.6593,0.371147,athlete
891f99cd993ffff,891f99cdd63ffff,9476330915,9474270025,12.0666,0.340529,athlete
891f99cd993ffff,891f99cdd67ffff,9476330915,10866880269,7.1916,0.713484,athlete
891f99cd993ffff,891f99cdd6bffff,9476330915,6293459375,15.0554,0.143381,athlete
891f99cd993ffff,891f99cdd6fffff,9476330915,1831777965,12.3225,0.321611,athlete
891f99cd993ffff,891f99cdd73ffff,9476330915,9241485097,15.9278,0.09885,athlete
891f99cd993ffff,891f99cdd77ffff,9476330915,4448818000,10.3122,0.475491,athlete
891f99cd993ffff,891f99cdd7bffff,9476330915,7026396817,17.6214,0.034495,athlete
891f99cd993ffff,891f99cddabffff,9476330915,7279487455,17.6169,0.034625,athlete
891f99cd993ffff,891f99cddafffff,9476330915,4942466112,15.1977,0.135641,athlete
891f99cd997ffff,891f99cca43ffff,9620952677,513307586,10.5844,0.454163,athlete
891f99cd997ffff,891f99cca4bffff,9620952677,9496536226,5.1911,0.842782,athlete
891f99cd997ffff,891f99cca53ffff,9620952677,9532073664,11.8409,0.357424,athlete
891f99cd997ffff,891f99cca5bffff,9620952677,6808340953,6.272,0.776344,athlete
891f99cd997ffff,891f99ccac3ffff,9620952677,9534410437,19.3359,0.002718,athlete
891f99cd997ffff,891f99ccacbffff,9620952677,9621184875,15.3268,0.128772,athlete
891f99cd997ffff,891f99ccacfffff,9620952677,9548007944,16.7208,0.064879,athlete
891f99cd997ffff,891f99ccadbffff,9620952677,2542799121,17.5363,0.036976,athlete
891f99cd997ffff,891f99cd903ffff,9620952677,9468835556,16.9533,0.056173,athlete
891f99cd997ffff,891f99cd907ffff,9620952677,440390944,17.1977,0.047664,athlete
891f99cd997ffff,891f99cd913ffff,9620952677,4228814167,12.3755,0.317725,athlete
891f99cd997ffff,891f99cd917ffff,9620952677,9578034936,14.0604,0.202284,athlete
891f99cd997ffff,891f99cd91bffff,9620952677,11343319274,17.5338,0.03705,athlete
891f99cd997ffff,891f99cd983ffff,9620952677,9577976786,4.8064,0.864139,athlete
891f99cd997ffff,891f99cd987ffff,9620952677,9496019473,7.5212,0.689802,athlete
891f99cd997ffff,891f99cd98bffff,9620952677,6276210975,11.237,0.403456,athlete
891f99cd997ffff,891f99cd98fffff,9620952677,9578034988,8.9427,0.582656,athlete
891f99cd997ffff,891f99cd993ffff,9620952677,9476330915,6.4108,0.767198,athlete
891f99cd997ffff,891f99cd997ffff,9620952677,9620952677,0.5589,0.998074,athlete
891f99cd997ffff,891f99cd99bffff,9620952677,6576315758,10.5941,0.453404,athlete
891f99cd997ffff,891f99cd9abffff,9620952677,9496019444,15.0488,0.143745,athlete
891f99cd997ffff,891f99cd9b3ffff,9620952677,3693529476,10.3249,0.474495,athlete
891f99cd997ffff,891f99cd9bbffff,9620952677,2571150096,11.7419,0.364891,athlete
891f99cd997ffff,891f99cd9c3ffff,9620952677,9853522590,18.4412,0.014913,athlete
891f99cd997ffff,891f99cd9c7ffff,9620952677,7033787067,16.3061,0.081835,athlete
891f99cd997ffff,891f99cd9cfffff,9620952677,6264079131,19.4729,0.001713,athlete
891f99cd997ffff,891f99cd9d3ffff,9620952677,6306034549,18.5499,0.012914,athlete
891f99cd997ffff,891f99cd9d7ffff,9620952677,6219063996,16.7016,0.065621,athlete
891f99cd997ffff,891f99cdd0fffff,9620952677,7013595399,19.6058,0.000958,athlete
891f99cd997ffff,891f99cdd23ffff,9620952677,6490328116,12.4241,0.314181,athlete
891f99cd997ffff,891f99cdd27ffff,9620952677,6792684819,8.4431,0.621067,athlete
891f99cd997ffff,891f99cdd2bffff,9620952677,9769034838,11.1652,0.408998,athlete
891f99cd997ffff,891f99cdd2fffff,9620952677,9621093945,6.6433,0.751586,athlete
891f99cd997ffff,891f99cdd33ffff,9620952677,6497354633,16.8224,0.061003,athlete
891f99cd997ffff,891f99cdd37ffff,9620952677,9532724067,13.7323,0.223373,athlete
891f99cd997ffff,891f99cdd3bffff,9620952677,7013785674,16.4011,0.077792,athlete
891f99cd997ffff,891f99cdd63ffff,9620952677,9474270025,14.6714,0.165161,athlete
891f99cd997ffff,891f99cdd67ffff,9620952677,10866880269,10.3762,0.47047,athlete
891f99cd997ffff,891f99cdd6bffff,9620952677,6293459375,17.6602,0.033391,athlete
891f99cd997ffff,891f99cdd6fffff,9620952677,1831777965,14.8644,0.154056,athlete
891f99cd997ffff,891f99cdd77ffff,9620952677,4448818000,15.0994,0.140968,athlete
891f99cd997ffff,891f99cddafffff,9620952677,4942466112,19.464,0.001771,athlete
891f99cd99bffff,891f99cca43ffff,6576315758,513307586,19.7034,0.000542,athlete
891f99cd99bffff,891f99cca4bffff,6576315758,9496536226,14.0895,0.200449,athlete
891f99cd99bffff,891f99cca5bffff,6576315758,6808340953,15.391,0.12541,athlete
891f99cd99bffff,891f99cd8a3ffff,6576315758,3731973493,18.6436,0.011306,athlete
891f99cd99bffff,891f99cd8a7ffff,6576315758,13595211527,12.6394,0.298589,athlete
891f99cd99bffff,891f99cd8afffff,6576315758,562679457,17.433,0.040101,athlete
891f99cd99bffff,891f99cd8b3ffff,6576315758,9850454762,19.0949,0.005045,athlete
891f99cd99bffff,891f99cd8b7ffff,6576315758,12812222615,13.8605,0.215043,athlete
891f99cd99bffff,891f99cd903ffff,6576315758,9468835556,15.6671,0.111406,athlete
891f99cd99bffff,891f99cd907ffff,6576315758,440390944,16.8927,0.058384,athlete
891f99cd99bffff,891f99cd90bffff,6576315758,9612610494,19.6183,0.000898,athlete
891f99cd99bffff,891f99cd913ffff,6576315758,4228814167,11.2282,0.404133,athlete
891f99cd99bffff,891f99cd917ffff,6576315758,9578034936,14.4144,0.180414,athlete
891f99cd99bffff,891f99cd91bffff,6576315758,11343319274,15.0475,0.143821,athlete
891f99cd99bffff,891f99cd953ffff,6576315758,4228945737,16.8432,0.060221,athlete
891f99cd99bffff,891f99cd957ffff,6576315758,9560549610,18.82,0.008564,athlete
891f99cd99bffff,891f99cd983ffff,6576315758,9577976786,6.4733,0.763033,athlete
891f99cd99bffff,891f99cd987ffff,6576315758,9496019473,10.7645,0.440097,athlete
891f99cd99bffff,891f99cd98bffff,6576315758,6276210975,6.1347,0.785266,athlete
891f99cd99bffff,891f99cd98fffff,6576315758,9578034988,9.2341,0.560007,athlete
891f99cd99bffff,891f99cd993ffff,6576315758,9476330915,8.1726,0.641558,athlete
891f99cd99bffff,891f99cd997ffff,6576315758,9620952677,9.6779,0.525286,athlete
891f99cd99bffff,891f99cd99bffff,6576315758,6576315758,0.8734,0.995302,athlete
891f99cd99bffff,891f99cd9abffff,6576315758,9496019444,15.4362,0.123072,athlete
891f99cd99bffff,891f99cd9b3ffff,6576315758,3693529476,14.0714,0.201589,athlete
891f99cd99bffff,891f99cd9bbffff,6576315758,2571150096,14.302,0.187257,athlete
891f99cd99bffff,891f99cd9c3ffff,6576315758,9853522590,11.7088,0.367394,athlete
891f99cd99bffff,891f99cd9c7ffff,6576315758,7033787067,11.1253,0.412082,athlete
891f99cd99bffff,891f99cd9cbffff,6576315758,6274583816,17.8849,0.027342,athlete
891f99cd99bffff,891f99cd9cfffff,6576315758,6264079131,13.4926,0.239246,athlete
891f99cd99bffff,891f99cd9d3ffff,6576315758,6306034549,9.6513,0.527375,athlete
891f99cd99bffff,891f99cd9d7ffff,6576315758,6219063996,8.4538,0.620251,athlete
891f99cd99bffff,891f99cd9dbffff,6576315758,6251697193,16.8123,0.061382,athlete
891f99cd99bffff,891f99cdd03ffff,6576315758,6547701840,19.1928,0.004014,athlete
891f99cd99bffff,891f99cdd07ffff,6576315758,1889761004,19.7685,0.000331,athlete
891f99cd99bffff,891f99cdd0bffff,6576315758,13289798704,18.4991,0.013832,athlete
891f99cd99bffff,891f99cdd0fffff,6576315758,7013595399,15.1122,0.140269,athlete
891f99cd99bffff,891f99cdd23ffff,6576315758,6490328116,14.4988,0.175346,athlete
891f99cd99bffff,891f99cdd27ffff,6576315758,6792684819,16.8626,0.059499,athlete
891f99cd99bffff,891f99cdd2bffff,6576315758,9769034838,9.1954,0.563024,athlete
891f99cd99bffff,891f99cdd2fffff,6576315758,9621093945,11.5886,0.376524,athlete
891f99cd99bffff,891f99cdd33ffff,6576315758,6497354633,17.513,0.03767,athlete
891f99cd99bffff,891f99cdd37ffff,6576315758,9532724067,18.5648,0.012653,athlete
891f99cd99bffff,891f99cdd3bffff,6576315758,7013785674,14.5068,0.174871,athlete
891f99cd99bffff,891f99cdd47ffff,6576315758,9487098556,17.605,0.034967,athlete
891f99cd99bffff,891f99cdd4fffff,6576315758,27653866,17.1675,0.04868,athlete
891f99cd99bffff,891f99cdd63ffff,6576315758,9474270025,8.105,0.646645,athlete
891f99cd99bffff,891f99cdd67ffff,6576315758,10866880269,4.6259,0.873709,athlete
891f99cd99bffff,891f99cdd6bffff,6576315758,6293459375,9.3303,0.552502,athlete
891f99cd99bffff,891f99cdd6fffff,6576315758,1831777965,5.9658,0.796065,athlete
891f99cd99bffff,891f99cdd73ffff,6576315758,9241485097,15.3753,0.126232,athlete
891f99cd99bffff,891f99cdd77ffff,6576315758,4448818000,10.6059,0.452486,athlete
891f99cd99bffff,891f99cdd7bffff,6576315758,7026396817,12.3237,0.321526,athlete
891f99cd9abffff,891f99cca4bffff,9496019444,9496536226,14.5724,0.170974,athlete
891f99cd9abffff,891f99cca5bffff,9496019444,6808340953,18.4124,0.015468,athlete
891f99cd9abffff,891f99cd903ffff,9496019444,9468835556,11.1449,0.410566,athlete
891f99cd9abffff,891f99cd907ffff,9496019444,440390944,7.8115,0.668515,athlete
891f99cd9abffff,891f99cd90bffff,9496019444,9612610494,13.0228,0.271409,athlete
891f99cd9abffff,891f99cd90fffff,9496019444,5134144080,13.2489,0.255763,athlete
891f99cd9abffff,891f99cd913ffff,9496019444,4228814167,10.6775,0.446889,athlete
891f99cd9abffff,891f99cd917ffff,9496019444,9578034936,4.9279,0.857535,athlete
891f99cd9abffff,891f99cd91bffff,9496019444,11343319274,14.7672,0.159606,athlete
891f99cd9abffff,891f99cd947ffff,9496019444,9340804810,18.3602,0.016495,athlete
891f99cd9abffff,891f99cd957ffff,9496019444,9560549610,18.4107,0.0155,athlete
891f99cd9abffff,891f99cd973ffff,9496019444,2480553393,16.7245,0.064734,athlete
891f99cd9abffff,891f99cd977ffff,9496019444,7977389789,19.5041,0.001516,athlete
891f99cd9abffff,891f99cd983ffff,9496019444,9577976786,12.695,0.294603,athlete
891f99cd9abffff,891f99cd987ffff,9496019444,9496019473,10.0313,0.497543,athlete
891f99cd9abffff,891f99cd98bffff,9496019444,6276210975,12.9342,0.277619,athlete
891f99cd9abffff,891f99cd98fffff,9496019444,9578034988,7.5315,0.689055,athlete
891f99cd9abffff,891f99cd993ffff,9496019444,9476330915,19.7084,0.000525,athlete
891f99cd9abffff,891f99cd997ffff,9496019444,9620952677,15.7128,0.109159,athlete
891f99cd9abffff,891f99cd99bffff,9496019444,6576315758,16.5714,0.070777,athlete
891f99cd9abffff,891f99cd9abffff,9496019444,9496019444,3.6985,0.917969,athlete
891f99cd9abffff,891f99cd9b3ffff,9496019444,3693529476,11.1091,0.41333,athlete
891f99cd9abffff,891f99cd9bbffff,9496019444,2571150096,6.5915,0.755096,athlete
891f99cd9abffff,891f99cd9c7ffff,9496019444,7033787067,17.1595,0.048949,athlete
891f99cd9abffff,891f99cd9d7ffff,9496019444,6219063996,19.6128,0.000924,athlete
891f99cd9b3ffff,891f99cca43ffff,3693529476,513307586,12.792,0.287681,athlete
891f99cd9b3ffff,891f99cca4bffff,3693529476,9496536226,6.5082,0.760697,athlete
891f99cd9b3ffff,891f99cca53ffff,3693529476,9532073664,14.204,0.193297,athlete
891f99cd9b3ffff,891f99cca5bffff,3693529476,6808340953,12.308,0.322677,athlete
891f99cd9b3ffff,891f99ccacbffff,3693529476,9621184875,19.3646,0.002488,athlete
891f99cd9b3ffff,891f99cd903ffff,3693529476,9468835556,15.8485,0.102601,athlete
891f99cd9b3ffff,891f99cd907ffff,3693529476,440390944,14.523,0.173905,athlete
891f99cd9b3ffff,891f99cd90bffff,3693529476,9612610494,19.4359,0.001961,athlete
891f99cd9b3ffff,891f99cd90fffff,3693529476,5134144080,19.662,0.000704,athlete
891f99cd9b3ffff,891f99cd913ffff,3693529476,4228814167,14.355,0.184019,athlete
891f99cd9b3ffff,891f99cd917ffff,3693529476,9578034936,11.341,0.395455,athlete
891f99cd9b3ffff,891f99cd91bffff,3693529476,11343319274,18.4447,0.014847,athlete
891f99cd9b3ffff,891f99cd983ffff,3693529476,9577976786,8.7943,0.594128,athlete
891f99cd9b3ffff,891f99cd987ffff,3693529476,9496019473,5.181,0.843358,athlete
891f99cd9b3ffff,891f99cd98bffff,3693529476,6276210975,14.0745,0.201391,athlete
891f99cd9b3ffff,891f99cd98fffff,3693529476,9578034988,10.9246,0.427638,athlete
891f99cd9b3ffff,891f99cd993ffff,3693529476,9476330915,16.1314,0.089513,athlete
891f99cd9b3ffff,891f99cd997ffff,3693529476,9620952677,10.5872,0.453943,athlete
891f99cd9b3ffff,891f99cd99bffff,3693529476,6576315758,15.8113,0.104378,athlete
891f99cd9b3ffff,891f99cd9abffff,3693529476,9496019444,11.1945,0.406734,athlete
891f99cd9b3ffff,891f99cd9b3ffff,3693529476,3693529476,2.8398,0.951074,athlete
891f99cd9b3ffff,891f99cd9bbffff,3693529476,2571150096,6.0961,0.78775,athlete
891f99cd9b3ffff,891f99cd9c7ffff,3693529476,7033787067,19.1436,0.004517,athlete
891f99cd9b3ffff,891f99cdd27ffff,3693529476,6792684819,17.4121,0.040746,athlete
891f99cd9b3ffff,891f99cdd2fffff,3693529476,9621093945,16.0429,0.09352,athlete
891f99cd9b3ffff,891f99cdd67ffff,3693529476,10866880269,18.8519,0.008109,athlete
891f99cd9bbffff,891f99cca43ffff,2571150096,513307586,16.0168,0.094719,athlete
891f99cd9bbffff,891f99cca4bffff,2571150096,9496536226,9.7331,0.52096,athlete
891f99cd9bbffff,891f99cca53ffff,2571150096,9532073664,17.4288,0.040228,athlete
891f99cd9bbffff,891f99cca5bffff,2571150096,6808340953,13.6022,0.231943,athlete
891f99cd9bbffff,891f99cd903ffff,2571150096,9468835556,11.5045,0.382935,athlete
891f99cd9bbffff,891f99cd907ffff,2571150096,440390944,10.179,0.485942,athlete
891f99cd9bbffff,891f99cd90bffff,2571150096,9612610494,15.092,0.141377,athlete
891f99cd9bbffff,891f99cd90fffff,2571150096,5134144080,15.3181,0.129231,athlete
891f99cd9bbffff,891f99cd913ffff,2571150096,4228814167,10.011,0.499134,athlete
891f99cd9bbffff,891f99cd917ffff,2571150096,9578034936,6.997,0.727203,athlete
891f99cd9bbffff,891f99cd91bffff,2571150096,11343319274,14.1008,0.199742,athlete
891f99cd9bbffff,891f99cd957ffff,2571150096,9560549610,18.1382,0.021231,athlete
891f99cd9bbffff,891f99cd973ffff,2571150096,2480553393,18.7936,0.00895,athlete
891f99cd9bbffff,891f99cd983ffff,2571150096,9577976786,8.6172,0.60775,athlete
891f99cd9bbffff,891f99cd987ffff,2571150096,9496019473,5.2211,0.841064,athlete
891f99cd9bbffff,891f99cd98bffff,2571150096,6276210975,11.9834,0.346734,athlete
891f99cd9bbffff,891f99cd98fffff,2571150096,9578034988,6.5806,0.75583,athlete
891f99cd9bbffff,891f99cd993ffff,2571150096,9476330915,16.3514,0.079894,athlete
891f99cd9bbffff,891f99cd997ffff,2571150096,9620952677,11.475,0.38519,athlete
891f99cd9bbffff,891f99cd99bffff,2571150096,6576315758,15.5404,0.117745,athlete
891f99cd9bbffff,891f99cd9abffff,2571150096,9496019444,6.8505,0.737392,athlete
891f99cd9bbffff,891f99cd9b3ffff,2571150096,3693529476,6.2698,0.776491,athlete
891f99cd9bbffff,891f99cd9bbffff,2571150096,2571150096,0.0318,0.999994,athlete
891f99cd9bbffff,891f99cd9c3ffff,2571150096,9853522590,19.6564,0.000728,athlete
891f99cd9bbffff,891f99cd9c7ffff,2571150096,7033787067,16.4044,0.077651,athlete
891f99cd9bbffff,891f99cd9d7ffff,2571150096,6219063996,18.5818,0.012355,athlete
891f99cd9bbffff,891f99cdd27ffff,2571150096,6792684819,18.7063,0.010288,athlete
891f99cd9bbffff,891f99cdd2fffff,2571150096,9621093945,17.1791,0.048288,athlete
891f99cd9bbffff,891f99cdd67ffff,2571150096,10866880269,18.6748,0.010794,athlete
891f99cd9c3ffff,891f99cd817ffff,9853522590,7029324075,19.7909,0.00027,athlete
891f99cd9c3ffff,891f99cd823ffff,9853522590,262524963,16.546,0.071804,athlete
891f99cd9c3ffff,891f99cd827ffff,9853522590,6541998757,13.7883,0.219719,athlete
891f99cd9c3ffff,891f99cd82fffff,9853522590,9560281154,18.9225,0.007145,athlete
891f99cd9c3ffff,891f99cd833ffff,9853522590,2902864074,17.2885,0.04467,athlete
891f99cd9c3ffff,891f99cd837ffff,9853522590,9496654074,11.7926,0.361064,athlete
891f99cd9c3ffff,891f99cd8a3ffff,9853522590,3731973493,13.8975,0.212657,athlete
891f99cd9c3ffff,891f99cd8a7ffff,9853522590,13595211527,10.9983,0.421915,athlete
891f99cd9c3ffff,891f99cd8abffff,9853522590,29749460,16.0809,0.091788,athlete
891f99cd9c3ffff,891f99cd8afffff,9853522590,562679457,12.2702,0.325455,athlete
891f99cd9c3ffff,891f99cd8b7ffff,9853522590,12812222615,15.7283,0.108399,athlete
891f99cd9c3ffff,891f99cd8bbffff,9853522590,9582667284,18.7274,0.009956,athlete
891f99cd9c3ffff,891f99cd903ffff,9853522590,9468835556,13.3352,0.249873,athlete
891f99cd9c3ffff,891f99cd907ffff,9853522590,440390944,18.5243,0.013373,athlete
891f99cd9c3ffff,891f99cd90bffff,9853522590,9612610494,14.8001,0.157723,athlete
891f99cd9c3ffff,891f99cd90fffff,9853522590,5134144080,18.3612,0.016475,athlete
891f99cd9c3ffff,891f99cd913ffff,9853522590,4228814167,11.0064,0.421286,athlete
891f99cd9c3ffff,891f99cd917ffff,9853522590,9578034936,17.4666,0.03907,athlete
891f99cd9c3ffff,891f99cd91bffff,9853522590,11343319274,12.1897,0.331394,athlete
891f99cd9c3ffff,891f99cd943ffff,9853522590,4864904047,16.2077,0.086121,athlete
891f99cd9c3ffff,891f99cd947ffff,9853522590,9340804810,16.3338,0.080645,athlete
891f99cd9c3ffff,891f99cd94bffff,9853522590,1736732466,17.8172,0.029104,athlete
891f99cd9c3ffff,891f99cd94fffff,9853522590,9340898284,18.4666,0.014434,athlete
891f99cd9c3ffff,891f99cd953ffff,9853522590,4228945737,9.7953,0.516074,athlete
891f99cd9c3ffff,891f99cd957ffff,9853522590,9560549610,12.111,0.337224,athlete
891f99cd9c3ffff,891f99cd95bffff,9853522590,9317583344,15.8624,0.10194,athlete
891f99cd9c3ffff,891f99cd973ffff,9853522590,2480553393,18.3236,0.017236,athlete
891f99cd9c3ffff,891f99cd983ffff,9853522590,9577976786,14.5716,0.171022,athlete
891f99cd9c3ffff,891f99cd987ffff,9853522590,9496019473,18.6226,0.011657,athlete
891f99cd9c3ffff,891f99cd98bffff,9853522590,6276210975,8.6103,0.608282,athlete
891f99cd9c3ffff,891f99cd98fffff,9853522590,9578034988,14.0996,0.199816,athlete
891f99cd9c3ffff,891f99cd993ffff,9853522590,9476330915,17.0684,0.052084,athlete
891f99cd9c3ffff,891f99cd997ffff,9853522590,9620952677,18.5442,0.013016,athlete
891f99cd9c3ffff,891f99cd99bffff,9853522590,6576315758,12.2106,0.32985,athlete
891f99cd9c3ffff,891f99cd9bbffff,9853522590,2571150096,19.1905,0.004037,athlete
891f99cd9c3ffff,891f99cd9c3ffff,9853522590,9853522590,1.4555,0.986989,athlete
891f99cd9c3ffff,891f99cd9c7ffff,9853522590,7033787067,8.7278,0.599256,athlete
891f99cd9c3ffff,891f99cd9cbffff,9853522590,6274583816,8.7556,0.597117,athlete
891f99cd9c3ffff,891f99cd9cfffff,9853522590,6264079131,6.7836,0.742004,athlete
891f99cd9c3ffff,891f99cd9d3ffff,9853522590,6306034549,5.7548,0.809249,athlete
891f99cd9c3ffff,891f99cd9d7ffff,9853522590,6219063996,5.0188,0.85251,athlete
891f99cd9c3ffff,891f99cd9dbffff,9853522590,6251697193,7.1762,0.714577,athlete
891f99cd9c3ffff,891f99cdd2bffff,9853522590,9769034838,19.6294,0.000847,athlete
891f99cd9c3ffff,891f99cdd63ffff,9853522590,9474270025,14.4532,0.178079,athlete
891f99cd9c3ffff,891f99cdd67ffff,9853522590,10866880269,13.8951,0.212814,athlete
891f99cd9c3ffff,891f99cdd6bffff,9853522590,6293459375,11.3218,0.396929,athlete
891f99cd9c3ffff,891f99cdd6fffff,9853522590,1831777965,10.3611,0.471654,athlete
891f99cd9c3ffff,891f99cdd77ffff,9853522590,4448818000,19.0476,0.005585,athlete
891f99cd9c3ffff,891f99cdd7bffff,9853522590,7026396817,16.9163,0.057518,athlete
891f99cd9c7ffff,891f99cd823ffff,7033787067,262524963,18.4061,0.01559,athlete
891f99cd9c7ffff,891f99cd827ffff,7033787067,6541998757,14.8864,0.15281,athlete
891f99cd9c7ffff,891f99cd82fffff,7033787067,9560281154,19.1635,0.004311,athlete
891f99cd9c7ffff,891f99cd837ffff,7033787067,9496654074,16.944,0.056511,athlete
891f99cd9c7ffff,891f99cd8a3ffff,7033787067,3731973493,19.8607,0.00012,athlete
891f99cd9c7ffff,891f99cd8a7ffff,7033787067,13595211527,16.9615,0.055879,athlete
891f99cd9c7ffff,891f99cd8afffff,7033787067,562679457,18.2334,0.019129,athlete
891f99cd9c7ffff,891f99cd903ffff,7033787067,9468835556,8.0052,0.654118,athlete
891f99cd9c7ffff,891f99cd907ffff,7033787067,440390944,13.3005,0.252237,athlete
891f99cd9c7ffff,891f99cd90bffff,7033787067,9612610494,9.371,0.549324,athlete
891f99cd9c7ffff,891f99cd90fffff,7033787067,5134144080,11.4568,0.386581,athlete
891f99cd9c7ffff,891f99cd913ffff,7033787067,4228814167,6.1196,0.786243,athlete
891f99cd9c7ffff,891f99cd917ffff,7033787067,9578034936,12.9383,0.277332,athlete
891f99cd9c7ffff,891f99cd91bffff,7033787067,11343319274,4.8001,0.864478,athlete
891f99cd9c7ffff,891f99cd943ffff,7033787067,4864904047,15.1301,0.139294,athlete
891f99cd9c7ffff,891f99cd947ffff,7033787067,9340804810,14.2503,0.190434,athlete
891f99cd9c7ffff,891f99cd94bffff,7033787067,1736732466,17.065,0.052201,athlete
891f99cd9c7ffff,891f99cd94fffff,7033787067,9340898284,16.5321,0.072367,athlete
891f99cd9c7ffff,891f99cd953ffff,7033787067,4228945737,9.3479,0.551125,athlete
891f99cd9c7ffff,891f99cd957ffff,7033787067,9560549610,9.5391,0.536168,athlete
891f99cd9c7ffff,891f99cd95bffff,7033787067,9317583344,15.2664,0.131963,athlete
891f99cd9c7ffff,891f99cd963ffff,7033787067,2477486916,19.4177,0.00209,athlete
891f99cd9c7ffff,891f99cd973ffff,7033787067,2480553393,13.9508,0.209243,athlete
891f99cd9c7ffff,891f99cd977ffff,7033787067,7977389789,17.0691,0.052058,athlete
891f99cd9c7ffff,891f99cd97bffff,7033787067,13506766820,18.5951,0.012126,athlete
891f99cd9c7ffff,891f99cd983ffff,7033787067,9577976786,12.4322,0.313588,athlete
891f99cd9c7ffff,891f99cd987ffff,7033787067,9496019473,15.5298,0.11828,athlete
891f99cd9c7ffff,891f99cd98bffff,7033787067,6276210975,5.9231,0.798755,athlete
891f99cd9c7ffff,891f99cd98fffff,7033787067,9578034988,9.765,0.518456,athlete
891f99cd9c7ffff,891f99cd993ffff,7033787067,9476330915,14.929,0.150409,athlete
891f99cd9c7ffff,891f99cd997ffff,7033787067,9620952677,16.4048,0.077632,athlete
891f99cd9c7ffff,891f99cd99bffff,7033787067,6576315758,11.7655,0.363107,athlete
891f99cd9c7ffff,891f99cd9abffff,7033787067,9496019444,15.5702,0.116237,athlete
891f99cd9c7ffff,891f99cd9b3ffff,7033787067,3693529476,18.6416,0.01134,athlete
891f99cd9c7ffff,891f99cd9bbffff,7033787067,2571150096,14.685,0.164365,athlete
891f99cd9c7ffff,891f99cd9c3ffff,7033787067,9853522590,7.6503,0.680386,athlete
891f99cd9c7ffff,891f99cd9c7ffff,7033787067,7033787067,0.8779,0.995253,athlete
891f99cd9c7ffff,891f99cd9cbffff,7033787067,6274583816,11.5519,0.379319,athlete
891f99cd9c7ffff,891f99cd9cfffff,7033787067,6264079131,5.3023,0.836374,athlete
891f99cd9c7ffff,891f99cd9d3ffff,7033787067,6306034549,11.4109,0.390097,athlete
891f99cd9c7ffff,891f99cd9d7ffff,7033787067,6219063996,7.4446,0.695357,athlete
891f99cd9c7ffff,891f99cd9dbffff,7033787067,6251697193,13.1394,0.263305,athlete
891f99cd9c7ffff,891f99cdd2bffff,7033787067,9769034838,18.7929,0.008961,athlete
891f99cd9c7ffff,891f99cdd2fffff,7033787067,9621093945,18.345,0.016801,athlete
891f99cd9c7ffff,891f99cdd63ffff,7033787067,9474270025,17.3702,0.042058,athlete
891f99cd9c7ffff,891f99cdd67ffff,7033787067,10866880269,14.6858,0.164317,athlete
891f99cd9c7ffff,891f99cdd6bffff,7033787067,6293459375,16.0841,0.091646,athlete
891f99cd9c7ffff,891f99cdd6fffff,7033787067,1831777965,13.5485,0.235513,athlete
891f99cd9cbffff,891f99cd807ffff,6274583816,6539316791,15.667,0.11141,athlete
891f99cd9cbffff,891f99cd817ffff,6274583816,7029324075,18.7241,0.010008,athlete
891f99cd9cbffff,891f99cd823ffff,6274583816,262524963,10.7559,0.440772,athlete
891f99cd9cbffff,891f99cd827ffff,6274583816,6541998757,7.4752,0.693138,athlete
891f99cd9cbffff,891f99cd82bffff,6274583816,441965615,15.2362,0.133575,athlete
891f99cd9cbffff,891f99cd82fffff,6274583816,9560281154,12.6567,0.297347,athlete
891f99cd9cbffff,891f99cd833ffff,6274583816,2902864074,11.9901,0.346229,athlete
891f99cd9cbffff,891f99cd837ffff,6274583816,9496654074,7.7135,0.675746,athlete
891f99cd9cbffff,891f99cd83bffff,6274583816,561077793,16.2387,0.084761,athlete
891f99cd9cbffff,891f99cd8a3ffff,6274583816,3731973493,13.0298,0.270919,athlete
891f99cd9cbffff,891f99cd8a7ffff,6274583816,13595211527,10.1306,0.489742,athlete
891f99cd9cbffff,891f99cd8abffff,6274583816,29749460,13.544,0.235812,athlete
891f99cd9cbffff,891f99cd8afffff,6274583816,562679457,10.9462,0.425956,athlete
891f99cd9cbffff,891f99cd8b3ffff,6274583816,9850454762,19.52,0.00142,athlete
891f99cd9cbffff,891f99cd8b7ffff,6274583816,12812222615,14.8606,0.154272,athlete
891f99cd9cbffff,891f99cd8bbffff,6274583816,9582667284,17.8597,0.027991,athlete
891f99cd9cbffff,891f99cd903ffff,6274583816,9468835556,17.3218,0.043596,athlete
891f99cd9cbffff,891f99cd90bffff,6274583816,9612610494,13.8023,0.218808,athlete
891f99cd9cbffff,891f99cd90fffff,6274583816,5134144080,18.3832,0.016039,athlete
891f99cd9cbffff,891f99cd913ffff,6274583816,4228814167,16.2131,0.085883,athlete
891f99cd9cbffff,891f99cd91bffff,6274583816,11343319274,12.1333,0.335566,athlete
891f99cd9cbffff,891f99cd943ffff,6274583816,4864904047,11.7361,0.365334,athlete
891f99cd9cbffff,891f99cd947ffff,6274583816,9340804810,12.1176,0.336737,athlete
891f99cd9cbffff,891f99cd94bffff,6274583816,1736732466,13.3456,0.249167,athlete
891f99cd9cbffff,891f99cd94fffff,6274583816,9340898284,13.995,0.206424,athlete
891f99cd9cbffff,891f99cd953ffff,6274583816,4228945737,5.3237,0.835127,athlete
891f99cd9cbffff,891f99cd957ffff,6274583816,9560549610,8.9037,0.58568,athlete
891f99cd9cbffff,891f99cd95bffff,6274583816,9317583344,10.9953,0.422147,athlete
891f99cd9cbffff,891f99cd963ffff,6274583816,2477486916,19.3673,0.002468,athlete
891f99cd9cbffff,891f99cd973ffff,6274583816,2480553393,16.3349,0.080599,athlete
891f99cd9cbffff,891f99cd977ffff,6274583816,7977389789,19.4532,0.001843,athlete
891f99cd9cbffff,891f99cd97bffff,6274583816,13506766820,16.3345,0.080615,athlete
891f99cd9cbffff,891f99cd98bffff,6274583816,6276210975,15.3055,0.129896,athlete
891f99cd9cbffff,891f99cd98fffff,6274583816,9578034988,19.8585,0.000124,athlete
891f99cd9cbffff,891f99cd99bffff,6274583816,6576315758,19.8276,0.000183,athlete
891f99cd9cbffff,891f99cd9c3ffff,6274583816,9853522590,9.5946,0.531821,athlete
891f99cd9cbffff,891f99cd9c7ffff,6274583816,7033787067,12.2328,0.32821,athlete
891f99cd9cbffff,891f99cd9cbffff,6274583816,6274583816,0.6931,0.997039,athlete
891f99cd9cbffff,891f99cd9cfffff,6274583816,6264079131,6.6396,0.751837,athlete
891f99cd9cbffff,891f99cd9d3ffff,6274583816,6306034549,9.0373,0.575324,athlete
891f99cd9cbffff,891f99cd9d7ffff,6274583816,6219063996,12.3696,0.318156,athlete
891f99cd9cbffff,891f99cd9dbffff,6274583816,6251697193,6.265,0.776807,athlete
891f99cd9cbffff,891f99cdb93ffff,6274583816,1929307047,16.3802,0.078671,athlete
891f99cd9cbffff,891f99cdb97ffff,6274583816,9343359784,14.608,0.168871,athlete
891f99cd9cbffff,891f99cdd63ffff,6274583816,9474270025,17.8218,0.028983,athlete
891f99cd9cbffff,891f99cdd6bffff,6274583816,6293459375,14.0866,0.200635,athlete
891f99cd9cbffff,891f99cdd6fffff,6274583816,1831777965,14.2823,0.188468,athlete
891f99cd9cbffff,891f99cdd7bffff,6274583816,7026396817,19.324,0.002816,athlete
891f99cd9cfffff,891f99cd807ffff,6264079131,6539316791,19.9808,2e-06,athlete
891f99cd9cfffff,891f99cd823ffff,6264079131,262524963,13.4894,0.239461,athlete
891f99cd9cfffff,891f99cd827ffff,6264079131,6541998757,9.9697,0.502378,athlete
891f99cd9cfffff,891f99cd82bffff,6264079131,441965615,17.8151,0.029159,athlete
891f99cd9cfffff,891f99cd82fffff,6264079131,9560281154,14.2468,0.190653,athlete
891f99cd9cfffff,891f99cd833ffff,6264079131,2902864074,16.3039,0.081927,athlete
891f99cd9cfffff,891f99cd837ffff,6264079131,9496654074,12.0273,0.343455,athlete
891f99cd9cfffff,891f99cd83bffff,6264079131,561077793,19.0486,0.005573,athlete
891f99cd9cfffff,891f99cd8a3ffff,6264079131,3731973493,18.2355,0.019083,athlete
891f99cd9cfffff,891f99cd8a7ffff,6264079131,13595211527,15.3363,0.128274,athlete
891f99cd9cfffff,891f99cd8abffff,6264079131,29749460,19.3006,0.003014,athlete
891f99cd9cfffff,891f99cd8afffff,6264079131,562679457,16.6081,0.069304,athlete
891f99cd9cfffff,891f99cd903ffff,6264079131,9468835556,12.1224,0.336375,athlete
891f99cd9cfffff,891f99cd907ffff,6264079131,440390944,17.4507,0.039554,athlete
891f99cd9cfffff,891f99cd90bffff,6264079131,9612610494,9.246,0.559083,athlete
891f99cd9cfffff,891f99cd90fffff,6264079131,5134144080,13.6471,0.22897,athlete
891f99cd9cfffff,891f99cd913ffff,6264079131,4228814167,10.4482,0.464831,athlete
891f99cd9cfffff,891f99cd917ffff,6264079131,9578034936,17.2375,0.046341,athlete
891f99cd9cfffff,891f99cd91bffff,6264079131,11343319274,6.7321,0.745539,athlete
891f99cd9cfffff,891f99cd943ffff,6264079131,4864904047,10.2134,0.48324,athlete
891f99cd9cfffff,891f99cd947ffff,6264079131,9340804810,10.1182,0.490719,athlete
891f99cd9cfffff,891f99cd94bffff,6264079131,1736732466,12.1483,0.334455,athlete
891f99cd9cfffff,891f99cd94fffff,6264079131,9340898284,12.2615,0.326098,athlete
891f99cd9cfffff,891f99cd953ffff,6264079131,4228945737,4.4312,0.883689,athlete
891f99cd9cfffff,891f99cd957ffff,6264079131,9560549610,5.713,0.811825,athlete
891f99cd9cfffff,891f99cd95bffff,6264079131,9317583344,10.3498,0.472545,athlete
891f99cd9cfffff,891f99cd963ffff,6264079131,2477486916,16.1085,0.09054,athlete
891f99cd9cfffff,891f99cd973ffff,6264079131,2480553393,11.9256,0.351063,athlete
891f99cd9cfffff,891f99cd977ffff,6264079131,7977389789,15.0439,0.144016,athlete
891f99cd9cfffff,891f99cd97bffff,6264079131,13506766820,14.5567,0.171904,athlete
891f99cd9cfffff,891f99cd983ffff,6264079131,9577976786,15.9993,0.095525,athlete
891f99cd9cfffff,891f99cd987ffff,6264079131,9496019473,19.8584,0.000124,athlete
891f99cd9cfffff,891f99cd98bffff,6264079131,6276210975,9.5176,0.537854,athlete
891f99cd9cfffff,891f99cd98fffff,6264079131,9578034988,14.0935,0.200196,athlete
891f99cd9cfffff,891f99cd993ffff,6264079131,9476330915,18.4961,0.013886,athlete
891f99cd9cfffff,891f99cd997ffff,6264079131,9620952677,19.9719,5e-06,athlete
891f99cd9cfffff,891f99cd99bffff,6264079131,6576315758,15.1963,0.135716,athlete
891f99cd9cfffff,891f99cd9abffff,6264079131,9496019444,19.8988,6.3e-05,athlete
891f99cd9cfffff,891f99cd9bbffff,6264079131,2571150096,19.0136,0.00599,athlete
891f99cd9cfffff,891f99cd9c3ffff,6264079131,9853522590,6.7115,0.746941,athlete
891f99cd9cfffff,891f99cd9c7ffff,6264079131,7033787067,6.3508,0.771166,athlete
891f99cd9cfffff,891f99cd9cbffff,6264079131,6274583816,6.6352,0.752138,athlete
891f99cd9cfffff,891f99cd9cfffff,6264079131,6264079131,0.3856,0.999083,athlete
891f99cd9cfffff,891f99cd9d3ffff,6264079131,6306034549,11.0109,0.42094,athlete
891f99cd9cfffff,891f99cd9d7ffff,6264079131,6219063996,8.9288,0.583733,athlete
891f99cd9cfffff,891f99cd9dbffff,6264079131,6251697193,11.4438,0.387577,athlete
891f99cd9cfffff,891f99cdb93ffff,6264079131,1929307047,18.533,0.013216,athlete
891f99cd9cfffff,891f99cdb97ffff,6264079131,9343359784,15.675,0.111016,athlete
891f99cd9cfffff,891f99cdd63ffff,6264079131,9474270025,19.1327,0.004633,athlete
891f99cd9cfffff,891f99cdd67ffff,6264079131,10866880269,17.8051,0.029423,athlete
891f99cd9cfffff,891f99cdd6bffff,6264079131,6293459375,16.5779,0.070517,athlete
891f99cd9cfffff,891f99cdd6fffff,6264079131,1831777965,15.1187,0.139917,athlete
891f99cd9d3ffff,891f99cd807ffff,6306034549,6539316791,19.7408,0.000414,athlete
891f99cd9d3ffff,891f99cd817ffff,6306034549,7029324075,18.3827,0.016048,athlete
891f99cd9d3ffff,891f99cd823ffff,6306034549,262524963,16.7569,0.063486,athlete
891f99cd9d3ffff,891f99cd827ffff,6306034549,6541998757,13.9992,0.206155,athlete
891f99cd9d3ffff,891f99cd82fffff,6306034549,9560281154,19.1334,0.004625,athlete
891f99cd9d3ffff,891f99cd833ffff,6306034549,2902864074,17.4136,0.040701,athlete
891f99cd9d3ffff,891f99cd837ffff,6306034549,9496654074,12.0035,0.345228,athlete
891f99cd9d3ffff,891f99cd8a3ffff,6306034549,3731973493,12.1728,0.332643,athlete
891f99cd9d3ffff,891f99cd8a7ffff,6306034549,13595211527,6.1819,0.782219,athlete
891f99cd9d3ffff,891f99cd8abffff,6306034549,29749460,15.1389,0.138818,athlete
891f99cd9d3ffff,891f99cd8afffff,6306034549,562679457,10.862,0.432502,athlete
891f99cd9d3ffff,891f99cd8b3ffff,6306034549,9850454762,16.5991,0.069664,athlete
891f99cd9d3ffff,891f99cd8b7ffff,6306034549,12812222615,11.9397,0.350001,athlete
891f99cd9d3ffff,891f99cd8bbffff,6306034549,9582667284,17.2061,0.047381,athlete
891f99cd9d3ffff,891f99cd903ffff,6306034549,9468835556,17.3851,0.041589,athlete
891f99cd9d3ffff,891f99cd913ffff,6306034549,4228814167,15.0563,0.143334,athlete
891f99cd9d3ffff,891f99cd917ffff,6306034549,9578034936,19.9214,3.8e-05,athlete
891f99cd9d3ffff,891f99cd91bffff,6306034549,11343319274,16.6999,0.065688,athlete
891f99cd9d3ffff,891f99cd953ffff,6306034549,4228945737,13.7206,0.224137,athlete
891f99cd9d3ffff,891f99cd957ffff,6306034549,9560549610,17.0575,0.052466,athlete
891f99cd9d3ffff,891f99cd95bffff,6306034549,9317583344,19.4162,0.002101,athlete
891f99cd9d3ffff,891f99cd983ffff,6306034549,9577976786,16.595,0.06983,athlete
891f99cd9d3ffff,891f99cd98bffff,6306034549,6276210975,11.0651,0.416739,athlete
891f99cd9d3ffff,891f99cd98fffff,6306034549,9578034988,16.5544,0.071464,athlete
891f99cd9d3ffff,891f99cd993ffff,6306034549,9476330915,17.3093,0.043999,athlete
891f99cd9d3ffff,891f99cd997ffff,6306034549,9620952677,19.0161,0.00596,athlete
891f99cd9d3ffff,891f99cd99bffff,6306034549,6576315758,11.3472,0.394979,athlete
891f99cd9d3ffff,891f99cd9c3ffff,6306034549,9853522590,6.7152,0.74669,athlete
891f99cd9d3ffff,891f99cd9c7ffff,6306034549,7033787067,12.7777,0.288697,athlete
891f99cd9d3ffff,891f99cd9cbffff,6306034549,6274583816,9.1141,0.569357,athlete
891f99cd9d3ffff,891f99cd9cfffff,6306034549,6264079131,12.0433,0.342259,athlete
891f99cd9d3ffff,891f99cd9d3ffff,6306034549,6306034549,0.2262,0.999685,athlete
891f99cd9d3ffff,891f99cd9d7ffff,6306034549,6219063996,6.1944,0.781404,athlete
891f99cd9d3ffff,891f99cd9dbffff,6306034549,6251697193,7.3872,0.699497,athlete
891f99cd9d3ffff,891f99cdd0fffff,6306034549,7013595399,18.611,0.011854,athlete
891f99cd9d3ffff,891f99cdd2bffff,6306034549,9769034838,17.3838,0.04163,athlete
891f99cd9d3ffff,891f99cdd3bffff,6306034549,7013785674,19.3238,0.002818,athlete
891f99cd9d3ffff,891f99cdd47ffff,6306034549,9487098556,17.5732,0.035891,athlete
891f99cd9d3ffff,891f99cdd4fffff,6306034549,27653866,15.783,0.10574,athlete
891f99cd9d3ffff,891f99cdd63ffff,6306034549,9474270025,9.0107,0.57739,athlete
891f99cd9d3ffff,891f99cdd67ffff,6306034549,10866880269,11.8235,0.358735,athlete
891f99cd9d3ffff,891f99cdd6bffff,6306034549,6293459375,5.8793,0.801511,athlete
891f99cd9d3ffff,891f99cdd6fffff,6306034549,1831777965,5.6459,0.815923,athlete
891f99cd9d3ffff,891f99cdd73ffff,6306034549,9241485097,15.4435,0.122694,athlete
891f99cd9d3ffff,891f99cdd77ffff,6306034549,4448818000,13.605,0.231755,athlete
891f99cd9d3ffff,891f99cdd7bffff,6306034549,7026396817,11.4738,0.38528,athlete
891f99cd9d7ffff,891f99cd823ffff,6219063996,262524963,19.8998,6.2e-05,athlete
891f99cd9d7ffff,891f99cd827ffff,6219063996,6541998757,17.1421,0.049541,athlete
891f99cd9d7ffff,891f99cd837ffff,6219063996,9496654074,15.1464,0.13841,athlete
891f99cd9d7ffff,891f99cd8a3ffff,6219063996,3731973493,17.2513,0.045884,athlete
891f99cd9d7ffff,891f99cd8a7ffff,6219063996,13595211527,12.1011,0.337962,athlete
891f99cd9d7ffff,891f99cd8abffff,6219063996,29749460,19.4348,0.001969,athlete
891f99cd9d7ffff,891f99cd8afffff,6219063996,562679457,15.624,0.113544,athlete
891f99cd9d7ffff,891f99cd8b7ffff,6219063996,12812222615,17.4415,0.039837,athlete
891f99cd9d7ffff,891f99cd903ffff,6219063996,9468835556,13.1448,0.262933,athlete
891f99cd9d7ffff,891f99cd907ffff,6219063996,440390944,18.3339,0.017026,athlete
891f99cd9d7ffff,891f99cd90bffff,6219063996,9612610494,16.797,0.061959,athlete
891f99cd9d7ffff,891f99cd90fffff,6219063996,5134144080,18.1708,0.020498,athlete
891f99cd9d7ffff,891f99cd913ffff,6219063996,4228814167,10.816,0.436088,athlete
891f99cd9d7ffff,891f99cd917ffff,6219063996,9578034936,17.2762,0.045071,athlete
891f99cd9d7ffff,891f99cd91bffff,6219063996,11343319274,12.4596,0.311596,athlete
891f99cd9d7ffff,891f99cd943ffff,6219063996,4864904047,18.5436,0.013027,athlete
891f99cd9d7ffff,891f99cd947ffff,6219063996,9340804810,18.5132,0.013574,athlete
891f99cd9d7ffff,891f99cd953ffff,6219063996,4228945737,12.1312,0.335723,athlete
891f99cd9d7ffff,891f99cd957ffff,6219063996,9560549610,14.108,0.199289,athlete
891f99cd9d7ffff,891f99cd95bffff,6219063996,9317583344,18.1983,0.019891,athlete
891f99cd9d7ffff,891f99cd983ffff,6219063996,9577976786,14.3158,0.186412,athlete
891f99cd9d7ffff,891f99cd987ffff,6219063996,9496019473,18.3668,0.016363,athlete
891f99cd9d7ffff,891f99cd98bffff,6219063996,6276210975,8.4199,0.622832,athlete
891f99cd9d7ffff,891f99cd98fffff,6219063996,9578034988,13.9092,0.211908,athlete
891f99cd9d7ffff,891f99cd993ffff,6219063996,9476330915,15.9453,0.098031,athlete
891f99cd9d7ffff,891f99cd997ffff,6219063996,9620952677,17.6181,0.034591,athlete
891f99cd9d7ffff,891f99cd99bffff,6219063996,6576315758,9.4695,0.541616,athlete
891f99cd9d7ffff,891f99cd9abffff,6219063996,9496019444,19.8853,8.1e-05,athlete
891f99cd9d7ffff,891f99cd9bbffff,6219063996,2571150096,19.0001,0.006155,athlete
891f99cd9d7ffff,891f99cd9c3ffff,6219063996,9853522590,5.0409,0.851274,athlete
891f99cd9d7ffff,891f99cd9c7ffff,6219063996,7033787067,8.5374,0.613867,athlete
891f99cd9d7ffff,891f99cd9cbffff,6219063996,6274583816,12.1094,0.337344,athlete
891f99cd9d7ffff,891f99cd9cfffff,6219063996,6264079131,8.7806,0.595188,athlete
891f99cd9d7ffff,891f99cd9d3ffff,6219063996,6306034549,6.2831,0.775617,athlete
891f99cd9d7ffff,891f99cd9d7ffff,6219063996,6219063996,1.7858,0.980456,athlete
891f99cd9d7ffff,891f99cd9dbffff,6219063996,6251697193,10.5301,0.458417,athlete
891f99cd9d7ffff,891f99cdd2bffff,6219063996,9769034838,16.8884,0.058545,athlete
891f99cd9d7ffff,891f99cdd2fffff,6219063996,9621093945,19.3613,0.002515,athlete
891f99cd9d7ffff,891f99cdd63ffff,6219063996,9474270025,12.4816,0.309996,athlete
891f99cd9d7ffff,891f99cdd67ffff,6219063996,10866880269,11.154,0.409859,athlete
891f99cd9d7ffff,891f99cdd6bffff,6219063996,6293459375,11.0031,0.421539,athlete
891f99cd9d7ffff,891f99cdd6fffff,6219063996,1831777965,8.4676,0.619199,athlete
891f99cd9d7ffff,891f99cdd73ffff,6219063996,9241485097,19.7518,0.00038,athlete
891f99cd9d7ffff,891f99cdd77ffff,6219063996,4448818000,17.0045,0.054337,athlete
891f99cd9d7ffff,891f99cdd7bffff,6219063996,7026396817,16.5977,0.069722,athlete
891f99cd9dbffff,891f99cd807ffff,6251697193,6539316791,14.9687,0.148187,athlete
891f99cd9dbffff,891f99cd817ffff,6251697193,7029324075,14.0989,0.199861,athlete
891f99cd9dbffff,891f99cd823ffff,6251697193,262524963,10.7836,0.438614,athlete
891f99cd9dbffff,891f99cd827ffff,6251697193,6541998757,8.0259,0.652576,athlete
891f99cd9dbffff,891f99cd82bffff,6251697193,441965615,15.2639,0.132099,athlete
891f99cd9dbffff,891f99cd82fffff,6251697193,9560281154,13.16,0.261878,athlete
891f99cd9dbffff,891f99cd833ffff,6251697193,2902864074,11.5261,0.381286,athlete
891f99cd9dbffff,891f99cd837ffff,6251697193,9496654074,6.0302,0.791974,athlete
891f99cd9dbffff,891f99cd83bffff,6251697193,561077793,16.1437,0.088963,athlete
891f99cd9dbffff,891f99cd887ffff,6251697193,2555399289,17.2026,0.047501,athlete
891f99cd9dbffff,891f99cd88fffff,6251697193,6435816272,16.3005,0.082075,athlete
891f99cd9dbffff,891f99cd8a3ffff,6251697193,3731973493,8.2055,0.63908,athlete
891f99cd9dbffff,891f99cd8a7ffff,6251697193,13595211527,5.3063,0.83614,athlete
891f99cd9dbffff,891f99cd8abffff,6251697193,29749460,10.3185,0.474995,athlete
891f99cd9dbffff,891f99cd8afffff,6251697193,562679457,6.5782,0.755994,athlete
891f99cd9dbffff,891f99cd8b3ffff,6251697193,9850454762,14.6957,0.163744,athlete
891f99cd9dbffff,891f99cd8b7ffff,6251697193,12812222615,10.0363,0.49715,athlete
891f99cd9dbffff,891f99cd8bbffff,6251697193,9582667284,13.0354,0.270529,athlete
891f99cd9dbffff,891f99cd903ffff,6251697193,9468835556,18.1533,0.020889,athlete
891f99cd9dbffff,891f99cd90bffff,6251697193,9612610494,18.1085,0.021908,athlete
891f99cd9dbffff,891f99cd913ffff,6251697193,4228814167,15.8245,0.103746,athlete
891f99cd9dbffff,891f99cd91bffff,6251697193,11343319274,16.4395,0.07618,athlete
891f99cd9dbffff,891f99cd943ffff,6251697193,4864904047,16.2854,0.082729,athlete
891f99cd9dbffff,891f99cd947ffff,6251697193,9340804810,16.4238,0.076839,athlete
891f99cd9dbffff,891f99cd94bffff,6251697193,1736732466,16.8629,0.059489,athlete
891f99cd9dbffff,891f99cd94fffff,6251697193,9340898284,18.5443,0.013014,athlete
891f99cd9dbffff,891f99cd953ffff,6251697193,4228945737,9.873,0.509974,athlete
891f99cd9dbffff,891f99cd957ffff,6251697193,9560549610,13.2099,0.258445,athlete
891f99cd9dbffff,891f99cd95bffff,6251697193,9317583344,13.5372,0.236261,athlete
891f99cd9dbffff,891f99cd983ffff,6251697193,9577976786,19.3897,0.002296,athlete
891f99cd9dbffff,891f99cd98bffff,6251697193,6276210975,13.4284,0.243562,athlete
891f99cd9dbffff,891f99cd98fffff,6251697193,9578034988,18.9177,0.007208,athlete
891f99cd9dbffff,891f99cd99bffff,6251697193,6576315758,16.589,0.070071,athlete
891f99cd9dbffff,891f99cd9c3ffff,6251697193,9853522590,6.4452,0.764907,athlete
891f99cd9dbffff,891f99cd9c7ffff,6251697193,7033787067,13.5459,0.235684,athlete
891f99cd9dbffff,891f99cd9cbffff,6251697193,6274583816,5.2665,0.83845,athlete
891f99cd9dbffff,891f99cd9cfffff,6251697193,6264079131,10.9458,0.425989,athlete
891f99cd9dbffff,891f99cd9d3ffff,6251697193,6306034549,5.7188,0.811467,athlete
891f99cd9dbffff,891f99cd9d7ffff,6251697193,6219063996,9.131,0.56804,athlete
891f99cd9dbffff,891f99cd9dbffff,6251697193,6251697193,1.4138,0.987721,athlete
891f99cd9dbffff,891f99cdb93ffff,6251697193,1929307047,16.4079,0.077505,athlete
891f99cd9dbffff,891f99cdb97ffff,6251697193,9343359784,15.1114,0.140315,athlete
891f99cd9dbffff,891f99cdd43ffff,6251697193,4912632765,19.5259,0.001386,athlete
891f99cd9dbffff,891f99cdd4bffff,6251697193,7023815414,18.7498,0.00961,athlete
891f99cd9dbffff,891f99cdd4fffff,6251697193,27653866,15.539,0.117814,athlete
891f99cd9dbffff,891f99cdd63ffff,6251697193,9474270025,14.0937,0.200183,athlete
891f99cd9dbffff,891f99cdd67ffff,6251697193,10866880269,17.1865,0.048039,athlete
891f99cd9dbffff,891f99cdd6bffff,6251697193,6293459375,9.2622,0.557814,athlete
891f99cd9dbffff,891f99cdd6fffff,6251697193,1831777965,11.009,0.421087,athlete
891f99cd9dbffff,891f99cdd73ffff,6251697193,9241485097,18.9226,0.007143,athlete
891f99cd9dbffff,891f99cdd77ffff,6251697193,4448818000,18.6881,0.010579,athlete
891f99cd9dbffff,891f99cdd7bffff,6251697193,7026396817,14.4997,0.175293,athlete
891f99cdb93ffff,891f99cd807ffff,1929307047,6539316791,16.2851,0.082742,athlete
891f99cdb93ffff,891f99cd80bffff,1929307047,9603238717,19.4145,0.002113,athlete
891f99cdb93ffff,891f99cd80fffff,1929307047,9626457904,15.7217,0.108722,athlete
891f99cdb93ffff,891f99cd823ffff,1929307047,262524963,8.3191,0.630493,athlete
891f99cdb93ffff,891f99cd827ffff,1929307047,6541998757,11.1065,0.413534,athlete
891f99cdb93ffff,891f99cd82bffff,1929307047,441965615,5.9173,0.79912,athlete
891f99cdb93ffff,891f99cd82fffff,1929307047,9560281154,5.1999,0.842282,athlete
891f99cdb93ffff,891f99cd833ffff,1929307047,2902864074,14.4668,0.177265,athlete
891f99cdb93ffff,891f99cd837ffff,1929307047,9496654074,12.1995,0.330668,athlete
891f99cdb93ffff,891f99cd83bffff,1929307047,561077793,11.4215,0.389285,athlete
891f99cdb93ffff,891f99cd873ffff,1929307047,9626086167,17.1946,0.047766,athlete
891f99cdb93ffff,891f99cd877ffff,1929307047,9602755803,13.4922,0.239275,athlete
891f99cdb93ffff,891f99cd8abffff,1929307047,29749460,18.2491,0.018792,athlete
891f99cdb93ffff,891f99cd8afffff,1929307047,562679457,16.7965,0.061977,athlete
891f99cdb93ffff,891f99cd943ffff,1929307047,4864904047,13.5622,0.234597,athlete
891f99cdb93ffff,891f99cd947ffff,1929307047,9340804810,17.3761,0.041871,athlete
891f99cdb93ffff,891f99cd94bffff,1929307047,1736732466,9.9645,0.502786,athlete
891f99cdb93ffff,891f99cd94fffff,1929307047,9340898284,14.8141,0.156919,athlete
891f99cdb93ffff,891f99cd953ffff,1929307047,4228945737,14.6422,0.166866,athlete
891f99cdb93ffff,891f99cd957ffff,1929307047,9560549610,18.3387,0.016927,athlete
891f99cdb93ffff,891f99cd95bffff,1929307047,9317583344,9.9129,0.506837,athlete
891f99cdb93ffff,891f99cd97bffff,1929307047,13506766820,19.849,0.000141,athlete
891f99cdb93ffff,891f99cd9cbffff,1929307047,6274583816,16.6511,0.0676,athlete
891f99cdb93ffff,891f99cd9cfffff,1929307047,6264079131,19.2877,0.003126,athlete
891f99cdb93ffff,891f99cd9dbffff,1929307047,6251697193,18.7262,0.009975,athlete
891f99cdb93ffff,891f99cdb93ffff,1929307047,1929307047,3.6336,0.920743,athlete
891f99cdb93ffff,891f99cdb97ffff,1929307047,9343359784,7.4983,0.691467,athlete
891f99cdb97ffff,891f99cd807ffff,9343359784,6539316791,19.0608,0.005431,athlete
891f99cdb97ffff,891f99cd80fffff,9343359784,9626457904,18.4975,0.013862,athlete
891f99cdb97ffff,891f99cd823ffff,9343359784,262524963,10.8547,0.433075,athlete
891f99cdb97ffff,891f99cd827ffff,9343359784,6541998757,9.5534,0.535048,athlete
891f99cdb97ffff,891f99cd82bffff,9343359784,441965615,8.7645,0.596429,athlete
891f99cdb97ffff,891f99cd82fffff,9343359784,9560281154,5.3763,0.832049,athlete
891f99cdb97ffff,891f99cd833ffff,9343359784,2902864074,16.8792,0.058883,athlete
891f99cdb97ffff,891f99cd837ffff,9343359784,9496654074,13.2305,0.25703,athlete
891f99cdb97ffff,891f99cd83bffff,9343359784,561077793,14.1972,0.193718,athlete
891f99cdb97ffff,891f99cd873ffff,9343359784,9626086167,19.9704,5e-06,athlete
891f99cdb97ffff,891f99cd877ffff,9343359784,9602755803,16.268,0.083483,athlete
891f99cdb97ffff,891f99cd8afffff,9343359784,562679457,18.5848,0.012304,athlete
891f99cdb97ffff,891f99cd90bffff,9343359784,9612610494,19.0498,0.005559,athlete
891f99cdb97ffff,891f99cd91bffff,9343359784,11343319274,19.4912,0.001596,athlete
891f99cdb97ffff,891f99cd943ffff,9343359784,4864904047,9.764,0.518529,athlete
891f99cdb97ffff,891f99cd947ffff,9343359784,9340804810,13.5593,0.234789,athlete
891f99cdb97ffff,891f99cd94bffff,9343359784,1736732466,5.5536,0.821514,athlete
891f99cdb97ffff,891f99cd94fffff,9343359784,9340898284,10.2677,0.478979,athlete
891f99cdb97ffff,891f99cd953ffff,9343359784,4228945737,11.8005,0.360469,athlete
891f99cdb97ffff,891f99cd957ffff,9343359784,9560549610,14.5406,0.17286,athlete
891f99cdb97ffff,891f99cd95bffff,9343359784,9317583344,6.5065,0.760816,athlete
891f99cdb97ffff,891f99cd963ffff,9343359784,2477486916,19.6779,0.00064,athlete
891f99cdb97ffff,891f99cd973ffff,9343359784,2480553393,19.3125,0.002913,athlete
891f99cdb97ffff,891f99cd97bffff,9343359784,13506766820,15.3027,0.130044,athlete
891f99cdb97ffff,891f99cd9cbffff,9343359784,6274583816,15.1025,0.1408,athlete
891f99cdb97ffff,891f99cd9cfffff,9343359784,6264079131,16.446,0.075911,athlete
891f99cdb97ffff,891f99cd9dbffff,9343359784,6251697193,17.8356,0.02862,athlete
891f99cdb97ffff,891f99cdb93ffff,9343359784,1929307047,6.4888,0.761997,athlete
891f99cdb97ffff,891f99cdb97ffff,9343359784,9343359784,2.5306,0.961014,athlete
891f99cdc03ffff,891f99cc34bffff,9218173262,4889509547,19.4997,0.001543,athlete
891f99cdc03ffff,891f99cdc03ffff,9218173262,9218173262,3.8662,0.910595,athlete
891f99cdc03ffff,891f99cdc07ffff,9218173262,6423339988,4.9953,0.853815,athlete
891f99cdc03ffff,891f99cdc0fffff,9218173262,9571055498,7.3203,0.704306,athlete
891f99cdc03ffff,891f99cdc17ffff,9218173262,6445048303,6.9191,0.732637,athlete
891f99cdc03ffff,891f99cdc23ffff,9218173262,6425661261,12.9519,0.276374,athlete
891f99cdc03ffff,891f99cdc27ffff,9218173262,4889789431,18.0877,0.022389,athlete
891f99cdc03ffff,891f99cdc2bffff,9218173262,6462134755,14.1382,0.197396,athlete
891f99cdc03ffff,891f99cdc2fffff,9218173262,3735457859,17.247,0.046028,athlete
891f99cdc03ffff,891f99cdc33ffff,9218173262,2935634141,10.8517,0.433311,athlete
891f99cdc03ffff,891f99cdc37ffff,9218173262,8177904261,17.3192,0.04368,athlete
891f99cdc03ffff,891f99cdc3bffff,9218173262,2678692516,13.4076,0.244964,athlete
891f99cdc03ffff,891f99cdc63ffff,9218173262,7017551862,16.7663,0.063128,athlete
891f99cdc03ffff,891f99cdc6fffff,9218173262,2588305417,19.7848,0.000286,athlete
891f99cdc03ffff,891f99cdc73ffff,9218173262,6439049534,18.7496,0.009614,athlete
891f99cdc03ffff,891f99cdc77ffff,9218173262,1531554258,12.1534,0.334077,athlete
891f99cdc03ffff,891f99cdc87ffff,9218173262,6833312139,16.3061,0.081832,athlete
891f99cdc03ffff,891f99cdca3ffff,9218173262,9212595025,12.6993,0.294294,athlete
891f99cdc03ffff,891f99cdca7ffff,9218173262,31508518,18.2388,0.019011,athlete
891f99cdc03ffff,891f99cdcabffff,9218173262,1251634557,8.441,0.621226,athlete
891f99cdc03ffff,891f99cdcafffff,9218173262,395251657,16.7689,0.06303,athlete
891f99cdc03ffff,891f99cdcb3ffff,9218173262,6420979355,16.5484,0.071704,athlete
891f99cdc03ffff,891f99cdcb7ffff,9218173262,6451403576,18.413,0.015456,athlete
891f99cdc03ffff,891f99cdcbbffff,9218173262,6451658836,12.581,0.3028,athlete
891f99cdc07ffff,891f99cc34bffff,6423339988,4889509547,19.582,0.001078,athlete
891f99cdc07ffff,891f99cd883ffff,6423339988,6438001453,19.8782,9.2e-05,athlete
891f99cdc07ffff,891f99cd893ffff,6423339988,582942526,17.6568,0.033489,athlete
891f99cdc07ffff,891f99cd897ffff,6423339988,9838588176,18.7302,0.009913,athlete
891f99cdc07ffff,891f99cd89bffff,6423339988,9857622044,18.5932,0.012158,athlete
891f99cdc07ffff,891f99cdc03ffff,6423339988,9218173262,5.1234,0.846633,athlete
891f99cdc07ffff,891f99cdc07ffff,6423339988,6423339988,0.5644,0.998036,athlete
891f99cdc07ffff,891f99cdc0fffff,6423339988,9571055498,5.4127,0.829908,athlete
891f99cdc07ffff,891f99cdc17ffff,6423339988,6445048303,7.3623,0.701288,athlete
891f99cdc07ffff,891f99cdc23ffff,6423339988,6425661261,10.2961,0.476756,athlete
891f99cdc07ffff,891f99cdc27ffff,6423339988,4889789431,15.4318,0.123298,athlete
891f99cdc07ffff,891f99cdc2bffff,6423339988,6462134755,11.6726,0.370138,athlete
891f99cdc07ffff,891f99cdc2fffff,6423339988,3735457859,14.7798,0.158884,athlete
891f99cdc07ffff,891f99cdc33ffff,6423339988,2935634141,6.437,0.765452,athlete
891f99cdc07ffff,891f99cdc37ffff,6423339988,8177904261,13.7333,0.223307,athlete
891f99cdc07ffff,891f99cdc3bffff,6423339988,2678692516,10.9421,0.42628,athlete
891f99cdc07ffff,891f99cdc63ffff,6423339988,7017551862,14.3007,0.187333,athlete
891f99cdc07ffff,891f99cdc67ffff,6423339988,3178411584,17.556,0.036394,athlete
891f99cdc07ffff,891f99cdc6fffff,6423339988,2588305417,17.3192,0.04368,athlete
891f99cdc07ffff,891f99cdc73ffff,6423339988,6439049534,16.284,0.082787,athlete
891f99cdc07ffff,891f99cdc77ffff,6423339988,1531554258,9.6879,0.524506,athlete
891f99cdc07ffff,891f99cdc87ffff,6423339988,6833312139,16.3884,0.078325,athlete
891f99cdc07ffff,891f99cdca3ffff,6423339988,9212595025,12.4524,0.312115,athlete
891f99cdc07ffff,891f99cdca7ffff,6423339988,31508518,16.6444,0.067864,athlete
891f99cdc07ffff,891f99cdcabffff,6423339988,1251634557,6.5815,0.755769,athlete
891f99cdc07ffff,891f99cdcafffff,6423339988,395251657,13.2693,0.254366,athlete
891f99cdc07ffff,891f99cdcb3ffff,6423339988,6420979355,16.6307,0.068405,athlete
891f99cdc07ffff,891f99cdcb7ffff,6423339988,6451403576,18.3506,0.016688,athlete
891f99cdc07ffff,891f99cdcbbffff,6423339988,6451658836,12.6632,0.296878,athlete
891f99cdc07ffff,891f99cdd5bffff,6423339988,7019773672,17.6888,0.032589,athlete
891f99cdc07ffff,891f99cddcbffff,6423339988,4660007270,18.0663,0.022889,athlete
891f99cdc07ffff,891f99cdddbffff,6423339988,31508111,16.4967,0.073817,athlete
891f99cdc0fffff,891f99cd883ffff,9571055498,6438001453,17.6036,0.035009,athlete
891f99cdc0fffff,891f99cd88bffff,9571055498,7032151748,19.6763,0.000646,athlete
891f99cdc0fffff,891f99cd893ffff,9571055498,582942526,16.3699,0.079106,athlete
891f99cdc0fffff,891f99cd897ffff,9571055498,9838588176,17.6116,0.034778,athlete
891f99cdc0fffff,891f99cd89bffff,9571055498,9857622044,15.3149,0.1294,athlete
891f99cdc0fffff,891f99cdc03ffff,9571055498,9218173262,7.2985,0.705868,athlete
891f99cdc0fffff,891f99cdc07ffff,9571055498,6423339988,5.4188,0.829547,athlete
891f99cdc0fffff,891f99cdc0fffff,9571055498,9571055498,0.4028,0.999,athlete
891f99cdc0fffff,891f99cdc17ffff,9571055498,6445048303,10.3514,0.472418,athlete
891f99cdc0fffff,891f99cdc23ffff,9571055498,6425661261,10.3777,0.470352,athlete
891f99cdc0fffff,891f99cdc27ffff,9571055498,4889789431,15.5134,0.119112,athlete
891f99cdc0fffff,891f99cdc2bffff,9571055498,6462134755,9.9022,0.507683,athlete
891f99cdc0fffff,891f99cdc2fffff,9571055498,3735457859,13.6612,0.228041,athlete
891f99cdc0fffff,891f99cdc33ffff,9571055498,2935634141,8.6039,0.608769,athlete
891f99cdc0fffff,891f99cdc37ffff,9571055498,8177904261,15.2032,0.135341,athlete
891f99cdc0fffff,891f99cdc3bffff,9571055498,2678692516,9.1716,0.564879,athlete
891f99cdc0fffff,891f99cdc63ffff,9571055498,7017551862,10.8971,0.429778,athlete
891f99cdc0fffff,891f99cdc67ffff,9571055498,3178411584,14.8345,0.155755,athlete
891f99cdc0fffff,891f99cdc6bffff,9571055498,267240657,16.9934,0.054733,athlete
891f99cdc0fffff,891f99cdc6fffff,9571055498,2588305417,14.027,0.204398,athlete
891f99cdc0fffff,891f99cdc73ffff,9571055498,6439049534,12.8804,0.281417,athlete
891f99cdc0fffff,891f99cdc77ffff,9571055498,1531554258,5.5581,0.821241,athlete
891f99cdc0fffff,891f99cdc87ffff,9571055498,6833312139,19.7384,0.000422,athlete
891f99cdc0fffff,891f99cdca3ffff,9571055498,9212595025,16.1315,0.089506,athlete
891f99cdc0fffff,891f99cdcabffff,9571055498,1251634557,10.9589,0.424974,athlete
891f99cdc0fffff,891f99cdcafffff,9571055498,395251657,17.7238,0.031622,athlete
891f99cdc0fffff,891f99cdcb3ffff,9571055498,6420979355,19.9807,2e-06,athlete
891f99cdc0fffff,891f99cdcbbffff,9571055498,6451658836,16.0132,0.094883,athlete
891f99cdc0fffff,891f99cdd5bffff,9571055498,7019773672,16.8368,0.060462,athlete
891f99cdc0fffff,891f99cddcbffff,9571055498,4660007270,18.3349,0.017005,athlete
891f99cdc0fffff,891f99cdddbffff,9571055498,31508111,19.9527,1.4e-05,athlete
891f99cdc17ffff,891f99cc34bffff,6445048303,4889509547,14.5045,0.175005,athlete
891f99cdc17ffff,891f99cc34fffff,6445048303,9532612444,16.0659,0.09247,athlete
891f99cdc17ffff,891f99cc35bffff,6445048303,1837603118,19.3642,0.002492,athlete
891f99cdc17ffff,891f99cc36bffff,6445048303,31774655,16.9678,0.055651,athlete
891f99cdc17ffff,891f99cc37bffff,6445048303,9625912703,18.0801,0.022566,athlete
891f99cdc17ffff,891f99cd893ffff,6445048303,582942526,19.9451,1.9e-05,athlete
891f99cdc17ffff,891f99cdc03ffff,6445048303,9218173262,5.2197,0.841146,athlete
891f99cdc17ffff,891f99cdc07ffff,6445048303,6423339988,5.2761,0.837892,athlete
891f99cdc17ffff,891f99cdc0fffff,6445048303,9571055498,8.6737,0.603414,athlete
891f99cdc17ffff,891f99cdc17ffff,6445048303,6445048303,0.5718,0.997985,athlete
891f99cdc17ffff,891f99cdc23ffff,6445048303,6425661261,12.541,0.305685,athlete
891f99cdc17ffff,891f99cdc27ffff,6445048303,4889789431,17.6768,0.032926,athlete
891f99cdc17ffff,891f99cdc2bffff,6445048303,6462134755,15.3722,0.126391,athlete
891f99cdc17ffff,891f99cdc2fffff,6445048303,3735457859,17.0682,0.052091,athlete
891f99cdc17ffff,891f99cdc33ffff,6445048303,2935634141,8.682,0.602777,athlete
891f99cdc17ffff,891f99cdc37ffff,6445048303,8177904261,14.3895,0.181922,athlete
891f99cdc17ffff,891f99cdc3bffff,6445048303,2678692516,13.4245,0.243827,athlete
891f99cdc17ffff,891f99cdc63ffff,6445048303,7017551862,18.0003,0.024464,athlete
891f99cdc17ffff,891f99cdc73ffff,6445048303,6439049534,19.9836,2e-06,athlete
891f99cdc17ffff,891f99cdc77ffff,6445048303,1531554258,13.3875,0.246328,athlete
891f99cdc17ffff,891f99cdc87ffff,6445048303,6833312139,11.2111,0.405453,athlete
891f99cdc17ffff,891f99cdca3ffff,6445048303,9212595025,7.7041,0.676434,athlete
891f99cdc17ffff,891f99cdca7ffff,6445048303,31508518,13.2437,0.256122,athlete
891f99cdc17ffff,891f99cdcabffff,6445048303,1251634557,5.5344,0.822667,athlete
891f99cdc17ffff,891f99cdcafffff,6445048303,395251657,11.7737,0.362489,athlete
891f99cdc17ffff,891f99cdcb3ffff,6445048303,6420979355,11.5533,0.379211,athlete
891f99cdc17ffff,891f99cdcb7ffff,6445048303,6451403576,13.4179,0.244273,athlete
891f99cdc17ffff,891f99cdcbbffff,6445048303,6451658836,7.5858,0.685098,athlete
891f99cdc17ffff,891f99cdd5bffff,6445048303,7019773672,19.9772,3e-06,athlete
891f99cdc17ffff,891f99cddcbffff,6445048303,4660007270,19.8802,8.8e-05,athlete
891f99cdc17ffff,891f99cddd3ffff,6445048303,4898290839,19.2353,0.003603,athlete
891f99cdc17ffff,891f99cdddbffff,6445048303,31508111,16.0357,0.093852,athlete
891f99cdc23ffff,891f99cd883ffff,6425661261,6438001453,14.0259,0.204465,athlete
891f99cdc23ffff,891f99cd887ffff,6425661261,2555399289,16.7423,0.064049,athlete
891f99cdc23ffff,891f99cd88bffff,6425661261,7032151748,17.9974,0.024535,athlete
891f99cdc23ffff,891f99cd88fffff,6425661261,6435816272,18.2836,0.018062,athlete
891f99cdc23ffff,891f99cd893ffff,6425661261,582942526,10.2263,0.482234,athlete
891f99cdc23ffff,891f99cd897ffff,6425661261,9838588176,10.9075,0.428964,athlete
891f99cdc23ffff,891f99cd89bffff,6425661261,9857622044,13.2767,0.253862,athlete
891f99cdc23ffff,891f99cd8b3ffff,6425661261,9850454762,19.7769,0.000307,athlete
891f99cdc23ffff,891f99cdc03ffff,6425661261,9218173262,12.9895,0.273741,athlete
891f99cdc23ffff,891f99cdc07ffff,6425661261,6423339988,8.9412,0.582774,athlete
891f99cdc23ffff,891f99cdc0fffff,6425661261,9571055498,10.4784,0.462465,athlete
891f99cdc23ffff,891f99cdc17ffff,6425661261,6445048303,13.0694,0.268161,athlete
891f99cdc23ffff,891f99cdc23ffff,6425661261,6425661261,1.1775,0.991471,athlete
891f99cdc23ffff,891f99cdc27ffff,6425661261,4889789431,6.6835,0.748857,athlete
891f99cdc23ffff,891f99cdc2bffff,6425661261,6462134755,6.9918,0.727567,athlete
891f99cdc23ffff,891f99cdc2fffff,6425661261,3735457859,6.9572,0.729988,athlete
891f99cdc23ffff,891f99cdc33ffff,6425661261,2935634141,4.4284,0.883833,athlete
891f99cdc23ffff,891f99cdc37ffff,6425661261,8177904261,6.0415,0.791252,athlete
891f99cdc23ffff,891f99cdc3bffff,6425661261,2678692516,6.6865,0.748647,athlete
891f99cdc23ffff,891f99cdc63ffff,6425661261,7017551862,14.248,0.190579,athlete
891f99cdc23ffff,891f99cdc67ffff,6425661261,3178411584,12.5692,0.303646,athlete
891f99cdc23ffff,891f99cdc6bffff,6425661261,267240657,19.1288,0.004674,athlete
891f99cdc23ffff,891f99cdc6fffff,6425661261,2588305417,14.2249,0.192003,athlete
891f99cdc23ffff,891f99cdc73ffff,6425661261,6439049534,16.2312,0.085086,athlete
891f99cdc23ffff,891f99cdc77ffff,6425661261,1531554258,9.6351,0.528646,athlete
891f99cdc23ffff,891f99cdc87ffff,6425661261,6833312139,17.7833,0.030006,athlete
891f99cdc23ffff,891f99cdca3ffff,6425661261,9212595025,12.5453,0.305375,athlete
891f99cdc23ffff,891f99cdca7ffff,6425661261,31508518,13.5115,0.237984,athlete
891f99cdc23ffff,891f99cdcabffff,6425661261,1251634557,9.8796,0.509456,athlete
891f99cdc23ffff,891f99cdcafffff,6425661261,395251657,9.8767,0.509681,athlete
891f99cdc23ffff,891f99cdcb3ffff,6425661261,6420979355,17.8831,0.027388,athlete
891f99cdc23ffff,891f99cdcb7ffff,6425661261,6451403576,18.574,0.012491,athlete
891f99cdc23ffff,891f99cdcbbffff,6425661261,6451658836,14.0581,0.202427,athlete
891f99cdc23ffff,891f99cdd43ffff,6425661261,4912632765,14.5465,0.172507,athlete
891f99cdc23ffff,891f99cdd47ffff,6425661261,9487098556,19.9689,6e-06,athlete
891f99cdc23ffff,891f99cdd4bffff,6425661261,7023815414,13.6473,0.22896,athlete
891f99cdc23ffff,891f99cdd4fffff,6425661261,27653866,18.6692,0.010886,athlete
891f99cdc23ffff,891f99cdd53ffff,6425661261,792050821,12.4765,0.310366,athlete
891f99cdc23ffff,891f99cdd57ffff,6425661261,12006473820,16.8952,0.058294,athlete
891f99cdc23ffff,891f99cdd5bffff,6425661261,7019773672,9.8662,0.510509,athlete
891f99cdc23ffff,891f99cddc3ffff,6425661261,6483857419,14.093,0.200229,athlete
891f99cdc23ffff,891f99cddc7ffff,6425661261,9860451546,17.9561,0.02555,athlete
891f99cdc23ffff,891f99cddcbffff,6425661261,4660007270,9.5049,0.538844,athlete
891f99cdc23ffff,891f99cddcfffff,6425661261,8428297023,15.4683,0.121416,athlete
891f99cdc23ffff,891f99cddd3ffff,6425661261,4898290839,15.9137,0.099514,athlete
891f99cdc23ffff,891f99cdddbffff,6425661261,31508111,10.7525,0.441038,athlete
891f99cdc27ffff,891f99cd883ffff,4889789431,6438001453,15.4329,0.123243,athlete
891f99cdc27ffff,891f99cd887ffff,4889789431,2555399289,14.2172,0.192479,athlete
891f99cdc27ffff,891f99cd88bffff,4889789431,7032151748,19.5743,0.001117,athlete
891f99cdc27ffff,891f99cd88fffff,4889789431,6435816272,18.0354,0.02362,athlete
891f99cdc27ffff,891f99cd893ffff,4889789431,582942526,12.8273,0.285176,athlete
891f99cdc27ffff,891f99cd897ffff,4889789431,9838588176,9.7261,0.521505,athlete
891f99cdc27ffff,891f99cd89bffff,4889789431,9857622044,16.0978,0.091024,athlete
891f99cdc27ffff,891f99cd8b3ffff,4889789431,9850454762,16.5632,0.071106,athlete
891f99cdc27ffff,891f99cd8b7ffff,4889789431,12812222615,18.3756,0.016188,athlete
891f99cdc27ffff,891f99cd8bbffff,4889789431,9582667284,19.3944,0.002261,athlete
891f99cdc27ffff,891f99cdc03ffff,4889789431,9218173262,18.4157,0.015402,athlete
891f99cdc27ffff,891f99cdc07ffff,4889789431,6423339988,14.3675,0.183261,athlete
891f99cdc27ffff,891f99cdc0fffff,4889789431,9571055498,15.4342,0.123173,athlete
891f99cdc27ffff,891f99cdc17ffff,4889789431,6445048303,18.4957,0.013895,athlete
891f99cdc27ffff,891f99cdc23ffff,4889789431,6425661261,7.1202,0.718547,athlete
891f99cdc27ffff,891f99cdc27ffff,4889789431,4889789431,0.09,0.99995,athlete
891f99cdc27ffff,891f99cdc2bffff,4889789431,6462134755,10.0221,0.498263,athlete
891f99cdc27ffff,891f99cdc2fffff,4889789431,3735457859,7.8467,0.665913,athlete
891f99cdc27ffff,891f99cdc33ffff,4889789431,2935634141,9.7349,0.520818,athlete
891f99cdc27ffff,891f99cdc37ffff,4889789431,8177904261,5.8946,0.800552,athlete
891f99cdc27ffff,891f99cdc3bffff,4889789431,2678692516,12.3796,0.317432,athlete
891f99cdc27ffff,891f99cdc63ffff,4889789431,7017551862,18.5918,0.012183,athlete
891f99cdc27ffff,891f99cdc67ffff,4889789431,3178411584,15.3903,0.125447,athlete
891f99cdc27ffff,891f99cdc6fffff,4889789431,2588305417,17.046,0.052868,athlete
891f99cdc27ffff,891f99cdc77ffff,4889789431,1531554258,14.5909,0.169879,athlete
891f99cdc27ffff,891f99cdca3ffff,4889789431,9212595025,14.7885,0.158387,athlete
891f99cdc27ffff,891f99cdca7ffff,4889789431,31508518,13.8582,0.215188,athlete
891f99cdc27ffff,891f99cdcabffff,4889789431,1251634557,15.1533,0.138037,athlete
891f99cdc27ffff,891f99cdcafffff,4889789431,395251657,10.2235,0.48245,athlete
891f99cdc27ffff,891f99cdcb7ffff,4889789431,6451403576,19.9248,3.5e-05,athlete
891f99cdc27ffff,891f99cdcbbffff,4889789431,6451658836,16.7631,0.063248,athlete
891f99cdc27ffff,891f99cdd03ffff,4889789431,6547701840,18.2754,0.018234,athlete
891f99cdc27ffff,891f99cdd0bffff,4889789431,13289798704,17.0698,0.052033,athlete
891f99cdc27ffff,891f99cdd13ffff,4889789431,1931861768,19.1727,0.004216,athlete
891f99cdc27ffff,891f99cdd1bffff,4889789431,1295220984,15.2818,0.13115,athlete
891f99cdc27ffff,891f99cdd43ffff,4889789431,4912632765,9.6576,0.526879,athlete
891f99cdc27ffff,891f99cdd47ffff,4889789431,9487098556,15.08,0.14203,athlete
891f99cdc27ffff,891f99cdd4bffff,4889789431,7023815414,10.4336,0.465974,athlete
891f99cdc27ffff,891f99cdd4fffff,4889789431,27653866,13.8442,0.216094,athlete
891f99cdc27ffff,891f99cdd53ffff,4889789431,792050821,6.8068,0.740412,athlete
891f99cdc27ffff,891f99cdd57ffff,4889789431,12006473820,11.2255,0.404345,athlete
891f99cdc27ffff,891f99cdd5bffff,4889789431,7019773672,6.6525,0.750964,athlete
891f99cdc27ffff,891f99cdd73ffff,4889789431,9241485097,19.71,0.000519,athlete
891f99cdc27ffff,891f99cdd7bffff,4889789431,7026396817,17.7991,0.029585,athlete
891f99cdc27ffff,891f99cdd8bffff,4889789431,9860048758,19.4753,0.001697,athlete
891f99cdc27ffff,891f99cddc3ffff,4889789431,6483857419,11.6906,0.368777,athlete
891f99cdc27ffff,891f99cddc7ffff,4889789431,9860451546,14.8502,0.154862,athlete
891f99cdc27ffff,891f99cddcbffff,4889789431,4660007270,6.9984,0.727107,athlete
891f99cdc27ffff,891f99cddcfffff,4889789431,8428297023,10.6991,0.445206,athlete
891f99cdc27ffff,891f99cddd3ffff,4889789431,4898290839,14.2219,0.192186,athlete
891f99cdc27ffff,891f99cddd7ffff,4889789431,7008251083,18.0604,0.023027,athlete
891f99cdc27ffff,891f99cdddbffff,4889789431,31508111,10.8549,0.433059,athlete
891f99cdc2bffff,891f99cd813ffff,6462134755,7033480699,17.2425,0.046174,athlete
891f99cdc2bffff,891f99cd817ffff,6462134755,7029324075,19.3432,0.002658,athlete
891f99cdc2bffff,891f99cd883ffff,6462134755,6438001453,9.9214,0.506175,athlete
891f99cdc2bffff,891f99cd887ffff,6462134755,2555399289,13.9233,0.211002,athlete
891f99cdc2bffff,891f99cd88bffff,6462134755,7032151748,13.3571,0.248385,athlete
891f99cdc2bffff,891f99cd88fffff,6462134755,6435816272,14.0962,0.200028,athlete
891f99cdc2bffff,891f99cd893ffff,6462134755,582942526,6.985,0.728045,athlete
891f99cdc2bffff,891f99cd897ffff,6462134755,9838588176,9.5497,0.535338,athlete
891f99cdc2bffff,891f99cd89bffff,6462134755,9857622044,8.6364,0.606279,athlete
891f99cdc2bffff,891f99cd8bbffff,6462134755,9582667284,18.7248,0.009997,athlete
891f99cdc2bffff,891f99cd8c3ffff,6462134755,10095613635,18.3349,0.017006,athlete
891f99cdc2bffff,891f99cd8c7ffff,6462134755,6512705470,17.9403,0.025941,athlete
891f99cdc2bffff,891f99cd8d3ffff,6462134755,5544868327,17.0238,0.053653,athlete
891f99cdc2bffff,891f99cd8d7ffff,6462134755,2942352020,15.4609,0.121799,athlete
891f99cdc2bffff,891f99cdc03ffff,6462134755,9218173262,14.2251,0.191989,athlete
891f99cdc2bffff,891f99cdc07ffff,6462134755,6423339988,11.73,0.365796,athlete
891f99cdc2bffff,891f99cdc0fffff,6462134755,9571055498,9.1961,0.562972,athlete
891f99cdc2bffff,891f99cdc17ffff,6462134755,6445048303,17.1994,0.047606,athlete
891f99cdc2bffff,891f99cdc23ffff,6462134755,6425661261,7.4591,0.694306,athlete
891f99cdc2bffff,891f99cdc27ffff,6462134755,4889789431,10.1935,0.484805,athlete
891f99cdc2bffff,891f99cdc2bffff,6462134755,6462134755,0.083,0.999957,athlete
891f99cdc2bffff,891f99cdc2fffff,6462134755,3735457859,6.4877,0.762074,athlete
891f99cdc2bffff,891f99cdc33ffff,6462134755,2935634141,10.6697,0.447498,athlete
891f99cdc2bffff,891f99cdc37ffff,6462134755,8177904261,11.1898,0.4071,athlete
891f99cdc2bffff,891f99cdc3bffff,6462134755,2678692516,7.2879,0.706621,athlete
891f99cdc2bffff,891f99cdc63ffff,6462134755,7017551862,9.2454,0.559126,athlete
891f99cdc2bffff,891f99cdc67ffff,6462134755,3178411584,7.9168,0.660712,athlete
891f99cdc2bffff,891f99cdc6bffff,6462134755,267240657,14.4885,0.175962,athlete
891f99cdc2bffff,891f99cdc6fffff,6462134755,2588305417,9.5846,0.532601,athlete
891f99cdc2bffff,891f99cdc73ffff,6462134755,6439049534,11.2287,0.404096,athlete
891f99cdc2bffff,891f99cdc77ffff,6462134755,1531554258,5.9099,0.799588,athlete
891f99cdc2bffff,891f99cdca3ffff,6462134755,9212595025,18.7867,0.009054,athlete
891f99cdc2bffff,891f99cdca7ffff,6462134755,31508518,18.6597,0.011039,athlete
891f99cdc2bffff,891f99cdcabffff,6462134755,1251634557,14.7387,0.161252,athlete
891f99cdc2bffff,891f99cdcafffff,6462134755,395251657,15.025,0.145059,athlete
891f99cdc2bffff,891f99cdd43ffff,6462134755,4912632765,15.6066,0.114412,athlete
891f99cdc2bffff,891f99cdd4bffff,6462134755,7023815414,14.5878,0.170063,athlete
891f99cdc2bffff,891f99cdd4fffff,6462134755,27653866,19.6097,0.000939,athlete
891f99cdc2bffff,891f99cdd53ffff,6462134755,792050821,15.7319,0.108225,athlete
891f99cdc2bffff,891f99cdd57ffff,6462134755,12006473820,19.7911,0.000269,athlete
891f99cdc2bffff,891f99cdd5bffff,6462134755,7019773672,10.8067,0.43681,athlete
891f99cdc2bffff,891f99cddc3ffff,6462134755,6483857419,19.1534,0.004415,athlete
891f99cdc2bffff,891f99cddcbffff,6462134755,4660007270,14.5653,0.171395,athlete
891f99cdc2bffff,891f99cdddbffff,6462134755,31508111,15.9008,0.100121,athlete
891f99cdc2fffff,891f99cd813ffff,3735457859,7033480699,16.7317,0.064457,athlete
891f99cdc2fffff,891f99cd817ffff,3735457859,7029324075,17.5423,0.036799,athlete
891f99cdc2fffff,891f99cd883ffff,3735457859,6438001453,9.2198,0.561126,athlete
891f99cdc2fffff,891f99cd887ffff,3735457859,2555399289,10.3958,0.468932,athlete
891f99cdc2fffff,891f99cd88bffff,3735457859,7032151748,13.3612,0.248104,athlete
891f99cdc2fffff,891f99cd88fffff,3735457859,6435816272,12.9762,0.27467,athlete
891f99cdc2fffff,891f99cd893ffff,3735457859,582942526,5.8398,0.803979,athlete
891f99cdc2fffff,891f99cd897ffff,3735457859,9838588176,4.5611,0.87707,athlete
891f99cdc2fffff,891f99cd89bffff,3735457859,9857622044,11.615,0.374517,athlete
891f99cdc2fffff,891f99cd8a3ffff,3735457859,3731973493,19.4125,0.002127,athlete
891f99cdc2fffff,891f99cd8b3ffff,3735457859,9850454762,15.8608,0.102013,athlete
891f99cdc2fffff,891f99cd8b7ffff,3735457859,12812222615,17.6732,0.033025,athlete
891f99cdc2fffff,891f99cd8bbffff,3735457859,9582667284,15.5898,0.115256,athlete
891f99cdc2fffff,891f99cd8d7ffff,3735457859,2942352020,17.9028,0.026887,athlete
891f99cdc2fffff,891f99cdc03ffff,3735457859,9218173262,18.208,0.019677,athlete
891f99cdc2fffff,891f99cdc07ffff,3735457859,6423339988,14.5705,0.171088,athlete
891f99cdc2fffff,891f99cdc0fffff,3735457859,9571055498,13.2257,0.257353,athlete
891f99cdc2fffff,891f99cdc17ffff,3735457859,6445048303,18.6986,0.01041,athlete
891f99cdc2fffff,891f99cdc23ffff,3735457859,6425661261,7.528,0.689306,athlete
891f99cdc2fffff,891f99cdc27ffff,3735457859,4889789431,7.4522,0.694802,athlete
891f99cdc2fffff,891f99cdc2bffff,3735457859,6462134755,5.5403,0.822311,athlete
891f99cdc2fffff,891f99cdc2fffff,3735457859,3735457859,0.3866,0.999078,athlete
891f99cdc2fffff,891f99cdc33ffff,3735457859,2935634141,10.7386,0.442117,athlete
891f99cdc2fffff,891f99cdc37ffff,3735457859,8177904261,11.0786,0.41569,athlete
891f99cdc2fffff,891f99cdc3bffff,3735457859,2678692516,11.2013,0.406212,athlete
891f99cdc2fffff,891f99cdc63ffff,3735457859,7017551862,14.2031,0.193356,athlete
891f99cdc2fffff,891f99cdc67ffff,3735457859,3178411584,10.9075,0.428967,athlete
891f99cdc2fffff,891f99cdc6bffff,3735457859,267240657,17.4671,0.039056,athlete
891f99cdc2fffff,891f99cdc6fffff,3735457859,2588305417,12.5632,0.304084,athlete
891f99cdc2fffff,891f99cdc73ffff,3735457859,6439049534,16.1864,0.087063,athlete
891f99cdc2fffff,891f99cdc77ffff,3735457859,1531554258,10.8676,0.432073,athlete
891f99cdc2fffff,891f99cdca3ffff,3735457859,9212595025,18.8556,0.008057,athlete
891f99cdc2fffff,891f99cdca7ffff,3735457859,31508518,18.5486,0.012938,athlete
891f99cdc2fffff,891f99cdcabffff,3735457859,1251634557,15.804,0.104731,athlete
891f99cdc2fffff,891f99cdcafffff,3735457859,395251657,14.9139,0.151261,athlete
891f99cdc2fffff,891f99cdd1bffff,3735457859,1295220984,19.5806,0.001084,athlete
891f99cdc2fffff,891f99cdd43ffff,3735457859,4912632765,10.75,0.441233,athlete
891f99cdc2fffff,891f99cdd47ffff,3735457859,9487098556,16.1724,0.087682,athlete
891f99cdc2fffff,891f99cdd4bffff,3735457859,7023815414,9.7311,0.52111,athlete
891f99cdc2fffff,891f99cdd4fffff,3735457859,27653866,14.753,0.160424,athlete
891f99cdc2fffff,891f99cdd53ffff,3735457859,792050821,10.9923,0.422384,athlete
891f99cdc2fffff,891f99cdd57ffff,3735457859,12006473820,15.0515,0.143599,athlete
891f99cdc2fffff,891f99cdd5bffff,3735457859,7019773672,5.9501,0.797056,athlete
891f99cdc2fffff,891f99cdd7bffff,3735457859,7026396817,18.8914,0.007561,athlete
891f99cdc2fffff,891f99cddc3ffff,3735457859,6483857419,16.7663,0.063127,athlete
891f99cdc2fffff,891f99cddc7ffff,3735457859,9860451546,19.6634,0.000699,athlete
891f99cdc2fffff,891f99cddcbffff,3735457859,4660007270,12.5385,0.305869,athlete
891f99cdc2fffff,891f99cddcfffff,3735457859,8428297023,15.5123,0.119171,athlete
891f99cdc2fffff,891f99cddd3ffff,3735457859,4898290839,19.4054,0.002179,athlete
891f99cdc2fffff,891f99cdddbffff,3735457859,31508111,15.7896,0.105422,athlete
891f99cdc33ffff,891f99cc34bffff,2935634141,4889509547,17.3949,0.041281,athlete
891f99cdc33ffff,891f99cc34fffff,2935634141,9532612444,18.2934,0.017858,athlete
891f99cdc33ffff,891f99cc36bffff,2935634141,31774655,18.512,0.013596,athlete
891f99cdc33ffff,891f99cc37bffff,2935634141,9625912703,19.6243,0.000871,athlete
891f99cdc33ffff,891f99cd883ffff,2935634141,6438001453,16.7961,0.061994,athlete
891f99cdc33ffff,891f99cd887ffff,2935634141,2555399289,19.5349,0.001334,athlete
891f99cdc33ffff,891f99cd893ffff,2935634141,582942526,13.0188,0.271687,athlete
891f99cdc33ffff,891f99cd897ffff,2935634141,9838588176,13.7001,0.22548,athlete
891f99cdc33ffff,891f99cd89bffff,2935634141,9857622044,15.8757,0.101306,athlete
891f99cdc33ffff,891f99cdc03ffff,2935634141,9218173262,9.7655,0.518413,athlete
891f99cdc33ffff,891f99cdc07ffff,2935634141,6423339988,5.5342,0.822676,athlete
891f99cdc33ffff,891f99cdc0fffff,2935634141,9571055498,8.4783,0.618382,athlete
891f99cdc33ffff,891f99cdc17ffff,2935634141,6445048303,9.6318,0.5289,athlete
891f99cdc33ffff,891f99cdc23ffff,2935634141,6425661261,4.3824,0.886139,athlete
891f99cdc33ffff,891f99cdc27ffff,2935634141,4889789431,9.5181,0.537814,athlete
891f99cdc33ffff,891f99cdc2bffff,2935634141,6462134755,9.3568,0.550433,athlete
891f99cdc33ffff,891f99cdc2fffff,2935634141,3735457859,9.7498,0.519649,athlete
891f99cdc33ffff,891f99cdc33ffff,2935634141,2935634141,0.1822,0.999795,athlete
891f99cdc33ffff,891f99cdc37ffff,2935634141,8177904261,7.8222,0.667727,athlete
891f99cdc33ffff,891f99cdc3bffff,2935634141,2678692516,7.5657,0.686567,athlete
891f99cdc33ffff,891f99cdc63ffff,2935634141,7017551862,14.6769,0.164839,athlete
891f99cdc33ffff,891f99cdc67ffff,2935634141,3178411584,15.1682,0.137228,athlete
891f99cdc33ffff,891f99cdc6fffff,2935634141,2588305417,16.8239,0.060945,athlete
891f99cdc33ffff,891f99cdc73ffff,2935634141,6439049534,16.6602,0.067243,athlete
891f99cdc33ffff,891f99cdc77ffff,2935634141,1531554258,10.064,0.494974,athlete
891f99cdc33ffff,891f99cdc87ffff,2935634141,6833312139,14.2014,0.193462,athlete
891f99cdc33ffff,891f99cdca3ffff,2935634141,9212595025,8.9634,0.581056,athlete
891f99cdc33ffff,891f99cdca7ffff,2935634141,31508518,13.1554,0.262202,athlete
891f99cdc33ffff,891f99cdcabffff,2935634141,1251634557,6.0962,0.787748,athlete
891f99cdc33ffff,891f99cdcafffff,2935634141,395251657,9.7803,0.517254,athlete
891f99cdc33ffff,891f99cdcb3ffff,2935634141,6420979355,14.3012,0.187304,athlete
891f99cdc33ffff,891f99cdcb7ffff,2935634141,6451403576,14.9921,0.146888,athlete
891f99cdc33ffff,891f99cdcbbffff,2935634141,6451658836,10.4762,0.462635,athlete
891f99cdc33ffff,891f99cdd43ffff,2935634141,4912632765,17.3391,0.043043,athlete
891f99cdc33ffff,891f99cdd4bffff,2935634141,7023815414,16.4399,0.076167,athlete
891f99cdc33ffff,891f99cdd53ffff,2935634141,792050821,14.783,0.158701,athlete
891f99cdc33ffff,891f99cdd57ffff,2935634141,12006473820,19.2017,0.003926,athlete
891f99cdc33ffff,891f99cdd5bffff,2935634141,7019773672,12.6588,0.297198,athlete
891f99cdc33ffff,891f99cddc3ffff,2935634141,6483857419,16.3995,0.077856,athlete
891f99cdc33ffff,891f99cddcbffff,2935634141,4660007270,11.8114,0.359643,athlete
891f99cdc33ffff,891f99cddcfffff,2935634141,8428297023,17.7749,0.030232,athlete
891f99cdc33ffff,891f99cddd3ffff,2935634141,4898290839,17.3844,0.04161,athlete
891f99cdc33ffff,891f99cdddbffff,2935634141,31508111,12.5332,0.30625,athlete
891f99cdc37ffff,891f99cc34bffff,8177904261,4889509547,18.5677,0.012601,athlete
891f99cdc37ffff,891f99cc34fffff,8177904261,9532612444,17.6069,0.034911,athlete
891f99cdc37ffff,891f99cc36bffff,8177904261,31774655,17.2957,0.044438,athlete
891f99cdc37ffff,891f99cc36fffff,8177904261,9860005625,16.3502,0.079946,athlete
891f99cdc37ffff,891f99cc37bffff,8177904261,9625912703,18.706,0.010294,athlete
891f99cdc37ffff,891f99cd883ffff,8177904261,6438001453,18.1063,0.021958,athlete
891f99cdc37ffff,891f99cd887ffff,8177904261,2555399289,18.5766,0.012446,athlete
891f99cdc37ffff,891f99cd893ffff,8177904261,582942526,14.3067,0.18697,athlete
891f99cdc37ffff,891f99cd897ffff,8177904261,9838588176,14.0855,0.200703,athlete
891f99cdc37ffff,891f99cd89bffff,8177904261,9857622044,17.3571,0.042471,athlete
891f99cdc37ffff,891f99cdc03ffff,8177904261,9218173262,16.8643,0.059435,athlete
891f99cdc37ffff,891f99cdc07ffff,8177904261,6423339988,12.9361,0.277489,athlete
891f99cdc37ffff,891f99cdc0fffff,8177904261,9571055498,14.7772,0.159036,athlete
891f99cdc37ffff,891f99cdc17ffff,8177904261,6445048303,15.4205,0.123882,athlete
891f99cdc37ffff,891f99cdc23ffff,8177904261,6425661261,5.5853,0.8196,athlete
891f99cdc37ffff,891f99cdc27ffff,8177904261,4889789431,5.3709,0.832366,athlete
891f99cdc37ffff,891f99cdc2bffff,8177904261,6462134755,11.0722,0.416185,athlete
891f99cdc37ffff,891f99cdc2fffff,8177904261,3735457859,11.0376,0.418869,athlete
891f99cdc37ffff,891f99cdc33ffff,8177904261,2935634141,7.8255,0.667484,athlete
891f99cdc37ffff,891f99cdc37ffff,8177904261,8177904261,0.0435,0.999988,athlete
891f99cdc37ffff,891f99cdc3bffff,8177904261,2678692516,11.0943,0.414473,athlete
891f99cdc37ffff,891f99cdc63ffff,8177904261,7017551862,18.6558,0.011105,athlete
891f99cdc37ffff,891f99cdc67ffff,8177904261,3178411584,16.6496,0.067658,athlete
891f99cdc37ffff,891f99cdc6fffff,8177904261,2588305417,18.3053,0.017611,athlete
891f99cdc37ffff,891f99cdc77ffff,8177904261,1531554258,14.0429,0.20339,athlete
891f99cdc37ffff,891f99cdc87ffff,8177904261,6833312139,15.6242,0.113537,athlete
891f99cdc37ffff,891f99cdca3ffff,8177904261,9212595025,9.0304,0.575862,athlete
891f99cdc37ffff,891f99cdca7ffff,8177904261,31508518,8.0072,0.653974,athlete
891f99cdc37ffff,891f99cdcabffff,8177904261,1251634557,10.9266,0.427479,athlete
891f99cdc37ffff,891f99cdcafffff,8177904261,395251657,4.3724,0.886633,athlete
891f99cdc37ffff,891f99cdcb3ffff,8177904261,6420979355,14.3682,0.183218,athlete
891f99cdc37ffff,891f99cdcb7ffff,8177904261,6451403576,14.0738,0.20144,athlete
891f99cdc37ffff,891f99cdcbbffff,8177904261,6451658836,11.9038,0.352692,athlete
891f99cdc37ffff,891f99cdd0bffff,8177904261,13289798704,19.7639,0.000344,athlete
891f99cdc37ffff,891f99cdd13ffff,8177904261,1931861768,19.0831,0.005177,athlete
891f99cdc37ffff,891f99cdd1bffff,8177904261,1295220984,17.9758,0.025062,athlete
891f99cdc37ffff,891f99cdd43ffff,8177904261,4912632765,12.8472,0.283765,athlete
891f99cdc37ffff,891f99cdd47ffff,8177904261,9487098556,17.8483,0.028289,athlete
891f99cdc37ffff,891f99cdd4bffff,8177904261,7023815414,14.7929,0.158132,athlete
891f99cdc37ffff,891f99cdd4fffff,8177904261,27653866,17.0337,0.0533,athlete
891f99cdc37ffff,891f99cdd53ffff,8177904261,792050821,9.5008,0.539166,athlete
891f99cdc37ffff,891f99cdd57ffff,8177904261,12006473820,13.9195,0.211243,athlete
891f99cdc37ffff,891f99cdd5bffff,8177904261,7019773672,11.0118,0.420864,athlete
891f99cdc37ffff,891f99cdd8bffff,8177904261,9860048758,19.0743,0.005277,athlete
891f99cdc37ffff,891f99cddc3ffff,8177904261,6483857419,10.3636,0.471455,athlete
891f99cdc37ffff,891f99cddc7ffff,8177904261,9860451546,14.3699,0.183115,athlete
891f99cdc37ffff,891f99cddcbffff,8177904261,4660007270,5.9187,0.799032,athlete
891f99cdc37ffff,891f99cddcfffff,8177904261,8428297023,11.9363,0.350257,athlete
891f99cdc37ffff,891f99cddd3ffff,8177904261,4898290839,10.1121,0.491199,athlete
891f99cdc37ffff,891f99cddd7ffff,8177904261,7008251083,15.6902,0.110265,athlete
891f99cdc37ffff,891f99cdddbffff,8177904261,31508111,5.0038,0.853341,athlete
891f99cdc3bffff,891f99cd883ffff,2678692516,6438001453,16.8776,0.058943,athlete
891f99cdc3bffff,891f99cd893ffff,2678692516,582942526,13.5515,0.235314,athlete
891f99cdc3bffff,891f99cd897ffff,2678692516,9838588176,14.7931,0.158123,athlete
891f99cdc3bffff,891f99cd89bffff,2678692516,9857622044,15.6526,0.112125,athlete
891f99cdc3bffff,891f99cdc03ffff,2678692516,9218173262,13.0289,0.270987,athlete
891f99cdc3bffff,891f99cdc07ffff,2678692516,6423339988,10.2295,0.48198,athlete
891f99cdc3bffff,891f99cdc0fffff,2678692516,9571055498,8.0888,0.647859,athlete
891f99cdc3bffff,891f99cdc17ffff,2678692516,6445048303,14.3577,0.183857,athlete
891f99cdc3bffff,891f99cdc23ffff,2678692516,6425661261,6.9326,0.7317,athlete
891f99cdc3bffff,891f99cdc27ffff,2678692516,4889789431,12.0683,0.340397,athlete
891f99cdc3bffff,891f99cdc2bffff,2678692516,6462134755,7.1939,0.713323,athlete
891f99cdc3bffff,891f99cdc2fffff,2678692516,3735457859,10.8427,0.434007,athlete
891f99cdc3bffff,891f99cdc33ffff,2678692516,2935634141,7.8478,0.66583,athlete
891f99cdc3bffff,891f99cdc37ffff,2678692516,8177904261,11.7581,0.363666,athlete
891f99cdc3bffff,891f99cdc3bffff,2678692516,2678692516,0.9001,0.995011,athlete
891f99cdc3bffff,891f99cdc63ffff,2678692516,7017551862,11.8584,0.356104,athlete
891f99cdc3bffff,891f99cdc67ffff,2678692516,3178411584,14.8102,0.157141,athlete
891f99cdc3bffff,891f99cdc6bffff,2678692516,267240657,17.9547,0.025582,athlete
891f99cdc3bffff,891f99cdc6fffff,2678692516,2588305417,14.8769,0.153349,athlete
891f99cdc3bffff,891f99cdc73ffff,2678692516,6439049534,13.8417,0.216255,athlete
891f99cdc3bffff,891f99cdc77ffff,2678692516,1531554258,7.2455,0.709648,athlete
891f99cdc3bffff,891f99cdca3ffff,2678692516,9212595025,16.3492,0.079989,athlete
891f99cdc3bffff,891f99cdca7ffff,2678692516,31508518,19.2665,0.003315,athlete
891f99cdc3bffff,891f99cdcabffff,2678692516,1251634557,11.897,0.353208,athlete
891f99cdc3bffff,891f99cdcafffff,2678692516,395251657,15.6318,0.113155,athlete
891f99cdc3bffff,891f99cdcbbffff,2678692516,6451658836,17.862,0.027933,athlete
891f99cdc3bffff,891f99cdd43ffff,2678692516,4912632765,18.817,0.008608,athlete
891f99cdc3bffff,891f99cdd4bffff,2678692516,7023815414,17.7994,0.029576,athlete
891f99cdc3bffff,891f99cdd53ffff,2678692516,792050821,17.8613,0.02795,athlete
891f99cdc3bffff,891f99cdd5bffff,2678692516,7019773672,14.0183,0.204946,athlete
891f99cdc3bffff,891f99cddc3ffff,2678692516,6483857419,19.4779,0.001681,athlete
891f99cdc3bffff,891f99cddcbffff,2678692516,4660007270,14.8898,0.152621,athlete
891f99cdc3bffff,891f99cdddbffff,2678692516,31508111,16.5076,0.07337,athlete
891f99cdc63ffff,891f99cd813ffff,7017551862,7033480699,17.0834,0.05156,athlete
891f99cdc63ffff,891f99cd81bffff,7017551862,9626246784,19.3144,0.002897,athlete
891f99cdc63ffff,891f99cd883ffff,7017551862,6438001453,14.5313,0.173412,athlete
891f99cdc63ffff,891f99cd887ffff,7017551862,2555399289,19.2665,0.003315,athlete
891f99cdc63ffff,891f99cd88bffff,7017551862,7032151748,13.0869,0.266945,athlete
891f99cdc63ffff,891f99cd88fffff,7017551862,6435816272,17.8688,0.027758,athlete
891f99cdc63ffff,891f99cd893ffff,7017551862,582942526,16.3165,0.081386,athlete
891f99cdc63ffff,891f99cd897ffff,7017551862,9838588176,18.5859,0.012284,athlete
891f99cdc63ffff,891f99cd89bffff,7017551862,9857622044,8.7255,0.599434,athlete
891f99cdc63ffff,891f99cd8c3ffff,7017551862,10095613635,13.778,0.22039,athlete
891f99cdc63ffff,891f99cd8c7ffff,7017551862,6512705470,14.3051,0.187066,athlete
891f99cdc63ffff,891f99cd8cbffff,7017551862,2037315642,17.8548,0.028119,athlete
891f99cdc63ffff,891f99cd8cfffff,7017551862,12843979122,19.8284,0.000182,athlete
891f99cdc63ffff,891f99cd8d3ffff,7017551862,5544868327,11.762,0.363372,athlete
891f99cdc63ffff,891f99cd8d7ffff,7017551862,2942352020,11.4132,0.389919,athlete
891f99cdc63ffff,891f99cd8dbffff,7017551862,5507478284,15.5507,0.117221,athlete
891f99cdc63ffff,891f99cdc03ffff,7017551862,9218173262,18.6471,0.011248,athlete
891f99cdc63ffff,891f99cdc07ffff,7017551862,6423339988,16.1519,0.088594,athlete
891f99cdc63ffff,891f99cdc0fffff,7017551862,9571055498,11.8655,0.35557,athlete
891f99cdc63ffff,891f99cdc23ffff,7017551862,6425661261,16.5772,0.070542,athlete
891f99cdc63ffff,891f99cdc27ffff,7017551862,4889789431,19.525,0.001391,athlete
891f99cdc63ffff,891f99cdc2bffff,7017551862,6462134755,9.4488,0.543236,athlete
891f99cdc63ffff,891f99cdc2fffff,7017551862,3735457859,15.8192,0.104,athlete
891f99cdc63ffff,891f99cdc33ffff,7017551862,2935634141,17.0044,0.054338,athlete
891f99cdc63ffff,891f99cdc3bffff,7017551862,2678692516,14.1466,0.196868,athlete
891f99cdc63ffff,891f99cdc63ffff,7017551862,7017551862,1.0476,0.993246,athlete
891f99cdc63ffff,891f99cdc67ffff,7017551862,3178411584,8.3706,0.626583,athlete
891f99cdc63ffff,891f99cdc6bffff,7017551862,267240657,7.1439,0.71687,athlete
891f99cdc63ffff,891f99cdc6fffff,7017551862,2588305417,5.1121,0.847274,athlete
891f99cdc63ffff,891f99cdc73ffff,7017551862,6439049534,6.7146,0.746735,athlete
891f99cdc63ffff,891f99cdc77ffff,7017551862,1531554258,7.1179,0.718708,athlete
891f99cdc67ffff,891f99cd813ffff,3178411584,7033480699,14.6484,0.166502,athlete
891f99cdc67ffff,891f99cd817ffff,3178411584,7029324075,19.6351,0.000821,athlete
891f99cdc67ffff,891f99cd883ffff,3178411584,6438001453,10.8573,0.432874,athlete
891f99cdc67ffff,891f99cd887ffff,3178411584,2555399289,15.2431,0.133208,athlete
891f99cdc67ffff,891f99cd88bffff,3178411584,7032151748,10.4136,0.46754,athlete
891f99cdc67ffff,891f99cd88fffff,3178411584,6435816272,14.388,0.182013,athlete
891f99cdc67ffff,891f99cd893ffff,3178411584,582942526,12.9359,0.277502,athlete
891f99cdc67ffff,891f99cd897ffff,3178411584,9838588176,14.317,0.186341,athlete
891f99cdc67ffff,891f99cd89bffff,3178411584,9857622044,5.9544,0.796784,athlete
891f99cdc67ffff,891f99cd8bbffff,3178411584,9582667284,19.0166,0.005953,athlete
891f99cdc67ffff,891f99cd8c3ffff,3178411584,10095613635,14.851,0.15482,athlete
891f99cdc67ffff,891f99cd8c7ffff,3178411584,6512705470,14.9248,0.150648,athlete
891f99cdc67ffff,891f99cd8cbffff,3178411584,2037315642,18.9278,0.007075,athlete
891f99cdc67ffff,891f99cd8d3ffff,3178411584,5544868327,13.3073,0.251771,athlete
891f99cdc67ffff,891f99cd8d7ffff,3178411584,2942352020,12.4014,0.315835,athlete
891f99cdc67ffff,891f99cd8dbffff,3178411584,5507478284,16.6237,0.068684,athlete
891f99cdc67ffff,891f99cdc07ffff,3178411584,6423339988,18.9063,0.007361,athlete
891f99cdc67ffff,891f99cdc0fffff,3178411584,9571055498,14.6199,0.168174,athlete
891f99cdc67ffff,891f99cdc23ffff,3178411584,6425661261,14.7423,0.161042,athlete
891f99cdc67ffff,891f99cdc27ffff,3178411584,4889789431,17.1823,0.04818,athlete
891f99cdc67ffff,891f99cdc2bffff,3178411584,6462134755,8.4356,0.621637,athlete
891f99cdc67ffff,891f99cdc2fffff,3178411584,3735457859,12.64,0.298548,athlete
891f99cdc67ffff,891f99cdc33ffff,3178411584,2935634141,17.953,0.025627,athlete
891f99cdc67ffff,891f99cdc37ffff,3178411584,8177904261,18.473,0.014315,athlete
891f99cdc67ffff,891f99cdc3bffff,3178411584,2678692516,15.6405,0.112726,athlete
891f99cdc67ffff,891f99cdc63ffff,3178411584,7017551862,8.0783,0.648646,athlete
891f99cdc67ffff,891f99cdc67ffff,3178411584,3178411584,0.1613,0.999839,athlete
891f99cdc67ffff,891f99cdc6bffff,3178411584,267240657,10.7721,0.439509,athlete
891f99cdc67ffff,891f99cdc6fffff,3178411584,2588305417,5.8682,0.802205,athlete
891f99cdc67ffff,891f99cdc73ffff,3178411584,6439049534,10.6141,0.451847,athlete
891f99cdc67ffff,891f99cdc77ffff,3178411584,1531554258,9.9918,0.500642,athlete
891f99cdc67ffff,891f99cdd4bffff,3178411584,7023815414,18.0028,0.024403,athlete
891f99cdc67ffff,891f99cdd5bffff,3178411584,7019773672,17.4931,0.038268,athlete
891f99cdc6bffff,891f99cd813ffff,267240657,7033480699,16.0749,0.092062,athlete
891f99cdc6bffff,891f99cd81bffff,267240657,9626246784,16.8467,0.060091,athlete
891f99cdc6bffff,891f99cd857ffff,267240657,9626199074,19.8753,9.6e-05,athlete
891f99cdc6bffff,891f99cd883ffff,267240657,6438001453,15.0806,0.141997,athlete
891f99cdc6bffff,891f99cd887ffff,267240657,2555399289,19.4424,0.001916,athlete
891f99cdc6bffff,891f99cd88bffff,267240657,7032151748,12.5794,0.302912,athlete
891f99cdc6bffff,891f99cd88fffff,267240657,6435816272,17.766,0.03047,athlete
891f99cdc6bffff,891f99cd893ffff,267240657,582942526,19.0389,0.005688,athlete
891f99cdc6bffff,891f99cd89bffff,267240657,9857622044,10.2687,0.478906,athlete
891f99cdc6bffff,891f99cd8c3ffff,267240657,10095613635,10.7259,0.443111,athlete
891f99cdc6bffff,891f99cd8c7ffff,267240657,6512705470,11.8374,0.357683,athlete
891f99cdc6bffff,891f99cd8cbffff,267240657,2037315642,14.8027,0.157569,athlete
891f99cdc6bffff,891f99cd8cfffff,267240657,12843979122,16.7763,0.062747,athlete
891f99cdc6bffff,891f99cd8d3ffff,267240657,5544868327,6.6386,0.751908,athlete
891f99cdc6bffff,891f99cd8d7ffff,267240657,2942352020,8.9455,0.582442,athlete
891f99cdc6bffff,891f99cd8dbffff,267240657,5507478284,12.4987,0.308755,athlete
891f99cdc6bffff,891f99cdc0fffff,267240657,9571055498,17.2258,0.046727,athlete
891f99cdc6bffff,891f99cdc2bffff,267240657,6462134755,14.5385,0.172981,athlete
891f99cdc6bffff,891f99cdc2fffff,267240657,3735457859,18.743,0.009716,athlete
891f99cdc6bffff,891f99cdc3bffff,267240657,2678692516,19.5069,0.001499,athlete
891f99cdc6bffff,891f99cdc63ffff,267240657,7017551862,6.6065,0.754079,athlete
891f99cdc6bffff,891f99cdc67ffff,267240657,3178411584,10.1642,0.487102,athlete
891f99cdc6bffff,891f99cdc6bffff,267240657,267240657,1.5965,0.984359,athlete
891f99cdc6bffff,891f99cdc6fffff,267240657,2588305417,5.3557,0.833255,athlete
891f99cdc6bffff,891f99cdc73ffff,267240657,6439049534,12.1485,0.334439,athlete
891f99cdc6bffff,891f99cdc77ffff,267240657,1531554258,12.4782,0.310244,athlete
891f99cdc6bffff,891f99cde27ffff,267240657,307663800,19.4534,0.001842,athlete
891f99cdc6bffff,891f99cde37ffff,267240657,232890306,19.1679,0.004265,athlete
891f99cdc6fffff,891f99cd803ffff,2588305417,4554612512,17.6521,0.033621,athlete
891f99cdc6fffff,891f99cd807ffff,2588305417,6539316791,19.3417,0.002671,athlete
891f99cdc6fffff,891f99cd80bffff,2588305417,9603238717,18.9712,0.006515,athlete
891f99cdc6fffff,891f99cd813ffff,2588305417,7033480699,12.2059,0.330194,athlete
891f99cdc6fffff,891f99cd817ffff,2588305417,7029324075,18.1478,0.021012,athlete
891f99cdc6fffff,891f99cd81bffff,2588305417,9626246784,14.6532,0.166223,athlete
891f99cdc6fffff,891f99cd853ffff,2588305417,4366230372,18.4819,0.014149,athlete
891f99cdc6fffff,891f99cd857ffff,2588305417,9626199074,18.3509,0.016681,athlete
891f99cdc6fffff,891f99cd883ffff,2588305417,6438001453,11.0902,0.414793,athlete
891f99cdc6fffff,891f99cd887ffff,2588305417,2555399289,15.452,0.122255,athlete
891f99cdc6fffff,891f99cd88bffff,2588305417,7032151748,8.589,0.609916,athlete
891f99cdc6fffff,891f99cd88fffff,2588305417,6435816272,13.7756,0.220544,athlete
891f99cdc6fffff,891f99cd893ffff,2588305417,582942526,14.4828,0.176305,athlete
891f99cdc6fffff,891f99cd897ffff,2588305417,9838588176,15.8235,0.103794,athlete
891f99cdc6fffff,891f99cd89bffff,2588305417,9857622044,5.9631,0.796234,athlete
891f99cdc6fffff,891f99cd8bbffff,2588305417,9582667284,18.4042,0.015626,athlete
891f99cdc6fffff,891f99cd8c3ffff,2588305417,10095613635,9.2015,0.562548,athlete
891f99cdc6fffff,891f99cd8c7ffff,2588305417,6512705470,9.6439,0.527954,athlete
891f99cdc6fffff,891f99cd8cbffff,2588305417,2037315642,13.2784,0.253749,athlete
891f99cdc6fffff,891f99cd8cfffff,2588305417,12843979122,15.2519,0.132738,athlete
891f99cdc6fffff,891f99cd8d3ffff,2588305417,5544868327,7.6579,0.679827,athlete
891f99cdc6fffff,891f99cd8d7ffff,2588305417,2942352020,6.752,0.744176,athlete
891f99cdc6fffff,891f99cd8dbffff,2588305417,5507478284,10.9743,0.423779,athlete
891f99cdc6fffff,891f99cdc07ffff,2588305417,6423339988,18.5372,0.013141,athlete
891f99cdc6fffff,891f99cdc0fffff,2588305417,9571055498,14.2508,0.190402,athlete
891f99cdc6fffff,891f99cdc23ffff,2588305417,6425661261,16.2892,0.082561,athlete
891f99cdc6fffff,891f99cdc27ffff,2588305417,4889789431,18.7292,0.009929,athlete
891f99cdc6fffff,891f99cdc2bffff,2588305417,6462134755,9.9825,0.501377,athlete
891f99cdc6fffff,891f99cdc2fffff,2588305417,3735457859,14.1869,0.194361,athlete
891f99cdc6fffff,891f99cdc33ffff,2588305417,2935634141,19.3898,0.002295,athlete
891f99cdc6fffff,891f99cdc3bffff,2588305417,2678692516,16.532,0.072374,athlete
891f99cdc6fffff,891f99cdc63ffff,2588305417,7017551862,4.4253,0.883985,athlete
891f99cdc6fffff,891f99cdc67ffff,2588305417,3178411584,5.6082,0.818217,athlete
891f99cdc6fffff,891f99cdc6bffff,2588305417,267240657,5.3419,0.834066,athlete
891f99cdc6fffff,891f99cdc6fffff,2588305417,2588305417,0.2187,0.999705,athlete
891f99cdc6fffff,891f99cdc73ffff,2588305417,6439049534,9.1736,0.564726,athlete
891f99cdc6fffff,891f99cdc77ffff,2588305417,1531554258,9.5032,0.53898,athlete
891f99cdc6fffff,891f99cdd4bffff,2588305417,7023815414,18.6042,0.01197,athlete
891f99cdc6fffff,891f99cdd5bffff,2588305417,7019773672,19.04,0.005674,athlete
891f99cdc6fffff,891f99cde27ffff,2588305417,307663800,17.929,0.026225,athlete
891f99cdc6fffff,891f99cde37ffff,2588305417,232890306,17.6435,0.033866,athlete
891f99cdc73ffff,891f99cd813ffff,6439049534,7033480699,19.6068,0.000954,athlete
891f99cdc73ffff,891f99cd883ffff,6439049534,6438001453,16.8163,0.06123,athlete
891f99cdc73ffff,891f99cd88bffff,6439049534,7032151748,15.372,0.126404,athlete
891f99cdc73ffff,891f99cd893ffff,6439049534,582942526,18.3239,0.017229,athlete
891f99cdc73ffff,891f99cd89bffff,6439049534,9857622044,11.0105,0.420966,athlete
891f99cdc73ffff,891f99cd8c3ffff,6439049534,10095613635,18.6119,0.011839,athlete
891f99cdc73ffff,891f99cd8c7ffff,6439049534,6512705470,19.0543,0.005507,athlete
891f99cdc73ffff,891f99cd8d3ffff,6439049534,5544868327,17.0683,0.052089,athlete
891f99cdc73ffff,891f99cd8d7ffff,6439049534,2942352020,16.1623,0.08813,athlete
891f99cdc73ffff,891f99cdc07ffff,6439049534,6423339988,17.935,0.026074,athlete
891f99cdc73ffff,891f99cdc0fffff,6439049534,9571055498,13.6486,0.228871,athlete
891f99cdc73ffff,891f99cdc23ffff,6439049534,6425661261,18.3603,0.016493,athlete
891f99cdc73ffff,891f99cdc2bffff,6439049534,6462134755,11.4562,0.386622,athlete
891f99cdc73ffff,891f99cdc2fffff,6439049534,3735457859,17.8266,0.028856,athlete
891f99cdc73ffff,891f99cdc33ffff,6439049534,2935634141,18.7875,0.009041,athlete
891f99cdc73ffff,891f99cdc3bffff,6439049534,2678692516,15.9297,0.09876,athlete
891f99cdc73ffff,891f99cdc63ffff,6439049534,7017551862,6.4985,0.761348,athlete
891f99cdc73ffff,891f99cdc67ffff,6439049534,3178411584,10.573,0.455055,athlete
891f99cdc73ffff,891f99cdc6bffff,6439049534,267240657,12.5949,0.301797,athlete
891f99cdc73ffff,891f99cdc6fffff,6439049534,2588305417,9.6291,0.529114,athlete
891f99cdc73ffff,891f99cdc73ffff,6439049534,6439049534,2.4566,0.963234,athlete
891f99cdc73ffff,891f99cdc77ffff,6439049534,1531554258,8.901,0.58589,athlete
891f99cdc77ffff,891f99cd813ffff,1531554258,7033480699,19.462,0.001785,athlete
891f99cdc77ffff,891f99cd883ffff,1531554258,6438001453,12.2738,0.325187,athlete
891f99cdc77ffff,891f99cd887ffff,1531554258,2555399289,16.2758,0.083145,athlete
891f99cdc77ffff,891f99cd88bffff,1531554258,7032151748,15.2272,0.134059,athlete
891f99cdc77ffff,891f99cd88fffff,1531554258,6435816272,16.4487,0.075801,athlete
891f99cdc77ffff,891f99cd893ffff,1531554258,582942526,12.8352,0.284613,athlete
891f99cdc77ffff,891f99cd897ffff,1531554258,9838588176,15.3496,0.127573,athlete
891f99cdc77ffff,891f99cd89bffff,1531554258,9857622044,10.8657,0.432215,athlete
891f99cdc77ffff,891f99cd8c3ffff,1531554258,10095613635,18.5606,0.012726,athlete
891f99cdc77ffff,891f99cd8c7ffff,1531554258,6512705470,19.003,0.006119,athlete
891f99cdc77ffff,891f99cd8d3ffff,1531554258,5544868327,17.017,0.053893,athlete
891f99cdc77ffff,891f99cd8d7ffff,1531554258,2942352020,16.111,0.090427,athlete
891f99cdc77ffff,891f99cdc03ffff,1531554258,9218173262,11.832,0.358092,athlete
891f99cdc77ffff,891f99cdc07ffff,1531554258,6423339988,9.9524,0.503742,athlete
891f99cdc77ffff,891f99cdc0fffff,1531554258,9571055498,4.9363,0.857072,athlete
891f99cdc77ffff,891f99cdc17ffff,1531554258,6445048303,14.8849,0.152895,athlete
891f99cdc77ffff,891f99cdc23ffff,1531554258,6425661261,11.4128,0.389949,athlete
891f99cdc77ffff,891f99cdc27ffff,1531554258,4889789431,15.6387,0.112814,athlete
891f99cdc77ffff,891f99cdc2bffff,1531554258,6462134755,5.9675,0.795954,athlete
891f99cdc77ffff,891f99cdc2fffff,1531554258,3735457859,12.3379,0.320483,athlete
891f99cdc77ffff,891f99cdc33ffff,1531554258,2935634141,11.5403,0.380199,athlete
891f99cdc77ffff,891f99cdc37ffff,1531554258,8177904261,16.2383,0.084776,athlete
891f99cdc77ffff,891f99cdc3bffff,1531554258,2678692516,8.9822,0.579598,athlete
891f99cdc77ffff,891f99cdc63ffff,1531554258,7017551862,6.5594,0.757263,athlete
891f99cdc77ffff,891f99cdc67ffff,1531554258,3178411584,9.8146,0.514556,athlete
891f99cdc77ffff,891f99cdc6bffff,1531554258,267240657,12.6557,0.297421,athlete
891f99cdc77ffff,891f99cdc6fffff,1531554258,2588305417,9.5778,0.533133,athlete
891f99cdc77ffff,891f99cdc73ffff,1531554258,6439049534,8.5426,0.613464,athlete
891f99cdc77ffff,891f99cdc77ffff,1531554258,1531554258,0.0806,0.99996,athlete
891f99cdc77ffff,891f99cdca3ffff,1531554258,9212595025,19.8433,0.000152,athlete
891f99cdc77ffff,891f99cdcabffff,1531554258,1251634557,15.3503,0.127535,athlete
891f99cdc77ffff,891f99cdd4bffff,1531554258,7023815414,19.0355,0.005728,athlete
891f99cdc77ffff,891f99cdd5bffff,1531554258,7019773672,16.4067,0.077554,athlete
891f99cdc77ffff,891f99cddcbffff,1531554258,4660007270,19.37,0.002447,athlete
891f99cdc87ffff,891f99cc343ffff,6833312139,8260378163,11.9465,0.349496,athlete
891f99cdc87ffff,891f99cc347ffff,6833312139,6429323327,14.2616,0.189739,athlete
891f99cdc87ffff,891f99cc34bffff,6833312139,4889509547,6.0938,0.787903,athlete
891f99cdc87ffff,891f99cc34fffff,6833312139,9532612444,8.0417,0.651393,athlete
891f99cdc87ffff,891f99cc35bffff,6833312139,1837603118,11.2045,0.405965,athlete
891f99cdc87ffff,891f99cc363ffff,6833312139,10893867504,17.799,0.029586,athlete
891f99cdc87ffff,891f99cc36bffff,6833312139,31774655,15.7085,0.109366,athlete
891f99cdc87ffff,891f99cc373ffff,6833312139,613579689,19.8196,0.000201,athlete
891f99cdc87ffff,891f99cc37bffff,6833312139,9625912703,13.1449,0.262928,athlete
891f99cdc87ffff,891f99cdc03ffff,6833312139,9218173262,15.5652,0.116491,athlete
891f99cdc87ffff,891f99cdc07ffff,6833312139,6423339988,15.3603,0.127013,athlete
891f99cdc87ffff,891f99cdc0fffff,6833312139,9571055498,19.0193,0.005921,athlete
891f99cdc87ffff,891f99cdc17ffff,6833312139,6445048303,12.0913,0.338685,athlete
891f99cdc87ffff,891f99cdc23ffff,6833312139,6425661261,19.2172,0.003775,athlete
891f99cdc87ffff,891f99cdc33ffff,6833312139,2935634141,15.5112,0.119229,athlete
891f99cdc87ffff,891f99cdc37ffff,6833312139,8177904261,16.3039,0.081928,athlete
891f99cdc87ffff,891f99cdc87ffff,6833312139,6833312139,1.3244,0.989219,athlete
891f99cdc87ffff,891f99cdca3ffff,6833312139,9212595025,8.4766,0.618512,athlete
891f99cdc87ffff,891f99cdca7ffff,6833312139,31508518,13.6303,0.230078,athlete
891f99cdc87ffff,891f99cdcabffff,6833312139,1251634557,11.008,0.421161,athlete
891f99cdc87ffff,891f99cdcafffff,6833312139,395251657,13.3074,0.251763,athlete
891f99cdc87ffff,891f99cdcb3ffff,6833312139,6420979355,6.12,0.786219,athlete
891f99cdc87ffff,891f99cdcb7ffff,6833312139,6451403576,10.9518,0.425525,athlete
891f99cdc87ffff,891f99cdcbbffff,6833312139,6451658836,6.0563,0.790304,athlete
891f99cdc87ffff,891f99cddd3ffff,6833312139,4898290839,19.5531,0.001232,athlete
891f99cdc87ffff,891f99cdddbffff,6833312139,31508111,16.9761,0.055352,athlete
891f99cdca3ffff,891f99cc343ffff,9212595025,8260378163,13.8076,0.218468,athlete
891f99cdca3ffff,891f99cc347ffff,9212595025,6429323327,15.083,0.141869,athlete
891f99cdca3ffff,891f99cc34bffff,9212595025,4889509547,9.9021,0.507691,athlete
891f99cdca3ffff,891f99cc34fffff,9212595025,9532612444,9.5391,0.536165,athlete
891f99cdca3ffff,891f99cc35bffff,9212595025,1837603118,13.5919,0.232625,athlete
891f99cdca3ffff,891f99cc363ffff,9212595025,10893867504,15.7177,0.10892,athlete
891f99cdca3ffff,891f99cc367ffff,9212595025,6454118264,19.2939,0.003072,athlete
891f99cdca3ffff,891f99cc36bffff,9212595025,31774655,10.1086,0.491475,athlete
891f99cdca3ffff,891f99cc36fffff,9212595025,9860005625,14.1962,0.193783,athlete
891f99cdca3ffff,891f99cc373ffff,9212595025,613579689,17.8476,0.028306,athlete
891f99cdca3ffff,891f99cc377ffff,9212595025,1408208713,18.0114,0.024195,athlete
891f99cdca3ffff,891f99cc37bffff,9212595025,9625912703,11.2208,0.404703,athlete
891f99cdca3ffff,891f99cdc03ffff,9212595025,9218173262,12.6156,0.300305,athlete
891f99cdca3ffff,891f99cdc07ffff,9212595025,6423339988,12.3216,0.321676,athlete
891f99cdca3ffff,891f99cdc0fffff,9212595025,9571055498,16.0696,0.092302,athlete
891f99cdca3ffff,891f99cdc17ffff,9212595025,6445048303,9.3648,0.549804,athlete
891f99cdca3ffff,891f99cdc23ffff,9212595025,6425661261,13.8963,0.212732,athlete
891f99cdca3ffff,891f99cdc27ffff,9212595025,4889789431,14.7968,0.157907,athlete
891f99cdca3ffff,891f99cdc2bffff,9212595025,6462134755,19.2882,0.003122,athlete
891f99cdca3ffff,891f99cdc2fffff,9212595025,3735457859,19.3486,0.002615,athlete
891f99cdca3ffff,891f99cdc33ffff,9212595025,2935634141,10.1903,0.485053,athlete
891f99cdca3ffff,891f99cdc37ffff,9212595025,8177904261,9.8723,0.510033,athlete
891f99cdca3ffff,891f99cdc3bffff,9212595025,2678692516,17.2357,0.0464,athlete
891f99cdca3ffff,891f99cdc77ffff,9212595025,1531554258,19.6789,0.000636,athlete
891f99cdca3ffff,891f99cdc87ffff,9212595025,6833312139,8.3462,0.628436,athlete
891f99cdca3ffff,891f99cdca3ffff,9212595025,9212595025,0.2091,0.99973,athlete
891f99cdca3ffff,891f99cdca7ffff,9212595025,31508518,5.7486,0.80963,athlete
891f99cdca3ffff,891f99cdcabffff,9212595025,1251634557,7.9693,0.6568,athlete
891f99cdca3ffff,891f99cdcafffff,9212595025,395251657,5.4945,0.825051,athlete
891f99cdca3ffff,891f99cdcb3ffff,9212595025,6420979355,5.5469,0.821913,athlete
891f99cdca3ffff,891f99cdcb7ffff,9212595025,6451403576,6.5586,0.757314,athlete
891f99cdca3ffff,891f99cdcbbffff,9212595025,6451658836,5.5565,0.821339,athlete
891f99cdca3ffff,891f99cdd53ffff,9212595025,792050821,18.9061,0.007363,athlete
891f99cdca3ffff,891f99cdd8bffff,9212595025,9860048758,19.9338,2.7e-05,athlete
891f99cdca3ffff,891f99cdd9bffff,9212595025,7007914585,18.5379,0.013128,athlete
891f99cdca3ffff,891f99cddc3ffff,9212595025,6483857419,14.2109,0.19287,athlete
891f99cdca3ffff,891f99cddc7ffff,9212595025,9860451546,19.4312,0.001994,athlete
891f99cdca3ffff,891f99cddcbffff,9212595025,4660007270,13.9971,0.206289,athlete
891f99cdca3ffff,891f99cddcfffff,9212595025,8428297023,19.9165,4.3e-05,athlete
891f99cdca3ffff,891f99cddd3ffff,9212595025,4898290839,11.7402,0.365019,athlete
891f99cdca3ffff,891f99cddd7ffff,9212595025,7008251083,16.4994,0.073705,athlete
891f99cdca3ffff,891f99cdddbffff,9212595025,31508111,9.0944,0.570885,athlete
891f99cdca7ffff,891f99cc343ffff,31508518,8260378163,16.9447,0.056485,athlete
891f99cdca7ffff,891f99cc347ffff,31508518,6429323327,17.1684,0.048649,athlete
891f99cdca7ffff,891f99cc34bffff,31508518,4889509547,15.5212,0.118715,athlete
891f99cdca7ffff,891f99cc34fffff,31508518,9532612444,11.9923,0.346064,athlete
891f99cdca7ffff,891f99cc35bffff,31508518,1837603118,18.6582,0.011065,athlete
891f99cdca7ffff,891f99cc363ffff,31508518,10893867504,16.382,0.078595,athlete
891f99cdca7ffff,891f99cc367ffff,31508518,6454118264,17.9515,0.025664,athlete
891f99cdca7ffff,891f99cc36bffff,31508518,31774655,11.1431,0.410702,athlete
891f99cdca7ffff,891f99cc36fffff,31508518,9860005625,11.9491,0.349299,athlete
891f99cdca7ffff,891f99cc373ffff,31508518,613579689,18.5364,0.013156,athlete
891f99cdca7ffff,891f99cc377ffff,31508518,1408208713,16.7281,0.064596,athlete
891f99cdca7ffff,891f99cc37bffff,31508518,9625912703,12.2554,0.326545,athlete
891f99cdca7ffff,891f99cdc03ffff,31508518,9218173262,19.2604,0.00337,athlete
891f99cdca7ffff,891f99cdc07ffff,31508518,6423339988,16.405,0.077624,athlete
891f99cdca7ffff,891f99cdc17ffff,31508518,6445048303,16.0097,0.095044,athlete
891f99cdca7ffff,891f99cdc23ffff,31508518,6425661261,15.3969,0.125106,athlete
891f99cdca7ffff,891f99cdc27ffff,31508518,4889789431,15.1328,0.139151,athlete
891f99cdca7ffff,891f99cdc33ffff,31508518,2935634141,14.1282,0.198019,athlete
891f99cdca7ffff,891f99cdc37ffff,31508518,8177904261,9.8551,0.511381,athlete
891f99cdca7ffff,891f99cdc87ffff,31508518,6833312139,14.8214,0.156504,athlete
891f99cdca7ffff,891f99cdca3ffff,31508518,9212595025,6.99,0.727698,athlete
891f99cdca7ffff,891f99cdca7ffff,31508518,31508518,1.5133,0.98594,athlete
891f99cdca7ffff,891f99cdcabffff,31508518,1251634557,13.9958,0.206372,athlete
891f99cdca7ffff,891f99cdcafffff,31508518,395251657,5.7068,0.812203,athlete
891f99cdca7ffff,891f99cdcb3ffff,31508518,6420979355,11.1661,0.408926,athlete
891f99cdca7ffff,891f99cdcb7ffff,31508518,6451403576,7.6232,0.682368,athlete
891f99cdca7ffff,891f99cdcbbffff,31508518,6451658836,12.2013,0.330532,athlete
891f99cdca7ffff,891f99cdd13ffff,31508518,1931861768,19.3431,0.002659,athlete
891f99cdca7ffff,891f99cdd43ffff,31508518,4912632765,19.3856,0.002327,athlete
891f99cdca7ffff,891f99cdd53ffff,31508518,792050821,15.6818,0.110679,athlete
891f99cdca7ffff,891f99cdd57ffff,31508518,12006473820,18.148,0.021009,athlete
891f99cdca7ffff,891f99cdd5bffff,31508518,7019773672,18.7054,0.010303,athlete
891f99cdca7ffff,891f99cdd8bffff,31508518,9860048758,17.1398,0.049621,athlete
891f99cdca7ffff,891f99cdd9bffff,31508518,7007914585,16.2908,0.082493,athlete
891f99cdca7ffff,891f99cddc3ffff,31508518,6483857419,9.9755,0.501921,athlete
891f99cdca7ffff,891f99cddc7ffff,31508518,9860451546,15.1958,0.135739,athlete
891f99cdca7ffff,891f99cddcbffff,31508518,4660007270,9.7618,0.518706,athlete
891f99cdca7ffff,891f99cddcfffff,31508518,8428297023,15.6812,0.110711,athlete
891f99cdca7ffff,891f99cddd3ffff,31508518,4898290839,7.5048,0.69099,athlete
891f99cdca7ffff,891f99cddd7ffff,31508518,7008251083,13.083,0.267214,athlete
891f99cdca7ffff,891f99cdddbffff,31508518,31508111,4.859,0.861294,athlete
891f99cdcabffff,891f99cc34bffff,1251634557,4889509547,14.9922,0.146881,athlete
891f99cdcabffff,891f99cc34fffff,1251634557,9532612444,16.5536,0.071497,athlete
891f99cdcabffff,891f99cc35bffff,1251634557,1837603118,19.8518,0.000135,athlete
891f99cdcabffff,891f99cc36bffff,1251634557,31774655,17.3108,0.043951,athlete
891f99cdcabffff,891f99cc37bffff,1251634557,9625912703,18.423,0.015262,athlete
891f99cdcabffff,891f99cd893ffff,1251634557,582942526,18.8637,0.007943,athlete
891f99cdcabffff,891f99cd897ffff,1251634557,9838588176,19.545,0.001277,athlete
891f99cdcabffff,891f99cdc03ffff,1251634557,9218173262,8.5998,0.609084,athlete
891f99cdcabffff,891f99cdc07ffff,1251634557,6423339988,6.182,0.782212,athlete
891f99cdcabffff,891f99cdc0fffff,1251634557,9571055498,10.54,0.457636,athlete
891f99cdcabffff,891f99cdc17ffff,1251634557,6445048303,7.2926,0.706289,athlete
891f99cdcabffff,891f99cdc23ffff,1251634557,6425661261,11.0033,0.421527,athlete
891f99cdcabffff,891f99cdc27ffff,1251634557,4889789431,14.9044,0.151794,athlete
891f99cdcabffff,891f99cdc2bffff,1251634557,6462134755,15.2016,0.135428,athlete
891f99cdcabffff,891f99cdc2fffff,1251634557,3735457859,15.5946,0.115013,athlete
891f99cdcabffff,891f99cdc33ffff,1251634557,2935634141,7.0436,0.723936,athlete
891f99cdcabffff,891f99cdc37ffff,1251634557,8177904261,11.2859,0.399694,athlete
891f99cdcabffff,891f99cdc3bffff,1251634557,2678692516,12.4634,0.311316,athlete
891f99cdcabffff,891f99cdc63ffff,1251634557,7017551862,19.314,0.0029,athlete
891f99cdcabffff,891f99cdc77ffff,1251634557,1531554258,14.7011,0.163432,athlete
891f99cdcabffff,891f99cdc87ffff,1251634557,6833312139,11.7986,0.360608,athlete
891f99cdcabffff,891f99cdca3ffff,1251634557,9212595025,8.0471,0.650985,athlete
891f99cdcabffff,891f99cdca7ffff,1251634557,31508518,13.5867,0.232972,athlete
891f99cdcabffff,891f99cdcabffff,1251634557,1251634557,0.3253,0.999347,athlete
891f99cdcabffff,891f99cdcafffff,1251634557,395251657,10.8219,0.435628,athlete
891f99cdcabffff,891f99cdcb3ffff,1251634557,6420979355,12.0409,0.342436,athlete
891f99cdcabffff,891f99cdcb7ffff,1251634557,6451403576,13.7608,0.221508,athlete
891f99cdcabffff,891f99cdcbbffff,1251634557,6451658836,8.0735,0.649011,athlete
891f99cdcabffff,891f99cdd53ffff,1251634557,792050821,19.9773,3e-06,athlete
891f99cdcabffff,891f99cdd5bffff,1251634557,7019773672,18.5036,0.013748,athlete
891f99cdcabffff,891f99cddc3ffff,1251634557,6483857419,19.7712,0.000323,athlete
891f99cdcabffff,891f99cddcbffff,1251634557,4660007270,17.0058,0.054292,athlete
891f99cdcabffff,891f99cddd3ffff,1251634557,4898290839,18.426,0.015204,athlete
891f99cdcabffff,891f99cdddbffff,1251634557,31508111,14.0492,0.202988,athlete
891f99cdcafffff,891f99cc343ffff,395251657,8260378163,19.3114,0.002922,athlete
891f99cdcafffff,891f99cc347ffff,395251657,6429323327,19.9029,5.8e-05,athlete
891f99cdcafffff,891f99cc34bffff,395251657,4889509547,15.4755,0.121052,athlete
891f99cdcafffff,891f99cc34fffff,395251657,9532612444,14.3591,0.183771,athlete
891f99cdcafffff,891f99cc35bffff,395251657,1837603118,19.1653,0.004292,athlete
891f99cdcafffff,891f99cc363ffff,395251657,10893867504,19.5601,0.001193,athlete
891f99cdcafffff,891f99cc36bffff,395251657,31774655,14.3458,0.184578,athlete
891f99cdcafffff,891f99cc36fffff,395251657,9860005625,15.1272,0.139456,athlete
891f99cdcafffff,891f99cc377ffff,395251657,1408208713,19.9061,5.4e-05,athlete
891f99cdcafffff,891f99cc37bffff,395251657,9625912703,15.4581,0.121943,athlete
891f99cdcafffff,891f99cd893ffff,395251657,582942526,19.6376,0.00081,athlete
891f99cdcafffff,891f99cd897ffff,395251657,9838588176,19.5443,0.001281,athlete
891f99cdcafffff,891f99cdc03ffff,395251657,9218173262,16.7375,0.064232,athlete
891f99cdcafffff,891f99cdc07ffff,395251657,6423339988,13.209,0.258504,athlete
891f99cdcafffff,891f99cdc0fffff,395251657,9571055498,17.5671,0.03607,athlete
891f99cdcafffff,891f99cdc17ffff,395251657,6445048303,13.5723,0.233924,athlete
891f99cdcafffff,891f99cdc23ffff,395251657,6425661261,10.9162,0.428287,athlete
891f99cdcafffff,891f99cdc27ffff,395251657,4889789431,10.8297,0.435019,athlete
891f99cdcafffff,891f99cdc2bffff,395251657,6462134755,16.4032,0.077703,athlete
891f99cdcafffff,891f99cdc2fffff,395251657,3735457859,16.3685,0.079167,athlete
891f99cdcafffff,891f99cdc33ffff,395251657,2935634141,10.9322,0.427045,athlete
891f99cdcafffff,891f99cdc37ffff,395251657,8177904261,5.5023,0.824587,athlete
891f99cdcafffff,891f99cdc3bffff,395251657,2678692516,16.4253,0.076776,athlete
891f99cdcafffff,891f99cdc77ffff,395251657,1531554258,19.3738,0.002417,athlete
891f99cdcafffff,891f99cdc87ffff,395251657,6833312139,13.7686,0.221003,athlete
891f99cdcafffff,891f99cdca3ffff,395251657,9212595025,5.7825,0.807539,athlete
891f99cdcafffff,891f99cdca7ffff,395251657,31508518,5.1778,0.843541,athlete
891f99cdcafffff,891f99cdcabffff,395251657,1251634557,10.7998,0.437349,athlete
891f99cdcafffff,891f99cdcafffff,395251657,395251657,1.1246,0.992219,athlete
891f99cdcafffff,891f99cdcb3ffff,395251657,6420979355,11.1203,0.412465,athlete
891f99cdcafffff,891f99cdcb7ffff,395251657,6451403576,10.8259,0.435316,athlete
891f99cdcafffff,891f99cdcbbffff,395251657,6451658836,10.0557,0.495628,athlete
891f99cdcafffff,891f99cdd43ffff,395251657,4912632765,18.3059,0.017598,athlete
891f99cdcafffff,891f99cdd53ffff,395251657,792050821,14.5362,0.173121,athlete
891f99cdcafffff,891f99cdd57ffff,395251657,12006473820,18.4629,0.014503,athlete
891f99cdcafffff,891f99cdd5bffff,395251657,7019773672,16.4706,0.074889,athlete
891f99cdcafffff,891f99cdd8bffff,395251657,9860048758,18.9561,0.006707,athlete
891f99cdcafffff,891f99cdd9bffff,395251657,7007914585,19.4263,0.002029,athlete
891f99cdcafffff,891f99cddc3ffff,395251657,6483857419,10.7232,0.443325,athlete
891f99cdcafffff,891f99cddc7ffff,395251657,9860451546,15.9435,0.098118,athlete
891f99cdcafffff,891f99cddcbffff,395251657,4660007270,9.7055,0.52312,athlete
891f99cdcafffff,891f99cddcfffff,395251657,8428297023,16.0552,0.092959,athlete
891f99cdcafffff,891f99cddd3ffff,395251657,4898290839,9.3212,0.553215,athlete
891f99cdcafffff,891f99cddd7ffff,395251657,7008251083,14.8993,0.152081,athlete
891f99cdcafffff,891f99cdddbffff,395251657,31508111,5.6067,0.818309,athlete
891f99cdcb3ffff,891f99cc343ffff,6420979355,8260378163,9.4524,0.542959,athlete
891f99cdcb3ffff,891f99cc347ffff,6420979355,6429323327,11.7675,0.362959,athlete
891f99cdcb3ffff,891f99cc34bffff,6420979355,4889509547,5.0986,0.848038,athlete
891f99cdcb3ffff,891f99cc34fffff,6420979355,9532612444,5.4164,0.829686,athlete
891f99cdcb3ffff,891f99cc35bffff,6420979355,1837603118,8.893,0.586508,athlete
891f99cdcb3ffff,891f99cc363ffff,6420979355,10893867504,15.0384,0.144321,athlete
891f99cdcb3ffff,891f99cc367ffff,6420979355,6454118264,18.7907,0.008994,athlete
891f99cdcb3ffff,891f99cc36bffff,6420979355,31774655,11.0014,0.421673,athlete
891f99cdcb3ffff,891f99cc36fffff,6420979355,9860005625,16.1495,0.088703,athlete
891f99cdcb3ffff,891f99cc373ffff,6420979355,613579689,17.059,0.052412,athlete
891f99cdcb3ffff,891f99cc377ffff,6420979355,1408208713,17.5082,0.037813,athlete
891f99cdcb3ffff,891f99cc37bffff,6420979355,9625912703,8.7144,0.600288,athlete
891f99cdcb3ffff,891f99cdc03ffff,6420979355,9218173262,15.3979,0.125054,athlete
891f99cdcb3ffff,891f99cdc07ffff,6420979355,6423339988,15.193,0.135892,athlete
891f99cdcb3ffff,891f99cdc0fffff,6420979355,9571055498,18.852,0.008108,athlete
891f99cdcb3ffff,891f99cdc17ffff,6420979355,6445048303,12.1019,0.337899,athlete
891f99cdcb3ffff,891f99cdc23ffff,6420979355,6425661261,18.058,0.023084,athlete
891f99cdcb3ffff,891f99cdc27ffff,6420979355,4889789431,19.2161,0.003786,athlete
891f99cdcb3ffff,891f99cdc33ffff,6420979355,2935634141,14.352,0.184203,athlete
891f99cdcb3ffff,891f99cdc37ffff,6420979355,8177904261,14.8025,0.157581,athlete
891f99cdcb3ffff,891f99cdc87ffff,6420979355,6833312139,5.3054,0.83619,athlete
891f99cdcb3ffff,891f99cdca3ffff,6420979355,9212595025,5.1394,0.845729,athlete
891f99cdcb3ffff,891f99cdca7ffff,6420979355,31508518,9.7116,0.522641,athlete
891f99cdcb3ffff,891f99cdcabffff,6420979355,1251634557,10.8407,0.434163,athlete
891f99cdcb3ffff,891f99cdcafffff,6420979355,395251657,10.4248,0.46666,athlete
891f99cdcb3ffff,891f99cdcb3ffff,6420979355,6420979355,0.7434,0.996595,athlete
891f99cdcb3ffff,891f99cdcb7ffff,6420979355,6451403576,5.9422,0.797555,athlete
891f99cdcb3ffff,891f99cdcbbffff,6420979355,6451658836,5.3631,0.832825,athlete
891f99cdcb3ffff,891f99cddc3ffff,6420979355,6483857419,18.1073,0.021935,athlete
891f99cdcb3ffff,891f99cddcbffff,6420979355,4660007270,17.9601,0.025449,athlete
891f99cdcb3ffff,891f99cddd3ffff,6420979355,4898290839,15.1505,0.138188,athlete
891f99cdcb3ffff,891f99cddd7ffff,6420979355,7008251083,18.8365,0.008328,athlete
891f99cdcb3ffff,891f99cdddbffff,6420979355,31508111,13.0574,0.268998,athlete
891f99cdcb7ffff,891f99cc343ffff,6451403576,8260378163,9.5287,0.536979,athlete
891f99cdcb7ffff,891f99cc347ffff,6451403576,6429323327,10.1202,0.490559,athlete
891f99cdcb7ffff,891f99cc34bffff,6451403576,4889509547,8.659,0.604547,athlete
891f99cdcb7ffff,891f99cc34fffff,6451403576,9532612444,4.5764,0.87628,athlete
891f99cdcb7ffff,891f99cc35bffff,6451403576,1837603118,11.6214,0.374026,athlete
891f99cdcb7ffff,891f99cc363ffff,6451403576,10893867504,11.8629,0.355768,athlete
891f99cdcb7ffff,891f99cc367ffff,6451403576,6454118264,15.4391,0.122919,athlete
891f99cdcb7ffff,891f99cc36bffff,6451403576,31774655,6.2538,0.777537,athlete
891f99cdcb7ffff,891f99cc36fffff,6451403576,9860005625,11.3043,0.398275,athlete
891f99cdcb7ffff,891f99cc373ffff,6451403576,613579689,13.9929,0.206561,athlete
891f99cdcb7ffff,891f99cc377ffff,6451403576,1408208713,14.1567,0.196242,athlete
891f99cdcb7ffff,891f99cc37bffff,6451403576,9625912703,6.2039,0.780786,athlete
891f99cdcb7ffff,891f99cdc03ffff,6451403576,9218173262,16.9925,0.054765,athlete
891f99cdcb7ffff,891f99cdc07ffff,6451403576,6423339988,16.7876,0.062317,athlete
891f99cdcb7ffff,891f99cdc17ffff,6451403576,6445048303,13.6965,0.225718,athlete
891f99cdcb7ffff,891f99cdc23ffff,6451403576,6425661261,18.9637,0.00661,athlete
891f99cdcb7ffff,891f99cdc27ffff,6451403576,4889789431,18.7228,0.010028,athlete
891f99cdcb7ffff,891f99cdc33ffff,6451403576,2935634141,15.4235,0.123728,athlete
891f99cdcb7ffff,891f99cdc37ffff,6451403576,8177904261,13.4451,0.242436,athlete
891f99cdcb7ffff,891f99cdc87ffff,6451403576,6833312139,8.923,0.584188,athlete
891f99cdcb7ffff,891f99cdca3ffff,6451403576,9212595025,5.6678,0.814591,athlete
891f99cdcb7ffff,891f99cdca7ffff,6451403576,31508518,5.1033,0.847769,athlete
891f99cdcb7ffff,891f99cdcabffff,6451403576,1251634557,12.4353,0.313364,athlete
891f99cdcb7ffff,891f99cdcafffff,6451403576,395251657,9.172,0.564847,athlete
891f99cdcb7ffff,891f99cdcb3ffff,6451403576,6420979355,4.6689,0.871454,athlete
891f99cdcb7ffff,891f99cdcb7ffff,6451403576,6451403576,0.1991,0.999755,athlete
891f99cdcb7ffff,891f99cdcbbffff,6451403576,6451658836,8.045,0.651146,athlete
891f99cdcb7ffff,891f99cdd53ffff,6451403576,792050821,19.0575,0.00547,athlete
891f99cdcb7ffff,891f99cdd8bffff,6451403576,9860048758,17.4218,0.040446,athlete
891f99cdcb7ffff,891f99cdd9bffff,6451403576,7007914585,16.0259,0.094298,athlete
891f99cdcb7ffff,891f99cddc3ffff,6451403576,6483857419,12.5141,0.307633,athlete
891f99cdcb7ffff,891f99cddc7ffff,6451403576,9860451546,17.2933,0.044515,athlete
891f99cdcb7ffff,891f99cddcbffff,6451403576,4660007270,13.3518,0.248744,athlete
891f99cdcb7ffff,891f99cddcfffff,6451403576,8428297023,18.9704,0.006525,athlete
891f99cdcb7ffff,891f99cddd3ffff,6451403576,4898290839,9.5573,0.534738,athlete
891f99cdcb7ffff,891f99cddd7ffff,6451403576,7008251083,13.9874,0.20691,athlete
891f99cdcb7ffff,891f99cdddbffff,6451403576,31508111,8.4491,0.620608,athlete
891f99cdcbbffff,891f99cc343ffff,6451658836,8260378163,14.4109,0.180631,athlete
891f99cdcbbffff,891f99cc347ffff,6451658836,6429323327,16.726,0.064676,athlete
891f99cdcbbffff,891f99cc34bffff,6451658836,4889509547,8.8092,0.592979,athlete
891f99cdcbbffff,891f99cc34fffff,6451658836,9532612444,10.4511,0.464598,athlete
891f99cdcbbffff,891f99cc35bffff,6451658836,1837603118,13.6689,0.227535,athlete
891f99cdcbbffff,891f99cc363ffff,6451658836,10893867504,19.564,0.001172,athlete
891f99cdcbbffff,891f99cc36bffff,6451658836,31774655,13.9549,0.208979,athlete
891f99cdcbbffff,891f99cc36fffff,6451658836,9860005625,18.6799,0.010712,athlete
891f99cdcbbffff,891f99cc37bffff,6451658836,9625912703,13.7559,0.221832,athlete
891f99cdcbbffff,891f99cdc03ffff,6451658836,9218173262,12.1822,0.331946,athlete
891f99cdcbbffff,891f99cdc07ffff,6451658836,6423339988,11.9773,0.347187,athlete
891f99cdcbbffff,891f99cdc0fffff,6451658836,9571055498,15.6363,0.112934,athlete
891f99cdcbbffff,891f99cdc17ffff,6451658836,6445048303,8.8862,0.58703,athlete
891f99cdcbbffff,891f99cdc23ffff,6451658836,6425661261,15.1144,0.140149,athlete
891f99cdcbbffff,891f99cdc27ffff,6451658836,4889789431,16.2725,0.083286,athlete
891f99cdcbbffff,891f99cdc33ffff,6451658836,2935634141,11.4084,0.390283,athlete
891f99cdcbbffff,891f99cdc37ffff,6451658836,8177904261,12.204,0.330336,athlete
891f99cdcbbffff,891f99cdc3bffff,6451658836,2678692516,18.2588,0.018586,athlete
891f99cdcbbffff,891f99cdc87ffff,6451658836,6833312139,5.6157,0.817763,athlete
891f99cdcbbffff,891f99cdca3ffff,6451658836,9212595025,5.2313,0.840477,athlete
891f99cdcbbffff,891f99cdca7ffff,6451658836,31508518,10.7709,0.439604,athlete
891f99cdcbbffff,891f99cdcabffff,6451658836,1251634557,7.625,0.682234,athlete
891f99cdcbbffff,891f99cdcafffff,6451658836,395251657,9.3831,0.548378,athlete
891f99cdcbbffff,891f99cdcb3ffff,6451658836,6420979355,5.9453,0.797357,athlete
891f99cdcbbffff,891f99cdcb7ffff,6451658836,6451403576,9.7086,0.522882,athlete
891f99cdcbbffff,891f99cdcbbffff,6451658836,6451658836,1.8905,0.978115,athlete
891f99cdcbbffff,891f99cddc3ffff,6451658836,6483857419,18.7615,0.009432,athlete
891f99cdcbbffff,891f99cddcbffff,6451658836,4660007270,17.6947,0.032425,athlete
891f99cdcbbffff,891f99cddd3ffff,6451658836,4898290839,16.7624,0.063275,athlete
891f99cdcbbffff,891f99cdddbffff,6451658836,31508111,13.645,0.229108,athlete
891f99cdd03ffff,891f99cc36fffff,6547701840,9860005625,16.9757,0.055365,athlete
891f99cdd03ffff,891f99cce4bffff,6547701840,3217982537,18.3055,0.017607,athlete
891f99cdd03ffff,891f99cd8b3ffff,6547701840,9850454762,19.4287,0.002012,athlete
891f99cdd03ffff,891f99cd8b7ffff,6547701840,12812222615,19.3426,0.002664,athlete
891f99cdd03ffff,891f99cd993ffff,6547701840,9476330915,18.6861,0.010611,athlete
891f99cdd03ffff,891f99cd99bffff,6547701840,6576315758,19.5347,0.001335,athlete
891f99cdd03ffff,891f99cdc27ffff,6547701840,4889789431,16.6334,0.0683,athlete
891f99cdd03ffff,891f99cdd03ffff,6547701840,6547701840,0.4989,0.998466,athlete
891f99cdd03ffff,891f99cdd07ffff,6547701840,1889761004,7.2198,0.711479,athlete
891f99cdd03ffff,891f99cdd0bffff,6547701840,13289798704,5.4282,0.828994,athlete
891f99cdd03ffff,891f99cdd0fffff,6547701840,7013595399,4.6626,0.871787,athlete
891f99cdd03ffff,891f99cdd13ffff,6547701840,1931861768,7.2024,0.712718,athlete
891f99cdd03ffff,891f99cdd17ffff,6547701840,774074162,5.7405,0.810134,athlete
891f99cdd03ffff,891f99cdd1bffff,6547701840,1295220984,8.3722,0.626455,athlete
891f99cdd03ffff,891f99cdd23ffff,6547701840,6490328116,14.2986,0.187465,athlete
891f99cdd03ffff,891f99cdd27ffff,6547701840,6792684819,18.0418,0.023468,athlete
891f99cdd03ffff,891f99cdd2bffff,6547701840,9769034838,13.0837,0.267164,athlete
891f99cdd03ffff,891f99cdd2fffff,6547701840,9621093945,17.0525,0.052639,athlete
891f99cdd03ffff,891f99cdd33ffff,6547701840,6497354633,10.6773,0.446905,athlete
891f99cdd03ffff,891f99cdd37ffff,6547701840,9532724067,16.2321,0.085046,athlete
891f99cdd03ffff,891f99cdd3bffff,6547701840,7013785674,10.8563,0.432949,athlete
891f99cdd03ffff,891f99cdd43ffff,6547701840,4912632765,12.0345,0.342916,athlete
891f99cdd03ffff,891f99cdd47ffff,6547701840,9487098556,10.5702,0.455279,athlete
891f99cdd03ffff,891f99cdd4bffff,6547701840,7023815414,17.4162,0.040618,athlete
891f99cdd03ffff,891f99cdd4fffff,6547701840,27653866,15.1239,0.139634,athlete
891f99cdd03ffff,891f99cdd53ffff,6547701840,792050821,13.0641,0.268528,athlete
891f99cdd03ffff,891f99cdd57ffff,6547701840,12006473820,8.5222,0.615027,athlete
891f99cdd03ffff,891f99cdd5bffff,6547701840,7019773672,16.7044,0.065512,athlete
891f99cdd03ffff,891f99cdd63ffff,6547701840,9474270025,14.7604,0.159998,athlete
891f99cdd03ffff,891f99cdd67ffff,6547701840,10866880269,14.8386,0.155523,athlete
891f99cdd03ffff,891f99cdd6bffff,6547701840,6293459375,18.8683,0.00788,athlete
891f99cdd03ffff,891f99cdd6fffff,6547701840,1831777965,19.0047,0.006098,athlete
891f99cdd03ffff,891f99cdd73ffff,6547701840,9241485097,10.3889,0.469477,athlete
891f99cdd03ffff,891f99cdd77ffff,6547701840,4448818000,9.6053,0.530978,athlete
891f99cdd03ffff,891f99cdd7bffff,6547701840,7026396817,16.6197,0.068844,athlete
891f99cdd03ffff,891f99cdd83ffff,6547701840,6425221236,12.997,0.273217,athlete
891f99cdd03ffff,891f99cdd87ffff,6547701840,3857356857,14.7351,0.161462,athlete
891f99cdd03ffff,891f99cdd8bffff,6547701840,9860048758,10.0871,0.493157,athlete
891f99cdd03ffff,891f99cdd8fffff,6547701840,7010792148,8.6749,0.603327,athlete
891f99cdd03ffff,891f99cdd93ffff,6547701840,9487327105,18.6473,0.011245,athlete
891f99cdd03ffff,891f99cdd97ffff,6547701840,4456425432,18.1783,0.020331,athlete
891f99cdd03ffff,891f99cdd9bffff,6547701840,7007914585,15.3518,0.12746,athlete
891f99cdd03ffff,891f99cdda3ffff,6547701840,6567322295,15.5916,0.115167,athlete
891f99cdd03ffff,891f99cddabffff,6547701840,7279487455,8.8844,0.587174,athlete
891f99cdd03ffff,891f99cddafffff,6547701840,4942466112,14.6609,0.165773,athlete
891f99cdd03ffff,891f99cddb3ffff,6547701840,9101589210,16.2558,0.084014,athlete
891f99cdd03ffff,891f99cddb7ffff,6547701840,9101607422,19.0774,0.005241,athlete
891f99cdd03ffff,891f99cddbbffff,6547701840,2614749100,10.3272,0.47431,athlete
891f99cdd03ffff,891f99cddc3ffff,6547701840,6483857419,12.423,0.314258,athlete
891f99cdd03ffff,891f99cddc7ffff,6547701840,9860451546,8.4228,0.622606,athlete
891f99cdd03ffff,891f99cddcbffff,6547701840,4660007270,15.6369,0.112901,athlete
891f99cdd03ffff,891f99cddcfffff,6547701840,8428297023,12.0221,0.343839,athlete
891f99cdd03ffff,891f99cddd3ffff,6547701840,4898290839,16.4515,0.075681,athlete
891f99cdd03ffff,891f99cddd7ffff,6547701840,7008251083,13.1263,0.264212,athlete
891f99cdd03ffff,891f99cdddbffff,6547701840,31508111,17.6206,0.034518,athlete
891f99cdd07ffff,891f99cca53ffff,1889761004,9532073664,18.039,0.023533,athlete
891f99cdd07ffff,891f99cca5bffff,1889761004,6808340953,17.7699,0.030366,athlete
891f99cdd07ffff,891f99ccac3ffff,1889761004,9534410437,19.9209,3.9e-05,athlete
891f99cdd07ffff,891f99ccacbffff,1889761004,9621184875,16.9304,0.057005,athlete
891f99cdd07ffff,891f99ccad3ffff,1889761004,8922362824,18.3543,0.016614,athlete
891f99cdd07ffff,891f99ccadbffff,1889761004,2542799121,16.3952,0.078037,athlete
891f99cdd07ffff,891f99cce6bffff,1889761004,3857473458,18.2282,0.019241,athlete
891f99cdd07ffff,891f99cd993ffff,1889761004,9476330915,17.0362,0.053214,athlete
891f99cdd07ffff,891f99cd997ffff,1889761004,9620952677,19.9016,6e-05,athlete
891f99cdd07ffff,891f99cdd03ffff,1889761004,6547701840,7.5234,0.689641,athlete
891f99cdd07ffff,891f99cdd07ffff,1889761004,1889761004,0.4807,0.998575,athlete
891f99cdd07ffff,891f99cdd0bffff,1889761004,13289798704,11.9778,0.347151,athlete
891f99cdd07ffff,891f99cdd0fffff,1889761004,7013595399,7.2581,0.708748,athlete
891f99cdd07ffff,891f99cdd13ffff,1889761004,1931861768,13.1552,0.262215,athlete
891f99cdd07ffff,891f99cdd17ffff,1889761004,774074162,6.1968,0.781246,athlete
891f99cdd07ffff,891f99cdd1bffff,1889761004,1295220984,15.3968,0.12511,athlete
891f99cdd07ffff,891f99cdd23ffff,1889761004,6490328116,9.2707,0.557154,athlete
891f99cdd07ffff,891f99cdd27ffff,1889761004,6792684819,13.0139,0.272032,athlete
891f99cdd07ffff,891f99cdd2bffff,1889761004,9769034838,12.1125,0.337113,athlete
891f99cdd07ffff,891f99cdd2fffff,1889761004,9621093945,14.3499,0.184329,athlete
891f99cdd07ffff,891f99cdd33ffff,1889761004,6497354633,5.6494,0.815712,athlete
891f99cdd07ffff,891f99cdd37ffff,1889761004,9532724067,11.2043,0.405981,athlete
891f99cdd07ffff,891f99cdd3bffff,1889761004,7013785674,7.946,0.658536,athlete
891f99cdd07ffff,891f99cdd43ffff,1889761004,4912632765,19.0591,0.005451,athlete
891f99cdd07ffff,891f99cdd47ffff,1889761004,9487098556,16.3004,0.082081,athlete
891f99cdd07ffff,891f99cdd57ffff,1889761004,12006473820,15.5468,0.117423,athlete
891f99cdd07ffff,891f99cdd63ffff,1889761004,9474270025,15.458,0.121947,athlete
891f99cdd07ffff,891f99cdd67ffff,1889761004,10866880269,15.3443,0.127854,athlete
891f99cdd07ffff,891f99cdd6bffff,1889761004,6293459375,19.5658,0.001162,athlete
891f99cdd07ffff,891f99cdd6fffff,1889761004,1831777965,19.7023,0.000547,athlete
891f99cdd07ffff,891f99cdd73ffff,1889761004,9241485097,13.4084,0.244911,athlete
891f99cdd07ffff,891f99cdd77ffff,1889761004,4448818000,10.3029,0.476221,athlete
891f99cdd07ffff,891f99cdd83ffff,1889761004,6425221236,16.8987,0.058164,athlete
891f99cdd07ffff,891f99cdd87ffff,1889761004,3857356857,18.3642,0.016416,athlete
891f99cdd07ffff,891f99cdd8bffff,1889761004,9860048758,14.7719,0.15934,athlete
891f99cdd07ffff,891f99cdd8fffff,1889761004,7010792148,12.5766,0.303113,athlete
891f99cdd07ffff,891f99cdda3ffff,1889761004,6567322295,13.2274,0.257239,athlete
891f99cdd07ffff,891f99cdda7ffff,1889761004,8907627801,15.517,0.11893,athlete
891f99cdd07ffff,891f99cddabffff,1889761004,7279487455,5.7368,0.81036,athlete
891f99cdd07ffff,891f99cddafffff,1889761004,4942466112,9.633,0.52881,athlete
891f99cdd07ffff,891f99cddb3ffff,1889761004,9101589210,16.6862,0.066223,athlete
891f99cdd07ffff,891f99cddb7ffff,1889761004,9101607422,17.0389,0.053118,athlete
891f99cdd07ffff,891f99cddbbffff,1889761004,2614749100,10.9359,0.426756,athlete
891f99cdd07ffff,891f99cddc3ffff,1889761004,6483857419,18.4896,0.014006,athlete
891f99cdd07ffff,891f99cddc7ffff,1889761004,9860451546,14.4894,0.175908,athlete
891f99cdd07ffff,891f99cddcfffff,1889761004,8428297023,18.555,0.012824,athlete
891f99cdd07ffff,891f99cddd7ffff,1889761004,7008251083,18.631,0.011516,athlete
891f99cdd0bffff,891f99cc36fffff,13289798704,9860005625,18.8115,0.008688,athlete
891f99cdd0bffff,891f99cd897ffff,13289798704,9838588176,19.3792,0.002376,athlete
891f99cdd0bffff,891f99cd8a7ffff,13289798704,13595211527,17.8719,0.027676,athlete
891f99cdd0bffff,891f99cd8b3ffff,13289798704,9850454762,17.289,0.044653,athlete
891f99cdd0bffff,891f99cd8b7ffff,13289798704,12812222615,14.9692,0.148163,athlete
891f99cdd0bffff,891f99cd993ffff,13289798704,9476330915,18.3832,0.016038,athlete
891f99cdd0bffff,891f99cd99bffff,13289798704,6576315758,18.9336,0.006999,athlete
891f99cdd0bffff,891f99cd9d3ffff,13289798704,6306034549,18.7027,0.010345,athlete
891f99cdd0bffff,891f99cdc27ffff,13289798704,4889789431,15.5349,0.118024,athlete
891f99cdd0bffff,891f99cdc2fffff,13289798704,3735457859,18.8997,0.007449,athlete
891f99cdd0bffff,891f99cdc37ffff,13289798704,8177904261,19.5163,0.001442,athlete
891f99cdd0bffff,891f99cdd03ffff,13289798704,6547701840,5.4233,0.829279,athlete
891f99cdd0bffff,891f99cdd07ffff,13289798704,1889761004,12.1443,0.334753,athlete
891f99cdd0bffff,891f99cdd0bffff,13289798704,13289798704,0.8477,0.995574,athlete
891f99cdd0bffff,891f99cdd0fffff,13289798704,7013595399,6.5353,0.758878,athlete
891f99cdd0bffff,891f99cdd13ffff,13289798704,1931861768,10.4676,0.46331,athlete
891f99cdd0bffff,891f99cdd17ffff,13289798704,774074162,10.6649,0.44787,athlete
891f99cdd0bffff,891f99cdd1bffff,13289798704,1295220984,7.2737,0.707636,athlete
891f99cdd0bffff,891f99cdd23ffff,13289798704,6490328116,16.965,0.055752,athlete
891f99cdd0bffff,891f99cdd2bffff,13289798704,9769034838,13.1182,0.264771,athlete
891f99cdd0bffff,891f99cdd2fffff,13289798704,9621093945,17.087,0.051436,athlete
891f99cdd0bffff,891f99cdd33ffff,13289798704,6497354633,14.6776,0.164797,athlete
891f99cdd0bffff,891f99cdd37ffff,13289798704,9532724067,19.9343,2.7e-05,athlete
891f99cdd0bffff,891f99cdd3bffff,13289798704,7013785674,12.7291,0.292164,athlete
891f99cdd0bffff,891f99cdd43ffff,13289798704,4912632765,9.8949,0.508256,athlete
891f99cdd0bffff,891f99cdd47ffff,13289798704,9487098556,7.8709,0.66412,athlete
891f99cdd0bffff,891f99cdd4bffff,13289798704,7023815414,15.2766,0.131424,athlete
891f99cdd0bffff,891f99cdd4fffff,13289798704,27653866,12.9842,0.274108,athlete
891f99cdd0bffff,891f99cdd53ffff,13289798704,792050821,11.9656,0.348061,athlete
891f99cdd0bffff,891f99cdd57ffff,13289798704,12006473820,6.3826,0.769069,athlete
891f99cdd0bffff,891f99cdd5bffff,13289798704,7019773672,14.5648,0.171423,athlete
891f99cdd0bffff,891f99cdd63ffff,13289798704,9474270025,12.1546,0.333988,athlete
891f99cdd0bffff,891f99cdd67ffff,13289798704,10866880269,14.2375,0.191224,athlete
891f99cdd0bffff,891f99cdd6bffff,13289798704,6293459375,14.607,0.168933,athlete
891f99cdd0bffff,891f99cdd6fffff,13289798704,1831777965,16.9026,0.058023,athlete
891f99cdd0bffff,891f99cdd73ffff,13289798704,9241485097,5.8084,0.805932,athlete
891f99cdd0bffff,891f99cdd77ffff,13289798704,4448818000,8.8708,0.588224,athlete
891f99cdd0bffff,891f99cdd7bffff,13289798704,7026396817,12.2625,0.326023,athlete
891f99cdd0bffff,891f99cdd83ffff,13289798704,6425221236,16.3056,0.081856,athlete
891f99cdd0bffff,891f99cdd87ffff,13289798704,3857356857,19.608,0.000948,athlete
891f99cdd0bffff,891f99cdd8bffff,13289798704,9860048758,12.1705,0.332815,athlete
891f99cdd0bffff,891f99cdd8fffff,13289798704,7010792148,13.5478,0.235559,athlete
891f99cdd0bffff,891f99cdd9bffff,13289798704,7007914585,17.3961,0.041245,athlete
891f99cdd0bffff,891f99cddabffff,13289798704,7279487455,13.8088,0.218385,athlete
891f99cdd0bffff,891f99cddafffff,13289798704,4942466112,19.5853,0.00106,athlete
891f99cdd0bffff,891f99cddbbffff,13289798704,2614749100,15.2517,0.132748,athlete
891f99cdd0bffff,891f99cddc3ffff,13289798704,6483857419,13.9384,0.210034,athlete
891f99cdd0bffff,891f99cddc7ffff,13289798704,9860451546,9.9594,0.503191,athlete
891f99cdd0bffff,891f99cddcbffff,13289798704,4660007270,14.5384,0.172987,athlete
891f99cdd0bffff,891f99cddcfffff,13289798704,8428297023,10.9236,0.427713,athlete
891f99cdd0bffff,891f99cddd3ffff,13289798704,4898290839,17.9669,0.025281,athlete
891f99cdd0bffff,891f99cddd7ffff,13289798704,7008251083,14.9441,0.149565,athlete
891f99cdd0bffff,891f99cdddbffff,13289798704,31508111,18.4176,0.015366,athlete
891f99cdd0fffff,891f99cca53ffff,7013595399,9532073664,19.7802,0.000298,athlete
891f99cdd0fffff,891f99cca5bffff,7013595399,6808340953,17.0427,0.052984,athlete
891f99cdd0fffff,891f99cd8a7ffff,7013595399,13595211527,17.8513,0.02821,athlete
891f99cdd0fffff,891f99cd8b7ffff,7013595399,12812222615,15.8479,0.102629,athlete
891f99cdd0fffff,891f99cd983ffff,7013595399,9577976786,18.8593,0.008005,athlete
891f99cdd0fffff,891f99cd98bffff,7013595399,6276210975,19.9617,9e-06,athlete
891f99cdd0fffff,891f99cd993ffff,7013595399,9476330915,14.3601,0.183711,athlete
891f99cdd0fffff,891f99cd997ffff,7013595399,9620952677,18.35,0.016701,athlete
891f99cdd0fffff,891f99cd99bffff,7013595399,6576315758,15.2086,0.135053,athlete
891f99cdd0fffff,891f99cd9d3ffff,7013595399,6306034549,17.124,0.05016,athlete
891f99cdd0fffff,891f99cdc27ffff,7013595399,4889789431,19.231,0.003643,athlete
891f99cdd0fffff,891f99cdd03ffff,7013595399,6547701840,4.684,0.870661,athlete
891f99cdd0fffff,891f99cdd07ffff,7013595399,1889761004,6.1745,0.782697,athlete
891f99cdd0fffff,891f99cdd0bffff,7013595399,13289798704,5.2565,0.839025,athlete
891f99cdd0fffff,891f99cdd0fffff,7013595399,7013595399,0.29,0.999481,athlete
891f99cdd0fffff,891f99cdd13ffff,7013595399,1931861768,11.0664,0.41664,athlete
891f99cdd0fffff,891f99cdd17ffff,7013595399,774074162,9.3585,0.550296,athlete
891f99cdd0fffff,891f99cdd1bffff,7013595399,1295220984,10.9699,0.424121,athlete
891f99cdd0fffff,891f99cdd23ffff,7013595399,6490328116,10.9665,0.424382,athlete
891f99cdd0fffff,891f99cdd27ffff,7013595399,6792684819,14.7551,0.160306,athlete
891f99cdd0fffff,891f99cdd2bffff,7013595399,9769034838,8.7577,0.596953,athlete
891f99cdd0fffff,891f99cdd2fffff,7013595399,9621093945,12.7265,0.29235,athlete
891f99cdd0fffff,891f99cdd33ffff,7013595399,6497354633,8.6791,0.602999,athlete
891f99cdd0fffff,891f99cdd37ffff,7013595399,9532724067,13.9358,0.210199,athlete
891f99cdd0fffff,891f99cdd3bffff,7013595399,7013785674,6.7306,0.74564,athlete
891f99cdd0fffff,891f99cdd43ffff,7013595399,4912632765,13.767,0.221107,athlete
891f99cdd0fffff,891f99cdd47ffff,7013595399,9487098556,9.5791,0.533036,athlete
891f99cdd0fffff,891f99cdd4bffff,7013595399,7023815414,19.1487,0.004464,athlete
891f99cdd0fffff,891f99cdd4fffff,7013595399,27653866,15.9776,0.096528,athlete
891f99cdd0fffff,891f99cdd53ffff,7013595399,792050821,15.6618,0.11167,athlete
891f99cdd0fffff,891f99cdd57ffff,7013595399,12006473820,10.7914,0.438006,athlete
891f99cdd0fffff,891f99cdd5bffff,7013595399,7019773672,18.5192,0.013464,athlete
891f99cdd0fffff,891f99cdd63ffff,7013595399,9474270025,10.4344,0.46591,athlete
891f99cdd0fffff,891f99cdd67ffff,7013595399,10866880269,10.5125,0.459789,athlete
891f99cdd0fffff,891f99cdd6bffff,7013595399,6293459375,14.5422,0.172763,athlete
891f99cdd0fffff,891f99cdd6fffff,7013595399,1831777965,14.6786,0.164737,athlete
891f99cdd0fffff,891f99cdd73ffff,7013595399,9241485097,6.6871,0.748608,athlete
891f99cdd0fffff,891f99cdd77ffff,7013595399,4448818000,5.2793,0.837709,athlete
891f99cdd0fffff,891f99cdd7bffff,7013595399,7026396817,13.6239,0.230504,athlete
891f99cdd0fffff,891f99cdd83ffff,7013595399,6425221236,16.8133,0.061345,athlete
891f99cdd0fffff,891f99cdd87ffff,7013595399,3857356857,18.5514,0.012889,athlete
891f99cdd0fffff,891f99cdd8bffff,7013595399,9860048758,13.9511,0.209225,athlete
891f99cdd0fffff,891f99cdd8fffff,7013595399,7010792148,12.4912,0.309299,athlete
891f99cdd0fffff,891f99cdd9bffff,7013595399,7007914585,19.2157,0.003789,athlete
891f99cdd0fffff,891f99cdda3ffff,7013595399,6567322295,17.4792,0.038687,athlete
891f99cdd0fffff,891f99cdda7ffff,7013595399,8907627801,19.5651,0.001166,athlete
891f99cdd0fffff,891f99cddabffff,7013595399,7279487455,10.2525,0.480177,athlete
891f99cdd0fffff,891f99cddafffff,7013595399,4942466112,13.6811,0.226733,athlete
891f99cdd0fffff,891f99cddb3ffff,7013595399,9101589210,19.9234,3.6e-05,athlete
891f99cdd0fffff,891f99cddbbffff,7013595399,2614749100,13.9949,0.206432,athlete
891f99cdd0fffff,891f99cddc3ffff,7013595399,6483857419,16.4008,0.077803,athlete
891f99cdd0fffff,891f99cddc7ffff,7013595399,9860451546,12.4006,0.315893,athlete
891f99cdd0fffff,891f99cddcbffff,7013595399,4660007270,18.2346,0.019103,athlete
891f99cdd0fffff,891f99cddcfffff,7013595399,8428297023,14.6198,0.168182,athlete
891f99cdd0fffff,891f99cddd7ffff,7013595399,7008251083,16.9902,0.054845,athlete
891f99cdd13ffff,891f99cc363ffff,1931861768,10893867504,19.6394,0.000802,athlete
891f99cdd13ffff,891f99cc367ffff,1931861768,6454118264,15.5832,0.115584,athlete
891f99cdd13ffff,891f99cc36bffff,1931861768,31774655,19.3146,0.002895,athlete
891f99cdd13ffff,891f99cc36fffff,1931861768,9860005625,11.8685,0.355343,athlete
891f99cdd13ffff,891f99cc377ffff,1931861768,1408208713,18.6649,0.010956,athlete
891f99cdd13ffff,891f99cce4bffff,1931861768,3217982537,17.0506,0.052707,athlete
891f99cdd13ffff,891f99cdc27ffff,1931861768,4889789431,17.1458,0.049415,athlete
891f99cdd13ffff,891f99cdc37ffff,1931861768,8177904261,17.7718,0.030316,athlete
891f99cdd13ffff,891f99cdca7ffff,1931861768,31508518,17.4545,0.039441,athlete
891f99cdd13ffff,891f99cdcafffff,1931861768,395251657,19.433,0.001982,athlete
891f99cdd13ffff,891f99cdd03ffff,1931861768,6547701840,7.1416,0.717027,athlete
891f99cdd13ffff,891f99cdd07ffff,1931861768,1889761004,12.7513,0.290574,athlete
891f99cdd13ffff,891f99cdd0bffff,1931861768,13289798704,9.8107,0.514865,athlete
891f99cdd13ffff,891f99cdd0fffff,1931861768,7013595399,11.3054,0.398194,athlete
891f99cdd13ffff,891f99cdd13ffff,1931861768,1931861768,0.889,0.995133,athlete
891f99cdd13ffff,891f99cdd17ffff,1931861768,774074162,8.5204,0.615162,athlete
891f99cdd13ffff,891f99cdd1bffff,1931861768,1295220984,11.0207,0.420174,athlete
891f99cdd13ffff,891f99cdd23ffff,1931861768,6490328116,19.8301,0.000178,athlete
891f99cdd13ffff,891f99cdd2bffff,1931861768,9769034838,19.0191,0.005923,athlete
891f99cdd13ffff,891f99cdd33ffff,1931861768,6497354633,16.2088,0.086071,athlete
891f99cdd13ffff,891f99cdd3bffff,1931861768,7013785674,16.7258,0.064685,athlete
891f99cdd13ffff,891f99cdd43ffff,1931861768,4912632765,16.2816,0.082892,athlete
891f99cdd13ffff,891f99cdd47ffff,1931861768,9487098556,14.8306,0.15598,athlete
891f99cdd13ffff,891f99cdd4fffff,1931861768,27653866,19.371,0.002439,athlete
891f99cdd13ffff,891f99cdd53ffff,1931861768,792050821,14.5395,0.172923,athlete
891f99cdd13ffff,891f99cdd57ffff,1931861768,12006473820,11.4617,0.386206,athlete
891f99cdd13ffff,891f99cdd5bffff,1931861768,7019773672,19.9023,5.9e-05,athlete
891f99cdd13ffff,891f99cdd73ffff,1931861768,9241485097,14.7714,0.159367,athlete
891f99cdd13ffff,891f99cdd77ffff,1931861768,4448818000,15.5407,0.11773,athlete
891f99cdd13ffff,891f99cdd83ffff,1931861768,6425221236,7.8968,0.662197,athlete
891f99cdd13ffff,891f99cdd87ffff,1931861768,3857356857,13.4801,0.240082,athlete
891f99cdd13ffff,891f99cdd8bffff,1931861768,9860048758,4.9799,0.854666,athlete
891f99cdd13ffff,891f99cdd8fffff,1931861768,7010792148,7.1092,0.719322,athlete
891f99cdd13ffff,891f99cdd93ffff,1931861768,9487327105,13.6646,0.227819,athlete
891f99cdd13ffff,891f99cdd97ffff,1931861768,4456425432,13.6176,0.230924,athlete
891f99cdd13ffff,891f99cdd9bffff,1931861768,7007914585,10.2446,0.480794,athlete
891f99cdd13ffff,891f99cdda3ffff,1931861768,6567322295,17.7644,0.030514,athlete
891f99cdd13ffff,891f99cddabffff,1931861768,7279487455,12.3968,0.31617,athlete
891f99cdd13ffff,891f99cddafffff,1931861768,4942466112,18.3985,0.015739,athlete
891f99cdd13ffff,891f99cddb3ffff,1931861768,9101589210,15.7462,0.107526,athlete
891f99cdd13ffff,891f99cddbbffff,1931861768,2614749100,11.4446,0.387516,athlete
891f99cdd13ffff,891f99cddc3ffff,1931861768,6483857419,10.1117,0.491227,athlete
891f99cdd13ffff,891f99cddc7ffff,1931861768,9860451546,5.6676,0.814601,athlete
891f99cdd13ffff,891f99cddcbffff,1931861768,4660007270,13.5339,0.236484,athlete
891f99cdd13ffff,891f99cddcfffff,1931861768,8428297023,10.3836,0.46989,athlete
891f99cdd13ffff,891f99cddd3ffff,1931861768,4898290839,11.9509,0.349161,athlete
891f99cdd13ffff,891f99cddd7ffff,1931861768,7008251083,8.0191,0.653081,athlete
891f99cdd13ffff,891f99cdddbffff,1931861768,31508111,15.3093,0.129692,athlete
891f99cdd17ffff,891f99cc367ffff,774074162,6454118264,19.9102,5e-05,athlete
891f99cdd17ffff,891f99cc36fffff,774074162,9860005625,16.9697,0.055583,athlete
891f99cdd17ffff,891f99ccacbffff,774074162,9621184875,18.3363,0.016976,athlete
891f99cdd17ffff,891f99ccad3ffff,774074162,8922362824,19.7602,0.000355,athlete
891f99cdd17ffff,891f99ccadbffff,774074162,2542799121,17.8012,0.029528,athlete
891f99cdd17ffff,891f99cce4bffff,774074162,3217982537,14.7026,0.163345,athlete
891f99cdd17ffff,891f99cce4fffff,774074162,4843310476,17.4037,0.041009,athlete
891f99cdd17ffff,891f99cce6bffff,774074162,3857473458,19.6341,0.000826,athlete
891f99cdd17ffff,891f99cce7bffff,774074162,8992468945,18.8308,0.008408,athlete
891f99cdd17ffff,891f99cdd03ffff,774074162,6547701840,6.2071,0.780579,athlete
891f99cdd17ffff,891f99cdd07ffff,774074162,1889761004,7.218,0.711607,athlete
891f99cdd17ffff,891f99cdd0bffff,774074162,13289798704,11.1364,0.411219,athlete
891f99cdd17ffff,891f99cdd0fffff,774074162,7013595399,10.2585,0.479703,athlete
891f99cdd17ffff,891f99cdd13ffff,774074162,1931861768,9.7901,0.516482,athlete
891f99cdd17ffff,891f99cdd17ffff,774074162,774074162,0.3314,0.999323,athlete
891f99cdd17ffff,891f99cdd1bffff,774074162,1295220984,14.0805,0.201015,athlete
891f99cdd17ffff,891f99cdd23ffff,774074162,6490328116,13.7177,0.224328,athlete
891f99cdd17ffff,891f99cdd27ffff,774074162,6792684819,17.4609,0.039244,athlete
891f99cdd17ffff,891f99cdd2bffff,774074162,9769034838,16.5595,0.071257,athlete
891f99cdd17ffff,891f99cdd2fffff,774074162,9621093945,18.7969,0.008902,athlete
891f99cdd17ffff,891f99cdd33ffff,774074162,6497354633,9.855,0.51139,athlete
891f99cdd17ffff,891f99cdd37ffff,774074162,9532724067,15.4098,0.124436,athlete
891f99cdd17ffff,891f99cdd3bffff,774074162,7013785674,12.5756,0.303184,athlete
891f99cdd17ffff,891f99cdd43ffff,774074162,4912632765,17.7428,0.031101,athlete
891f99cdd17ffff,891f99cdd47ffff,774074162,9487098556,16.2784,0.083029,athlete
891f99cdd17ffff,891f99cdd53ffff,774074162,792050821,18.7724,0.009267,athlete
891f99cdd17ffff,891f99cdd57ffff,774074162,12006473820,14.2304,0.19166,athlete
891f99cdd17ffff,891f99cdd63ffff,774074162,9474270025,19.6353,0.00082,athlete
891f99cdd17ffff,891f99cdd67ffff,774074162,10866880269,19.7135,0.000506,athlete
891f99cdd17ffff,891f99cdd73ffff,774074162,9241485097,16.0772,0.091957,athlete
891f99cdd17ffff,891f99cdd77ffff,774074162,4448818000,14.4802,0.17646,athlete
891f99cdd17ffff,891f99cdd83ffff,774074162,6425221236,11.266,0.401224,athlete
891f99cdd17ffff,891f99cdd87ffff,774074162,3857356857,12.7314,0.291996,athlete
891f99cdd17ffff,891f99cdd8bffff,774074162,9860048758,9.1391,0.567407,athlete
891f99cdd17ffff,891f99cdd8fffff,774074162,7010792148,6.9439,0.730915,athlete
891f99cdd17ffff,891f99cdd93ffff,774074162,9487327105,16.9163,0.05752,athlete
891f99cdd17ffff,891f99cdd97ffff,774074162,4456425432,16.4473,0.075856,athlete
891f99cdd17ffff,891f99cdd9bffff,774074162,7007914585,14.5715,0.171024,athlete
891f99cdd17ffff,891f99cdda3ffff,774074162,6567322295,10.6772,0.446914,athlete
891f99cdd17ffff,891f99cdda7ffff,774074162,8907627801,16.923,0.057276,athlete
891f99cdd17ffff,891f99cddabffff,774074162,7279487455,5.0373,0.851477,athlete
891f99cdd17ffff,891f99cddafffff,774074162,4942466112,11.0389,0.418765,athlete
891f99cdd17ffff,891f99cddb3ffff,774074162,9101589210,12.4448,0.312673,athlete
891f99cdd17ffff,891f99cddb7ffff,774074162,9101607422,14.163,0.195845,athlete
891f99cdd17ffff,891f99cddbbffff,774074162,2614749100,6.5162,0.760161,athlete
891f99cdd17ffff,891f99cddc3ffff,774074162,6483857419,16.8941,0.058335,athlete
891f99cdd17ffff,891f99cddc7ffff,774074162,9860451546,12.2903,0.323976,athlete
891f99cdd17ffff,891f99cddcfffff,774074162,8428297023,16.9839,0.05507,athlete
891f99cdd17ffff,891f99cddd3ffff,774074162,4898290839,18.5736,0.012498,athlete
891f99cdd17ffff,891f99cddd7ffff,774074162,7008251083,14.2916,0.187895,athlete
891f99cdd1bffff,891f99cc36fffff,1295220984,9860005625,19.8325,0.000173,athlete
891f99cdd1bffff,891f99cd8b3ffff,1295220984,9850454762,19.4504,0.001862,athlete
891f99cdd1bffff,891f99cd8b7ffff,1295220984,12812222615,19.8224,0.000194,athlete
891f99cdd1bffff,891f99cdc27ffff,1295220984,4889789431,14.2635,0.18962,athlete
891f99cdd1bffff,891f99cdc2fffff,1295220984,3735457859,19.2764,0.003226,athlete
891f99cdd1bffff,891f99cdc37ffff,1295220984,8177904261,18.245,0.018879,athlete
891f99cdd1bffff,891f99cdd03ffff,1295220984,6547701840,9.1231,0.568657,athlete
891f99cdd1bffff,891f99cdd07ffff,1295220984,1889761004,15.844,0.102812,athlete
891f99cdd1bffff,891f99cdd0bffff,1295220984,13289798704,7.9174,0.660662,athlete
891f99cdd1bffff,891f99cdd0fffff,1295220984,7013595399,12.0917,0.338659,athlete
891f99cdd1bffff,891f99cdd13ffff,1295220984,1931861768,12.186,0.331663,athlete
891f99cdd1bffff,891f99cdd17ffff,1295220984,774074162,14.3647,0.18343,athlete
891f99cdd1bffff,891f99cdd1bffff,1295220984,1295220984,1.7201,0.981859,athlete
891f99cdd1bffff,891f99cdd2bffff,1295220984,9769034838,19.6454,0.000775,athlete
891f99cdd1bffff,891f99cdd33ffff,1295220984,6497354633,19.3015,0.003007,athlete
891f99cdd1bffff,891f99cdd3bffff,1295220984,7013785674,18.2854,0.018025,athlete
891f99cdd1bffff,891f99cdd43ffff,1295220984,4912632765,11.9844,0.346656,athlete
891f99cdd1bffff,891f99cdd47ffff,1295220984,9487098556,10.6052,0.452539,athlete
891f99cdd1bffff,891f99cdd4bffff,1295220984,7023815414,17.4379,0.039948,athlete
891f99cdd1bffff,891f99cdd4fffff,1295220984,27653866,15.1456,0.138454,athlete
891f99cdd1bffff,891f99cdd53ffff,1295220984,792050821,10.6943,0.445579,athlete
891f99cdd1bffff,891f99cdd57ffff,1295220984,12006473820,6.7804,0.742227,athlete
891f99cdd1bffff,891f99cdd5bffff,1295220984,7019773672,15.6635,0.111584,athlete
891f99cdd1bffff,891f99cdd63ffff,1295220984,9474270025,19.1903,0.004039,athlete
891f99cdd1bffff,891f99cdd6bffff,1295220984,6293459375,19.9671,7e-06,athlete
891f99cdd1bffff,891f99cdd73ffff,1295220984,9241485097,12.8782,0.281572,athlete
891f99cdd1bffff,891f99cdd77ffff,1295220984,4448818000,15.398,0.125049,athlete
891f99cdd1bffff,891f99cdd7bffff,1295220984,7026396817,17.2697,0.045284,athlete
891f99cdd1bffff,891f99cdd83ffff,1295220984,6425221236,18.0241,0.023891,athlete
891f99cdd1bffff,891f99cdd8bffff,1295220984,9860048758,13.1915,0.25971,athlete
891f99cdd1bffff,891f99cdd8fffff,1295220984,7010792148,15.5475,0.117387,athlete
891f99cdd1bffff,891f99cdd9bffff,1295220984,7007914585,18.4171,0.015377,athlete
891f99cdd1bffff,891f99cddabffff,1295220984,7279487455,17.5086,0.037803,athlete
891f99cdd1bffff,891f99cddbbffff,1295220984,2614749100,18.9368,0.006957,athlete
891f99cdd1bffff,891f99cddc3ffff,1295220984,6483857419,14.7355,0.161438,athlete
891f99cdd1bffff,891f99cddc7ffff,1295220984,9860451546,10.9804,0.423305,athlete
891f99cdd1bffff,891f99cddcbffff,1295220984,4660007270,13.2671,0.25452,athlete
891f99cdd1bffff,891f99cddcfffff,1295220984,8428297023,9.6523,0.527297,athlete
891f99cdd1bffff,891f99cddd3ffff,1295220984,4898290839,18.764,0.009394,athlete
891f99cdd1bffff,891f99cddd7ffff,1295220984,7008251083,15.9651,0.097109,athlete
891f99cdd1bffff,891f99cdddbffff,1295220984,31508111,17.1463,0.049399,athlete
891f99cdd23ffff,891f99cca43ffff,6490328116,513307586,14.0804,0.201023,athlete
891f99cdd23ffff,891f99cca4bffff,6490328116,9496536226,14.9715,0.148031,athlete
891f99cdd23ffff,891f99cca53ffff,6490328116,9532073664,9.7704,0.518026,athlete
891f99cdd23ffff,891f99cca5bffff,6490328116,6808340953,9.5013,0.539128,athlete
891f99cdd23ffff,891f99ccac3ffff,6490328116,9534410437,14.943,0.149627,athlete
891f99cdd23ffff,891f99ccacbffff,6490328116,9621184875,11.6044,0.375323,athlete
891f99cdd23ffff,891f99ccacfffff,6490328116,9548007944,14.3494,0.18436,athlete
891f99cdd23ffff,891f99ccad3ffff,6490328116,8922362824,16.0806,0.091801,athlete
891f99cdd23ffff,891f99ccad7ffff,6490328116,5497091057,19.685,0.000612,athlete
891f99cdd23ffff,891f99ccadbffff,6490328116,2542799121,12.3286,0.321161,athlete
891f99cdd23ffff,891f99cce6bffff,6490328116,3857473458,18.1303,0.02141,athlete
891f99cdd23ffff,891f99cd983ffff,6490328116,9577976786,13.6339,0.229842,athlete
891f99cdd23ffff,891f99cd987ffff,6490328116,9496019473,18.1432,0.021118,athlete
891f99cdd23ffff,891f99cd98bffff,6490328116,6276210975,16.0832,0.091686,athlete
891f99cdd23ffff,891f99cd98fffff,6490328116,9578034988,19.1707,0.004237,athlete
891f99cdd23ffff,891f99cd993ffff,6490328116,9476330915,8.9406,0.58282,athlete
891f99cdd23ffff,891f99cd997ffff,6490328116,9620952677,11.633,0.373145,athlete
891f99cdd23ffff,891f99cd99bffff,6490328116,6576315758,15.2764,0.131432,athlete
891f99cdd23ffff,891f99cdd03ffff,6490328116,6547701840,14.4777,0.176608,athlete
891f99cdd23ffff,891f99cdd07ffff,6490328116,1889761004,9.3963,0.547342,athlete
891f99cdd23ffff,891f99cdd0bffff,6490328116,13289798704,15.6627,0.111625,athlete
891f99cdd23ffff,891f99cdd0fffff,6490328116,7013595399,10.6962,0.445431,athlete
891f99cdd23ffff,891f99cdd17ffff,6490328116,774074162,12.813,0.286186,athlete
891f99cdd23ffff,891f99cdd23ffff,6490328116,6490328116,0.9567,0.994365,athlete
891f99cdd23ffff,891f99cdd27ffff,6490328116,6792684819,4.7453,0.867412,athlete
891f99cdd23ffff,891f99cdd2bffff,6490328116,9769034838,6.8554,0.737057,athlete
891f99cdd23ffff,891f99cdd2fffff,6490328116,9621093945,6.0813,0.788703,athlete
891f99cdd23ffff,891f99cdd33ffff,6490328116,6497354633,5.4002,0.830642,athlete
891f99cdd23ffff,891f99cdd37ffff,6490328116,9532724067,5.1341,0.84603,athlete
891f99cdd23ffff,891f99cdd3bffff,6490328116,7013785674,7.2781,0.707327,athlete
891f99cdd23ffff,891f99cdd47ffff,6490328116,9487098556,19.9852,1e-06,athlete
891f99cdd23ffff,891f99cdd63ffff,6490328116,9474270025,15.728,0.108412,athlete
891f99cdd23ffff,891f99cdd67ffff,6490328116,10866880269,11.9933,0.345988,athlete
891f99cdd23ffff,891f99cdd6bffff,6490328116,6293459375,19.8283,0.000182,athlete
891f99cdd23ffff,891f99cdd6fffff,6490328116,1831777965,18.812,0.008681,athlete
891f99cdd23ffff,891f99cdd73ffff,6490328116,9241485097,16.3945,0.078069,athlete
891f99cdd23ffff,891f99cdd77ffff,6490328116,4448818000,10.6649,0.447872,athlete
891f99cdd23ffff,891f99cdd8fffff,6490328116,7010792148,19.1928,0.004014,athlete
891f99cdd23ffff,891f99cdda3ffff,6490328116,6567322295,13.2602,0.254988,athlete
891f99cdd23ffff,891f99cdda7ffff,6490328116,8907627801,13.9489,0.209364,athlete
891f99cdd23ffff,891f99cddabffff,6490328116,7279487455,10.4859,0.461876,athlete
891f99cdd23ffff,891f99cddafffff,6490328116,4942466112,8.0648,0.649657,athlete
891f99cdd23ffff,891f99cddb3ffff,6490328116,9101589210,18.4949,0.013908,athlete
891f99cdd23ffff,891f99cddb7ffff,6490328116,9101607422,18.03,0.023748,athlete
891f99cdd23ffff,891f99cddbbffff,6490328116,2614749100,13.4988,0.238834,athlete
891f99cdd27ffff,891f99cca43ffff,6792684819,513307586,9.4519,0.542993,athlete
891f99cdd27ffff,891f99cca4bffff,6792684819,9496536226,11.0286,0.419566,athlete
891f99cdd27ffff,891f99cca53ffff,6792684819,9532073664,5.1273,0.846414,athlete
891f99cdd27ffff,891f99cca5bffff,6792684819,6808340953,5.3015,0.836416,athlete
891f99cdd27ffff,891f99ccac3ffff,6792684819,9534410437,11.4648,0.385967,athlete
891f99cdd27ffff,891f99ccacbffff,6792684819,9621184875,7.5799,0.685526,athlete
891f99cdd27ffff,891f99ccacfffff,6792684819,9548007944,9.7822,0.517106,athlete
891f99cdd27ffff,891f99ccad3ffff,6792684819,8922362824,13.7559,0.221827,athlete
891f99cdd27ffff,891f99ccad7ffff,6792684819,5497091057,16.2069,0.086157,athlete
891f99cdd27ffff,891f99ccadbffff,6792684819,2542799121,9.1886,0.563553,athlete
891f99cdd27ffff,891f99cce6bffff,6792684819,3857473458,18.9637,0.00661,athlete
891f99cdd27ffff,891f99cce6fffff,6792684819,9154957419,18.273,0.018285,athlete
891f99cdd27ffff,891f99cd983ffff,6792684819,9577976786,12.2099,0.329903,athlete
891f99cdd27ffff,891f99cd987ffff,6792684819,9496019473,14.2179,0.192438,athlete
891f99cdd27ffff,891f99cd98bffff,6792684819,6276210975,18.7497,0.009613,athlete
891f99cdd27ffff,891f99cd98fffff,6792684819,9578034988,17.0055,0.054299,athlete
891f99cdd27ffff,891f99cd993ffff,6792684819,9476330915,11.5763,0.377461,athlete
891f99cdd27ffff,891f99cd997ffff,6792684819,9620952677,8.6217,0.607407,athlete
891f99cdd27ffff,891f99cd99bffff,6792684819,6576315758,17.9569,0.025528,athlete
891f99cdd27ffff,891f99cd9b3ffff,6792684819,3693529476,16.8437,0.060204,athlete
891f99cdd27ffff,891f99cd9bbffff,6792684819,2571150096,18.4386,0.014964,athlete
891f99cdd27ffff,891f99cdd03ffff,6792684819,6547701840,19.0542,0.005508,athlete
891f99cdd27ffff,891f99cdd07ffff,6792684819,1889761004,13.9728,0.207839,athlete
891f99cdd27ffff,891f99cdd0fffff,6792684819,7013595399,15.2726,0.131634,athlete
891f99cdd27ffff,891f99cdd17ffff,6792684819,774074162,17.3895,0.041452,athlete
891f99cdd27ffff,891f99cdd23ffff,6792684819,6490328116,5.5784,0.820018,athlete
891f99cdd27ffff,891f99cdd27ffff,6792684819,6792684819,0.0953,0.999944,athlete
891f99cdd27ffff,891f99cdd2bffff,6792684819,9769034838,10.6189,0.451465,athlete
891f99cdd27ffff,891f99cdd2fffff,6792684819,9621093945,6.4329,0.765726,athlete
891f99cdd27ffff,891f99cdd33ffff,6792684819,6497354633,9.9767,0.50183,athlete
891f99cdd27ffff,891f99cdd37ffff,6792684819,9532724067,6.0863,0.788384,athlete
891f99cdd27ffff,891f99cdd3bffff,6792684819,7013785674,11.8545,0.356398,athlete
891f99cdd27ffff,891f99cdd63ffff,6792684819,9474270025,19.4916,0.001594,athlete
891f99cdd27ffff,891f99cdd67ffff,6792684819,10866880269,15.7569,0.107005,athlete
891f99cdd27ffff,891f99cdd77ffff,6792684819,4448818000,14.5053,0.174957,athlete
891f99cdd27ffff,891f99cdda3ffff,6792684819,6567322295,15.072,0.142472,athlete
891f99cdd27ffff,891f99cdda7ffff,6792684819,8907627801,14.9381,0.149901,athlete
891f99cdd27ffff,891f99cddabffff,6792684819,7279487455,15.0623,0.143001,athlete
891f99cdd27ffff,891f99cddafffff,6792684819,4942466112,11.4264,0.388909,athlete
891f99cdd27ffff,891f99cddb7ffff,6792684819,9101607422,19.4258,0.002033,athlete
891f99cdd27ffff,891f99cddbbffff,6792684819,2614749100,18.0317,0.023709,athlete
891f99cdd2bffff,891f99cca43ffff,9769034838,513307586,13.5391,0.23614,athlete
891f99cdd2bffff,891f99cca4bffff,9769034838,9496536226,13.7814,0.220171,athlete
891f99cdd2bffff,891f99cca53ffff,9769034838,9532073664,14.7738,0.159228,athlete
891f99cdd2bffff,891f99cca5bffff,9769034838,6808340953,8.7083,0.600759,athlete
891f99cdd2bffff,891f99ccacbffff,9769034838,9621184875,17.2349,0.046426,athlete
891f99cdd2bffff,891f99ccacfffff,9769034838,9548007944,19.4371,0.001953,athlete
891f99cdd2bffff,891f99ccadbffff,9769034838,2542799121,18.0014,0.024438,athlete
891f99cdd2bffff,891f99cd8a7ffff,9769034838,13595211527,17.2164,0.04704,athlete
891f99cdd2bffff,891f99cd8b7ffff,9769034838,12812222615,17.9626,0.025389,athlete
891f99cdd2bffff,891f99cd913ffff,9769034838,4228814167,18.3787,0.016127,athlete
891f99cdd2bffff,891f99cd983ffff,9769034838,9577976786,10.8633,0.4324,athlete
891f99cdd2bffff,891f99cd987ffff,9769034838,9496019473,15.637,0.112898,athlete
891f99cdd2bffff,891f99cd98bffff,9769034838,6276210975,13.0941,0.266445,athlete
891f99cdd2bffff,891f99cd98fffff,9769034838,9578034988,16.1816,0.087274,athlete
891f99cdd2bffff,891f99cd993ffff,9769034838,9476330915,6.2335,0.77886,athlete
891f99cdd2bffff,891f99cd997ffff,9769034838,9620952677,10.0155,0.49878,athlete
891f99cdd2bffff,891f99cd99bffff,9769034838,6576315758,9.3716,0.549275,athlete
891f99cdd2bffff,891f99cd9b3ffff,9769034838,3693529476,18.9438,0.006865,athlete
891f99cdd2bffff,891f99cd9bbffff,9769034838,2571150096,19.8577,0.000125,athlete
891f99cdd2bffff,891f99cd9c3ffff,9769034838,9853522590,18.9622,0.006629,athlete
891f99cdd2bffff,891f99cd9c7ffff,9769034838,7033787067,18.6343,0.011462,athlete
891f99cdd2bffff,891f99cd9d3ffff,9769034838,6306034549,16.4331,0.076448,athlete
891f99cdd2bffff,891f99cd9d7ffff,9769034838,6219063996,15.7071,0.109437,athlete
891f99cdd2bffff,891f99cdd03ffff,9769034838,6547701840,13.4076,0.244963,athlete
891f99cdd2bffff,891f99cdd07ffff,9769034838,1889761004,12.0484,0.341879,athlete
891f99cdd2bffff,891f99cdd0bffff,9769034838,13289798704,13.3869,0.246365,athlete
891f99cdd2bffff,891f99cdd0fffff,9769034838,7013595399,9.3271,0.552751,athlete
891f99cdd2bffff,891f99cdd13ffff,9769034838,1931861768,19.0942,0.005053,athlete
891f99cdd2bffff,891f99cdd17ffff,9769034838,774074162,15.4651,0.121583,athlete
891f99cdd2bffff,891f99cdd1bffff,9769034838,1295220984,19.1003,0.004985,athlete
891f99cdd2bffff,891f99cdd23ffff,9769034838,6490328116,6.6852,0.748736,athlete
891f99cdd2bffff,891f99cdd27ffff,9769034838,6792684819,9.7503,0.519607,athlete
891f99cdd2bffff,891f99cdd2bffff,9769034838,9769034838,0.4232,0.998895,athlete
891f99cdd2bffff,891f99cdd2fffff,9769034838,9621093945,4.392,0.885655,athlete
891f99cdd2bffff,891f99cdd33ffff,9769034838,6497354633,9.0958,0.570775,athlete
891f99cdd2bffff,891f99cdd37ffff,9769034838,9532724067,10.8068,0.436802,athlete
891f99cdd2bffff,891f99cdd3bffff,9769034838,7013785674,6.0896,0.78817,athlete
891f99cdd2bffff,891f99cdd47ffff,9769034838,9487098556,15.8218,0.103874,athlete
891f99cdd2bffff,891f99cdd4fffff,9769034838,27653866,19.6063,0.000956,athlete
891f99cdd2bffff,891f99cdd57ffff,9769034838,12006473820,17.8491,0.028266,athlete
891f99cdd2bffff,891f99cdd63ffff,9769034838,9474270025,9.807,0.515156,athlete
891f99cdd2bffff,891f99cdd67ffff,9769034838,10866880269,5.929,0.798387,athlete
891f99cdd2bffff,891f99cdd6bffff,9769034838,6293459375,13.9073,0.212031,athlete
891f99cdd2bffff,891f99cdd6fffff,9769034838,1831777965,12.7476,0.290842,athlete
891f99cdd2bffff,891f99cdd73ffff,9769034838,9241485097,11.6159,0.374449,athlete
891f99cdd2bffff,891f99cdd77ffff,9769034838,4448818000,4.8207,0.863367,athlete
891f99cdd2bffff,891f99cdd7bffff,9769034838,7026396817,16.171,0.087743,athlete
891f99cdd2bffff,891f99cdda3ffff,9769034838,6567322295,17.9969,0.024548,athlete
891f99cdd2bffff,891f99cdda7ffff,9769034838,8907627801,18.6855,0.01062,athlete
891f99cdd2bffff,891f99cddabffff,9769034838,7279487455,13.138,0.263403,athlete
891f99cdd2bffff,891f99cddafffff,9769034838,4942466112,12.8015,0.287004,athlete
891f99cdd2bffff,891f99cddbbffff,9769034838,2614749100,17.7461,0.031012,athlete
891f99cdd2fffff,891f99cca43ffff,9621093945,513307586,9.8091,0.514994,athlete
891f99cdd2fffff,891f99cca4bffff,9621093945,9496536226,10.0514,0.495966,athlete
891f99cdd2fffff,891f99cca53ffff,9621093945,9532073664,11.0442,0.418355,athlete
891f99cdd2fffff,891f99cca5bffff,9621093945,6808340953,4.9783,0.854759,athlete
891f99cdd2fffff,891f99ccac3ffff,9621093945,9534410437,17.4455,0.039716,athlete
891f99cdd2fffff,891f99ccacbffff,9621093945,9621184875,13.5606,0.234705,athlete
891f99cdd2fffff,891f99ccacfffff,9621093945,9548007944,15.7628,0.106719,athlete
891f99cdd2fffff,891f99ccad3ffff,9621093945,8922362824,19.7366,0.000428,athlete
891f99cdd2fffff,891f99ccadbffff,9621093945,2542799121,15.1693,0.137172,athlete
891f99cdd2fffff,891f99cd913ffff,9621093945,4228814167,17.1983,0.047643,athlete
891f99cdd2fffff,891f99cd917ffff,9621093945,9578034936,18.8831,0.007675,athlete
891f99cdd2fffff,891f99cd983ffff,9621093945,9577976786,8.375,0.626248,athlete
891f99cdd2fffff,891f99cd987ffff,9621093945,9496019473,12.8331,0.284764,athlete
891f99cdd2fffff,891f99cd98bffff,9621093945,6276210975,13.4772,0.240278,athlete
891f99cdd2fffff,891f99cd98fffff,9621093945,9578034988,13.7655,0.221203,athlete
891f99cdd2fffff,891f99cd993ffff,9621093945,9476330915,5.8838,0.801226,athlete
891f99cdd2fffff,891f99cd997ffff,9621093945,9620952677,6.2855,0.77546,athlete
891f99cdd2fffff,891f99cd99bffff,9621093945,6576315758,12.6845,0.295353,athlete
891f99cdd2fffff,891f99cd9abffff,9621093945,9496019444,19.8716,0.000102,athlete
891f99cdd2fffff,891f99cd9b3ffff,9621093945,3693529476,15.6793,0.110802,athlete
891f99cdd2fffff,891f99cd9bbffff,9621093945,2571150096,17.0538,0.052596,athlete
891f99cdd2fffff,891f99cd9c7ffff,9621093945,7033787067,19.0174,0.005944,athlete
891f99cdd2fffff,891f99cd9d7ffff,9621093945,6219063996,18.792,0.008975,athlete
891f99cdd2fffff,891f99cdd03ffff,9621093945,6547701840,18.5315,0.013243,athlete
891f99cdd2fffff,891f99cdd07ffff,9621093945,1889761004,14.8795,0.153202,athlete
891f99cdd2fffff,891f99cdd0bffff,9621093945,13289798704,18.5108,0.013618,athlete
891f99cdd2fffff,891f99cdd0fffff,9621093945,7013595399,14.451,0.178214,athlete
891f99cdd2fffff,891f99cdd17ffff,9621093945,774074162,18.2962,0.017801,athlete
891f99cdd2fffff,891f99cdd23ffff,9621093945,6490328116,6.4851,0.762246,athlete
891f99cdd2fffff,891f99cdd27ffff,9621093945,6792684819,6.076,0.789044,athlete
891f99cdd2fffff,891f99cdd2bffff,9621093945,9769034838,5.5471,0.821902,athlete
891f99cdd2fffff,891f99cdd2fffff,9621093945,9621093945,0.662,0.997299,athlete
891f99cdd2fffff,891f99cdd33ffff,9621093945,6497354633,10.8834,0.43084,athlete
891f99cdd2fffff,891f99cdd37ffff,9621093945,9532724067,8.344,0.628599,athlete
891f99cdd2fffff,891f99cdd3bffff,9621093945,7013785674,10.6827,0.446487,athlete
891f99cdd2fffff,891f99cdd63ffff,9621093945,9474270025,14.9309,0.150307,athlete
891f99cdd2fffff,891f99cdd67ffff,9621093945,10866880269,10.81,0.436557,athlete
891f99cdd2fffff,891f99cdd6bffff,9621093945,6293459375,19.0311,0.005779,athlete
891f99cdd2fffff,891f99cdd6fffff,9621093945,1831777965,16.8778,0.058936,athlete
891f99cdd2fffff,891f99cdd73ffff,9621093945,9241485097,16.7397,0.064147,athlete
891f99cdd2fffff,891f99cdd77ffff,9621093945,4448818000,9.9446,0.504351,athlete
891f99cdd2fffff,891f99cdda3ffff,9621093945,6567322295,18.6643,0.010966,athlete
891f99cdd2fffff,891f99cdda7ffff,9621093945,8907627801,18.873,0.007815,athlete
891f99cdd2fffff,891f99cddabffff,9621093945,7279487455,15.9691,0.096925,athlete
891f99cdd2fffff,891f99cddafffff,9621093945,4942466112,13.525,0.237078,athlete
891f99cdd2fffff,891f99cddbbffff,9621093945,2614749100,18.9589,0.006671,athlete
891f99cdd33ffff,891f99cca43ffff,6497354633,513307586,19.2105,0.00384,athlete
891f99cdd33ffff,891f99cca53ffff,6497354633,9532073664,14.9005,0.152015,athlete
891f99cdd33ffff,891f99cca5bffff,6497354633,6808340953,14.6314,0.1675,athlete
891f99cdd33ffff,891f99ccac3ffff,6497354633,9534410437,15.4247,0.123666,athlete
891f99cdd33ffff,891f99ccacbffff,6497354633,9621184875,12.3269,0.321288,athlete
891f99cdd33ffff,891f99ccacfffff,6497354633,9548007944,16.7141,0.065136,athlete
891f99cdd33ffff,891f99ccad3ffff,6497354633,8922362824,14.6637,0.165611,athlete
891f99cdd33ffff,891f99ccadbffff,6497354633,2542799121,12.6812,0.295588,athlete
891f99cdd33ffff,891f99cce4bffff,6497354633,3217982537,18.9039,0.007393,athlete
891f99cdd33ffff,891f99cce4fffff,6497354633,4843310476,18.8525,0.008101,athlete
891f99cdd33ffff,891f99cce6bffff,6497354633,3857473458,15.4628,0.1217,athlete
891f99cdd33ffff,891f99cce6fffff,6497354633,9154957419,19.2897,0.003109,athlete
891f99cdd33ffff,891f99cce7bffff,6497354633,8992468945,18.147,0.021031,athlete
891f99cdd33ffff,891f99cd983ffff,6497354633,9577976786,18.7763,0.009209,athlete
891f99cdd33ffff,891f99cd993ffff,6497354633,9476330915,13.9971,0.206293,athlete
891f99cdd33ffff,891f99cd997ffff,6497354633,9620952677,16.7631,0.06325,athlete
891f99cdd33ffff,891f99cd99bffff,6497354633,6576315758,18.8392,0.008289,athlete
891f99cdd33ffff,891f99cdd03ffff,6497354633,6547701840,11.588,0.376566,athlete
891f99cdd33ffff,891f99cdd07ffff,6497354633,1889761004,6.5066,0.760806,athlete
891f99cdd33ffff,891f99cdd0bffff,6497354633,13289798704,14.6704,0.165217,athlete
891f99cdd33ffff,891f99cdd0fffff,6497354633,7013595399,9.7039,0.523245,athlete
891f99cdd33ffff,891f99cdd13ffff,6497354633,1931861768,17.2198,0.046928,athlete
891f99cdd33ffff,891f99cdd17ffff,6497354633,774074162,9.9233,0.506023,athlete
891f99cdd33ffff,891f99cdd1bffff,6497354633,1295220984,19.4614,0.001788,athlete
891f99cdd33ffff,891f99cdd23ffff,6497354633,6490328116,6.1552,0.783946,athlete
891f99cdd33ffff,891f99cdd27ffff,6497354633,6792684819,9.8754,0.509788,athlete
891f99cdd33ffff,891f99cdd2bffff,6497354633,9769034838,10.2586,0.479698,athlete
891f99cdd33ffff,891f99cdd2fffff,6497354633,9621093945,11.2114,0.405432,athlete
891f99cdd33ffff,891f99cdd33ffff,6497354633,6497354633,0.9342,0.994627,athlete
891f99cdd33ffff,891f99cdd37ffff,6497354633,9532724067,7.1508,0.716376,athlete
891f99cdd33ffff,891f99cdd3bffff,6497354633,7013785674,7.6267,0.682108,athlete
891f99cdd33ffff,891f99cdd47ffff,6497354633,9487098556,18.993,0.006243,athlete
891f99cdd33ffff,891f99cdd57ffff,6497354633,12006473820,19.6114,0.000931,athlete
891f99cdd33ffff,891f99cdd63ffff,6497354633,9474270025,16.0465,0.093354,athlete
891f99cdd33ffff,891f99cdd67ffff,6497354633,10866880269,15.3965,0.125124,athlete
891f99cdd33ffff,891f99cdd73ffff,6497354633,9241485097,15.4022,0.12483,athlete
891f99cdd33ffff,891f99cdd77ffff,6497354633,4448818000,10.8914,0.430217,athlete
891f99cdd33ffff,891f99cdd83ffff,6497354633,6425221236,19.7695,0.000328,athlete
891f99cdd33ffff,891f99cdd87ffff,6497354633,3857356857,18.1549,0.020854,athlete
891f99cdd33ffff,891f99cdd8bffff,6497354633,9860048758,18.4983,0.013846,athlete
891f99cdd33ffff,891f99cdd8fffff,6497354633,7010792148,16.3031,0.081964,athlete
891f99cdd33ffff,891f99cdda3ffff,6497354633,6567322295,10.4621,0.463742,athlete
891f99cdd33ffff,891f99cdda7ffff,6497354633,8907627801,12.0651,0.340635,athlete
891f99cdd33ffff,891f99cddabffff,6497354633,7279487455,6.3863,0.76882,athlete
891f99cdd33ffff,891f99cddafffff,6497354633,4942466112,6.1811,0.782269,athlete
891f99cdd33ffff,891f99cddb3ffff,6497354633,9101589210,15.3312,0.12854,athlete
891f99cdd33ffff,891f99cddb7ffff,6497354633,9101607422,15.3626,0.126893,athlete
891f99cdd33ffff,891f99cddbbffff,6497354633,2614749100,10.0338,0.497344,athlete
891f99cdd33ffff,891f99cddc7ffff,6497354633,9860451546,18.554,0.012842,athlete
891f99cdd37ffff,891f99cca43ffff,9532724067,513307586,14.2301,0.191683,athlete
891f99cdd37ffff,891f99cca4bffff,9532724067,9496536226,15.3637,0.126838,athlete
891f99cdd37ffff,891f99cca53ffff,9532724067,9532073664,9.9054,0.507426,athlete
891f99cdd37ffff,891f99cca5bffff,9532724067,6808340953,9.8934,0.508371,athlete
891f99cdd37ffff,891f99ccac3ffff,9532724067,9534410437,11.6377,0.372789,athlete
891f99cdd37ffff,891f99ccacbffff,9532724067,9621184875,8.5399,0.613671,athlete
891f99cdd37ffff,891f99ccacfffff,9532724067,9548007944,11.3775,0.392652,athlete
891f99cdd37ffff,891f99ccad3ffff,9532724067,8922362824,13.4651,0.241092,athlete
891f99cdd37ffff,891f99ccad7ffff,9532724067,5497091057,16.3797,0.078691,athlete
891f99cdd37ffff,891f99ccadbffff,9532724067,2542799121,9.0233,0.576406,athlete
891f99cdd37ffff,891f99cce6bffff,9532724067,3857473458,16.8284,0.060775,athlete
891f99cdd37ffff,891f99cce6fffff,9532724067,9154957419,18.1437,0.021106,athlete
891f99cdd37ffff,891f99cce7bffff,9532724067,8992468945,19.5126,0.001465,athlete
891f99cdd37ffff,891f99cd983ffff,9532724067,9577976786,14.3542,0.184069,athlete
891f99cdd37ffff,891f99cd987ffff,9532724067,9496019473,18.5353,0.013176,athlete
891f99cdd37ffff,891f99cd98bffff,9532724067,6276210975,19.4276,0.002019,athlete
891f99cdd37ffff,891f99cd98fffff,9532724067,9578034988,19.7447,0.000402,athlete
891f99cdd37ffff,891f99cd993ffff,9532724067,9476330915,11.8342,0.357925,athlete
891f99cdd37ffff,891f99cd997ffff,9532724067,9620952677,12.0251,0.343614,athlete
891f99cdd37ffff,891f99cd99bffff,9532724067,6576315758,18.6349,0.011451,athlete
891f99cdd37ffff,891f99cdd03ffff,9532724067,6547701840,16.293,0.082397,athlete
891f99cdd37ffff,891f99cdd07ffff,9532724067,1889761004,11.2116,0.405411,athlete
891f99cdd37ffff,891f99cdd0bffff,9532724067,13289798704,18.8528,0.008097,athlete
891f99cdd37ffff,891f99cdd0fffff,9532724067,7013595399,13.8863,0.213379,athlete
891f99cdd37ffff,891f99cdd17ffff,9532724067,774074162,14.6283,0.167678,athlete
891f99cdd37ffff,891f99cdd23ffff,9532724067,6490328116,5.0191,0.85249,athlete
891f99cdd37ffff,891f99cdd27ffff,9532724067,6792684819,4.886,0.859827,athlete
891f99cdd37ffff,891f99cdd2bffff,9532724067,9769034838,10.82,0.435779,athlete
891f99cdd37ffff,891f99cdd2fffff,9532724067,9621093945,6.6807,0.749048,athlete
891f99cdd37ffff,891f99cdd33ffff,9532724067,6497354633,6.4361,0.765518,athlete
891f99cdd37ffff,891f99cdd37ffff,9532724067,9532724067,1.8143,0.979833,athlete
891f99cdd37ffff,891f99cdd3bffff,9532724067,7013785674,10.5595,0.456116,athlete
891f99cdd37ffff,891f99cdd63ffff,9532724067,9474270025,19.6926,0.000583,athlete
891f99cdd37ffff,891f99cdd67ffff,9532724067,10866880269,15.9579,0.097443,athlete
891f99cdd37ffff,891f99cdd73ffff,9532724067,9241485097,19.5846,0.001064,athlete
891f99cdd37ffff,891f99cdd77ffff,9532724067,4448818000,14.6584,0.165915,athlete
891f99cdd37ffff,891f99cdda3ffff,9532724067,6567322295,12.149,0.334403,athlete
891f99cdd37ffff,891f99cdda7ffff,9532724067,8907627801,12.3577,0.319029,athlete
891f99cdd37ffff,891f99cddabffff,9532724067,7279487455,10.9196,0.428023,athlete
891f99cdd37ffff,891f99cddafffff,9532724067,4942466112,8.3058,0.631496,athlete
891f99cdd37ffff,891f99cddb3ffff,9532724067,9101589210,17.2784,0.045,athlete
891f99cdd37ffff,891f99cddb7ffff,9532724067,9101607422,16.7282,0.06459,athlete
891f99cdd37ffff,891f99cddbbffff,9532724067,2614749100,13.8613,0.214992,athlete
891f99cdd3bffff,891f99cca43ffff,7013785674,513307586,18.5838,0.01232,athlete
891f99cdd3bffff,891f99cca4bffff,7013785674,9496536226,19.2979,0.003037,athlete
891f99cdd3bffff,891f99cca53ffff,7013785674,9532073664,15.8326,0.103361,athlete
891f99cdd3bffff,891f99cca5bffff,7013785674,6808340953,14.0047,0.205806,athlete
891f99cdd3bffff,891f99ccac3ffff,7013785674,9534410437,19.9577,1.1e-05,athlete
891f99cdd3bffff,891f99ccacbffff,7013785674,9621184875,16.8599,0.059599,athlete
891f99cdd3bffff,891f99ccacfffff,7013785674,9548007944,19.712,0.000511,athlete
891f99cdd3bffff,891f99ccadbffff,7013785674,2542799121,17.3433,0.042909,athlete
891f99cdd3bffff,891f99cd8a7ffff,7013785674,13595211527,18.4187,0.015345,athlete
891f99cdd3bffff,891f99cd8b7ffff,7013785674,12812222615,18.9869,0.006317,athlete
891f99cdd3bffff,891f99cd983ffff,7013785674,9577976786,16.3837,0.078523,athlete
891f99cdd3bffff,891f99cd98bffff,7013785674,6276210975,18.6145,0.011795,athlete
891f99cdd3bffff,891f99cd993ffff,7013785674,9476330915,11.7777,0.362185,athlete
891f99cdd3bffff,891f99cd997ffff,7013785674,9620952677,15.7544,0.107126,athlete
891f99cdd3bffff,891f99cd99bffff,7013785674,6576315758,14.7559,0.160257,athlete
891f99cdd3bffff,891f99cd9d3ffff,7013785674,6306034549,17.6914,0.032517,athlete
891f99cdd3bffff,891f99cdd03ffff,7013785674,6547701840,10.2313,0.48184,athlete
891f99cdd3bffff,891f99cdd07ffff,7013785674,1889761004,7.772,0.671439,athlete
891f99cdd3bffff,891f99cdd0bffff,7013785674,13289798704,11.2132,0.405293,athlete
891f99cdd3bffff,891f99cdd0fffff,7013785674,7013595399,6.2467,0.778,athlete
891f99cdd3bffff,891f99cdd13ffff,7013785674,1931861768,15.9178,0.099319,athlete
891f99cdd3bffff,891f99cdd17ffff,7013785674,774074162,11.473,0.385338,athlete
891f99cdd3bffff,891f99cdd1bffff,7013785674,1295220984,16.9265,0.057145,athlete
891f99cdd3bffff,891f99cdd23ffff,7013785674,6490328116,7.0188,0.725677,athlete
891f99cdd3bffff,891f99cdd27ffff,7013785674,6792684819,10.8074,0.436756,athlete
891f99cdd3bffff,891f99cdd2bffff,7013785674,9769034838,6.1754,0.782641,athlete
891f99cdd3bffff,891f99cdd2fffff,7013785674,9621093945,10.1309,0.489717,athlete
891f99cdd3bffff,891f99cdd33ffff,7013785674,6497354633,6.5353,0.758884,athlete
891f99cdd3bffff,891f99cdd37ffff,7013785674,9532724067,10.1488,0.488317,athlete
891f99cdd3bffff,891f99cdd3bffff,7013785674,7013785674,0.8185,0.995873,athlete
891f99cdd3bffff,891f99cdd43ffff,7013785674,4912632765,19.7237,0.000471,athlete
891f99cdd3bffff,891f99cdd47ffff,7013785674,9487098556,15.5357,0.11798,athlete
891f99cdd3bffff,891f99cdd4fffff,7013785674,27653866,19.6644,0.000695,athlete
891f99cdd3bffff,891f99cdd57ffff,7013785674,12006473820,16.748,0.063827,athlete
891f99cdd3bffff,891f99cdd63ffff,7013785674,9474270025,11.0018,0.421643,athlete
891f99cdd3bffff,891f99cdd67ffff,7013785674,10866880269,10.7543,0.440899,athlete
891f99cdd3bffff,891f99cdd6bffff,7013785674,6293459375,15.1096,0.140412,athlete
891f99cdd3bffff,891f99cdd6fffff,7013785674,1831777965,15.246,0.13305,athlete
891f99cdd3bffff,891f99cdd73ffff,7013785674,9241485097,11.7448,0.364676,athlete
891f99cdd3bffff,891f99cdd77ffff,7013785674,4448818000,5.8467,0.803549,athlete
891f99cdd3bffff,891f99cdd7bffff,7013785674,7026396817,16.9959,0.054644,athlete
891f99cdd3bffff,891f99cdd8bffff,7013785674,9860048758,18.8025,0.008819,athlete
891f99cdd3bffff,891f99cdd8fffff,7013785674,7010792148,17.2517,0.045872,athlete
891f99cdd3bffff,891f99cdda3ffff,7013785674,6567322295,15.7524,0.107225,athlete
891f99cdd3bffff,891f99cdda7ffff,7013785674,8907627801,17.6662,0.033222,athlete
891f99cdd3bffff,891f99cddabffff,7013785674,7279487455,9.859,0.51107,athlete
891f99cdd3bffff,891f99cddafffff,7013785674,4942466112,11.7822,0.361848,athlete
891f99cdd3bffff,891f99cddbbffff,7013785674,2614749100,14.6482,0.166515,athlete
891f99cdd3bffff,891f99cddc7ffff,7013785674,9860451546,17.2521,0.04586,athlete
891f99cdd43ffff,891f99cd817ffff,4912632765,7029324075,18.0049,0.024353,athlete
891f99cdd43ffff,891f99cd883ffff,4912632765,6438001453,14.2217,0.192201,athlete
891f99cdd43ffff,891f99cd887ffff,4912632765,2555399289,11.7986,0.360608,athlete
891f99cdd43ffff,891f99cd88bffff,4912632765,7032151748,18.6232,0.011647,athlete
891f99cdd43ffff,891f99cd88fffff,4912632765,6435816272,16.6672,0.066966,athlete
891f99cdd43ffff,891f99cd893ffff,4912632765,582942526,15.2114,0.134905,athlete
891f99cdd43ffff,891f99cd897ffff,4912632765,9838588176,9.7896,0.516524,athlete
891f99cdd43ffff,891f99cd8a3ffff,4912632765,3731973493,15.4534,0.122187,athlete
891f99cdd43ffff,891f99cd8a7ffff,4912632765,13595211527,15.5664,0.116433,athlete
891f99cdd43ffff,891f99cd8abffff,4912632765,29749460,17.8819,0.027421,athlete
891f99cdd43ffff,891f99cd8afffff,4912632765,562679457,18.9137,0.007261,athlete
891f99cdd43ffff,891f99cd8b3ffff,4912632765,9850454762,9.8031,0.515465,athlete
891f99cdd43ffff,891f99cd8b7ffff,4912632765,12812222615,10.5032,0.460523,athlete
891f99cdd43ffff,891f99cd8bbffff,4912632765,9582667284,14.9072,0.151637,athlete
891f99cdd43ffff,891f99cd9d3ffff,4912632765,6306034549,19.3428,0.002662,athlete
891f99cdd43ffff,891f99cdc23ffff,4912632765,6425661261,14.7855,0.158557,athlete
891f99cdd43ffff,891f99cdc27ffff,4912632765,4889789431,8.81,0.592915,athlete
891f99cdd43ffff,891f99cdc2bffff,4912632765,6462134755,14.7245,0.162071,athlete
891f99cdd43ffff,891f99cdc2fffff,4912632765,3735457859,10.2308,0.481876,athlete
891f99cdd43ffff,891f99cdc33ffff,4912632765,2935634141,17.8918,0.027165,athlete
891f99cdd43ffff,891f99cdc37ffff,4912632765,8177904261,13.4305,0.243418,athlete
891f99cdd43ffff,891f99cdc3bffff,4912632765,2678692516,18.736,0.009823,athlete
891f99cdd43ffff,891f99cdc77ffff,4912632765,1531554258,19.9172,4.2e-05,athlete
891f99cdd43ffff,891f99cdca7ffff,4912632765,31508518,17.0657,0.052177,athlete
891f99cdd43ffff,891f99cdcafffff,4912632765,395251657,17.7595,0.030647,athlete
891f99cdd43ffff,891f99cdd03ffff,4912632765,6547701840,12.6117,0.300584,athlete
891f99cdd43ffff,891f99cdd07ffff,4912632765,1889761004,19.3327,0.002744,athlete
891f99cdd43ffff,891f99cdd0bffff,4912632765,13289798704,10.432,0.466094,athlete
891f99cdd43ffff,891f99cdd0fffff,4912632765,7013595399,14.7688,0.159517,athlete
891f99cdd43ffff,891f99cdd13ffff,4912632765,1931861768,17.4408,0.039858,athlete
891f99cdd43ffff,891f99cdd17ffff,4912632765,774074162,17.8533,0.028158,athlete
891f99cdd43ffff,891f99cdd1bffff,4912632765,1295220984,11.7174,0.366746,athlete
891f99cdd43ffff,891f99cdd2bffff,4912632765,9769034838,19.2137,0.003809,athlete
891f99cdd43ffff,891f99cdd3bffff,4912632765,7013785674,19.7689,0.000329,athlete
891f99cdd43ffff,891f99cdd43ffff,4912632765,4912632765,0.1069,0.99993,athlete
891f99cdd43ffff,891f99cdd47ffff,4912632765,9487098556,5.9325,0.798164,athlete
891f99cdd43ffff,891f99cdd4bffff,4912632765,7023815414,6.7518,0.744189,athlete
891f99cdd43ffff,891f99cdd4fffff,4912632765,27653866,5.7809,0.807638,athlete
891f99cdd43ffff,891f99cdd53ffff,4912632765,792050821,7.0067,0.726523,athlete
891f99cdd43ffff,891f99cdd57ffff,4912632765,12006473820,6.3572,0.770743,athlete
891f99cdd43ffff,891f99cdd5bffff,4912632765,7019773672,5.8959,0.800468,athlete
891f99cdd43ffff,891f99cdd63ffff,4912632765,9474270025,16.9532,0.056176,athlete
891f99cdd43ffff,891f99cdd6bffff,4912632765,6293459375,14.3953,0.181575,athlete
891f99cdd43ffff,891f99cdd6fffff,4912632765,1831777965,18.7393,0.009772,athlete
891f99cdd43ffff,891f99cdd73ffff,4912632765,9241485097,11.5395,0.380264,athlete
891f99cdd43ffff,891f99cdd77ffff,4912632765,4448818000,14.9663,0.148323,athlete
891f99cdd43ffff,891f99cdd7bffff,4912632765,7026396817,9.7358,0.520748,athlete
891f99cdd43ffff,891f99cdd8bffff,4912632765,9860048758,18.8324,0.008386,athlete
891f99cdd43ffff,891f99cddc3ffff,4912632765,6483857419,11.8313,0.358148,athlete
891f99cdd43ffff,891f99cddc7ffff,4912632765,9860451546,14.4241,0.179833,athlete
891f99cdd43ffff,891f99cddcbffff,4912632765,4660007270,10.0359,0.497178,athlete
891f99cdd43ffff,891f99cddcfffff,4912632765,8428297023,9.4505,0.543103,athlete
891f99cdd43ffff,891f99cddd3ffff,4912632765,4898290839,15.8598,0.102062,athlete
891f99cdd43ffff,891f99cddd7ffff,4912632765,7008251083,17.8419,0.028456,athlete
891f99cdd43ffff,891f99cdddbffff,4912632765,31508111,13.9151,0.211527,athlete
891f99cdd47ffff,891f99cd883ffff,9487098556,6438001453,17.7624,0.030569,athlete
891f99cdd47ffff,891f99cd887ffff,9487098556,2555399289,14.598,0.169462,athlete
891f99cdd47ffff,891f99cd88fffff,9487098556,6435816272,19.7346,0.000434,athlete
891f99cdd47ffff,891f99cd893ffff,9487098556,582942526,19.3874,0.002313,athlete
891f99cdd47ffff,891f99cd897ffff,9487098556,9838588176,14.288,0.188115,athlete
891f99cdd47ffff,891f99cd8a3ffff,9487098556,3731973493,17.0482,0.052789,athlete
891f99cdd47ffff,891f99cd8a7ffff,9487098556,13595211527,14.6306,0.167547,athlete
891f99cdd47ffff,891f99cd8abffff,9487098556,29749460,19.4688,0.001739,athlete
891f99cdd47ffff,891f99cd8afffff,9487098556,562679457,19.2099,0.003846,athlete
891f99cdd47ffff,891f99cd8b3ffff,9487098556,9850454762,11.6727,0.370135,athlete
891f99cdd47ffff,891f99cd8b7ffff,9487098556,12812222615,10.6859,0.44623,athlete
891f99cdd47ffff,891f99cd8bbffff,9487098556,9582667284,17.6514,0.03364,athlete
891f99cdd47ffff,891f99cd993ffff,9487098556,9476330915,18.9087,0.007329,athlete
891f99cdd47ffff,891f99cd99bffff,9487098556,6576315758,18.0053,0.024342,athlete
891f99cdd47ffff,891f99cd9d3ffff,9487098556,6306034549,15.8372,0.103138,athlete
891f99cdd47ffff,891f99cdc23ffff,9487098556,6425661261,18.9615,0.006637,athlete
891f99cdd47ffff,891f99cdc27ffff,9487098556,4889789431,12.9807,0.274358,athlete
891f99cdd47ffff,891f99cdc2bffff,9487098556,6462134755,18.9006,0.007438,athlete
891f99cdd47ffff,891f99cdc2fffff,9487098556,3735457859,14.4068,0.180874,athlete
891f99cdd47ffff,891f99cdc37ffff,9487098556,8177904261,17.5699,0.035987,athlete
891f99cdd47ffff,891f99cdca7ffff,9487098556,31508518,19.6897,0.000594,athlete
891f99cdd47ffff,891f99cdd03ffff,9487098556,6547701840,10.4516,0.464562,athlete
891f99cdd47ffff,891f99cdd07ffff,9487098556,1889761004,14.8453,0.155143,athlete
891f99cdd47ffff,891f99cdd0bffff,9487098556,13289798704,7.6686,0.679044,athlete
891f99cdd47ffff,891f99cdd0fffff,9487098556,7013595399,9.1987,0.562765,athlete
891f99cdd47ffff,891f99cdd13ffff,9487098556,1931861768,15.2976,0.13031,athlete
891f99cdd47ffff,891f99cdd17ffff,9487098556,774074162,15.6932,0.110118,athlete
891f99cdd47ffff,891f99cdd1bffff,9487098556,1295220984,9.5742,0.533419,athlete
891f99cdd47ffff,891f99cdd23ffff,9487098556,6490328116,18.9622,0.006629,athlete
891f99cdd47ffff,891f99cdd2bffff,9487098556,9769034838,13.6437,0.229197,athlete
891f99cdd47ffff,891f99cdd2fffff,9487098556,9621093945,17.6125,0.034752,athlete
891f99cdd47ffff,891f99cdd33ffff,9487098556,6497354633,16.6964,0.065826,athlete
891f99cdd47ffff,891f99cdd3bffff,9487098556,7013785674,14.1989,0.193617,athlete
891f99cdd47ffff,891f99cdd43ffff,9487098556,4912632765,5.0152,0.852711,athlete
891f99cdd47ffff,891f99cdd47ffff,9487098556,9487098556,0.1712,0.999819,athlete
891f99cdd47ffff,891f99cdd4bffff,9487098556,7023815414,10.1854,0.485439,athlete
891f99cdd47ffff,891f99cdd4fffff,9487098556,27653866,7.0103,0.726274,athlete
891f99cdd47ffff,891f99cdd53ffff,9487098556,792050821,9.9269,0.505743,athlete
891f99cdd47ffff,891f99cdd57ffff,9487098556,12006473820,4.3868,0.885915,athlete
891f99cdd47ffff,891f99cdd5bffff,9487098556,7019773672,10.0719,0.494351,athlete
891f99cdd47ffff,891f99cdd63ffff,9487098556,9474270025,11.8934,0.353473,athlete
891f99cdd47ffff,891f99cdd67ffff,9487098556,10866880269,14.763,0.159853,athlete
891f99cdd47ffff,891f99cdd6bffff,9487098556,6293459375,11.3656,0.393565,athlete
891f99cdd47ffff,891f99cdd6fffff,9487098556,1831777965,14.5635,0.171502,athlete
891f99cdd47ffff,891f99cdd73ffff,9487098556,9241485097,5.9504,0.797034,athlete
891f99cdd47ffff,891f99cdd77ffff,9487098556,4448818000,9.3962,0.547348,athlete
891f99cdd47ffff,891f99cdd7bffff,9487098556,7026396817,7.4003,0.69855,athlete
891f99cdd47ffff,891f99cdd8bffff,9487098556,9860048758,16.6892,0.066105,athlete
891f99cdd47ffff,891f99cdd8fffff,9487098556,7010792148,18.5249,0.013362,athlete
891f99cdd47ffff,891f99cdd9bffff,9487098556,7007914585,19.6242,0.000871,athlete
891f99cdd47ffff,891f99cddabffff,9487098556,7279487455,18.8371,0.008319,athlete
891f99cdd47ffff,891f99cddc3ffff,9487098556,6483857419,14.1283,0.198012,athlete
891f99cdd47ffff,891f99cddc7ffff,9487098556,9860451546,12.804,0.286828,athlete
891f99cdd47ffff,891f99cddcbffff,9487098556,4660007270,12.6599,0.297114,athlete
891f99cdd47ffff,891f99cddcfffff,9487098556,8428297023,9.2808,0.556368,athlete
891f99cdd47ffff,891f99cddd3ffff,9487098556,4898290839,18.1569,0.020809,athlete
891f99cdd47ffff,891f99cddd7ffff,9487098556,7008251083,16.3475,0.080059,athlete
891f99cdd47ffff,891f99cdddbffff,9487098556,31508111,16.5391,0.072082,athlete
891f99cdd4bffff,891f99cd803ffff,7023815414,4554612512,19.2746,0.003243,athlete
891f99cdd4bffff,891f99cd807ffff,7023815414,6539316791,17.3824,0.041673,athlete
891f99cdd4bffff,891f99cd813ffff,7023815414,7033480699,15.4506,0.122329,athlete
891f99cdd4bffff,891f99cd817ffff,7023815414,7029324075,12.8879,0.280882,athlete
891f99cdd4bffff,891f99cd883ffff,7023815414,6438001453,8.0695,0.649311,athlete
891f99cdd4bffff,891f99cd887ffff,7023815414,2555399289,5.6124,0.81796,athlete
891f99cdd4bffff,891f99cd88bffff,7023815414,7032151748,12.4709,0.310768,athlete
891f99cdd4bffff,891f99cd88fffff,7023815414,6435816272,10.515,0.459599,athlete
891f99cdd4bffff,891f99cd893ffff,7023815414,582942526,13.3506,0.248829,athlete
891f99cdd4bffff,891f99cd897ffff,7023815414,9838588176,6.2386,0.778531,athlete
891f99cdd4bffff,891f99cd89bffff,7023815414,9857622044,14.6991,0.163545,athlete
891f99cdd4bffff,891f99cd8a3ffff,7023815414,3731973493,12.0168,0.34424,athlete
891f99cdd4bffff,891f99cd8a7ffff,7023815414,13595211527,14.147,0.196844,athlete
891f99cdd4bffff,891f99cd8abffff,7023815414,29749460,14.4109,0.180631,athlete
891f99cdd4bffff,891f99cd8afffff,7023815414,562679457,16.3711,0.079057,athlete
891f99cdd4bffff,891f99cd8b3ffff,7023815414,9850454762,7.7662,0.671866,athlete
891f99cdd4bffff,891f99cd8b7ffff,7023815414,12812222615,9.5786,0.533074,athlete
891f99cdd4bffff,891f99cd8bbffff,7023815414,9582667284,9.7903,0.516469,athlete
891f99cdd4bffff,891f99cd8c3ffff,7023815414,10095613635,19.8865,8e-05,athlete
891f99cdd4bffff,891f99cd8c7ffff,7023815414,6512705470,19.3935,0.002268,athlete
891f99cdd4bffff,891f99cd8d7ffff,7023815414,2942352020,17.0125,0.054053,athlete
891f99cdd4bffff,891f99cd9d3ffff,7023815414,6306034549,19.4194,0.002078,athlete
891f99cdd4bffff,891f99cd9dbffff,7023815414,6251697193,18.7848,0.009081,athlete
891f99cdd4bffff,891f99cdc23ffff,7023815414,6425661261,14.7057,0.163164,athlete
891f99cdd4bffff,891f99cdc27ffff,7023815414,4889789431,10.5333,0.458166,athlete
891f99cdd4bffff,891f99cdc2bffff,7023815414,6462134755,14.6447,0.166719,athlete
891f99cdd4bffff,891f99cdc2fffff,7023815414,3735457859,10.0897,0.492954,athlete
891f99cdd4bffff,891f99cdc33ffff,7023815414,2935634141,17.9163,0.026544,athlete
891f99cdd4bffff,891f99cdc37ffff,7023815414,8177904261,15.264,0.132091,athlete
891f99cdd4bffff,891f99cdc3bffff,7023815414,2678692516,18.6561,0.011099,athlete
891f99cdd4bffff,891f99cdc67ffff,7023815414,3178411584,17.4728,0.038881,athlete
891f99cdd4bffff,891f99cdc6fffff,7023815414,2588305417,17.2798,0.044952,athlete
891f99cdd4bffff,891f99cdc77ffff,7023815414,1531554258,18.2968,0.017788,athlete
891f99cdd4bffff,891f99cdcafffff,7023815414,395251657,19.593,0.001022,athlete
891f99cdd4bffff,891f99cdd03ffff,7023815414,6547701840,18.6857,0.010618,athlete
891f99cdd4bffff,891f99cdd0bffff,7023815414,13289798704,16.506,0.073434,athlete
891f99cdd4bffff,891f99cdd1bffff,7023815414,1295220984,17.7914,0.02979,athlete
891f99cdd4bffff,891f99cdd43ffff,7023815414,4912632765,6.9832,0.728168,athlete
891f99cdd4bffff,891f99cdd47ffff,7023815414,9487098556,11.8268,0.358482,athlete
891f99cdd4bffff,891f99cdd4bffff,7023815414,7023815414,0.4925,0.998504,athlete
891f99cdd4bffff,891f99cdd4fffff,7023815414,27653866,6.6584,0.750562,athlete
891f99cdd4bffff,891f99cdd53ffff,7023815414,792050821,11.9063,0.352506,athlete
891f99cdd4bffff,891f99cdd57ffff,7023815414,12006473820,12.4312,0.31366,athlete
891f99cdd4bffff,891f99cdd5bffff,7023815414,7019773672,5.8299,0.804596,athlete
891f99cdd4bffff,891f99cdd63ffff,7023815414,9474270025,17.7923,0.029765,athlete
891f99cdd4bffff,891f99cdd6bffff,7023815414,6293459375,14.9058,0.151715,athlete
891f99cdd4bffff,891f99cdd6fffff,7023815414,1831777965,19.2499,0.003467,athlete
891f99cdd4bffff,891f99cdd73ffff,7023815414,9241485097,15.8275,0.103603,athlete
891f99cdd4bffff,891f99cdd77ffff,7023815414,4448818000,19.7645,0.000342,athlete
891f99cdd4bffff,891f99cdd7bffff,7023815414,7026396817,11.6029,0.375431,athlete
891f99cdd4bffff,891f99cddc3ffff,7023815414,6483857419,18.3168,0.017376,athlete
891f99cdd4bffff,891f99cddcbffff,7023815414,4660007270,15.0453,0.143941,athlete
891f99cdd4bffff,891f99cddcfffff,7023815414,8428297023,15.936,0.098466,athlete
891f99cdd4bffff,891f99cdddbffff,7023815414,31508111,18.9245,0.007119,athlete
891f99cdd4fffff,891f99cd807ffff,27653866,6539316791,16.97,0.05557,athlete
891f99cdd4fffff,891f99cd813ffff,27653866,7033480699,19.7538,0.000374,athlete
891f99cdd4fffff,891f99cd817ffff,27653866,7029324075,15.5278,0.118382,athlete
891f99cdd4fffff,891f99cd833ffff,27653866,2902864074,19.5348,0.001334,athlete
891f99cdd4fffff,891f99cd837ffff,27653866,9496654074,17.873,0.027648,athlete
891f99cdd4fffff,891f99cd883ffff,27653866,6438001453,12.9071,0.279526,athlete
891f99cdd4fffff,891f99cd887ffff,27653866,2555399289,9.5762,0.533264,athlete
891f99cdd4fffff,891f99cd88bffff,27653866,7032151748,17.3086,0.04402,athlete
891f99cdd4fffff,891f99cd88fffff,27653866,6435816272,14.513,0.1745,athlete
891f99cdd4fffff,891f99cd893ffff,27653866,582942526,18.482,0.014148,athlete
891f99cdd4fffff,891f99cd897ffff,27653866,9838588176,11.37,0.393231,athlete
891f99cdd4fffff,891f99cd89bffff,27653866,9857622044,19.5368,0.001323,athlete
891f99cdd4fffff,891f99cd8a3ffff,27653866,3731973493,11.2006,0.406266,athlete
891f99cdd4fffff,891f99cd8a7ffff,27653866,13595211527,10.3759,0.470493,athlete
891f99cdd4fffff,891f99cd8abffff,27653866,29749460,13.6211,0.230686,athlete
891f99cdd4fffff,891f99cd8afffff,27653866,562679457,13.7306,0.223481,athlete
891f99cdd4fffff,891f99cd8b3ffff,27653866,9850454762,5.825,0.804901,athlete
891f99cdd4fffff,891f99cd8b7ffff,27653866,12812222615,5.2067,0.84189,athlete
891f99cdd4fffff,891f99cd8bbffff,27653866,9582667284,11.8037,0.360222,athlete
891f99cdd4fffff,891f99cd99bffff,27653866,6576315758,17.4414,0.039842,athlete
891f99cdd4fffff,891f99cd9cbffff,27653866,6274583816,18.8737,0.007804,athlete
891f99cdd4fffff,891f99cd9d3ffff,27653866,6306034549,14.2189,0.192377,athlete
891f99cdd4fffff,891f99cd9d7ffff,27653866,6219063996,19.0526,0.005527,athlete
891f99cdd4fffff,891f99cd9dbffff,27653866,6251697193,15.0211,0.145278,athlete
891f99cdd4fffff,891f99cdc23ffff,27653866,6425661261,18.6623,0.010997,athlete
891f99cdd4fffff,891f99cdc27ffff,27653866,4889789431,13.0281,0.27104,athlete
891f99cdd4fffff,891f99cdc2bffff,27653866,6462134755,18.6013,0.012019,athlete
891f99cdd4fffff,891f99cdc2fffff,27653866,3735457859,14.1076,0.199312,athlete
891f99cdd4fffff,891f99cdc37ffff,27653866,8177904261,17.6486,0.03372,athlete
891f99cdd4fffff,891f99cdd03ffff,27653866,6547701840,15.4518,0.122266,athlete
891f99cdd4fffff,891f99cdd0bffff,27653866,13289798704,13.2721,0.254174,athlete
891f99cdd4fffff,891f99cdd0fffff,27653866,7013595399,15.6492,0.11229,athlete
891f99cdd4fffff,891f99cdd1bffff,27653866,1295220984,14.5575,0.171855,athlete
891f99cdd4fffff,891f99cdd2bffff,27653866,9769034838,17.7209,0.0317,athlete
891f99cdd4fffff,891f99cdd3bffff,27653866,7013785674,18.2761,0.01822,athlete
891f99cdd4fffff,891f99cdd43ffff,27653866,4912632765,5.1411,0.845629,athlete
891f99cdd4fffff,891f99cdd47ffff,27653866,9487098556,7.1061,0.719542,athlete
891f99cdd4fffff,891f99cdd4bffff,27653866,7023815414,6.3326,0.772365,athlete
891f99cdd4fffff,891f99cdd4fffff,27653866,27653866,0.3673,0.999168,athlete
891f99cdd4fffff,891f99cdd53ffff,27653866,792050821,11.4434,0.387605,athlete
891f99cdd4fffff,891f99cdd57ffff,27653866,12006473820,9.1973,0.562873,athlete
891f99cdd4fffff,891f99cdd5bffff,27653866,7019773672,9.7727,0.517849,athlete
891f99cdd4fffff,891f99cdd63ffff,27653866,9474270025,12.1578,0.333752,athlete
891f99cdd4fffff,891f99cdd67ffff,27653866,10866880269,16.5544,0.071464,athlete
891f99cdd4fffff,891f99cdd6bffff,27653866,6293459375,9.2713,0.557104,athlete
891f99cdd4fffff,891f99cdd6fffff,27653866,1831777965,13.6154,0.231067,athlete
891f99cdd4fffff,891f99cdd73ffff,27653866,9241485097,9.5364,0.536378,athlete
891f99cdd4fffff,891f99cdd77ffff,27653866,4448818000,13.4735,0.24053,athlete
891f99cdd4fffff,891f99cdd7bffff,27653866,7026396817,5.3119,0.835816,athlete
891f99cdd4fffff,891f99cddc3ffff,27653866,6483857419,16.6957,0.06585,athlete
891f99cdd4fffff,891f99cddc7ffff,27653866,9860451546,17.6145,0.034694,athlete
891f99cdd4fffff,891f99cddcbffff,27653866,4660007270,14.7522,0.160473,athlete
891f99cdd4fffff,891f99cddcfffff,27653866,8428297023,14.0913,0.200338,athlete
891f99cdd4fffff,891f99cdddbffff,27653866,31508111,18.6314,0.01151,athlete
891f99cdd53ffff,891f99cc36fffff,792050821,9860005625,17.6477,0.033745,athlete
891f99cdd53ffff,891f99cd883ffff,792050821,6438001453,18.5198,0.013454,athlete
891f99cdd53ffff,891f99cd887ffff,792050821,2555399289,17.081,0.051646,athlete
891f99cdd53ffff,891f99cd893ffff,792050821,582942526,15.9142,0.099489,athlete
891f99cdd53ffff,891f99cd897ffff,792050821,9838588176,12.813,0.286184,athlete
891f99cdd53ffff,891f99cd8b3ffff,792050821,9850454762,15.3289,0.128662,athlete
891f99cdd53ffff,891f99cd8b7ffff,792050821,12812222615,16.2022,0.086364,athlete
891f99cdd53ffff,891f99cdc23ffff,792050821,6425661261,12.9509,0.276451,athlete
891f99cdd53ffff,891f99cdc27ffff,792050821,4889789431,5.9207,0.798906,athlete
891f99cdd53ffff,891f99cdc2bffff,792050821,6462134755,15.2583,0.132396,athlete
891f99cdd53ffff,891f99cdc2fffff,792050821,3735457859,10.9336,0.426934,athlete
891f99cdd53ffff,891f99cdc33ffff,792050821,2935634141,15.5656,0.116473,athlete
891f99cdd53ffff,891f99cdc37ffff,792050821,8177904261,10.0692,0.494562,athlete
891f99cdd53ffff,891f99cdc3bffff,792050821,2678692516,18.2103,0.019629,athlete
891f99cdd53ffff,891f99cdca3ffff,792050821,9212595025,19.0561,0.005486,athlete
891f99cdd53ffff,891f99cdca7ffff,792050821,31508518,13.7564,0.221799,athlete
891f99cdd53ffff,891f99cdcafffff,792050821,395251657,14.3982,0.181398,athlete
891f99cdd53ffff,891f99cdcb7ffff,792050821,6451403576,19.7229,0.000474,athlete
891f99cdd53ffff,891f99cdd03ffff,792050821,6547701840,13.9336,0.210344,athlete
891f99cdd53ffff,891f99cdd0bffff,792050821,13289798704,12.6856,0.295276,athlete
891f99cdd53ffff,891f99cdd0fffff,792050821,7013595399,16.9022,0.058036,athlete
891f99cdd53ffff,891f99cdd13ffff,792050821,1931861768,16.046,0.09338,athlete
891f99cdd53ffff,891f99cdd17ffff,792050821,774074162,19.1752,0.004191,athlete
891f99cdd53ffff,891f99cdd1bffff,792050821,1295220984,10.9399,0.426449,athlete
891f99cdd53ffff,891f99cdd43ffff,792050821,4912632765,7.0932,0.720451,athlete
891f99cdd53ffff,891f99cdd47ffff,792050821,9487098556,10.6989,0.445215,athlete
891f99cdd53ffff,891f99cdd4bffff,792050821,7023815414,12.1532,0.33409,athlete
891f99cdd53ffff,891f99cdd4fffff,792050821,27653866,11.4799,0.384813,athlete
891f99cdd53ffff,891f99cdd53ffff,792050821,792050821,0.4381,0.998817,athlete
891f99cdd53ffff,891f99cdd57ffff,792050821,12006473820,6.7702,0.742924,athlete
891f99cdd53ffff,891f99cdd5bffff,792050821,7019773672,7.7143,0.675689,athlete
891f99cdd53ffff,891f99cdd73ffff,792050821,9241485097,15.2547,0.132588,athlete
891f99cdd53ffff,891f99cdd77ffff,792050821,4448818000,18.6697,0.010877,athlete
891f99cdd53ffff,891f99cdd7bffff,792050821,7026396817,15.4348,0.123145,athlete
891f99cdd53ffff,891f99cdd8bffff,792050821,9860048758,16.3485,0.080015,athlete
891f99cdd53ffff,891f99cdd9bffff,792050821,7007914585,18.4179,0.015361,athlete
891f99cdd53ffff,891f99cddc3ffff,792050821,6483857419,9.1073,0.56988,athlete
891f99cdd53ffff,891f99cddc7ffff,792050821,9860451546,11.7235,0.366287,athlete
891f99cdd53ffff,891f99cddcbffff,792050821,4660007270,6.7266,0.745913,athlete
891f99cdd53ffff,891f99cddcfffff,792050821,8428297023,6.9008,0.73391,athlete
891f99cdd53ffff,891f99cddd3ffff,792050821,4898290839,12.9899,0.273709,athlete
891f99cdd53ffff,891f99cddd7ffff,792050821,7008251083,15.1412,0.13869,athlete
891f99cdd53ffff,891f99cdddbffff,792050821,31508111,10.6058,0.452494,athlete
891f99cdd57ffff,891f99cc36fffff,12006473820,9860005625,16.4335,0.076431,athlete
891f99cdd57ffff,891f99cd883ffff,12006473820,6438001453,19.2064,0.00388,athlete
891f99cdd57ffff,891f99cd887ffff,12006473820,2555399289,16.5824,0.070333,athlete
891f99cdd57ffff,891f99cd893ffff,12006473820,582942526,18.9905,0.006273,athlete
891f99cdd57ffff,891f99cd897ffff,12006473820,9838588176,15.732,0.108216,athlete
891f99cdd57ffff,891f99cd8a3ffff,12006473820,3731973493,19.0327,0.005761,athlete
891f99cdd57ffff,891f99cd8a7ffff,12006473820,13595211527,18.3305,0.017095,athlete
891f99cdd57ffff,891f99cd8b3ffff,12006473820,9850454762,13.6571,0.228311,athlete
891f99cdd57ffff,891f99cd8b7ffff,12006473820,12812222615,14.0683,0.201785,athlete
891f99cdd57ffff,891f99cd8bbffff,12006473820,9582667284,19.6359,0.000818,athlete
891f99cdd57ffff,891f99cd9d3ffff,12006473820,6306034549,19.5371,0.001321,athlete
891f99cdd57ffff,891f99cdc23ffff,12006473820,6425661261,16.9126,0.057656,athlete
891f99cdd57ffff,891f99cdc27ffff,12006473820,4889789431,9.8824,0.509232,athlete
891f99cdd57ffff,891f99cdc2bffff,12006473820,6462134755,18.4127,0.015462,athlete
891f99cdd57ffff,891f99cdc2fffff,12006473820,3735457859,14.0099,0.205477,athlete
891f99cdd57ffff,891f99cdc33ffff,12006473820,2935634141,19.5273,0.001378,athlete
891f99cdd57ffff,891f99cdc37ffff,12006473820,8177904261,13.8639,0.214821,athlete
891f99cdd57ffff,891f99cdca7ffff,12006473820,31508518,15.9158,0.099414,athlete
891f99cdd57ffff,891f99cdcafffff,12006473820,395251657,17.6104,0.034811,athlete
891f99cdd57ffff,891f99cdd03ffff,12006473820,6547701840,8.4645,0.619434,athlete
891f99cdd57ffff,891f99cdd07ffff,12006473820,1889761004,15.1854,0.136299,athlete
891f99cdd57ffff,891f99cdd0bffff,12006473820,13289798704,6.2848,0.775508,athlete
891f99cdd57ffff,891f99cdd0fffff,12006473820,7013595399,11.2995,0.398648,athlete
891f99cdd57ffff,891f99cdd13ffff,12006473820,1931861768,12.185,0.331743,athlete
891f99cdd57ffff,891f99cdd17ffff,12006473820,774074162,13.7061,0.225089,athlete
891f99cdd57ffff,891f99cdd1bffff,12006473820,1295220984,6.0013,0.793809,athlete
891f99cdd57ffff,891f99cdd2bffff,12006473820,9769034838,16.5269,0.07258,athlete
891f99cdd57ffff,891f99cdd33ffff,12006473820,6497354633,18.6429,0.011317,athlete
891f99cdd57ffff,891f99cdd3bffff,12006473820,7013785674,17.0821,0.051607,athlete
891f99cdd57ffff,891f99cdd43ffff,12006473820,4912632765,6.1445,0.784637,athlete
891f99cdd57ffff,891f99cdd47ffff,12006473820,9487098556,4.8511,0.861727,athlete
891f99cdd57ffff,891f99cdd4bffff,12006473820,7023815414,11.6295,0.373415,athlete
891f99cdd57ffff,891f99cdd4fffff,12006473820,27653866,9.3523,0.550782,athlete
891f99cdd57ffff,891f99cdd53ffff,12006473820,792050821,6.3132,0.773644,athlete
891f99cdd57ffff,891f99cdd57ffff,12006473820,12006473820,0.2929,0.999471,athlete
891f99cdd57ffff,891f99cdd5bffff,12006473820,7019773672,10.0058,0.499547,athlete
891f99cdd57ffff,891f99cdd63ffff,12006473820,9474270025,15.3915,0.125388,athlete
891f99cdd57ffff,891f99cdd67ffff,12006473820,10866880269,17.6462,0.033789,athlete
891f99cdd57ffff,891f99cdd6bffff,12006473820,6293459375,15.0656,0.142825,athlete
891f99cdd57ffff,891f99cdd6fffff,12006473820,1831777965,18.2634,0.018488,athlete
891f99cdd57ffff,891f99cdd73ffff,12006473820,9241485097,8.8645,0.588711,athlete
891f99cdd57ffff,891f99cdd77ffff,12006473820,4448818000,12.2795,0.324773,athlete
891f99cdd57ffff,891f99cdd7bffff,12006473820,7026396817,12.0802,0.339515,athlete
891f99cdd57ffff,891f99cdd83ffff,12006473820,6425221236,18.023,0.023917,athlete
891f99cdd57ffff,891f99cdd8bffff,12006473820,9860048758,13.1904,0.259784,athlete
891f99cdd57ffff,891f99cdd8fffff,12006473820,7010792148,15.5464,0.117442,athlete
891f99cdd57ffff,891f99cdd9bffff,12006473820,7007914585,15.7868,0.105558,athlete
891f99cdd57ffff,891f99cddabffff,12006473820,7279487455,16.85,0.059969,athlete
891f99cdd57ffff,891f99cddbbffff,12006473820,2614749100,18.2928,0.01787,athlete
891f99cdd57ffff,891f99cddc3ffff,12006473820,6483857419,10.3544,0.472179,athlete
891f99cdd57ffff,891f99cddc7ffff,12006473820,9860451546,8.9666,0.580806,athlete
891f99cdd57ffff,891f99cddcbffff,12006473820,4660007270,8.886,0.587047,athlete
891f99cdd57ffff,891f99cddcfffff,12006473820,8428297023,5.5068,0.824316,athlete
891f99cdd57ffff,891f99cddd3ffff,12006473820,4898290839,14.3829,0.182323,athlete
891f99cdd57ffff,891f99cddd7ffff,12006473820,7008251083,12.5102,0.307921,athlete
891f99cdd57ffff,891f99cdddbffff,12006473820,31508111,12.7652,0.289587,athlete
891f99cdd5bffff,891f99cd813ffff,7019773672,7033480699,18.8995,0.007452,athlete
891f99cdd5bffff,891f99cd817ffff,7019773672,7029324075,17.013,0.054036,athlete
891f99cdd5bffff,891f99cd883ffff,7019773672,6438001453,11.5184,0.381873,athlete
891f99cdd5bffff,891f99cd887ffff,7019773672,2555399289,9.7303,0.521178,athlete
891f99cdd5bffff,891f99cd88bffff,7019773672,7032151748,15.9199,0.099222,athlete
891f99cdd5bffff,891f99cd88fffff,7019773672,6435816272,13.9639,0.208407,athlete
891f99cdd5bffff,891f99cd893ffff,7019773672,582942526,9.8356,0.512909,athlete
891f99cdd5bffff,891f99cd897ffff,7019773672,9838588176,6.2155,0.780036,athlete
891f99cdd5bffff,891f99cd89bffff,7019773672,9857622044,16.1868,0.087041,athlete
891f99cdd5bffff,891f99cd8a3ffff,7019773672,3731973493,16.1418,0.089048,athlete
891f99cdd5bffff,891f99cd8a7ffff,7019773672,13595211527,17.465,0.03912,athlete
891f99cdd5bffff,891f99cd8abffff,7019773672,29749460,18.5359,0.013165,athlete
891f99cdd5bffff,891f99cd8b3ffff,7019773672,9850454762,11.0841,0.415265,athlete
891f99cdd5bffff,891f99cd8b7ffff,7019773672,12812222615,12.8965,0.280276,athlete
891f99cdd5bffff,891f99cd8bbffff,7019773672,9582667284,13.9153,0.211516,athlete
891f99cdd5bffff,891f99cdc07ffff,7019773672,6423339988,17.2156,0.047067,athlete
891f99cdd5bffff,891f99cdc0fffff,7019773672,9571055498,16.1481,0.088765,athlete
891f99cdd5bffff,891f99cdc23ffff,7019773672,6425661261,10.1731,0.486403,athlete
891f99cdd5bffff,891f99cdc27ffff,7019773672,4889789431,5.8744,0.801814,athlete
891f99cdd5bffff,891f99cdc2bffff,7019773672,6462134755,10.1122,0.49119,athlete
891f99cdd5bffff,891f99cdc2fffff,7019773672,3735457859,5.6184,0.817594,athlete
891f99cdd5bffff,891f99cdc33ffff,7019773672,2935634141,13.3838,0.246578,athlete
891f99cdd5bffff,891f99cdc37ffff,7019773672,8177904261,10.6052,0.45254,athlete
891f99cdd5bffff,891f99cdc3bffff,7019773672,2678692516,14.1236,0.198308,athlete
891f99cdd5bffff,891f99cdc63ffff,7019773672,7017551862,18.775,0.009229,athlete
891f99cdd5bffff,891f99cdc67ffff,7019773672,3178411584,15.4794,0.120851,athlete
891f99cdd5bffff,891f99cdc6fffff,7019773672,2588305417,17.1351,0.049782,athlete
891f99cdd5bffff,891f99cdc77ffff,7019773672,1531554258,15.3048,0.12993,athlete
891f99cdd5bffff,891f99cdca3ffff,7019773672,9212595025,19.4991,0.001547,athlete
891f99cdd5bffff,891f99cdca7ffff,7019773672,31508518,16.8465,0.060098,athlete
891f99cdd5bffff,891f99cdcabffff,7019773672,1251634557,18.4491,0.014764,athlete
891f99cdd5bffff,891f99cdcafffff,7019773672,395251657,14.9341,0.150124,athlete
891f99cdd5bffff,891f99cdd03ffff,7019773672,6547701840,17.5153,0.037603,athlete
891f99cdd5bffff,891f99cdd0bffff,7019773672,13289798704,15.3356,0.128309,athlete
891f99cdd5bffff,891f99cdd0fffff,7019773672,7013595399,19.6724,0.000662,athlete
891f99cdd5bffff,891f99cdd1bffff,7019773672,1295220984,16.1336,0.089413,athlete
891f99cdd5bffff,891f99cdd43ffff,7019773672,4912632765,5.9609,0.796374,athlete
891f99cdd5bffff,891f99cdd47ffff,7019773672,9487098556,11.3833,0.39221,athlete
891f99cdd5bffff,891f99cdd4bffff,7019773672,7023815414,4.9544,0.856075,athlete
891f99cdd5bffff,891f99cdd4fffff,7019773672,27653866,9.9763,0.501859,athlete
891f99cdd5bffff,891f99cdd53ffff,7019773672,792050821,7.901,0.661882,athlete
891f99cdd5bffff,891f99cdd57ffff,7019773672,12006473820,10.905,0.429161,athlete
891f99cdd5bffff,891f99cdd5bffff,7019773672,7019773672,0.3077,0.999416,athlete
891f99cdd5bffff,891f99cdd6bffff,7019773672,6293459375,18.2238,0.019336,athlete
891f99cdd5bffff,891f99cdd73ffff,7019773672,9241485097,16.4549,0.075541,athlete
891f99cdd5bffff,891f99cdd77ffff,7019773672,4448818000,19.8699,0.000104,athlete
891f99cdd5bffff,891f99cdd7bffff,7019773672,7026396817,14.1023,0.199644,athlete
891f99cdd5bffff,891f99cddc3ffff,7019773672,6483857419,14.1361,0.197529,athlete
891f99cdd5bffff,891f99cddc7ffff,7019773672,9860451546,17.0332,0.053319,athlete
891f99cdd5bffff,891f99cddcbffff,7019773672,4660007270,9.8167,0.514392,athlete
891f99cdd5bffff,891f99cddcfffff,7019773672,8428297023,12.2087,0.329987,athlete
891f99cdd5bffff,891f99cddd3ffff,7019773672,4898290839,16.7751,0.062791,athlete
891f99cdd5bffff,891f99cdddbffff,7019773672,31508111,13.6959,0.225756,athlete
891f99cdd63ffff,891f99cca4bffff,9474270025,9496536226,18.5011,0.013796,athlete
891f99cdd63ffff,891f99cca5bffff,9474270025,6808340953,18.9605,0.006651,athlete
891f99cdd63ffff,891f99cd837ffff,9474270025,9496654074,17.8807,0.027452,athlete
891f99cdd63ffff,891f99cd8a3ffff,9474270025,3731973493,14.625,0.167876,athlete
891f99cdd63ffff,891f99cd8a7ffff,9474270025,13595211527,8.8643,0.588723,athlete
891f99cdd63ffff,891f99cd8abffff,9474270025,29749460,18.0839,0.022476,athlete
891f99cdd63ffff,891f99cd8afffff,9474270025,562679457,13.8071,0.218498,athlete
891f99cdd63ffff,891f99cd8b3ffff,9474270025,9850454762,14.845,0.155161,athlete
891f99cdd63ffff,891f99cd8b7ffff,9474270025,12812222615,9.6105,0.530571,athlete
891f99cdd63ffff,891f99cd8bbffff,9474270025,9582667284,19.6757,0.000649,athlete
891f99cdd63ffff,891f99cd913ffff,9474270025,4228814167,17.7451,0.031037,athlete
891f99cdd63ffff,891f99cd983ffff,9474270025,9577976786,13.7311,0.223451,athlete
891f99cdd63ffff,891f99cd987ffff,9474270025,9496019473,18.4425,0.014889,athlete
891f99cdd63ffff,891f99cd98bffff,9474270025,6276210975,12.7266,0.29234,athlete
891f99cdd63ffff,891f99cd98fffff,9474270025,9578034988,16.1806,0.087318,athlete
891f99cdd63ffff,891f99cd993ffff,9474270025,9476330915,12.3826,0.317208,athlete
891f99cdd63ffff,891f99cd997ffff,9474270025,9620952677,14.0894,0.200453,athlete
891f99cdd63ffff,891f99cd99bffff,9474270025,6576315758,8.8129,0.592697,athlete
891f99cdd63ffff,891f99cd9c3ffff,9474270025,9853522590,14.8193,0.15662,athlete
891f99cdd63ffff,891f99cd9c7ffff,9474270025,7033787067,17.6027,0.035033,athlete
891f99cdd63ffff,891f99cd9cbffff,9474270025,6274583816,17.2467,0.046037,athlete
891f99cdd63ffff,891f99cd9cfffff,9474270025,6264079131,19.1868,0.004073,athlete
891f99cdd63ffff,891f99cd9d3ffff,9474270025,6306034549,8.3588,0.627478,athlete
891f99cdd63ffff,891f99cd9d7ffff,9474270025,6219063996,12.1921,0.331216,athlete
891f99cdd63ffff,891f99cd9dbffff,9474270025,6251697193,14.8843,0.152932,athlete
891f99cdd63ffff,891f99cdd03ffff,9474270025,6547701840,15.9212,0.099162,athlete
891f99cdd63ffff,891f99cdd07ffff,9474270025,1889761004,16.6857,0.066241,athlete
891f99cdd63ffff,891f99cdd0bffff,9474270025,13289798704,12.7382,0.291513,athlete
891f99cdd63ffff,891f99cdd0fffff,9474270025,7013595399,11.8406,0.357444,athlete
891f99cdd63ffff,891f99cdd17ffff,9474270025,774074162,19.8999,6.2e-05,athlete
891f99cdd63ffff,891f99cdd1bffff,9474270025,1295220984,18.4516,0.014717,athlete
891f99cdd63ffff,891f99cdd23ffff,9474270025,6490328116,16.5735,0.070692,athlete
891f99cdd63ffff,891f99cdd2bffff,9474270025,9769034838,10.6754,0.44705,athlete
891f99cdd63ffff,891f99cdd2fffff,9474270025,9621093945,14.6442,0.166746,athlete
891f99cdd63ffff,891f99cdd33ffff,9474270025,6497354633,16.8731,0.059109,athlete
891f99cdd63ffff,891f99cdd3bffff,9474270025,7013785674,12.5534,0.30479,athlete
891f99cdd63ffff,891f99cdd43ffff,9474270025,4912632765,16.9409,0.056621,athlete
891f99cdd63ffff,891f99cdd47ffff,9474270025,9487098556,13.3551,0.248523,athlete
891f99cdd63ffff,891f99cdd4bffff,9474270025,7023815414,17.8126,0.029225,athlete
891f99cdd63ffff,891f99cdd4fffff,9474270025,27653866,12.9175,0.278795,athlete
891f99cdd63ffff,891f99cdd57ffff,9474270025,12006473820,17.0577,0.052459,athlete
891f99cdd63ffff,891f99cdd63ffff,9474270025,9474270025,1.1662,0.991634,athlete
891f99cdd63ffff,891f99cdd67ffff,9474270025,10866880269,6.8968,0.734185,athlete
891f99cdd63ffff,891f99cdd6bffff,9474270025,6293459375,5.5552,0.821414,athlete
891f99cdd63ffff,891f99cdd6fffff,9474270025,1831777965,6.1614,0.783546,athlete
891f99cdd63ffff,891f99cdd73ffff,9474270025,9241485097,8.7775,0.595428,athlete
891f99cdd63ffff,891f99cdd77ffff,9474270025,4448818000,6.567,0.756747,athlete
891f99cdd63ffff,891f99cdd7bffff,9474270025,7026396817,8.0737,0.648993,athlete
891f99cdd63ffff,891f99cddabffff,9474270025,7279487455,19.6766,0.000645,athlete
891f99cdd67ffff,891f99cca43ffff,10866880269,513307586,19.1389,0.004567,athlete
891f99cdd67ffff,891f99cca4bffff,10866880269,9496536226,14.2554,0.190123,athlete
891f99cdd67ffff,891f99cca5bffff,10866880269,6808340953,14.3081,0.18688,athlete
891f99cdd67ffff,891f99cd8a3ffff,10866880269,3731973493,18.9903,0.006276,athlete
891f99cdd67ffff,891f99cd8a7ffff,10866880269,13595211527,13.2096,0.25846,athlete
891f99cdd67ffff,891f99cd8afffff,10866880269,562679457,18.0032,0.024394,athlete
891f99cdd67ffff,891f99cd8b3ffff,10866880269,9850454762,19.2378,0.00358,athlete
891f99cdd67ffff,891f99cd8b7ffff,10866880269,12812222615,14.0033,0.205896,athlete
891f99cdd67ffff,891f99cd903ffff,10866880269,9468835556,19.4339,0.001975,athlete
891f99cdd67ffff,891f99cd913ffff,10866880269,4228814167,15.0345,0.144535,athlete
891f99cdd67ffff,891f99cd917ffff,10866880269,9578034936,18.6503,0.011195,athlete
891f99cdd67ffff,891f99cd91bffff,10866880269,11343319274,18.8143,0.008647,athlete
891f99cdd67ffff,891f99cd983ffff,10866880269,9577976786,9.4921,0.539848,athlete
891f99cdd67ffff,891f99cd987ffff,10866880269,9496019473,14.2035,0.193328,athlete
891f99cdd67ffff,891f99cd98bffff,10866880269,6276210975,10.016,0.498744,athlete
891f99cdd67ffff,891f99cd98fffff,10866880269,9578034988,13.47,0.240764,athlete
891f99cdd67ffff,891f99cd993ffff,10866880269,9476330915,7.3445,0.702567,athlete
891f99cdd67ffff,891f99cd997ffff,10866880269,9620952677,9.8437,0.512271,athlete
891f99cdd67ffff,891f99cd99bffff,10866880269,6576315758,5.2629,0.838658,athlete
891f99cdd67ffff,891f99cd9abffff,10866880269,9496019444,19.672,0.000663,athlete
891f99cdd67ffff,891f99cd9b3ffff,10866880269,3693529476,17.5104,0.037749,athlete
891f99cdd67ffff,891f99cd9bbffff,10866880269,2571150096,18.4242,0.015239,athlete
891f99cdd67ffff,891f99cd9c3ffff,10866880269,9853522590,14.1112,0.199087,athlete
891f99cdd67ffff,891f99cd9c7ffff,10866880269,7033787067,14.8921,0.152489,athlete
891f99cdd67ffff,891f99cd9cfffff,10866880269,6264079131,17.2595,0.045618,athlete
891f99cdd67ffff,891f99cd9d3ffff,10866880269,6306034549,11.1382,0.411083,athlete
891f99cdd67ffff,891f99cd9d7ffff,10866880269,6219063996,10.8561,0.432962,athlete
891f99cdd67ffff,891f99cd9dbffff,10866880269,6251697193,18.2992,0.017738,athlete
891f99cdd67ffff,891f99cdd03ffff,10866880269,6547701840,15.2707,0.131738,athlete
891f99cdd67ffff,891f99cdd07ffff,10866880269,1889761004,15.8464,0.102701,athlete
891f99cdd67ffff,891f99cdd0bffff,10866880269,13289798704,14.5479,0.172422,athlete
891f99cdd67ffff,891f99cdd0fffff,10866880269,7013595399,11.1901,0.40707,athlete
891f99cdd67ffff,891f99cdd17ffff,10866880269,774074162,19.1478,0.004473,athlete
891f99cdd67ffff,891f99cdd23ffff,10866880269,6490328116,12.4782,0.310242,athlete
891f99cdd67ffff,891f99cdd27ffff,10866880269,6792684819,15.3502,0.127544,athlete
891f99cdd67ffff,891f99cdd2bffff,10866880269,9769034838,6.7425,0.744827,athlete
891f99cdd67ffff,891f99cdd2fffff,10866880269,9621093945,9.9919,0.500635,athlete
891f99cdd67ffff,891f99cdd33ffff,10866880269,6497354633,14.8608,0.154262,athlete
891f99cdd67ffff,891f99cdd37ffff,10866880269,9532724067,16.5774,0.070535,athlete
891f99cdd67ffff,891f99cdd3bffff,10866880269,7013785674,11.5772,0.377387,athlete
891f99cdd67ffff,891f99cdd47ffff,10866880269,9487098556,16.9829,0.055109,athlete
891f99cdd67ffff,891f99cdd4fffff,10866880269,27653866,17.3103,0.043964,athlete
891f99cdd67ffff,891f99cdd57ffff,10866880269,12006473820,19.0102,0.006031,athlete
891f99cdd67ffff,891f99cdd63ffff,10866880269,9474270025,6.9116,0.733156,athlete
891f99cdd67ffff,891f99cdd67ffff,10866880269,10866880269,0.5668,0.99802,athlete
891f99cdd67ffff,891f99cdd6bffff,10866880269,6293459375,9.9005,0.507812,athlete
891f99cdd67ffff,891f99cdd6fffff,10866880269,1831777965,7.4527,0.694772,athlete
891f99cdd67ffff,891f99cdd73ffff,10866880269,9241485097,12.223,0.32893,athlete
891f99cdd67ffff,891f99cdd77ffff,10866880269,4448818000,6.6838,0.748835,athlete
891f99cdd67ffff,891f99cdd7bffff,10866880269,7026396817,12.4665,0.31109,athlete
891f99cdd67ffff,891f99cddabffff,10866880269,7279487455,18.8167,0.008612,athlete
891f99cdd67ffff,891f99cddafffff,10866880269,4942466112,18.6022,0.012005,athlete
891f99cdd6bffff,891f99cd807ffff,6293459375,6539316791,17.8505,0.02823,athlete
891f99cdd6bffff,891f99cd817ffff,6293459375,7029324075,16.4925,0.073988,athlete
891f99cdd6bffff,891f99cd823ffff,6293459375,262524963,17.1337,0.049827,athlete
891f99cdd6bffff,891f99cd827ffff,6293459375,6541998757,15.5331,0.118113,athlete
891f99cdd6bffff,891f99cd833ffff,6293459375,2902864074,15.5233,0.118609,athlete
891f99cdd6bffff,891f99cd837ffff,6293459375,9496654074,13.0454,0.269835,athlete
891f99cdd6bffff,891f99cd887ffff,6293459375,2555399289,17.7859,0.029935,athlete
891f99cdd6bffff,891f99cd88fffff,6293459375,6435816272,18.6941,0.010482,athlete
891f99cdd6bffff,891f99cd8a3ffff,6293459375,3731973493,10.2234,0.482457,athlete
891f99cdd6bffff,891f99cd8a7ffff,6293459375,13595211527,4.029,0.903164,athlete
891f99cdd6bffff,891f99cd8abffff,6293459375,29749460,13.2487,0.255781,athlete
891f99cdd6bffff,891f99cd8afffff,6293459375,562679457,8.9718,0.580403,athlete
891f99cdd6bffff,891f99cd8b3ffff,6293459375,9850454762,12.515,0.30757,athlete
891f99cdd6bffff,891f99cd8b7ffff,6293459375,12812222615,7.1583,0.715847,athlete
891f99cdd6bffff,891f99cd8bbffff,6293459375,9582667284,15.0533,0.143497,athlete
891f99cdd6bffff,891f99cd913ffff,6293459375,4228814167,18.1329,0.02135,athlete
891f99cdd6bffff,891f99cd953ffff,6293459375,4228945737,18.5082,0.013666,athlete
891f99cdd6bffff,891f99cd983ffff,6293459375,9577976786,15.9152,0.099442,athlete
891f99cdd6bffff,891f99cd98bffff,6293459375,6276210975,13.2167,0.257972,athlete
891f99cdd6bffff,891f99cd98fffff,6293459375,9578034988,17.6329,0.034165,athlete
891f99cdd6bffff,891f99cd993ffff,6293459375,9476330915,15.3056,0.129887,athlete
891f99cdd6bffff,891f99cd997ffff,6293459375,9620952677,17.0125,0.054054,athlete
891f99cdd6bffff,891f99cd99bffff,6293459375,6576315758,10.3153,0.475249,athlete
891f99cdd6bffff,891f99cd9c3ffff,6293459375,9853522590,12.1565,0.333847,athlete
891f99cdd6bffff,891f99cd9c7ffff,6293459375,7033787067,17.2527,0.045839,athlete
891f99cdd6bffff,891f99cd9cbffff,6293459375,6274583816,13.9016,0.212392,athlete
891f99cdd6bffff,891f99cd9cfffff,6293459375,6264079131,17.4846,0.038523,athlete
891f99cdd6bffff,891f99cd9d3ffff,6293459375,6306034549,5.6675,0.814612,athlete
891f99cdd6bffff,891f99cd9d7ffff,6293459375,6219063996,10.5012,0.460678,athlete
891f99cdd6bffff,891f99cd9dbffff,6293459375,6251697193,10.049,0.496153,athlete
891f99cdd6bffff,891f99cdd03ffff,6293459375,6547701840,19.4273,0.002022,athlete
891f99cdd6bffff,891f99cdd0bffff,6293459375,13289798704,15.7645,0.106638,athlete
891f99cdd6bffff,891f99cdd0fffff,6293459375,7013595399,15.3468,0.127722,athlete
891f99cdd6bffff,891f99cdd2bffff,6293459375,9769034838,14.1196,0.198561,athlete
891f99cdd6bffff,891f99cdd2fffff,6293459375,9621093945,18.0884,0.022373,athlete
891f99cdd6bffff,891f99cdd3bffff,6293459375,7013785674,16.0596,0.092759,athlete
891f99cdd6bffff,891f99cdd43ffff,6293459375,4912632765,15.1249,0.13958,athlete
891f99cdd6bffff,891f99cdd47ffff,6293459375,9487098556,12.5956,0.301745,athlete
891f99cdd6bffff,891f99cdd4bffff,6293459375,7023815414,15.5188,0.11884,athlete
891f99cdd6bffff,891f99cdd4fffff,6293459375,27653866,10.6237,0.451093,athlete
891f99cdd6bffff,891f99cdd57ffff,6293459375,12006473820,16.5295,0.072474,athlete
891f99cdd6bffff,891f99cdd5bffff,6293459375,7019773672,19.7564,0.000366,athlete
891f99cdd6bffff,891f99cdd63ffff,6293459375,9474270025,5.7465,0.809765,athlete
891f99cdd6bffff,891f99cdd67ffff,6293459375,10866880269,9.8198,0.514149,athlete
891f99cdd6bffff,891f99cdd6bffff,6293459375,6293459375,0.5106,0.998393,athlete
891f99cdd6bffff,891f99cdd6fffff,6293459375,1831777965,5.064,0.849982,athlete
891f99cdd6bffff,891f99cdd73ffff,6293459375,9241485097,10.4659,0.463441,athlete
891f99cdd6bffff,891f99cdd77ffff,6293459375,4448818000,10.3408,0.473246,athlete
891f99cdd6bffff,891f99cdd7bffff,6293459375,7026396817,6.3145,0.773562,athlete
891f99cdd6fffff,891f99cca4bffff,1831777965,9496536226,19.3192,0.002856,athlete
891f99cdd6fffff,891f99cd827ffff,1831777965,6541998757,18.637,0.011417,athlete
891f99cdd6fffff,891f99cd833ffff,1831777965,2902864074,19.1971,0.003972,athlete
891f99cdd6fffff,891f99cd837ffff,1831777965,9496654074,16.6412,0.067989,athlete
891f99cdd6fffff,891f99cd8a3ffff,1831777965,3731973493,13.9563,0.208891,athlete
891f99cdd6fffff,891f99cd8a7ffff,1831777965,13595211527,7.852,0.665521,athlete
891f99cdd6fffff,891f99cd8abffff,1831777965,29749460,16.9224,0.057297,athlete
891f99cdd6fffff,891f99cd8afffff,1831777965,562679457,12.6455,0.298148,athlete
891f99cdd6fffff,891f99cd8b3ffff,1831777965,9850454762,16.3379,0.080467,athlete
891f99cdd6fffff,891f99cd8b7ffff,1831777965,12812222615,10.9813,0.423236,athlete
891f99cdd6fffff,891f99cd8bbffff,1831777965,9582667284,18.8763,0.007769,athlete
891f99cdd6fffff,891f99cd903ffff,1831777965,9468835556,18.7685,0.009326,athlete
891f99cdd6fffff,891f99cd913ffff,1831777965,4228814167,15.0413,0.144161,athlete
891f99cdd6fffff,891f99cd917ffff,1831777965,9578034936,18.9815,0.006386,athlete
891f99cdd6fffff,891f99cd91bffff,1831777965,11343319274,18.0833,0.02249,athlete
891f99cdd6fffff,891f99cd953ffff,1831777965,4228945737,17.755,0.030769,athlete
891f99cdd6fffff,891f99cd957ffff,1831777965,9560549610,19.7317,0.000444,athlete
891f99cdd6fffff,891f99cd983ffff,1831777965,9577976786,12.8497,0.283585,athlete
891f99cdd6fffff,891f99cd987ffff,1831777965,9496019473,17.1409,0.049582,athlete
891f99cdd6fffff,891f99cd98bffff,1831777965,6276210975,10.1251,0.490172,athlete
891f99cdd6fffff,891f99cd98fffff,1831777965,9578034988,14.5675,0.171266,athlete
891f99cdd6fffff,891f99cd993ffff,1831777965,9476330915,13.2008,0.259071,athlete
891f99cdd6fffff,891f99cd997ffff,1831777965,9620952677,14.9076,0.151616,athlete
891f99cdd6fffff,891f99cd99bffff,1831777965,6576315758,7.2498,0.709347,athlete
891f99cdd6fffff,891f99cd9bbffff,1831777965,2571150096,19.6353,0.00082,athlete
891f99cdd6fffff,891f99cd9c3ffff,1831777965,9853522590,9.8363,0.512855,athlete
891f99cdd6fffff,891f99cd9c7ffff,1831777965,7033787067,14.1611,0.195965,athlete
891f99cdd6fffff,891f99cd9cbffff,1831777965,6274583816,13.7518,0.222099,athlete
891f99cdd6fffff,891f99cd9cfffff,1831777965,6264079131,14.4043,0.181026,athlete
891f99cdd6fffff,891f99cd9d3ffff,1831777965,6306034549,4.8639,0.861033,athlete
891f99cdd6fffff,891f99cd9d7ffff,1831777965,6219063996,7.4096,0.697882,athlete
891f99cdd6fffff,891f99cd9dbffff,1831777965,6251697193,12.0249,0.343633,athlete
891f99cdd6fffff,891f99cdd0bffff,1831777965,13289798704,18.1841,0.020203,athlete
891f99cdd6fffff,891f99cdd0fffff,1831777965,7013595399,16.2222,0.085481,athlete
891f99cdd6fffff,891f99cdd23ffff,1831777965,6490328116,19.5269,0.00138,athlete
891f99cdd6fffff,891f99cdd2bffff,1831777965,9769034838,13.8906,0.213099,athlete
891f99cdd6fffff,891f99cdd2fffff,1831777965,9621093945,16.6167,0.068963,athlete
891f99cdd6fffff,891f99cdd3bffff,1831777965,7013785674,16.935,0.056837,athlete
891f99cdd6fffff,891f99cdd43ffff,1831777965,4912632765,18.9478,0.006813,athlete
891f99cdd6fffff,891f99cdd47ffff,1831777965,9487098556,15.7626,0.106731,athlete
891f99cdd6fffff,891f99cdd4bffff,1831777965,7023815414,19.3417,0.002671,athlete
891f99cdd6fffff,891f99cdd4fffff,1831777965,27653866,14.4467,0.178473,athlete
891f99cdd6fffff,891f99cdd57ffff,1831777965,12006473820,19.6965,0.000568,athlete
891f99cdd6fffff,891f99cdd63ffff,1831777965,9474270025,6.6934,0.748182,athlete
891f99cdd6fffff,891f99cdd67ffff,1831777965,10866880269,7.715,0.675638,athlete
891f99cdd6fffff,891f99cdd6bffff,1831777965,6293459375,4.5429,0.878007,athlete
891f99cdd6fffff,891f99cdd6fffff,1831777965,1831777965,1.1783,0.99146,athlete
891f99cdd6fffff,891f99cdd73ffff,1831777965,9241485097,13.6329,0.229909,athlete
891f99cdd6fffff,891f99cdd77ffff,1831777965,4448818000,11.2163,0.405055,athlete
891f99cdd6fffff,891f99cdd7bffff,1831777965,7026396817,10.1374,0.489209,athlete
891f99cdd73ffff,891f99cca5bffff,9241485097,6808340953,18.8098,0.008713,athlete
891f99cdd73ffff,891f99cd887ffff,9241485097,2555399289,19.1018,0.004968,athlete
891f99cdd73ffff,891f99cd897ffff,9241485097,9838588176,19.7923,0.000266,athlete
891f99cdd73ffff,891f99cd8a3ffff,9241485097,3731973493,15.7578,0.106961,athlete
891f99cdd73ffff,891f99cd8a7ffff,9241485097,13595211527,12.9079,0.279476,athlete
891f99cdd73ffff,891f99cd8afffff,9241485097,562679457,17.8506,0.028227,athlete
891f99cdd73ffff,891f99cd8b3ffff,9241485097,9850454762,15.2396,0.133396,athlete
891f99cdd73ffff,891f99cd8b7ffff,9241485097,12812222615,10.0051,0.499598,athlete
891f99cdd73ffff,891f99cd983ffff,9241485097,9577976786,19.2238,0.003712,athlete
891f99cdd73ffff,891f99cd98bffff,9241485097,6276210975,18.6845,0.010637,athlete
891f99cdd73ffff,891f99cd993ffff,9241485097,9476330915,14.7602,0.160012,athlete
891f99cdd73ffff,891f99cd997ffff,9241485097,9620952677,18.7278,0.009951,athlete
891f99cdd73ffff,891f99cd99bffff,9241485097,6576315758,14.7708,0.159404,athlete
891f99cdd73ffff,891f99cd9d3ffff,9241485097,6306034549,13.9194,0.211251,athlete
891f99cdd73ffff,891f99cd9d7ffff,9241485097,6219063996,18.15,0.020964,athlete
891f99cdd73ffff,891f99cd9dbffff,9241485097,6251697193,18.9278,0.007075,athlete
891f99cdd73ffff,891f99cdc27ffff,9241485097,4889789431,18.4949,0.013909,athlete
891f99cdd73ffff,891f99cdd03ffff,9241485097,6547701840,10.04,0.496859,athlete
891f99cdd73ffff,891f99cdd07ffff,9241485097,1889761004,12.7878,0.287975,athlete
891f99cdd73ffff,891f99cdd0bffff,9241485097,13289798704,6.1429,0.784737,athlete
891f99cdd73ffff,891f99cdd0fffff,9241485097,7013595399,7.1413,0.717052,athlete
891f99cdd73ffff,891f99cdd13ffff,9241485097,1931861768,15.0842,0.1418,athlete
891f99cdd73ffff,891f99cdd17ffff,9241485097,774074162,15.2816,0.131158,athlete
891f99cdd73ffff,891f99cdd1bffff,9241485097,1295220984,11.9096,0.352261,athlete
891f99cdd73ffff,891f99cdd23ffff,9241485097,6490328116,15.8433,0.102847,athlete
891f99cdd73ffff,891f99cdd27ffff,9241485097,6792684819,19.6319,0.000836,athlete
891f99cdd73ffff,891f99cdd2bffff,9241485097,9769034838,10.5248,0.458831,athlete
891f99cdd73ffff,891f99cdd2fffff,9241485097,9621093945,14.4936,0.17566,athlete
891f99cdd73ffff,891f99cdd33ffff,9241485097,6497354633,13.5775,0.233583,athlete
891f99cdd73ffff,891f99cdd37ffff,9241485097,9532724067,18.8126,0.008671,athlete
891f99cdd73ffff,891f99cdd3bffff,9241485097,7013785674,11.08,0.415586,athlete
891f99cdd73ffff,891f99cdd43ffff,9241485097,4912632765,11.0005,0.421746,athlete
891f99cdd73ffff,891f99cdd47ffff,9241485097,9487098556,6.32,0.773195,athlete
891f99cdd73ffff,891f99cdd4bffff,9241485097,7023815414,15.6898,0.110288,athlete
891f99cdd73ffff,891f99cdd4fffff,9241485097,27653866,10.1348,0.489411,athlete
891f99cdd73ffff,891f99cdd53ffff,9241485097,792050821,14.9256,0.1506,athlete
891f99cdd73ffff,891f99cdd57ffff,9241485097,12006473820,9.1331,0.567873,athlete
891f99cdd73ffff,891f99cdd5bffff,9241485097,7019773672,16.046,0.093379,athlete
891f99cdd73ffff,891f99cdd63ffff,9241485097,9474270025,7.3713,0.700639,athlete
891f99cdd73ffff,891f99cdd67ffff,9241485097,10866880269,10.6145,0.451814,athlete
891f99cdd73ffff,891f99cdd6bffff,9241485097,6293459375,9.6429,0.52803,athlete
891f99cdd73ffff,891f99cdd6fffff,9241485097,1831777965,12.1193,0.336612,athlete
891f99cdd73ffff,891f99cdd73ffff,9241485097,9241485097,0.8443,0.995609,athlete
891f99cdd73ffff,891f99cdd77ffff,9241485097,4448818000,6.2773,0.775997,athlete
891f99cdd73ffff,891f99cdd7bffff,9241485097,7026396817,7.7811,0.670763,athlete
891f99cdd73ffff,891f99cdd8bffff,9241485097,9860048758,16.7871,0.062334,athlete
891f99cdd73ffff,891f99cdd8fffff,9241485097,7010792148,18.1644,0.02064,athlete
891f99cdd73ffff,891f99cddabffff,9241485097,7279487455,16.381,0.078639,athlete
891f99cdd73ffff,891f99cddafffff,9241485097,4942466112,18.5794,0.012397,athlete
891f99cdd73ffff,891f99cddbbffff,9241485097,2614749100,19.8684,0.000107,athlete
891f99cdd73ffff,891f99cddc3ffff,9241485097,6483857419,18.5551,0.012823,athlete
891f99cdd73ffff,891f99cddc7ffff,9241485097,9860451546,14.576,0.170758,athlete
891f99cdd73ffff,891f99cddcbffff,9241485097,4660007270,17.4984,0.038107,athlete
891f99cdd73ffff,891f99cddcfffff,9241485097,8428297023,14.1193,0.198581,athlete
891f99cdd73ffff,891f99cddd7ffff,9241485097,7008251083,19.5607,0.00119,athlete
891f99cdd77ffff,891f99cca43ffff,4448818000,513307586,17.5234,0.03736,athlete
891f99cdd77ffff,891f99cca4bffff,4448818000,9496536226,17.7657,0.030479,athlete
891f99cdd77ffff,891f99cca53ffff,4448818000,9532073664,18.7582,0.009483,athlete
891f99cdd77ffff,891f99cca5bffff,4448818000,6808340953,12.6926,0.294773,athlete
891f99cdd77ffff,891f99cd8a3ffff,4448818000,3731973493,18.5499,0.012915,athlete
891f99cdd77ffff,891f99cd8a7ffff,4448818000,13595211527,12.7892,0.287875,athlete
891f99cdd77ffff,891f99cd8afffff,4448818000,562679457,17.732,0.031395,athlete
891f99cdd77ffff,891f99cd8b3ffff,4448818000,9850454762,18.7699,0.009305,athlete
891f99cdd77ffff,891f99cd8b7ffff,4448818000,12812222615,13.5354,0.236383,athlete
891f99cdd77ffff,891f99cd983ffff,4448818000,9577976786,14.4223,0.17994,athlete
891f99cdd77ffff,891f99cd987ffff,4448818000,9496019473,19.1959,0.003983,athlete
891f99cdd77ffff,891f99cd98bffff,4448818000,6276210975,15.3308,0.128562,athlete
891f99cdd77ffff,891f99cd98fffff,4448818000,9578034988,18.7848,0.009082,athlete
891f99cdd77ffff,891f99cd993ffff,4448818000,9476330915,9.9587,0.503245,athlete
891f99cdd77ffff,891f99cd997ffff,4448818000,9620952677,13.9263,0.210812,athlete
891f99cdd77ffff,891f99cd99bffff,4448818000,6576315758,10.5776,0.454694,athlete
891f99cdd77ffff,891f99cd9c3ffff,4448818000,9853522590,18.5431,0.013036,athlete
891f99cdd77ffff,891f99cd9d3ffff,4448818000,6306034549,12.2837,0.324461,athlete
891f99cdd77ffff,891f99cd9d7ffff,4448818000,6219063996,15.9159,0.099411,athlete
891f99cdd77ffff,891f99cd9dbffff,4448818000,6251697193,18.8092,0.008722,athlete
891f99cdd77ffff,891f99cdd03ffff,4448818000,6547701840,9.4121,0.546104,athlete
891f99cdd77ffff,891f99cdd07ffff,4448818000,1889761004,10.1767,0.486124,athlete
891f99cdd77ffff,891f99cdd0bffff,4448818000,13289798704,8.6543,0.604909,athlete
891f99cdd77ffff,891f99cdd0fffff,4448818000,7013595399,5.3316,0.834666,athlete
891f99cdd77ffff,891f99cdd13ffff,4448818000,1931861768,15.0987,0.141008,athlete
891f99cdd77ffff,891f99cdd17ffff,4448818000,774074162,13.3909,0.246097,athlete
891f99cdd77ffff,891f99cdd1bffff,4448818000,1295220984,14.3676,0.183252,athlete
891f99cdd77ffff,891f99cdd23ffff,4448818000,6490328116,10.1657,0.486991,athlete
891f99cdd77ffff,891f99cdd27ffff,4448818000,6792684819,13.7346,0.223219,athlete
891f99cdd77ffff,891f99cdd2bffff,4448818000,9769034838,4.4076,0.884876,athlete
891f99cdd77ffff,891f99cdd2fffff,4448818000,9621093945,8.3764,0.626141,athlete
891f99cdd77ffff,891f99cdd33ffff,4448818000,6497354633,10.3641,0.471418,athlete
891f99cdd77ffff,891f99cdd37ffff,4448818000,9532724067,14.3219,0.186041,athlete
891f99cdd77ffff,891f99cdd3bffff,4448818000,7013785674,6.0444,0.791065,athlete
891f99cdd77ffff,891f99cdd43ffff,4448818000,4912632765,15.2771,0.131399,athlete
891f99cdd77ffff,891f99cdd47ffff,4448818000,9487098556,11.0892,0.414874,athlete
891f99cdd77ffff,891f99cdd4fffff,4448818000,27653866,14.8737,0.153533,athlete
891f99cdd77ffff,891f99cdd53ffff,4448818000,792050821,18.909,0.007324,athlete
891f99cdd77ffff,891f99cdd57ffff,4448818000,12006473820,13.1165,0.264891,athlete
891f99cdd77ffff,891f99cdd63ffff,4448818000,9474270025,5.2481,0.83951,athlete
891f99cdd77ffff,891f99cdd67ffff,4448818000,10866880269,5.8816,0.801367,athlete
891f99cdd77ffff,891f99cdd6bffff,4448818000,6293459375,9.4801,0.540785,athlete
891f99cdd77ffff,891f99cdd6fffff,4448818000,1831777965,9.8851,0.509021,athlete
891f99cdd77ffff,891f99cdd73ffff,4448818000,9241485097,6.8832,0.735129,athlete
891f99cdd77ffff,891f99cdd77ffff,4448818000,4448818000,0.058,0.999979,athlete
891f99cdd77ffff,891f99cdd7bffff,4448818000,7026396817,11.6121,0.374732,athlete
891f99cdd77ffff,891f99cdd8bffff,4448818000,9860048758,17.9834,0.024876,athlete
891f99cdd77ffff,891f99cdd8fffff,4448818000,7010792148,16.5235,0.072717,athlete
891f99cdd77ffff,891f99cdda3ffff,4448818000,6567322295,19.2037,0.003906,athlete
891f99cdd77ffff,891f99cddabffff,4448818000,7279487455,13.1676,0.261355,athlete
891f99cdd77ffff,891f99cddafffff,4448818000,4942466112,15.3661,0.126713,athlete
891f99cdd77ffff,891f99cddbbffff,4448818000,2614749100,18.0272,0.023815,athlete
891f99cdd77ffff,891f99cddc7ffff,4448818000,9860451546,16.433,0.076454,athlete
891f99cdd77ffff,891f99cddcfffff,4448818000,8428297023,18.0175,0.024049,athlete
891f99cdd7bffff,891f99cd807ffff,7026396817,6539316791,19.846,0.000146,athlete
891f99cdd7bffff,891f99cd817ffff,7026396817,7029324075,18.4879,0.014037,athlete
891f99cdd7bffff,891f99cd827ffff,7026396817,6541998757,19.4508,0.001859,athlete
891f99cdd7bffff,891f99cd833ffff,7026396817,2902864074,19.2277,0.003674,athlete
891f99cdd7bffff,891f99cd837ffff,7026396817,9496654074,16.8186,0.061146,athlete
891f99cdd7bffff,891f99cd883ffff,7026396817,6438001453,17.7612,0.0306,athlete
891f99cdd7bffff,891f99cd887ffff,7026396817,2555399289,14.4302,0.179462,athlete
891f99cdd7bffff,891f99cd88fffff,7026396817,6435816272,18.2514,0.018742,athlete
891f99cdd7bffff,891f99cd897ffff,7026396817,9838588176,15.7325,0.108192,athlete
891f99cdd7bffff,891f99cd8a3ffff,7026396817,3731973493,10.559,0.456156,athlete
891f99cdd7bffff,891f99cd8a7ffff,7026396817,13595211527,8.3941,0.624794,athlete
891f99cdd7bffff,891f99cd8abffff,7026396817,29749460,16.2706,0.083368,athlete
891f99cdd7bffff,891f99cd8afffff,7026396817,562679457,12.6762,0.295948,athlete
891f99cdd7bffff,891f99cd8b3ffff,7026396817,9850454762,9.7525,0.519432,athlete
891f99cdd7bffff,891f99cd8b7ffff,7026396817,12812222615,4.7811,0.865497,athlete
891f99cdd7bffff,891f99cd8bbffff,7026396817,9582667284,14.8463,0.155085,athlete
891f99cdd7bffff,891f99cd983ffff,7026396817,9577976786,18.5251,0.013358,athlete
891f99cdd7bffff,891f99cd98bffff,7026396817,6276210975,16.9088,0.057796,athlete
891f99cdd7bffff,891f99cd993ffff,7026396817,9476330915,17.6439,0.033855,athlete
891f99cdd7bffff,891f99cd997ffff,7026396817,9620952677,19.3507,0.002598,athlete
891f99cdd7bffff,891f99cd99bffff,7026396817,6576315758,13.0451,0.269857,athlete
891f99cdd7bffff,891f99cd9c3ffff,7026396817,9853522590,16.6401,0.068033,athlete
891f99cdd7bffff,891f99cd9cbffff,7026396817,6274583816,17.8193,0.029048,athlete
891f99cdd7bffff,891f99cd9d3ffff,7026396817,6306034549,10.1511,0.488137,athlete
891f99cdd7bffff,891f99cd9d7ffff,7026396817,6219063996,14.9848,0.147293,athlete
891f99cdd7bffff,891f99cd9dbffff,7026396817,6251697193,13.9666,0.208231,athlete
891f99cdd7bffff,891f99cdc27ffff,7026396817,4889789431,17.2982,0.044355,athlete
891f99cdd7bffff,891f99cdc2fffff,7026396817,3735457859,18.3778,0.016146,athlete
891f99cdd7bffff,891f99cdd03ffff,7026396817,6547701840,16.5398,0.072055,athlete
891f99cdd7bffff,891f99cdd07ffff,7026396817,1889761004,18.4342,0.015047,athlete
891f99cdd7bffff,891f99cdd0bffff,7026396817,13289798704,13.2387,0.256461,athlete
891f99cdd7bffff,891f99cdd0fffff,7026396817,7013595399,13.5891,0.232809,athlete
891f99cdd7bffff,891f99cdd1bffff,7026396817,1295220984,16.4451,0.075948,athlete
891f99cdd7bffff,891f99cdd2bffff,7026396817,9769034838,15.1611,0.137611,athlete
891f99cdd7bffff,891f99cdd2fffff,7026396817,9621093945,19.1299,0.004662,athlete
891f99cdd7bffff,891f99cdd33ffff,7026396817,6497354633,18.7135,0.010175,athlete
891f99cdd7bffff,891f99cdd3bffff,7026396817,7013785674,16.216,0.085757,athlete
891f99cdd7bffff,891f99cdd43ffff,7026396817,4912632765,9.4113,0.546173,athlete
891f99cdd7bffff,891f99cdd47ffff,7026396817,9487098556,7.4481,0.695101,athlete
891f99cdd7bffff,891f99cdd4bffff,7026396817,7023815414,11.1667,0.408881,athlete
891f99cdd7bffff,891f99cdd4fffff,7026396817,27653866,5.4633,0.826913,athlete
891f99cdd7bffff,891f99cdd53ffff,7026396817,792050821,15.7135,0.109121,athlete
891f99cdd7bffff,891f99cdd57ffff,7026396817,12006473820,11.6637,0.370815,athlete
891f99cdd7bffff,891f99cdd5bffff,7026396817,7019773672,14.0428,0.203392,athlete
891f99cdd7bffff,891f99cdd63ffff,7026396817,9474270025,7.7615,0.672211,athlete
891f99cdd7bffff,891f99cdd67ffff,7026396817,10866880269,12.1581,0.333734,athlete
891f99cdd7bffff,891f99cdd6bffff,7026396817,6293459375,5.2035,0.842071,athlete
891f99cdd7bffff,891f99cdd6fffff,7026396817,1831777965,9.5476,0.535503,athlete
891f99cdd7bffff,891f99cdd73ffff,7026396817,9241485097,7.9401,0.658972,athlete
891f99cdd7bffff,891f99cdd77ffff,7026396817,4448818000,11.0527,0.417696,athlete
891f99cdd7bffff,891f99cdd7bffff,7026396817,7026396817,0.2725,0.999542,athlete
891f99cdd7bffff,891f99cddcbffff,7026396817,4660007270,19.0223,0.005884,athlete
891f99cdd7bffff,891f99cddcfffff,7026396817,8428297023,16.5576,0.071332,athlete
891f99cdd83ffff,891f99cc363ffff,6425221236,10893867504,13.2332,0.256838,athlete
891f99cdd83ffff,891f99cc367ffff,6425221236,6454118264,8.8082,0.59306,athlete
891f99cdd83ffff,891f99cc36bffff,6425221236,31774655,18.6761,0.010772,athlete
891f99cdd83ffff,891f99cc36fffff,6425221236,9860005625,11.4526,0.386899,athlete
891f99cdd83ffff,891f99cc373ffff,6425221236,613579689,15.5687,0.116317,athlete
891f99cdd83ffff,891f99cc377ffff,6425221236,1408208713,12.2503,0.326921,athlete
891f99cdd83ffff,891f99cc37bffff,6425221236,9625912703,17.5711,0.035954,athlete
891f99cdd83ffff,891f99cce4bffff,6425221236,3217982537,10.835,0.434604,athlete
891f99cdd83ffff,891f99cce4fffff,6425221236,4843310476,17.0667,0.052145,athlete
891f99cdd83ffff,891f99cdca7ffff,6425221236,31508518,19.4673,0.001749,athlete
891f99cdd83ffff,891f99cdd03ffff,6425221236,6547701840,13.8495,0.215753,athlete
891f99cdd83ffff,891f99cdd07ffff,6425221236,1889761004,17.6454,0.033812,athlete
891f99cdd83ffff,891f99cdd0bffff,6425221236,13289798704,16.723,0.064792,athlete
891f99cdd83ffff,891f99cdd0fffff,6425221236,7013595399,18.0132,0.024153,athlete
891f99cdd83ffff,891f99cdd13ffff,6425221236,1931861768,8.5608,0.612078,athlete
891f99cdd83ffff,891f99cdd17ffff,6425221236,774074162,11.251,0.402374,athlete
891f99cdd83ffff,891f99cdd1bffff,6425221236,1295220984,17.933,0.026123,athlete
891f99cdd83ffff,891f99cdd33ffff,6425221236,6497354633,19.0566,0.005481,athlete
891f99cdd83ffff,891f99cdd57ffff,6425221236,12006473820,18.0756,0.022671,athlete
891f99cdd83ffff,891f99cdd83ffff,6425221236,6425221236,0.0496,0.999985,athlete
891f99cdd83ffff,891f99cdd87ffff,6425221236,3857356857,7.3585,0.701561,athlete
891f99cdd83ffff,891f99cdd8bffff,6425221236,9860048758,6.3613,0.770477,athlete
891f99cdd83ffff,891f99cdd8fffff,6425221236,7010792148,5.7615,0.808836,athlete
891f99cdd83ffff,891f99cdd93ffff,6425221236,9487327105,5.8174,0.805374,athlete
891f99cdd83ffff,891f99cdd97ffff,6425221236,4456425432,5.7704,0.808289,athlete
891f99cdd83ffff,891f99cdd9bffff,6425221236,7007914585,6.1487,0.784366,athlete
891f99cdd83ffff,891f99cdda3ffff,6425221236,6567322295,15.7003,0.10977,athlete
891f99cdd83ffff,891f99cddabffff,6425221236,7279487455,13.8827,0.213609,athlete
891f99cdd83ffff,891f99cddafffff,6425221236,4942466112,17.5634,0.036179,athlete
891f99cdd83ffff,891f99cddb3ffff,6425221236,9101589210,12.2109,0.329825,athlete
891f99cdd83ffff,891f99cddb7ffff,6425221236,9101607422,17.597,0.035197,athlete
891f99cdd83ffff,891f99cddbbffff,6425221236,2614749100,9.7207,0.521925,athlete
891f99cdd83ffff,891f99cddc3ffff,6425221236,6483857419,13.9467,0.209505,athlete
891f99cdd83ffff,891f99cddc7ffff,6425221236,9860451546,9.4473,0.543351,athlete
891f99cdd83ffff,891f99cddcbffff,6425221236,4660007270,19.2399,0.00356,athlete
891f99cdd83ffff,891f99cddcfffff,6425221236,8428297023,16.9543,0.056139,athlete
891f99cdd83ffff,891f99cddd3ffff,6425221236,4898290839,14.2819,0.188489,athlete
891f99cdd83ffff,891f99cddd7ffff,6425221236,7008251083,8.9143,0.584857,athlete
891f99cdd83ffff,891f99cdddbffff,6425221236,31508111,19.5791,0.001092,athlete
891f99cdd87ffff,891f99cc363ffff,3857356857,10893867504,18.4465,0.014814,athlete
891f99cdd87ffff,891f99cc367ffff,3857356857,6454118264,13.3485,0.248969,athlete
891f99cdd87ffff,891f99cc36fffff,3857356857,9860005625,17.1569,0.049037,athlete
891f99cdd87ffff,891f99cc377ffff,3857356857,1408208713,17.3229,0.043562,athlete
891f99cdd87ffff,891f99ccadbffff,3857356857,2542799121,19.3185,0.002862,athlete
891f99cdd87ffff,891f99cce4bffff,3857356857,3217982537,5.4758,0.826165,athlete
891f99cdd87ffff,891f99cce4fffff,3857356857,4843310476,11.7074,0.3675,athlete
891f99cdd87ffff,891f99cce6bffff,3857356857,3857473458,18.5176,0.013494,athlete
891f99cdd87ffff,891f99cce7bffff,3857356857,8992468945,16.8911,0.058445,athlete
891f99cdd87ffff,891f99cdd03ffff,3857356857,6547701840,14.5107,0.17464,athlete
891f99cdd87ffff,891f99cdd07ffff,3857356857,1889761004,16.879,0.058892,athlete
891f99cdd87ffff,891f99cdd0bffff,3857356857,13289798704,18.6543,0.01113,athlete
891f99cdd87ffff,891f99cdd0fffff,3857356857,7013595399,18.6744,0.010801,athlete
891f99cdd87ffff,891f99cdd13ffff,3857356857,1931861768,12.5417,0.305637,athlete
891f99cdd87ffff,891f99cdd17ffff,3857356857,774074162,10.7322,0.442623,athlete
891f99cdd87ffff,891f99cdd1bffff,3857356857,1295220984,19.9716,5e-06,athlete
891f99cdd87ffff,891f99cdd33ffff,3857356857,6497354633,16.0919,0.091292,athlete
891f99cdd87ffff,891f99cdd37ffff,3857356857,9532724067,19.8182,0.000204,athlete
891f99cdd87ffff,891f99cdd83ffff,3857356857,6425221236,5.7992,0.806504,athlete
891f99cdd87ffff,891f99cdd87ffff,3857356857,3857356857,0.5847,0.997893,athlete
891f99cdd87ffff,891f99cdd8bffff,3857356857,9860048758,10.4252,0.46663,athlete
891f99cdd87ffff,891f99cdd8fffff,3857356857,7010792148,6.4227,0.766407,athlete
891f99cdd87ffff,891f99cdd93ffff,3857356857,9487327105,9.2334,0.560063,athlete
891f99cdd87ffff,891f99cdd97ffff,3857356857,4456425432,5.5166,0.82373,athlete
891f99cdd87ffff,891f99cdd9bffff,3857356857,7007914585,11.8321,0.358083,athlete
891f99cdd87ffff,891f99cdda3ffff,3857356857,6567322295,10.3411,0.473223,athlete
891f99cdd87ffff,891f99cdda7ffff,3857356857,8907627801,17.4267,0.040293,athlete
891f99cdd87ffff,891f99cddabffff,3857356857,7279487455,10.9719,0.423965,athlete
891f99cdd87ffff,891f99cddafffff,3857356857,4942466112,13.8988,0.212576,athlete
891f99cdd87ffff,891f99cddb3ffff,3857356857,9101589210,6.8517,0.737311,athlete
891f99cdd87ffff,891f99cddb7ffff,3857356857,9101607422,12.2378,0.327838,athlete
891f99cdd87ffff,891f99cddbbffff,3857356857,2614749100,6.7561,0.743894,athlete
891f99cdd87ffff,891f99cddc3ffff,3857356857,6483857419,19.6963,0.000569,athlete
891f99cdd87ffff,891f99cddc7ffff,3857356857,9860451546,14.7957,0.157972,athlete
891f99cdd87ffff,891f99cddd7ffff,3857356857,7008251083,14.6618,0.16572,athlete
891f99cdd8bffff,891f99cc363ffff,9860048758,10893867504,15.1602,0.137661,athlete
891f99cdd8bffff,891f99cc367ffff,9860048758,6454118264,10.9168,0.428242,athlete
891f99cdd8bffff,891f99cc36bffff,9860048758,31774655,15.4195,0.123931,athlete
891f99cdd8bffff,891f99cc36fffff,9860048758,9860005625,7.9763,0.656277,athlete
891f99cdd8bffff,891f99cc373ffff,9860048758,613579689,17.4956,0.038191,athlete
891f99cdd8bffff,891f99cc377ffff,9860048758,1408208713,14.1772,0.19496,athlete
891f99cdd8bffff,891f99cc37bffff,9860048758,9625912703,17.059,0.052413,athlete
891f99cdd8bffff,891f99cce4bffff,9860048758,3217982537,15.31,0.129654,athlete
891f99cdd8bffff,891f99cdc27ffff,9860048758,4889789431,18.5542,0.01284,athlete
891f99cdd8bffff,891f99cdc37ffff,9860048758,8177904261,19.099,0.004999,athlete
891f99cdd8bffff,891f99cdca3ffff,9860048758,9212595025,19.8624,0.000117,athlete
891f99cdd8bffff,891f99cdca7ffff,9860048758,31508518,15.8512,0.102468,athlete
891f99cdd8bffff,891f99cdcafffff,9860048758,395251657,18.7925,0.008968,athlete
891f99cdd8bffff,891f99cdcb7ffff,9860048758,6451403576,17.37,0.042062,athlete
891f99cdd8bffff,891f99cdd03ffff,9860048758,6547701840,11.0387,0.418779,athlete
891f99cdd8bffff,891f99cdd07ffff,9860048758,1889761004,15.1911,0.135993,athlete
891f99cdd8bffff,891f99cdd0bffff,9860048758,13289798704,13.7787,0.220345,athlete
891f99cdd8bffff,891f99cdd0fffff,9860048758,7013595399,15.2025,0.135383,athlete
891f99cdd8bffff,891f99cdd13ffff,9860048758,1931861768,5.6725,0.814302,athlete
891f99cdd8bffff,891f99cdd17ffff,9860048758,774074162,8.7968,0.593935,athlete
891f99cdd8bffff,891f99cdd1bffff,9860048758,1295220984,14.191,0.194106,athlete
891f99cdd8bffff,891f99cdd33ffff,9860048758,6497354633,17.8281,0.028818,athlete
891f99cdd8bffff,891f99cdd43ffff,9860048758,4912632765,19.2156,0.003791,athlete
891f99cdd8bffff,891f99cdd47ffff,9860048758,9487098556,18.2525,0.01872,athlete
891f99cdd8bffff,891f99cdd53ffff,9860048758,792050821,15.9479,0.097912,athlete
891f99cdd8bffff,891f99cdd57ffff,9860048758,12006473820,13.6943,0.225865,athlete
891f99cdd8bffff,891f99cdd73ffff,9860048758,9241485097,18.7394,0.009771,athlete
891f99cdd8bffff,891f99cdd77ffff,9860048758,4448818000,19.4378,0.001949,athlete
891f99cdd8bffff,891f99cdd83ffff,9860048758,6425221236,5.4579,0.827234,athlete
891f99cdd8bffff,891f99cdd87ffff,9860048758,3857356857,11.8335,0.35798,athlete
891f99cdd8bffff,891f99cdd8bffff,9860048758,9860048758,0.1458,0.999869,athlete
891f99cdd8bffff,891f99cdd8fffff,9860048758,7010792148,5.6464,0.815897,athlete
891f99cdd8bffff,891f99cdd93ffff,9860048758,9487327105,9.8803,0.509403,athlete
891f99cdd8bffff,891f99cdd97ffff,9860048758,4456425432,11.1786,0.40796,athlete
891f99cdd8bffff,891f99cdd9bffff,9860048758,7007914585,5.5782,0.820031,athlete
891f99cdd8bffff,891f99cdda3ffff,9860048758,6567322295,17.7841,0.029985,athlete
891f99cdd8bffff,891f99cddabffff,9860048758,7279487455,12.6732,0.296162,athlete
891f99cdd8bffff,891f99cddafffff,9860048758,4942466112,18.6749,0.010793,athlete
891f99cdd8bffff,891f99cddb3ffff,9860048758,9101589210,15.4617,0.121756,athlete
891f99cdd8bffff,891f99cddbbffff,9860048758,2614749100,11.4642,0.386011,athlete
891f99cdd8bffff,891f99cddc3ffff,9860048758,6483857419,9.6899,0.524348,athlete
891f99cdd8bffff,891f99cddc7ffff,9860048758,9860451546,5.0131,0.852823,athlete
891f99cdd8bffff,891f99cddcbffff,9860048758,4660007270,14.8612,0.15424,athlete
891f99cdd8bffff,891f99cddcfffff,9860048758,8428297023,12.5756,0.303189,athlete
891f99cdd8bffff,891f99cddd3ffff,9860048758,4898290839,10.6269,0.450845,athlete
891f99cdd8bffff,891f99cddd7ffff,9860048758,7008251083,5.2982,0.83661,athlete
891f99cdd8bffff,891f99cdddbffff,9860048758,31508111,15.9241,0.099024,athlete
891f99cdd8fffff,891f99cc363ffff,7010792148,10893867504,18.5332,0.013213,athlete
891f99cdd8fffff,891f99cc367ffff,7010792148,6454118264,14.1081,0.199281,athlete
891f99cdd8fffff,891f99cc36fffff,7010792148,9860005625,13.637,0.229635,athlete
891f99cdd8fffff,891f99cc377ffff,7010792148,1408208713,17.5502,0.036566,athlete
891f99cdd8fffff,891f99cce4bffff,7010792148,3217982537,11.4048,0.390557,athlete
891f99cdd8fffff,891f99cce4fffff,7010792148,4843310476,16.9226,0.057288,athlete
891f99cdd8fffff,891f99cdd03ffff,7010792148,6547701840,8.9586,0.581428,athlete
891f99cdd8fffff,891f99cdd07ffff,7010792148,1889761004,12.7545,0.290351,athlete
891f99cdd8fffff,891f99cdd0bffff,7010792148,13289798704,13.1022,0.265882,athlete
891f99cdd8fffff,891f99cdd0fffff,7010792148,7013595399,13.1223,0.264488,athlete
891f99cdd8fffff,891f99cdd13ffff,7010792148,1931861768,7.5992,0.684119,athlete
891f99cdd8fffff,891f99cdd17ffff,7010792148,774074162,6.3602,0.770549,athlete
891f99cdd8fffff,891f99cdd1bffff,7010792148,1295220984,14.4196,0.180106,athlete
891f99cdd8fffff,891f99cdd23ffff,7010792148,6490328116,19.2541,0.003428,athlete
891f99cdd8fffff,891f99cdd33ffff,7010792148,6497354633,15.3914,0.125392,athlete
891f99cdd8fffff,891f99cdd3bffff,7010792148,7013785674,18.1121,0.021826,athlete
891f99cdd8fffff,891f99cdd43ffff,7010792148,4912632765,19.5731,0.001124,athlete
891f99cdd8fffff,891f99cdd47ffff,7010792148,9487098556,18.1221,0.021597,athlete
891f99cdd8fffff,891f99cdd53ffff,7010792148,792050821,19.1114,0.004862,athlete
891f99cdd8fffff,891f99cdd57ffff,7010792148,12006473820,14.9838,0.14735,athlete
891f99cdd8fffff,891f99cdd73ffff,7010792148,9241485097,18.0629,0.022968,athlete
891f99cdd8fffff,891f99cdd77ffff,7010792148,4448818000,17.3576,0.042455,athlete
891f99cdd8fffff,891f99cdd83ffff,7010792148,6425221236,5.3495,0.833618,athlete
891f99cdd8fffff,891f99cdd87ffff,7010792148,3857356857,7.9283,0.659854,athlete
891f99cdd8fffff,891f99cdd8bffff,7010792148,9860048758,5.8065,0.806052,athlete
891f99cdd8fffff,891f99cdd8fffff,7010792148,7010792148,0.8706,0.995332,athlete
891f99cdd8fffff,891f99cdd93ffff,7010792148,9487327105,10.8431,0.43398,athlete
891f99cdd8fffff,891f99cdd97ffff,7010792148,4456425432,10.3741,0.470636,athlete
891f99cdd8fffff,891f99cdd9bffff,7010792148,7007914585,11.2389,0.403311,athlete
891f99cdd8fffff,891f99cdda3ffff,7010792148,6567322295,13.9826,0.207214,athlete
891f99cdd8fffff,891f99cddabffff,7010792148,7279487455,10.2366,0.481426,athlete
891f99cdd8fffff,891f99cddafffff,7010792148,4942466112,15.7985,0.104993,athlete
891f99cdd8fffff,891f99cddb3ffff,7010792148,9101589210,11.3921,0.391537,athlete
891f99cdd8fffff,891f99cddb7ffff,7010792148,9101607422,16.6337,0.068287,athlete
891f99cdd8fffff,891f99cddbbffff,7010792148,2614749100,7.9559,0.657798,athlete
891f99cdd8fffff,891f99cddc3ffff,7010792148,6483857419,14.7931,0.158121,athlete
891f99cdd8fffff,891f99cddc7ffff,7010792148,9860451546,9.872,0.51005,athlete
891f99cdd8fffff,891f99cddcbffff,7010792148,4660007270,19.1655,0.00429,athlete
891f99cdd8fffff,891f99cddcfffff,7010792148,8428297023,16.2764,0.083117,athlete
891f99cdd8fffff,891f99cddd3ffff,7010792148,4898290839,16.0574,0.092857,athlete
891f99cdd8fffff,891f99cddd7ffff,7010792148,7008251083,10.9589,0.42497,athlete
891f99cdd93ffff,891f99cc34fffff,9487327105,9532612444,19.648,0.000764,athlete
891f99cdd93ffff,891f99cc363ffff,9487327105,10893867504,11.5826,0.376977,athlete
891f99cdd93ffff,891f99cc367ffff,9487327105,6454118264,6.4847,0.762275,athlete
891f99cdd93ffff,891f99cc36bffff,9487327105,31774655,17.293,0.044526,athlete
891f99cdd93ffff,891f99cc36fffff,9487327105,9860005625,11.5458,0.379785,athlete
891f99cdd93ffff,891f99cc373ffff,9487327105,613579689,13.9181,0.211339,athlete
891f99cdd93ffff,891f99cc377ffff,9487327105,1408208713,10.459,0.463979,athlete
891f99cdd93ffff,891f99cc37bffff,9487327105,9625912703,16.0378,0.093752,athlete
891f99cdd93ffff,891f99cce4bffff,9487327105,3217982537,12.5085,0.308044,athlete
891f99cdd93ffff,891f99cce4fffff,9487327105,4843310476,19.4413,0.001924,athlete
891f99cdd93ffff,891f99cdca7ffff,9487327105,31508518,19.6932,0.00058,athlete
891f99cdd93ffff,891f99cdd03ffff,9487327105,6547701840,18.2584,0.018594,athlete
891f99cdd93ffff,891f99cdd13ffff,9487327105,1931861768,13.901,0.212433,athlete
891f99cdd93ffff,891f99cdd17ffff,9487327105,774074162,15.6599,0.11176,athlete
891f99cdd93ffff,891f99cdd83ffff,9487327105,6425221236,5.3899,0.831253,athlete
891f99cdd93ffff,891f99cdd87ffff,9487327105,3857356857,10.2731,0.47856,athlete
891f99cdd93ffff,891f99cdd8bffff,9487327105,9860048758,10.1858,0.485411,athlete
891f99cdd93ffff,891f99cdd8fffff,9487327105,7010792148,10.1704,0.486618,athlete
891f99cdd93ffff,891f99cdd93ffff,9487327105,9487327105,0.5293,0.998273,athlete
891f99cdd93ffff,891f99cdd97ffff,9487327105,4456425432,6.7749,0.742606,athlete
891f99cdd93ffff,891f99cdd9bffff,9487327105,7007914585,8.042,0.651366,athlete
891f99cdd93ffff,891f99cdda3ffff,9487327105,6567322295,18.6149,0.011788,athlete
891f99cdd93ffff,891f99cddabffff,9487327105,7279487455,17.3976,0.041197,athlete
891f99cdd93ffff,891f99cddb3ffff,9487327105,9101589210,15.1255,0.139547,athlete
891f99cdd93ffff,891f99cddbbffff,9487327105,2614749100,13.1818,0.260375,athlete
891f99cdd93ffff,891f99cddc3ffff,9487327105,6483857419,15.8018,0.104838,athlete
891f99cdd93ffff,891f99cddc7ffff,9487327105,9860451546,13.195,0.259468,athlete
891f99cdd93ffff,891f99cddd3ffff,9487327105,4898290839,15.345,0.127818,athlete
891f99cdd93ffff,891f99cddd7ffff,9487327105,7008251083,11.8715,0.35512,athlete
891f99cdd97ffff,891f99cc363ffff,4456425432,10893867504,17.2799,0.044949,athlete
891f99cdd97ffff,891f99cc367ffff,4456425432,6454118264,12.182,0.331964,athlete
891f99cdd97ffff,891f99cc36fffff,4456425432,9860005625,16.9419,0.056588,athlete
891f99cdd97ffff,891f99cc373ffff,4456425432,613579689,19.6154,0.000912,athlete
891f99cdd97ffff,891f99cc377ffff,4456425432,1408208713,16.1563,0.088397,athlete
891f99cdd97ffff,891f99cce4bffff,4456425432,3217982537,6.6863,0.74866,athlete
891f99cdd97ffff,891f99cce4fffff,4456425432,4843310476,13.6192,0.230816,athlete
891f99cdd97ffff,891f99cce7bffff,4456425432,8992468945,18.8642,0.007936,athlete
891f99cdd97ffff,891f99cdd03ffff,4456425432,6547701840,18.4131,0.015453,athlete
891f99cdd97ffff,891f99cdd13ffff,4456425432,1931861768,14.4524,0.17813,athlete
891f99cdd97ffff,891f99cdd17ffff,4456425432,774074162,15.8147,0.104216,athlete
891f99cdd97ffff,891f99cdd83ffff,4456425432,6425221236,6.1941,0.781424,athlete
891f99cdd97ffff,891f99cdd87ffff,4456425432,3857356857,6.9058,0.733566,athlete
891f99cdd97ffff,891f99cdd8bffff,4456425432,9860048758,12.2766,0.324979,athlete
891f99cdd97ffff,891f99cdd8fffff,4456425432,7010792148,10.3252,0.474472,athlete
891f99cdd97ffff,891f99cdd93ffff,4456425432,9487327105,7.9487,0.658335,athlete
891f99cdd97ffff,891f99cdd97ffff,4456425432,4456425432,0.6911,0.997057,athlete
891f99cdd97ffff,891f99cdd9bffff,4456425432,7007914585,12.0346,0.342913,athlete
891f99cdd97ffff,891f99cdda3ffff,4456425432,6567322295,13.3786,0.246931,athlete
891f99cdd97ffff,891f99cdda7ffff,4456425432,8907627801,19.7802,0.000298,athlete
891f99cdd97ffff,891f99cddabffff,4456425432,7279487455,16.2941,0.082353,athlete
891f99cdd97ffff,891f99cddafffff,4456425432,4942466112,18.4242,0.01524,athlete
891f99cdd97ffff,891f99cddb3ffff,4456425432,9101589210,9.4639,0.542058,athlete
891f99cdd97ffff,891f99cddb7ffff,4456425432,9101607422,14.211,0.192867,athlete
891f99cdd97ffff,891f99cddbbffff,4456425432,2614749100,12.0783,0.339658,athlete
891f99cdd97ffff,891f99cddc7ffff,4456425432,9860451546,15.5411,0.117707,athlete
891f99cdd97ffff,891f99cddd7ffff,4456425432,7008251083,14.9667,0.148301,athlete
891f99cdd9bffff,891f99cc347ffff,7007914585,6429323327,18.9481,0.00681,athlete
891f99cdd9bffff,891f99cc34fffff,7007914585,9532612444,18.3614,0.016472,athlete
891f99cdd9bffff,891f99cc363ffff,7007914585,10893867504,10.296,0.476758,athlete
891f99cdd9bffff,891f99cc367ffff,7007914585,6454118264,6.0526,0.790539,athlete
891f99cdd9bffff,891f99cc36bffff,7007914585,31774655,13.7603,0.221543,athlete
891f99cdd9bffff,891f99cc36fffff,7007914585,9860005625,6.1519,0.784161,athlete
891f99cdd9bffff,891f99cc373ffff,7007914585,613579689,12.6314,0.299162,athlete
891f99cdd9bffff,891f99cc377ffff,7007914585,1408208713,9.3131,0.553848,athlete
891f99cdd9bffff,891f99cc37bffff,7007914585,9625912703,14.6338,0.167356,athlete
891f99cdd9bffff,891f99cce4bffff,7007914585,3217982537,15.9082,0.099769,athlete
891f99cdd9bffff,891f99cdc37ffff,7007914585,8177904261,19.349,0.002612,athlete
891f99cdd9bffff,891f99cdca3ffff,7007914585,9212595025,18.3105,0.017504,athlete
891f99cdd9bffff,891f99cdca7ffff,7007914585,31508518,14.2993,0.187421,athlete
891f99cdd9bffff,891f99cdcafffff,7007914585,395251657,18.1166,0.021721,athlete
891f99cdd9bffff,891f99cdcb7ffff,7007914585,6451403576,15.8181,0.104053,athlete
891f99cdd9bffff,891f99cdd03ffff,7007914585,6547701840,16.4814,0.074447,athlete
891f99cdd9bffff,891f99cdd0bffff,7007914585,13289798704,18.3594,0.016512,athlete
891f99cdd9bffff,891f99cdd13ffff,7007914585,1931861768,11.1151,0.412864,athlete
891f99cdd9bffff,891f99cdd17ffff,7007914585,774074162,14.2136,0.192703,athlete
891f99cdd9bffff,891f99cdd1bffff,7007914585,1295220984,18.7083,0.010256,athlete
891f99cdd9bffff,891f99cdd53ffff,7007914585,792050821,18.1906,0.020059,athlete
891f99cdd9bffff,891f99cdd57ffff,7007914585,12006473820,16.0654,0.092494,athlete
891f99cdd9bffff,891f99cdd83ffff,7007914585,6425221236,5.9621,0.796294,athlete
891f99cdd9bffff,891f99cdd87ffff,7007914585,3857356857,12.93,0.277917,athlete
891f99cdd9bffff,891f99cdd8bffff,7007914585,9860048758,5.6308,0.816844,athlete
891f99cdd9bffff,891f99cdd8fffff,7007914585,7010792148,10.9441,0.42612,athlete
891f99cdd9bffff,891f99cdd93ffff,7007914585,9487327105,7.3407,0.702842,athlete
891f99cdd9bffff,891f99cdd97ffff,7007914585,4456425432,10.1746,0.486287,athlete
891f99cdd9bffff,891f99cdd9bffff,7007914585,7007914585,0.7039,0.996947,athlete
891f99cdd9bffff,891f99cddabffff,7007914585,7279487455,18.09,0.022335,athlete
891f99cdd9bffff,891f99cddb3ffff,7007914585,9101589210,17.7824,0.030029,athlete
891f99cdd9bffff,891f99cddbbffff,7007914585,2614749100,15.4549,0.122108,athlete
891f99cdd9bffff,891f99cddc3ffff,7007914585,6483857419,10.4078,0.46799,athlete
891f99cdd9bffff,891f99cddc7ffff,7007914585,9860451546,8.4171,0.62304,athlete
891f99cdd9bffff,891f99cddcbffff,7007914585,4660007270,16.425,0.076787,athlete
891f99cdd9bffff,891f99cddcfffff,7007914585,8428297023,14.9441,0.149565,athlete
891f99cdd9bffff,891f99cddd3ffff,7007914585,4898290839,9.951,0.503846,athlete
891f99cdd9bffff,891f99cddd7ffff,7007914585,7008251083,6.1188,0.786291,athlete
891f99cdd9bffff,891f99cdddbffff,7007914585,31508111,15.2483,0.132932,athlete
891f99cdda3ffff,891f99cca53ffff,6567322295,9532073664,16.883,0.058743,athlete
891f99cdda3ffff,891f99cca5bffff,6567322295,6808340953,17.6552,0.033533,athlete
891f99cdda3ffff,891f99cca9bffff,6567322295,2494994075,19.8999,6.2e-05,athlete
891f99cdda3ffff,891f99ccac3ffff,6567322295,9534410437,14.048,0.203064,athlete
891f99cdda3ffff,891f99ccacbffff,6567322295,9621184875,11.514,0.382212,athlete
891f99cdda3ffff,891f99ccacfffff,6567322295,9548007944,16.1906,0.086876,athlete
891f99cdda3ffff,891f99ccad3ffff,6567322295,8922362824,12.2442,0.327366,athlete
891f99cdda3ffff,891f99ccad7ffff,6567322295,5497091057,17.7675,0.03043,athlete
891f99cdda3ffff,891f99ccadbffff,6567322295,2542799121,10.5224,0.459018,athlete
891f99cdda3ffff,891f99cce4bffff,6567322295,3217982537,9.6005,0.531355,athlete
891f99cdda3ffff,891f99cce4fffff,6567322295,4843310476,9.0659,0.573105,athlete
891f99cdda3ffff,891f99cce6bffff,6567322295,3857473458,10.9599,0.424899,athlete
891f99cdda3ffff,891f99cce6fffff,6567322295,9154957419,15.8348,0.103252,athlete
891f99cdda3ffff,891f99cce7bffff,6567322295,8992468945,10.1766,0.486135,athlete
891f99cdda3ffff,891f99cdd03ffff,6567322295,6547701840,15.5072,0.119429,athlete
891f99cdda3ffff,891f99cdd07ffff,6567322295,1889761004,12.6941,0.294665,athlete
891f99cdda3ffff,891f99cdd0fffff,6567322295,7013595399,17.3372,0.043103,athlete
891f99cdda3ffff,891f99cdd13ffff,6567322295,1931861768,18.1086,0.021904,athlete
891f99cdda3ffff,891f99cdd17ffff,6567322295,774074162,10.1054,0.491722,athlete
891f99cdda3ffff,891f99cdd23ffff,6567322295,6490328116,12.8382,0.2844,athlete
891f99cdda3ffff,891f99cdd27ffff,6567322295,6792684819,12.5541,0.304739,athlete
891f99cdda3ffff,891f99cdd2bffff,6567322295,9769034838,17.7745,0.03024,athlete
891f99cdda3ffff,891f99cdd2fffff,6567322295,9621093945,16.2084,0.086091,athlete
891f99cdda3ffff,891f99cdd33ffff,6567322295,6497354633,9.2113,0.561787,athlete
891f99cdda3ffff,891f99cdd37ffff,6567322295,9532724067,11.3565,0.394267,athlete
891f99cdda3ffff,891f99cdd3bffff,6567322295,7013785674,15.8166,0.104125,athlete
891f99cdda3ffff,891f99cdd77ffff,6567322295,4448818000,18.9572,0.006693,athlete
891f99cdda3ffff,891f99cdd83ffff,6567322295,6425221236,14.2436,0.19085,athlete
891f99cdda3ffff,891f99cdd87ffff,6567322295,3857356857,10.4437,0.465183,athlete
891f99cdda3ffff,891f99cdd8bffff,6567322295,9860048758,17.347,0.042793,athlete
891f99cdda3ffff,891f99cdd8fffff,6567322295,7010792148,14.1297,0.197931,athlete
891f99cdda3ffff,891f99cdd93ffff,6567322295,9487327105,17.6778,0.032897,athlete
891f99cdda3ffff,891f99cdd97ffff,6567322295,4456425432,12.1422,0.334906,athlete
891f99cdda3ffff,891f99cdda3ffff,6567322295,6567322295,0.4352,0.998832,athlete
891f99cdda3ffff,891f99cdda7ffff,6567322295,8907627801,9.2346,0.559971,athlete
891f99cdda3ffff,891f99cddabffff,6567322295,7279487455,6.787,0.741771,athlete
891f99cdda3ffff,891f99cddafffff,6567322295,4942466112,5.4809,0.825866,athlete
891f99cdda3ffff,891f99cddb3ffff,6567322295,9101589210,5.8941,0.80058,athlete
891f99cdda3ffff,891f99cddb7ffff,6567322295,9101607422,5.8252,0.804885,athlete
891f99cdda3ffff,891f99cddbbffff,6567322295,2614749100,5.8422,0.803829,athlete
891f99cdda7ffff,891f99cca53ffff,8907627801,9532073664,15.4214,0.123835,athlete
891f99cdda7ffff,891f99cca5bffff,8907627801,6808340953,17.3019,0.044236,athlete
891f99cdda7ffff,891f99cca9bffff,8907627801,2494994075,13.7664,0.221145,athlete
891f99cdda7ffff,891f99ccac3ffff,8907627801,9534410437,8.837,0.590838,athlete
891f99cdda7ffff,891f99ccacbffff,8907627801,9621184875,10.461,0.463828,athlete
891f99cdda7ffff,891f99ccacfffff,8907627801,9548007944,12.6159,0.300279,athlete
891f99cdda7ffff,891f99ccad3ffff,8907627801,8922362824,6.4552,0.764244,athlete
891f99cdda7ffff,891f99ccad7ffff,8907627801,5497091057,11.7537,0.364002,athlete
891f99cdda7ffff,891f99ccadbffff,8907627801,2542799121,6.7572,0.743814,athlete
891f99cdda7ffff,891f99cce4bffff,8907627801,3217982537,13.657,0.228318,athlete
891f99cdda7ffff,891f99cce4fffff,8907627801,4843310476,12.7244,0.2925,athlete
891f99cdda7ffff,891f99cce6bffff,8907627801,3857473458,7.5286,0.689261,athlete
891f99cdda7ffff,891f99cce6fffff,8907627801,9154957419,9.7013,0.523451,athlete
891f99cdda7ffff,891f99cce7bffff,8907627801,8992468945,10.4696,0.463152,athlete
891f99cdda7ffff,891f99cdd07ffff,8907627801,1889761004,16.1232,0.089878,athlete
891f99cdda7ffff,891f99cdd17ffff,8907627801,774074162,16.9746,0.055408,athlete
891f99cdda7ffff,891f99cdd23ffff,8907627801,6490328116,13.6743,0.227175,athlete
891f99cdda7ffff,891f99cdd27ffff,8907627801,6792684819,12.79,0.287824,athlete
891f99cdda7ffff,891f99cdd2bffff,8907627801,9769034838,18.9891,0.00629,athlete
891f99cdda7ffff,891f99cdd2fffff,8907627801,9621093945,16.7703,0.062975,athlete
891f99cdda7ffff,891f99cdd33ffff,8907627801,6497354633,11.2818,0.400006,athlete
891f99cdda7ffff,891f99cdd37ffff,8907627801,9532724067,11.9184,0.351596,athlete
891f99cdda7ffff,891f99cdd3bffff,8907627801,7013785674,17.9744,0.025097,athlete
891f99cdda7ffff,891f99cdd87ffff,8907627801,3857356857,17.6703,0.033107,athlete
891f99cdda7ffff,891f99cdd97ffff,8907627801,4456425432,18.7612,0.009437,athlete
891f99cdda7ffff,891f99cdda3ffff,8907627801,6567322295,9.5633,0.534272,athlete
891f99cdda7ffff,891f99cdda7ffff,8907627801,8907627801,0.2498,0.999615,athlete
891f99cdda7ffff,891f99cddabffff,8907627801,7279487455,12.5742,0.303286,athlete
891f99cdda7ffff,891f99cddafffff,8907627801,4942466112,6.6802,0.749079,athlete
891f99cdda7ffff,891f99cddb3ffff,8907627801,9101589210,11.9296,0.35076,athlete
891f99cdda7ffff,891f99cddb7ffff,8907627801,9101607422,8.267,0.634434,athlete
891f99cdda7ffff,891f99cddbbffff,8907627801,2614749100,13.5033,0.238528,athlete
891f99cddabffff,891f99cca53ffff,7279487455,9532073664,19.3158,0.002885,athlete
891f99cddabffff,891f99cca5bffff,7279487455,6808340953,19.0466,0.005596,athlete
891f99cddabffff,891f99ccac3ffff,7279487455,9534410437,17.2405,0.046242,athlete
891f99cddabffff,891f99ccacbffff,7279487455,9621184875,14.25,0.190453,athlete
891f99cddabffff,891f99ccacfffff,7279487455,9548007944,19.1126,0.00485,athlete
891f99cddabffff,891f99ccad3ffff,7279487455,8922362824,15.6739,0.111071,athlete
891f99cddabffff,891f99ccadbffff,7279487455,2542799121,13.7148,0.224515,athlete
891f99cddabffff,891f99cce4bffff,7279487455,3217982537,14.729,0.161811,athlete
891f99cddabffff,891f99cce4fffff,7279487455,4843310476,14.7497,0.160617,athlete
891f99cddabffff,891f99cce6bffff,7279487455,3857473458,15.5478,0.11737,athlete
891f99cddabffff,891f99cce7bffff,7279487455,8992468945,16.1769,0.087484,athlete
891f99cddabffff,891f99cd993ffff,7279487455,9476330915,18.4123,0.015469,athlete
891f99cddabffff,891f99cdd03ffff,7279487455,6547701840,10.3284,0.47422,athlete
891f99cddabffff,891f99cdd07ffff,7279487455,1889761004,6.1141,0.786596,athlete
891f99cddabffff,891f99cdd0bffff,7279487455,13289798704,15.2577,0.132429,athlete
891f99cddabffff,891f99cdd0fffff,7279487455,7013595399,11.62,0.374136,athlete
891f99cddabffff,891f99cdd13ffff,7279487455,1931861768,14.3305,0.185513,athlete
891f99cddabffff,891f99cdd17ffff,7279487455,774074162,5.6805,0.813817,athlete
891f99cddabffff,891f99cdd1bffff,7279487455,1295220984,18.2018,0.019814,athlete
891f99cddabffff,891f99cdd23ffff,7279487455,6490328116,10.5704,0.455258,athlete
891f99cddabffff,891f99cdd27ffff,7279487455,6792684819,14.2906,0.187954,athlete
891f99cddabffff,891f99cdd2bffff,7279487455,9769034838,13.9154,0.211512,athlete
891f99cddabffff,891f99cdd2fffff,7279487455,9621093945,15.6266,0.113414,athlete
891f99cddabffff,891f99cdd33ffff,7279487455,6497354633,6.3164,0.773432,athlete
891f99cddabffff,891f99cdd37ffff,7279487455,9532724067,11.5661,0.378236,athlete
891f99cddabffff,891f99cdd3bffff,7279487455,7013785674,11.1514,0.410065,athlete
891f99cddabffff,891f99cdd57ffff,7279487455,12006473820,18.3517,0.016665,athlete
891f99cddabffff,891f99cdd63ffff,7279487455,9474270025,18.7289,0.009933,athlete
891f99cddabffff,891f99cdd67ffff,7279487455,10866880269,18.6152,0.011783,athlete
891f99cddabffff,891f99cdd73ffff,7279487455,9241485097,18.0171,0.024059,athlete
891f99cddabffff,891f99cdd77ffff,7279487455,4448818000,13.5738,0.233828,athlete
891f99cddabffff,891f99cdd83ffff,7279487455,6425221236,15.2378,0.133488,athlete
891f99cddabffff,891f99cdd87ffff,7279487455,3857356857,13.6232,0.23055,athlete
891f99cddabffff,891f99cdd8bffff,7279487455,9860048758,13.6795,0.226834,athlete
891f99cddabffff,891f99cdd8fffff,7279487455,7010792148,11.4843,0.384479,athlete
891f99cddabffff,891f99cdd93ffff,7279487455,9487327105,18.8426,0.008241,athlete
891f99cddabffff,891f99cdd97ffff,7279487455,4456425432,17.1505,0.049255,athlete
891f99cddabffff,891f99cdd9bffff,7279487455,7007914585,19.1119,0.004857,athlete
891f99cddabffff,891f99cdda3ffff,7279487455,6567322295,8.0232,0.652772,athlete
891f99cddabffff,891f99cdda7ffff,7279487455,8907627801,12.8366,0.28451,athlete
891f99cddabffff,891f99cddabffff,7279487455,7279487455,0.207,0.999736,athlete
891f99cddabffff,891f99cddafffff,7279487455,4942466112,6.9526,0.730306,athlete
891f99cddabffff,891f99cddb3ffff,7279487455,9101589210,11.1564,0.409678,athlete
891f99cddabffff,891f99cddb7ffff,7279487455,9101607422,11.5091,0.382584,athlete
891f99cddabffff,891f99cddbbffff,7279487455,2614749100,5.4061,0.830294,athlete
891f99cddabffff,891f99cddc7ffff,7279487455,9860451546,16.8307,0.06069,athlete
891f99cddabffff,891f99cddd7ffff,7279487455,7008251083,18.832,0.008392,athlete
891f99cddafffff,891f99cca43ffff,4942466112,513307586,18.2786,0.018167,athlete
891f99cddafffff,891f99cca53ffff,4942466112,9532073664,13.5934,0.232525,athlete
891f99cddafffff,891f99cca5bffff,4942466112,6808340953,14.3062,0.186999,athlete
891f99cddafffff,891f99cca9bffff,4942466112,2494994075,17.4112,0.040775,athlete
891f99cddafffff,891f99ccac3ffff,4942466112,9534410437,10.7955,0.437682,athlete
891f99cddafffff,891f99ccacbffff,4942466112,9621184875,8.2243,0.63766,athlete
891f99cddafffff,891f99ccacfffff,4942466112,9548007944,12.9381,0.277348,athlete
891f99cddafffff,891f99ccad3ffff,4942466112,8922362824,9.141,0.567259,athlete
891f99cddafffff,891f99ccad7ffff,4942466112,5497091057,14.6643,0.165573,athlete
891f99cddafffff,891f99ccadbffff,4942466112,2542799121,7.2699,0.707911,athlete
891f99cddafffff,891f99cce4bffff,4942466112,3217982537,14.6415,0.166907,athlete
891f99cddafffff,891f99cce4fffff,4942466112,4843310476,13.9505,0.209261,athlete
891f99cddafffff,891f99cce6bffff,4942466112,3857473458,10.4852,0.461933,athlete
891f99cddafffff,891f99cce6fffff,4942466112,9154957419,13.5284,0.236852,athlete
891f99cddafffff,891f99cce7bffff,4942466112,8992468945,13.1693,0.261237,athlete
891f99cddafffff,891f99cd983ffff,4942466112,9577976786,19.8168,0.000207,athlete
891f99cddafffff,891f99cd993ffff,4942466112,9476330915,16.0138,0.094854,athlete
891f99cddafffff,891f99cd997ffff,4942466112,9620952677,17.4665,0.039074,athlete
891f99cddafffff,891f99cdd03ffff,4942466112,6547701840,14.9103,0.151461,athlete
891f99cddafffff,891f99cdd07ffff,4942466112,1889761004,9.8628,0.510776,athlete
891f99cddafffff,891f99cdd0bffff,4942466112,13289798704,18.773,0.009258,athlete
891f99cddafffff,891f99cdd0fffff,4942466112,7013595399,13.8065,0.218534,athlete
891f99cddafffff,891f99cdd13ffff,4942466112,1931861768,19.7616,0.00035,athlete
891f99cddafffff,891f99cdd17ffff,4942466112,774074162,11.1116,0.413138,athlete
891f99cddafffff,891f99cdd23ffff,4942466112,6490328116,8.2748,0.633844,athlete
891f99cddafffff,891f99cdd27ffff,4942466112,6792684819,9.2051,0.562269,athlete
891f99cddafffff,891f99cdd2bffff,4942466112,9769034838,13.3089,0.251662,athlete
891f99cddafffff,891f99cdd2fffff,4942466112,9621093945,12.5137,0.307668,athlete
891f99cddafffff,891f99cdd33ffff,4942466112,6497354633,5.2593,0.838865,athlete
891f99cddafffff,891f99cdd37ffff,4942466112,9532724067,7.7946,0.669768,athlete
891f99cddafffff,891f99cdd3bffff,4942466112,7013785674,11.9519,0.349092,athlete
891f99cddafffff,891f99cdd67ffff,4942466112,10866880269,18.4469,0.014806,athlete
891f99cddafffff,891f99cdd73ffff,4942466112,9241485097,19.7273,0.000459,athlete
891f99cddafffff,891f99cdd77ffff,4942466112,4448818000,15.2165,0.134627,athlete
891f99cddafffff,891f99cdd83ffff,4942466112,6425221236,17.505,0.037911,athlete
891f99cddafffff,891f99cdd87ffff,4942466112,3857356857,14.9127,0.151325,athlete
891f99cddafffff,891f99cdd8bffff,4942466112,9860048758,19.1107,0.004871,athlete
891f99cddafffff,891f99cdd8fffff,4942466112,7010792148,16.7584,0.063428,athlete
891f99cddafffff,891f99cdd97ffff,4942466112,4456425432,17.4186,0.040543,athlete
891f99cddafffff,891f99cdda3ffff,4942466112,6567322295,5.7978,0.806591,athlete
891f99cddafffff,891f99cdda7ffff,4942466112,8907627801,6.3038,0.774262,athlete
891f99cddafffff,891f99cddabffff,4942466112,7279487455,6.3138,0.773607,athlete
891f99cddafffff,891f99cddafffff,4942466112,4942466112,0.196,0.999763,athlete
891f99cddafffff,891f99cddb3ffff,4942466112,9101589210,10.9351,0.426822,athlete
891f99cddafffff,891f99cddb7ffff,4942466112,9101607422,10.3849,0.469785,athlete
891f99cddafffff,891f99cddbbffff,4942466112,2614749100,8.1273,0.644968,athlete
891f99cddb3ffff,891f99cc367ffff,9101589210,6454118264,18.4066,0.01558,athlete
891f99cddb3ffff,891f99ccac3ffff,9101589210,9534410437,16.5673,0.070941,athlete
891f99cddb3ffff,891f99ccacbffff,9101589210,9621184875,15.3328,0.128455,athlete
891f99cddb3ffff,891f99ccacfffff,9101589210,9548007944,19.3867,0.002318,athlete
891f99cddb3ffff,891f99ccad3ffff,9101589210,8922362824,14.5487,0.172375,athlete
891f99cddb3ffff,891f99ccadbffff,9101589210,2542799121,13.379,0.246903,athlete
891f99cddb3ffff,891f99cce4bffff,9101589210,3217982537,5.4345,0.828619,athlete
891f99cddb3ffff,891f99cce4fffff,9101589210,4843310476,6.4311,0.765846,athlete
891f99cddb3ffff,891f99cce6bffff,9101589210,3857473458,12.5781,0.303009,athlete
891f99cddb3ffff,891f99cce6fffff,9101589210,9154957419,17.9795,0.024973,athlete
891f99cddb3ffff,891f99cce7bffff,9101589210,8992468945,11.1827,0.407646,athlete
891f99cddb3ffff,891f99cdd03ffff,9101589210,6547701840,15.694,0.11008,athlete
891f99cddb3ffff,891f99cdd07ffff,9101589210,1889761004,15.8869,0.100774,athlete
891f99cddb3ffff,891f99cdd0fffff,9101589210,7013595399,19.7454,0.0004,athlete
891f99cddb3ffff,891f99cdd13ffff,9101589210,1931861768,16.4174,0.077105,athlete
891f99cddb3ffff,891f99cdd17ffff,9101589210,774074162,11.1647,0.409032,athlete
891f99cddb3ffff,891f99cdd23ffff,9101589210,6490328116,17.839,0.028531,athlete
891f99cddb3ffff,891f99cdd27ffff,9101589210,6792684819,17.5326,0.037087,athlete
891f99cddb3ffff,891f99cdd33ffff,9101589210,6497354633,14.2429,0.190888,athlete
891f99cddb3ffff,891f99cdd37ffff,9101589210,9532724067,16.3349,0.080596,athlete
891f99cddb3ffff,891f99cdd83ffff,9101589210,6425221236,10.8573,0.432875,athlete
891f99cddb3ffff,891f99cdd87ffff,9101589210,3857356857,7.0574,0.722973,athlete
891f99cddb3ffff,891f99cdd8bffff,9101589210,9860048758,15.189,0.136109,athlete
891f99cddb3ffff,891f99cdd8fffff,9101589210,7010792148,11.0168,0.420479,athlete
891f99cddb3ffff,891f99cdd93ffff,9101589210,9487327105,14.2915,0.187901,athlete
891f99cddb3ffff,891f99cdd97ffff,9101589210,4456425432,8.495,0.617105,athlete
891f99cddb3ffff,891f99cdd9bffff,9101589210,7007914585,16.8902,0.058478,athlete
891f99cddb3ffff,891f99cdda3ffff,9101589210,6567322295,5.5537,0.821503,athlete
891f99cddb3ffff,891f99cdda7ffff,9101589210,8907627801,11.4872,0.384257,athlete
891f99cddb3ffff,891f99cddabffff,9101589210,7279487455,9.9798,0.501584,athlete
891f99cddb3ffff,891f99cddafffff,9101589210,4942466112,10.488,0.46171,athlete
891f99cddb3ffff,891f99cddb3ffff,9101589210,9101589210,0.9005,0.995006,athlete
891f99cddb3ffff,891f99cddb7ffff,9101589210,9101607422,6.5149,0.760251,athlete
891f99cddb3ffff,891f99cddbbffff,9101589210,2614749100,7.1887,0.713696,athlete
891f99cddb3ffff,891f99cddc7ffff,9101589210,9860451546,18.9176,0.007209,athlete
891f99cddb3ffff,891f99cddd7ffff,9101589210,7008251083,19.7198,0.000484,athlete
891f99cddb7ffff,891f99cca9bffff,9101607422,2494994075,16.4911,0.074047,athlete
891f99cddb7ffff,891f99ccac3ffff,9101607422,9534410437,12.1328,0.335609,athlete
891f99cddb7ffff,891f99ccacbffff,9101607422,9621184875,15.4075,0.124556,athlete
891f99cddb7ffff,891f99ccacfffff,9101607422,9548007944,17.6222,0.034471,athlete
891f99cddb7ffff,891f99ccad3ffff,9101607422,8922362824,9.751,0.519552,athlete
891f99cddb7ffff,891f99ccad7ffff,9101607422,5497091057,14.4783,0.176572,athlete
891f99cddb7ffff,891f99ccadbffff,9101607422,2542799121,12.0154,0.344344,athlete
891f99cddb7ffff,891f99cce4bffff,9101607422,3217982537,8.6927,0.601954,athlete
891f99cddb7ffff,891f99cce4fffff,9101607422,4843310476,5.2519,0.839289,athlete
891f99cddb7ffff,891f99cce6bffff,9101607422,3857473458,6.9073,0.733455,athlete
891f99cddb7ffff,891f99cce6fffff,9101607422,9154957419,12.426,0.314043,athlete
891f99cddb7ffff,891f99cce7bffff,9101607422,8992468945,5.2054,0.841964,athlete
891f99cddb7ffff,891f99cdd03ffff,9101607422,6547701840,19.8768,9.4e-05,athlete
891f99cddb7ffff,891f99cdd07ffff,9101607422,1889761004,17.0637,0.052247,athlete
891f99cddb7ffff,891f99cdd17ffff,9101607422,774074162,14.475,0.17677,athlete
891f99cddb7ffff,891f99cdd23ffff,9101607422,6490328116,17.9215,0.026413,athlete
891f99cddb7ffff,891f99cdd27ffff,9101607422,6792684819,17.6151,0.034677,athlete
891f99cddb7ffff,891f99cdd33ffff,9101607422,6497354633,14.6221,0.168044,athlete
891f99cddb7ffff,891f99cdd37ffff,9101607422,9532724067,16.4175,0.077103,athlete
891f99cddb7ffff,891f99cdd83ffff,9101607422,6425221236,17.3993,0.041144,athlete
891f99cddb7ffff,891f99cdd87ffff,9101607422,3857356857,13.5994,0.232125,athlete
891f99cddb7ffff,891f99cdd8fffff,9101607422,7010792148,17.4738,0.038852,athlete
891f99cddb7ffff,891f99cdd97ffff,9101607422,4456425432,13.7969,0.21916,athlete
891f99cddb7ffff,891f99cdda3ffff,9101607422,6567322295,6.7305,0.745645,athlete
891f99cddb7ffff,891f99cdda7ffff,9101607422,8907627801,8.0577,0.650193,athlete
891f99cddb7ffff,891f99cddabffff,9101607422,7279487455,11.1566,0.409659,athlete
891f99cddb7ffff,891f99cddafffff,9101607422,4942466112,10.5705,0.455253,athlete
891f99cddb7ffff,891f99cddb3ffff,9101607422,9101589210,7.4426,0.695498,athlete
891f99cddb7ffff,891f99cddb7ffff,9101607422,9101607422,0.5376,0.998218,athlete
891f99cddb7ffff,891f99cddbbffff,9101607422,2614749100,10.2118,0.483369,athlete
891f99cddbbffff,891f99cc367ffff,2614749100,6454118264,17.959,0.025477,athlete
891f99cddbbffff,891f99cc36fffff,2614749100,9860005625,19.679,0.000635,athlete
891f99cddbbffff,891f99ccac3ffff,2614749100,9534410437,18.9519,0.006761,athlete
891f99cddbbffff,891f99ccacbffff,2614749100,9621184875,16.0913,0.091317,athlete
891f99cddbbffff,891f99ccad3ffff,2614749100,8922362824,17.2974,0.044382,athlete
891f99cddbbffff,891f99ccadbffff,2614749100,2542799121,15.4263,0.123583,athlete
891f99cddbbffff,891f99cce4bffff,2614749100,3217982537,10.6249,0.450997,athlete
891f99cddbbffff,891f99cce4fffff,2614749100,4843310476,13.2283,0.257177,athlete
891f99cddbbffff,891f99cce6bffff,2614749100,3857473458,15.8681,0.101666,athlete
891f99cddbbffff,891f99cce7bffff,2614749100,8992468945,14.6555,0.166088,athlete
891f99cddbbffff,891f99cdd03ffff,2614749100,6547701840,10.944,0.426133,athlete
891f99cddbbffff,891f99cdd07ffff,2614749100,1889761004,11.0052,0.421383,athlete
891f99cddbbffff,891f99cdd0bffff,2614749100,13289798704,15.8733,0.101422,athlete
891f99cddbbffff,891f99cdd0fffff,2614749100,7013595399,14.9954,0.146705,athlete
891f99cddbbffff,891f99cdd13ffff,2614749100,1931861768,12.6101,0.300695,athlete
891f99cddbbffff,891f99cdd17ffff,2614749100,774074162,6.4147,0.766938,athlete
891f99cddbbffff,891f99cdd1bffff,2614749100,1295220984,18.8174,0.008603,athlete
891f99cddbbffff,891f99cdd23ffff,2614749100,6490328116,14.1171,0.198718,athlete
891f99cddbbffff,891f99cdd27ffff,2614749100,6792684819,16.6123,0.069137,athlete
891f99cddbbffff,891f99cdd2bffff,2614749100,9769034838,18.4263,0.015198,athlete
891f99cddbbffff,891f99cdd2fffff,2614749100,9621093945,18.5147,0.013547,athlete
891f99cddbbffff,891f99cdd33ffff,2614749100,6497354633,9.8631,0.510753,athlete
891f99cddbbffff,891f99cdd37ffff,2614749100,9532724067,13.7956,0.219243,athlete
891f99cddbbffff,891f99cdd3bffff,2614749100,7013785674,15.6993,0.109821,athlete
891f99cddbbffff,891f99cdd57ffff,2614749100,12006473820,18.9673,0.006564,athlete
891f99cddbbffff,891f99cdd77ffff,2614749100,4448818000,18.4648,0.014467,athlete
891f99cddbbffff,891f99cdd83ffff,2614749100,6425221236,10.2684,0.478924,athlete
891f99cddbbffff,891f99cdd87ffff,2614749100,3857356857,8.6538,0.604945,athlete
891f99cddbbffff,891f99cdd8bffff,2614749100,9860048758,11.8485,0.356852,athlete
891f99cddbbffff,891f99cdd8fffff,2614749100,7010792148,9.367,0.549632,athlete
891f99cddbbffff,891f99cdd93ffff,2614749100,9487327105,13.8732,0.214223,athlete
891f99cddbbffff,891f99cdd97ffff,2614749100,4456425432,12.8304,0.28495,athlete
891f99cddbbffff,891f99cdd9bffff,2614749100,7007914585,16.3014,0.082037,athlete
891f99cddbbffff,891f99cdda3ffff,2614749100,6567322295,7.097,0.720181,athlete
891f99cddbbffff,891f99cdda7ffff,2614749100,8907627801,14.4037,0.181065,athlete
891f99cddbbffff,891f99cddabffff,2614749100,7279487455,5.098,0.848066,athlete
891f99cddbbffff,891f99cddafffff,2614749100,4942466112,8.5761,0.6109,athlete
891f99cddbbffff,891f99cddb3ffff,2614749100,9101589210,8.3671,0.626842,athlete
891f99cddbbffff,891f99cddb7ffff,2614749100,9101607422,9.9877,0.500966,athlete
891f99cddbbffff,891f99cddbbffff,2614749100,2614749100,0.2842,0.999502,athlete
891f99cddbbffff,891f99cddc7ffff,2614749100,9860451546,15.1103,0.140372,athlete
891f99cddbbffff,891f99cddd7ffff,2614749100,7008251083,17.0009,0.054463,athlete
891f99cddc3ffff,891f99cc34fffff,6483857419,9532612444,17.373,0.04197,athlete
891f99cddc3ffff,891f99cc363ffff,6483857419,10893867504,15.112,0.140282,athlete
891f99cddc3ffff,891f99cc367ffff,6483857419,6454118264,13.7447,0.222563,athlete
891f99cddc3ffff,891f99cc36bffff,6483857419,31774655,12.6808,0.29562,athlete
891f99cddc3ffff,891f99cc36fffff,6483857419,9860005625,8.7329,0.598865,athlete
891f99cddc3ffff,891f99cc373ffff,6483857419,613579689,17.2664,0.045391,athlete
891f99cddc3ffff,891f99cc377ffff,6483857419,1408208713,15.4328,0.123248,athlete
891f99cddc3ffff,891f99cc37bffff,6483857419,9625912703,15.0098,0.145902,athlete
891f99cddc3ffff,891f99cd897ffff,6483857419,9838588176,18.1618,0.0207,athlete
891f99cddc3ffff,891f99cdc23ffff,6483857419,6425661261,14.7947,0.158028,athlete
891f99cddc3ffff,891f99cdc27ffff,6483857419,4889789431,10.464,0.463588,athlete
891f99cddc3ffff,891f99cdc2bffff,6483857419,6462134755,19.5679,0.001151,athlete
891f99cddc3ffff,891f99cdc2fffff,6483857419,3735457859,16.2824,0.082858,athlete
891f99cddc3ffff,891f99cdc33ffff,6483857419,2935634141,17.1348,0.049789,athlete
891f99cddc3ffff,891f99cdc37ffff,6483857419,8177904261,10.4259,0.466576,athlete
891f99cddc3ffff,891f99cdc3bffff,6483857419,2678692516,19.8208,0.000198,athlete
891f99cddc3ffff,891f99cdca3ffff,6483857419,9212595025,14.2635,0.189622,athlete
891f99cddc3ffff,891f99cdca7ffff,6483857419,31508518,8.7868,0.594708,athlete
891f99cddc3ffff,891f99cdcabffff,6483857419,1251634557,19.5766,0.001105,athlete
891f99cddc3ffff,891f99cdcafffff,6483857419,395251657,10.5185,0.459319,athlete
891f99cddc3ffff,891f99cdcb3ffff,6483857419,6420979355,18.2977,0.017768,athlete
891f99cddc3ffff,891f99cdcb7ffff,6483857419,6451403576,13.828,0.217145,athlete
891f99cddc3ffff,891f99cdcbbffff,6483857419,6451658836,18.9301,0.007045,athlete
891f99cddc3ffff,891f99cdd03ffff,6483857419,6547701840,14.1611,0.195968,athlete
891f99cddc3ffff,891f99cdd07ffff,6483857419,1889761004,19.9151,4.4e-05,athlete
891f99cddc3ffff,891f99cdd0bffff,6483857419,13289798704,14.897,0.152212,athlete
891f99cddc3ffff,891f99cdd0fffff,6483857419,7013595399,18.3248,0.017211,athlete
891f99cddc3ffff,891f99cdd13ffff,6483857419,1931861768,11.844,0.35719,athlete
891f99cddc3ffff,891f99cdd17ffff,6483857419,774074162,17.197,0.047687,athlete
891f99cddc3ffff,891f99cdd1bffff,6483857419,1295220984,14.5076,0.17482,athlete
891f99cddc3ffff,891f99cdd43ffff,6483857419,4912632765,11.9891,0.346306,athlete
891f99cddc3ffff,891f99cdd47ffff,6483857419,9487098556,14.6917,0.163977,athlete
891f99cddc3ffff,891f99cdd4bffff,6483857419,7023815414,18.2609,0.018541,athlete
891f99cddc3ffff,891f99cdd4fffff,6483857419,27653866,17.3438,0.042892,athlete
891f99cddc3ffff,891f99cdd53ffff,6483857419,792050821,8.5857,0.610165,athlete
891f99cddc3ffff,891f99cdd57ffff,6483857419,12006473820,10.5453,0.457222,athlete
891f99cddc3ffff,891f99cdd5bffff,6483857419,7019773672,13.6671,0.22765,athlete
891f99cddc3ffff,891f99cdd73ffff,6483857419,9241485097,19.1169,0.004803,athlete
891f99cddc3ffff,891f99cdd83ffff,6483857419,6425221236,14.0723,0.20153,athlete
891f99cddc3ffff,891f99cdd8bffff,6483857419,9860048758,10.1044,0.491798,athlete
891f99cddc3ffff,891f99cdd8fffff,6483857419,7010792148,15.605,0.114491,athlete
891f99cddc3ffff,891f99cdd93ffff,6483857419,9487327105,15.3463,0.127746,athlete
891f99cddc3ffff,891f99cdd97ffff,6483857419,4456425432,19.4277,0.002019,athlete
891f99cddc3ffff,891f99cdd9bffff,6483857419,7007914585,11.111,0.413186,athlete
891f99cddc3ffff,891f99cddc3ffff,6483857419,6483857419,0.1915,0.999774,athlete
891f99cddc3ffff,891f99cddc7ffff,6483857419,9860451546,5.4118,0.829961,athlete
891f99cddc3ffff,891f99cddcbffff,6483857419,4660007270,6.6123,0.753686,athlete
891f99cddc3ffff,891f99cddcfffff,6483857419,8428297023,7.6716,0.678821,athlete
891f99cddc3ffff,891f99cddd3ffff,6483857419,4898290839,4.22,0.894113,athlete
891f99cddc3ffff,891f99cddd7ffff,6483857419,7008251083,6.584,0.755598,athlete
891f99cddc3ffff,891f99cdddbffff,6483857419,31508111,6.6029,0.754325,athlete
891f99cddc7ffff,891f99cc363ffff,9860451546,10893867504,17.329,0.043367,athlete
891f99cddc7ffff,891f99cc367ffff,9860451546,6454118264,13.7076,0.224988,athlete
891f99cddc7ffff,891f99cc36bffff,9860451546,31774655,17.0043,0.054345,athlete
891f99cddc7ffff,891f99cc36fffff,9860451546,9860005625,9.5582,0.534674,athlete
891f99cddc7ffff,891f99cc373ffff,9860451546,613579689,19.6644,0.000695,athlete
891f99cddc7ffff,891f99cc377ffff,9860451546,1408208713,16.3545,0.079763,athlete
891f99cddc7ffff,891f99cc37bffff,9860451546,9625912703,18.6437,0.011304,athlete
891f99cddc7ffff,891f99cdc23ffff,9860451546,6425661261,18.5733,0.012504,athlete
891f99cddc7ffff,891f99cdc27ffff,9860451546,4889789431,14.0838,0.200806,athlete
891f99cddc7ffff,891f99cdc2fffff,9860451546,3735457859,19.5999,0.000987,athlete
891f99cddc7ffff,891f99cdc37ffff,9860451546,8177904261,14.6287,0.167656,athlete
891f99cddc7ffff,891f99cdca3ffff,9860451546,9212595025,19.4861,0.001628,athlete
891f99cddc7ffff,891f99cdca7ffff,9860451546,31508518,14.0095,0.205506,athlete
891f99cddc7ffff,891f99cdcafffff,9860451546,395251657,15.7412,0.107771,athlete
891f99cddc7ffff,891f99cdcb7ffff,9860451546,6451403576,18.5895,0.012222,athlete
891f99cddc7ffff,891f99cdd03ffff,9860451546,6547701840,10.4008,0.468541,athlete
891f99cddc7ffff,891f99cdd07ffff,9860451546,1889761004,16.1281,0.089662,athlete
891f99cddc7ffff,891f99cdd0bffff,9860451546,13289798704,11.6825,0.369391,athlete
891f99cddc7ffff,891f99cdd0fffff,9860451546,7013595399,14.5645,0.171438,athlete
891f99cddc7ffff,891f99cdd13ffff,9860451546,1931861768,6.9253,0.73221,athlete
891f99cddc7ffff,891f99cdd17ffff,9860451546,774074162,12.2782,0.324862,athlete
891f99cddc7ffff,891f99cdd1bffff,9860451546,1295220984,12.0314,0.343146,athlete
891f99cddc7ffff,891f99cdd33ffff,9860451546,6497354633,19.5855,0.001059,athlete
891f99cddc7ffff,891f99cdd3bffff,9860451546,7013785674,19.9849,1e-06,athlete
891f99cddc7ffff,891f99cdd43ffff,9860451546,4912632765,14.7452,0.160874,athlete
891f99cddc7ffff,891f99cdd47ffff,9860451546,9487098556,13.7847,0.219952,athlete
891f99cddc7ffff,891f99cdd4fffff,9860451546,27653866,18.286,0.018013,athlete
891f99cddc7ffff,891f99cdd53ffff,9860451546,792050821,11.4775,0.384994,athlete
891f99cddc7ffff,891f99cdd57ffff,9860451546,12006473820,9.2265,0.560598,athlete
891f99cddc7ffff,891f99cdd5bffff,9860451546,7019773672,16.8403,0.060331,athlete
891f99cddc7ffff,891f99cdd73ffff,9860451546,9241485097,16.6432,0.067912,athlete
891f99cddc7ffff,891f99cdd77ffff,9860451546,4448818000,18.7998,0.008859,athlete
891f99cddc7ffff,891f99cdd83ffff,9860451546,6425221236,9.9261,0.505804,athlete
891f99cddc7ffff,891f99cdd87ffff,9860451546,3857356857,16.8852,0.058663,athlete
891f99cddc7ffff,891f99cdd8bffff,9860451546,9860048758,5.1974,0.842421,athlete
891f99cddc7ffff,891f99cdd8fffff,9860451546,7010792148,10.698,0.445286,athlete
891f99cddc7ffff,891f99cdd93ffff,9860451546,9487327105,12.9441,0.276923,athlete
891f99cddc7ffff,891f99cdd97ffff,9860451546,4456425432,15.2815,0.131166,athlete
891f99cddc7ffff,891f99cdd9bffff,9860451546,7007914585,8.369,0.626703,athlete
891f99cddc7ffff,891f99cddabffff,9860451546,7279487455,16.1546,0.088473,athlete
891f99cddc7ffff,891f99cddb3ffff,9860451546,9101589210,19.504,0.001517,athlete
891f99cddc7ffff,891f99cddbbffff,9860451546,2614749100,15.2024,0.135388,athlete
891f99cddc7ffff,891f99cddc3ffff,9860451546,6483857419,5.4141,0.829823,athlete
891f99cddc7ffff,891f99cddc7ffff,9860451546,9860451546,0.493,0.998501,athlete
891f99cddc7ffff,891f99cddcbffff,9860451546,4660007270,10.3908,0.469322,athlete
891f99cddc7ffff,891f99cddcfffff,9860451546,8428297023,8.1052,0.646627,athlete
891f99cddc7ffff,891f99cddd3ffff,9860451546,4898290839,8.8975,0.586157,athlete
891f99cddc7ffff,891f99cddd7ffff,9860451546,7008251083,5.7087,0.812086,athlete
891f99cddc7ffff,891f99cdddbffff,9860451546,31508111,11.8255,0.358579,athlete
891f99cddcbffff,891f99cc34fffff,4660007270,9532612444,18.4217,0.015288,athlete
891f99cddcbffff,891f99cc363ffff,4660007270,10893867504,19.279,0.003203,athlete
891f99cddcbffff,891f99cc367ffff,4660007270,6454118264,19.7843,0.000287,athlete
891f99cddcbffff,891f99cc36bffff,4660007270,31774655,16.8478,0.060051,athlete
891f99cddcbffff,891f99cc36fffff,4660007270,9860005625,14.7258,0.161999,athlete
891f99cddcbffff,891f99cc377ffff,4660007270,1408208713,19.5998,0.000988,athlete
891f99cddcbffff,891f99cc37bffff,4660007270,9625912703,18.6847,0.010634,athlete
891f99cddcbffff,891f99cd883ffff,4660007270,6438001453,19.665,0.000692,athlete
891f99cddcbffff,891f99cd887ffff,4660007270,2555399289,18.4494,0.014758,athlete
891f99cddcbffff,891f99cd893ffff,4660007270,582942526,17.0594,0.052397,athlete
891f99cddcbffff,891f99cd897ffff,4660007270,9838588176,13.9583,0.208764,athlete
891f99cddcbffff,891f99cd8b3ffff,4660007270,9850454762,18.1775,0.02035,athlete
891f99cddcbffff,891f99cd8b7ffff,4660007270,12812222615,19.3372,0.002707,athlete
891f99cddcbffff,891f99cdc07ffff,4660007270,6423339988,16.88,0.058853,athlete
891f99cddcbffff,891f99cdc0fffff,4660007270,9571055498,18.7211,0.010055,athlete
891f99cddcbffff,891f99cdc23ffff,4660007270,6425661261,9.9073,0.50728,athlete
891f99cddcbffff,891f99cdc27ffff,4660007270,4889789431,5.9338,0.798085,athlete
891f99cddcbffff,891f99cdc2bffff,4660007270,6462134755,14.6804,0.164632,athlete
891f99cddcbffff,891f99cdc2fffff,4660007270,3735457859,12.0789,0.339611,athlete
891f99cddcbffff,891f99cdc33ffff,4660007270,2935634141,12.2474,0.327132,athlete
891f99cddcbffff,891f99cdc37ffff,4660007270,8177904261,5.9628,0.796254,athlete
891f99cddcbffff,891f99cdc3bffff,4660007270,2678692516,14.9334,0.150164,athlete
891f99cddcbffff,891f99cdc77ffff,4660007270,1531554258,17.8819,0.027419,athlete
891f99cddcbffff,891f99cdca3ffff,4660007270,9212595025,13.4193,0.244178,athlete
891f99cddcbffff,891f99cdca7ffff,4660007270,31508518,7.9426,0.65879,athlete
891f99cddcbffff,891f99cdcabffff,4660007270,1251634557,16.3004,0.082077,athlete
891f99cddcbffff,891f99cdcafffff,4660007270,395251657,9.0469,0.574579,athlete
891f99cddcbffff,891f99cdcb3ffff,4660007270,6420979355,17.5954,0.035245,athlete
891f99cddcbffff,891f99cdcb7ffff,4660007270,6451403576,14.0525,0.202782,athlete
891f99cddcbffff,891f99cdcbbffff,4660007270,6451658836,17.2776,0.045024,athlete
891f99cddcbffff,891f99cdd03ffff,4660007270,6547701840,16.0359,0.093841,athlete
891f99cddcbffff,891f99cdd0bffff,4660007270,13289798704,14.8303,0.155997,athlete
891f99cddcbffff,891f99cdd0fffff,4660007270,7013595399,19.0045,0.0061,athlete
891f99cddcbffff,891f99cdd13ffff,4660007270,1931861768,14.8074,0.157305,athlete
891f99cddcbffff,891f99cdd1bffff,4660007270,1295220984,13.0422,0.270057,athlete
891f99cddcbffff,891f99cdd43ffff,4660007270,4912632765,10.3175,0.475073,athlete
891f99cddcbffff,891f99cdd47ffff,4660007270,9487098556,13.1511,0.262493,athlete
891f99cddcbffff,891f99cdd4bffff,4660007270,7023815414,14.1002,0.199779,athlete
891f99cddcbffff,891f99cdd4fffff,4660007270,27653866,14.615,0.168464,athlete
891f99cddcbffff,891f99cdd53ffff,4660007270,792050821,6.4828,0.762399,athlete
891f99cddcbffff,891f99cdd57ffff,4660007270,12006473820,9.0799,0.572014,athlete
891f99cddcbffff,891f99cdd5bffff,4660007270,7019773672,9.5064,0.538727,athlete
891f99cddcbffff,891f99cdd73ffff,4660007270,9241485097,17.6515,0.033638,athlete
891f99cddcbffff,891f99cdd7bffff,4660007270,7026396817,18.5698,0.012564,athlete
891f99cddcbffff,891f99cdd83ffff,4660007270,6425221236,19.2525,0.003443,athlete
891f99cddcbffff,891f99cdd8bffff,4660007270,9860048758,14.7985,0.157811,athlete
891f99cddcbffff,891f99cdd8fffff,4660007270,7010792148,19.8881,7.7e-05,athlete
891f99cddcbffff,891f99cdd9bffff,4660007270,7007914585,16.7886,0.062279,athlete
891f99cddcbffff,891f99cddc3ffff,4660007270,6483857419,6.2311,0.779019,athlete
891f99cddcbffff,891f99cddc7ffff,4660007270,9860451546,10.0941,0.492607,athlete
891f99cddcbffff,891f99cddcbffff,4660007270,4660007270,0.3225,0.999359,athlete
891f99cddcbffff,891f99cddcfffff,4660007270,8428297023,6.6721,0.749628,athlete
891f99cddcbffff,891f99cddd3ffff,4660007270,4898290839,8.5816,0.610484,athlete
891f99cddcbffff,891f99cddd7ffff,4660007270,7008251083,12.6237,0.299722,athlete
891f99cddcbffff,891f99cdddbffff,4660007270,31508111,4.792,0.864915,athlete
891f99cddcfffff,891f99cc367ffff,8428297023,6454118264,18.9254,0.007106,athlete
891f99cddcfffff,891f99cc36bffff,8428297023,31774655,19.0954,0.005039,athlete
891f99cddcfffff,891f99cc36fffff,8428297023,9860005625,14.2335,0.191472,athlete
891f99cddcfffff,891f99cd893ffff,8428297023,582942526,19.0678,0.005351,athlete
891f99cddcfffff,891f99cd897ffff,8428297023,9838588176,15.9666,0.097038,athlete
891f99cddcfffff,891f99cd8b3ffff,8428297023,9850454762,17.7567,0.030723,athlete
891f99cddcfffff,891f99cd8b7ffff,8428297023,12812222615,18.1679,0.020563,athlete
891f99cddcfffff,891f99cdc23ffff,8428297023,6425661261,14.8428,0.155282,athlete
891f99cddcfffff,891f99cdc27ffff,8428297023,4889789431,8.7825,0.595042,athlete
891f99cddcfffff,891f99cdc2bffff,8428297023,6462134755,18.4119,0.015477,athlete
891f99cddcfffff,891f99cdc2fffff,8428297023,3735457859,14.0872,0.200593,athlete
891f99cddcfffff,891f99cdc33ffff,8428297023,2935634141,17.1829,0.048159,athlete
891f99cddcfffff,891f99cdc37ffff,8428297023,8177904261,10.8983,0.429683,athlete
891f99cddcfffff,891f99cdc3bffff,8428297023,2678692516,19.8689,0.000106,athlete
891f99cddcfffff,891f99cdca3ffff,8428297023,9212595025,18.382,0.016063,athlete
891f99cddcfffff,891f99cdca7ffff,8428297023,31508518,12.9053,0.279658,athlete
891f99cddcfffff,891f99cdcafffff,8428297023,395251657,14.5999,0.16935,athlete
891f99cddcfffff,891f99cdcb7ffff,8428297023,6451403576,18.5656,0.012638,athlete
891f99cddcfffff,891f99cdd03ffff,8428297023,6547701840,11.3485,0.394883,athlete
891f99cddcfffff,891f99cdd07ffff,8428297023,1889761004,18.0694,0.022815,athlete
891f99cddcfffff,891f99cdd0bffff,8428297023,13289798704,10.1428,0.488782,athlete
891f99cddcfffff,891f99cdd0fffff,8428297023,7013595399,14.3171,0.186333,athlete
891f99cddcfffff,891f99cdd13ffff,8428297023,1931861768,11.0736,0.41608,athlete
891f99cddcfffff,891f99cdd17ffff,8428297023,774074162,16.5901,0.070026,athlete
891f99cddcfffff,891f99cdd1bffff,8428297023,1295220984,8.3548,0.627783,athlete
891f99cddcfffff,891f99cdd43ffff,8428297023,4912632765,8.7015,0.601275,athlete
891f99cddcfffff,891f99cdd47ffff,8428297023,9487098556,8.9506,0.582044,athlete
891f99cddcfffff,891f99cdd4bffff,8428297023,7023815414,15.0272,0.144942,athlete
891f99cddcfffff,891f99cdd4fffff,8428297023,27653866,13.4519,0.24198,athlete
891f99cddcfffff,891f99cdd53ffff,8428297023,792050821,5.5051,0.824422,athlete
891f99cddcfffff,891f99cdd57ffff,8428297023,12006473820,4.3925,0.885634,athlete
891f99cddcfffff,891f99cdd5bffff,8428297023,7019773672,10.8678,0.432051,athlete
891f99cddcfffff,891f99cdd63ffff,8428297023,9474270025,19.491,0.001597,athlete
891f99cddcfffff,891f99cdd6bffff,8428297023,6293459375,19.1651,0.004293,athlete
891f99cddcfffff,891f99cdd73ffff,8428297023,9241485097,12.9641,0.275523,athlete
891f99cddcfffff,891f99cdd77ffff,8428297023,4448818000,16.379,0.078721,athlete
891f99cddcfffff,891f99cdd7bffff,8428297023,7026396817,16.1797,0.087356,athlete
891f99cddcfffff,891f99cdd83ffff,8428297023,6425221236,16.0422,0.09355,athlete
891f99cddcfffff,891f99cdd8bffff,8428297023,9860048758,11.3762,0.392757,athlete
891f99cddcfffff,891f99cdd8fffff,8428297023,7010792148,16.1543,0.088489,athlete
891f99cddcfffff,891f99cdd93ffff,8428297023,9487327105,18.9215,0.007157,athlete
891f99cddcfffff,891f99cdd9bffff,8428297023,7007914585,13.5868,0.232963,athlete
891f99cddcfffff,891f99cddabffff,8428297023,7279487455,19.734,0.000437,athlete
891f99cddcfffff,891f99cddc3ffff,8428297023,6483857419,6.6061,0.754106,athlete
891f99cddcfffff,891f99cddc7ffff,8428297023,9860451546,6.7666,0.743173,athlete
891f99cddcfffff,891f99cddcbffff,8428297023,4660007270,5.8755,0.801747,athlete
891f99cddcfffff,891f99cddcfffff,8428297023,8428297023,1.2358,0.99061,athlete
891f99cddcfffff,891f99cddd3ffff,8428297023,4898290839,10.6346,0.450238,athlete
891f99cddcfffff,891f99cddd7ffff,8428297023,7008251083,10.3101,0.475652,athlete
891f99cddcfffff,891f99cdddbffff,8428297023,31508111,9.7547,0.519262,athlete
891f99cddd3ffff,891f99cc343ffff,4898290839,8260378163,19.4891,0.001609,athlete
891f99cddd3ffff,891f99cc347ffff,4898290839,6429323327,18.668,0.010905,athlete
891f99cddd3ffff,891f99cc34bffff,4898290839,4889509547,19.5836,0.001069,athlete
891f99cddd3ffff,891f99cc34fffff,4898290839,9532612444,14.5847,0.170244,athlete
891f99cddd3ffff,891f99cc363ffff,4898290839,10893867504,12.3238,0.321516,athlete
891f99cddd3ffff,891f99cc367ffff,4898290839,6454118264,13.8679,0.214562,athlete
891f99cddd3ffff,891f99cc36bffff,4898290839,31774655,9.8925,0.508439,athlete
891f99cddd3ffff,891f99cc36fffff,4898290839,9860005625,7.8656,0.664516,athlete
891f99cddd3ffff,891f99cc373ffff,4898290839,613579689,14.4782,0.176581,athlete
891f99cddd3ffff,891f99cc377ffff,4898290839,1408208713,12.6445,0.298221,athlete
891f99cddd3ffff,891f99cc37bffff,4898290839,9625912703,12.2216,0.329036,athlete
891f99cddd3ffff,891f99cdc23ffff,4898290839,6425661261,16.3715,0.079038,athlete
891f99cddd3ffff,891f99cdc27ffff,4898290839,4889789431,14.3124,0.18662,athlete
891f99cddd3ffff,891f99cdc33ffff,4898290839,2935634141,18.6117,0.011842,athlete
891f99cddd3ffff,891f99cdc37ffff,4898290839,8177904261,10.8297,0.435019,athlete
891f99cddd3ffff,891f99cdc87ffff,4898290839,6833312139,19.8476,0.000143,athlete
891f99cddd3ffff,891f99cdca3ffff,4898290839,9212595025,12.412,0.315065,athlete
891f99cddd3ffff,891f99cdca7ffff,4898290839,31508518,6.9353,0.731512,athlete
891f99cddd3ffff,891f99cdcabffff,4898290839,1251634557,18.5869,0.012267,athlete
891f99cddd3ffff,891f99cdcafffff,4898290839,395251657,9.5974,0.531603,athlete
891f99cddd3ffff,891f99cdcb3ffff,4898290839,6420979355,15.5935,0.115067,athlete
891f99cddd3ffff,891f99cdcb7ffff,4898290839,6451403576,11.1238,0.412197,athlete
891f99cddd3ffff,891f99cdcbbffff,4898290839,6451658836,17.6233,0.03444,athlete
891f99cddd3ffff,891f99cdd03ffff,4898290839,6547701840,18.4046,0.015618,athlete
891f99cddd3ffff,891f99cdd0bffff,4898290839,13289798704,19.3211,0.002841,athlete
891f99cddd3ffff,891f99cdd13ffff,4898290839,1931861768,13.2701,0.254316,athlete
891f99cddd3ffff,891f99cdd17ffff,4898290839,774074162,18.623,0.01165,athlete
891f99cddd3ffff,891f99cdd1bffff,4898290839,1295220984,19.2654,0.003325,athlete
891f99cddd3ffff,891f99cdd43ffff,4898290839,4912632765,16.7469,0.063873,athlete
891f99cddd3ffff,891f99cdd47ffff,4898290839,9487098556,19.4494,0.001869,athlete
891f99cddd3ffff,891f99cdd53ffff,4898290839,792050821,13.3435,0.249309,athlete
891f99cddd3ffff,891f99cdd57ffff,4898290839,12006473820,15.3031,0.130021,athlete
891f99cddd3ffff,891f99cdd5bffff,4898290839,7019773672,17.5155,0.037596,athlete
891f99cddd3ffff,891f99cdd83ffff,4898290839,6425221236,14.8472,0.155035,athlete
891f99cddd3ffff,891f99cdd8bffff,4898290839,9860048758,11.0667,0.416614,athlete
891f99cddd3ffff,891f99cdd8fffff,4898290839,7010792148,16.5673,0.070941,athlete
891f99cddd3ffff,891f99cdd93ffff,4898290839,9487327105,15.7722,0.106264,athlete
891f99cddd3ffff,891f99cdd97ffff,4898290839,4456425432,19.9749,4e-06,athlete
891f99cddd3ffff,891f99cdd9bffff,4898290839,7007914585,11.5369,0.380463,athlete
891f99cddd3ffff,891f99cddc3ffff,4898290839,6483857419,4.9492,0.856361,athlete
891f99cddd3ffff,891f99cddc7ffff,4898290839,9860451546,9.1677,0.565181,athlete
891f99cddd3ffff,891f99cddcbffff,4898290839,4660007270,9.7296,0.521231,athlete
891f99cddd3ffff,891f99cddcfffff,4898290839,8428297023,12.4294,0.313794,athlete
891f99cddd3ffff,891f99cddd3ffff,4898290839,4898290839,0.7567,0.996472,athlete
891f99cddd3ffff,891f99cddd7ffff,4898290839,7008251083,7.0099,0.726299,athlete
891f99cddd3ffff,891f99cdddbffff,4898290839,31508111,6.729,0.745749,athlete
891f99cddd7ffff,891f99cc34fffff,7008251083,9532612444,16.6095,0.069248,athlete
891f99cddd7ffff,891f99cc363ffff,7008251083,10893867504,12.3064,0.322789,athlete
891f99cddd7ffff,891f99cc367ffff,7008251083,6454118264,9.3597,0.550204,athlete
891f99cddd7ffff,891f99cc36bffff,7008251083,31774655,11.9173,0.351679,athlete
891f99cddd7ffff,891f99cc36fffff,7008251083,9860005625,4.5356,0.878379,athlete
891f99cddd7ffff,891f99cc373ffff,7008251083,613579689,14.6419,0.166885,athlete
891f99cddd7ffff,891f99cc377ffff,7008251083,1408208713,11.3319,0.396151,athlete
891f99cddd7ffff,891f99cc37bffff,7008251083,9625912703,13.5568,0.234959,athlete
891f99cddd7ffff,891f99cce4bffff,7008251083,3217982537,19.4286,0.002013,athlete
891f99cddd7ffff,891f99cdc27ffff,7008251083,4889789431,16.305,0.081881,athlete
891f99cddd7ffff,891f99cdc37ffff,7008251083,8177904261,15.3817,0.125898,athlete
891f99cddd7ffff,891f99cdca3ffff,7008251083,9212595025,16.3602,0.079518,athlete
891f99cddd7ffff,891f99cdca7ffff,7008251083,31508518,11.4872,0.384252,athlete
891f99cddd7ffff,891f99cdcafffff,7008251083,395251657,14.1493,0.196702,athlete
891f99cddd7ffff,891f99cdcb3ffff,7008251083,6420979355,18.3376,0.016951,athlete
891f99cddd7ffff,891f99cdcb7ffff,7008251083,6451403576,13.8678,0.214568,athlete
891f99cddd7ffff,891f99cdd03ffff,7008251083,6547701840,14.0565,0.202527,athlete
891f99cddd7ffff,891f99cdd07ffff,7008251083,1889761004,19.3751,0.002407,athlete
891f99cddd7ffff,891f99cdd0bffff,7008251083,13289798704,15.5372,0.117906,athlete
891f99cddd7ffff,891f99cdd0fffff,7008251083,7013595399,18.2202,0.019412,athlete
891f99cddd7ffff,891f99cdd13ffff,7008251083,1931861768,8.6671,0.603923,athlete
891f99cddd7ffff,891f99cdd17ffff,7008251083,774074162,14.0201,0.204832,athlete
891f99cddd7ffff,891f99cdd1bffff,7008251083,1295220984,15.8862,0.100812,athlete
891f99cddd7ffff,891f99cdd43ffff,7008251083,4912632765,17.8301,0.028765,athlete
891f99cddd7ffff,891f99cdd47ffff,7008251083,9487098556,17.0275,0.053521,athlete
891f99cddd7ffff,891f99cdd53ffff,7008251083,792050821,14.4267,0.179675,athlete
891f99cddd7ffff,891f99cdd57ffff,7008251083,12006473820,12.4693,0.310888,athlete
891f99cddd7ffff,891f99cdd5bffff,7008251083,7019773672,19.5081,0.001492,athlete
891f99cddd7ffff,891f99cdd83ffff,7008251083,6425221236,8.9186,0.584527,athlete
891f99cddd7ffff,891f99cdd87ffff,7008251083,3857356857,15.9521,0.097716,athlete
891f99cddd7ffff,891f99cdd8bffff,7008251083,9860048758,5.9156,0.79923,athlete
891f99cddd7ffff,891f99cdd8fffff,7008251083,7010792148,11.3356,0.39587,athlete
891f99cddd7ffff,891f99cdd93ffff,7008251083,9487327105,10.9614,0.424782,athlete
891f99cddd7ffff,891f99cdd97ffff,7008251083,4456425432,14.2739,0.188979,athlete
891f99cddd7ffff,891f99cdd9bffff,7008251083,7007914585,6.3862,0.768826,athlete
891f99cddd7ffff,891f99cddabffff,7008251083,7279487455,17.8965,0.027047,athlete
891f99cddd7ffff,891f99cddbbffff,7008251083,2614749100,16.9442,0.056503,athlete
891f99cddd7ffff,891f99cddc3ffff,7008251083,6483857419,6.4405,0.76522,athlete
891f99cddd7ffff,891f99cddc7ffff,7008251083,9860451546,5.3839,0.831605,athlete
891f99cddd7ffff,891f99cddcbffff,7008251083,4660007270,12.4533,0.312052,athlete
891f99cddd7ffff,891f99cddcfffff,7008251083,8428297023,11.348,0.394918,athlete
891f99cddd7ffff,891f99cddd3ffff,7008251083,4898290839,5.9837,0.794926,athlete
891f99cddd7ffff,891f99cddd7ffff,7008251083,7008251083,0.6123,0.997689,athlete
891f99cddd7ffff,891f99cdddbffff,7008251083,31508111,11.2809,0.400072,athlete
891f99cdddbffff,891f99cc343ffff,31508111,8260378163,19.2008,0.003935,athlete
891f99cdddbffff,891f99cc347ffff,31508111,6429323327,19.4245,0.002041,athlete
891f99cdddbffff,891f99cc34bffff,31508111,4889509547,17.7774,0.030165,athlete
891f99cdddbffff,891f99cc34fffff,31508111,9532612444,14.2485,0.190548,athlete
891f99cdddbffff,891f99cc363ffff,31508111,10893867504,16.7873,0.06233,athlete
891f99cdddbffff,891f99cc367ffff,31508111,6454118264,18.3314,0.017077,athlete
891f99cdddbffff,891f99cc36bffff,31508111,31774655,13.0298,0.270924,athlete
891f99cdddbffff,891f99cc36fffff,31508111,9860005625,12.329,0.321132,athlete
891f99cdddbffff,891f99cc373ffff,31508111,613579689,18.9417,0.006893,athlete
891f99cdddbffff,891f99cc377ffff,31508111,1408208713,17.108,0.05071,athlete
891f99cdddbffff,891f99cc37bffff,31508111,9625912703,14.5115,0.174589,athlete
891f99cdddbffff,891f99cd893ffff,31508111,582942526,19.878,9.2e-05,athlete
891f99cdddbffff,891f99cd897ffff,31508111,9838588176,18.917,0.007217,athlete
891f99cdddbffff,891f99cdc07ffff,31508111,6423339988,17.003,0.054391,athlete
891f99cdddbffff,891f99cdc17ffff,31508111,6445048303,17.4293,0.040213,athlete
891f99cdddbffff,891f99cdc23ffff,31508111,6425661261,11.1567,0.409655,athlete
891f99cdddbffff,891f99cdc27ffff,31508111,4889789431,10.8925,0.43013,athlete
891f99cdddbffff,891f99cdc2bffff,31508111,6462134755,16.6436,0.067897,athlete
891f99cdddbffff,891f99cdc2fffff,31508111,3735457859,16.6089,0.069273,athlete
891f99cdddbffff,891f99cdc33ffff,31508111,2935634141,13.3968,0.245693,athlete
891f99cdddbffff,891f99cdc37ffff,31508111,8177904261,5.6148,0.817813,athlete
891f99cdddbffff,891f99cdc3bffff,31508111,2678692516,16.6657,0.067026,athlete
891f99cdddbffff,891f99cdc77ffff,31508111,1531554258,19.6142,0.000918,athlete
891f99cdddbffff,891f99cdc87ffff,31508111,6833312139,17.0775,0.051766,athlete
891f99cdddbffff,891f99cdca3ffff,31508111,9212595025,9.2461,0.559075,athlete
891f99cdddbffff,891f99cdca7ffff,31508111,31508518,3.7694,0.914886,athlete
891f99cdddbffff,891f99cdcabffff,31508111,1251634557,14.5938,0.169711,athlete
891f99cdddbffff,891f99cdcafffff,31508111,395251657,5.5011,0.824657,athlete
891f99cdddbffff,891f99cdcb3ffff,31508111,6420979355,13.4222,0.243979,athlete
891f99cdddbffff,891f99cdcb7ffff,31508111,6451403576,9.8793,0.509479,athlete
891f99cdddbffff,891f99cdcbbffff,31508111,6451658836,13.9127,0.211685,athlete
891f99cdddbffff,891f99cdd03ffff,31508111,6547701840,19.3471,0.002627,athlete
891f99cdddbffff,891f99cdd0bffff,31508111,13289798704,19.7558,0.000368,athlete
891f99cdddbffff,891f99cdd13ffff,31508111,1931861768,17.2791,0.044975,athlete
891f99cdddbffff,891f99cdd1bffff,31508111,1295220984,18.001,0.024448,athlete
891f99cdddbffff,891f99cdd43ffff,31508111,4912632765,15.2763,0.131441,athlete
891f99cdddbffff,891f99cdd47ffff,31508111,9487098556,18.1099,0.021876,athlete
891f99cdddbffff,891f99cdd4bffff,31508111,7023815414,19.0589,0.005453,athlete
891f99cdddbffff,891f99cdd4fffff,31508111,27653866,19.5737,0.00112,athlete
891f99cdddbffff,891f99cdd53ffff,31508111,792050821,11.4416,0.387744,athlete
891f99cdddbffff,891f99cdd57ffff,31508111,12006473820,14.0387,0.203657,athlete
891f99cdddbffff,891f99cdd5bffff,31508111,7019773672,14.4652,0.177361,athlete
891f99cdddbffff,891f99cdd83ffff,31508111,6425221236,19.7627,0.000347,athlete
891f99cdddbffff,891f99cdd8bffff,31508111,9860048758,15.9822,0.096316,athlete
891f99cdddbffff,891f99cdd9bffff,31508111,7007914585,16.4524,0.075646,athlete
891f99cdddbffff,891f99cddc3ffff,31508111,6483857419,6.6595,0.750487,athlete
891f99cdddbffff,891f99cddc7ffff,31508111,9860451546,11.8798,0.354497,athlete
891f99cdddbffff,891f99cddcbffff,31508111,4660007270,5.5215,0.823436,athlete
891f99cdddbffff,891f99cddcfffff,31508111,8428297023,11.6309,0.373306,athlete
891f99cdddbffff,891f99cddd3ffff,31508111,4898290839,6.3473,0.771402,athlete
891f99cdddbffff,891f99cddd7ffff,31508111,7008251083,11.9254,0.351072,athlete
891f99cdddbffff,891f99cdddbffff,31508111,31508111,0.6188,0.99764,athlete
891f99cde27ffff,891f99cd80bffff,307663800,9603238717,15.3217,0.129038,athlete
891f99cde27ffff,891f99cd80fffff,307663800,9626457904,19.4429,0.001914,athlete
891f99cde27ffff,891f99cd81bffff,307663800,9626246784,14.9523,0.149105,athlete
891f99cde27ffff,891f99cd843ffff,307663800,11028453999,13.4188,0.24421,athlete
891f99cde27ffff,891f99cd847ffff,307663800,4077385704,17.7123,0.031938,athlete
891f99cde27ffff,891f99cd853ffff,307663800,4366230372,8.2564,0.635237,athlete
891f99cde27ffff,891f99cd857ffff,307663800,9626199074,11.3213,0.396968,athlete
891f99cde27ffff,891f99cd85bffff,307663800,2781457861,6.0431,0.791148,athlete
891f99cde27ffff,891f99cd88bffff,307663800,7032151748,19.6816,0.000625,athlete
891f99cde27ffff,891f99cd8c3ffff,307663800,10095613635,10.1608,0.48737,athlete
891f99cde27ffff,891f99cd8c7ffff,307663800,6512705470,16.7987,0.061896,athlete
891f99cde27ffff,891f99cd8cbffff,307663800,2037315642,5.2093,0.841741,athlete
891f99cde27ffff,891f99cd8cfffff,307663800,12843979122,9.3537,0.550675,athlete
891f99cde27ffff,891f99cd8d3ffff,307663800,5544868327,18.1344,0.021316,athlete
891f99cde27ffff,891f99cd8d7ffff,307663800,2942352020,15.877,0.101244,athlete
891f99cde27ffff,891f99cd8dbffff,307663800,5507478284,17.8978,0.027012,athlete
891f99cde27ffff,891f99cde27ffff,307663800,307663800,0.3823,0.999099,athlete
891f99cde27ffff,891f99cde37ffff,307663800,232890306,6.7048,0.747402,athlete
891f99cde37ffff,891f99cd803ffff,232890306,4554612512,19.3317,0.002752,athlete
891f99cde37ffff,891f99cd80bffff,232890306,9603238717,17.1393,0.049635,athlete
891f99cde37ffff,891f99cd81bffff,232890306,9626246784,15.4758,0.121033,athlete
891f99cde37ffff,891f99cd843ffff,232890306,11028453999,15.2364,0.133564,athlete
891f99cde37ffff,891f99cd847ffff,232890306,4077385704,19.5299,0.001363,athlete
891f99cde37ffff,891f99cd853ffff,232890306,4366230372,10.7464,0.441514,athlete
891f99cde37ffff,891f99cd857ffff,232890306,9626199074,13.1389,0.263337,athlete
891f99cde37ffff,891f99cd85bffff,232890306,2781457861,9.3002,0.554848,athlete
891f99cde37ffff,891f99cd88bffff,232890306,7032151748,18.5029,0.013762,athlete
891f99cde37ffff,891f99cd8c3ffff,232890306,10095613635,8.9821,0.579603,athlete
891f99cde37ffff,891f99cd8c7ffff,232890306,6512705470,15.62,0.113743,athlete
891f99cde37ffff,891f99cd8cbffff,232890306,2037315642,4.0306,0.903091,athlete
891f99cde37ffff,891f99cd8cfffff,232890306,12843979122,10.2561,0.479888,athlete
891f99cde37ffff,891f99cd8d3ffff,232890306,5544868327,16.9557,0.056086,athlete
891f99cde37ffff,891f99cd8d7ffff,232890306,2942352020,14.6983,0.163591,athlete
891f99cde37ffff,891f99cd8dbffff,232890306,5507478284,16.7191,0.064941,athlete
891f99cde37ffff,891f99cdc6fffff,232890306,2588305417,18.8961,0.007499,athlete
891f99cde37ffff,891f99cde27ffff,232890306,307663800,5.7763,0.807921,athlete
891f99cde37ffff,891f99cde37ffff,232890306,232890306,3.9426,0.90714,athlete
