source_h3_id,target_h3_id,source_node_id,target_node_id,time_min,alpha_20,profile_key
892f5a36053ffff,892f5a36053ffff,1304352680,1304352680,3.139,0.940442,average_adult
892f5a36053ffff,892f5a3605bffff,1304352680,2321419350,9.6312,0.528952,average_adult
892f5a36053ffff,892f5a36293ffff,1304352680,2201592550,17.5832,0.035598,average_adult
892f5a36053ffff,892f5a36297ffff,1304352680,1304643745,17.4744,0.038832,average_adult
892f5a36053ffff,892f5a36623ffff,1304352680,1075380045,12.3605,0.318826,average_adult
892f5a36053ffff,892f5a36627ffff,1304352680,2862866543,5.7341,0.810527,average_adult
892f5a36053ffff,892f5a3662bffff,1304352680,1304351798,16.4405,0.07614,average_adult
892f5a36053ffff,892f5a3662fffff,1304352680,380476702,10.6519,0.448891,average_adult
892f5a36053ffff,892f5a36633ffff,1304352680,1075380077,17.4681,0.039023,average_adult
892f5a36053ffff,892f5a36637ffff,1304352680,2321360661,12.9631,0.275593,average_adult
892f5a3605bffff,892f5a36053ffff,2321419350,1304352680,9.9363,0.505007,average_adult
892f5a3605bffff,892f5a3605bffff,2321419350,2321419350,0.9441,0.994512,average_adult
892f5a3605bffff,892f5a36283ffff,2321419350,1143784300,15.6876,0.110392,average_adult
892f5a3605bffff,892f5a3628fffff,2321419350,1304643606,19.6026,0.000974,average_adult
892f5a3605bffff,892f5a36293ffff,2321419350,2201592550,11.0759,0.415904,average_adult
892f5a3605bffff,892f5a36297ffff,2321419350,1304643745,10.045,0.496469,average_adult
892f5a3605bffff,892f5a3629bffff,2321419350,1304643617,17.7847,0.029969,average_adult
892f5a3605bffff,892f5a36623ffff,2321419350,1075380045,10.0519,0.495923,average_adult
892f5a3605bffff,892f5a36627ffff,2321419350,2862866543,6.4957,0.761539,average_adult
892f5a3605bffff,892f5a3662bffff,2321419350,1304351798,13.3439,0.249281,average_adult
892f5a3605bffff,892f5a3662fffff,2321419350,380476702,5.496,0.824964,average_adult
892f5a3605bffff,892f5a36633ffff,2321419350,1075380077,15.1596,0.137698,average_adult
892f5a3605bffff,892f5a36637ffff,2321419350,2321360661,10.6556,0.4486,average_adult
892f5a3605bffff,892f5a3663bffff,2321419350,12438051358,17.3024,0.044222,average_adult
892f5a3605bffff,892f5a36667ffff,2321419350,1304352208,14.4397,0.178891,average_adult
892f5a3605bffff,892f5a36677ffff,2321419350,318826498,17.8323,0.028706,average_adult
892f5a36213ffff,892f5a36213ffff,1239443735,1239443735,1.201,0.991129,average_adult
892f5a36213ffff,892f5a3621bffff,1239443735,7878186387,8.5195,0.615236,average_adult
892f5a36213ffff,892f5a36253ffff,1239443735,11512438978,17.4669,0.03906,average_adult
892f5a36213ffff,892f5a36257ffff,1239443735,563748914,15.5289,0.118329,average_adult
892f5a36213ffff,892f5a36283ffff,1239443735,1143784300,14.2223,0.192165,average_adult
892f5a36213ffff,892f5a3628bffff,1239443735,1239449262,7.3355,0.703215,average_adult
892f5a36213ffff,892f5a3628fffff,1239443735,1304643606,10.3448,0.472932,average_adult
892f5a36213ffff,892f5a36293ffff,1239443735,2201592550,18.579,0.012404,average_adult
892f5a36213ffff,892f5a3629bffff,1239443735,1304643617,12.6985,0.294352,average_adult
892f5a36213ffff,892f5a362c3ffff,1239443735,7946433661,13.3191,0.250972,average_adult
892f5a36213ffff,892f5a362c7ffff,1239443735,896901457,6.2039,0.78079,average_adult
892f5a36213ffff,892f5a362cbffff,1239443735,472359869,14.7571,0.160188,average_adult
892f5a36213ffff,892f5a362cfffff,1239443735,2095799546,12.0244,0.343672,average_adult
892f5a36213ffff,892f5a362d3ffff,1239443735,471978645,16.911,0.057713,average_adult
892f5a36213ffff,892f5a362d7ffff,1239443735,1239449343,11.1735,0.408355,average_adult
892f5a36213ffff,892f5a362dbffff,1239443735,471978558,19.5315,0.001353,average_adult
892f5a3621bffff,892f5a36213ffff,7878186387,1239443735,9.4818,0.540656,average_adult
892f5a3621bffff,892f5a3621bffff,7878186387,7878186387,0.1574,0.999847,average_adult
892f5a3621bffff,892f5a36243ffff,7878186387,822683298,14.7731,0.159272,average_adult
892f5a3621bffff,892f5a36247ffff,7878186387,1942852414,14.8444,0.15519,average_adult
892f5a3621bffff,892f5a3624fffff,7878186387,1800595808,19.7601,0.000355,average_adult
892f5a3621bffff,892f5a36253ffff,7878186387,11512438978,13.0711,0.268043,average_adult
892f5a3621bffff,892f5a36257ffff,7878186387,563748914,7.7232,0.675033,average_adult
892f5a3621bffff,892f5a3625bffff,7878186387,764851982,18.7538,0.00955,average_adult
892f5a3621bffff,892f5a36283ffff,7878186387,1143784300,19.6128,0.000925,average_adult
892f5a3621bffff,892f5a3628bffff,7878186387,1239449262,12.7016,0.294128,average_adult
892f5a3621bffff,892f5a3628fffff,7878186387,1304643606,15.7353,0.108059,average_adult
892f5a3621bffff,892f5a3629bffff,7878186387,1304643617,16.565,0.071035,average_adult
892f5a3621bffff,892f5a362c3ffff,7878186387,7946433661,12.0471,0.34198,average_adult
892f5a3621bffff,892f5a362c7ffff,7878186387,896901457,6.3573,0.770741,average_adult
892f5a3621bffff,892f5a362cbffff,7878186387,472359869,13.4852,0.239745,average_adult
892f5a3621bffff,892f5a362cfffff,7878186387,2095799546,10.0549,0.49569,average_adult
892f5a3621bffff,892f5a362d3ffff,7878186387,471978645,16.9057,0.057908,average_adult
892f5a3621bffff,892f5a362d7ffff,7878186387,1239449343,13.0014,0.272904,average_adult
892f5a3621bffff,892f5a362dbffff,7878186387,471978558,18.2595,0.01857,average_adult
892f5a3621bffff,892f5a37527ffff,7878186387,9602267747,15.879,0.101148,average_adult
892f5a36243ffff,892f5a3621bffff,822683298,7878186387,15.2499,0.132844,average_adult
892f5a36243ffff,892f5a36243ffff,822683298,822683298,0.638,0.997492,average_adult
892f5a36243ffff,892f5a36247ffff,822683298,1942852414,6.9492,0.730545,average_adult
892f5a36243ffff,892f5a3624bffff,822683298,1107512343,11.842,0.357337,average_adult
892f5a36243ffff,892f5a3624fffff,822683298,1800595808,7.6436,0.680873,average_adult
892f5a36243ffff,892f5a36253ffff,822683298,11512438978,9.4437,0.54364,average_adult
892f5a36243ffff,892f5a36257ffff,822683298,563748914,8.1927,0.640047,average_adult
892f5a36243ffff,892f5a3625bffff,822683298,764851982,8.1534,0.64301,average_adult
892f5a36243ffff,892f5a362c7ffff,822683298,896901457,18.0591,0.023059,average_adult
892f5a36243ffff,892f5a362cbffff,822683298,472359869,14.4196,0.180105,average_adult
892f5a36243ffff,892f5a362cfffff,822683298,2095799546,12.0913,0.338686,average_adult
892f5a36243ffff,892f5a37183ffff,822683298,771032173,18.7591,0.009468,average_adult
892f5a36243ffff,892f5a37187ffff,822683298,798894742,15.0453,0.143938,average_adult
892f5a36243ffff,892f5a37193ffff,822683298,7865126998,18.4215,0.015291,average_adult
892f5a36243ffff,892f5a37197ffff,822683298,839607167,12.7738,0.288973,average_adult
892f5a36243ffff,892f5a371b3ffff,822683298,659292988,14.8418,0.155343,average_adult
892f5a36243ffff,892f5a37527ffff,822683298,9602267747,13.1489,0.262649,average_adult
892f5a36243ffff,892f5a3752bffff,822683298,472360457,18.5749,0.012476,average_adult
892f5a36243ffff,892f5a3752fffff,822683298,10293242124,12.8886,0.280835,average_adult
892f5a36247ffff,892f5a3621bffff,1942852414,7878186387,15.6712,0.111205,average_adult
892f5a36247ffff,892f5a36243ffff,1942852414,822683298,5.9578,0.796567,average_adult
892f5a36247ffff,892f5a36247ffff,1942852414,1942852414,3.3521,0.932276,average_adult
892f5a36247ffff,892f5a3624bffff,1942852414,1107512343,14.0948,0.200115,average_adult
892f5a36247ffff,892f5a3624fffff,1942852414,1800595808,9.8964,0.508136,average_adult
892f5a36247ffff,892f5a36253ffff,1942852414,11512438978,11.7284,0.365914,average_adult
892f5a36247ffff,892f5a36257ffff,1942852414,563748914,8.4047,0.623984,average_adult
892f5a36247ffff,892f5a3625bffff,1942852414,764851982,12.7676,0.289419,average_adult
892f5a36247ffff,892f5a362c7ffff,1942852414,896901457,19.5914,0.00103,average_adult
892f5a36247ffff,892f5a362cbffff,1942852414,472359869,16.7043,0.065517,average_adult
892f5a36247ffff,892f5a362cfffff,1942852414,2095799546,13.846,0.215976,average_adult
892f5a36247ffff,892f5a37187ffff,1942852414,798894742,19.6035,0.00097,average_adult
892f5a36247ffff,892f5a37197ffff,1942852414,839607167,17.5009,0.038034,average_adult
892f5a36247ffff,892f5a371b3ffff,1942852414,659292988,17.0945,0.051175,average_adult
892f5a36247ffff,892f5a37527ffff,1942852414,9602267747,15.4336,0.123204,average_adult
892f5a36247ffff,892f5a3752fffff,1942852414,10293242124,16.1868,0.087045,average_adult
892f5a3624bffff,892f5a36243ffff,1107512343,822683298,10.8599,0.432672,average_adult
892f5a3624bffff,892f5a36247ffff,1107512343,1942852414,12.9571,0.276012,average_adult
892f5a3624bffff,892f5a3624bffff,1107512343,1107512343,0.6987,0.996992,average_adult
892f5a3624bffff,892f5a3624fffff,1107512343,1800595808,8.7435,0.598043,average_adult
892f5a3624bffff,892f5a36253ffff,1107512343,11512438978,14.0668,0.201878,average_adult
892f5a3624bffff,892f5a36257ffff,1107512343,563748914,16.3481,0.080035,average_adult
892f5a3624bffff,892f5a3625bffff,1107512343,764851982,7.6585,0.679786,average_adult
892f5a3624bffff,892f5a362cbffff,1107512343,472359869,19.0427,0.005642,average_adult
892f5a3624bffff,892f5a362cfffff,1107512343,2095799546,18.6388,0.011386,average_adult
892f5a3624bffff,892f5a37113ffff,1107512343,1822152487,19.257,0.003401,average_adult
892f5a3624bffff,892f5a37183ffff,1107512343,771032173,12.4266,0.313994,average_adult
892f5a3624bffff,892f5a37187ffff,1107512343,798894742,7.302,0.705614,average_adult
892f5a3624bffff,892f5a3718bffff,1107512343,666930532,17.7307,0.031432,average_adult
892f5a3624bffff,892f5a3718fffff,1107512343,6451601256,13.6346,0.229794,average_adult
892f5a3624bffff,892f5a37193ffff,1107512343,7865126998,14.4332,0.179283,average_adult
892f5a3624bffff,892f5a37197ffff,1107512343,839607167,10.6062,0.452458,average_adult
892f5a3624bffff,892f5a3719bffff,1107512343,1942852587,17.2703,0.045262,average_adult
892f5a3624bffff,892f5a371b3ffff,1107512343,659292988,6.6955,0.748037,average_adult
892f5a3624bffff,892f5a371bbffff,1107512343,2569654976,12.0817,0.339405,average_adult
892f5a3624bffff,892f5a37527ffff,1107512343,9602267747,14.7003,0.163478,average_adult
892f5a3624bffff,892f5a3752bffff,1107512343,472360457,18.4246,0.015231,average_adult
892f5a3624bffff,892f5a3752fffff,1107512343,10293242124,12.7384,0.291501,average_adult
892f5a3624fffff,892f5a3621bffff,1800595808,7878186387,19.02,0.005913,average_adult
892f5a3624fffff,892f5a36243ffff,1800595808,822683298,6.2653,0.776782,average_adult
892f5a3624fffff,892f5a36247ffff,1800595808,1942852414,8.3626,0.627189,average_adult
892f5a3624fffff,892f5a3624bffff,1800595808,1107512343,8.3499,0.628152,average_adult
892f5a3624fffff,892f5a3624fffff,1800595808,1800595808,2.0977,0.973102,average_adult
892f5a3624fffff,892f5a36253ffff,1800595808,11512438978,14.7608,0.159978,average_adult
892f5a3624fffff,892f5a36257ffff,1800595808,563748914,11.7536,0.364011,average_adult
892f5a3624fffff,892f5a3625bffff,1800595808,764851982,9.2799,0.556435,average_adult
892f5a3624fffff,892f5a362cbffff,1800595808,472359869,19.7367,0.000428,average_adult
892f5a3624fffff,892f5a362cfffff,1800595808,2095799546,17.1948,0.047759,average_adult
892f5a3624fffff,892f5a37183ffff,1800595808,771032173,18.7975,0.008894,average_adult
892f5a3624fffff,892f5a37187ffff,1800595808,798894742,13.8451,0.216033,average_adult
892f5a3624fffff,892f5a37193ffff,1800595808,7865126998,19.5481,0.001259,average_adult
892f5a3624fffff,892f5a37197ffff,1800595808,839607167,13.9004,0.212473,average_adult
892f5a3624fffff,892f5a371b3ffff,1800595808,659292988,11.3362,0.395824,average_adult
892f5a3624fffff,892f5a371bbffff,1800595808,2569654976,16.7224,0.064816,average_adult
892f5a3624fffff,892f5a37527ffff,1800595808,9602267747,15.9836,0.096251,average_adult
892f5a3624fffff,892f5a3752bffff,1800595808,472360457,19.7079,0.000526,average_adult
892f5a3624fffff,892f5a3752fffff,1800595808,10293242124,14.0217,0.204733,average_adult
892f5a36253ffff,892f5a3621bffff,11512438978,7878186387,14.5982,0.169452,average_adult
892f5a36253ffff,892f5a36243ffff,11512438978,822683298,10.1343,0.48945,average_adult
892f5a36253ffff,892f5a36247ffff,11512438978,1942852414,13.5413,0.235987,average_adult
892f5a36253ffff,892f5a3624bffff,11512438978,1107512343,15.2634,0.132125,average_adult
892f5a36253ffff,892f5a3624fffff,11512438978,1800595808,16.6205,0.068812,average_adult
892f5a36253ffff,892f5a36253ffff,11512438978,11512438978,0.8955,0.995062,average_adult
892f5a36253ffff,892f5a36257ffff,11512438978,563748914,9.1631,0.565542,average_adult
892f5a36253ffff,892f5a3625bffff,11512438978,764851982,9.6557,0.527028,average_adult
892f5a36253ffff,892f5a362c3ffff,11512438978,7946433661,16.7038,0.065536,average_adult
892f5a36253ffff,892f5a362c7ffff,11512438978,896901457,15.4636,0.121658,average_adult
892f5a36253ffff,892f5a362cbffff,11512438978,472359869,8.4654,0.619365,average_adult
892f5a36253ffff,892f5a362cfffff,11512438978,2095799546,9.1111,0.569588,average_adult
892f5a36253ffff,892f5a362dbffff,11512438978,471978558,16.543,0.071924,average_adult
892f5a36253ffff,892f5a37187ffff,11512438978,798894742,17.0971,0.051087,average_adult
892f5a36253ffff,892f5a37193ffff,11512438978,7865126998,15.0674,0.142721,average_adult
892f5a36253ffff,892f5a37197ffff,11512438978,839607167,14.6301,0.167576,average_adult
892f5a36253ffff,892f5a37527ffff,11512438978,9602267747,6.0073,0.793428,average_adult
892f5a36253ffff,892f5a3752bffff,11512438978,472360457,14.939,0.149852,average_adult
892f5a36253ffff,892f5a3752fffff,11512438978,10293242124,9.2527,0.558559,average_adult
892f5a36253ffff,892f5a37537ffff,11512438978,5495728727,14.9508,0.149192,average_adult
892f5a36253ffff,892f5a3753bffff,11512438978,1094547495,19.8613,0.000119,average_adult
892f5a36257ffff,892f5a36213ffff,563748914,1239443735,16.1031,0.090785,average_adult
892f5a36257ffff,892f5a3621bffff,563748914,7878186387,8.3821,0.625704,average_adult
892f5a36257ffff,892f5a36243ffff,563748914,822683298,7.939,0.659059,average_adult
892f5a36257ffff,892f5a36247ffff,563748914,1942852414,8.4349,0.621688,average_adult
892f5a36257ffff,892f5a3624bffff,563748914,1107512343,17.549,0.036602,average_adult
892f5a36257ffff,892f5a3624fffff,563748914,1800595808,13.3505,0.24883,average_adult
892f5a36257ffff,892f5a36253ffff,563748914,11512438978,8.0248,0.652655,average_adult
892f5a36257ffff,892f5a36257ffff,563748914,563748914,0.1659,0.99983,average_adult
892f5a36257ffff,892f5a3625bffff,563748914,764851982,13.3094,0.251629,average_adult
892f5a36257ffff,892f5a3628bffff,563748914,1239449262,19.3229,0.002825,average_adult
892f5a36257ffff,892f5a362c3ffff,563748914,7946433661,15.9286,0.098814,average_adult
892f5a36257ffff,892f5a362c7ffff,563748914,896901457,12.8467,0.2838,average_adult
892f5a36257ffff,892f5a362cbffff,563748914,472359869,11.2672,0.401128,average_adult
892f5a36257ffff,892f5a362cfffff,563748914,2095799546,7.6826,0.678015,average_adult
892f5a36257ffff,892f5a362d7ffff,563748914,1239449343,19.4908,0.001598,average_adult
892f5a36257ffff,892f5a362dbffff,563748914,471978558,18.6849,0.01063,average_adult
892f5a36257ffff,892f5a37197ffff,563748914,839607167,18.0427,0.023445,average_adult
892f5a36257ffff,892f5a37527ffff,563748914,9602267747,11.2824,0.399962,average_adult
892f5a36257ffff,892f5a3752fffff,563748914,10293242124,15.0119,0.145787,average_adult
892f5a36257ffff,892f5a37537ffff,563748914,5495728727,19.8074,0.000229,average_adult
892f5a3625bffff,892f5a3621bffff,764851982,7878186387,19.2023,0.00392,average_adult
892f5a3625bffff,892f5a36243ffff,764851982,822683298,7.882,0.663293,average_adult
892f5a3625bffff,892f5a36247ffff,764851982,1942852414,13.6027,0.231908,average_adult
892f5a3625bffff,892f5a3624bffff,764851982,1107512343,8.2072,0.638949,average_adult
892f5a3625bffff,892f5a3624fffff,764851982,1800595808,9.9624,0.502951,average_adult
892f5a3625bffff,892f5a36253ffff,764851982,11512438978,9.2542,0.558443,average_adult
892f5a3625bffff,892f5a36257ffff,764851982,563748914,12.8668,0.282378,average_adult
892f5a3625bffff,892f5a3625bffff,764851982,764851982,0.6909,0.997059,average_adult
892f5a3625bffff,892f5a362cbffff,764851982,472359869,13.4904,0.239391,average_adult
892f5a3625bffff,892f5a362cfffff,764851982,2095799546,13.8262,0.217261,average_adult
892f5a3625bffff,892f5a37183ffff,764851982,771032173,11.8374,0.357682,average_adult
892f5a3625bffff,892f5a37187ffff,764851982,798894742,9.7176,0.522176,average_adult
892f5a3625bffff,892f5a3718bffff,764851982,666930532,17.1415,0.049562,average_adult
892f5a3625bffff,892f5a3718fffff,764851982,6451601256,16.5428,0.071935,average_adult
892f5a3625bffff,892f5a37193ffff,764851982,7865126998,11.0038,0.421488,average_adult
892f5a3625bffff,892f5a37197ffff,764851982,839607167,6.1093,0.786903,average_adult
892f5a3625bffff,892f5a3719bffff,764851982,1942852587,15.7857,0.105613,average_adult
892f5a3625bffff,892f5a371b3ffff,764851982,659292988,13.6356,0.229727,average_adult
892f5a3625bffff,892f5a371bbffff,764851982,2569654976,18.8244,0.0085,average_adult
892f5a3625bffff,892f5a37527ffff,764851982,9602267747,8.3877,0.625279,average_adult
892f5a3625bffff,892f5a3752bffff,764851982,472360457,11.7314,0.365686,average_adult
892f5a3625bffff,892f5a3752fffff,764851982,10293242124,6.0451,0.791019,average_adult
892f5a3625bffff,892f5a37537ffff,764851982,5495728727,18.5963,0.012104,average_adult
892f5a3625bffff,892f5a3753bffff,764851982,1094547495,16.8848,0.058677,average_adult
892f5a3625bffff,892f5a37567ffff,764851982,2865895571,17.9905,0.024703,average_adult
892f5a3625bffff,892f5a37577ffff,764851982,1706684673,19.585,0.001062,average_adult
892f5a36283ffff,892f5a3605bffff,1143784300,2321419350,16.4662,0.075075,average_adult
892f5a36283ffff,892f5a36213ffff,1143784300,1239443735,13.873,0.214238,average_adult
892f5a36283ffff,892f5a3621bffff,1143784300,7878186387,18.1314,0.021385,average_adult
892f5a36283ffff,892f5a36283ffff,1143784300,1143784300,0.5506,0.998131,average_adult
892f5a36283ffff,892f5a3628bffff,1143784300,1239449262,7.5012,0.691258,average_adult
892f5a36283ffff,892f5a3628fffff,1143784300,1304643606,6.3094,0.773896,average_adult
892f5a36283ffff,892f5a36293ffff,1143784300,2201592550,6.7812,0.742171,average_adult
892f5a36283ffff,892f5a36297ffff,1143784300,1304643745,8.8408,0.59054,average_adult
892f5a36283ffff,892f5a3629bffff,1143784300,1304643617,5.5455,0.822001,average_adult
892f5a36283ffff,892f5a362c7ffff,1143784300,896901457,13.5107,0.238037,average_adult
892f5a36283ffff,892f5a362d3ffff,1143784300,471978645,15.5361,0.11796,average_adult
892f5a36283ffff,892f5a362d7ffff,1143784300,1239449343,12.1879,0.331522,average_adult
892f5a36283ffff,892f5a36623ffff,1143784300,1075380045,19.5368,0.001323,average_adult
892f5a36283ffff,892f5a3662bffff,1143784300,1304351798,15.5724,0.116127,average_adult
892f5a36283ffff,892f5a3662fffff,1143784300,380476702,14.4791,0.176528,average_adult
892f5a36283ffff,892f5a3663bffff,1143784300,12438051358,18.9506,0.006778,average_adult
892f5a36283ffff,892f5a36663ffff,1143784300,318826549,19.5394,0.001308,average_adult
892f5a36283ffff,892f5a36667ffff,1143784300,1304352208,11.8924,0.353547,average_adult
892f5a36283ffff,892f5a3666bffff,1143784300,2199562412,19.4745,0.001702,average_adult
892f5a36283ffff,892f5a36677ffff,1143784300,318826498,17.1063,0.05077,average_adult
892f5a3628bffff,892f5a36213ffff,1239449262,1239443735,7.1894,0.713645,average_adult
892f5a3628bffff,892f5a3621bffff,1239449262,7878186387,11.4478,0.387268,average_adult
892f5a3628bffff,892f5a36253ffff,1239449262,11512438978,19.913,4.7e-05,average_adult
892f5a3628bffff,892f5a36257ffff,1239449262,563748914,18.2374,0.019042,average_adult
892f5a3628bffff,892f5a36283ffff,1239449262,1143784300,8.5555,0.612483,average_adult
892f5a3628bffff,892f5a3628bffff,1239449262,1239449262,0.1266,0.999901,average_adult
892f5a3628bffff,892f5a3628fffff,1239449262,1304643606,5.3951,0.830943,average_adult
892f5a3628bffff,892f5a36293ffff,1239449262,2201592550,12.2589,0.326284,average_adult
892f5a3628bffff,892f5a36297ffff,1239449262,1304643745,16.0234,0.094415,average_adult
892f5a3628bffff,892f5a3629bffff,1239449262,1304643617,7.0935,0.720425,average_adult
892f5a3628bffff,892f5a362c3ffff,1239449262,7946433661,15.0845,0.141784,average_adult
892f5a3628bffff,892f5a362c7ffff,1239449262,896901457,6.8271,0.739011,average_adult
892f5a3628bffff,892f5a362cbffff,1239449262,472359869,16.6765,0.066603,average_adult
892f5a3628bffff,892f5a362cfffff,1239449262,2095799546,13.9437,0.209697,average_adult
892f5a3628bffff,892f5a362d3ffff,1239449262,471978645,12.7093,0.293576,average_adult
892f5a3628bffff,892f5a362d7ffff,1239449262,1239449343,6.9718,0.728966,average_adult
892f5a3628bffff,892f5a362dbffff,1239449262,471978558,19.3783,0.002382,average_adult
892f5a3628bffff,892f5a36667ffff,1239449262,1304352208,16.6931,0.065952,average_adult
892f5a3628fffff,892f5a36213ffff,1304643606,1239443735,10.4674,0.463323,average_adult
892f5a3628fffff,892f5a3621bffff,1304643606,7878186387,14.7258,0.161996,average_adult
892f5a3628fffff,892f5a36283ffff,1304643606,1143784300,6.6751,0.749425,average_adult
892f5a3628fffff,892f5a3628bffff,1304643606,1239449262,5.0274,0.852027,average_adult
892f5a3628fffff,892f5a3628fffff,1304643606,1304643606,2.7976,0.952492,average_adult
892f5a3628fffff,892f5a36293ffff,1304643606,2201592550,12.9058,0.279624,average_adult
892f5a3628fffff,892f5a36297ffff,1304643606,1304643745,13.4259,0.243731,average_adult
892f5a3628fffff,892f5a3629bffff,1304643606,1304643617,11.67,0.370336,average_adult
892f5a3628fffff,892f5a362c3ffff,1304643606,7946433661,18.5164,0.013516,average_adult
892f5a3628fffff,892f5a362c7ffff,1304643606,896901457,10.1051,0.491745,average_adult
892f5a3628fffff,892f5a362cbffff,1304643606,472359869,19.9545,1.3e-05,average_adult
892f5a3628fffff,892f5a362cfffff,1304643606,2095799546,17.2217,0.046863,average_adult
892f5a3628fffff,892f5a362d3ffff,1304643606,471978645,16.7763,0.062745,average_adult
892f5a3628fffff,892f5a362d7ffff,1304643606,1239449343,11.0388,0.418774,average_adult
892f5a3628fffff,892f5a3662fffff,1304643606,380476702,19.4592,0.001803,average_adult
892f5a3628fffff,892f5a36667ffff,1304643606,1304352208,18.017,0.024061,average_adult
892f5a36293ffff,892f5a36053ffff,2201592550,1304352680,18.4677,0.014413,average_adult
892f5a36293ffff,892f5a3605bffff,2201592550,2321419350,11.0378,0.418852,average_adult
892f5a36293ffff,892f5a36213ffff,2201592550,1239443735,17.392,0.041372,average_adult
892f5a36293ffff,892f5a36283ffff,2201592550,1143784300,6.0986,0.787591,average_adult
892f5a36293ffff,892f5a3628bffff,2201592550,1239449262,11.0202,0.420214,average_adult
892f5a36293ffff,892f5a3628fffff,2201592550,1304643606,11.8574,0.356179,average_adult
892f5a36293ffff,892f5a36293ffff,2201592550,2201592550,0.3373,0.999299,average_adult
892f5a36293ffff,892f5a36297ffff,2201592550,1304643745,8.0731,0.64904,average_adult
892f5a36293ffff,892f5a3629bffff,2201592550,1304643617,7.6849,0.677845,average_adult
892f5a36293ffff,892f5a362c7ffff,2201592550,896901457,16.6062,0.069381,average_adult
892f5a36293ffff,892f5a362d3ffff,2201592550,471978645,17.6246,0.034405,average_adult
892f5a36293ffff,892f5a362d7ffff,2201592550,1239449343,14.301,0.187319,average_adult
892f5a36293ffff,892f5a36607ffff,2201592550,1304352847,19.373,0.002423,average_adult
892f5a36293ffff,892f5a3660fffff,2201592550,1658720563,19.6384,0.000807,average_adult
892f5a36293ffff,892f5a36623ffff,2201592550,1075380045,13.4902,0.239409,average_adult
892f5a36293ffff,892f5a36627ffff,2201592550,2862866543,14.4198,0.180089,average_adult
892f5a36293ffff,892f5a3662bffff,2201592550,1304351798,9.8605,0.510953,average_adult
892f5a36293ffff,892f5a3662fffff,2201592550,380476702,8.4324,0.621876,average_adult
892f5a36293ffff,892f5a36633ffff,2201592550,1075380077,18.2836,0.018063,average_adult
892f5a36293ffff,892f5a36637ffff,2201592550,2321360661,17.0455,0.052886,average_adult
892f5a36293ffff,892f5a3663bffff,2201592550,12438051358,14.0553,0.202608,average_adult
892f5a36293ffff,892f5a36663ffff,2201592550,318826549,14.9925,0.146866,average_adult
892f5a36293ffff,892f5a36667ffff,2201592550,1304352208,6.9971,0.727197,average_adult
892f5a36293ffff,892f5a3666bffff,2201592550,2199562412,14.4765,0.176683,average_adult
892f5a36293ffff,892f5a36673ffff,2201592550,861244781,17.3143,0.043837,average_adult
892f5a36293ffff,892f5a36677ffff,2201592550,318826498,12.2109,0.329824,average_adult
892f5a36293ffff,892f5a3667bffff,2201592550,978985095,19.1967,0.003975,average_adult
892f5a36297ffff,892f5a36053ffff,1304643745,1304352680,18.7849,0.00908,average_adult
892f5a36297ffff,892f5a3605bffff,1304643745,2321419350,10.615,0.451774,average_adult
892f5a36297ffff,892f5a36283ffff,1304643745,1143784300,8.6454,0.605589,average_adult
892f5a36297ffff,892f5a3628bffff,1304643745,1239449262,14.7902,0.15829,average_adult
892f5a36297ffff,892f5a3628fffff,1304643745,1304643606,12.5604,0.304286,average_adult
892f5a36297ffff,892f5a36293ffff,1304643745,2201592550,8.0693,0.649324,average_adult
892f5a36297ffff,892f5a36297ffff,1304643745,1304643745,0.3096,0.999409,average_adult
892f5a36297ffff,892f5a3629bffff,1304643745,1304643617,12.4558,0.311871,average_adult
892f5a36297ffff,892f5a362c7ffff,1304643745,896901457,19.8678,0.000108,average_adult
892f5a36297ffff,892f5a362d7ffff,1304643745,1239449343,19.0718,0.005305,average_adult
892f5a36297ffff,892f5a36623ffff,1304643745,1075380045,16.1168,0.090167,average_adult
892f5a36297ffff,892f5a36627ffff,1304643745,2862866543,15.2028,0.135363,average_adult
892f5a36297ffff,892f5a3662bffff,1304643745,1304351798,13.7587,0.221647,average_adult
892f5a36297ffff,892f5a3662fffff,1304643745,380476702,9.0229,0.576439,average_adult
892f5a36297ffff,892f5a36637ffff,1304643745,2321360661,18.8282,0.008446,average_adult
892f5a36297ffff,892f5a3663bffff,1304643745,12438051358,18.2144,0.019539,average_adult
892f5a36297ffff,892f5a36667ffff,1304643745,1304352208,13.3399,0.249551,average_adult
892f5a36297ffff,892f5a36677ffff,1304643745,318826498,18.2471,0.018834,average_adult
892f5a3629bffff,892f5a3605bffff,1304643617,2321419350,18.9996,0.00616,average_adult
892f5a3629bffff,892f5a36213ffff,1304643617,1239443735,11.9007,0.352931,average_adult
892f5a3629bffff,892f5a3621bffff,1304643617,7878186387,14.7251,0.162036,average_adult
892f5a3629bffff,892f5a36283ffff,1304643617,1143784300,5.6398,0.8163,average_adult
892f5a3629bffff,892f5a3628bffff,1304643617,1239449262,6.4279,0.76606,average_adult
892f5a3629bffff,892f5a3628fffff,1304643617,1304643606,11.0921,0.414647,average_adult
892f5a3629bffff,892f5a36293ffff,1304643617,2201592550,8.6212,0.607446,average_adult
892f5a3629bffff,892f5a36297ffff,1304643617,1304643745,12.5282,0.306615,average_adult
892f5a3629bffff,892f5a3629bffff,1304643617,1304643617,0.5955,0.997814,average_adult
892f5a3629bffff,892f5a362c3ffff,1304643617,7946433661,16.3082,0.081745,average_adult
892f5a3629bffff,892f5a362c7ffff,1304643617,896901457,9.5222,0.537493,average_adult
892f5a3629bffff,892f5a362cbffff,1304643617,472359869,19.7707,0.000324,average_adult
892f5a3629bffff,892f5a362cfffff,1304643617,2095799546,17.0379,0.053153,average_adult
892f5a3629bffff,892f5a362d3ffff,1304643617,471978645,10.9764,0.423612,average_adult
892f5a3629bffff,892f5a362d7ffff,1304643617,1239449343,7.3983,0.698695,average_adult
892f5a3629bffff,892f5a362dbffff,1304643617,471978558,18.7899,0.009005,average_adult
892f5a3629bffff,892f5a3662bffff,1304643617,1304351798,15.5005,0.119771,average_adult
892f5a3629bffff,892f5a3662fffff,1304643617,380476702,16.3943,0.078077,average_adult
892f5a3629bffff,892f5a3663bffff,1304643617,12438051358,18.8787,0.007736,average_adult
892f5a3629bffff,892f5a36663ffff,1304643617,318826549,15.178,0.136703,average_adult
892f5a3629bffff,892f5a36667ffff,1304643617,1304352208,11.8205,0.358957,average_adult
892f5a3629bffff,892f5a3666bffff,1304643617,2199562412,15.7278,0.108424,average_adult
892f5a3629bffff,892f5a36677ffff,1304643617,318826498,17.0344,0.053278,average_adult
892f5a3629bffff,892f5a375a7ffff,1304643617,2327217335,17.0747,0.051863,average_adult
892f5a362c3ffff,892f5a36213ffff,7946433661,1239443735,11.3536,0.394491,average_adult
892f5a362c3ffff,892f5a3621bffff,7946433661,7878186387,9.5923,0.532,average_adult
892f5a362c3ffff,892f5a36243ffff,7946433661,822683298,17.1402,0.049605,average_adult
892f5a362c3ffff,892f5a36247ffff,7946433661,1942852414,19.7132,0.000507,average_adult
892f5a362c3ffff,892f5a36253ffff,7946433661,11512438978,12.7252,0.292438,average_adult
892f5a362c3ffff,892f5a36257ffff,7946433661,563748914,12.8683,0.282269,average_adult
892f5a362c3ffff,892f5a3625bffff,7946433661,764851982,18.57,0.012561,average_adult
892f5a362c3ffff,892f5a36283ffff,7946433661,1143784300,19.9881,1e-06,average_adult
892f5a362c3ffff,892f5a3628bffff,7946433661,1239449262,13.9712,0.207941,average_adult
892f5a362c3ffff,892f5a3628fffff,7946433661,1304643606,17.1195,0.050314,average_adult
892f5a362c3ffff,892f5a3629bffff,7946433661,1304643617,14.9439,0.149577,average_adult
892f5a362c3ffff,892f5a362c3ffff,7946433661,7946433661,0.1967,0.999761,average_adult
892f5a362c3ffff,892f5a362c7ffff,7946433661,896901457,6.3576,0.77072,average_adult
892f5a362c3ffff,892f5a362cbffff,7946433661,472359869,7.0959,0.72026,average_adult
892f5a362c3ffff,892f5a362cfffff,7946433661,2095799546,6.7559,0.743905,average_adult
892f5a362c3ffff,892f5a362d3ffff,7946433661,471978645,7.5712,0.686166,average_adult
892f5a362c3ffff,892f5a362d7ffff,7946433661,1239449343,9.3549,0.550577,average_adult
892f5a362c3ffff,892f5a362dbffff,7946433661,471978558,6.9821,0.728248,average_adult
892f5a362c3ffff,892f5a36663ffff,7946433661,318826549,18.1418,0.021149,average_adult
892f5a362c3ffff,892f5a3666bffff,7946433661,2199562412,16.4375,0.076265,average_adult
892f5a362c3ffff,892f5a37527ffff,7946433661,9602267747,14.5703,0.171098,average_adult
892f5a362c3ffff,892f5a3752fffff,7946433661,10293242124,19.8867,7.9e-05,average_adult
892f5a362c3ffff,892f5a37533ffff,7946433661,9954179094,17.4269,0.040289,average_adult
892f5a362c3ffff,892f5a37537ffff,7946433661,5495728727,11.8489,0.356823,average_adult
892f5a362c3ffff,892f5a375a7ffff,7946433661,2327217335,12.9945,0.273387,average_adult
892f5a362c3ffff,892f5a375afffff,7946433661,5506743143,14.036,0.203823,average_adult
892f5a362c7ffff,892f5a36213ffff,896901457,1239443735,7.257,0.70883,average_adult
892f5a362c7ffff,892f5a3621bffff,896901457,7878186387,6.0874,0.788311,average_adult
892f5a362c7ffff,892f5a36243ffff,896901457,822683298,17.3067,0.044082,average_adult
892f5a362c7ffff,892f5a36247ffff,896901457,1942852414,19.5012,0.001534,average_adult
892f5a362c7ffff,892f5a36253ffff,896901457,11512438978,13.8273,0.217185,average_adult
892f5a362c7ffff,892f5a36257ffff,896901457,563748914,12.1517,0.334203,average_adult
892f5a362c7ffff,892f5a3625bffff,896901457,764851982,19.6039,0.000967,average_adult
892f5a362c7ffff,892f5a36283ffff,896901457,1143784300,14.9817,0.147466,average_adult
892f5a362c7ffff,892f5a3628bffff,896901457,1239449262,8.0705,0.649231,average_adult
892f5a362c7ffff,892f5a3628fffff,896901457,1304643606,11.1042,0.413711,average_adult
892f5a362c7ffff,892f5a36293ffff,896901457,2201592550,19.3384,0.002698,average_adult
892f5a362c7ffff,892f5a3629bffff,896901457,1304643617,11.522,0.381598,average_adult
892f5a362c7ffff,892f5a362c3ffff,896901457,7946433661,9.1527,0.56635,average_adult
892f5a362c7ffff,892f5a362c7ffff,896901457,896901457,0.3423,0.999277,average_adult
892f5a362c7ffff,892f5a362cbffff,896901457,472359869,10.5908,0.453666,average_adult
892f5a362c7ffff,892f5a362cfffff,896901457,2095799546,7.858,0.665074,average_adult
892f5a362c7ffff,892f5a362d3ffff,896901457,471978645,11.5247,0.381389,average_adult
892f5a362c7ffff,892f5a362d7ffff,896901457,1239449343,6.9865,0.727942,average_adult
892f5a362c7ffff,892f5a362dbffff,896901457,471978558,15.3652,0.126759,average_adult
892f5a362c7ffff,892f5a37527ffff,896901457,9602267747,16.5361,0.072207,average_adult
892f5a362c7ffff,892f5a37537ffff,896901457,5495728727,17.3569,0.042476,average_adult
892f5a362cbffff,892f5a36213ffff,472359869,1239443735,15.88,0.101102,average_adult
892f5a362cbffff,892f5a3621bffff,472359869,7878186387,14.1187,0.198615,average_adult
892f5a362cbffff,892f5a36243ffff,472359869,822683298,14.3274,0.185704,average_adult
892f5a362cbffff,892f5a36247ffff,472359869,1942852414,17.7344,0.03133,average_adult
892f5a362cbffff,892f5a3624bffff,472359869,1107512343,19.4564,0.001821,average_adult
892f5a362cbffff,892f5a36253ffff,472359869,11512438978,7.5222,0.68973,average_adult
892f5a362cbffff,892f5a36257ffff,472359869,563748914,11.6898,0.368833,average_adult
892f5a362cbffff,892f5a3625bffff,472359869,764851982,14.0898,0.200432,average_adult
892f5a362cbffff,892f5a3628bffff,472359869,1239449262,18.6123,0.011832,average_adult
892f5a362cbffff,892f5a362c3ffff,472359869,7946433661,8.8151,0.592523,average_adult
892f5a362cbffff,892f5a362c7ffff,472359869,896901457,10.884,0.43079,average_adult
892f5a362cbffff,892f5a362cbffff,472359869,472359869,0.0818,0.999959,average_adult
892f5a362cbffff,892f5a362cfffff,472359869,2095799546,7.6033,0.683824,average_adult
892f5a362cbffff,892f5a362d3ffff,472359869,471978645,12.4078,0.315367,average_adult
892f5a362cbffff,892f5a362d7ffff,472359869,1239449343,15.9933,0.095802,average_adult
892f5a362cbffff,892f5a362dbffff,472359869,471978558,9.1789,0.564312,average_adult
892f5a362cbffff,892f5a37193ffff,472359869,7865126998,18.8217,0.00854,average_adult
892f5a362cbffff,892f5a37197ffff,472359869,839607167,18.8231,0.00852,average_adult
892f5a362cbffff,892f5a37507ffff,472359869,9933084480,18.7589,0.009472,average_adult
892f5a362cbffff,892f5a37527ffff,472359869,9602267747,7.5562,0.68726,average_adult
892f5a362cbffff,892f5a3752bffff,472359869,472360457,18.6932,0.010497,average_adult
892f5a362cbffff,892f5a3752fffff,472359869,10293242124,13.007,0.272518,average_adult
892f5a362cbffff,892f5a37533ffff,472359869,9954179094,15.0977,0.141064,average_adult
892f5a362cbffff,892f5a37537ffff,472359869,5495728727,9.5197,0.537689,average_adult
892f5a362cbffff,892f5a375a7ffff,472359869,2327217335,14.8515,0.154791,average_adult
892f5a362cbffff,892f5a375abffff,472359869,582802728,19.1451,0.004502,average_adult
892f5a362cbffff,892f5a375afffff,472359869,5506743143,13.8096,0.218333,average_adult
892f5a362cfffff,892f5a36213ffff,2095799546,1239443735,12.4622,0.311408,average_adult
892f5a362cfffff,892f5a3621bffff,2095799546,7878186387,9.9867,0.501045,average_adult
892f5a362cfffff,892f5a36243ffff,2095799546,822683298,11.3787,0.392561,average_adult
892f5a362cfffff,892f5a36247ffff,2095799546,1942852414,13.9517,0.209185,average_adult
892f5a362cfffff,892f5a3624bffff,2095799546,1107512343,18.1751,0.020402,average_adult
892f5a362cfffff,892f5a3624fffff,2095799546,1800595808,18.3844,0.016015,average_adult
892f5a362cfffff,892f5a36253ffff,2095799546,11512438978,6.9637,0.729531,average_adult
892f5a362cfffff,892f5a36257ffff,2095799546,563748914,7.1068,0.719491,average_adult
892f5a362cfffff,892f5a3625bffff,2095799546,764851982,12.8085,0.286509,average_adult
892f5a362cfffff,892f5a3628bffff,2095799546,1239449262,15.1944,0.135815,average_adult
892f5a362cfffff,892f5a3628fffff,2095799546,1304643606,18.2281,0.019242,average_adult
892f5a362cfffff,892f5a3629bffff,2095799546,1304643617,18.6459,0.011268,average_adult
892f5a362cfffff,892f5a362c3ffff,2095799546,7946433661,9.2003,0.562643,average_adult
892f5a362cfffff,892f5a362c7ffff,2095799546,896901457,7.4662,0.693792,average_adult
892f5a362cfffff,892f5a362cbffff,2095799546,472359869,6.848,0.737565,average_adult
892f5a362cfffff,892f5a362cfffff,2095799546,2095799546,0.333,0.999316,average_adult
892f5a362cfffff,892f5a362d3ffff,2095799546,471978645,14.0658,0.201945,average_adult
892f5a362cfffff,892f5a362d7ffff,2095799546,1239449343,13.6064,0.231664,average_adult
892f5a362cfffff,892f5a362dbffff,2095799546,471978558,12.0627,0.340816,average_adult
892f5a362cfffff,892f5a37193ffff,2095799546,7865126998,19.9762,4e-06,average_adult
892f5a362cfffff,892f5a37197ffff,2095799546,839607167,17.5418,0.036814,average_adult
892f5a362cfffff,892f5a37527ffff,2095799546,9602267747,9.6724,0.525716,average_adult
892f5a362cfffff,892f5a3752bffff,2095799546,472360457,19.8477,0.000143,average_adult
892f5a362cfffff,892f5a3752fffff,2095799546,10293242124,14.1614,0.195947,average_adult
892f5a362cfffff,892f5a37533ffff,2095799546,9954179094,19.3154,0.002889,average_adult
892f5a362cfffff,892f5a37537ffff,2095799546,5495728727,13.7373,0.223042,average_adult
892f5a362cfffff,892f5a375a7ffff,2095799546,2327217335,18.276,0.018222,average_adult
892f5a362cfffff,892f5a375afffff,2095799546,5506743143,18.0273,0.023813,average_adult
892f5a362d3ffff,892f5a36213ffff,471978645,1239443735,16.6715,0.066798,average_adult
892f5a362d3ffff,892f5a3621bffff,471978645,7878186387,15.0378,0.144352,average_adult
892f5a362d3ffff,892f5a36253ffff,471978645,11512438978,18.3716,0.016268,average_adult
892f5a362d3ffff,892f5a36257ffff,471978645,563748914,18.5147,0.013548,average_adult
892f5a362d3ffff,892f5a36283ffff,471978645,1143784300,16.6572,0.06736,average_adult
892f5a362d3ffff,892f5a3628bffff,471978645,1239449262,12.3769,0.317627,average_adult
892f5a362d3ffff,892f5a3628fffff,471978645,1304643606,16.8116,0.06141,average_adult
892f5a362d3ffff,892f5a36293ffff,471978645,2201592550,19.0551,0.005497,average_adult
892f5a362d3ffff,892f5a3629bffff,471978645,1304643617,11.6129,0.374671,average_adult
892f5a362d3ffff,892f5a362c3ffff,471978645,7946433661,8.3858,0.625426,average_adult
892f5a362d3ffff,892f5a362c7ffff,471978645,896901457,10.0739,0.494193,average_adult
892f5a362d3ffff,892f5a362cbffff,471978645,472359869,11.3261,0.396598,average_adult
892f5a362d3ffff,892f5a362cfffff,471978645,2095799546,12.4023,0.315772,average_adult
892f5a362d3ffff,892f5a362d3ffff,471978645,471978645,0.9338,0.994631,average_adult
892f5a362d3ffff,892f5a362d7ffff,471978645,1239449343,7.7606,0.672276,average_adult
892f5a362d3ffff,892f5a362dbffff,471978645,471978558,8.7473,0.597751,average_adult
892f5a362d3ffff,892f5a3664fffff,471978645,475762598,19.9514,1.5e-05,average_adult
892f5a362d3ffff,892f5a36663ffff,471978645,318826549,14.0251,0.204512,average_adult
892f5a362d3ffff,892f5a36667ffff,471978645,1304352208,17.6606,0.033381,average_adult
892f5a362d3ffff,892f5a3666bffff,471978645,2199562412,10.1142,0.491029,average_adult
892f5a362d3ffff,892f5a3666fffff,471978645,7263440604,17.587,0.035488,average_adult
892f5a362d3ffff,892f5a36673ffff,471978645,861244781,19.1917,0.004025,average_adult
892f5a362d3ffff,892f5a36677ffff,471978645,318826498,17.6216,0.034489,average_adult
892f5a362d3ffff,892f5a3667bffff,471978645,978985095,16.138,0.089217,average_adult
892f5a362d3ffff,892f5a37527ffff,471978645,9602267747,18.8005,0.008849,average_adult
892f5a362d3ffff,892f5a37537ffff,471978645,5495728727,15.6789,0.110824,average_adult
892f5a362d3ffff,892f5a375a7ffff,471978645,2327217335,11.3317,0.396171,average_adult
892f5a362d3ffff,892f5a375afffff,471978645,5506743143,14.4168,0.180273,average_adult
892f5a362d3ffff,892f5a375b7ffff,471978645,2890576069,18.2604,0.018551,average_adult
892f5a362d7ffff,892f5a36213ffff,1239449343,1239443735,11.4441,0.387548,average_adult
892f5a362d7ffff,892f5a3621bffff,1239449343,7878186387,11.6138,0.374609,average_adult
892f5a362d7ffff,892f5a36253ffff,1239449343,11512438978,18.2586,0.018589,average_adult
892f5a362d7ffff,892f5a36257ffff,1239449343,563748914,17.466,0.039087,average_adult
892f5a362d7ffff,892f5a36283ffff,1239449343,1143784300,12.409,0.315279,average_adult
892f5a362d7ffff,892f5a3628bffff,1239449343,1239449262,6.9605,0.729753,average_adult
892f5a362d7ffff,892f5a3628fffff,1239449343,1304643606,11.3952,0.391295,average_adult
892f5a362d7ffff,892f5a36293ffff,1239449343,2201592550,15.0964,0.141134,average_adult
892f5a362d7ffff,892f5a36297ffff,1239449343,1304643745,19.2975,0.003042,average_adult
892f5a362d7ffff,892f5a3629bffff,1239449343,1304643617,7.3648,0.701111,average_adult
892f5a362d7ffff,892f5a362c3ffff,1239449343,7946433661,10.457,0.464139,average_adult
892f5a362d7ffff,892f5a362c7ffff,1239449343,896901457,5.8686,0.802178,average_adult
892f5a362d7ffff,892f5a362cbffff,1239449343,472359869,15.0221,0.145224,average_adult
892f5a362d7ffff,892f5a362cfffff,1239449343,2095799546,12.2893,0.32405,average_adult
892f5a362d7ffff,892f5a362d3ffff,1239449343,471978645,8.0818,0.648387,average_adult
892f5a362d7ffff,892f5a362d7ffff,1239449343,1239449343,0.6968,0.997008,average_adult
892f5a362d7ffff,892f5a362dbffff,1239449343,471978558,14.7508,0.160556,average_adult
892f5a362d7ffff,892f5a36663ffff,1239449343,318826549,16.283,0.082829,average_adult
892f5a362d7ffff,892f5a36667ffff,1239449343,1304352208,17.1345,0.049802,average_adult
892f5a362d7ffff,892f5a3666bffff,1239449343,2199562412,15.7908,0.105364,average_adult
892f5a362d7ffff,892f5a36677ffff,1239449343,318826498,19.8795,8.9e-05,average_adult
892f5a362d7ffff,892f5a375a7ffff,1239449343,2327217335,17.1378,0.049688,average_adult
892f5a362dbffff,892f5a36213ffff,471978558,1239443735,16.4969,0.073806,average_adult
892f5a362dbffff,892f5a3621bffff,471978558,7878186387,14.7356,0.161428,average_adult
892f5a362dbffff,892f5a36253ffff,471978558,11512438978,13.2638,0.254746,average_adult
892f5a362dbffff,892f5a36257ffff,471978558,563748914,16.6947,0.065892,average_adult
892f5a362dbffff,892f5a3625bffff,471978558,764851982,18.54,0.013091,average_adult
892f5a362dbffff,892f5a3628bffff,471978558,1239449262,17.2071,0.047349,average_adult
892f5a362dbffff,892f5a3629bffff,471978558,1304643617,17.094,0.051192,average_adult
892f5a362dbffff,892f5a362c3ffff,471978558,7946433661,5.7958,0.806711,average_adult
892f5a362dbffff,892f5a362c7ffff,471978558,896901457,11.501,0.383204,average_adult
892f5a362dbffff,892f5a362cbffff,471978558,472359869,6.7211,0.746288,average_adult
892f5a362dbffff,892f5a362cfffff,471978558,2095799546,10.8212,0.435681,average_adult
892f5a362dbffff,892f5a362d3ffff,471978558,471978645,7.1326,0.71767,average_adult
892f5a362dbffff,892f5a362d7ffff,471978558,1239449343,12.5908,0.302087,average_adult
892f5a362dbffff,892f5a362dbffff,471978558,471978558,0.6913,0.997055,average_adult
892f5a362dbffff,892f5a36663ffff,471978558,318826549,19.5062,0.001503,average_adult
892f5a362dbffff,892f5a3666bffff,471978558,2199562412,13.5185,0.23751,average_adult
892f5a362dbffff,892f5a3667bffff,471978558,978985095,18.7585,0.009478,average_adult
892f5a362dbffff,892f5a37507ffff,471978558,9933084480,16.8621,0.059519,average_adult
892f5a362dbffff,892f5a37517ffff,471978558,6283520292,19.5886,0.001044,average_adult
892f5a362dbffff,892f5a37527ffff,471978558,9602267747,11.1359,0.411262,average_adult
892f5a362dbffff,892f5a3752fffff,471978558,10293242124,17.03,0.053431,average_adult
892f5a362dbffff,892f5a37533ffff,471978558,9954179094,13.2009,0.259063,average_adult
892f5a362dbffff,892f5a37537ffff,471978558,5495728727,7.6229,0.682392,average_adult
892f5a362dbffff,892f5a375a3ffff,471978558,9954223273,18.3207,0.017296,average_adult
892f5a362dbffff,892f5a375a7ffff,471978558,2327217335,7.8035,0.669111,average_adult
892f5a362dbffff,892f5a375abffff,471978558,582802728,14.582,0.170406,average_adult
892f5a362dbffff,892f5a375afffff,471978558,5506743143,8.443,0.621068,average_adult
892f5a362dbffff,892f5a375b7ffff,471978558,2890576069,17.8508,0.028224,average_adult
892f5a36603ffff,892f5a36603ffff,1520829774,1520829774,0.4515,0.998743,average_adult
892f5a36603ffff,892f5a36607ffff,1520829774,1304352847,15.5782,0.115836,average_adult
892f5a36603ffff,892f5a3660bffff,1520829774,6282956810,9.2086,0.561997,average_adult
892f5a36603ffff,892f5a3660fffff,1520829774,1658720563,9.6501,0.527464,average_adult
892f5a36603ffff,892f5a36613ffff,1520829774,1520547162,17.1337,0.049828,average_adult
892f5a36603ffff,892f5a3661bffff,1520829774,1520547162,15.418,0.124012,average_adult
892f5a36603ffff,892f5a3663bffff,1520829774,12438051358,17.1207,0.050275,average_adult
892f5a36603ffff,892f5a36647ffff,1520829774,295413512,17.1434,0.049497,average_adult
892f5a36603ffff,892f5a36673ffff,1520829774,861244781,13.6322,0.229954,average_adult
892f5a36603ffff,892f5a36677ffff,1520829774,318826498,17.1302,0.049949,average_adult
892f5a36607ffff,892f5a36603ffff,1304352847,1520829774,18.2807,0.018125,average_adult
892f5a36607ffff,892f5a36607ffff,1304352847,1304352847,2.2061,0.970277,average_adult
892f5a36607ffff,892f5a3660bffff,1304352847,6282956810,14.0547,0.202644,average_adult
892f5a36607ffff,892f5a3660fffff,1304352847,1658720563,8.5325,0.614241,average_adult
892f5a36607ffff,892f5a36623ffff,1304352847,1075380045,13.7531,0.222016,average_adult
892f5a36607ffff,892f5a3662bffff,1304352847,1304351798,13.0845,0.267113,average_adult
892f5a36607ffff,892f5a3662fffff,1304352847,380476702,19.9232,3.6e-05,average_adult
892f5a36607ffff,892f5a36633ffff,1304352847,1075380077,9.4876,0.540204,average_adult
892f5a36607ffff,892f5a3663bffff,1304352847,12438051358,6.3767,0.769459,average_adult
892f5a36607ffff,892f5a36663ffff,1304352847,318826549,18.8053,0.008779,average_adult
892f5a36607ffff,892f5a36667ffff,1304352847,1304352208,18.302,0.017681,average_adult
892f5a36607ffff,892f5a36673ffff,1304352847,861244781,13.975,0.2077,average_adult
892f5a36607ffff,892f5a36677ffff,1304352847,318826498,12.7106,0.293483,average_adult
892f5a3660bffff,892f5a36603ffff,6282956810,1520829774,12.7341,0.291802,average_adult
892f5a3660bffff,892f5a36607ffff,6282956810,1304352847,14.93,0.150357,average_adult
892f5a3660bffff,892f5a3660bffff,6282956810,6282956810,2.0256,0.974904,average_adult
892f5a3660bffff,892f5a3660fffff,6282956810,1658720563,9.0019,0.57807,average_adult
892f5a3660bffff,892f5a36613ffff,6282956810,1520547162,17.6687,0.033153,average_adult
892f5a3660bffff,892f5a3661bffff,6282956810,1520547162,15.953,0.097674,average_adult
892f5a3660bffff,892f5a3662bffff,6282956810,1304351798,19.0174,0.005943,average_adult
892f5a3660bffff,892f5a36633ffff,6282956810,1075380077,19.5833,0.001071,average_adult
892f5a3660bffff,892f5a3663bffff,6282956810,12438051358,16.4724,0.074816,average_adult
892f5a3660bffff,892f5a36643ffff,6282956810,1520857952,15.6058,0.114455,average_adult
892f5a3660bffff,892f5a36647ffff,6282956810,295413512,9.9604,0.503112,average_adult
892f5a3660bffff,892f5a3664fffff,6282956810,475762598,16.7894,0.06225,average_adult
892f5a3660bffff,892f5a36653ffff,6282956810,1520857592,19.5157,0.001446,average_adult
892f5a3660bffff,892f5a36657ffff,6282956810,10548487822,13.584,0.23315,average_adult
892f5a3660bffff,892f5a36663ffff,6282956810,318826549,14.8973,0.152199,average_adult
892f5a3660bffff,892f5a36667ffff,6282956810,1304352208,19.2053,0.003891,average_adult
892f5a3660bffff,892f5a36673ffff,6282956810,861244781,6.4492,0.764643,average_adult
892f5a3660bffff,892f5a36677ffff,6282956810,318826498,14.6973,0.163653,average_adult
892f5a3660bffff,892f5a3667bffff,6282956810,978985095,15.0602,0.143117,average_adult
892f5a3660fffff,892f5a36603ffff,1658720563,1520829774,11.9375,0.350168,average_adult
892f5a3660fffff,892f5a36607ffff,1658720563,1304352847,8.1174,0.645714,average_adult
892f5a3660fffff,892f5a3660bffff,1658720563,6282956810,7.7115,0.675891,average_adult
892f5a3660fffff,892f5a3660fffff,1658720563,1658720563,0.8826,0.995203,average_adult
892f5a3660fffff,892f5a36613ffff,1658720563,1520547162,18.6045,0.011964,average_adult
892f5a3660fffff,892f5a3661bffff,1658720563,1520547162,16.8888,0.05853,average_adult
892f5a3660fffff,892f5a36623ffff,1658720563,1075380045,17.0362,0.053212,average_adult
892f5a3660fffff,892f5a3662bffff,1658720563,1304351798,15.1282,0.1394,average_adult
892f5a3660fffff,892f5a36633ffff,1658720563,1075380077,12.7707,0.289193,average_adult
892f5a3660fffff,892f5a3663bffff,1658720563,12438051358,9.6598,0.526704,average_adult
892f5a3660fffff,892f5a36647ffff,1658720563,295413512,15.6463,0.112435,average_adult
892f5a3660fffff,892f5a36657ffff,1658720563,10548487822,19.2699,0.003284,average_adult
892f5a3660fffff,892f5a36663ffff,1658720563,318826549,16.2194,0.085605,average_adult
892f5a3660fffff,892f5a36667ffff,1658720563,1304352208,17.4826,0.038584,average_adult
892f5a3660fffff,892f5a36673ffff,1658720563,861244781,10.2185,0.482846,average_adult
892f5a3660fffff,892f5a36677ffff,1658720563,318826498,10.808,0.43671,average_adult
892f5a3660fffff,892f5a3667bffff,1658720563,978985095,18.721,0.010057,average_adult
892f5a36613ffff,892f5a36603ffff,1520547162,1520829774,17.7134,0.031906,average_adult
892f5a36613ffff,892f5a3660bffff,1520547162,6282956810,14.6992,0.163537,average_adult
892f5a36613ffff,892f5a3660fffff,1520547162,1658720563,16.9255,0.057185,average_adult
892f5a36613ffff,892f5a36613ffff,1520547162,1520547162,6.0459,0.790967,average_adult
892f5a36613ffff,892f5a3661bffff,1520547162,1520547162,4.3302,0.888728,average_adult
892f5a36613ffff,892f5a36673ffff,1520547162,861244781,19.1229,0.004738,average_adult
892f5a3661bffff,892f5a36603ffff,1520547162,1520829774,15.9977,0.095598,average_adult
892f5a3661bffff,892f5a3660bffff,1520547162,6282956810,12.9835,0.27416,average_adult
892f5a3661bffff,892f5a3660fffff,1520547162,1658720563,15.2097,0.134994,average_adult
892f5a3661bffff,892f5a36613ffff,1520547162,1520547162,4.3302,0.888728,average_adult
892f5a3661bffff,892f5a3661bffff,1520547162,1520547162,2.6144,0.958426,average_adult
892f5a3661bffff,892f5a36673ffff,1520547162,861244781,17.4071,0.040901,average_adult
892f5a36623ffff,892f5a36053ffff,1075380045,1304352680,13.1202,0.264633,average_adult
892f5a36623ffff,892f5a3605bffff,1075380045,2321419350,10.5065,0.460259,average_adult
892f5a36623ffff,892f5a36283ffff,1075380045,1143784300,19.0511,0.005544,average_adult
892f5a36623ffff,892f5a36293ffff,1075380045,2201592550,14.0441,0.203313,average_adult
892f5a36623ffff,892f5a36297ffff,1075380045,1304643745,15.915,0.099454,average_adult
892f5a36623ffff,892f5a36607ffff,1075380045,1304352847,13.0079,0.272453,average_adult
892f5a36623ffff,892f5a3660fffff,1075380045,1658720563,16.2663,0.083554,average_adult
892f5a36623ffff,892f5a36623ffff,1075380045,1075380045,1.3055,0.989523,average_adult
892f5a36623ffff,892f5a36627ffff,1075380045,2862866543,8.3841,0.625555,average_adult
892f5a36623ffff,892f5a3662bffff,1075380045,1304351798,8.8996,0.585998,average_adult
892f5a36623ffff,892f5a3662fffff,1075380045,380476702,9.0924,0.571042,average_adult
892f5a36623ffff,892f5a36633ffff,1075380045,1075380077,6.4132,0.76704,average_adult
892f5a36623ffff,892f5a36637ffff,1075380045,2321360661,8.5471,0.613122,average_adult
892f5a36623ffff,892f5a3663bffff,1075380045,12438051358,9.4208,0.545427,average_adult
892f5a36623ffff,892f5a36667ffff,1075380045,1304352208,16.7584,0.063432,average_adult
892f5a36623ffff,892f5a36677ffff,1075380045,318826498,15.2577,0.132429,average_adult
892f5a36627ffff,892f5a36053ffff,2862866543,1304352680,6.5006,0.761211,average_adult
892f5a36627ffff,892f5a3605bffff,2862866543,2321419350,7.0663,0.722341,average_adult
892f5a36627ffff,892f5a36283ffff,2862866543,1143784300,19.6446,0.000779,average_adult
892f5a36627ffff,892f5a36293ffff,2862866543,2201592550,14.6376,0.167134,average_adult
892f5a36627ffff,892f5a36297ffff,2862866543,1304643745,14.5288,0.173559,average_adult
892f5a36627ffff,892f5a36623ffff,2862866543,1075380045,8.6796,0.602962,average_adult
892f5a36627ffff,892f5a36627ffff,2862866543,2862866543,0.7081,0.99691,average_adult
892f5a36627ffff,892f5a3662bffff,2862866543,1304351798,12.7596,0.289985,average_adult
892f5a36627ffff,892f5a3662fffff,2862866543,380476702,7.7062,0.676278,average_adult
892f5a36627ffff,892f5a36633ffff,2862866543,1075380077,13.7873,0.219787,average_adult
892f5a36627ffff,892f5a36637ffff,2862866543,2321360661,9.1038,0.570153,average_adult
892f5a36627ffff,892f5a3663bffff,2862866543,12438051358,16.5373,0.072155,average_adult
892f5a36627ffff,892f5a36667ffff,2862866543,1304352208,17.9298,0.026205,average_adult
892f5a36627ffff,892f5a36677ffff,2862866543,318826498,19.1177,0.004794,average_adult
892f5a3662bffff,892f5a36053ffff,1304351798,1304352680,17.2174,0.047006,average_adult
892f5a3662bffff,892f5a3605bffff,1304351798,2321419350,14.4256,0.179744,average_adult
892f5a3662bffff,892f5a36283ffff,1304351798,1143784300,15.8612,0.101994,average_adult
892f5a3662bffff,892f5a3628bffff,1304351798,1239449262,19.9826,2e-06,average_adult
892f5a3662bffff,892f5a36293ffff,1304351798,2201592550,10.8542,0.433113,average_adult
892f5a3662bffff,892f5a36297ffff,1304351798,1304643745,15.1131,0.140219,average_adult
892f5a3662bffff,892f5a3629bffff,1304351798,1304643617,15.7821,0.105785,average_adult
892f5a3662bffff,892f5a36607ffff,1304351798,1304352847,12.9344,0.277608,average_adult
892f5a3662bffff,892f5a3660bffff,1304351798,6282956810,17.0387,0.053126,average_adult
892f5a3662bffff,892f5a3660fffff,1304351798,1658720563,13.3754,0.247141,average_adult
892f5a3662bffff,892f5a36623ffff,1304351798,1075380045,9.3179,0.553472,average_adult
892f5a3662bffff,892f5a36627ffff,1304351798,2862866543,12.6608,0.297056,average_adult
892f5a3662bffff,892f5a3662bffff,1304351798,1304351798,0.7852,0.996202,average_adult
892f5a3662bffff,892f5a3662fffff,1304351798,380476702,10.8325,0.434805,average_adult
892f5a3662bffff,892f5a36633ffff,1304351798,1075380077,12.4609,0.311499,average_adult
892f5a3662bffff,892f5a36637ffff,1304351798,2321360661,13.707,0.225029,average_adult
892f5a3662bffff,892f5a3663bffff,1304351798,12438051358,7.0198,0.725608,average_adult
892f5a3662bffff,892f5a36647ffff,1304351798,295413512,19.5398,0.001306,average_adult
892f5a3662bffff,892f5a36663ffff,1304351798,318826549,13.6269,0.230305,average_adult
892f5a3662bffff,892f5a36667ffff,1304351798,1304352208,9.0002,0.578202,average_adult
892f5a3662bffff,892f5a36673ffff,1304351798,861244781,13.1542,0.262282,average_adult
892f5a3662bffff,892f5a36677ffff,1304351798,318826498,7.1433,0.716908,average_adult
892f5a3662bffff,892f5a3667bffff,1304351798,978985095,17.8639,0.027884,average_adult
892f5a3662fffff,892f5a36053ffff,380476702,1304352680,11.721,0.366475,average_adult
892f5a3662fffff,892f5a3605bffff,380476702,2321419350,5.7002,0.812612,average_adult
892f5a3662fffff,892f5a36283ffff,380476702,1143784300,13.6241,0.230492,average_adult
892f5a3662fffff,892f5a3628bffff,380476702,1239449262,18.6612,0.011016,average_adult
892f5a3662fffff,892f5a3628fffff,380476702,1304643606,19.13,0.004661,average_adult
892f5a3662fffff,892f5a36293ffff,380476702,2201592550,8.617,0.607765,average_adult
892f5a3662fffff,892f5a36297ffff,380476702,1304643745,9.5724,0.53356,average_adult
892f5a3662fffff,892f5a3629bffff,380476702,1304643617,15.3259,0.128821,average_adult
892f5a3662fffff,892f5a36607ffff,380476702,1304352847,17.9393,0.025967,average_adult
892f5a3662fffff,892f5a36623ffff,380476702,1075380045,9.0146,0.577084,average_adult
892f5a3662fffff,892f5a36627ffff,380476702,2862866543,8.1006,0.646973,average_adult
892f5a3662fffff,892f5a3662bffff,380476702,1304351798,9.5336,0.536598,average_adult
892f5a3662fffff,892f5a3662fffff,380476702,380476702,1.6857,0.982574,average_adult
892f5a3662fffff,892f5a36633ffff,380476702,1075380077,14.1223,0.198394,average_adult
892f5a3662fffff,892f5a36637ffff,380476702,2321360661,11.726,0.366094,average_adult
892f5a3662fffff,892f5a3663bffff,380476702,12438051358,13.492,0.239283,average_adult
892f5a3662fffff,892f5a36663ffff,380476702,318826549,18.629,0.011549,average_adult
892f5a3662fffff,892f5a36667ffff,380476702,1304352208,11.9092,0.352288,average_adult
892f5a3662fffff,892f5a36677ffff,380476702,318826498,14.022,0.20471,average_adult
892f5a36633ffff,892f5a36053ffff,1075380077,1304352680,18.3046,0.017625,average_adult
892f5a36633ffff,892f5a3605bffff,1075380077,2321419350,15.691,0.11023,average_adult
892f5a36633ffff,892f5a36293ffff,1075380077,2201592550,18.7338,0.009857,average_adult
892f5a36633ffff,892f5a36607ffff,1075380077,1304352847,8.7524,0.597357,average_adult
892f5a36633ffff,892f5a3660bffff,1075380077,6282956810,17.5331,0.037072,average_adult
892f5a36633ffff,892f5a3660fffff,1075380077,1658720563,12.0109,0.344679,average_adult
892f5a36633ffff,892f5a36623ffff,1075380077,1075380045,6.4899,0.761923,average_adult
892f5a36633ffff,892f5a36627ffff,1075380077,2862866543,13.5685,0.234178,average_adult
892f5a36633ffff,892f5a3662bffff,1075380077,1304351798,11.7318,0.365656,average_adult
892f5a36633ffff,892f5a3662fffff,1075380077,380476702,14.2768,0.188802,average_adult
892f5a36633ffff,892f5a36633ffff,1075380077,1075380077,2.0202,0.975036,average_adult
892f5a36633ffff,892f5a36637ffff,1075380077,2321360661,13.7315,0.223422,average_adult
892f5a36633ffff,892f5a3663bffff,1075380077,12438051358,5.1654,0.844252,average_adult
892f5a36633ffff,892f5a36663ffff,1075380077,318826549,18.8624,0.007962,average_adult
892f5a36633ffff,892f5a36667ffff,1075380077,1304352208,17.0907,0.051309,average_adult
892f5a36633ffff,892f5a36673ffff,1075380077,861244781,17.2187,0.046962,average_adult
892f5a36633ffff,892f5a36677ffff,1075380077,318826498,12.3411,0.320249,average_adult
892f5a36637ffff,892f5a36053ffff,2321360661,1304352680,14.0378,0.203712,average_adult
892f5a36637ffff,892f5a3605bffff,2321360661,2321419350,11.4241,0.389082,average_adult
892f5a36637ffff,892f5a36293ffff,2321360661,2201592550,18.9954,0.006213,average_adult
892f5a36637ffff,892f5a36297ffff,2321360661,1304643745,18.8866,0.007628,average_adult
892f5a36637ffff,892f5a36623ffff,2321360661,1075380045,9.3096,0.554116,average_adult
892f5a36637ffff,892f5a36627ffff,2321360661,2862866543,9.3017,0.554737,average_adult
892f5a36637ffff,892f5a3662bffff,2321360661,1304351798,14.3975,0.181441,average_adult
892f5a36637ffff,892f5a3662fffff,2321360661,380476702,12.064,0.340718,average_adult
892f5a36637ffff,892f5a36633ffff,2321360661,1075380077,14.4173,0.180244,average_adult
892f5a36637ffff,892f5a36637ffff,2321360661,2321360661,4.3522,0.88764,average_adult
892f5a36637ffff,892f5a3663bffff,2321360661,12438051358,17.4249,0.040349,average_adult
892f5a3663bffff,892f5a3605bffff,12438051358,2321419350,18.8758,0.007775,average_adult
892f5a3663bffff,892f5a36293ffff,12438051358,2201592550,16.1544,0.088482,average_adult
892f5a3663bffff,892f5a36607ffff,12438051358,1304352847,7.0011,0.726921,average_adult
892f5a3663bffff,892f5a3660bffff,12438051358,6282956810,15.7817,0.105805,average_adult
892f5a3663bffff,892f5a3660fffff,12438051358,1658720563,10.2595,0.479624,average_adult
892f5a3663bffff,892f5a36623ffff,12438051358,1075380045,10.7697,0.439695,average_adult
892f5a3663bffff,892f5a36627ffff,12438051358,2862866543,17.1111,0.050605,average_adult
892f5a3663bffff,892f5a3662bffff,12438051358,1304351798,7.7943,0.66979,average_adult
892f5a3663bffff,892f5a3662fffff,12438051358,380476702,15.5194,0.118809,average_adult
892f5a3663bffff,892f5a36633ffff,12438051358,1075380077,6.6407,0.751765,average_adult
892f5a3663bffff,892f5a36637ffff,12438051358,2321360661,18.0113,0.024198,average_adult
892f5a3663bffff,892f5a3663bffff,12438051358,12438051358,0.1782,0.999804,average_adult
892f5a3663bffff,892f5a36647ffff,12438051358,295413512,19.5254,0.001389,average_adult
892f5a3663bffff,892f5a36663ffff,12438051358,318826549,14.7835,0.158674,average_adult
892f5a3663bffff,892f5a36667ffff,12438051358,1304352208,12.1035,0.337783,average_adult
892f5a3663bffff,892f5a36673ffff,12438051358,861244781,13.1399,0.263273,average_adult
892f5a3663bffff,892f5a36677ffff,12438051358,318826498,8.2622,0.634799,average_adult
892f5a3663bffff,892f5a3667bffff,12438051358,978985095,19.0204,0.005907,average_adult
892f5a36643ffff,892f5a3660bffff,1520857952,6282956810,14.9064,0.151683,average_adult
892f5a36643ffff,892f5a36643ffff,1520857952,1520857952,0.8284,0.995773,average_adult
892f5a36643ffff,892f5a36647ffff,1520857952,295413512,12.6715,0.296284,average_adult
892f5a36643ffff,892f5a3664fffff,1520857952,475762598,19.5005,0.001538,average_adult
892f5a36643ffff,892f5a36653ffff,1520857952,1520857592,9.614,0.530299,average_adult
892f5a36643ffff,892f5a36657ffff,1520857952,10548487822,7.686,0.677762,average_adult
892f5a36643ffff,892f5a3665bffff,1520857952,475768206,13.9976,0.206257,average_adult
892f5a36643ffff,892f5a36673ffff,1520857952,861244781,16.5104,0.073256,average_adult
892f5a36643ffff,892f5a3667bffff,1520857952,978985095,18.2482,0.018811,average_adult
892f5a36643ffff,892f5a366c3ffff,1520857952,10588174561,17.8137,0.029196,average_adult
892f5a36643ffff,892f5a366cbffff,1520857952,7374097405,16.1817,0.087269,average_adult
892f5a36643ffff,892f5a366cfffff,1520857952,1485314845,15.7657,0.10658,average_adult
892f5a36643ffff,892f5aadb23ffff,1520857952,6206442559,19.753,0.000376,average_adult
892f5a36643ffff,892f5aadb27ffff,1520857952,517549695,14.7089,0.162979,average_adult
892f5a36643ffff,892f5aadb2fffff,1520857952,5180913963,17.3746,0.041918,average_adult
892f5a36647ffff,892f5a36603ffff,295413512,1520829774,16.4298,0.076585,average_adult
892f5a36647ffff,892f5a36607ffff,295413512,1304352847,18.2486,0.018803,average_adult
892f5a36647ffff,892f5a3660bffff,295413512,6282956810,6.8948,0.734326,average_adult
892f5a36647ffff,892f5a3660fffff,295413512,1658720563,12.5848,0.302524,average_adult
892f5a36647ffff,892f5a3661bffff,295413512,1520547162,19.6487,0.000761,average_adult
892f5a36647ffff,892f5a3662bffff,295413512,1304351798,19.4085,0.002157,average_adult
892f5a36647ffff,892f5a3663bffff,295413512,12438051358,17.2882,0.044681,average_adult
892f5a36647ffff,892f5a36643ffff,295413512,1520857952,10.3053,0.476032,average_adult
892f5a36647ffff,892f5a36647ffff,295413512,295413512,0.9897,0.99397,average_adult
892f5a36647ffff,892f5a3664bffff,295413512,8364977378,11.8888,0.353817,average_adult
892f5a36647ffff,892f5a3664fffff,295413512,475762598,7.8187,0.667988,average_adult
892f5a36647ffff,892f5a36653ffff,295413512,1520857592,14.2152,0.192604,average_adult
892f5a36647ffff,892f5a36657ffff,295413512,10548487822,8.2835,0.633185,average_adult
892f5a36647ffff,892f5a3665bffff,295413512,475768206,12.0229,0.343779,average_adult
892f5a36647ffff,892f5a36663ffff,295413512,318826549,14.0127,0.205303,average_adult
892f5a36647ffff,892f5a36667ffff,295413512,1304352208,19.1301,0.004661,average_adult
892f5a36647ffff,892f5a3666bffff,295413512,2199562412,14.0007,0.206062,average_adult
892f5a36647ffff,892f5a36673ffff,295413512,861244781,6.374,0.769638,average_adult
892f5a36647ffff,892f5a36677ffff,295413512,318826498,15.0883,0.141578,average_adult
892f5a36647ffff,892f5a3667bffff,295413512,978985095,7.8013,0.669274,average_adult
892f5a36647ffff,892f5a366cfffff,295413512,1485314845,17.0823,0.051599,average_adult
892f5a36647ffff,892f5a37597ffff,295413512,13140663722,18.296,0.017804,average_adult
892f5a36647ffff,892f5a375b3ffff,295413512,475758058,14.3898,0.181903,average_adult
892f5a36647ffff,892f5a375b7ffff,295413512,2890576069,13.4702,0.240749,average_adult
892f5a36647ffff,892f5aadb27ffff,295413512,517549695,16.5678,0.07092,average_adult
892f5a36647ffff,892f5aadb2fffff,295413512,5180913963,19.2278,0.003674,average_adult
892f5a3664bffff,892f5a36647ffff,8364977378,295413512,14.196,0.193793,average_adult
892f5a3664bffff,892f5a3664bffff,8364977378,8364977378,0.8173,0.995885,average_adult
892f5a3664bffff,892f5a3664fffff,8364977378,475762598,9.7202,0.521968,average_adult
892f5a3664bffff,892f5a36653ffff,8364977378,1520857592,17.3869,0.041531,average_adult
892f5a3664bffff,892f5a3665bffff,8364977378,475768206,8.2554,0.635316,average_adult
892f5a3664bffff,892f5a36673ffff,8364977378,861244781,18.8684,0.007878,average_adult
892f5a3664bffff,892f5a3667bffff,8364977378,978985095,15.4917,0.120219,average_adult
892f5a3664bffff,892f5a37583ffff,8364977378,1813858066,18.4558,0.014638,average_adult
892f5a3664bffff,892f5a37587ffff,8364977378,475770391,11.5983,0.375785,average_adult
892f5a3664bffff,892f5a3758fffff,8364977378,13736742284,18.5474,0.01296,average_adult
892f5a3664bffff,892f5a37597ffff,8364977378,13140663722,10.4997,0.460793,average_adult
892f5a3664bffff,892f5a375b3ffff,8364977378,475758058,7.7796,0.670878,average_adult
892f5a3664bffff,892f5a375b7ffff,8364977378,2890576069,15.744,0.107633,average_adult
892f5a3664bffff,892f5a375bbffff,8364977378,472359980,17.5194,0.03748,average_adult
892f5a3664bffff,892f5aadb23ffff,8364977378,6206442559,18.2001,0.019851,average_adult
892f5a3664bffff,892f5aadb27ffff,8364977378,517549695,13.1559,0.262164,average_adult
892f5a3664bffff,892f5aadb2fffff,8364977378,5180913963,14.6467,0.166601,average_adult
892f5a3664bffff,892f5aadb37ffff,8364977378,2393515085,19.3617,0.002511,average_adult
892f5a3664fffff,892f5a362d3ffff,475762598,471978645,19.3169,0.002875,average_adult
892f5a3664fffff,892f5a3660bffff,475762598,6282956810,12.8505,0.283527,average_adult
892f5a3664fffff,892f5a3660fffff,475762598,1658720563,18.5405,0.013082,average_adult
892f5a3664fffff,892f5a36643ffff,475762598,1520857952,16.261,0.083785,average_adult
892f5a3664fffff,892f5a36647ffff,475762598,295413512,6.9454,0.730804,average_adult
892f5a3664fffff,892f5a3664bffff,475762598,8364977378,8.0241,0.652707,average_adult
892f5a3664fffff,892f5a3664fffff,475762598,475762598,0.3051,0.999426,average_adult
892f5a3664fffff,892f5a36653ffff,475762598,1520857592,18.4526,0.014698,average_adult
892f5a3664fffff,892f5a36657ffff,475762598,10548487822,14.2392,0.191118,average_adult
892f5a3664fffff,892f5a3665bffff,475762598,475768206,10.8307,0.434942,average_adult
892f5a3664fffff,892f5a36663ffff,475762598,318826549,13.3695,0.247547,average_adult
892f5a3664fffff,892f5a36667ffff,475762598,1304352208,18.8749,0.007788,average_adult
892f5a3664fffff,892f5a3666bffff,475762598,2199562412,12.873,0.281933,average_adult
892f5a3664fffff,892f5a36673ffff,475762598,861244781,10.5347,0.458053,average_adult
892f5a3664fffff,892f5a36677ffff,475762598,318826498,16.4159,0.07717,average_adult
892f5a3664fffff,892f5a3667bffff,475762598,978985095,7.1581,0.715864,average_adult
892f5a3664fffff,892f5a37587ffff,475762598,475770391,16.232,0.085054,average_adult
892f5a3664fffff,892f5a37597ffff,475762598,13140663722,14.4878,0.176003,average_adult
892f5a3664fffff,892f5a375a7ffff,475762598,2327217335,16.6685,0.066914,average_adult
892f5a3664fffff,892f5a375b3ffff,475762598,475758058,8.2833,0.633202,average_adult
892f5a3664fffff,892f5a375b7ffff,475762598,2890576069,9.994,0.500474,average_adult
892f5a3664fffff,892f5a375bbffff,475762598,472359980,16.9331,0.056906,average_adult
892f5a3664fffff,892f5aadb27ffff,475762598,517549695,15.3756,0.126214,average_adult
892f5a3664fffff,892f5aadb2fffff,475762598,5180913963,17.4336,0.040082,average_adult
892f5a36653ffff,892f5a3660bffff,1520857592,6282956810,14.321,0.18609,average_adult
892f5a36653ffff,892f5a36643ffff,1520857592,1520857952,5.6564,0.815288,average_adult
892f5a36653ffff,892f5a36647ffff,1520857592,295413512,12.0862,0.33907,average_adult
892f5a36653ffff,892f5a3664bffff,1520857592,8364977378,14.8317,0.155918,average_adult
892f5a36653ffff,892f5a3664fffff,1520857592,475762598,18.5372,0.013142,average_adult
892f5a36653ffff,892f5a36653ffff,1520857592,1520857592,0.8809,0.995221,average_adult
892f5a36653ffff,892f5a36657ffff,1520857592,10548487822,4.5086,0.879762,average_adult
892f5a36653ffff,892f5a3665bffff,1520857592,475768206,8.1546,0.642915,average_adult
892f5a36653ffff,892f5a36673ffff,1520857592,861244781,15.925,0.098982,average_adult
892f5a36653ffff,892f5a3667bffff,1520857592,978985095,17.6628,0.033318,average_adult
892f5a36653ffff,892f5a366c3ffff,1520857592,10588174561,9.0806,0.571955,average_adult
892f5a36653ffff,892f5a366c7ffff,1520857592,3265458964,15.5133,0.119117,average_adult
892f5a36653ffff,892f5a366cbffff,1520857592,7374097405,8.1381,0.644157,average_adult
892f5a36653ffff,892f5a366cfffff,1520857592,1485314845,7.0326,0.72471,average_adult
892f5a36653ffff,892f5a37587ffff,1520857592,475770391,19.384,0.002339,average_adult
892f5a36653ffff,892f5a37597ffff,1520857592,13140663722,16.7245,0.064733,average_adult
892f5a36653ffff,892f5aadb23ffff,1520857592,6206442559,13.91,0.211854,average_adult
892f5a36653ffff,892f5aadb27ffff,1520857592,517549695,8.8658,0.588607,average_adult
892f5a36653ffff,892f5aadb2bffff,1520857592,1986321871,17.7936,0.029729,average_adult
892f5a36653ffff,892f5aadb2fffff,1520857592,5180913963,11.5316,0.380867,average_adult
892f5a36653ffff,892f5aadb33ffff,1520857592,517548726,19.3496,0.002607,average_adult
892f5a36653ffff,892f5aadb37ffff,1520857592,2393515085,15.0717,0.142489,average_adult
892f5a36653ffff,892f5aadb3bffff,1520857592,13240346340,18.2163,0.019498,average_adult
892f5a36657ffff,892f5a3660bffff,10548487822,6282956810,11.049,0.417981,average_adult
892f5a36657ffff,892f5a3660fffff,10548487822,1658720563,18.0254,0.02386,average_adult
892f5a36657ffff,892f5a36643ffff,10548487822,1520857952,6.6428,0.751619,average_adult
892f5a36657ffff,892f5a36647ffff,10548487822,295413512,8.8141,0.592599,average_adult
892f5a36657ffff,892f5a3664bffff,10548487822,8364977378,19.7133,0.000507,average_adult
892f5a36657ffff,892f5a3664fffff,10548487822,475762598,15.6431,0.112593,average_adult
892f5a36657ffff,892f5a36653ffff,10548487822,1520857592,7.3994,0.698615,average_adult
892f5a36657ffff,892f5a36657ffff,10548487822,10548487822,0.9914,0.993949,average_adult
892f5a36657ffff,892f5a3665bffff,10548487822,475768206,14.6731,0.165058,average_adult
892f5a36657ffff,892f5a36673ffff,10548487822,861244781,12.653,0.297614,average_adult
892f5a36657ffff,892f5a3667bffff,10548487822,978985095,14.3908,0.181844,average_adult
892f5a36657ffff,892f5a366c3ffff,10548487822,10588174561,15.0225,0.145201,average_adult
892f5a36657ffff,892f5a366c7ffff,10548487822,3265458964,18.748,0.009638,average_adult
892f5a36657ffff,892f5a366cbffff,10548487822,7374097405,14.0799,0.201052,average_adult
892f5a36657ffff,892f5a366cfffff,10548487822,1485314845,10.6576,0.448442,average_adult
892f5a36657ffff,892f5aadb27ffff,10548487822,517549695,15.3843,0.125759,average_adult
892f5a36657ffff,892f5aadb2fffff,10548487822,5180913963,18.0501,0.023271,average_adult
892f5a3665bffff,892f5a3660bffff,475768206,6282956810,19.0887,0.005114,average_adult
892f5a3665bffff,892f5a36643ffff,475768206,1520857952,13.1371,0.263463,average_adult
892f5a3665bffff,892f5a36647ffff,475768206,295413512,13.1836,0.260256,average_adult
892f5a3665bffff,892f5a3664bffff,475768206,8364977378,7.1493,0.716484,average_adult
892f5a3665bffff,892f5a3664fffff,475768206,475762598,10.8549,0.433061,average_adult
892f5a3665bffff,892f5a36653ffff,475768206,1520857592,10.1168,0.490828,average_adult
892f5a3665bffff,892f5a36657ffff,475768206,10548487822,13.7445,0.222573,average_adult
892f5a3665bffff,892f5a3665bffff,475768206,475768206,0.4723,0.998625,average_adult
892f5a3665bffff,892f5a36673ffff,475768206,861244781,18.5678,0.012599,average_adult
892f5a3665bffff,892f5a3667bffff,475768206,978985095,16.6264,0.068577,average_adult
892f5a3665bffff,892f5a366c3ffff,475768206,10588174561,17.0959,0.051127,average_adult
892f5a3665bffff,892f5a366cbffff,475768206,7374097405,12.9054,0.279653,average_adult
892f5a3665bffff,892f5a366cfffff,475768206,1485314845,16.2685,0.08346,average_adult
892f5a3665bffff,892f5a366dbffff,475768206,6277517902,17.7238,0.031619,average_adult
892f5a3665bffff,892f5a37583ffff,475768206,1813858066,15.4439,0.122673,average_adult
892f5a3665bffff,892f5a37587ffff,475768206,475770391,12.9481,0.276642,average_adult
892f5a3665bffff,892f5a37597ffff,475768206,13140663722,10.2886,0.47734,average_adult
892f5a3665bffff,892f5a375b3ffff,475768206,475758058,14.0485,0.203034,average_adult
892f5a3665bffff,892f5aadb23ffff,475768206,6206442559,10.8122,0.436385,average_adult
892f5a3665bffff,892f5aadb27ffff,475768206,517549695,5.768,0.808436,average_adult
892f5a3665bffff,892f5aadb2bffff,475768206,1986321871,14.6958,0.163738,average_adult
892f5a3665bffff,892f5aadb2fffff,475768206,5180913963,8.3165,0.630686,average_adult
892f5a3665bffff,892f5aadb33ffff,475768206,517548726,16.2518,0.084187,average_adult
892f5a3665bffff,892f5aadb37ffff,475768206,2393515085,11.9738,0.347448,average_adult
892f5a3665bffff,892f5aadb3bffff,475768206,13240346340,15.1185,0.13993,average_adult
892f5a3665bffff,892f5aadbafffff,475768206,307423619,17.9402,0.025943,average_adult
892f5a36663ffff,892f5a36283ffff,318826549,1143784300,18.3171,0.01737,average_adult
892f5a36663ffff,892f5a3628bffff,318826549,1239449262,18.0998,0.022109,average_adult
892f5a36663ffff,892f5a36293ffff,318826549,2201592550,14.2488,0.190529,average_adult
892f5a36663ffff,892f5a3629bffff,318826549,1304643617,13.2728,0.254129,average_adult
892f5a36663ffff,892f5a362c3ffff,318826549,7946433661,17.0681,0.052094,average_adult
892f5a36663ffff,892f5a362c7ffff,318826549,896901457,17.6721,0.033056,average_adult
892f5a36663ffff,892f5a362d3ffff,318826549,471978645,11.3007,0.39855,average_adult
892f5a36663ffff,892f5a362d7ffff,318826549,1239449343,13.5609,0.234683,average_adult
892f5a36663ffff,892f5a362dbffff,318826549,471978558,19.1143,0.004832,average_adult
892f5a36663ffff,892f5a36607ffff,318826549,1304352847,14.7171,0.162503,average_adult
892f5a36663ffff,892f5a3660bffff,318826549,6282956810,13.4674,0.240939,average_adult
892f5a36663ffff,892f5a3660fffff,318826549,1658720563,12.5463,0.305304,average_adult
892f5a36663ffff,892f5a3662bffff,318826549,1304351798,12.138,0.335223,average_adult
892f5a36663ffff,892f5a3662fffff,318826549,380476702,17.0038,0.05436,average_adult
892f5a36663ffff,892f5a36633ffff,318826549,1075380077,16.2547,0.08406,average_adult
892f5a36663ffff,892f5a3663bffff,318826549,12438051358,10.7005,0.445094,average_adult
892f5a36663ffff,892f5a36647ffff,318826549,295413512,13.4807,0.240048,average_adult
892f5a36663ffff,892f5a3664fffff,318826549,475762598,14.2066,0.193137,average_adult
892f5a36663ffff,892f5a36657ffff,318826549,10548487822,19.229,0.003662,average_adult
892f5a36663ffff,892f5a36663ffff,318826549,318826549,0.5366,0.998225,average_adult
892f5a36663ffff,892f5a36667ffff,318826549,1304352208,7.8827,0.66324,average_adult
892f5a36663ffff,892f5a3666bffff,318826549,2199562412,9.1135,0.569403,average_adult
892f5a36663ffff,892f5a3666fffff,318826549,7263440604,14.1445,0.197,average_adult
892f5a36663ffff,892f5a36673ffff,318826549,861244781,7.1241,0.718269,average_adult
892f5a36663ffff,892f5a36677ffff,318826549,318826498,5.4237,0.829257,average_adult
892f5a36663ffff,892f5a3667bffff,318826549,978985095,7.5822,0.685365,average_adult
892f5a36663ffff,892f5a375a7ffff,318826549,2327217335,17.1391,0.049643,average_adult
892f5a36663ffff,892f5a375b3ffff,318826549,475758058,18.8503,0.008131,average_adult
892f5a36663ffff,892f5a375b7ffff,318826549,2890576069,14.5677,0.171249,average_adult
892f5a36667ffff,892f5a3605bffff,1304352208,2321419350,15.1581,0.137777,average_adult
892f5a36667ffff,892f5a36283ffff,1304352208,1143784300,11.0211,0.420146,average_adult
892f5a36667ffff,892f5a3628bffff,1304352208,1239449262,15.0923,0.141359,average_adult
892f5a36667ffff,892f5a3628fffff,1304352208,1304643606,16.7799,0.062609,average_adult
892f5a36667ffff,892f5a36293ffff,1304352208,2201592550,6.8078,0.74034,average_adult
892f5a36667ffff,892f5a36297ffff,1304352208,1304643745,13.9947,0.206446,average_adult
892f5a36667ffff,892f5a3629bffff,1304352208,1304643617,10.8918,0.430185,average_adult
892f5a36667ffff,892f5a362c7ffff,1304352208,896901457,19.8131,0.000215,average_adult
892f5a36667ffff,892f5a362d3ffff,1304352208,471978645,15.5488,0.117318,average_adult
892f5a36667ffff,892f5a362d7ffff,1304352208,1239449343,17.4502,0.039571,average_adult
892f5a36667ffff,892f5a36607ffff,1304352208,1304352847,15.0713,0.142508,average_adult
892f5a36667ffff,892f5a3660bffff,1304352208,6282956810,16.4588,0.075378,average_adult
892f5a36667ffff,892f5a3660fffff,1304352208,1658720563,13.8315,0.216913,average_adult
892f5a36667ffff,892f5a36623ffff,1304352208,1075380045,15.833,0.103339,average_adult
892f5a36667ffff,892f5a36627ffff,1304352208,2862866543,18.0044,0.024365,average_adult
892f5a36667ffff,892f5a3662bffff,1304352208,1304351798,7.3003,0.705733,average_adult
892f5a36667ffff,892f5a3662fffff,1304352208,380476702,12.1662,0.33313,average_adult
892f5a36667ffff,892f5a36633ffff,1304352208,1075380077,14.7109,0.162858,average_adult
892f5a36667ffff,892f5a3663bffff,1304352208,12438051358,8.2484,0.635838,average_adult
892f5a36667ffff,892f5a36647ffff,1304352208,295413512,17.1292,0.049983,average_adult
892f5a36667ffff,892f5a3664fffff,1304352208,475762598,18.8142,0.008648,average_adult
892f5a36667ffff,892f5a36663ffff,1304352208,318826549,8.4371,0.62152,average_adult
892f5a36667ffff,892f5a36667ffff,1304352208,1304352208,0.4418,0.998797,average_adult
892f5a36667ffff,892f5a3666bffff,1304352208,2199562412,13.4862,0.239674,average_adult
892f5a36667ffff,892f5a3666fffff,1304352208,7263440604,18.3926,0.015853,average_adult
892f5a36667ffff,892f5a36673ffff,1304352208,861244781,10.759,0.440533,average_adult
892f5a36667ffff,892f5a36677ffff,1304352208,318826498,5.6556,0.815336,average_adult
892f5a36667ffff,892f5a3667bffff,1304352208,978985095,12.6741,0.296101,average_adult
892f5a3666bffff,892f5a36283ffff,2199562412,1143784300,18.4203,0.015315,average_adult
892f5a3666bffff,892f5a3628bffff,2199562412,1239449262,17.4806,0.038645,average_adult
892f5a3666bffff,892f5a36293ffff,2199562412,2201592550,15.313,0.129499,average_adult
892f5a3666bffff,892f5a3629bffff,2199562412,1304643617,13.376,0.247103,average_adult
892f5a3666bffff,892f5a362c3ffff,2199562412,7946433661,15.1678,0.137251,average_adult
892f5a3666bffff,892f5a362c7ffff,2199562412,896901457,16.856,0.059746,average_adult
892f5a3666bffff,892f5a362cbffff,2199562412,472359869,17.7921,0.02977,average_adult
892f5a3666bffff,892f5a362cfffff,2199562412,2095799546,19.1843,0.004099,average_adult
892f5a3666bffff,892f5a362d3ffff,2199562412,471978645,7.8435,0.666149,average_adult
892f5a3666bffff,892f5a362d7ffff,2199562412,1239449343,12.9418,0.277087,average_adult
892f5a3666bffff,892f5a362dbffff,2199562412,471978558,13.4871,0.239615,average_adult
892f5a3666bffff,892f5a3660bffff,2199562412,6282956810,16.4298,0.076587,average_adult
892f5a3666bffff,892f5a3660fffff,2199562412,1658720563,19.5983,0.000995,average_adult
892f5a3666bffff,892f5a3662bffff,2199562412,1304351798,18.0743,0.0227,average_adult
892f5a3666bffff,892f5a3663bffff,2199562412,12438051358,17.1152,0.050463,average_adult
892f5a3666bffff,892f5a36643ffff,2199562412,1520857952,19.8403,0.000157,average_adult
892f5a3666bffff,892f5a36647ffff,2199562412,295413512,12.0701,0.340263,average_adult
892f5a3666bffff,892f5a3664bffff,2199562412,8364977378,17.3532,0.042594,average_adult
892f5a3666bffff,892f5a3664fffff,2199562412,475762598,10.9641,0.424568,average_adult
892f5a3666bffff,892f5a36657ffff,2199562412,10548487822,17.8185,0.029069,average_adult
892f5a3666bffff,892f5a36663ffff,2199562412,318826549,8.2172,0.6382,average_adult
892f5a3666bffff,892f5a36667ffff,2199562412,1304352208,11.8772,0.354693,average_adult
892f5a3666bffff,892f5a3666bffff,2199562412,2199562412,0.7155,0.996845,average_adult
892f5a3666bffff,892f5a3666fffff,2199562412,7263440604,10.1958,0.484623,average_adult
892f5a3666bffff,892f5a36673ffff,2199562412,861244781,12.7071,0.293733,average_adult
892f5a3666bffff,892f5a36677ffff,2199562412,318826498,11.8382,0.357623,average_adult
892f5a3666bffff,892f5a3667bffff,2199562412,978985095,7.1507,0.716385,average_adult
892f5a3666bffff,892f5a375a3ffff,2199562412,9954223273,19.7533,0.000375,average_adult
892f5a3666bffff,892f5a375a7ffff,2199562412,2327217335,10.9749,0.423731,average_adult
892f5a3666bffff,892f5a375afffff,2199562412,5506743143,17.5294,0.037181,average_adult
892f5a3666bffff,892f5a375b3ffff,2199562412,475758058,14.0335,0.203983,average_adult
892f5a3666bffff,892f5a375b7ffff,2199562412,2890576069,9.2731,0.556964,average_adult
892f5a3666fffff,892f5a3629bffff,7263440604,1304643617,18.6046,0.011962,average_adult
892f5a3666fffff,892f5a362d3ffff,7263440604,471978645,15.6679,0.111366,average_adult
892f5a3666fffff,892f5a362d7ffff,7263440604,1239449343,18.6077,0.011911,average_adult
892f5a3666fffff,892f5a36663ffff,7263440604,318826549,13.8328,0.216834,average_adult
892f5a3666fffff,892f5a36667ffff,7263440604,1304352208,17.4682,0.039021,average_adult
892f5a3666fffff,892f5a3666bffff,7263440604,2199562412,10.8422,0.434047,average_adult
892f5a3666fffff,892f5a3666fffff,7263440604,7263440604,1.3412,0.988945,average_adult
892f5a3666fffff,892f5a36673ffff,7263440604,861244781,18.9983,0.006176,average_adult
892f5a3666fffff,892f5a36677ffff,7263440604,318826498,17.4293,0.040215,average_adult
892f5a3666fffff,892f5a3667bffff,7263440604,978985095,17.2774,0.045031,average_adult
892f5a3666fffff,892f5a375b7ffff,7263440604,2890576069,19.3998,0.00222,average_adult
892f5a36673ffff,892f5a36293ffff,861244781,2201592550,19.6503,0.000754,average_adult
892f5a36673ffff,892f5a362d3ffff,861244781,471978645,18.8656,0.007917,average_adult
892f5a36673ffff,892f5a36603ffff,861244781,1520829774,16.3307,0.080777,average_adult
892f5a36673ffff,892f5a36607ffff,861244781,1304352847,13.6576,0.228276,average_adult
892f5a36673ffff,892f5a3660bffff,861244781,6282956810,6.8714,0.735945,average_adult
892f5a36673ffff,892f5a3660fffff,861244781,1658720563,9.4792,0.540855,average_adult
892f5a36673ffff,892f5a3661bffff,861244781,1520547162,19.5495,0.001251,average_adult
892f5a36673ffff,892f5a3662bffff,861244781,1304351798,14.8175,0.156726,average_adult
892f5a36673ffff,892f5a36633ffff,861244781,1075380077,18.2515,0.018741,average_adult
892f5a36673ffff,892f5a3663bffff,861244781,12438051358,12.6972,0.29444,average_adult
892f5a36673ffff,892f5a36643ffff,861244781,1520857952,16.0688,0.09234,average_adult
892f5a36673ffff,892f5a36647ffff,861244781,295413512,8.2986,0.632042,average_adult
892f5a36673ffff,892f5a3664bffff,861244781,8364977378,18.4857,0.014078,average_adult
892f5a36673ffff,892f5a3664fffff,861244781,475762598,13.1027,0.265847,average_adult
892f5a36673ffff,892f5a36653ffff,861244781,1520857592,19.9787,3e-06,average_adult
892f5a36673ffff,892f5a36657ffff,861244781,10548487822,14.047,0.203129,average_adult
892f5a36673ffff,892f5a3665bffff,861244781,475768206,19.3319,0.002751,average_adult
892f5a36673ffff,892f5a36663ffff,861244781,318826549,8.9762,0.580062,average_adult
892f5a36673ffff,892f5a36667ffff,861244781,1304352208,13.2843,0.253345,average_adult
892f5a36673ffff,892f5a3666bffff,861244781,2199562412,16.1184,0.090094,average_adult
892f5a36673ffff,892f5a36673ffff,861244781,861244781,0.5282,0.99828,average_adult
892f5a36673ffff,892f5a36677ffff,861244781,318826498,9.389,0.547912,average_adult
892f5a36673ffff,892f5a3667bffff,861244781,978985095,9.1392,0.567401,average_adult
892f5a36673ffff,892f5a375b7ffff,861244781,2890576069,18.4172,0.015375,average_adult
892f5a36677ffff,892f5a3605bffff,318826498,2321419350,19.1613,0.004333,average_adult
892f5a36677ffff,892f5a36283ffff,318826498,1143784300,17.5484,0.03662,average_adult
892f5a36677ffff,892f5a36293ffff,318826498,2201592550,13.3351,0.249883,average_adult
892f5a36677ffff,892f5a36297ffff,318826498,1304643745,19.4275,0.00202,average_adult
892f5a36677ffff,892f5a3629bffff,318826498,1304643617,17.4191,0.04053,average_adult
892f5a36677ffff,892f5a362d3ffff,318826498,471978645,16.8733,0.059101,average_adult
892f5a36677ffff,892f5a362d7ffff,318826498,1239449343,19.0033,0.006116,average_adult
892f5a36677ffff,892f5a36603ffff,318826498,1520829774,18.1308,0.021399,average_adult
892f5a36677ffff,892f5a36607ffff,318826498,1304352847,10.079,0.493792,average_adult
892f5a36677ffff,892f5a3660bffff,318826498,6282956810,12.1723,0.332679,average_adult
892f5a36677ffff,892f5a3660fffff,318826498,1658720563,8.5091,0.616029,average_adult
892f5a36677ffff,892f5a36623ffff,318826498,1075380045,15.2933,0.130539,average_adult
892f5a36677ffff,892f5a36627ffff,318826498,2862866543,19.0314,0.005777,average_adult
892f5a36677ffff,892f5a3662bffff,318826498,1304351798,7.5129,0.690404,average_adult
892f5a36677ffff,892f5a3662fffff,318826498,380476702,15.1468,0.138388,average_adult
892f5a36677ffff,892f5a36633ffff,318826498,1075380077,11.1643,0.409067,average_adult
892f5a36677ffff,892f5a3663bffff,318826498,12438051358,5.6101,0.818102,average_adult
892f5a36677ffff,892f5a36647ffff,318826498,295413512,14.6734,0.165042,average_adult
892f5a36677ffff,892f5a3664fffff,318826498,475762598,17.1928,0.047827,average_adult
892f5a36677ffff,892f5a36663ffff,318826498,318826549,6.8157,0.739797,average_adult
892f5a36677ffff,892f5a36667ffff,318826498,1304352208,6.969,0.72916,average_adult
892f5a36677ffff,892f5a3666bffff,318826498,2199562412,14.8107,0.157113,average_adult
892f5a36677ffff,892f5a3666fffff,318826498,7263440604,19.7171,0.000493,average_adult
892f5a36677ffff,892f5a36673ffff,318826498,861244781,8.2878,0.632858,average_adult
892f5a36677ffff,892f5a36677ffff,318826498,318826498,0.2944,0.999466,average_adult
892f5a36677ffff,892f5a3667bffff,318826498,978985095,11.0526,0.417702,average_adult
892f5a3667bffff,892f5a36293ffff,978985095,2201592550,18.5031,0.013758,average_adult
892f5a3667bffff,892f5a3629bffff,978985095,1304643617,18.2475,0.018825,average_adult
892f5a3667bffff,892f5a362d3ffff,978985095,471978645,14.2759,0.188861,average_adult
892f5a3667bffff,892f5a362d7ffff,978985095,1239449343,18.4453,0.014837,average_adult
892f5a3667bffff,892f5a362dbffff,978985095,471978558,19.4192,0.002079,average_adult
892f5a3667bffff,892f5a36607ffff,978985095,1304352847,18.7308,0.009904,average_adult
892f5a3667bffff,892f5a3660bffff,978985095,6282956810,10.9116,0.428644,average_adult
892f5a3667bffff,892f5a3660fffff,978985095,1658720563,14.9473,0.149383,average_adult
892f5a3667bffff,892f5a3662bffff,978985095,1304351798,16.3923,0.07816,average_adult
892f5a3667bffff,892f5a3663bffff,978985095,12438051358,14.9548,0.148964,average_adult
892f5a3667bffff,892f5a36643ffff,978985095,1520857952,14.3221,0.186023,average_adult
892f5a3667bffff,892f5a36647ffff,978985095,295413512,6.552,0.75776,average_adult
892f5a3667bffff,892f5a3664bffff,978985095,8364977378,13.4318,0.24333,average_adult
892f5a3667bffff,892f5a3664fffff,978985095,475762598,7.0447,0.72386,average_adult
892f5a3667bffff,892f5a36653ffff,978985095,1520857592,18.2321,0.019157,average_adult
892f5a3667bffff,892f5a36657ffff,978985095,10548487822,12.3004,0.323236,average_adult
892f5a3667bffff,892f5a3665bffff,978985095,475768206,16.2384,0.08477,average_adult
892f5a3667bffff,892f5a36663ffff,978985095,318826549,6.6317,0.752378,average_adult
892f5a3667bffff,892f5a36667ffff,978985095,1304352208,12.1371,0.335289,average_adult
892f5a3667bffff,892f5a3666bffff,978985095,2199562412,7.832,0.667003,average_adult
892f5a3667bffff,892f5a3666fffff,978985095,7263440604,17.3094,0.043995,average_adult
892f5a3667bffff,892f5a36673ffff,978985095,861244781,6.5272,0.759427,average_adult
892f5a3667bffff,892f5a36677ffff,978985095,318826498,9.678,0.525276,average_adult
892f5a3667bffff,892f5a3667bffff,978985095,978985095,0.4203,0.998911,average_adult
892f5a3667bffff,892f5a37597ffff,978985095,13140663722,19.8956,6.7e-05,average_adult
892f5a3667bffff,892f5a375a7ffff,978985095,2327217335,14.6757,0.164906,average_adult
892f5a3667bffff,892f5a375afffff,978985095,5506743143,19.5816,0.001079,average_adult
892f5a3667bffff,892f5a375b3ffff,978985095,475758058,12.6814,0.295575,average_adult
892f5a3667bffff,892f5a375b7ffff,978985095,2890576069,10.1307,0.489734,average_adult
892f5a366c3ffff,892f5a36643ffff,10588174561,1520857952,18.9447,0.006853,average_adult
892f5a366c3ffff,892f5a36653ffff,10588174561,1520857592,14.1693,0.195456,average_adult
892f5a366c3ffff,892f5a36657ffff,10588174561,10548487822,17.0212,0.053745,average_adult
892f5a366c3ffff,892f5a3665bffff,10588174561,475768206,18.3957,0.015793,average_adult
892f5a366c3ffff,892f5a366c3ffff,10588174561,10588174561,0.0847,0.999956,average_adult
892f5a366c3ffff,892f5a366c7ffff,10588174561,3265458964,13.4446,0.24247,average_adult
892f5a366c3ffff,892f5a366cbffff,10588174561,7374097405,8.6239,0.60724,average_adult
892f5a366c3ffff,892f5a366cfffff,10588174561,1485314845,9.5363,0.536388,average_adult
892f5a366c3ffff,892f5aadb27ffff,10588174561,517549695,19.1069,0.004912,average_adult
892f5a366c7ffff,892f5a36653ffff,3265458964,1520857592,18.7727,0.009262,average_adult
892f5a366c7ffff,892f5a36657ffff,3265458964,10548487822,18.5894,0.012224,average_adult
892f5a366c7ffff,892f5a366c3ffff,3265458964,10588174561,11.4982,0.383416,average_adult
892f5a366c7ffff,892f5a366c7ffff,3265458964,3265458964,2.2688,0.968582,average_adult
892f5a366c7ffff,892f5a366cbffff,3265458964,7374097405,16.6531,0.067522,average_adult
892f5a366c7ffff,892f5a366cfffff,3265458964,1485314845,11.1045,0.413687,average_adult
892f5a366cbffff,892f5a36643ffff,7374097405,1520857952,13.7144,0.224541,average_adult
892f5a366cbffff,892f5a3664bffff,7374097405,8364977378,17.9757,0.025066,average_adult
892f5a366cbffff,892f5a36653ffff,7374097405,1520857592,9.9009,0.507787,average_adult
892f5a366cbffff,892f5a36657ffff,7374097405,10548487822,12.7573,0.290152,average_adult
892f5a366cbffff,892f5a3665bffff,7374097405,475768206,11.2986,0.398713,average_adult
892f5a366cbffff,892f5a366c3ffff,7374097405,10588174561,7.1732,0.714792,average_adult
892f5a366cbffff,892f5a366c7ffff,7374097405,3265458964,16.2082,0.086099,average_adult
892f5a366cbffff,892f5a366cbffff,7374097405,7374097405,1.5268,0.985689,average_adult
892f5a366cbffff,892f5a366cfffff,7374097405,1485314845,10.1881,0.485226,average_adult
892f5a366cbffff,892f5a37597ffff,7374097405,13140663722,19.8685,0.000107,average_adult
892f5a366cbffff,892f5aadb23ffff,7374097405,6206442559,17.054,0.052587,average_adult
892f5a366cbffff,892f5aadb27ffff,7374097405,517549695,12.0098,0.344758,average_adult
892f5a366cbffff,892f5aadb2fffff,7374097405,5180913963,14.6756,0.164915,average_adult
892f5a366cbffff,892f5aadb37ffff,7374097405,2393515085,18.2157,0.019511,average_adult
892f5a366cfffff,892f5a3660bffff,1485314845,6282956810,17.1567,0.049045,average_adult
892f5a366cfffff,892f5a36643ffff,1485314845,1520857952,12.661,0.297035,average_adult
892f5a366cfffff,892f5a36647ffff,1485314845,295413512,14.9218,0.150816,average_adult
892f5a366cfffff,892f5a36653ffff,1485314845,1520857592,7.8856,0.663029,average_adult
892f5a366cfffff,892f5a36657ffff,1485314845,10548487822,7.7022,0.676573,average_adult
892f5a366cfffff,892f5a3665bffff,1485314845,475768206,15.1593,0.137712,average_adult
892f5a366cfffff,892f5a36673ffff,1485314845,861244781,18.7606,0.009445,average_adult
892f5a366cfffff,892f5a366c3ffff,1485314845,10588174561,5.3668,0.83261,average_adult
892f5a366cfffff,892f5a366c7ffff,1485314845,3265458964,8.6981,0.601541,average_adult
892f5a366cfffff,892f5a366cbffff,1485314845,7374097405,8.8806,0.587462,average_adult
892f5a366cfffff,892f5a366cfffff,1485314845,1485314845,0.2174,0.999709,average_adult
892f5a366cfffff,892f5aadb27ffff,1485314845,517549695,15.8705,0.101553,average_adult
892f5a366cfffff,892f5aadb2fffff,1485314845,5180913963,18.5363,0.013158,average_adult
892f5a366dbffff,892f5a3665bffff,6277517902,475768206,17.9168,0.026532,average_adult
892f5a366dbffff,892f5a366dbffff,6277517902,6277517902,0.6886,0.997078,average_adult
892f5a366dbffff,892f5aadb07ffff,6277517902,9239285385,16.3043,0.08191,average_adult
892f5a366dbffff,892f5aadb17ffff,6277517902,295399473,19.6884,0.000599,average_adult
892f5a366dbffff,892f5aadb23ffff,6277517902,6206442559,14.8193,0.156621,average_adult
892f5a366dbffff,892f5aadb27ffff,6277517902,517549695,12.1061,0.337588,average_adult
892f5a366dbffff,892f5aadb2fffff,6277517902,5180913963,17.1279,0.050025,average_adult
892f5a366dbffff,892f5aadb33ffff,6277517902,517548726,12.1961,0.330923,average_adult
892f5a366dbffff,892f5aadb37ffff,6277517902,2393515085,7.0866,0.720912,average_adult
892f5a366dbffff,892f5aadb3bffff,6277517902,13240346340,18.1952,0.019958,average_adult
892f5a366dbffff,892f5aadba3ffff,6277517902,5158143495,11.9405,0.349946,average_adult
892f5a366dbffff,892f5aadba7ffff,6277517902,307423646,10.2318,0.481799,average_adult
892f5a366dbffff,892f5aadbabffff,6277517902,307423640,11.1779,0.408016,average_adult
892f5a366dbffff,892f5aadbafffff,6277517902,307423619,6.9267,0.732107,average_adult
892f5a366dbffff,892f5aadbbbffff,6277517902,517470423,19.528,0.001374,average_adult
892f5a37083ffff,892f5a37083ffff,9605882522,9605882522,0.0348,0.999993,average_adult
892f5a37083ffff,892f5a37087ffff,9605882522,5109258744,7.7991,0.669439,average_adult
892f5a37083ffff,892f5a37093ffff,9605882522,3193716070,12.8783,0.28156,average_adult
892f5a37083ffff,892f5a37097ffff,9605882522,1097931942,6.5425,0.7584,average_adult
892f5a37083ffff,892f5a3709bffff,9605882522,1096527390,5.8955,0.800492,average_adult
892f5a37083ffff,892f5a370b3ffff,9605882522,5091968417,14.7315,0.161668,average_adult
892f5a37083ffff,892f5a370bbffff,9605882522,5091969121,13.6074,0.231594,average_adult
892f5a37083ffff,892f5a37427ffff,9605882522,7947429975,17.5543,0.036445,average_adult
892f5a37083ffff,892f5a3742bffff,9605882522,6475403603,18.4185,0.015348,average_adult
892f5a37083ffff,892f5a3742fffff,9605882522,2196826810,13.9059,0.21212,average_adult
892f5a37083ffff,892f5a37463ffff,9605882522,8371949497,15.7534,0.107175,average_adult
892f5a37083ffff,892f5a37467ffff,9605882522,1094679544,8.5979,0.609233,average_adult
892f5a37083ffff,892f5a3746fffff,9605882522,7276074359,13.4798,0.240105,average_adult
892f5a37083ffff,892f5a37473ffff,9605882522,1093856535,18.9114,0.007292,average_adult
892f5a37083ffff,892f5a37477ffff,9605882522,10933634351,15.5007,0.119763,average_adult
892f5a37083ffff,892f5a37543ffff,9605882522,1097906783,19.7686,0.00033,average_adult
892f5a37083ffff,892f5a3754bffff,9605882522,1097906906,12.3101,0.322519,average_adult
892f5a37083ffff,892f5a37553ffff,9605882522,472382750,18.7493,0.009618,average_adult
892f5a37083ffff,892f5a3755bffff,9605882522,1097906786,13.4986,0.238844,average_adult
892f5a37087ffff,892f5a37083ffff,5109258744,9605882522,6.3173,0.773374,average_adult
892f5a37087ffff,892f5a37087ffff,5109258744,5109258744,0.1927,0.999771,average_adult
892f5a37087ffff,892f5a37093ffff,5109258744,3193716070,14.6619,0.165715,average_adult
892f5a37087ffff,892f5a37097ffff,5109258744,1097931942,7.9749,0.656385,average_adult
892f5a37087ffff,892f5a3709bffff,5109258744,1096527390,12.1781,0.332253,average_adult
892f5a37087ffff,892f5a370b3ffff,5109258744,5091968417,8.4296,0.622093,average_adult
892f5a37087ffff,892f5a370b7ffff,5109258744,1135820964,19.8719,0.000101,average_adult
892f5a37087ffff,892f5a370bbffff,5109258744,5091969121,7.3055,0.705362,average_adult
892f5a37087ffff,892f5a37427ffff,5109258744,7947429975,19.1583,0.004364,average_adult
892f5a37087ffff,892f5a3742fffff,5109258744,2196826810,15.5099,0.119294,average_adult
892f5a37087ffff,892f5a37467ffff,5109258744,1094679544,14.8804,0.153148,average_adult
892f5a37087ffff,892f5a3746fffff,5109258744,7276074359,19.7623,0.000348,average_adult
892f5a37087ffff,892f5a37543ffff,5109258744,1097906783,13.8755,0.214073,average_adult
892f5a37087ffff,892f5a37547ffff,5109258744,7966410040,18.2591,0.018578,average_adult
892f5a37087ffff,892f5a3754bffff,5109258744,1097906906,6.4171,0.76678,average_adult
892f5a37087ffff,892f5a3754fffff,5109258744,8908901051,15.0113,0.145817,average_adult
892f5a37087ffff,892f5a37553ffff,5109258744,472382750,18.4161,0.015395,average_adult
892f5a37087ffff,892f5a3755bffff,5109258744,1097906786,14.7149,0.16263,average_adult
892f5a37087ffff,892f5a3757bffff,5109258744,1135821090,18.7085,0.010254,average_adult
892f5a37093ffff,892f5a37083ffff,3193716070,9605882522,13.4565,0.24167,average_adult
892f5a37093ffff,892f5a37087ffff,3193716070,5109258744,17.5123,0.037692,average_adult
892f5a37093ffff,892f5a37093ffff,3193716070,3193716070,1.8151,0.979815,average_adult
892f5a37093ffff,892f5a37097ffff,3193716070,1097931942,9.4131,0.546028,average_adult
892f5a37093ffff,892f5a3709bffff,3193716070,1096527390,19.3173,0.002873,average_adult
892f5a37093ffff,892f5a3740fffff,3193716070,4506648481,17.8313,0.028731,average_adult
892f5a37093ffff,892f5a37423ffff,3193716070,475369332,16.3222,0.081141,average_adult
892f5a37093ffff,892f5a37427ffff,3193716070,7947429975,16.0749,0.09206,average_adult
892f5a37093ffff,892f5a3742bffff,3193716070,6475403603,9.0898,0.571242,average_adult
892f5a37093ffff,892f5a3742fffff,3193716070,2196826810,8.466,0.619315,average_adult
892f5a37093ffff,892f5a3743bffff,3193716070,6475813119,18.4825,0.014138,average_adult
892f5a37093ffff,892f5a37463ffff,3193716070,8371949497,16.2394,0.084726,average_adult
892f5a37093ffff,892f5a37467ffff,3193716070,1094679544,12.573,0.303377,average_adult
892f5a37093ffff,892f5a3746fffff,3193716070,7276074359,17.3572,0.042469,average_adult
892f5a37093ffff,892f5a37473ffff,3193716070,1093856535,17.7421,0.03112,average_adult
892f5a37093ffff,892f5a37477ffff,3193716070,10933634351,14.3313,0.185464,average_adult
892f5a37093ffff,892f5a3747bffff,3193716070,1093946899,19.4943,0.001577,average_adult
892f5a37093ffff,892f5a3754bffff,3193716070,1097906906,13.7089,0.224904,average_adult
892f5a37093ffff,892f5a37553ffff,3193716070,472382750,19.4382,0.001946,average_adult
892f5a37093ffff,892f5a3755bffff,3193716070,1097906786,14.2391,0.191126,average_adult
892f5a37097ffff,892f5a37083ffff,1097931942,9605882522,4.9715,0.85513,average_adult
892f5a37097ffff,892f5a37087ffff,1097931942,5109258744,8.8832,0.587264,average_adult
892f5a37097ffff,892f5a37093ffff,1097931942,3193716070,7.3166,0.704568,average_adult
892f5a37097ffff,892f5a37097ffff,1097931942,1097931942,0.5495,0.998139,average_adult
892f5a37097ffff,892f5a3709bffff,1097931942,1096527390,10.8323,0.434817,average_adult
892f5a37097ffff,892f5a370b3ffff,1097931942,5091968417,12.107,0.33752,average_adult
892f5a37097ffff,892f5a370b7ffff,1097931942,1135820964,19.8927,7.1e-05,average_adult
892f5a37097ffff,892f5a370bbffff,1097931942,5091969121,14.9648,0.148408,average_adult
892f5a37097ffff,892f5a37423ffff,1097931942,475369332,19.3668,0.002472,average_adult
892f5a37097ffff,892f5a37427ffff,1097931942,7947429975,11.813,0.359523,average_adult
892f5a37097ffff,892f5a3742bffff,1097931942,6475403603,12.8568,0.283081,average_adult
892f5a37097ffff,892f5a3742fffff,1097931942,2196826810,8.1646,0.642164,average_adult
892f5a37097ffff,892f5a37437ffff,1097931942,6240815386,18.9449,0.006851,average_adult
892f5a37097ffff,892f5a37467ffff,1097931942,1094679544,13.5347,0.236432,average_adult
892f5a37097ffff,892f5a3746fffff,1097931942,7276074359,18.4166,0.015386,average_adult
892f5a37097ffff,892f5a37477ffff,1097931942,10933634351,19.8328,0.000172,average_adult
892f5a37097ffff,892f5a37543ffff,1097931942,1097906783,13.7756,0.220547,average_adult
892f5a37097ffff,892f5a37547ffff,1097931942,7966410040,18.1592,0.020757,average_adult
892f5a37097ffff,892f5a3754bffff,1097931942,1097906906,6.3171,0.773385,average_adult
892f5a37097ffff,892f5a3754fffff,1097931942,8908901051,15.0322,0.144663,average_adult
892f5a37097ffff,892f5a37553ffff,1097931942,472382750,12.8694,0.282194,average_adult
892f5a37097ffff,892f5a37557ffff,1097931942,2704049830,19.0377,0.005702,average_adult
892f5a37097ffff,892f5a3755bffff,1097931942,1097906786,7.6186,0.682702,average_adult
892f5a37097ffff,892f5a3757bffff,1097931942,1135821090,18.7293,0.009927,average_adult
892f5a37097ffff,892f5a375cbffff,1097931942,2649421029,17.1783,0.048315,average_adult
892f5a37097ffff,892f5a375cfffff,1097931942,472382799,19.9617,9e-06,average_adult
892f5a3709bffff,892f5a37083ffff,1096527390,9605882522,5.1868,0.843027,average_adult
892f5a3709bffff,892f5a37087ffff,1096527390,5109258744,12.7409,0.291319,average_adult
892f5a3709bffff,892f5a37093ffff,1096527390,3193716070,17.8118,0.029247,average_adult
892f5a3709bffff,892f5a37097ffff,1096527390,1097931942,11.4843,0.384475,average_adult
892f5a3709bffff,892f5a3709bffff,1096527390,1096527390,2.3152,0.9673,average_adult
892f5a3709bffff,892f5a370b3ffff,1096527390,5091968417,19.6734,0.000658,average_adult
892f5a3709bffff,892f5a370bbffff,1096527390,5091969121,18.5493,0.012926,average_adult
892f5a3709bffff,892f5a3742bffff,1096527390,6475403603,17.0401,0.053074,average_adult
892f5a3709bffff,892f5a3742fffff,1096527390,2196826810,18.8477,0.008168,average_adult
892f5a3709bffff,892f5a37463ffff,1096527390,8371949497,13.3788,0.246914,average_adult
892f5a3709bffff,892f5a37467ffff,1096527390,1094679544,6.2233,0.779529,average_adult
892f5a3709bffff,892f5a3746fffff,1096527390,7276074359,11.1052,0.413636,average_adult
892f5a3709bffff,892f5a37473ffff,1096527390,1093856535,16.5174,0.072968,average_adult
892f5a3709bffff,892f5a37477ffff,1096527390,10933634351,13.1066,0.265575,average_adult
892f5a3709bffff,892f5a3747bffff,1096527390,1093946899,18.2696,0.018357,average_adult
892f5a3709bffff,892f5a3754bffff,1096527390,1097906906,17.252,0.045863,average_adult
892f5a3709bffff,892f5a3755bffff,1096527390,1097906786,18.4405,0.014928,average_adult
892f5a370a3ffff,892f5a370a3ffff,13056197936,13056197936,1.6768,0.982757,average_adult
892f5a370a3ffff,892f5a370a7ffff,13056197936,2038377566,6.7475,0.744484,average_adult
892f5a370a3ffff,892f5a370b3ffff,13056197936,5091968417,18.0341,0.023651,average_adult
892f5a370a3ffff,892f5a370b7ffff,13056197936,1135820964,7.2618,0.708487,average_adult
892f5a370a3ffff,892f5a371c3ffff,13056197936,581881619,16.5999,0.069634,average_adult
892f5a370a3ffff,892f5a371d3ffff,13056197936,660528224,11.2019,0.406162,average_adult
892f5a370a3ffff,892f5a371d7ffff,13056197936,1127244247,17.0168,0.053898,average_adult
892f5a370a3ffff,892f5a37547ffff,13056197936,7966410040,19.4161,0.002101,average_adult
892f5a370a3ffff,892f5a3754fffff,13056197936,8908901051,16.6739,0.066705,average_adult
892f5a370a3ffff,892f5a37563ffff,13056197936,6326922164,19.955,1.2e-05,average_adult
892f5a370a3ffff,892f5a3756bffff,13056197936,1127244318,13.7579,0.221702,average_adult
892f5a370a3ffff,892f5a3756fffff,13056197936,1127244105,17.32,0.043653,average_adult
892f5a370a3ffff,892f5a37573ffff,13056197936,472382641,19.8187,0.000203,average_adult
892f5a370a3ffff,892f5a3757bffff,13056197936,1135821090,14.7321,0.161632,average_adult
892f5a370a7ffff,892f5a370a3ffff,2038377566,13056197936,5.8076,0.80598,average_adult
892f5a370a7ffff,892f5a370a7ffff,2038377566,2038377566,0.9444,0.994508,average_adult
892f5a370a7ffff,892f5a370b3ffff,2038377566,5091968417,18.0725,0.022744,average_adult
892f5a370a7ffff,892f5a370b7ffff,2038377566,1135820964,7.3002,0.705744,average_adult
892f5a370a7ffff,892f5a3718bffff,2038377566,666930532,18.6087,0.011893,average_adult
892f5a370a7ffff,892f5a3719bffff,2038377566,1942852587,16.818,0.061166,average_adult
892f5a370a7ffff,892f5a371c3ffff,2038377566,581881619,10.7968,0.437581,average_adult
892f5a370a7ffff,892f5a371c7ffff,2038377566,6383742435,18.4481,0.014784,average_adult
892f5a370a7ffff,892f5a371d3ffff,2038377566,660528224,5.3989,0.830723,average_adult
892f5a370a7ffff,892f5a371d7ffff,2038377566,1127244247,11.2138,0.405246,average_adult
892f5a370a7ffff,892f5a37547ffff,2038377566,7966410040,19.4545,0.001834,average_adult
892f5a370a7ffff,892f5a3754fffff,2038377566,8908901051,16.7123,0.065208,average_adult
892f5a370a7ffff,892f5a37563ffff,2038377566,6326922164,17.083,0.051577,average_adult
892f5a370a7ffff,892f5a37567ffff,2038377566,2865895571,19.1223,0.004744,average_adult
892f5a370a7ffff,892f5a3756bffff,2038377566,1127244318,7.9548,0.65788,average_adult
892f5a370a7ffff,892f5a3756fffff,2038377566,1127244105,11.517,0.381979,average_adult
892f5a370a7ffff,892f5a37573ffff,2038377566,472382641,16.9466,0.056416,average_adult
892f5a370a7ffff,892f5a3757bffff,2038377566,1135821090,12.166,0.333144,average_adult
892f5a370b3ffff,892f5a37083ffff,5091968417,9605882522,12.9187,0.278711,average_adult
892f5a370b3ffff,892f5a37087ffff,5091968417,5109258744,8.1537,0.642986,average_adult
892f5a370b3ffff,892f5a37097ffff,5091968417,1097931942,15.2158,0.134665,average_adult
892f5a370b3ffff,892f5a3709bffff,5091968417,1096527390,18.7795,0.009161,average_adult
892f5a370b3ffff,892f5a370a3ffff,5091968417,13056197936,19.7611,0.000352,average_adult
892f5a370b3ffff,892f5a370b3ffff,5091968417,5091968417,0.4797,0.998581,average_adult
892f5a370b3ffff,892f5a370b7ffff,5091968417,1135820964,14.3602,0.183704,average_adult
892f5a370b3ffff,892f5a370bbffff,5091968417,5091969121,6.4654,0.763559,average_adult
892f5a370b3ffff,892f5a3750bffff,5091968417,4716326321,19.1144,0.00483,average_adult
892f5a370b3ffff,892f5a37543ffff,5091968417,1097906783,14.9252,0.150625,average_adult
892f5a370b3ffff,892f5a37547ffff,5091968417,7966410040,13.1727,0.261004,average_adult
892f5a370b3ffff,892f5a3754bffff,5091968417,1097906906,9.4864,0.540292,average_adult
892f5a370b3ffff,892f5a3754fffff,5091968417,8908901051,9.4996,0.539258,average_adult
892f5a370b3ffff,892f5a3755bffff,5091968417,1097906786,19.1398,0.004557,average_adult
892f5a370b3ffff,892f5a3756bffff,5091968417,1127244318,16.698,0.065764,average_adult
892f5a370b3ffff,892f5a37573ffff,5091968417,472382641,19.2131,0.003815,average_adult
892f5a370b3ffff,892f5a3757bffff,5091968417,1135821090,13.1968,0.259347,average_adult
892f5a370b7ffff,892f5a37087ffff,1135820964,5109258744,19.5437,0.001284,average_adult
892f5a370b7ffff,892f5a370a3ffff,1135820964,13056197936,6.5279,0.75938,average_adult
892f5a370b7ffff,892f5a370a7ffff,1135820964,2038377566,6.8019,0.740744,average_adult
892f5a370b7ffff,892f5a370b3ffff,1135820964,5091968417,11.8698,0.35525,average_adult
892f5a370b7ffff,892f5a370b7ffff,1135820964,1135820964,0.9103,0.994897,average_adult
892f5a370b7ffff,892f5a370bbffff,1135820964,5091969121,17.8555,0.028101,average_adult
892f5a370b7ffff,892f5a371c3ffff,1135820964,581881619,16.6543,0.067473,average_adult
892f5a370b7ffff,892f5a371d3ffff,1135820964,660528224,11.2564,0.401965,average_adult
892f5a370b7ffff,892f5a371d7ffff,1135820964,1127244247,16.4214,0.07694,average_adult
892f5a370b7ffff,892f5a3750bffff,1135820964,4716326321,19.207,0.003874,average_adult
892f5a370b7ffff,892f5a37543ffff,1135820964,1097906783,16.3385,0.080442,average_adult
892f5a370b7ffff,892f5a37547ffff,1135820964,7966410040,13.2518,0.255565,average_adult
892f5a370b7ffff,892f5a3754bffff,1135820964,1097906906,14.2663,0.189451,average_adult
892f5a370b7ffff,892f5a3754fffff,1135820964,8908901051,10.5096,0.460022,average_adult
892f5a370b7ffff,892f5a37563ffff,1135820964,6326922164,17.4733,0.038866,average_adult
892f5a370b7ffff,892f5a3756bffff,1135820964,1127244318,11.2935,0.399108,average_adult
892f5a370b7ffff,892f5a3756fffff,1135820964,1127244105,16.2951,0.082306,average_adult
892f5a370b7ffff,892f5a37573ffff,1135820964,472382641,16.228,0.085226,average_adult
892f5a370b7ffff,892f5a3757bffff,1135820964,1135821090,10.1934,0.484814,average_adult
892f5a370bbffff,892f5a37083ffff,5091969121,9605882522,12.2305,0.32838,average_adult
892f5a370bbffff,892f5a37087ffff,5091969121,5109258744,7.4654,0.693846,average_adult
892f5a370bbffff,892f5a37097ffff,5091969121,1097931942,15.2242,0.134216,average_adult
892f5a370bbffff,892f5a3709bffff,5091969121,1096527390,18.0913,0.022306,average_adult
892f5a370bbffff,892f5a370b3ffff,5091969121,5091968417,5.5143,0.823872,average_adult
892f5a370bbffff,892f5a370b7ffff,5091969121,1135820964,19.3947,0.002258,average_adult
892f5a370bbffff,892f5a370bbffff,5091969121,5091969121,4.1442,0.897747,average_adult
892f5a370bbffff,892f5a37543ffff,5091969121,1097906783,18.2213,0.01939,average_adult
892f5a370bbffff,892f5a37547ffff,5091969121,7966410040,18.2072,0.019695,average_adult
892f5a370bbffff,892f5a3754bffff,5091969121,1097906906,11.4716,0.385451,average_adult
892f5a370bbffff,892f5a3754fffff,5091969121,8908901051,14.5342,0.173241,average_adult
892f5a370bbffff,892f5a3757bffff,5091969121,1135821090,18.2313,0.019174,average_adult
892f5a37107ffff,892f5a37107ffff,8514517700,8514517700,2.8664,0.950168,average_adult
892f5a37107ffff,892f5a37113ffff,8514517700,1822152487,14.1199,0.198541,average_adult
892f5a37107ffff,892f5a37117ffff,8514517700,11109216130,5.7327,0.810615,average_adult
892f5a37107ffff,892f5a37183ffff,8514517700,771032173,18.6805,0.010701,average_adult
892f5a37107ffff,892f5a37187ffff,8514517700,798894742,18.532,0.013234,average_adult
892f5a37107ffff,892f5a3718bffff,8514517700,666930532,16.321,0.081195,average_adult
892f5a37107ffff,892f5a3718fffff,8514517700,6451601256,13.3184,0.251018,average_adult
892f5a37107ffff,892f5a371abffff,8514517700,695327660,7.4099,0.697859,average_adult
892f5a37107ffff,892f5a371b3ffff,8514517700,659292988,17.4126,0.040732,average_adult
892f5a37107ffff,892f5a371bbffff,8514517700,2569654976,13.5455,0.235711,average_adult
892f5a37107ffff,892f5a371c7ffff,8514517700,6383742435,18.4231,0.015261,average_adult
892f5a37113ffff,892f5a3624bffff,1822152487,1107512343,18.5768,0.012443,average_adult
892f5a37113ffff,892f5a37107ffff,1822152487,8514517700,13.8468,0.215927,average_adult
892f5a37113ffff,892f5a37113ffff,1822152487,1822152487,0.5136,0.998373,average_adult
892f5a37113ffff,892f5a37117ffff,1822152487,11109216130,9.2552,0.558362,average_adult
892f5a37113ffff,892f5a37183ffff,1822152487,771032173,11.6626,0.3709,average_adult
892f5a37113ffff,892f5a37187ffff,1822152487,798894742,12.1973,0.330833,average_adult
892f5a37113ffff,892f5a3718bffff,1822152487,666930532,9.194,0.563135,average_adult
892f5a37113ffff,892f5a3718fffff,1822152487,6451601256,6.889,0.734731,average_adult
892f5a37113ffff,892f5a37193ffff,1822152487,7865126998,18.1876,0.020125,average_adult
892f5a37113ffff,892f5a37197ffff,1822152487,839607167,18.8908,0.00757,average_adult
892f5a37113ffff,892f5a3719bffff,1822152487,1942852587,14.2572,0.19001,average_adult
892f5a37113ffff,892f5a371abffff,1822152487,695327660,13.4048,0.245157,average_adult
892f5a37113ffff,892f5a371b3ffff,1822152487,659292988,17.3297,0.043342,average_adult
892f5a37113ffff,892f5a371bbffff,1822152487,2569654976,11.3617,0.393865,average_adult
892f5a37113ffff,892f5a371c3ffff,1822152487,581881619,15.8028,0.104789,average_adult
892f5a37113ffff,892f5a371c7ffff,1822152487,6383742435,7.44,0.695686,average_adult
892f5a37113ffff,892f5a371d3ffff,1822152487,660528224,18.2638,0.01848,average_adult
892f5a37113ffff,892f5a371d7ffff,1822152487,1127244247,12.1026,0.337846,average_adult
892f5a37113ffff,892f5a3756fffff,1822152487,1127244105,18.507,0.013687,average_adult
892f5a37117ffff,892f5a37107ffff,11109216130,8514517700,6.3839,0.768978,average_adult
892f5a37117ffff,892f5a37113ffff,11109216130,1822152487,10.1796,0.485896,average_adult
892f5a37117ffff,892f5a37117ffff,11109216130,11109216130,0.9339,0.99463,average_adult
892f5a37117ffff,892f5a37183ffff,11109216130,771032173,14.7402,0.161163,average_adult
892f5a37117ffff,892f5a37187ffff,11109216130,798894742,14.5917,0.169834,average_adult
892f5a37117ffff,892f5a3718bffff,11109216130,666930532,12.3806,0.317352,average_adult
892f5a37117ffff,892f5a3718fffff,11109216130,6451601256,9.3781,0.548769,average_adult
892f5a37117ffff,892f5a3719bffff,11109216130,1942852587,17.3348,0.043179,average_adult
892f5a37117ffff,892f5a371abffff,11109216130,695327660,8.1167,0.645763,average_adult
892f5a37117ffff,892f5a371b3ffff,11109216130,659292988,17.6657,0.033237,average_adult
892f5a37117ffff,892f5a371bbffff,11109216130,2569654976,12.8066,0.286638,average_adult
892f5a37117ffff,892f5a371c7ffff,11109216130,6383742435,14.4828,0.176306,average_adult
892f5a37117ffff,892f5a371d7ffff,11109216130,1127244247,16.8159,0.061246,average_adult
892f5a37183ffff,892f5a36243ffff,771032173,822683298,19.2257,0.003694,average_adult
892f5a37183ffff,892f5a3624bffff,771032173,1107512343,12.603,0.301207,average_adult
892f5a37183ffff,892f5a3625bffff,771032173,764851982,13.0146,0.271981,average_adult
892f5a37183ffff,892f5a37113ffff,771032173,1822152487,13.5296,0.236773,average_adult
892f5a37183ffff,892f5a37117ffff,771032173,11109216130,15.5216,0.118695,average_adult
892f5a37183ffff,892f5a37183ffff,771032173,771032173,0.5203,0.998331,average_adult
892f5a37183ffff,892f5a37187ffff,771032173,798894742,7.132,0.717709,average_adult
892f5a37183ffff,892f5a3718bffff,771032173,666930532,5.8244,0.80494,average_adult
892f5a37183ffff,892f5a3718fffff,771032173,6451601256,9.0224,0.576479,average_adult
892f5a37183ffff,892f5a37193ffff,771032173,7865126998,7.0454,0.723816,average_adult
892f5a37183ffff,892f5a37197ffff,771032173,839607167,8.7238,0.599563,average_adult
892f5a37183ffff,892f5a3719bffff,771032173,1942852587,6.7856,0.741865,average_adult
892f5a37183ffff,892f5a371abffff,771032173,695327660,19.6122,0.000927,average_adult
892f5a37183ffff,892f5a371b3ffff,771032173,659292988,14.3854,0.182175,average_adult
892f5a37183ffff,892f5a371bbffff,771032173,2569654976,13.8703,0.21441,average_adult
892f5a37183ffff,892f5a371c3ffff,771032173,581881619,14.5913,0.169855,average_adult
892f5a37183ffff,892f5a371c7ffff,771032173,6383742435,12.0607,0.340965,average_adult
892f5a37183ffff,892f5a371d3ffff,771032173,660528224,17.0523,0.052646,average_adult
892f5a37183ffff,892f5a371d7ffff,771032173,1127244247,10.8912,0.430235,average_adult
892f5a37183ffff,892f5a37527ffff,771032173,9602267747,18.8628,0.007956,average_adult
892f5a37183ffff,892f5a3752bffff,771032173,472360457,14.199,0.193608,average_adult
892f5a37183ffff,892f5a3752fffff,771032173,10293242124,11.8233,0.358744,average_adult
892f5a37183ffff,892f5a37563ffff,771032173,6326922164,18.8307,0.008411,average_adult
892f5a37183ffff,892f5a37567ffff,771032173,2865895571,12.4333,0.313508,average_adult
892f5a37183ffff,892f5a3756fffff,771032173,1127244105,13.9828,0.207203,average_adult
892f5a37183ffff,892f5a37577ffff,771032173,1706684673,18.2565,0.018633,average_adult
892f5a37187ffff,892f5a36243ffff,798894742,822683298,16.2116,0.085949,average_adult
892f5a37187ffff,892f5a3624bffff,798894742,1107512343,7.7899,0.670113,average_adult
892f5a37187ffff,892f5a3624fffff,798894742,1800595808,15.8348,0.103252,average_adult
892f5a37187ffff,892f5a36253ffff,798894742,11512438978,17.9225,0.026387,average_adult
892f5a37187ffff,892f5a3625bffff,798894742,764851982,11.3688,0.393323,average_adult
892f5a37187ffff,892f5a37113ffff,798894742,1822152487,13.6701,0.227455,average_adult
892f5a37187ffff,892f5a37117ffff,798894742,11109216130,15.411,0.124374,average_adult
892f5a37187ffff,892f5a37183ffff,798894742,771032173,6.9906,0.727652,average_adult
892f5a37187ffff,892f5a37187ffff,798894742,798894742,1.2225,0.990809,average_adult
892f5a37187ffff,892f5a3718bffff,798894742,666930532,12.2947,0.323655,average_adult
892f5a37187ffff,892f5a3718fffff,798894742,6451601256,8.0477,0.65094,average_adult
892f5a37187ffff,892f5a37193ffff,798894742,7865126998,10.8851,0.430705,average_adult
892f5a37187ffff,892f5a37197ffff,798894742,839607167,8.0982,0.647159,average_adult
892f5a37187ffff,892f5a3719bffff,798894742,1942852587,12.0665,0.340533,average_adult
892f5a37187ffff,892f5a371abffff,798894742,695327660,18.5059,0.013708,average_adult
892f5a37187ffff,892f5a371b3ffff,798894742,659292988,9.5723,0.53357,average_adult
892f5a37187ffff,892f5a371bbffff,798894742,2569654976,11.2718,0.400776,average_adult
892f5a37187ffff,892f5a371c7ffff,798894742,6383742435,17.7581,0.030685,average_adult
892f5a37187ffff,892f5a371d7ffff,798894742,1127244247,17.3615,0.042332,average_adult
892f5a37187ffff,892f5a37527ffff,798894742,9602267747,18.556,0.012807,average_adult
892f5a37187ffff,892f5a3752bffff,798894742,472360457,18.1927,0.020013,average_adult
892f5a37187ffff,892f5a3752fffff,798894742,10293242124,14.5603,0.171688,average_adult
892f5a37187ffff,892f5a37567ffff,798894742,2865895571,16.427,0.076702,average_adult
892f5a3718bffff,892f5a3624bffff,666930532,1107512343,17.1047,0.050822,average_adult
892f5a3718bffff,892f5a3625bffff,666930532,764851982,17.5164,0.03757,average_adult
892f5a3718bffff,892f5a37107ffff,666930532,8514517700,16.8843,0.058697,average_adult
892f5a3718bffff,892f5a37113ffff,666930532,1822152487,10.0889,0.493021,average_adult
892f5a3718bffff,892f5a37117ffff,666930532,11109216130,12.2927,0.323799,average_adult
892f5a3718bffff,892f5a37183ffff,666930532,771032173,5.022,0.852329,average_adult
892f5a3718bffff,892f5a37187ffff,666930532,798894742,11.6337,0.373091,average_adult
892f5a3718bffff,892f5a3718bffff,666930532,666930532,0.2737,0.999538,average_adult
892f5a3718bffff,892f5a3718fffff,666930532,6451601256,7.5139,0.69033,average_adult
892f5a3718bffff,892f5a37193ffff,666930532,7865126998,11.5471,0.379686,average_adult
892f5a3718bffff,892f5a37197ffff,666930532,839607167,13.2255,0.25737,average_adult
892f5a3718bffff,892f5a3719bffff,666930532,1942852587,7.4382,0.695814,average_adult
892f5a3718bffff,892f5a371abffff,666930532,695327660,16.3833,0.078542,average_adult
892f5a3718bffff,892f5a371b3ffff,666930532,659292988,18.3298,0.017108,average_adult
892f5a3718bffff,892f5a371bbffff,666930532,2569654976,12.3618,0.318729,average_adult
892f5a3718bffff,892f5a371c3ffff,666930532,581881619,11.7431,0.364803,average_adult
892f5a3718bffff,892f5a371c7ffff,666930532,6383742435,6.8148,0.739857,average_adult
892f5a3718bffff,892f5a371d3ffff,666930532,660528224,14.2041,0.193293,average_adult
892f5a3718bffff,892f5a371d7ffff,666930532,1127244247,8.0429,0.651299,average_adult
892f5a3718bffff,892f5a3752bffff,666930532,472360457,18.2977,0.017768,average_adult
892f5a3718bffff,892f5a3752fffff,666930532,10293242124,16.3251,0.081019,average_adult
892f5a3718bffff,892f5a37563ffff,666930532,6326922164,19.6732,0.000659,average_adult
892f5a3718bffff,892f5a37567ffff,666930532,2865895571,15.4198,0.123917,average_adult
892f5a3718bffff,892f5a3756bffff,666930532,1127244318,19.1639,0.004305,average_adult
892f5a3718bffff,892f5a3756fffff,666930532,1127244105,13.6336,0.229862,average_adult
892f5a3718fffff,892f5a3624bffff,6451601256,1107512343,12.3783,0.317524,average_adult
892f5a3718fffff,892f5a3625bffff,6451601256,764851982,15.9611,0.097294,average_adult
892f5a3718fffff,892f5a37107ffff,6451601256,8514517700,12.6559,0.297406,average_adult
892f5a3718fffff,892f5a37113ffff,6451601256,1822152487,6.3234,0.772973,average_adult
892f5a3718fffff,892f5a37117ffff,6451601256,11109216130,8.0643,0.649697,average_adult
892f5a3718fffff,892f5a37183ffff,6451601256,771032173,6.9963,0.727255,average_adult
892f5a3718fffff,892f5a37187ffff,6451601256,798894742,5.8149,0.805531,average_adult
892f5a3718fffff,892f5a3718bffff,6451601256,666930532,6.0418,0.791231,average_adult
892f5a3718fffff,892f5a3718fffff,6451601256,6451601256,0.5065,0.998418,average_adult
892f5a3718fffff,892f5a37193ffff,6451601256,7865126998,13.5213,0.237323,average_adult
892f5a3718fffff,892f5a37197ffff,6451601256,839607167,12.5084,0.308047,average_adult
892f5a3718fffff,892f5a3719bffff,6451601256,1942852587,9.5909,0.532109,average_adult
892f5a3718fffff,892f5a371abffff,6451601256,695327660,11.4528,0.386882,average_adult
892f5a3718fffff,892f5a371b3ffff,6451601256,659292988,11.3224,0.396881,average_adult
892f5a3718fffff,892f5a371bbffff,6451601256,2569654976,5.3544,0.833332,average_adult
892f5a3718fffff,892f5a371c3ffff,6451601256,581881619,16.2502,0.084256,average_adult
892f5a3718fffff,892f5a371c7ffff,6451601256,6383742435,10.2169,0.482967,average_adult
892f5a3718fffff,892f5a371d3ffff,6451601256,660528224,18.7112,0.010211,average_adult
892f5a3718fffff,892f5a371d7ffff,6451601256,1127244247,12.5501,0.305031,average_adult
892f5a3718fffff,892f5a3752fffff,6451601256,10293242124,18.2993,0.017735,average_adult
892f5a3718fffff,892f5a37567ffff,6451601256,2865895571,17.5725,0.035912,average_adult
892f5a3718fffff,892f5a3756fffff,6451601256,1127244105,15.7863,0.105585,average_adult
892f5a37193ffff,892f5a36243ffff,7865126998,822683298,19.4815,0.001657,average_adult
892f5a37193ffff,892f5a3624bffff,7865126998,1107512343,14.5371,0.173068,average_adult
892f5a37193ffff,892f5a36253ffff,7865126998,11512438978,16.1762,0.087513,average_adult
892f5a37193ffff,892f5a3625bffff,7865126998,764851982,12.4583,0.311686,average_adult
892f5a37193ffff,892f5a362cbffff,7865126998,472359869,19.2162,0.003785,average_adult
892f5a37193ffff,892f5a37183ffff,7865126998,771032173,7.3387,0.702984,average_adult
892f5a37193ffff,892f5a37187ffff,7865126998,798894742,10.957,0.425121,average_adult
892f5a37193ffff,892f5a3718bffff,7865126998,666930532,12.6427,0.29835,average_adult
892f5a37193ffff,892f5a3718fffff,7865126998,6451601256,15.8408,0.102967,average_adult
892f5a37193ffff,892f5a37193ffff,7865126998,7865126998,0.2676,0.999558,average_adult
892f5a37193ffff,892f5a37197ffff,7865126998,839607167,10.0766,0.493986,average_adult
892f5a37193ffff,892f5a3719bffff,7865126998,1942852587,8.4159,0.623136,average_adult
892f5a37193ffff,892f5a371b3ffff,7865126998,659292988,16.3194,0.081263,average_adult
892f5a37193ffff,892f5a371c3ffff,7865126998,581881619,18.0935,0.022255,average_adult
892f5a37193ffff,892f5a371c7ffff,7865126998,6383742435,17.89,0.027211,average_adult
892f5a37193ffff,892f5a371d7ffff,7865126998,1127244247,14.3933,0.181693,average_adult
892f5a37193ffff,892f5a37527ffff,7865126998,9602267747,14.1134,0.198947,average_adult
892f5a37193ffff,892f5a3752bffff,7865126998,472360457,9.0614,0.573453,average_adult
892f5a37193ffff,892f5a3752fffff,7865126998,10293242124,6.7,0.747727,average_adult
892f5a37193ffff,892f5a3753bffff,7865126998,1094547495,17.8143,0.029181,average_adult
892f5a37193ffff,892f5a37563ffff,7865126998,6326922164,18.1635,0.020662,average_adult
892f5a37193ffff,892f5a37567ffff,7865126998,2865895571,11.5359,0.380539,average_adult
892f5a37193ffff,892f5a3756fffff,7865126998,1127244105,15.525,0.118525,average_adult
892f5a37193ffff,892f5a37577ffff,7865126998,1706684673,16.2487,0.08432,average_adult
892f5a37197ffff,892f5a36243ffff,839607167,822683298,12.308,0.322674,average_adult
892f5a37197ffff,892f5a36247ffff,839607167,1942852414,18.0287,0.023781,average_adult
892f5a37197ffff,892f5a3624bffff,839607167,1107512343,10.0299,0.497652,average_adult
892f5a37197ffff,892f5a3624fffff,839607167,1800595808,14.3132,0.186573,average_adult
892f5a37197ffff,892f5a36253ffff,839607167,11512438978,14.019,0.204904,average_adult
892f5a37197ffff,892f5a36257ffff,839607167,563748914,17.6315,0.034205,average_adult
892f5a37197ffff,892f5a3625bffff,839607167,764851982,6.2086,0.780483,average_adult
892f5a37197ffff,892f5a362cbffff,839607167,472359869,18.3087,0.017541,average_adult
892f5a37197ffff,892f5a362cfffff,839607167,2095799546,18.591,0.012197,average_adult
892f5a37197ffff,892f5a37113ffff,839607167,1822152487,19.3313,0.002756,average_adult
892f5a37197ffff,892f5a37183ffff,839607167,771032173,7.754,0.672762,average_adult
892f5a37197ffff,892f5a37187ffff,839607167,798894742,6.8837,0.735095,average_adult
892f5a37197ffff,892f5a3718bffff,839607167,666930532,13.0581,0.26895,average_adult
892f5a37197ffff,892f5a3718fffff,839607167,6451601256,13.7089,0.224904,average_adult
892f5a37197ffff,892f5a37193ffff,839607167,7865126998,8.4836,0.617972,average_adult
892f5a37197ffff,892f5a37197ffff,839607167,839607167,0.4671,0.998655,average_adult
892f5a37197ffff,892f5a3719bffff,839607167,1942852587,11.7023,0.367892,average_adult
892f5a37197ffff,892f5a371b3ffff,839607167,659292988,11.8236,0.358727,average_adult
892f5a37197ffff,892f5a371bbffff,839607167,2569654976,15.8071,0.104583,average_adult
892f5a37197ffff,892f5a371c7ffff,839607167,6383742435,19.2944,0.003068,average_adult
892f5a37197ffff,892f5a371d7ffff,839607167,1127244247,17.6797,0.032844,average_adult
892f5a37197ffff,892f5a37527ffff,839607167,9602267747,13.206,0.258712,average_adult
892f5a37197ffff,892f5a3752bffff,839607167,472360457,13.6778,0.226949,average_adult
892f5a37197ffff,892f5a3752fffff,839607167,10293242124,7.6746,0.678605,average_adult
892f5a37197ffff,892f5a37567ffff,839607167,2865895571,15.0633,0.142948,average_adult
892f5a37197ffff,892f5a3756fffff,839607167,1127244105,18.8613,0.007977,average_adult
892f5a3719bffff,892f5a3624bffff,1942852587,1107512343,18.3123,0.017468,average_adult
892f5a3719bffff,892f5a3625bffff,1942852587,764851982,17.8749,0.0276,average_adult
892f5a3719bffff,892f5a370a7ffff,1942852587,2038377566,19.2997,0.003022,average_adult
892f5a3719bffff,892f5a37113ffff,1942852587,1822152487,16.6264,0.068578,average_adult
892f5a3719bffff,892f5a37117ffff,1942852587,11109216130,19.1141,0.004833,average_adult
892f5a3719bffff,892f5a37183ffff,1942852587,771032173,7.7441,0.673497,average_adult
892f5a3719bffff,892f5a37187ffff,1942852587,798894742,13.5394,0.23612,average_adult
892f5a3719bffff,892f5a3718bffff,1942852587,666930532,8.7601,0.59677,average_adult
892f5a3719bffff,892f5a3718fffff,1942852587,6451601256,12.6148,0.300356,average_adult
892f5a3719bffff,892f5a37193ffff,1942852587,7865126998,8.8271,0.591602,average_adult
892f5a3719bffff,892f5a37197ffff,1942852587,839607167,13.8518,0.215603,average_adult
892f5a3719bffff,892f5a3719bffff,1942852587,1942852587,0.1596,0.999843,average_adult
892f5a3719bffff,892f5a371bbffff,1942852587,2569654976,17.4627,0.039188,average_adult
892f5a3719bffff,892f5a371c3ffff,1942852587,581881619,12.3941,0.316367,average_adult
892f5a3719bffff,892f5a371c7ffff,1942852587,6383742435,12.1907,0.331319,average_adult
892f5a3719bffff,892f5a371d3ffff,1942852587,660528224,13.2644,0.254703,average_adult
892f5a3719bffff,892f5a371d7ffff,1942852587,1127244247,8.694,0.601857,average_adult
892f5a3719bffff,892f5a3752bffff,1942852587,472360457,12.389,0.316739,average_adult
892f5a3719bffff,892f5a3752fffff,1942852587,10293242124,11.9356,0.350308,average_adult
892f5a3719bffff,892f5a37563ffff,1942852587,6326922164,14.6686,0.165323,average_adult
892f5a3719bffff,892f5a37567ffff,1942852587,2865895571,10.3312,0.474002,average_adult
892f5a3719bffff,892f5a3756bffff,1942852587,1127244318,14.8201,0.156575,average_adult
892f5a3719bffff,892f5a3756fffff,1942852587,1127244105,8.629,0.606851,average_adult
892f5a3719bffff,892f5a37573ffff,1942852587,472382641,18.5652,0.012645,average_adult
892f5a3719bffff,892f5a37577ffff,1942852587,1706684673,15.0155,0.145588,average_adult
892f5a371abffff,892f5a3624bffff,695327660,1107512343,19.4679,0.001745,average_adult
892f5a371abffff,892f5a37107ffff,695327660,8514517700,7.4514,0.69486,average_adult
892f5a371abffff,892f5a37113ffff,695327660,1822152487,13.1105,0.265308,average_adult
892f5a371abffff,892f5a37117ffff,695327660,11109216130,6.9146,0.73295,average_adult
892f5a371abffff,892f5a37183ffff,695327660,771032173,17.6711,0.033085,average_adult
892f5a371abffff,892f5a37187ffff,695327660,798894742,16.5994,0.069653,average_adult
892f5a371abffff,892f5a3718bffff,695327660,666930532,15.3115,0.129576,average_adult
892f5a371abffff,892f5a3718fffff,695327660,6451601256,11.4125,0.389969,average_adult
892f5a371abffff,892f5a371abffff,695327660,695327660,3.1292,0.940807,average_adult
892f5a371abffff,892f5a371b3ffff,695327660,659292988,14.1045,0.199506,average_adult
892f5a371abffff,892f5a371bbffff,695327660,2569654976,10.2375,0.481354,average_adult
892f5a371abffff,892f5a371c7ffff,695327660,6383742435,17.4136,0.040698,average_adult
892f5a371abffff,892f5a371d7ffff,695327660,1127244247,19.7468,0.000395,average_adult
892f5a371b3ffff,892f5a36243ffff,659292988,822683298,15.0707,0.142541,average_adult
892f5a371b3ffff,892f5a36247ffff,659292988,1942852414,17.168,0.048664,average_adult
892f5a371b3ffff,892f5a3624bffff,659292988,1107512343,6.33,0.772539,average_adult
892f5a371b3ffff,892f5a3624fffff,659292988,1800595808,12.9501,0.276507,average_adult
892f5a371b3ffff,892f5a36253ffff,659292988,11512438978,19.3432,0.002659,average_adult
892f5a371b3ffff,892f5a3625bffff,659292988,764851982,12.9348,0.27758,average_adult
892f5a371b3ffff,892f5a37107ffff,659292988,8514517700,18.5473,0.012961,average_adult
892f5a371b3ffff,892f5a37113ffff,659292988,1822152487,17.8103,0.029285,average_adult
892f5a371b3ffff,892f5a37117ffff,659292988,11109216130,17.0155,0.053945,average_adult
892f5a371b3ffff,892f5a37183ffff,659292988,771032173,12.6788,0.295761,average_adult
892f5a371b3ffff,892f5a37187ffff,659292988,798894742,7.5542,0.687404,average_adult
892f5a371b3ffff,892f5a3718bffff,659292988,666930532,17.7232,0.031637,average_adult
892f5a371b3ffff,892f5a3718fffff,659292988,6451601256,12.188,0.331522,average_adult
892f5a371b3ffff,892f5a37193ffff,659292988,7865126998,14.9935,0.146807,average_adult
892f5a371b3ffff,892f5a37197ffff,659292988,839607167,11.1665,0.408892,average_adult
892f5a371b3ffff,892f5a3719bffff,659292988,1942852587,17.7547,0.030777,average_adult
892f5a371b3ffff,892f5a371abffff,659292988,695327660,15.1978,0.135635,average_adult
892f5a371b3ffff,892f5a371b3ffff,659292988,659292988,0.2042,0.999743,average_adult
892f5a371b3ffff,892f5a371bbffff,659292988,2569654976,7.2183,0.711592,average_adult
892f5a371b3ffff,892f5a37527ffff,659292988,9602267747,19.9766,3e-06,average_adult
892f5a371b3ffff,892f5a3752fffff,659292988,10293242124,17.6287,0.034286,average_adult
892f5a371bbffff,892f5a3624bffff,2569654976,1107512343,11.539,0.380299,average_adult
892f5a371bbffff,892f5a3624fffff,2569654976,1800595808,18.1591,0.020759,average_adult
892f5a371bbffff,892f5a3625bffff,2569654976,764851982,18.1438,0.021103,average_adult
892f5a371bbffff,892f5a37107ffff,2569654976,8514517700,14.7789,0.158935,average_adult
892f5a371bbffff,892f5a37113ffff,2569654976,1822152487,12.1284,0.335932,average_adult
892f5a371bbffff,892f5a37117ffff,2569654976,11109216130,12.7391,0.291448,average_adult
892f5a371bbffff,892f5a37183ffff,2569654976,771032173,12.9958,0.2733,average_adult
892f5a371bbffff,892f5a37187ffff,2569654976,798894742,10.9226,0.427792,average_adult
892f5a371bbffff,892f5a3718bffff,2569654976,666930532,12.0413,0.342411,average_adult
892f5a371bbffff,892f5a3718fffff,2569654976,6451601256,6.506,0.760845,average_adult
892f5a371bbffff,892f5a37193ffff,2569654976,7865126998,19.0639,0.005396,average_adult
892f5a371bbffff,892f5a37197ffff,2569654976,839607167,15.4552,0.122093,average_adult
892f5a371bbffff,892f5a3719bffff,2569654976,1942852587,15.5904,0.115225,average_adult
892f5a371bbffff,892f5a371abffff,2569654976,695327660,11.4294,0.388677,average_adult
892f5a371bbffff,892f5a371b3ffff,2569654976,659292988,7.5044,0.691026,average_adult
892f5a371bbffff,892f5a371bbffff,2569654976,2569654976,0.3442,0.99927,average_adult
892f5a371bbffff,892f5a371c7ffff,2569654976,6383742435,16.2164,0.085737,average_adult
892f5a371bbffff,892f5a371d7ffff,2569654976,1127244247,18.5496,0.012921,average_adult
892f5a371c3ffff,892f5a370a3ffff,581881619,13056197936,18.5181,0.013485,average_adult
892f5a371c3ffff,892f5a370a7ffff,581881619,2038377566,13.6549,0.228456,average_adult
892f5a371c3ffff,892f5a370b7ffff,581881619,1135820964,19.2799,0.003195,average_adult
892f5a371c3ffff,892f5a37113ffff,581881619,1822152487,16.8278,0.060801,average_adult
892f5a371c3ffff,892f5a37183ffff,581881619,771032173,15.8475,0.102649,average_adult
892f5a371c3ffff,892f5a3718bffff,581881619,666930532,12.5527,0.304839,average_adult
892f5a371c3ffff,892f5a3718fffff,581881619,6451601256,19.6908,0.000589,average_adult
892f5a371c3ffff,892f5a37193ffff,581881619,7865126998,19.6679,0.00068,average_adult
892f5a371c3ffff,892f5a3719bffff,581881619,1942852587,13.2887,0.253041,average_adult
892f5a371c3ffff,892f5a371c3ffff,581881619,581881619,3.2585,0.935922,average_adult
892f5a371c3ffff,892f5a371c7ffff,581881619,6383742435,11.2985,0.398725,average_adult
892f5a371c3ffff,892f5a371d3ffff,581881619,660528224,6.7039,0.74746,average_adult
892f5a371c3ffff,892f5a371d7ffff,581881619,1127244247,6.1216,0.78611,average_adult
892f5a371c3ffff,892f5a37563ffff,581881619,6326922164,19.8825,8.5e-05,average_adult
892f5a371c3ffff,892f5a37567ffff,581881619,2865895571,18.2862,0.018009,average_adult
892f5a371c3ffff,892f5a3756bffff,581881619,1127244318,16.4449,0.075959,average_adult
892f5a371c3ffff,892f5a3756fffff,581881619,1127244105,11.8035,0.360242,average_adult
892f5a371c7ffff,892f5a37113ffff,6383742435,1822152487,8.8482,0.589968,average_adult
892f5a371c7ffff,892f5a37117ffff,6383742435,11109216130,16.1737,0.087625,average_adult
892f5a371c7ffff,892f5a37183ffff,6383742435,771032173,11.8122,0.359588,average_adult
892f5a371c7ffff,892f5a37187ffff,6383742435,798894742,18.4239,0.015246,average_adult
892f5a371c7ffff,892f5a3718bffff,6383742435,666930532,7.121,0.718484,average_adult
892f5a371c7ffff,892f5a3718fffff,6383742435,6451601256,13.1878,0.259963,average_adult
892f5a371c7ffff,892f5a37193ffff,6383742435,7865126998,18.0005,0.02446,average_adult
892f5a371c7ffff,892f5a3719bffff,6383742435,1942852587,11.6331,0.373142,average_adult
892f5a371c7ffff,892f5a371bbffff,6383742435,2569654976,18.0357,0.023613,average_adult
892f5a371c7ffff,892f5a371c3ffff,6383742435,581881619,11.2388,0.403318,average_adult
892f5a371c7ffff,892f5a371c7ffff,6383742435,6383742435,2.1886,0.970742,average_adult
892f5a371c7ffff,892f5a371d3ffff,6383742435,660528224,13.8221,0.217525,average_adult
892f5a371c7ffff,892f5a371d7ffff,6383742435,1127244247,8.1468,0.643505,average_adult
892f5a371c7ffff,892f5a37567ffff,6383742435,2865895571,19.3199,0.00285,average_adult
892f5a371c7ffff,892f5a3756bffff,6383742435,1127244318,19.2678,0.003303,average_adult
892f5a371c7ffff,892f5a3756fffff,6383742435,1127244105,14.5512,0.172231,average_adult
892f5a371d3ffff,892f5a370a3ffff,660528224,13056197936,12.5551,0.304664,average_adult
892f5a371d3ffff,892f5a370a7ffff,660528224,2038377566,7.6919,0.677329,average_adult
892f5a371d3ffff,892f5a370b7ffff,660528224,1135820964,13.751,0.222149,average_adult
892f5a371d3ffff,892f5a37113ffff,660528224,1822152487,18.2259,0.01929,average_adult
892f5a371d3ffff,892f5a37183ffff,660528224,771032173,17.2037,0.047464,average_adult
892f5a371d3ffff,892f5a3718bffff,660528224,666930532,13.9508,0.20924,average_adult
892f5a371d3ffff,892f5a3719bffff,660528224,1942852587,12.7134,0.293281,average_adult
892f5a371d3ffff,892f5a371c3ffff,660528224,581881619,6.1389,0.784995,average_adult
892f5a371d3ffff,892f5a371c7ffff,660528224,6383742435,13.7902,0.219597,average_adult
892f5a371d3ffff,892f5a371d3ffff,660528224,660528224,0.741,0.996617,average_adult
892f5a371d3ffff,892f5a371d7ffff,660528224,1127244247,6.5559,0.757495,average_adult
892f5a371d3ffff,892f5a37563ffff,660528224,6326922164,15.9863,0.096126,average_adult
892f5a371d3ffff,892f5a37567ffff,660528224,2865895571,15.5125,0.11916,average_adult
892f5a371d3ffff,892f5a3756bffff,660528224,1127244318,11.6323,0.3732,average_adult
892f5a371d3ffff,892f5a3756fffff,660528224,1127244105,7.9072,0.661423,average_adult
892f5a371d3ffff,892f5a37577ffff,660528224,1706684673,19.756,0.000367,average_adult
892f5a371d3ffff,892f5a3757bffff,660528224,1135821090,16.8955,0.058282,average_adult
892f5a371d7ffff,892f5a370a3ffff,1127244247,13056197936,19.1703,0.00424,average_adult
892f5a371d7ffff,892f5a370a7ffff,1127244247,2038377566,14.6071,0.168924,average_adult
892f5a371d7ffff,892f5a370b7ffff,1127244247,1135820964,18.3571,0.016557,average_adult
892f5a371d7ffff,892f5a37113ffff,1127244247,1822152487,13.1743,0.260895,average_adult
892f5a371d7ffff,892f5a37117ffff,1127244247,11109216130,19.5282,0.001373,average_adult
892f5a371d7ffff,892f5a37183ffff,1127244247,771032173,12.1521,0.334178,average_adult
892f5a371d7ffff,892f5a37187ffff,1127244247,798894742,18.7638,0.009397,average_adult
892f5a371d7ffff,892f5a3718bffff,1127244247,666930532,8.8993,0.586022,average_adult
892f5a371d7ffff,892f5a3718fffff,1127244247,6451601256,15.9955,0.095701,average_adult
892f5a371d7ffff,892f5a37193ffff,1127244247,7865126998,15.9725,0.096765,average_adult
892f5a371d7ffff,892f5a3719bffff,1127244247,1942852587,9.3762,0.548917,average_adult
892f5a371d7ffff,892f5a371c3ffff,1127244247,581881619,6.7832,0.742032,average_adult
892f5a371d7ffff,892f5a371c7ffff,1127244247,6383742435,8.7386,0.598424,average_adult
892f5a371d7ffff,892f5a371d3ffff,1127244247,660528224,7.6562,0.679953,average_adult
892f5a371d7ffff,892f5a371d7ffff,1127244247,1127244247,0.375,0.999133,average_adult
892f5a371d7ffff,892f5a37563ffff,1127244247,6326922164,15.8312,0.103427,average_adult
892f5a371d7ffff,892f5a37567ffff,1127244247,2865895571,14.2348,0.191392,average_adult
892f5a371d7ffff,892f5a3756bffff,1127244247,1127244318,12.4688,0.310928,average_adult
892f5a371d7ffff,892f5a3756fffff,1127244247,1127244105,7.7521,0.672903,average_adult
892f5a371d7ffff,892f5a37577ffff,1127244247,1706684673,18.8351,0.008347,average_adult
892f5a371d7ffff,892f5a3757bffff,1127244247,1135821090,17.662,0.03334,average_adult
892f5a37403ffff,892f5a37403ffff,10155662310,10155662310,1.3887,0.988152,average_adult
892f5a37403ffff,892f5a37407ffff,10155662310,6743431386,6.4198,0.766599,average_adult
892f5a37403ffff,892f5a3740bffff,10155662310,7951554811,10.5614,0.455964,average_adult
892f5a37403ffff,892f5a3740fffff,10155662310,4506648481,9.4272,0.544931,average_adult
892f5a37403ffff,892f5a37417ffff,10155662310,475369115,6.5018,0.761127,average_adult
892f5a37403ffff,892f5a37423ffff,10155662310,475369332,17.5442,0.036742,average_adult
892f5a37403ffff,892f5a3742bffff,10155662310,6475403603,19.3146,0.002895,average_adult
892f5a37403ffff,892f5a37433ffff,10155662310,9775221793,11.1947,0.406717,average_adult
892f5a37403ffff,892f5a37437ffff,10155662310,6240815386,16.5022,0.073591,average_adult
892f5a37403ffff,892f5a3743bffff,10155662310,6475813119,11.8717,0.355102,average_adult
892f5a37403ffff,892f5a37463ffff,10155662310,8371949497,18.617,0.011752,average_adult
892f5a37403ffff,892f5a37473ffff,10155662310,1093856535,15.2083,0.135069,average_adult
892f5a37403ffff,892f5a37477ffff,10155662310,10933634351,18.3435,0.016831,average_adult
892f5a37403ffff,892f5a3747bffff,10155662310,1093946899,18.3477,0.016747,average_adult
892f5a37403ffff,892f5a374a3ffff,10155662310,7942739530,18.4662,0.014442,average_adult
892f5a37403ffff,892f5a374abffff,10155662310,475369013,14.1837,0.19456,average_adult
892f5a37403ffff,892f5a374afffff,10155662310,475368981,16.2384,0.084773,average_adult
892f5a37403ffff,892f5a374bbffff,10155662310,1665929771,13.8837,0.213546,average_adult
892f5a37407ffff,892f5a37403ffff,6743431386,10155662310,5.5125,0.82398,average_adult
892f5a37407ffff,892f5a37407ffff,6743431386,6743431386,0.2328,0.999666,average_adult
892f5a37407ffff,892f5a3740bffff,6743431386,7951554811,8.5919,0.609696,average_adult
892f5a37407ffff,892f5a3740fffff,6743431386,4506648481,7.109,0.719337,average_adult
892f5a37407ffff,892f5a37417ffff,6743431386,475369115,7.766,0.671876,average_adult
892f5a37407ffff,892f5a37423ffff,6743431386,475369332,13.6104,0.231395,average_adult
892f5a37407ffff,892f5a37427ffff,6743431386,7947429975,17.0123,0.05406,average_adult
892f5a37407ffff,892f5a3742bffff,6743431386,6475403603,15.4325,0.123263,average_adult
892f5a37407ffff,892f5a3742fffff,6743431386,2196826810,17.5503,0.036562,average_adult
892f5a37407ffff,892f5a37433ffff,6743431386,9775221793,5.0761,0.849304,average_adult
892f5a37407ffff,892f5a37437ffff,6743431386,6240815386,10.3835,0.469899,average_adult
892f5a37407ffff,892f5a3743bffff,6743431386,6475813119,7.9379,0.659136,average_adult
892f5a37407ffff,892f5a37463ffff,6743431386,8371949497,16.6474,0.067745,average_adult
892f5a37407ffff,892f5a37467ffff,6743431386,1094679544,18.5358,0.013167,average_adult
892f5a37407ffff,892f5a37473ffff,6743431386,1093856535,13.2388,0.256459,average_adult
892f5a37407ffff,892f5a37477ffff,6743431386,10933634351,16.374,0.078936,average_adult
892f5a37407ffff,892f5a3747bffff,6743431386,1093946899,16.3781,0.078759,average_adult
892f5a37407ffff,892f5a37487ffff,6743431386,473169530,19.4348,0.001969,average_adult
892f5a37407ffff,892f5a374a3ffff,6743431386,7942739530,14.9355,0.150049,average_adult
892f5a37407ffff,892f5a374a7ffff,6743431386,9791542150,15.8179,0.104061,average_adult
892f5a37407ffff,892f5a374abffff,6743431386,475369013,9.1475,0.566753,average_adult
892f5a37407ffff,892f5a374afffff,6743431386,475368981,10.0513,0.495968,average_adult
892f5a37407ffff,892f5a374bbffff,6743431386,1665929771,13.0372,0.270408,average_adult
892f5a37407ffff,892f5a375c3ffff,6743431386,472447266,19.7046,0.000538,average_adult
892f5a37407ffff,892f5a375cbffff,6743431386,2649421029,16.7799,0.062608,average_adult
892f5a37407ffff,892f5a375dbffff,6743431386,475368843,16.1207,0.089992,average_adult
892f5a3740bffff,892f5a37403ffff,7951554811,10155662310,13.3961,0.245744,average_adult
892f5a3740bffff,892f5a37407ffff,7951554811,6743431386,12.453,0.312076,average_adult
892f5a3740bffff,892f5a3740bffff,7951554811,7951554811,3.1682,0.939351,average_adult
892f5a3740bffff,892f5a3740fffff,7951554811,4506648481,8.5617,0.612007,average_adult
892f5a3740bffff,892f5a37417ffff,7951554811,475369115,16.0287,0.094173,average_adult
892f5a3740bffff,892f5a37433ffff,7951554811,9775221793,17.095,0.051159,average_adult
892f5a3740bffff,892f5a3743bffff,7951554811,6475813119,17.5033,0.037962,average_adult
892f5a3740bffff,892f5a37463ffff,7951554811,8371949497,13.4657,0.241051,average_adult
892f5a3740bffff,892f5a37467ffff,7951554811,1094679544,16.3671,0.079224,average_adult
892f5a3740bffff,892f5a3746fffff,7951554811,7276074359,19.3752,0.002406,average_adult
892f5a3740bffff,892f5a37473ffff,7951554811,1093856535,10.057,0.49552,average_adult
892f5a3740bffff,892f5a37477ffff,7951554811,10933634351,13.1922,0.259658,average_adult
892f5a3740bffff,892f5a3747bffff,7951554811,1093946899,13.1964,0.259371,average_adult
892f5a3740fffff,892f5a37403ffff,4506648481,10155662310,11.844,0.357191,average_adult
892f5a3740fffff,892f5a37407ffff,4506648481,6743431386,9.0387,0.575212,average_adult
892f5a3740fffff,892f5a3740bffff,4506648481,7951554811,8.4711,0.61893,average_adult
892f5a3740fffff,892f5a3740fffff,4506648481,4506648481,0.2995,0.999447,average_adult
892f5a3740fffff,892f5a37417ffff,4506648481,475369115,14.4766,0.176679,average_adult
892f5a3740fffff,892f5a37423ffff,4506648481,475369332,17.6698,0.033123,average_adult
892f5a3740fffff,892f5a3742bffff,4506648481,6475403603,15.1214,0.139767,average_adult
892f5a3740fffff,892f5a37433ffff,4506648481,9775221793,13.6383,0.229551,average_adult
892f5a3740fffff,892f5a37437ffff,4506648481,6240815386,18.9458,0.00684,average_adult
892f5a3740fffff,892f5a3743bffff,4506648481,6475813119,11.8653,0.355587,average_adult
892f5a3740fffff,892f5a37463ffff,4506648481,8371949497,12.5354,0.306089,average_adult
892f5a3740fffff,892f5a37467ffff,4506648481,1094679544,15.4369,0.123035,average_adult
892f5a3740fffff,892f5a3746fffff,4506648481,7276074359,18.4449,0.014843,average_adult
892f5a3740fffff,892f5a37473ffff,4506648481,1093856535,9.1816,0.564096,average_adult
892f5a3740fffff,892f5a37477ffff,4506648481,10933634351,12.262,0.32606,average_adult
892f5a3740fffff,892f5a3747bffff,4506648481,1093946899,12.321,0.321721,average_adult
892f5a3740fffff,892f5a374abffff,4506648481,475369013,17.8552,0.028108,average_adult
892f5a3740fffff,892f5a374afffff,4506648481,475368981,18.759,0.009469,average_adult
892f5a37417ffff,892f5a37403ffff,475369115,10155662310,7.8631,0.664701,average_adult
892f5a37417ffff,892f5a37407ffff,475369115,6743431386,10.0346,0.497281,average_adult
892f5a37417ffff,892f5a3740bffff,475369115,7951554811,14.3769,0.182688,average_adult
892f5a37417ffff,892f5a3740fffff,475369115,4506648481,13.2426,0.256194,average_adult
892f5a37417ffff,892f5a37417ffff,475369115,475369115,1.2418,0.990518,average_adult
892f5a37417ffff,892f5a37433ffff,475369115,9775221793,13.8285,0.217109,average_adult
892f5a37417ffff,892f5a37437ffff,475369115,6240815386,19.134,0.004619,average_adult
892f5a37417ffff,892f5a3743bffff,475369115,6475813119,15.5541,0.11705,average_adult
892f5a37417ffff,892f5a37473ffff,475369115,1093856535,19.0238,0.005867,average_adult
892f5a37417ffff,892f5a37487ffff,475369115,473169530,16.5314,0.072398,average_adult
892f5a37417ffff,892f5a374a3ffff,475369115,7942739530,15.5641,0.116545,average_adult
892f5a37417ffff,892f5a374abffff,475369115,475369013,11.2816,0.400019,average_adult
892f5a37417ffff,892f5a374afffff,475369115,475368981,15.788,0.105503,average_adult
892f5a37417ffff,892f5a374b3ffff,475369115,11072417469,19.595,0.001012,average_adult
892f5a37417ffff,892f5a374bbffff,475369115,1665929771,8.6237,0.607258,average_adult
892f5a37423ffff,892f5a37093ffff,475369332,3193716070,15.5272,0.118415,average_adult
892f5a37423ffff,892f5a37403ffff,475369332,10155662310,18.2855,0.018022,average_adult
892f5a37423ffff,892f5a37407ffff,475369332,6743431386,15.0172,0.145491,average_adult
892f5a37423ffff,892f5a3740fffff,475369332,4506648481,15.9099,0.099693,average_adult
892f5a37423ffff,892f5a37423ffff,475369332,475369332,1.088,0.992716,average_adult
892f5a37423ffff,892f5a37427ffff,475369332,7947429975,10.1549,0.487834,average_adult
892f5a37423ffff,892f5a3742bffff,475369332,6475403603,9.4363,0.544219,average_adult
892f5a37423ffff,892f5a3742fffff,475369332,2196826810,10.7393,0.442063,average_adult
892f5a37423ffff,892f5a37433ffff,475369332,9775221793,10.3235,0.4746,average_adult
892f5a37423ffff,892f5a37437ffff,475369332,6240815386,7.9134,0.660959,average_adult
892f5a37423ffff,892f5a3743bffff,475369332,6475813119,9.7906,0.516446,average_adult
892f5a37423ffff,892f5a37467ffff,475369332,1094679544,18.2974,0.017775,average_adult
892f5a37423ffff,892f5a37477ffff,475369332,10933634351,19.7301,0.000449,average_adult
892f5a37423ffff,892f5a374a3ffff,475369332,7942739530,18.9231,0.007136,average_adult
892f5a37423ffff,892f5a374a7ffff,475369332,9791542150,18.2076,0.019686,average_adult
892f5a37423ffff,892f5a374abffff,475369332,475369013,15.4849,0.120568,average_adult
892f5a37423ffff,892f5a374afffff,475369332,475368981,13.4198,0.244143,average_adult
892f5a37423ffff,892f5a37543ffff,475369332,1097906783,19.9708,5e-06,average_adult
892f5a37423ffff,892f5a37553ffff,475369332,472382750,17.722,0.031671,average_adult
892f5a37423ffff,892f5a3755bffff,475369332,1097906786,16.3186,0.081297,average_adult
892f5a37423ffff,892f5a375c3ffff,475369332,472447266,17.2345,0.046439,average_adult
892f5a37423ffff,892f5a375cbffff,475369332,2649421029,14.3099,0.186773,average_adult
892f5a37423ffff,892f5a375dbffff,475369332,475368843,13.6507,0.228735,average_adult
892f5a37427ffff,892f5a37083ffff,7947429975,9605882522,17.1157,0.050447,average_adult
892f5a37427ffff,892f5a37093ffff,7947429975,3193716070,14.5448,0.17261,average_adult
892f5a37427ffff,892f5a37097ffff,7947429975,1097931942,12.8442,0.283973,average_adult
892f5a37427ffff,892f5a37407ffff,7947429975,6743431386,18.7623,0.009419,average_adult
892f5a37427ffff,892f5a37423ffff,7947429975,475369332,11.2472,0.402674,average_adult
892f5a37427ffff,892f5a37427ffff,7947429975,7947429975,0.2406,0.999643,average_adult
892f5a37427ffff,892f5a3742bffff,7947429975,6475403603,13.9506,0.209254,average_adult
892f5a37427ffff,892f5a3742fffff,7947429975,2196826810,6.9289,0.731955,average_adult
892f5a37427ffff,892f5a37433ffff,7947429975,9775221793,14.0686,0.201763,average_adult
892f5a37427ffff,892f5a37437ffff,7947429975,6240815386,8.0266,0.652522,average_adult
892f5a37427ffff,892f5a3743bffff,7947429975,6475813119,14.308,0.186891,average_adult
892f5a37427ffff,892f5a374a7ffff,7947429975,9791542150,19.3748,0.002409,average_adult
892f5a37427ffff,892f5a374abffff,7947429975,475369013,18.4565,0.014624,average_adult
892f5a37427ffff,892f5a374afffff,7947429975,475368981,14.9281,0.15046,average_adult
892f5a37427ffff,892f5a37543ffff,7947429975,1097906783,12.1083,0.337423,average_adult
892f5a37427ffff,892f5a37547ffff,7947429975,7966410040,16.8406,0.060319,average_adult
892f5a37427ffff,892f5a3754bffff,7947429975,1097906906,14.9682,0.148218,average_adult
892f5a37427ffff,892f5a37553ffff,7947429975,472382750,9.8595,0.511035,average_adult
892f5a37427ffff,892f5a37557ffff,7947429975,2704049830,17.0567,0.052491,average_adult
892f5a37427ffff,892f5a3755bffff,7947429975,1097906786,8.4561,0.620072,average_adult
892f5a37427ffff,892f5a375c3ffff,7947429975,472447266,14.2816,0.188511,average_adult
892f5a37427ffff,892f5a375cbffff,7947429975,2649421029,9.9853,0.501156,average_adult
892f5a37427ffff,892f5a375cfffff,7947429975,472382799,16.5803,0.070417,average_adult
892f5a37427ffff,892f5a375dbffff,7947429975,475368843,14.8178,0.156707,average_adult
892f5a3742bffff,892f5a37083ffff,6475403603,9605882522,17.8129,0.029219,average_adult
892f5a3742bffff,892f5a37093ffff,6475403603,3193716070,8.5737,0.611089,average_adult
892f5a3742bffff,892f5a37097ffff,6475403603,1097931942,13.7695,0.220944,average_adult
892f5a3742bffff,892f5a3709bffff,6475403603,1096527390,17.6473,0.033758,average_adult
892f5a3742bffff,892f5a37403ffff,6475403603,10155662310,19.5554,0.001219,average_adult
892f5a3742bffff,892f5a37407ffff,6475403603,6743431386,16.368,0.079189,average_adult
892f5a3742bffff,892f5a3740bffff,6475403603,7951554811,17.5198,0.037468,average_adult
892f5a3742bffff,892f5a3740fffff,6475403603,4506648481,11.9266,0.350983,average_adult
892f5a3742bffff,892f5a37423ffff,6475403603,475369332,9.8534,0.511515,average_adult
892f5a3742bffff,892f5a37427ffff,6475403603,7947429975,13.2493,0.25574,average_adult
892f5a3742bffff,892f5a3742bffff,6475403603,6475403603,0.1835,0.999792,average_adult
892f5a3742bffff,892f5a3742fffff,6475403603,2196826810,6.7208,0.746311,average_adult
892f5a3742bffff,892f5a37433ffff,6475403603,9775221793,14.4261,0.179712,average_adult
892f5a3742bffff,892f5a37437ffff,6475403603,6240815386,13.892,0.213013,average_adult
892f5a3742bffff,892f5a3743bffff,6475403603,6475813119,10.9687,0.424212,average_adult
892f5a3742bffff,892f5a37463ffff,6475403603,8371949497,14.1961,0.193787,average_adult
892f5a3742bffff,892f5a37467ffff,6475403603,1094679544,10.7341,0.442468,average_adult
892f5a3742bffff,892f5a3746fffff,6475403603,7276074359,15.4612,0.121785,average_adult
892f5a3742bffff,892f5a37473ffff,6475403603,1093856535,15.5776,0.115866,average_adult
892f5a3742bffff,892f5a37477ffff,6475403603,10933634351,12.1669,0.333082,average_adult
892f5a3742bffff,892f5a3747bffff,6475403603,1093946899,17.3298,0.043339,average_adult
892f5a3742bffff,892f5a374abffff,6475403603,475369013,19.6871,0.000604,average_adult
892f5a3742bffff,892f5a374afffff,6475403603,475368981,19.3983,0.002231,average_adult
892f5a3742bffff,892f5a3754bffff,6475403603,1097906906,18.0653,0.022913,average_adult
892f5a3742bffff,892f5a3755bffff,6475403603,1097906786,17.8404,0.028494,average_adult
892f5a3742bffff,892f5a375dbffff,6475403603,475368843,19.6292,0.000848,average_adult
892f5a3742fffff,892f5a37083ffff,2196826810,9605882522,13.7844,0.219972,average_adult
892f5a3742fffff,892f5a37087ffff,2196826810,5109258744,17.8402,0.0285,average_adult
892f5a3742fffff,892f5a37093ffff,2196826810,3193716070,8.3071,0.6314,average_adult
892f5a3742fffff,892f5a37097ffff,2196826810,1097931942,9.741,0.520333,average_adult
892f5a3742fffff,892f5a3709bffff,2196826810,1096527390,19.6452,0.000776,average_adult
892f5a3742fffff,892f5a3740fffff,2196826810,4506648481,18.4915,0.013971,average_adult
892f5a3742fffff,892f5a37423ffff,2196826810,475369332,12.0527,0.341557,average_adult
892f5a3742fffff,892f5a37427ffff,2196826810,7947429975,8.64,0.606001,average_adult
892f5a3742fffff,892f5a3742bffff,2196826810,6475403603,7.9847,0.655652,average_adult
892f5a3742fffff,892f5a3742fffff,2196826810,2196826810,0.2882,0.999488,average_adult
892f5a3742fffff,892f5a37433ffff,2196826810,9775221793,17.9613,0.025419,average_adult
892f5a3742fffff,892f5a37437ffff,2196826810,6240815386,15.221,0.134388,average_adult
892f5a3742fffff,892f5a3743bffff,2196826810,6475813119,14.6033,0.169147,average_adult
892f5a3742fffff,892f5a37467ffff,2196826810,1094679544,18.2446,0.018887,average_adult
892f5a3742fffff,892f5a37477ffff,2196826810,10933634351,19.7469,0.000395,average_adult
892f5a3742fffff,892f5a37543ffff,2196826810,1097906783,16.148,0.088769,average_adult
892f5a3742fffff,892f5a3754bffff,2196826810,1097906906,13.281,0.253567,average_adult
892f5a3742fffff,892f5a37553ffff,2196826810,472382750,13.8992,0.212551,average_adult
892f5a3742fffff,892f5a3755bffff,2196826810,1097906786,11.4078,0.390331,average_adult
892f5a3742fffff,892f5a375cbffff,2196826810,2649421029,17.2949,0.044464,average_adult
892f5a37433ffff,892f5a37403ffff,9775221793,10155662310,11.0426,0.418476,average_adult
892f5a37433ffff,892f5a37407ffff,9775221793,6743431386,5.763,0.808747,average_adult
892f5a37433ffff,892f5a3740bffff,9775221793,7951554811,13.9156,0.211493,average_adult
892f5a37433ffff,892f5a3740fffff,9775221793,4506648481,12.0577,0.341188,average_adult
892f5a37433ffff,892f5a37417ffff,9775221793,475369115,12.9014,0.279929,average_adult
892f5a37433ffff,892f5a37423ffff,9775221793,475369332,11.3767,0.392715,average_adult
892f5a37433ffff,892f5a37427ffff,9775221793,7947429975,12.5924,0.301975,average_adult
892f5a37433ffff,892f5a3742bffff,9775221793,6475403603,13.4302,0.243444,average_adult
892f5a37433ffff,892f5a3742fffff,9775221793,2196826810,15.4907,0.120272,average_adult
892f5a37433ffff,892f5a37433ffff,9775221793,9775221793,0.6562,0.997346,average_adult
892f5a37433ffff,892f5a37437ffff,9775221793,6240815386,5.9636,0.7962,average_adult
892f5a37433ffff,892f5a3743bffff,9775221793,6475813119,8.7367,0.59857,average_adult
892f5a37433ffff,892f5a37473ffff,9775221793,1093856535,18.5626,0.012692,average_adult
892f5a37433ffff,892f5a37487ffff,9775221793,473169530,18.9824,0.006374,average_adult
892f5a37433ffff,892f5a374a3ffff,9775221793,7942739530,11.5709,0.37787,average_adult
892f5a37433ffff,892f5a374a7ffff,9775221793,9791542150,12.0742,0.339959,average_adult
892f5a37433ffff,892f5a374abffff,9775221793,475369013,6.429,0.765987,average_adult
892f5a37433ffff,892f5a374afffff,9775221793,475368981,6.3076,0.774011,average_adult
892f5a37433ffff,892f5a374b3ffff,9775221793,11072417469,19.6211,0.000885,average_adult
892f5a37433ffff,892f5a374b7ffff,9775221793,4511333938,18.819,0.008578,average_adult
892f5a37433ffff,892f5a374bbffff,9775221793,1665929771,13.1881,0.259939,average_adult
892f5a37433ffff,892f5a37553ffff,9775221793,472382750,18.8494,0.008144,average_adult
892f5a37433ffff,892f5a375c3ffff,9775221793,472447266,15.2847,0.130995,average_adult
892f5a37433ffff,892f5a375cbffff,9775221793,2649421029,12.36,0.318859,average_adult
892f5a37433ffff,892f5a375cfffff,9775221793,472382799,19.7632,0.000346,average_adult
892f5a37433ffff,892f5a375dbffff,9775221793,475368843,11.7008,0.368001,average_adult
892f5a37437ffff,892f5a37093ffff,6240815386,3193716070,19.8233,0.000193,average_adult
892f5a37437ffff,892f5a37097ffff,6240815386,1097931942,19.1365,0.004593,average_adult
892f5a37437ffff,892f5a37403ffff,6240815386,10155662310,16.1062,0.090647,average_adult
892f5a37437ffff,892f5a37407ffff,6240815386,6743431386,10.8265,0.435271,average_adult
892f5a37437ffff,892f5a3740bffff,6240815386,7951554811,18.9792,0.006414,average_adult
892f5a37437ffff,892f5a3740fffff,6240815386,4506648481,17.1212,0.050256,average_adult
892f5a37437ffff,892f5a37417ffff,6240815386,475369115,17.965,0.025329,average_adult
892f5a37437ffff,892f5a37423ffff,6240815386,475369332,8.5481,0.613043,average_adult
892f5a37437ffff,892f5a37427ffff,6240815386,7947429975,6.7195,0.746397,average_adult
892f5a37437ffff,892f5a3742bffff,6240815386,6475403603,14.1095,0.199191,average_adult
892f5a37437ffff,892f5a3742fffff,6240815386,2196826810,13.2212,0.257668,average_adult
892f5a37437ffff,892f5a37433ffff,6240815386,9775221793,6.1328,0.785391,average_adult
892f5a37437ffff,892f5a37437ffff,6240815386,6240815386,0.0907,0.999949,average_adult
892f5a37437ffff,892f5a3743bffff,6240815386,6475813119,13.8002,0.218945,average_adult
892f5a37437ffff,892f5a37487ffff,6240815386,473169530,19.95,1.5e-05,average_adult
892f5a37437ffff,892f5a374a3ffff,6240815386,7942739530,12.4956,0.308976,average_adult
892f5a37437ffff,892f5a374a7ffff,6240815386,9791542150,11.4389,0.387946,average_adult
892f5a37437ffff,892f5a374abffff,6240815386,475369013,10.5206,0.459154,average_adult
892f5a37437ffff,892f5a374afffff,6240815386,475368981,6.9923,0.727535,average_adult
892f5a37437ffff,892f5a374b7ffff,6240815386,4511333938,18.1838,0.02021,average_adult
892f5a37437ffff,892f5a374bbffff,6240815386,1665929771,15.2273,0.13405,average_adult
892f5a37437ffff,892f5a3750bffff,6240815386,4716326321,19.5182,0.001431,average_adult
892f5a37437ffff,892f5a3751bffff,6240815386,4716623608,18.8093,0.00872,average_adult
892f5a37437ffff,892f5a37543ffff,6240815386,1097906783,18.4006,0.015697,average_adult
892f5a37437ffff,892f5a37553ffff,6240815386,472382750,13.395,0.245819,average_adult
892f5a37437ffff,892f5a37557ffff,6240815386,2704049830,15.3824,0.125859,average_adult
892f5a37437ffff,892f5a3755bffff,6240815386,1097906786,14.7483,0.160695,average_adult
892f5a37437ffff,892f5a375c3ffff,6240815386,472447266,10.1021,0.491985,average_adult
892f5a37437ffff,892f5a375c7ffff,6240815386,1664033852,16.5234,0.072723,average_adult
892f5a37437ffff,892f5a375cbffff,6240815386,2649421029,7.1774,0.714493,average_adult
892f5a37437ffff,892f5a375cfffff,6240815386,472382799,14.3087,0.186844,average_adult
892f5a37437ffff,892f5a375d3ffff,6240815386,4717672327,16.5935,0.069888,average_adult
892f5a37437ffff,892f5a375d7ffff,6240815386,472447132,19.0507,0.005548,average_adult
892f5a37437ffff,892f5a375dbffff,6240815386,475368843,6.882,0.735214,average_adult
892f5a37437ffff,892f5aadb6bffff,6240815386,472447041,17.4161,0.040622,average_adult
892f5a3743bffff,892f5a37093ffff,6475813119,3193716070,17.808,0.029348,average_adult
892f5a3743bffff,892f5a37403ffff,6475813119,10155662310,12.0641,0.340715,average_adult
892f5a3743bffff,892f5a37407ffff,6475813119,6743431386,8.9426,0.582666,average_adult
892f5a3743bffff,892f5a3740bffff,6475813119,7951554811,14.4376,0.179018,average_adult
892f5a3743bffff,892f5a3740fffff,6475813119,4506648481,9.6489,0.527562,average_adult
892f5a3743bffff,892f5a37417ffff,6475813119,475369115,14.6342,0.167332,average_adult
892f5a3743bffff,892f5a37423ffff,6475813119,475369332,9.2505,0.558731,average_adult
892f5a3743bffff,892f5a37427ffff,6475813119,7947429975,12.7445,0.29106,average_adult
892f5a3743bffff,892f5a3742bffff,6475813119,6475403603,10.9406,0.426397,average_adult
892f5a3743bffff,892f5a3742fffff,6475813119,2196826810,13.0584,0.268925,average_adult
892f5a3743bffff,892f5a37433ffff,6475813119,9775221793,8.4449,0.620928,average_adult
892f5a3743bffff,892f5a37437ffff,6475813119,6240815386,13.2891,0.253016,average_adult
892f5a3743bffff,892f5a3743bffff,6475813119,6475813119,0.661,0.997307,average_adult
892f5a3743bffff,892f5a37463ffff,6475813119,8371949497,19.7552,0.000369,average_adult
892f5a3743bffff,892f5a37467ffff,6475813119,1094679544,16.1953,0.086668,average_adult
892f5a3743bffff,892f5a37473ffff,6475813119,1093856535,16.9451,0.056469,average_adult
892f5a3743bffff,892f5a37477ffff,6475813119,10933634351,17.726,0.031561,average_adult
892f5a3743bffff,892f5a374a3ffff,6475813119,7942739530,18.5035,0.013752,average_adult
892f5a3743bffff,892f5a374a7ffff,6475813119,9791542150,19.3859,0.002324,average_adult
892f5a3743bffff,892f5a374abffff,6475813119,475369013,12.7155,0.293132,average_adult
892f5a3743bffff,892f5a374afffff,6475813119,475368981,13.6193,0.230807,average_adult
892f5a3743bffff,892f5a374bbffff,6475813119,1665929771,19.4747,0.001701,average_adult
892f5a3743bffff,892f5a3755bffff,6475813119,1097906786,18.9082,0.007335,average_adult
892f5a3743bffff,892f5a375cbffff,6475813119,2649421029,19.6855,0.00061,average_adult
892f5a3743bffff,892f5a375dbffff,6475813119,475368843,19.0263,0.005837,average_adult
892f5a37463ffff,892f5a37083ffff,8371949497,9605882522,16.896,0.058266,average_adult
892f5a37463ffff,892f5a37093ffff,8371949497,3193716070,16.9018,0.058053,average_adult
892f5a37463ffff,892f5a3709bffff,8371949497,1096527390,15.7517,0.107258,average_adult
892f5a37463ffff,892f5a37407ffff,8371949497,6743431386,19.9442,1.9e-05,average_adult
892f5a37463ffff,892f5a3740bffff,8371949497,7951554811,13.8356,0.216651,average_adult
892f5a37463ffff,892f5a3740fffff,8371949497,4506648481,12.7909,0.287761,average_adult
892f5a37463ffff,892f5a3742bffff,8371949497,6475403603,15.9158,0.099415,average_adult
892f5a37463ffff,892f5a37463ffff,8371949497,8371949497,0.507,0.998415,average_adult
892f5a37463ffff,892f5a37467ffff,8371949497,1094679544,8.9421,0.582704,average_adult
892f5a37463ffff,892f5a3746fffff,8371949497,7276074359,8.3533,0.627893,average_adult
892f5a37463ffff,892f5a37473ffff,8371949497,1093856535,8.5792,0.610668,average_adult
892f5a37463ffff,892f5a37477ffff,8371949497,10933634351,7.0419,0.724059,average_adult
892f5a37463ffff,892f5a3747bffff,8371949497,1093946899,9.6349,0.528656,average_adult
892f5a37467ffff,892f5a37083ffff,1094679544,9605882522,9.1062,0.569967,average_adult
892f5a37467ffff,892f5a37087ffff,1094679544,5109258744,16.6244,0.068658,average_adult
892f5a37467ffff,892f5a37093ffff,1094679544,3193716070,12.8193,0.285739,average_adult
892f5a37467ffff,892f5a37097ffff,1094679544,1097931942,15.3678,0.126623,average_adult
892f5a37467ffff,892f5a3709bffff,1094679544,1096527390,7.9242,0.660157,average_adult
892f5a37467ffff,892f5a3740bffff,1094679544,7951554811,16.2275,0.085249,average_adult
892f5a37467ffff,892f5a3740fffff,1094679544,4506648481,15.1828,0.136443,average_adult
892f5a37467ffff,892f5a37423ffff,1094679544,475369332,19.1214,0.004755,average_adult
892f5a37467ffff,892f5a3742bffff,1094679544,6475403603,11.8806,0.354439,average_adult
892f5a37467ffff,892f5a3742fffff,1094679544,2196826810,17.9815,0.024922,average_adult
892f5a37467ffff,892f5a3743bffff,1094679544,6475813119,17.5879,0.035463,average_adult
892f5a37467ffff,892f5a37463ffff,1094679544,8371949497,8.1666,0.642009,average_adult
892f5a37467ffff,892f5a37467ffff,1094679544,1094679544,1.0111,0.993707,average_adult
892f5a37467ffff,892f5a3746fffff,1094679544,7276074359,5.893,0.80065,average_adult
892f5a37467ffff,892f5a37473ffff,1094679544,1093856535,11.3246,0.396713,average_adult
892f5a37467ffff,892f5a37477ffff,1094679544,10933634351,7.9139,0.660928,average_adult
892f5a37467ffff,892f5a3747bffff,1094679544,1093946899,13.0769,0.267643,average_adult
892f5a3746fffff,892f5a37083ffff,7276074359,9605882522,13.0697,0.268141,average_adult
892f5a3746fffff,892f5a37093ffff,7276074359,3193716070,16.6209,0.068795,average_adult
892f5a3746fffff,892f5a37097ffff,7276074359,1097931942,19.3313,0.002756,average_adult
892f5a3746fffff,892f5a3709bffff,7276074359,1096527390,11.9255,0.35107,average_adult
892f5a3746fffff,892f5a3740bffff,7276074359,7951554811,17.7345,0.031328,average_adult
892f5a3746fffff,892f5a3740fffff,7276074359,4506648481,16.6897,0.066085,average_adult
892f5a3746fffff,892f5a3742bffff,7276074359,6475403603,15.635,0.112999,average_adult
892f5a3746fffff,892f5a37463ffff,7276074359,8371949497,6.8007,0.740828,average_adult
892f5a3746fffff,892f5a37467ffff,7276074359,1094679544,5.1159,0.84706,average_adult
892f5a3746fffff,892f5a3746fffff,7276074359,7276074359,4.3901,0.88575,average_adult
892f5a3746fffff,892f5a37473ffff,7276074359,1093856535,12.8316,0.28487,average_adult
892f5a3746fffff,892f5a37477ffff,7276074359,10933634351,10.7292,0.442854,average_adult
892f5a3746fffff,892f5a3747bffff,7276074359,1093946899,14.1773,0.19496,average_adult
892f5a37473ffff,892f5a37083ffff,1093856535,9605882522,18.1709,0.020495,average_adult
892f5a37473ffff,892f5a37093ffff,1093856535,3193716070,17.6222,0.034472,average_adult
892f5a37473ffff,892f5a3709bffff,1093856535,1096527390,17.6273,0.034328,average_adult
892f5a37473ffff,892f5a37403ffff,1093856535,10155662310,17.7399,0.031178,average_adult
892f5a37473ffff,892f5a37407ffff,1093856535,6743431386,15.9559,0.097535,average_adult
892f5a37473ffff,892f5a3740bffff,1093856535,7951554811,9.7502,0.519617,average_adult
892f5a37473ffff,892f5a3740fffff,1093856535,4506648481,8.8026,0.593489,average_adult
892f5a37473ffff,892f5a3742bffff,1093856535,6475403603,16.6363,0.068186,average_adult
892f5a37473ffff,892f5a3743bffff,1093856535,6475813119,18.7825,0.009116,average_adult
892f5a37473ffff,892f5a37463ffff,1093856535,8371949497,7.7345,0.674199,average_adult
892f5a37473ffff,892f5a37467ffff,1093856535,1094679544,10.7141,0.44403,average_adult
892f5a37473ffff,892f5a3746fffff,1093856535,7276074359,13.7222,0.224035,average_adult
892f5a37473ffff,892f5a37473ffff,1093856535,1093856535,0.8746,0.995289,average_adult
892f5a37473ffff,892f5a37477ffff,1093856535,10933634351,7.5392,0.688493,average_adult
892f5a37473ffff,892f5a3747bffff,1093856535,1093946899,6.7435,0.744753,average_adult
892f5a37477ffff,892f5a37083ffff,10933634351,9605882522,16.7857,0.06239,average_adult
892f5a37477ffff,892f5a37093ffff,10933634351,3193716070,16.0015,0.095423,average_adult
892f5a37477ffff,892f5a3709bffff,10933634351,1096527390,16.242,0.084615,average_adult
892f5a37477ffff,892f5a37407ffff,10933634351,6743431386,19.9188,4.1e-05,average_adult
892f5a37477ffff,892f5a3740bffff,10933634351,7951554811,13.8103,0.218293,average_adult
892f5a37477ffff,892f5a3740fffff,10933634351,4506648481,12.7655,0.289564,average_adult
892f5a37477ffff,892f5a3742bffff,10933634351,6475403603,14.8235,0.156382,average_adult
892f5a37477ffff,892f5a37463ffff,10933634351,8371949497,7.5259,0.689464,average_adult
892f5a37477ffff,892f5a37467ffff,10933634351,1094679544,9.3289,0.552613,average_adult
892f5a37477ffff,892f5a3746fffff,10933634351,7276074359,12.988,0.273848,average_adult
892f5a37477ffff,892f5a37473ffff,10933634351,1093856535,8.9074,0.585395,average_adult
892f5a37477ffff,892f5a37477ffff,10933634351,10933634351,1.9506,0.976713,average_adult
892f5a37477ffff,892f5a3747bffff,10933634351,1093946899,10.6596,0.448289,average_adult
892f5a3747bffff,892f5a3740bffff,1093946899,7951554811,15.1565,0.137863,average_adult
892f5a3747bffff,892f5a3740fffff,1093946899,4506648481,14.209,0.19299,average_adult
892f5a3747bffff,892f5a37463ffff,1093946899,8371949497,11.0011,0.421697,average_adult
892f5a3747bffff,892f5a37467ffff,1093946899,1094679544,14.6771,0.164827,average_adult
892f5a3747bffff,892f5a3746fffff,1093946899,7276074359,17.2685,0.045322,average_adult
892f5a3747bffff,892f5a37473ffff,1093946899,1093856535,8.8654,0.588639,average_adult
892f5a3747bffff,892f5a37477ffff,1093946899,10933634351,11.7253,0.366146,average_adult
892f5a3747bffff,892f5a3747bffff,1093946899,1093946899,0.7202,0.996804,average_adult
892f5a37487ffff,892f5a37417ffff,473169530,475369115,16.2563,0.083993,average_adult
892f5a37487ffff,892f5a37487ffff,473169530,473169530,3.0504,0.943693,average_adult
892f5a37487ffff,892f5a374a3ffff,473169530,7942739530,12.1751,0.332475,average_adult
892f5a37487ffff,892f5a374a7ffff,473169530,9791542150,15.2012,0.135454,average_adult
892f5a37487ffff,892f5a374abffff,473169530,475369013,15.0555,0.143376,average_adult
892f5a37487ffff,892f5a374afffff,473169530,475368981,16.5295,0.072476,average_adult
892f5a37487ffff,892f5a374b3ffff,473169530,11072417469,8.8,0.593687,average_adult
892f5a37487ffff,892f5a374b7ffff,473169530,4511333938,11.5114,0.382404,average_adult
892f5a37487ffff,892f5a374bbffff,473169530,1665929771,8.4049,0.623974,average_adult
892f5a37487ffff,892f5aadb43ffff,473169530,11065027594,17.6076,0.034893,average_adult
892f5a37487ffff,892f5aadb47ffff,473169530,11061297136,17.185,0.048091,average_adult
892f5a37487ffff,892f5aadb4bffff,473169530,473169537,8.1672,0.64197,average_adult
892f5a37487ffff,892f5aadb4fffff,473169530,4511333552,11.886,0.354033,average_adult
892f5a37487ffff,892f5aadb6bffff,473169530,472447041,18.3142,0.017429,average_adult
892f5a37487ffff,892f5aadb7bffff,473169530,5025536627,18.4391,0.014954,average_adult
892f5a374a3ffff,892f5a37403ffff,7942739530,10155662310,18.491,0.01398,average_adult
892f5a374a3ffff,892f5a37407ffff,7942739530,6743431386,16.3473,0.080069,average_adult
892f5a374a3ffff,892f5a37417ffff,7942739530,475369115,14.8696,0.153762,average_adult
892f5a374a3ffff,892f5a37423ffff,7942739530,475369332,19.7427,0.000408,average_adult
892f5a374a3ffff,892f5a37427ffff,7942739530,7947429975,19.0089,0.006047,average_adult
892f5a374a3ffff,892f5a37433ffff,7942739530,9775221793,11.8839,0.354193,average_adult
892f5a374a3ffff,892f5a37437ffff,7942739530,6240815386,12.4349,0.313392,average_adult
892f5a374a3ffff,892f5a3743bffff,7942739530,6475813119,19.3939,0.002265,average_adult
892f5a374a3ffff,892f5a37487ffff,7942739530,473169530,10.1605,0.487395,average_adult
892f5a374a3ffff,892f5a374a3ffff,7942739530,7942739530,0.5633,0.998044,average_adult
892f5a374a3ffff,892f5a374a7ffff,7942739530,9791542150,6.5559,0.757493,average_adult
892f5a374a3ffff,892f5a374abffff,7942739530,475369013,8.3475,0.628338,average_adult
892f5a374a3ffff,892f5a374afffff,7942739530,475368981,7.3047,0.705422,average_adult
892f5a374a3ffff,892f5a374b3ffff,7942739530,11072417469,8.7693,0.596055,average_adult
892f5a374a3ffff,892f5a374b7ffff,7942739530,4511333938,9.1647,0.565415,average_adult
892f5a374a3ffff,892f5a374bbffff,7942739530,1665929771,7.0374,0.724375,average_adult
892f5a374a3ffff,892f5a375c3ffff,7942739530,472447266,17.1597,0.048942,average_adult
892f5a374a3ffff,892f5a375cbffff,7942739530,2649421029,17.2531,0.045828,average_adult
892f5a374a3ffff,892f5a375d3ffff,7942739530,4717672327,16.4202,0.07699,average_adult
892f5a374a3ffff,892f5a375dbffff,7942739530,475368843,12.2469,0.327172,average_adult
892f5a374a3ffff,892f5aadb4bffff,7942739530,473169537,14.0748,0.201378,average_adult
892f5a374a3ffff,892f5aadb4fffff,7942739530,4511333552,12.1456,0.334655,average_adult
892f5a374a3ffff,892f5aadb6bffff,7942739530,472447041,13.7111,0.224757,average_adult
892f5a374a3ffff,892f5aadb6fffff,7942739530,5422306027,19.5327,0.001346,average_adult
892f5a374a3ffff,892f5aadb7bffff,7942739530,5025536627,17.0907,0.051308,average_adult
892f5a374a7ffff,892f5a37407ffff,9791542150,6743431386,17.5252,0.037307,average_adult
892f5a374a7ffff,892f5a37417ffff,9791542150,475369115,19.8898,7.5e-05,average_adult
892f5a374a7ffff,892f5a37423ffff,9791542150,475369332,19.779,0.000301,average_adult
892f5a374a7ffff,892f5a37427ffff,9791542150,7947429975,18.7932,0.008957,average_adult
892f5a374a7ffff,892f5a37433ffff,9791542150,9775221793,12.8426,0.28409,average_adult
892f5a374a7ffff,892f5a37437ffff,9791542150,6240815386,12.2192,0.329213,average_adult
892f5a374a7ffff,892f5a37487ffff,9791542150,473169530,14.5269,0.173671,average_adult
892f5a374a7ffff,892f5a374a3ffff,9791542150,7942739530,6.5203,0.75989,average_adult
892f5a374a7ffff,892f5a374a7ffff,9791542150,9791542150,0.0756,0.999965,average_adult
892f5a374a7ffff,892f5a374abffff,9791542150,475369013,11.8783,0.354609,average_adult
892f5a374a7ffff,892f5a374afffff,9791542150,475368981,6.7283,0.745799,average_adult
892f5a374a7ffff,892f5a374b3ffff,9791542150,11072417469,12.3535,0.319341,average_adult
892f5a374a7ffff,892f5a374b7ffff,9791542150,4511333938,6.8205,0.739468,average_adult
892f5a374a7ffff,892f5a374bbffff,9791542150,1665929771,12.9944,0.273399,average_adult
892f5a374a7ffff,892f5a375c3ffff,9791542150,472447266,10.6794,0.44674,average_adult
892f5a374a7ffff,892f5a375c7ffff,9791542150,1664033852,17.8957,0.027066,average_adult
892f5a374a7ffff,892f5a375cbffff,9791542150,2649421029,14.4241,0.179832,average_adult
892f5a374a7ffff,892f5a375cfffff,9791542150,472382799,18.7277,0.009952,average_adult
892f5a374a7ffff,892f5a375d3ffff,9791542150,4717672327,9.9398,0.504725,average_adult
892f5a374a7ffff,892f5a375d7ffff,9791542150,472447132,14.6305,0.167553,average_adult
892f5a374a7ffff,892f5a375dbffff,9791542150,475368843,8.1914,0.640145,average_adult
892f5a374a7ffff,892f5aadb47ffff,9791542150,11061297136,19.7644,0.000342,average_adult
892f5a374a7ffff,892f5aadb4bffff,9791542150,473169537,18.4412,0.014914,average_adult
892f5a374a7ffff,892f5aadb4fffff,9791542150,4511333552,15.0823,0.141903,average_adult
892f5a374a7ffff,892f5aadb6bffff,9791542150,472447041,8.0289,0.652349,average_adult
892f5a374a7ffff,892f5aadb6fffff,9791542150,5422306027,13.659,0.228183,average_adult
892f5a374a7ffff,892f5aadb73ffff,9791542150,4870614084,18.5129,0.01358,average_adult
892f5a374a7ffff,892f5aadb7bffff,9791542150,5025536627,13.4862,0.239673,average_adult
892f5a374abffff,892f5a37403ffff,475369013,10155662310,13.3548,0.248543,average_adult
892f5a374abffff,892f5a37407ffff,475369013,6743431386,9.9055,0.507425,average_adult
892f5a374abffff,892f5a3740bffff,475369013,7951554811,18.1557,0.020836,average_adult
892f5a374abffff,892f5a3740fffff,475369013,4506648481,16.2977,0.082194,average_adult
892f5a374abffff,892f5a37417ffff,475369013,475369115,9.7333,0.520937,average_adult
892f5a374abffff,892f5a37423ffff,475369013,475369332,16.4547,0.075548,average_adult
892f5a374abffff,892f5a37427ffff,475369013,7947429975,17.5034,0.037958,average_adult
892f5a374abffff,892f5a3742bffff,475369013,6475403603,18.7502,0.009604,average_adult
892f5a374abffff,892f5a37433ffff,475369013,9775221793,6.3019,0.774384,average_adult
892f5a374abffff,892f5a37437ffff,475369013,6240815386,10.9294,0.427263,average_adult
892f5a374abffff,892f5a3743bffff,475369013,6475813119,12.9796,0.274434,average_adult
892f5a374abffff,892f5a37487ffff,475369013,473169530,14.3105,0.186734,average_adult
892f5a374abffff,892f5a374a3ffff,475369013,7942739530,8.0035,0.654247,average_adult
892f5a374abffff,892f5a374a7ffff,475369013,9791542150,11.663,0.370866,average_adult
892f5a374abffff,892f5a374abffff,475369013,475369013,0.9178,0.994813,average_adult
892f5a374abffff,892f5a374afffff,475369013,475368981,5.8965,0.800433,average_adult
892f5a374abffff,892f5a374b3ffff,475369013,11072417469,15.8661,0.101762,average_adult
892f5a374abffff,892f5a374b7ffff,475369013,4511333938,16.2672,0.083516,average_adult
892f5a374abffff,892f5a374bbffff,475369013,1665929771,7.9129,0.661,average_adult
892f5a374abffff,892f5a375c3ffff,475369013,472447266,18.9883,0.0063,average_adult
892f5a374abffff,892f5a375cbffff,475369013,2649421029,16.7402,0.064128,average_adult
892f5a374abffff,892f5a375dbffff,475369013,475368843,12.6906,0.294918,average_adult
892f5a374abffff,892f5aadb4bffff,475369013,473169537,18.2248,0.019314,average_adult
892f5a374abffff,892f5aadb4fffff,475369013,4511333552,19.2424,0.003536,average_adult
892f5a374abffff,892f5aadb6bffff,475369013,472447041,19.6163,0.000908,average_adult
892f5a374afffff,892f5a37403ffff,475368981,10155662310,16.2459,0.084442,average_adult
892f5a374afffff,892f5a37407ffff,475368981,6743431386,10.9663,0.424402,average_adult
892f5a374afffff,892f5a3740bffff,475368981,7951554811,19.1672,0.004272,average_adult
892f5a374afffff,892f5a3740fffff,475368981,4506648481,17.3093,0.043999,average_adult
892f5a374afffff,892f5a37417ffff,475368981,475369115,14.1349,0.197602,average_adult
892f5a374afffff,892f5a37423ffff,475368981,475369332,13.8534,0.215501,average_adult
892f5a374afffff,892f5a37427ffff,475368981,7947429975,13.016,0.271887,average_adult
892f5a374afffff,892f5a3742bffff,475368981,6475403603,19.0576,0.005468,average_adult
892f5a374afffff,892f5a3742fffff,475368981,2196826810,19.5176,0.001435,average_adult
892f5a374afffff,892f5a37433ffff,475368981,9775221793,6.2836,0.775585,average_adult
892f5a374afffff,892f5a37437ffff,475368981,6240815386,6.442,0.765123,average_adult
892f5a374afffff,892f5a3743bffff,475368981,6475813119,13.9883,0.206854,average_adult
892f5a374afffff,892f5a37487ffff,475368981,473169530,14.7488,0.160669,average_adult
892f5a374afffff,892f5a374a3ffff,475368981,7942739530,7.1753,0.714644,average_adult
892f5a374afffff,892f5a374a7ffff,475368981,9791542150,5.9359,0.797949,average_adult
892f5a374afffff,892f5a374abffff,475368981,475369013,5.3194,0.835379,average_adult
892f5a374afffff,892f5a374afffff,475368981,475368981,0.1693,0.999823,average_adult
892f5a374afffff,892f5a374b3ffff,475368981,11072417469,15.2453,0.133087,average_adult
892f5a374afffff,892f5a374b7ffff,475368981,4511333938,12.6807,0.295622,average_adult
892f5a374afffff,892f5a374bbffff,475368981,1665929771,10.0261,0.497953,average_adult
892f5a374afffff,892f5a37553ffff,475368981,472382750,18.9353,0.006977,average_adult
892f5a374afffff,892f5a375c3ffff,475368981,472447266,13.2612,0.254923,average_adult
892f5a374afffff,892f5a375cbffff,475368981,2649421029,11.9585,0.348591,average_adult
892f5a374afffff,892f5a375cfffff,475368981,472382799,18.6147,0.011791,average_adult
892f5a374afffff,892f5a375d3ffff,475368981,4717672327,14.5888,0.170005,average_adult
892f5a374afffff,892f5a375d7ffff,475368981,472447132,19.2794,0.0032,average_adult
892f5a374afffff,892f5a375dbffff,475368981,475368843,7.0061,0.72657,average_adult
892f5a374afffff,892f5aadb4bffff,475368981,473169537,18.663,0.010985,average_adult
892f5a374afffff,892f5aadb4fffff,475368981,4511333552,18.6216,0.011674,average_adult
892f5a374afffff,892f5aadb6bffff,475368981,472447041,13.8892,0.213193,average_adult
892f5a374afffff,892f5aadb6fffff,475368981,5422306027,18.308,0.017556,average_adult
892f5a374afffff,892f5aadb7bffff,475368981,5025536627,19.3465,0.002632,average_adult
892f5a374b3ffff,892f5a37417ffff,11072417469,475369115,17.837,0.028584,average_adult
892f5a374b3ffff,892f5a37487ffff,11072417469,473169530,7.3172,0.704526,average_adult
892f5a374b3ffff,892f5a374a3ffff,11072417469,7942739530,8.9549,0.581715,average_adult
892f5a374b3ffff,892f5a374a7ffff,11072417469,9791542150,11.1043,0.413705,average_adult
892f5a374b3ffff,892f5a374abffff,11072417469,475369013,16.6132,0.069101,average_adult
892f5a374b3ffff,892f5a374afffff,11072417469,475368981,15.6775,0.110893,average_adult
892f5a374b3ffff,892f5a374b3ffff,11072417469,11072417469,0.4796,0.998582,average_adult
892f5a374b3ffff,892f5a374b7ffff,11072417469,4511333938,7.4146,0.697524,average_adult
892f5a374b3ffff,892f5a374bbffff,11072417469,1665929771,9.9856,0.50113,average_adult
892f5a374b3ffff,892f5a375d3ffff,11072417469,4717672327,19.0494,0.005564,average_adult
892f5a374b3ffff,892f5a375dbffff,11072417469,475368843,19.22,0.003748,average_adult
892f5a374b3ffff,892f5aadb43ffff,11072417469,11065027594,14.813,0.156982,average_adult
892f5a374b3ffff,892f5aadb47ffff,11072417469,11061297136,14.3904,0.18187,average_adult
892f5a374b3ffff,892f5aadb4bffff,11072417469,473169537,8.0922,0.647609,average_adult
892f5a374b3ffff,892f5aadb4fffff,11072417469,4511333552,7.7153,0.675609,average_adult
892f5a374b3ffff,892f5aadb57ffff,11072417469,4511339216,18.5901,0.012212,average_adult
892f5a374b3ffff,892f5aadb6bffff,11072417469,472447041,14.2173,0.192474,average_adult
892f5a374b3ffff,892f5aadb73ffff,11072417469,4870614084,19.6946,0.000575,average_adult
892f5a374b3ffff,892f5aadb7bffff,11072417469,5025536627,14.668,0.165359,average_adult
892f5a374b7ffff,892f5a37417ffff,4511333938,475369115,19.7423,0.000409,average_adult
892f5a374b7ffff,892f5a37433ffff,4511333938,9775221793,18.4803,0.014179,average_adult
892f5a374b7ffff,892f5a37437ffff,4511333938,6240815386,18.1489,0.020989,average_adult
892f5a374b7ffff,892f5a37487ffff,4511333938,473169530,10.3467,0.472785,average_adult
892f5a374b7ffff,892f5a374a3ffff,4511333938,7942739530,8.5826,0.610405,average_adult
892f5a374b7ffff,892f5a374a7ffff,4511333938,9791542150,6.0053,0.793555,average_adult
892f5a374b7ffff,892f5a374abffff,4511333938,475369013,15.7046,0.109561,average_adult
892f5a374b7ffff,892f5a374afffff,4511333938,475368981,12.6579,0.297258,average_adult
892f5a374b7ffff,892f5a374b3ffff,4511333938,11072417469,8.1732,0.641514,average_adult
892f5a374b7ffff,892f5a374b7ffff,4511333938,4511333938,0.3588,0.999206,average_adult
892f5a374b7ffff,892f5a374bbffff,4511333938,1665929771,11.891,0.353659,average_adult
892f5a374b7ffff,892f5a375c3ffff,4511333938,472447266,16.6091,0.069266,average_adult
892f5a374b7ffff,892f5a375d3ffff,4511333938,4717672327,13.9505,0.209264,average_adult
892f5a374b7ffff,892f5a375d7ffff,4511333938,472447132,17.3587,0.042422,average_adult
892f5a374b7ffff,892f5a375dbffff,4511333938,475368843,14.1211,0.198468,average_adult
892f5a374b7ffff,892f5aadb43ffff,4511333938,11065027594,18.785,0.009078,average_adult
892f5a374b7ffff,892f5aadb47ffff,4511333938,11061297136,15.7042,0.109579,average_adult
892f5a374b7ffff,892f5aadb4bffff,4511333938,473169537,13.6519,0.228653,average_adult
892f5a374b7ffff,892f5aadb4fffff,4511333938,4511333552,8.8848,0.587139,average_adult
892f5a374b7ffff,892f5aadb6bffff,4511333938,472447041,8.8079,0.593081,average_adult
892f5a374b7ffff,892f5aadb6fffff,4511333938,5422306027,15.0532,0.143504,average_adult
892f5a374b7ffff,892f5aadb73ffff,4511333938,4870614084,15.914,0.099497,average_adult
892f5a374b7ffff,892f5aadb7bffff,4511333938,5025536627,10.8874,0.43053,average_adult
892f5a374bbffff,892f5a37403ffff,1665929771,10155662310,15.1873,0.136197,average_adult
892f5a374bbffff,892f5a37407ffff,1665929771,6743431386,14.5225,0.173937,average_adult
892f5a374bbffff,892f5a37417ffff,1665929771,475369115,8.5661,0.611671,average_adult
892f5a374bbffff,892f5a37433ffff,1665929771,9775221793,14.2018,0.193434,average_adult
892f5a374bbffff,892f5a37437ffff,1665929771,6240815386,16.4855,0.074277,average_adult
892f5a374bbffff,892f5a37487ffff,1665929771,473169530,8.6224,0.607354,average_adult
892f5a374bbffff,892f5a374a3ffff,1665929771,7942739530,8.1884,0.640367,average_adult
892f5a374bbffff,892f5a374a7ffff,1665929771,9791542150,13.9176,0.211367,average_adult
892f5a374bbffff,892f5a374abffff,1665929771,475369013,8.8754,0.587864,average_adult
892f5a374bbffff,892f5a374afffff,1665929771,475368981,11.4525,0.386907,average_adult
892f5a374bbffff,892f5a374b3ffff,1665929771,11072417469,11.686,0.369125,average_adult
892f5a374bbffff,892f5a374b7ffff,1665929771,4511333938,12.3467,0.319835,average_adult
892f5a374bbffff,892f5a374bbffff,1665929771,1665929771,0.7147,0.996853,average_adult
892f5a374bbffff,892f5a375dbffff,1665929771,475368843,18.0061,0.024324,average_adult
892f5a374bbffff,892f5aadb4bffff,1665929771,473169537,12.5367,0.306002,average_adult
892f5a374bbffff,892f5aadb4fffff,1665929771,4511333552,15.1985,0.135598,average_adult
892f5a374bbffff,892f5aadb6bffff,1665929771,472447041,19.1495,0.004456,average_adult
892f5a37503ffff,892f5a37503ffff,6237227412,6237227412,0.7014,0.996968,average_adult
892f5a37503ffff,892f5a37507ffff,6237227412,9933084480,6.0048,0.79359,average_adult
892f5a37503ffff,892f5a3750bffff,6237227412,4716326321,8.8578,0.589225,average_adult
892f5a37503ffff,892f5a3750fffff,6237227412,472360248,5.5918,0.81921,average_adult
892f5a37503ffff,892f5a37513ffff,6237227412,11538316379,8.8749,0.587907,average_adult
892f5a37503ffff,892f5a37517ffff,6237227412,6283520292,9.0514,0.574224,average_adult
892f5a37503ffff,892f5a3751bffff,6237227412,4716623608,9.961,0.503065,average_adult
892f5a37503ffff,892f5a3752bffff,6237227412,472360457,17.3091,0.044005,average_adult
892f5a37503ffff,892f5a3752fffff,6237227412,10293242124,19.235,0.003606,average_adult
892f5a37503ffff,892f5a37533ffff,6237227412,9954179094,12.0273,0.343452,average_adult
892f5a37503ffff,892f5a37537ffff,6237227412,5495728727,16.0089,0.095082,average_adult
892f5a37503ffff,892f5a3753bffff,6237227412,1094547495,12.4304,0.313719,average_adult
892f5a37503ffff,892f5a37543ffff,6237227412,1097906783,18.0771,0.022635,average_adult
892f5a37503ffff,892f5a37547ffff,6237227412,7966410040,13.0344,0.270598,average_adult
892f5a37503ffff,892f5a3754fffff,6237227412,8908901051,18.5345,0.013189,average_adult
892f5a37503ffff,892f5a37557ffff,6237227412,2704049830,13.9638,0.208414,average_adult
892f5a37503ffff,892f5a37563ffff,6237227412,6326922164,14.3139,0.186526,average_adult
892f5a37503ffff,892f5a37567ffff,6237227412,2865895571,18.3028,0.017662,average_adult
892f5a37503ffff,892f5a3756bffff,6237227412,1127244318,18.6161,0.011767,average_adult
892f5a37503ffff,892f5a37573ffff,6237227412,472382641,9.3669,0.549642,average_adult
892f5a37503ffff,892f5a37577ffff,6237227412,1706684673,12.4486,0.312395,average_adult
892f5a37503ffff,892f5a3757bffff,6237227412,1135821090,14.666,0.165472,average_adult
892f5a37503ffff,892f5a37587ffff,6237227412,475770391,18.2512,0.018746,average_adult
892f5a37503ffff,892f5a3758bffff,6237227412,6281439102,17.1997,0.047597,average_adult
892f5a37503ffff,892f5a3758fffff,6237227412,13736742284,12.6708,0.296336,average_adult
892f5a37503ffff,892f5a375abffff,6237227412,582802728,11.5342,0.380664,average_adult
892f5a37503ffff,892f5a375afffff,6237227412,5506743143,16.8276,0.060808,average_adult
892f5a37503ffff,892f5a375bbffff,6237227412,472359980,15.403,0.124791,average_adult
892f5a37503ffff,892f5a375c3ffff,6237227412,472447266,18.306,0.017596,average_adult
892f5a37503ffff,892f5a375c7ffff,6237227412,1664033852,11.7891,0.361324,average_adult
892f5a37503ffff,892f5a375cfffff,6237227412,472382799,15.9975,0.095606,average_adult
892f5a37503ffff,892f5a375d7ffff,6237227412,472447132,17.9935,0.02463,average_adult
892f5a37507ffff,892f5a362cbffff,9933084480,472359869,16.4939,0.073929,average_adult
892f5a37507ffff,892f5a362dbffff,9933084480,471978558,17.4855,0.038498,average_adult
892f5a37507ffff,892f5a37503ffff,9933084480,6237227412,7.5561,0.687267,average_adult
892f5a37507ffff,892f5a37507ffff,9933084480,9933084480,0.4724,0.998624,average_adult
892f5a37507ffff,892f5a3750bffff,9933084480,4716326321,13.5225,0.237246,average_adult
892f5a37507ffff,892f5a3750fffff,9933084480,472360248,7.5292,0.689221,average_adult
892f5a37507ffff,892f5a37513ffff,9933084480,11538316379,11.8791,0.354549,average_adult
892f5a37507ffff,892f5a37517ffff,9933084480,6283520292,8.3744,0.626295,average_adult
892f5a37507ffff,892f5a3751bffff,9933084480,4716623608,15.3094,0.12969,average_adult
892f5a37507ffff,892f5a37527ffff,9933084480,9602267747,19.3589,0.002533,average_adult
892f5a37507ffff,892f5a3752bffff,9933084480,472360457,15.1168,0.14002,average_adult
892f5a37507ffff,892f5a3752fffff,9933084480,10293242124,16.8894,0.058506,average_adult
892f5a37507ffff,892f5a37533ffff,9933084480,9954179094,6.5074,0.760751,average_adult
892f5a37507ffff,892f5a37537ffff,9933084480,5495728727,10.4765,0.462609,average_adult
892f5a37507ffff,892f5a3753bffff,9933084480,1094547495,8.3606,0.627341,average_adult
892f5a37507ffff,892f5a37547ffff,9933084480,7966410040,17.0367,0.053195,average_adult
892f5a37507ffff,892f5a37557ffff,9933084480,2704049830,17.8664,0.02782,average_adult
892f5a37507ffff,892f5a37563ffff,9933084480,6326922164,17.9476,0.025761,average_adult
892f5a37507ffff,892f5a37567ffff,9933084480,2865895571,18.3379,0.016945,average_adult
892f5a37507ffff,892f5a37573ffff,9933084480,472382641,13.1776,0.260666,average_adult
892f5a37507ffff,892f5a37577ffff,9933084480,1706684673,12.4836,0.309849,average_adult
892f5a37507ffff,892f5a3757bffff,9933084480,1135821090,18.4767,0.014245,average_adult
892f5a37507ffff,892f5a3758fffff,9933084480,13736742284,15.1803,0.136579,average_adult
892f5a37507ffff,892f5a375a3ffff,9933084480,9954223273,19.231,0.003644,average_adult
892f5a37507ffff,892f5a375a7ffff,9933084480,2327217335,17.1926,0.047835,average_adult
892f5a37507ffff,892f5a375abffff,9933084480,582802728,6.5318,0.759116,average_adult
892f5a37507ffff,892f5a375afffff,9933084480,5506743143,11.3383,0.395664,average_adult
892f5a37507ffff,892f5a375bbffff,9933084480,472359980,13.5662,0.234333,average_adult
892f5a37507ffff,892f5a375c7ffff,9933084480,1664033852,17.1375,0.049697,average_adult
892f5a3750bffff,892f5a370b3ffff,4716326321,5091968417,15.2023,0.135394,average_adult
892f5a3750bffff,892f5a370b7ffff,4716326321,1135820964,18.7026,0.010347,average_adult
892f5a3750bffff,892f5a37427ffff,4716326321,7947429975,19.9983,0.0,average_adult
892f5a3750bffff,892f5a37437ffff,4716326321,6240815386,18.2416,0.018953,average_adult
892f5a3750bffff,892f5a37503ffff,4716326321,6237227412,9.8532,0.511532,average_adult
892f5a3750bffff,892f5a37507ffff,4716326321,9933084480,13.8915,0.213044,average_adult
892f5a3750bffff,892f5a3750bffff,4716326321,4716326321,0.9928,0.993932,average_adult
892f5a3750bffff,892f5a3750fffff,4716326321,472360248,7.9541,0.657936,average_adult
892f5a3750bffff,892f5a37513ffff,4716326321,11538316379,13.588,0.232884,average_adult
892f5a3750bffff,892f5a37517ffff,4716326321,6283520292,17.557,0.036366,average_adult
892f5a3750bffff,892f5a3751bffff,4716326321,4716623608,8.0911,0.647687,average_adult
892f5a3750bffff,892f5a3752bffff,4716326321,472360457,17.7368,0.031265,average_adult
892f5a3750bffff,892f5a3752fffff,4716326321,10293242124,19.9844,2e-06,average_adult
892f5a3750bffff,892f5a37533ffff,4716326321,9954179094,19.9265,3.3e-05,average_adult
892f5a3750bffff,892f5a3753bffff,4716326321,1094547495,14.1793,0.194835,average_adult
892f5a3750bffff,892f5a37543ffff,4716326321,1097906783,10.5362,0.457936,average_adult
892f5a3750bffff,892f5a37547ffff,4716326321,7966410040,5.5932,0.819125,average_adult
892f5a3750bffff,892f5a3754bffff,4716326321,1097906906,15.6966,0.109954,average_adult
892f5a3750bffff,892f5a3754fffff,4716326321,8908901051,11.0933,0.414557,average_adult
892f5a3750bffff,892f5a37553ffff,4716326321,472382750,13.0535,0.269271,average_adult
892f5a3750bffff,892f5a37557ffff,4716326321,2704049830,6.4228,0.766398,average_adult
892f5a3750bffff,892f5a3755bffff,4716326321,1097906786,18.0186,0.024023,average_adult
892f5a3750bffff,892f5a37563ffff,4716326321,6326922164,13.7124,0.224675,average_adult
892f5a3750bffff,892f5a37567ffff,4716326321,2865895571,18.0034,0.024388,average_adult
892f5a3750bffff,892f5a3756bffff,4716326321,1127244318,17.0982,0.051047,average_adult
892f5a3750bffff,892f5a3756fffff,4716326321,1127244105,19.5706,0.001137,average_adult
892f5a3750bffff,892f5a37573ffff,4716326321,472382641,7.5791,0.685591,average_adult
892f5a3750bffff,892f5a37577ffff,4716326321,1706684673,12.1492,0.334392,average_adult
892f5a3750bffff,892f5a3757bffff,4716326321,1135821090,12.2502,0.326927,average_adult
892f5a3750bffff,892f5a375abffff,4716326321,582802728,19.9509,1.5e-05,average_adult
892f5a3750bffff,892f5a375c3ffff,4716326321,472447266,17.5858,0.035523,average_adult
892f5a3750bffff,892f5a375c7ffff,4716326321,1664033852,14.8314,0.155931,average_adult
892f5a3750bffff,892f5a375cbffff,4716326321,2649421029,15.1,0.140934,average_adult
892f5a3750bffff,892f5a375cfffff,4716326321,472382799,11.825,0.358619,average_adult
892f5a3750fffff,892f5a3625bffff,472360248,764851982,19.319,0.002858,average_adult
892f5a3750fffff,892f5a37193ffff,472360248,7865126998,18.8051,0.008781,average_adult
892f5a3750fffff,892f5a3719bffff,472360248,1942852587,18.8779,0.007746,average_adult
892f5a3750fffff,892f5a37503ffff,472360248,6237227412,6.8509,0.737369,average_adult
892f5a3750fffff,892f5a37507ffff,472360248,9933084480,8.0277,0.652441,average_adult
892f5a3750fffff,892f5a3750bffff,472360248,4716326321,7.6738,0.678658,average_adult
892f5a3750fffff,892f5a3750fffff,472360248,472360248,0.7986,0.996071,average_adult
892f5a3750fffff,892f5a37513ffff,472360248,11538316379,14.7393,0.16122,average_adult
892f5a3750fffff,892f5a37517ffff,472360248,6283520292,14.6255,0.167845,average_adult
892f5a3750fffff,892f5a3751bffff,472360248,4716623608,13.9358,0.210205,average_adult
892f5a3750fffff,892f5a37527ffff,472360248,9602267747,19.8294,0.000179,average_adult
892f5a3750fffff,892f5a3752bffff,472360248,472360457,12.516,0.3075,average_adult
892f5a3750fffff,892f5a3752fffff,472360248,10293242124,14.4419,0.178762,average_adult
892f5a3750fffff,892f5a37533ffff,472360248,9954179094,13.2873,0.253136,average_adult
892f5a3750fffff,892f5a37537ffff,472360248,5495728727,16.534,0.072293,average_adult
892f5a3750fffff,892f5a3753bffff,472360248,1094547495,8.5576,0.612315,average_adult
892f5a3750fffff,892f5a37543ffff,472360248,1097906783,15.9274,0.09887,average_adult
892f5a3750fffff,892f5a37547ffff,472360248,7966410040,10.9844,0.422996,average_adult
892f5a3750fffff,892f5a3754fffff,472360248,8908901051,16.4844,0.07432,average_adult
892f5a3750fffff,892f5a37553ffff,472360248,472382750,18.4447,0.014848,average_adult
892f5a3750fffff,892f5a37557ffff,472360248,2704049830,11.814,0.359448,average_adult
892f5a3750fffff,892f5a37563ffff,472360248,6326922164,11.217,0.404999,average_adult
892f5a3750fffff,892f5a37567ffff,472360248,2865895571,13.5097,0.2381,average_adult
892f5a3750fffff,892f5a3756bffff,472360248,1127244318,15.5432,0.1176,average_adult
892f5a3750fffff,892f5a3756fffff,472360248,1127244105,17.1167,0.050412,average_adult
892f5a3750fffff,892f5a37573ffff,472360248,472382641,6.5159,0.760181,average_adult
892f5a3750fffff,892f5a37577ffff,472360248,1706684673,7.6555,0.680005,average_adult
892f5a3750fffff,892f5a3757bffff,472360248,1135821090,11.8151,0.359367,average_adult
892f5a3750fffff,892f5a3758fffff,472360248,13736742284,18.4827,0.014134,average_adult
892f5a3750fffff,892f5a375abffff,472360248,582802728,12.869,0.282221,average_adult
892f5a3750fffff,892f5a375afffff,472360248,5506743143,17.4234,0.040396,average_adult
892f5a3750fffff,892f5a375c7ffff,472360248,1664033852,17.7625,0.030566,average_adult
892f5a3750fffff,892f5a375cfffff,472360248,472382799,17.4622,0.039206,average_adult
892f5a37513ffff,892f5a37503ffff,11538316379,6237227412,8.3242,0.630101,average_adult
892f5a37513ffff,892f5a37507ffff,11538316379,9933084480,11.0829,0.415359,average_adult
892f5a37513ffff,892f5a3750bffff,11538316379,4716326321,12.8134,0.286157,average_adult
892f5a37513ffff,892f5a3750fffff,11538316379,472360248,13.097,0.266244,average_adult
892f5a37513ffff,892f5a37513ffff,11538316379,11538316379,0.0309,0.999994,average_adult
892f5a37513ffff,892f5a37517ffff,11538316379,6283520292,7.2949,0.706125,average_adult
892f5a37513ffff,892f5a3751bffff,11538316379,4716623608,7.9375,0.659173,average_adult
892f5a37513ffff,892f5a37533ffff,11538316379,9954179094,16.2883,0.082601,average_adult
892f5a37513ffff,892f5a37537ffff,11538316379,5495728727,18.6609,0.011021,average_adult
892f5a37513ffff,892f5a3753bffff,11538316379,1094547495,18.302,0.017679,average_adult
892f5a37513ffff,892f5a37543ffff,11538316379,1097906783,18.6188,0.011721,average_adult
892f5a37513ffff,892f5a37547ffff,11538316379,7966410040,17.2503,0.045918,average_adult
892f5a37513ffff,892f5a37553ffff,11538316379,472382750,19.1828,0.004114,average_adult
892f5a37513ffff,892f5a37557ffff,11538316379,2704049830,14.4049,0.180993,average_adult
892f5a37513ffff,892f5a37573ffff,11538316379,472382641,16.928,0.057093,average_adult
892f5a37513ffff,892f5a37577ffff,11538316379,1706684673,19.9538,1.3e-05,average_adult
892f5a37513ffff,892f5a37583ffff,11538316379,1813858066,13.8439,0.216112,average_adult
892f5a37513ffff,892f5a37587ffff,11538316379,475770391,15.7067,0.109455,average_adult
892f5a37513ffff,892f5a3758bffff,11538316379,6281439102,9.2981,0.555019,average_adult
892f5a37513ffff,892f5a3758fffff,11538316379,13736742284,7.6795,0.678244,average_adult
892f5a37513ffff,892f5a3759bffff,11538316379,255995938,15.8714,0.10151,average_adult
892f5a37513ffff,892f5a375abffff,11538316379,582802728,12.2031,0.330403,average_adult
892f5a37513ffff,892f5a375afffff,11538316379,5506743143,16.6086,0.069284,average_adult
892f5a37513ffff,892f5a375bbffff,11538316379,472359980,14.211,0.192865,average_adult
892f5a37513ffff,892f5a375c3ffff,11538316379,472447266,13.7269,0.223723,average_adult
892f5a37513ffff,892f5a375c7ffff,11538316379,1664033852,7.202,0.712748,average_adult
892f5a37513ffff,892f5a375cbffff,11538316379,2649421029,17.5511,0.036539,average_adult
892f5a37513ffff,892f5a375cfffff,11538316379,472382799,11.7171,0.366766,average_adult
892f5a37513ffff,892f5a375d3ffff,11538316379,4717672327,16.9134,0.057625,average_adult
892f5a37513ffff,892f5a375d7ffff,11538316379,472447132,11.6779,0.369742,average_adult
892f5a37513ffff,892f5aadb6bffff,11538316379,472447041,19.5739,0.00112,average_adult
892f5a37513ffff,892f5aadb6fffff,11538316379,5422306027,15.5225,0.118652,average_adult
892f5a37517ffff,892f5a362cbffff,6283520292,472359869,18.5767,0.012443,average_adult
892f5a37517ffff,892f5a362dbffff,6283520292,471978558,18.7739,0.009245,average_adult
892f5a37517ffff,892f5a3664bffff,6283520292,8364977378,19.9713,5e-06,average_adult
892f5a37517ffff,892f5a37503ffff,6283520292,6237227412,7.8401,0.666403,average_adult
892f5a37517ffff,892f5a37507ffff,6283520292,9933084480,6.4836,0.762347,average_adult
892f5a37517ffff,892f5a3750bffff,6283520292,4716326321,15.2468,0.13301,average_adult
892f5a37517ffff,892f5a3750fffff,6283520292,472360248,12.5367,0.306,average_adult
892f5a37517ffff,892f5a37513ffff,6283520292,11538316379,5.5135,0.823919,average_adult
892f5a37517ffff,892f5a37517ffff,6283520292,6283520292,0.2188,0.999705,average_adult
892f5a37517ffff,892f5a3751bffff,6283520292,4716623608,12.7928,0.28762,average_adult
892f5a37517ffff,892f5a37533ffff,6283520292,9954179094,10.3534,0.472258,average_adult
892f5a37517ffff,892f5a37537ffff,6283520292,5495728727,12.726,0.292386,average_adult
892f5a37517ffff,892f5a3753bffff,6283520292,1094547495,13.9673,0.208186,average_adult
892f5a37517ffff,892f5a37547ffff,6283520292,7966410040,19.7347,0.000434,average_adult
892f5a37517ffff,892f5a37557ffff,6283520292,2704049830,19.2603,0.003372,average_adult
892f5a37517ffff,892f5a37573ffff,6283520292,472382641,16.391,0.078216,average_adult
892f5a37517ffff,892f5a37577ffff,6283520292,1706684673,18.0904,0.022327,average_adult
892f5a37517ffff,892f5a37583ffff,6283520292,1813858066,18.1702,0.020511,average_adult
892f5a37517ffff,892f5a37587ffff,6283520292,475770391,12.4282,0.313884,average_adult
892f5a37517ffff,892f5a3758bffff,6283520292,6281439102,13.9864,0.206972,average_adult
892f5a37517ffff,892f5a3758fffff,6283520292,13736742284,8.8146,0.592563,average_adult
892f5a37517ffff,892f5a37597ffff,6283520292,13140663722,19.1566,0.004381,average_adult
892f5a37517ffff,892f5a375a7ffff,6283520292,2327217335,16.2466,0.084413,average_adult
892f5a37517ffff,892f5a375abffff,6283520292,582802728,5.7236,0.811174,average_adult
892f5a37517ffff,892f5a375afffff,6283520292,5506743143,10.5787,0.454612,average_adult
892f5a37517ffff,892f5a375b3ffff,6283520292,475758058,16.4679,0.075004,average_adult
892f5a37517ffff,892f5a375bbffff,6283520292,472359980,7.9102,0.661201,average_adult
892f5a37517ffff,892f5a375c3ffff,6283520292,472447266,18.4294,0.015139,average_adult
892f5a37517ffff,892f5a375c7ffff,6283520292,1664033852,11.9045,0.352645,average_adult
892f5a37517ffff,892f5a375cfffff,6283520292,472382799,16.4384,0.076226,average_adult
892f5a37517ffff,892f5a375d7ffff,6283520292,472447132,16.3662,0.079264,average_adult
892f5a3751bffff,892f5a37427ffff,4716623608,7947429975,19.2951,0.003062,average_adult
892f5a3751bffff,892f5a37437ffff,4716623608,6240815386,17.5383,0.036916,average_adult
892f5a3751bffff,892f5a37503ffff,4716623608,6237227412,11.2922,0.399204,average_adult
892f5a3751bffff,892f5a37507ffff,4716623608,9933084480,14.6585,0.165914,average_adult
892f5a3751bffff,892f5a3750bffff,4716623608,4716326321,6.8788,0.735434,average_adult
892f5a3751bffff,892f5a3750fffff,4716623608,472360248,13.84,0.216363,average_adult
892f5a3751bffff,892f5a37513ffff,4716623608,11538316379,8.5458,0.613219,average_adult
892f5a3751bffff,892f5a37517ffff,4716623608,6283520292,15.1822,0.136477,average_adult
892f5a3751bffff,892f5a3751bffff,4716623608,4716623608,0.3625,0.99919,average_adult
892f5a3751bffff,892f5a37543ffff,4716623608,1097906783,11.4454,0.387448,average_adult
892f5a3751bffff,892f5a37547ffff,4716623608,7966410040,10.5607,0.45602,average_adult
892f5a3751bffff,892f5a3754bffff,4716623608,1097906906,15.9093,0.099718,average_adult
892f5a3751bffff,892f5a3754fffff,4716623608,8908901051,16.0608,0.092704,average_adult
892f5a3751bffff,892f5a37553ffff,4716623608,472382750,12.3992,0.315998,average_adult
892f5a3751bffff,892f5a37557ffff,4716623608,2704049830,7.2315,0.710649,average_adult
892f5a3751bffff,892f5a3755bffff,4716623608,1097906786,17.6059,0.034941,average_adult
892f5a3751bffff,892f5a37563ffff,4716623608,6326922164,19.3984,0.002231,average_adult
892f5a3751bffff,892f5a37573ffff,4716623608,472382641,12.869,0.282222,average_adult
892f5a3751bffff,892f5a37577ffff,4716623608,1706684673,17.8769,0.027549,average_adult
892f5a3751bffff,892f5a3757bffff,4716623608,1135821090,17.2177,0.046996,average_adult
892f5a3751bffff,892f5a3758bffff,4716623608,6281439102,16.2681,0.083477,average_adult
892f5a3751bffff,892f5a3758fffff,4716623608,13736742284,15.5239,0.118581,average_adult
892f5a3751bffff,892f5a375abffff,4716623608,582802728,19.9447,1.9e-05,average_adult
892f5a3751bffff,892f5a375c3ffff,4716623608,472447266,10.0912,0.492834,average_adult
892f5a3751bffff,892f5a375c7ffff,4716623608,1664033852,7.6546,0.68007,average_adult
892f5a3751bffff,892f5a375cbffff,4716623608,2649421029,13.4589,0.241511,average_adult
892f5a3751bffff,892f5a375cfffff,4716623608,472382799,7.1497,0.716457,average_adult
892f5a3751bffff,892f5a375d3ffff,4716623608,4717672327,18.5385,0.013119,average_adult
892f5a3751bffff,892f5a375d7ffff,4716623608,472447132,15.0314,0.144708,average_adult
892f5a3751bffff,892f5a375dbffff,4716623608,475368843,18.0633,0.022959,average_adult
892f5a37523ffff,892f5a37523ffff,1947574787,1947574787,0.0393,0.99999,average_adult
892f5a37527ffff,892f5a3621bffff,9602267747,7878186387,16.7834,0.062475,average_adult
892f5a37527ffff,892f5a36243ffff,9602267747,822683298,13.9847,0.207079,average_adult
892f5a37527ffff,892f5a36247ffff,9602267747,1942852414,17.3917,0.041381,average_adult
892f5a37527ffff,892f5a3624bffff,9602267747,1107512343,16.7861,0.062374,average_adult
892f5a37527ffff,892f5a3624fffff,9602267747,1800595808,18.4375,0.014984,average_adult
892f5a37527ffff,892f5a36253ffff,9602267747,11512438978,6.1869,0.781893,average_adult
892f5a37527ffff,892f5a36257ffff,9602267747,563748914,12.6002,0.301408,average_adult
892f5a37527ffff,892f5a3625bffff,9602267747,764851982,9.3446,0.551385,average_adult
892f5a37527ffff,892f5a362c3ffff,9602267747,7946433661,16.0962,0.091095,average_adult
892f5a37527ffff,892f5a362c7ffff,9602267747,896901457,17.2714,0.045226,average_adult
892f5a37527ffff,892f5a362cbffff,9602267747,472359869,7.3629,0.701248,average_adult
892f5a37527ffff,892f5a362cfffff,9602267747,2095799546,10.7649,0.44007,average_adult
892f5a37527ffff,892f5a362d3ffff,9602267747,471978645,19.6889,0.000597,average_adult
892f5a37527ffff,892f5a362dbffff,9602267747,471978558,14.3802,0.182489,average_adult
892f5a37527ffff,892f5a37183ffff,9602267747,771032173,18.7036,0.010331,average_adult
892f5a37527ffff,892f5a37187ffff,9602267747,798894742,18.2699,0.018351,average_adult
892f5a37527ffff,892f5a37193ffff,9602267747,7865126998,13.6493,0.228823,average_adult
892f5a37527ffff,892f5a37197ffff,9602267747,839607167,14.6494,0.166444,average_adult
892f5a37527ffff,892f5a3719bffff,9602267747,1942852587,19.3183,0.002864,average_adult
892f5a37527ffff,892f5a37527ffff,9602267747,9602267747,0.5518,0.998123,average_adult
892f5a37527ffff,892f5a3752bffff,9602267747,472360457,13.5209,0.237355,average_adult
892f5a37527ffff,892f5a3752fffff,9602267747,10293242124,7.8346,0.666812,average_adult
892f5a37527ffff,892f5a37533ffff,9602267747,9954179094,17.7231,0.03164,average_adult
892f5a37527ffff,892f5a37537ffff,9602267747,5495728727,12.1031,0.337811,average_adult
892f5a37527ffff,892f5a3753bffff,9602267747,1094547495,17.9639,0.025355,average_adult
892f5a37527ffff,892f5a37567ffff,9602267747,2865895571,19.7799,0.000299,average_adult
892f5a37527ffff,892f5a375a7ffff,9602267747,2327217335,19.2515,0.003452,average_adult
892f5a37527ffff,892f5a375afffff,9602267747,5506743143,17.915,0.026576,average_adult
892f5a3752bffff,892f5a3624bffff,472360457,1107512343,19.7242,0.000469,average_adult
892f5a3752bffff,892f5a36253ffff,472360457,11512438978,16.7677,0.063075,average_adult
892f5a3752bffff,892f5a3625bffff,472360457,764851982,13.2865,0.253195,average_adult
892f5a3752bffff,892f5a362cbffff,472360457,472359869,19.2996,0.003023,average_adult
892f5a3752bffff,892f5a37183ffff,472360457,771032173,13.6086,0.231518,average_adult
892f5a3752bffff,892f5a37187ffff,472360457,798894742,17.7897,0.029833,average_adult
892f5a3752bffff,892f5a3718bffff,472360457,666930532,18.1071,0.021939,average_adult
892f5a3752bffff,892f5a37193ffff,472360457,7865126998,8.4094,0.623627,average_adult
892f5a3752bffff,892f5a37197ffff,472360457,839607167,14.814,0.156924,average_adult
892f5a3752bffff,892f5a3719bffff,472360457,1942852587,11.3858,0.392021,average_adult
892f5a3752bffff,892f5a371d7ffff,472360457,1127244247,18.3894,0.015916,average_adult
892f5a3752bffff,892f5a37507ffff,472360457,9933084480,17.3134,0.043867,average_adult
892f5a3752bffff,892f5a3750fffff,472360457,472360248,14.5178,0.174217,average_adult
892f5a3752bffff,892f5a37527ffff,472360457,9602267747,14.1968,0.193742,average_adult
892f5a3752bffff,892f5a3752bffff,472360457,472360457,0.2368,0.999654,average_adult
892f5a3752bffff,892f5a3752fffff,472360457,10293242124,6.2199,0.779748,average_adult
892f5a3752bffff,892f5a37533ffff,472360457,9954179094,16.6117,0.069163,average_adult
892f5a3752bffff,892f5a3753bffff,472360457,1094547495,10.5301,0.458417,average_adult
892f5a3752bffff,892f5a37563ffff,472360457,6326922164,16.5065,0.073412,average_adult
892f5a3752bffff,892f5a37567ffff,472360457,2865895571,10.266,0.479117,average_adult
892f5a3752bffff,892f5a3756fffff,472360457,1127244105,16.6503,0.067631,average_adult
892f5a3752bffff,892f5a37573ffff,472360457,472382641,15.6399,0.112756,average_adult
892f5a3752bffff,892f5a37577ffff,472360457,1706684673,10.5209,0.459131,average_adult
892f5a3752fffff,892f5a36243ffff,10293242124,822683298,14.6156,0.168429,average_adult
892f5a3752fffff,892f5a36247ffff,10293242124,1942852414,19.4827,0.00165,average_adult
892f5a3752fffff,892f5a3624bffff,10293242124,1107512343,13.9414,0.209844,average_adult
892f5a3752fffff,892f5a3624fffff,10293242124,1800595808,16.6207,0.068803,average_adult
892f5a3752fffff,892f5a36253ffff,10293242124,11512438978,11.3102,0.397819,average_adult
892f5a3752fffff,892f5a36257ffff,10293242124,563748914,17.8309,0.028743,average_adult
892f5a3752fffff,892f5a3625bffff,10293242124,764851982,7.5924,0.684621,average_adult
892f5a3752fffff,892f5a362cbffff,10293242124,472359869,14.3502,0.184312,average_adult
892f5a3752fffff,892f5a362cfffff,10293242124,2095799546,16.9436,0.056524,average_adult
892f5a3752fffff,892f5a37183ffff,10293242124,771032173,11.8444,0.357159,average_adult
892f5a3752fffff,892f5a37187ffff,10293242124,798894742,13.8774,0.213953,average_adult
892f5a3752fffff,892f5a3718bffff,10293242124,666930532,17.1484,0.049325,average_adult
892f5a3752fffff,892f5a37193ffff,10293242124,7865126998,6.7283,0.745796,average_adult
892f5a3752fffff,892f5a37197ffff,10293242124,839607167,9.0313,0.575791,average_adult
892f5a3752fffff,892f5a3719bffff,10293242124,1942852587,12.0652,0.340629,average_adult
892f5a3752fffff,892f5a371b3ffff,10293242124,659292988,19.2398,0.003561,average_adult
892f5a3752fffff,892f5a371d7ffff,10293242124,1127244247,18.0426,0.023448,average_adult
892f5a3752fffff,892f5a37507ffff,10293242124,9933084480,19.4089,0.002153,average_adult
892f5a3752fffff,892f5a3750fffff,10293242124,472360248,16.7673,0.06309,average_adult
892f5a3752fffff,892f5a37527ffff,10293242124,9602267747,9.2474,0.558968,average_adult
892f5a3752fffff,892f5a3752bffff,10293242124,472360457,6.4403,0.765232,average_adult
892f5a3752fffff,892f5a3752fffff,10293242124,10293242124,0.4371,0.998822,average_adult
892f5a3752fffff,892f5a37533ffff,10293242124,9954179094,18.7072,0.010274,average_adult
892f5a3752fffff,892f5a37537ffff,10293242124,5495728727,18.1128,0.021809,average_adult
892f5a3752fffff,892f5a3753bffff,10293242124,1094547495,12.7796,0.288562,average_adult
892f5a3752fffff,892f5a37563ffff,10293242124,6326922164,19.5365,0.001324,average_adult
892f5a3752fffff,892f5a37567ffff,10293242124,2865895571,12.6994,0.294284,average_adult
892f5a3752fffff,892f5a3756fffff,10293242124,1127244105,18.8094,0.008718,average_adult
892f5a3752fffff,892f5a37577ffff,10293242124,1706684673,15.009,0.145948,average_adult
892f5a37533ffff,892f5a36253ffff,9954179094,11512438978,17.8181,0.02908,average_adult
892f5a37533ffff,892f5a3625bffff,9954179094,764851982,19.9731,4e-06,average_adult
892f5a37533ffff,892f5a362c3ffff,9954179094,7946433661,16.3365,0.08053,average_adult
892f5a37533ffff,892f5a362c7ffff,9954179094,896901457,19.948,1.7e-05,average_adult
892f5a37533ffff,892f5a362cbffff,9954179094,472359869,11.7107,0.36725,average_adult
892f5a37533ffff,892f5a362cfffff,9954179094,2095799546,18.1353,0.021296,average_adult
892f5a37533ffff,892f5a362d3ffff,9954179094,471978645,19.1894,0.004048,average_adult
892f5a37533ffff,892f5a362dbffff,9954179094,471978558,12.7481,0.290804,average_adult
892f5a37533ffff,892f5a37503ffff,9954179094,6237227412,12.9644,0.275503,average_adult
892f5a37533ffff,892f5a37507ffff,9954179094,9933084480,5.8807,0.80142,average_adult
892f5a37533ffff,892f5a3750bffff,9954179094,4716326321,18.9308,0.007035,average_adult
892f5a37533ffff,892f5a3750fffff,9954179094,472360248,12.7485,0.29078,average_adult
892f5a37533ffff,892f5a37513ffff,9954179094,11538316379,15.5879,0.11535,average_adult
892f5a37533ffff,892f5a37517ffff,9954179094,6283520292,11.328,0.396451,average_adult
892f5a37533ffff,892f5a37527ffff,9954179094,9602267747,14.5758,0.170775,average_adult
892f5a37533ffff,892f5a3752bffff,9954179094,472360457,13.9429,0.209745,average_adult
892f5a37533ffff,892f5a3752fffff,9954179094,10293242124,15.7156,0.109021,average_adult
892f5a37533ffff,892f5a37533ffff,9954179094,9954179094,0.3709,0.999152,average_adult
892f5a37533ffff,892f5a37537ffff,9954179094,5495728727,5.6933,0.813031,average_adult
892f5a37533ffff,892f5a3753bffff,9954179094,1094547495,7.1867,0.713833,average_adult
892f5a37533ffff,892f5a37567ffff,9954179094,2865895571,18.7708,0.009291,average_adult
892f5a37533ffff,892f5a37573ffff,9954179094,472382641,17.8009,0.029536,average_adult
892f5a37533ffff,892f5a37577ffff,9954179094,1706684673,14.2615,0.189745,average_adult
892f5a37533ffff,892f5a3758fffff,9954179094,13736742284,18.889,0.007594,average_adult
892f5a37533ffff,892f5a375a3ffff,9954179094,9954223273,16.5363,0.072197,average_adult
892f5a37533ffff,892f5a375a7ffff,9954179094,2327217335,13.0513,0.26942,average_adult
892f5a37533ffff,892f5a375abffff,9954179094,582802728,7.6486,0.68051,average_adult
892f5a37533ffff,892f5a375afffff,9954179094,5506743143,6.767,0.743144,average_adult
892f5a37533ffff,892f5a375bbffff,9954179094,472359980,15.2245,0.134203,average_adult
892f5a37537ffff,892f5a3621bffff,5495728727,7878186387,19.0084,0.006053,average_adult
892f5a37537ffff,892f5a36253ffff,5495728727,11512438978,13.4585,0.241533,average_adult
892f5a37537ffff,892f5a36257ffff,5495728727,563748914,18.0615,0.023001,average_adult
892f5a37537ffff,892f5a3625bffff,5495728727,764851982,17.7839,0.02999,average_adult
892f5a37537ffff,892f5a362c3ffff,5495728727,7946433661,12.2873,0.324196,average_adult
892f5a37537ffff,892f5a362c7ffff,5495728727,896901457,15.7737,0.106193,average_adult
892f5a37537ffff,892f5a362cbffff,5495728727,472359869,7.3512,0.702087,average_adult
892f5a37537ffff,892f5a362cfffff,5495728727,2095799546,13.9609,0.208596,average_adult
892f5a37537ffff,892f5a362d3ffff,5495728727,471978645,15.1402,0.138748,average_adult
892f5a37537ffff,892f5a362d7ffff,5495728727,1239449343,19.4654,0.001762,average_adult
892f5a37537ffff,892f5a362dbffff,5495728727,471978558,8.6989,0.601476,average_adult
892f5a37537ffff,892f5a37503ffff,5495728727,6237227412,17.7972,0.029635,average_adult
892f5a37537ffff,892f5a37507ffff,5495728727,9933084480,10.8043,0.436995,average_adult
892f5a37537ffff,892f5a3750fffff,5495728727,472360248,16.4443,0.075984,average_adult
892f5a37537ffff,892f5a37513ffff,5495728727,11538316379,19.1299,0.004663,average_adult
892f5a37537ffff,892f5a37517ffff,5495728727,6283520292,14.87,0.153738,average_adult
892f5a37537ffff,892f5a37527ffff,5495728727,9602267747,10.2162,0.483024,average_adult
892f5a37537ffff,892f5a3752fffff,5495728727,10293242124,16.1685,0.087857,average_adult
892f5a37537ffff,892f5a37533ffff,5495728727,9954179094,6.9537,0.730226,average_adult
892f5a37537ffff,892f5a37537ffff,5495728727,5495728727,1.3337,0.989067,average_adult
892f5a37537ffff,892f5a3753bffff,5495728727,1094547495,13.7695,0.22094,average_adult
892f5a37537ffff,892f5a37577ffff,5495728727,1706684673,19.4178,0.00209,average_adult
892f5a37537ffff,892f5a375a7ffff,5495728727,2327217335,10.8681,0.432032,average_adult
892f5a37537ffff,892f5a375abffff,5495728727,582802728,11.1905,0.407039,average_adult
892f5a37537ffff,892f5a375afffff,5495728727,5506743143,7.3543,0.701862,average_adult
892f5a37537ffff,892f5a375bbffff,5495728727,472359980,18.7665,0.009357,average_adult
892f5a3753bffff,892f5a36253ffff,1094547495,11512438978,18.846,0.008192,average_adult
892f5a3753bffff,892f5a3625bffff,1094547495,764851982,15.3648,0.126781,average_adult
892f5a3753bffff,892f5a362cbffff,1094547495,472359869,19.5396,0.001307,average_adult
892f5a3753bffff,892f5a37193ffff,1094547495,7865126998,15.2856,0.130947,average_adult
892f5a3753bffff,892f5a37197ffff,1094547495,839607167,19.3201,0.002849,average_adult
892f5a3753bffff,892f5a3719bffff,1094547495,1942852587,18.4533,0.014684,average_adult
892f5a3753bffff,892f5a37503ffff,1094547495,6237227412,13.4508,0.242051,average_adult
892f5a3753bffff,892f5a37507ffff,1094547495,9933084480,8.9015,0.58585,average_adult
892f5a3753bffff,892f5a3750bffff,1094547495,4716326321,13.184,0.260226,average_adult
892f5a3753bffff,892f5a3750fffff,1094547495,472360248,7.3986,0.698674,average_adult
892f5a3753bffff,892f5a37513ffff,1094547495,11538316379,19.223,0.003719,average_adult
892f5a3753bffff,892f5a37517ffff,1094547495,6283520292,15.8077,0.104554,average_adult
892f5a3753bffff,892f5a3751bffff,1094547495,4716623608,19.4459,0.001893,average_adult
892f5a3753bffff,892f5a37527ffff,1094547495,9602267747,15.7813,0.105826,average_adult
892f5a3753bffff,892f5a3752bffff,1094547495,472360457,8.8963,0.586251,average_adult
892f5a3753bffff,892f5a3752fffff,1094547495,10293242124,10.7259,0.443108,average_adult
892f5a3753bffff,892f5a37533ffff,1094547495,9954179094,8.1998,0.639512,average_adult
892f5a3753bffff,892f5a37537ffff,1094547495,5495728727,13.5222,0.237267,average_adult
892f5a3753bffff,892f5a3753bffff,1094547495,1094547495,0.9841,0.994038,average_adult
892f5a3753bffff,892f5a37547ffff,1094547495,7966410040,16.4945,0.073906,average_adult
892f5a3753bffff,892f5a37557ffff,1094547495,2704049830,17.3242,0.043521,average_adult
892f5a3753bffff,892f5a37563ffff,1094547495,6326922164,15.1409,0.138706,average_adult
892f5a3753bffff,892f5a37567ffff,1094547495,2865895571,13.0871,0.26693,average_adult
892f5a3753bffff,892f5a3756bffff,1094547495,1127244318,19.7872,0.000279,average_adult
892f5a3753bffff,892f5a3756fffff,1094547495,1127244105,17.9794,0.024974,average_adult
892f5a3753bffff,892f5a37573ffff,1094547495,472382641,11.7863,0.361537,average_adult
892f5a3753bffff,892f5a37577ffff,1094547495,1706684673,8.0996,0.647053,average_adult
892f5a3753bffff,892f5a3757bffff,1094547495,1135821090,17.3252,0.043487,average_adult
892f5a3753bffff,892f5a375abffff,1094547495,582802728,13.51,0.238082,average_adult
892f5a3753bffff,892f5a375afffff,1094547495,5506743143,14.5959,0.169588,average_adult
892f5a37543ffff,892f5a37083ffff,1097906783,9605882522,18.147,0.02103,average_adult
892f5a37543ffff,892f5a37087ffff,1097906783,5109258744,14.9572,0.148832,average_adult
892f5a37543ffff,892f5a37093ffff,1097906783,3193716070,18.4147,0.015423,average_adult
892f5a37543ffff,892f5a37097ffff,1097906783,1097931942,13.7743,0.220633,average_adult
892f5a37543ffff,892f5a370b3ffff,1097906783,5091968417,13.128,0.264092,average_adult
892f5a37543ffff,892f5a370b7ffff,1097906783,1135820964,16.9174,0.057478,average_adult
892f5a37543ffff,892f5a370bbffff,1097906783,5091969121,16.9781,0.055279,average_adult
892f5a37543ffff,892f5a37423ffff,1097906783,475369332,18.7744,0.009238,average_adult
892f5a37543ffff,892f5a37427ffff,1097906783,7947429975,11.15,0.410168,average_adult
892f5a37543ffff,892f5a3742fffff,1097906783,2196826810,13.3835,0.246595,average_adult
892f5a37543ffff,892f5a37437ffff,1097906783,6240815386,17.9178,0.026505,average_adult
892f5a37543ffff,892f5a3750bffff,1097906783,4716326321,11.3814,0.392358,average_adult
892f5a37543ffff,892f5a3750fffff,1097906783,472360248,17.6578,0.03346,average_adult
892f5a37543ffff,892f5a3751bffff,1097906783,4716623608,13.5657,0.234365,average_adult
892f5a37543ffff,892f5a37543ffff,1097906783,1097906783,0.7445,0.996585,average_adult
892f5a37543ffff,892f5a37547ffff,1097906783,7966410040,6.0816,0.788681,average_adult
892f5a37543ffff,892f5a3754bffff,1097906783,1097906906,6.45,0.764589,average_adult
892f5a37543ffff,892f5a3754fffff,1097906783,8908901051,9.3081,0.554235,average_adult
892f5a37543ffff,892f5a37553ffff,1097906783,472382750,7.6874,0.677666,average_adult
892f5a37543ffff,892f5a37557ffff,1097906783,2704049830,8.1213,0.645421,average_adult
892f5a37543ffff,892f5a3755bffff,1097906783,1097906786,8.4735,0.618745,average_adult
892f5a37543ffff,892f5a37563ffff,1097906783,6326922164,14.6973,0.16365,average_adult
892f5a37543ffff,892f5a37567ffff,1097906783,2865895571,19.8775,9.3e-05,average_adult
892f5a37543ffff,892f5a3756bffff,1097906783,1127244318,16.8238,0.060948,average_adult
892f5a37543ffff,892f5a37573ffff,1097906783,472382641,13.0411,0.270131,average_adult
892f5a37543ffff,892f5a37577ffff,1097906783,1706684673,19.0764,0.005252,average_adult
892f5a37543ffff,892f5a3757bffff,1097906783,1135821090,10.9292,0.427278,average_adult
892f5a37543ffff,892f5a375c3ffff,1097906783,472447266,19.1434,0.00452,average_adult
892f5a37543ffff,892f5a375c7ffff,1097906783,1664033852,17.8582,0.028032,average_adult
892f5a37543ffff,892f5a375cbffff,1097906783,2649421029,15.0404,0.144211,average_adult
892f5a37543ffff,892f5a375cfffff,1097906783,472382799,13.3826,0.246658,average_adult
892f5a37547ffff,892f5a37087ffff,7966410040,5109258744,17.9293,0.026216,average_adult
892f5a37547ffff,892f5a37097ffff,7966410040,1097931942,18.8129,0.008667,average_adult
892f5a37547ffff,892f5a370a3ffff,7966410040,13056197936,19.1567,0.004381,average_adult
892f5a37547ffff,892f5a370a7ffff,7966410040,2038377566,19.1431,0.004522,average_adult
892f5a37547ffff,892f5a370b3ffff,7966410040,5091968417,10.2554,0.479946,average_adult
892f5a37547ffff,892f5a370b7ffff,7966410040,1135820964,13.7557,0.221841,average_adult
892f5a37547ffff,892f5a370bbffff,7966410040,5091969121,16.2411,0.084653,average_adult
892f5a37547ffff,892f5a37427ffff,7966410040,7947429975,16.665,0.067053,average_adult
892f5a37547ffff,892f5a3742fffff,7966410040,2196826810,18.8985,0.007466,average_adult
892f5a37547ffff,892f5a37503ffff,7966410040,6237227412,15.815,0.104203,average_adult
892f5a37547ffff,892f5a37507ffff,7966410040,9933084480,19.5666,0.001158,average_adult
892f5a37547ffff,892f5a3750bffff,7966410040,4716326321,7.4729,0.693303,average_adult
892f5a37547ffff,892f5a3750fffff,7966410040,472360248,13.0598,0.268828,average_adult
892f5a37547ffff,892f5a3751bffff,7966410040,4716623608,13.7349,0.223205,average_adult
892f5a37547ffff,892f5a3753bffff,7966410040,1094547495,19.285,0.00315,average_adult
892f5a37547ffff,892f5a37543ffff,7966410040,1097906783,6.2595,0.777164,average_adult
892f5a37547ffff,892f5a37547ffff,7966410040,7966410040,0.0384,0.999991,average_adult
892f5a37547ffff,892f5a3754bffff,7966410040,1097906906,11.4199,0.389407,average_adult
892f5a37547ffff,892f5a3754fffff,7966410040,8908901051,6.1464,0.784513,average_adult
892f5a37547ffff,892f5a37553ffff,7966410040,472382750,13.2023,0.258963,average_adult
892f5a37547ffff,892f5a37557ffff,7966410040,2704049830,10.6404,0.449788,average_adult
892f5a37547ffff,892f5a3755bffff,7966410040,1097906786,13.9885,0.206839,average_adult
892f5a37547ffff,892f5a37563ffff,7966410040,6326922164,11.5088,0.382608,average_adult
892f5a37547ffff,892f5a37567ffff,7966410040,2865895571,16.6889,0.066115,average_adult
892f5a37547ffff,892f5a3756bffff,7966410040,1127244318,13.6432,0.229231,average_adult
892f5a37547ffff,892f5a3756fffff,7966410040,1127244105,17.2713,0.045231,average_adult
892f5a37547ffff,892f5a37573ffff,7966410040,472382641,8.5627,0.611928,average_adult
892f5a37547ffff,892f5a37577ffff,7966410040,1706684673,15.8879,0.100729,average_adult
892f5a37547ffff,892f5a3757bffff,7966410040,1135821090,7.7485,0.673166,average_adult
892f5a37547ffff,892f5a375cbffff,7966410040,2649421029,19.4978,0.001555,average_adult
892f5a37547ffff,892f5a375cfffff,7966410040,472382799,16.9521,0.056216,average_adult
892f5a3754bffff,892f5a37083ffff,1097906906,9605882522,11.9366,0.350232,average_adult
892f5a3754bffff,892f5a37087ffff,1097906906,5109258744,8.6755,0.603277,average_adult
892f5a3754bffff,892f5a37093ffff,1097906906,3193716070,12.2116,0.329777,average_adult
892f5a3754bffff,892f5a37097ffff,1097906906,1097931942,7.5595,0.687015,average_adult
892f5a3754bffff,892f5a3709bffff,1097906906,1096527390,17.7974,0.029629,average_adult
892f5a3754bffff,892f5a370b3ffff,1097906906,5091968417,9.2522,0.558598,average_adult
892f5a3754bffff,892f5a370b7ffff,1097906906,1135820964,14.9736,0.147913,average_adult
892f5a3754bffff,892f5a370bbffff,1097906906,5091969121,12.1099,0.337302,average_adult
892f5a3754bffff,892f5a37427ffff,1097906906,7947429975,15.487,0.12046,average_adult
892f5a3754bffff,892f5a3742bffff,1097906906,6475403603,17.7518,0.030856,average_adult
892f5a3754bffff,892f5a3742fffff,1097906906,2196826810,12.4106,0.315164,average_adult
892f5a3754bffff,892f5a3750bffff,1097906906,4716326321,17.9611,0.025425,average_adult
892f5a3754bffff,892f5a3751bffff,1097906906,4716623608,19.7469,0.000395,average_adult
892f5a3754bffff,892f5a37543ffff,1097906906,1097906783,7.9835,0.655737,average_adult
892f5a3754bffff,892f5a37547ffff,1097906906,7966410040,12.6614,0.29701,average_adult
892f5a3754bffff,892f5a3754bffff,1097906906,1097906906,0.1665,0.999829,average_adult
892f5a3754bffff,892f5a3754fffff,1097906906,8908901051,10.1131,0.491117,average_adult
892f5a3754bffff,892f5a37553ffff,1097906906,472382750,12.1655,0.333184,average_adult
892f5a3754bffff,892f5a37557ffff,1097906906,2704049830,14.0815,0.200956,average_adult
892f5a3754bffff,892f5a3755bffff,1097906906,1097906786,9.8199,0.514146,average_adult
892f5a3754bffff,892f5a3756bffff,1097906906,1127244318,17.3114,0.04393,average_adult
892f5a3754bffff,892f5a37573ffff,1097906906,472382641,19.62,0.00089,average_adult
892f5a3754bffff,892f5a3757bffff,1097906906,1135821090,13.8102,0.218295,average_adult
892f5a3754bffff,892f5a375cbffff,1097906906,2649421029,19.6923,0.000584,average_adult
892f5a3754bffff,892f5a375cfffff,1097906906,472382799,18.335,0.017003,average_adult
892f5a3754fffff,892f5a37083ffff,8908901051,9605882522,19.3529,0.00258,average_adult
892f5a3754fffff,892f5a37087ffff,8908901051,5109258744,14.5879,0.170058,average_adult
892f5a3754fffff,892f5a37097ffff,8908901051,1097931942,16.5134,0.073131,average_adult
892f5a3754fffff,892f5a370a3ffff,8908901051,13056197936,15.8152,0.104191,average_adult
892f5a3754fffff,892f5a370a7ffff,8908901051,2038377566,16.2064,0.086175,average_adult
892f5a3754fffff,892f5a370b3ffff,8908901051,5091968417,6.914,0.732996,average_adult
892f5a3754fffff,892f5a370b7ffff,8908901051,1135820964,10.4143,0.467485,average_adult
892f5a3754fffff,892f5a370bbffff,8908901051,5091969121,12.8997,0.280054,average_adult
892f5a3754fffff,892f5a37427ffff,8908901051,7947429975,18.8958,0.007503,average_adult
892f5a3754fffff,892f5a3750bffff,8908901051,4716326321,12.6795,0.295715,average_adult
892f5a3754fffff,892f5a3750fffff,8908901051,472360248,18.8001,0.008855,average_adult
892f5a3754fffff,892f5a3751bffff,8908901051,4716623608,18.0968,0.022178,average_adult
892f5a3754fffff,892f5a37543ffff,8908901051,1097906783,8.4903,0.617467,average_adult
892f5a3754fffff,892f5a37547ffff,8908901051,7966410040,6.4581,0.764052,average_adult
892f5a3754fffff,892f5a3754bffff,8908901051,1097906906,9.3104,0.554051,average_adult
892f5a3754fffff,892f5a3754fffff,8908901051,8908901051,0.1654,0.999831,average_adult
892f5a3754fffff,892f5a37553ffff,8908901051,472382750,15.4331,0.123231,average_adult
892f5a3754fffff,892f5a37557ffff,8908901051,2704049830,14.4477,0.178412,average_adult
892f5a3754fffff,892f5a3755bffff,8908901051,1097906786,16.2192,0.085612,average_adult
892f5a3754fffff,892f5a37563ffff,8908901051,6326922164,14.6575,0.165969,average_adult
892f5a3754fffff,892f5a37567ffff,8908901051,2865895571,19.869,0.000106,average_adult
892f5a3754fffff,892f5a3756bffff,8908901051,1127244318,12.7521,0.290523,average_adult
892f5a3754fffff,892f5a3756fffff,8908901051,1127244105,18.2601,0.018557,average_adult
892f5a3754fffff,892f5a37573ffff,8908901051,472382641,13.0524,0.269348,average_adult
892f5a3754fffff,892f5a37577ffff,8908901051,1706684673,19.068,0.005349,average_adult
892f5a3754fffff,892f5a3757bffff,8908901051,1135821090,9.2509,0.558702,average_adult
892f5a37553ffff,892f5a37083ffff,472382750,9605882522,16.9328,0.056919,average_adult
892f5a37553ffff,892f5a37093ffff,472382750,3193716070,17.2004,0.047573,average_adult
892f5a37553ffff,892f5a37097ffff,472382750,1097931942,12.6613,0.297014,average_adult
892f5a37553ffff,892f5a37423ffff,472382750,475369332,17.1147,0.05048,average_adult
892f5a37553ffff,892f5a37427ffff,472382750,7947429975,9.4903,0.539985,average_adult
892f5a37553ffff,892f5a3742bffff,472382750,6475403603,19.2333,0.003621,average_adult
892f5a37553ffff,892f5a3742fffff,472382750,2196826810,11.7238,0.366259,average_adult
892f5a37553ffff,892f5a37433ffff,472382750,9775221793,18.3719,0.016263,average_adult
892f5a37553ffff,892f5a37437ffff,472382750,6240815386,12.3298,0.321074,average_adult
892f5a37553ffff,892f5a374afffff,472382750,475368981,18.999,0.006168,average_adult
892f5a37553ffff,892f5a3750bffff,472382750,4716326321,13.6567,0.228337,average_adult
892f5a37553ffff,892f5a3751bffff,472382750,4716623608,14.5052,0.174965,average_adult
892f5a37553ffff,892f5a37543ffff,472382750,1097906783,8.4221,0.622666,average_adult
892f5a37553ffff,892f5a37547ffff,472382750,7966410040,13.1543,0.262271,average_adult
892f5a37553ffff,892f5a3754bffff,472382750,1097906906,12.2424,0.327498,average_adult
892f5a37553ffff,892f5a3754fffff,472382750,8908901051,16.3808,0.078646,average_adult
892f5a37553ffff,892f5a37553ffff,472382750,472382750,0.407,0.998979,average_adult
892f5a37553ffff,892f5a37557ffff,472382750,2704049830,9.4311,0.544619,average_adult
892f5a37553ffff,892f5a3755bffff,472382750,1097906786,7.3912,0.699211,average_adult
892f5a37553ffff,892f5a37573ffff,472382750,472382641,19.2977,0.00304,average_adult
892f5a37553ffff,892f5a3757bffff,472382750,1135821090,18.0019,0.024425,average_adult
892f5a37553ffff,892f5a375c3ffff,472382750,472447266,14.4042,0.181032,average_adult
892f5a37553ffff,892f5a375c7ffff,472382750,1664033852,14.7562,0.160243,average_adult
892f5a37553ffff,892f5a375cbffff,472382750,2649421029,9.4767,0.54105,average_adult
892f5a37553ffff,892f5a375cfffff,472382750,472382799,10.2806,0.477969,average_adult
892f5a37553ffff,892f5a375dbffff,472382750,475368843,18.3417,0.016867,average_adult
892f5a37557ffff,892f5a37087ffff,2704049830,5109258744,18.7165,0.010127,average_adult
892f5a37557ffff,892f5a37097ffff,2704049830,1097931942,17.5317,0.037113,average_adult
892f5a37557ffff,892f5a370b3ffff,2704049830,5091968417,16.9219,0.057316,average_adult
892f5a37557ffff,892f5a37427ffff,2704049830,7947429975,14.4179,0.180206,average_adult
892f5a37557ffff,892f5a3742fffff,2704049830,2196826810,17.0229,0.053682,average_adult
892f5a37557ffff,892f5a37433ffff,2704049830,9775221793,18.7032,0.010337,average_adult
892f5a37557ffff,892f5a37437ffff,2704049830,6240815386,12.6612,0.297027,average_adult
892f5a37557ffff,892f5a374afffff,2704049830,475368981,19.3304,0.002763,average_adult
892f5a37557ffff,892f5a37503ffff,2704049830,6237227412,13.8241,0.217398,average_adult
892f5a37557ffff,892f5a37507ffff,2704049830,9933084480,17.8624,0.027922,average_adult
892f5a37557ffff,892f5a3750bffff,2704049830,4716326321,5.1668,0.84417,average_adult
892f5a37557ffff,892f5a3750fffff,2704049830,472360248,11.8597,0.356007,average_adult
892f5a37557ffff,892f5a37513ffff,2704049830,11538316379,14.8446,0.155181,average_adult
892f5a37557ffff,892f5a3751bffff,2704049830,4716623608,7.0195,0.725629,average_adult
892f5a37557ffff,892f5a3753bffff,2704049830,1094547495,18.0849,0.022453,average_adult
892f5a37557ffff,892f5a37543ffff,2704049830,1097906783,5.7436,0.809943,average_adult
892f5a37557ffff,892f5a37547ffff,2704049830,7966410040,7.5681,0.686389,average_adult
892f5a37557ffff,892f5a3754bffff,2704049830,1097906906,10.2075,0.483708,average_adult
892f5a37557ffff,892f5a3754fffff,2704049830,8908901051,13.0025,0.272831,average_adult
892f5a37557ffff,892f5a37553ffff,2704049830,472382750,7.2659,0.708196,average_adult
892f5a37557ffff,892f5a37557ffff,2704049830,2704049830,0.6352,0.997513,average_adult
892f5a37557ffff,892f5a3755bffff,2704049830,1097906786,12.231,0.328344,average_adult
892f5a37557ffff,892f5a37563ffff,2704049830,6326922164,17.084,0.051539,average_adult
892f5a37557ffff,892f5a37573ffff,2704049830,472382641,10.5546,0.456496,average_adult
892f5a37557ffff,892f5a37577ffff,2704049830,1706684673,15.5625,0.116627,average_adult
892f5a37557ffff,892f5a3757bffff,2704049830,1135821090,14.5755,0.17079,average_adult
892f5a37557ffff,892f5a375c3ffff,2704049830,472447266,13.2007,0.259074,average_adult
892f5a37557ffff,892f5a375c7ffff,2704049830,1664033852,11.9155,0.351817,average_adult
892f5a37557ffff,892f5a375cbffff,2704049830,2649421029,9.5196,0.537692,average_adult
892f5a37557ffff,892f5a375cfffff,2704049830,472382799,7.4399,0.695693,average_adult
892f5a37557ffff,892f5a375d7ffff,2704049830,472447132,19.3303,0.002764,average_adult
892f5a37557ffff,892f5a375dbffff,2704049830,475368843,18.3846,0.016011,average_adult
892f5a3755bffff,892f5a37083ffff,1097906786,9605882522,10.7745,0.439318,average_adult
892f5a3755bffff,892f5a37087ffff,1097906786,5109258744,14.6539,0.166183,average_adult
892f5a3755bffff,892f5a37093ffff,1097906786,3193716070,11.0422,0.418512,average_adult
892f5a3755bffff,892f5a37097ffff,1097906786,1097931942,6.5031,0.761041,average_adult
892f5a3755bffff,892f5a3709bffff,1097906786,1096527390,16.6353,0.068224,average_adult
892f5a3755bffff,892f5a370b3ffff,1097906786,5091968417,16.5869,0.070153,average_adult
892f5a3755bffff,892f5a370bbffff,1097906786,5091969121,19.4447,0.001901,average_adult
892f5a3755bffff,892f5a37423ffff,1097906786,475369332,14.6445,0.16673,average_adult
892f5a3755bffff,892f5a37427ffff,1097906786,7947429975,7.0202,0.725581,average_adult
892f5a3755bffff,892f5a3742bffff,1097906786,6475403603,16.4074,0.077524,average_adult
892f5a3755bffff,892f5a3742fffff,1097906786,2196826810,8.8855,0.587084,average_adult
892f5a3755bffff,892f5a37433ffff,1097906786,9775221793,19.8832,8.4e-05,average_adult
892f5a3755bffff,892f5a37437ffff,1097906786,6240815386,13.8411,0.216295,average_adult
892f5a3755bffff,892f5a3743bffff,1097906786,6475813119,17.7053,0.03213,average_adult
892f5a3755bffff,892f5a37467ffff,1097906786,1094679544,19.3377,0.002704,average_adult
892f5a3755bffff,892f5a3750bffff,1097906786,4716326321,17.2037,0.047464,average_adult
892f5a3755bffff,892f5a3751bffff,1097906786,4716623608,18.0522,0.023222,average_adult
892f5a3755bffff,892f5a37543ffff,1097906786,1097906783,7.8119,0.668486,average_adult
892f5a3755bffff,892f5a37547ffff,1097906786,7966410040,12.6803,0.295656,average_adult
892f5a3755bffff,892f5a3754bffff,1097906786,1097906906,7.5012,0.691255,average_adult
892f5a3755bffff,892f5a3754fffff,1097906786,8908901051,15.9067,0.099841,average_adult
892f5a3755bffff,892f5a37553ffff,1097906786,472382750,6.2399,0.778447,average_adult
892f5a3755bffff,892f5a37557ffff,1097906786,2704049830,12.936,0.277498,average_adult
892f5a3755bffff,892f5a3755bffff,1097906786,1097906786,0.9891,0.993977,average_adult
892f5a3755bffff,892f5a37573ffff,1097906786,472382641,19.6398,0.0008,average_adult
892f5a3755bffff,892f5a3757bffff,1097906786,1135821090,17.5278,0.037228,average_adult
892f5a3755bffff,892f5a375c3ffff,1097906786,472447266,16.5801,0.070426,average_adult
892f5a3755bffff,892f5a375c7ffff,1097906786,1664033852,17.8642,0.027875,average_adult
892f5a3755bffff,892f5a375cbffff,1097906786,2649421029,11.6526,0.371657,average_adult
892f5a3755bffff,892f5a375cfffff,1097906786,472382799,13.3886,0.246248,average_adult
892f5a3755bffff,892f5a375dbffff,1097906786,475368843,19.9149,4.5e-05,average_adult
892f5a37563ffff,892f5a370a3ffff,6326922164,13056197936,18.202,0.019808,average_adult
892f5a37563ffff,892f5a370a7ffff,6326922164,2038377566,15.2002,0.135505,average_adult
892f5a37563ffff,892f5a370b3ffff,6326922164,5091968417,17.6837,0.032733,average_adult
892f5a37563ffff,892f5a370b7ffff,6326922164,1135820964,17.2237,0.046798,average_adult
892f5a37563ffff,892f5a37183ffff,6326922164,771032173,15.8721,0.101476,average_adult
892f5a37563ffff,892f5a3718bffff,6326922164,666930532,17.9398,0.025953,average_adult
892f5a37563ffff,892f5a37193ffff,6326922164,7865126998,14.1965,0.193763,average_adult
892f5a37563ffff,892f5a37197ffff,6326922164,839607167,19.2212,0.003736,average_adult
892f5a37563ffff,892f5a3719bffff,6326922164,1942852587,11.5436,0.379953,average_adult
892f5a37563ffff,892f5a371c3ffff,6326922164,581881619,16.7918,0.062158,average_adult
892f5a37563ffff,892f5a371d3ffff,6326922164,660528224,13.5043,0.238461,average_adult
892f5a37563ffff,892f5a371d7ffff,6326922164,1127244247,12.7925,0.287645,average_adult
892f5a37563ffff,892f5a37503ffff,6326922164,6237227412,15.4751,0.121068,average_adult
892f5a37563ffff,892f5a37507ffff,6326922164,9933084480,18.599,0.012058,average_adult
892f5a37563ffff,892f5a3750bffff,6326922164,4716326321,13.8542,0.215446,average_adult
892f5a37563ffff,892f5a3750fffff,6326922164,472360248,11.6155,0.374476,average_adult
892f5a37563ffff,892f5a3752bffff,6326922164,472360457,14.3082,0.186875,average_adult
892f5a37563ffff,892f5a3752fffff,6326922164,10293242124,16.8108,0.061437,average_adult
892f5a37563ffff,892f5a3753bffff,6326922164,1094547495,15.4821,0.120712,average_adult
892f5a37563ffff,892f5a37543ffff,6326922164,1097906783,13.7063,0.225073,average_adult
892f5a37563ffff,892f5a37547ffff,6326922164,7966410040,10.4516,0.464563,average_adult
892f5a37563ffff,892f5a3754bffff,6326922164,1097906906,18.8667,0.007902,average_adult
892f5a37563ffff,892f5a3754fffff,6326922164,8908901051,13.5747,0.233768,average_adult
892f5a37563ffff,892f5a37557ffff,6326922164,2704049830,17.7797,0.030103,average_adult
892f5a37563ffff,892f5a37563ffff,6326922164,6326922164,0.2193,0.999703,average_adult
892f5a37563ffff,892f5a37567ffff,6326922164,2865895571,7.6056,0.683652,average_adult
892f5a37563ffff,892f5a3756bffff,6326922164,1127244318,9.2494,0.558812,average_adult
892f5a37563ffff,892f5a3756fffff,6326922164,1127244105,7.5275,0.689346,average_adult
892f5a37563ffff,892f5a37573ffff,6326922164,472382641,6.2847,0.775516,average_adult
892f5a37563ffff,892f5a37577ffff,6326922164,1706684673,8.1682,0.641895,average_adult
892f5a37563ffff,892f5a3757bffff,6326922164,1135821090,8.0041,0.654201,average_adult
892f5a37567ffff,892f5a3624bffff,2865895571,1107512343,17.7051,0.032136,average_adult
892f5a37567ffff,892f5a3625bffff,2865895571,764851982,16.715,0.065101,average_adult
892f5a37567ffff,892f5a370a7ffff,2865895571,2038377566,19.3075,0.002956,average_adult
892f5a37567ffff,892f5a37183ffff,2865895571,771032173,9.8955,0.508207,average_adult
892f5a37567ffff,892f5a37187ffff,2865895571,798894742,14.0839,0.200803,average_adult
892f5a37567ffff,892f5a3718bffff,2865895571,666930532,13.7738,0.220663,average_adult
892f5a37567ffff,892f5a3718fffff,2865895571,6451601256,17.6286,0.03429,average_adult
892f5a37567ffff,892f5a37193ffff,2865895571,7865126998,8.2199,0.637994,average_adult
892f5a37567ffff,892f5a37197ffff,2865895571,839607167,13.2446,0.256058,average_adult
892f5a37567ffff,892f5a3719bffff,2865895571,1942852587,7.0918,0.720547,average_adult
892f5a37567ffff,892f5a371b3ffff,2865895571,659292988,19.4874,0.00162,average_adult
892f5a37567ffff,892f5a371c3ffff,2865895571,581881619,14.6495,0.166438,average_adult
892f5a37567ffff,892f5a371c7ffff,2865895571,6383742435,16.5685,0.070895,average_adult
892f5a37567ffff,892f5a371d3ffff,2865895571,660528224,13.5573,0.234925,average_adult
892f5a37567ffff,892f5a371d7ffff,2865895571,1127244247,10.6502,0.449023,average_adult
892f5a37567ffff,892f5a37503ffff,2865895571,6237227412,19.557,0.00121,average_adult
892f5a37567ffff,892f5a3750bffff,2865895571,4716326321,18.6078,0.011909,average_adult
892f5a37567ffff,892f5a3750fffff,2865895571,472360248,13.5048,0.238429,average_adult
892f5a37567ffff,892f5a37527ffff,2865895571,9602267747,18.2313,0.019172,average_adult
892f5a37567ffff,892f5a3752bffff,2865895571,472360457,8.1345,0.644427,average_adult
892f5a37567ffff,892f5a3752fffff,2865895571,10293242124,9.5598,0.534545,average_adult
892f5a37567ffff,892f5a3753bffff,2865895571,1094547495,12.9402,0.277197,average_adult
892f5a37567ffff,892f5a37543ffff,2865895571,1097906783,19.4963,0.001564,average_adult
892f5a37567ffff,892f5a37547ffff,2865895571,7966410040,16.2336,0.08498,average_adult
892f5a37567ffff,892f5a3754fffff,2865895571,8908901051,19.3646,0.002488,average_adult
892f5a37567ffff,892f5a37563ffff,2865895571,6326922164,8.0238,0.65273,average_adult
892f5a37567ffff,892f5a37567ffff,2865895571,2865895571,0.3546,0.999225,average_adult
892f5a37567ffff,892f5a3756bffff,2865895571,1127244318,14.8279,0.156134,average_adult
892f5a37567ffff,892f5a3756fffff,2865895571,1127244105,6.7389,0.745068,average_adult
892f5a37567ffff,892f5a37573ffff,2865895571,472382641,11.9204,0.351446,average_adult
892f5a37567ffff,892f5a37577ffff,2865895571,1706684673,6.6096,0.753871,average_adult
892f5a37567ffff,892f5a3757bffff,2865895571,1135821090,13.8905,0.213106,average_adult
892f5a3756bffff,892f5a370a3ffff,1127244318,13056197936,11.4174,0.389593,average_adult
892f5a3756bffff,892f5a370a7ffff,1127244318,2038377566,7.037,0.724401,average_adult
892f5a3756bffff,892f5a370b3ffff,1127244318,5091968417,15.003,0.146281,average_adult
892f5a3756bffff,892f5a370b7ffff,1127244318,1135820964,10.6042,0.452616,average_adult
892f5a3756bffff,892f5a37183ffff,1127244318,771032173,18.9957,0.006209,average_adult
892f5a3756bffff,892f5a3718bffff,1127244318,666930532,17.9773,0.025025,average_adult
892f5a3756bffff,892f5a3719bffff,1127244318,1942852587,12.588,0.302289,average_adult
892f5a3756bffff,892f5a371c3ffff,1127244318,581881619,13.6472,0.228964,average_adult
892f5a3756bffff,892f5a371c7ffff,1127244318,6383742435,17.8166,0.029118,average_adult
892f5a3756bffff,892f5a371d3ffff,1127244318,660528224,9.2989,0.554956,average_adult
892f5a3756bffff,892f5a371d7ffff,1127244318,1127244247,9.7765,0.517548,average_adult
892f5a3756bffff,892f5a3750bffff,1127244318,4716326321,18.3281,0.017143,average_adult
892f5a3756bffff,892f5a3750fffff,1127244318,472360248,17.7158,0.03184,average_adult
892f5a3756bffff,892f5a37543ffff,1127244318,1097906783,17.1357,0.04976,average_adult
892f5a3756bffff,892f5a37547ffff,1127244318,7966410040,13.8809,0.213723,average_adult
892f5a3756bffff,892f5a3754bffff,1127244318,1097906906,17.3995,0.041139,average_adult
892f5a3756bffff,892f5a3754fffff,1127244318,8908901051,13.6428,0.229256,average_adult
892f5a3756bffff,892f5a37563ffff,1127244318,6326922164,10.6556,0.448597,average_adult
892f5a3756bffff,892f5a37567ffff,1127244318,2865895571,14.8923,0.152478,average_adult
892f5a3756bffff,892f5a3756bffff,1127244318,1127244318,1.0863,0.992739,average_adult
892f5a3756bffff,892f5a3756fffff,1127244318,1127244105,7.287,0.706687,average_adult
892f5a3756bffff,892f5a37573ffff,1127244318,472382641,10.5193,0.45926,average_adult
892f5a3756bffff,892f5a37577ffff,1127244318,1706684673,15.2054,0.135228,average_adult
892f5a3756bffff,892f5a3757bffff,1127244318,1135821090,7.2175,0.711646,average_adult
892f5a3756fffff,892f5a370a3ffff,1127244105,13056197936,17.2054,0.047405,average_adult
892f5a3756fffff,892f5a370a7ffff,1127244105,2038377566,12.825,0.285335,average_adult
892f5a3756fffff,892f5a370b7ffff,1127244105,1135820964,16.3922,0.078164,average_adult
892f5a3756fffff,892f5a37113ffff,1127244105,1822152487,18.7635,0.009401,average_adult
892f5a3756fffff,892f5a37183ffff,1127244105,771032173,13.4142,0.244519,average_adult
892f5a3756fffff,892f5a37187ffff,1127244105,798894742,18.9612,0.006642,average_adult
892f5a3756fffff,892f5a3718bffff,1127244105,666930532,13.4028,0.245288,average_adult
892f5a3756fffff,892f5a3718fffff,1127244105,6451601256,17.2576,0.045678,average_adult
892f5a3756fffff,892f5a37193ffff,1127244105,7865126998,13.1547,0.262244,average_adult
892f5a3756fffff,892f5a37197ffff,1127244105,839607167,18.1795,0.020305,average_adult
892f5a3756fffff,892f5a3719bffff,1127244105,1942852587,7.0066,0.726536,average_adult
892f5a3756fffff,892f5a371c3ffff,1127244105,581881619,10.3623,0.47156,average_adult
892f5a3756fffff,892f5a371c7ffff,1127244105,6383742435,14.3279,0.185674,average_adult
892f5a3756fffff,892f5a371d3ffff,1127244105,660528224,7.0748,0.721743,average_adult
892f5a3756fffff,892f5a371d7ffff,1127244105,1127244247,6.363,0.770363,average_adult
892f5a3756fffff,892f5a3750fffff,1127244105,472360248,17.842,0.028453,average_adult
892f5a3756fffff,892f5a3752bffff,1127244105,472360457,15.8842,0.100903,average_adult
892f5a3756fffff,892f5a3752fffff,1127244105,10293242124,16.0479,0.093293,average_adult
892f5a3756fffff,892f5a37547ffff,1127244105,7966410040,18.7234,0.010019,average_adult
892f5a3756fffff,892f5a3754fffff,1127244105,8908901051,19.964,8e-06,average_adult
892f5a3756fffff,892f5a37563ffff,1127244105,6326922164,9.1771,0.564453,average_adult
892f5a3756fffff,892f5a37567ffff,1127244105,2865895571,8.1043,0.646698,average_adult
892f5a3756fffff,892f5a3756bffff,1127244105,1127244318,8.3454,0.628493,average_adult
892f5a3756fffff,892f5a3756fffff,1127244105,1127244105,0.2565,0.999594,average_adult
892f5a3756fffff,892f5a37573ffff,1127244105,472382641,14.5565,0.171914,average_adult
892f5a3756fffff,892f5a37577ffff,1127244105,1706684673,12.4835,0.309858,average_adult
892f5a3756fffff,892f5a3757bffff,1127244105,1135821090,13.5387,0.236163,average_adult
892f5a37573ffff,892f5a370a3ffff,472382641,13056197936,19.2557,0.003413,average_adult
892f5a37573ffff,892f5a370a7ffff,472382641,2038377566,16.2539,0.084096,average_adult
892f5a37573ffff,892f5a370b3ffff,472382641,5091968417,16.9086,0.057801,average_adult
892f5a37573ffff,892f5a370b7ffff,472382641,1135820964,17.8286,0.028804,average_adult
892f5a37573ffff,892f5a37193ffff,472382641,7865126998,19.0845,0.005162,average_adult
892f5a37573ffff,892f5a3719bffff,472382641,1942852587,16.4315,0.076515,average_adult
892f5a37573ffff,892f5a371d3ffff,472382641,660528224,18.5157,0.013528,average_adult
892f5a37573ffff,892f5a371d7ffff,472382641,1127244247,18.0555,0.023143,average_adult
892f5a37573ffff,892f5a37503ffff,472382641,6237227412,11.9275,0.350916,average_adult
892f5a37573ffff,892f5a37507ffff,472382641,9933084480,15.0514,0.143602,average_adult
892f5a37573ffff,892f5a3750bffff,472382641,4716326321,8.5928,0.609624,average_adult
892f5a37573ffff,892f5a3750fffff,472382641,472360248,8.2755,0.63379,average_adult
892f5a37573ffff,892f5a37513ffff,472382641,11538316379,19.6778,0.00064,average_adult
892f5a37573ffff,892f5a37517ffff,472382641,6283520292,19.7021,0.000547,average_adult
892f5a37573ffff,892f5a3751bffff,472382641,4716623608,14.9836,0.147358,average_adult
892f5a37573ffff,892f5a3752bffff,472382641,472360457,14.8567,0.154495,average_adult
892f5a37573ffff,892f5a3752fffff,472382641,10293242124,18.9139,0.007258,average_adult
892f5a37573ffff,892f5a3753bffff,472382641,1094547495,13.604,0.231824,average_adult
892f5a37573ffff,892f5a37543ffff,472382641,1097906783,12.9181,0.278757,average_adult
892f5a37573ffff,892f5a37547ffff,472382641,7966410040,7.6144,0.68301,average_adult
892f5a37573ffff,892f5a3754bffff,472382641,1097906906,18.0784,0.022605,average_adult
892f5a37573ffff,892f5a3754fffff,472382641,8908901051,12.7996,0.287138,average_adult
892f5a37573ffff,892f5a37553ffff,472382641,472382750,18.866,0.007912,average_adult
892f5a37573ffff,892f5a37557ffff,472382641,2704049830,12.5897,0.302167,average_adult
892f5a37573ffff,892f5a37563ffff,472382641,6326922164,7.3134,0.704798,average_adult
892f5a37573ffff,892f5a37567ffff,472382641,2865895571,12.4936,0.309126,average_adult
892f5a37573ffff,892f5a3756bffff,472382641,1127244318,10.3031,0.476201,average_adult
892f5a37573ffff,892f5a3756fffff,472382641,1127244105,13.0759,0.267708,average_adult
892f5a37573ffff,892f5a37573ffff,472382641,472382641,0.784,0.996214,average_adult
892f5a37573ffff,892f5a37577ffff,472382641,1706684673,9.2691,0.557279,average_adult
892f5a37573ffff,892f5a3757bffff,472382641,1135821090,7.4351,0.696043,average_adult
892f5a37573ffff,892f5a375cfffff,472382641,472382799,18.51,0.013632,average_adult
892f5a37577ffff,892f5a3625bffff,1706684673,764851982,17.6828,0.032756,average_adult
892f5a37577ffff,892f5a37183ffff,1706684673,771032173,15.2271,0.134063,average_adult
892f5a37577ffff,892f5a37187ffff,1706684673,798894742,19.4155,0.002106,average_adult
892f5a37577ffff,892f5a3718bffff,1706684673,666930532,17.885,0.027341,average_adult
892f5a37577ffff,892f5a37193ffff,1706684673,7865126998,13.5515,0.235312,average_adult
892f5a37577ffff,892f5a37197ffff,1706684673,839607167,18.5762,0.012453,average_adult
892f5a37577ffff,892f5a3719bffff,1706684673,1942852587,11.4887,0.384139,average_adult
892f5a37577ffff,892f5a371c3ffff,1706684673,581881619,18.7607,0.009444,average_adult
892f5a37577ffff,892f5a371d3ffff,1706684673,660528224,17.294,0.044492,average_adult
892f5a37577ffff,892f5a371d7ffff,1706684673,1127244247,14.7614,0.159943,average_adult
892f5a37577ffff,892f5a37503ffff,1706684673,6237227412,13.2137,0.258184,average_adult
892f5a37577ffff,892f5a37507ffff,1706684673,9933084480,14.3905,0.181866,average_adult
892f5a37577ffff,892f5a3750bffff,1706684673,4716326321,12.2644,0.325882,average_adult
892f5a37577ffff,892f5a3750fffff,1706684673,472360248,7.1614,0.715626,average_adult
892f5a37577ffff,892f5a3751bffff,1706684673,4716623608,18.5263,0.013337,average_adult
892f5a37577ffff,892f5a37527ffff,1706684673,9602267747,18.1933,0.020001,average_adult
892f5a37577ffff,892f5a3752bffff,1706684673,472360457,8.353,0.627921,average_adult
892f5a37577ffff,892f5a3752fffff,1706684673,10293242124,12.5549,0.304684,average_adult
892f5a37577ffff,892f5a37533ffff,1706684673,9954179094,15.615,0.113991,average_adult
892f5a37577ffff,892f5a37537ffff,1706684673,5495728727,19.6307,0.000841,average_adult
892f5a37577ffff,892f5a3753bffff,1706684673,1094547495,8.6353,0.606364,average_adult
892f5a37577ffff,892f5a37543ffff,1706684673,1097906783,18.3777,0.016147,average_adult
892f5a37577ffff,892f5a37547ffff,1706684673,7966410040,14.7147,0.162639,average_adult
892f5a37577ffff,892f5a3754fffff,1706684673,8908901051,18.246,0.018857,average_adult
892f5a37577ffff,892f5a37557ffff,1706684673,2704049830,16.1898,0.08691,average_adult
892f5a37577ffff,892f5a37563ffff,1706684673,6326922164,8.9048,0.585594,average_adult
892f5a37577ffff,892f5a37567ffff,1706684673,2865895571,6.1205,0.786183,average_adult
892f5a37577ffff,892f5a3756bffff,1706684673,1127244318,14.0985,0.199881,average_adult
892f5a37577ffff,892f5a3756fffff,1706684673,1127244105,10.8501,0.433428,average_adult
892f5a37577ffff,892f5a37573ffff,1706684673,472382641,7.8843,0.663127,average_adult
892f5a37577ffff,892f5a37577ffff,1706684673,1706684673,0.2662,0.999563,average_adult
892f5a37577ffff,892f5a3757bffff,1706684673,1135821090,12.7719,0.289106,average_adult
892f5a37577ffff,892f5a375abffff,1706684673,582802728,19.2318,0.003636,average_adult
892f5a3757bffff,892f5a37087ffff,1135821090,5109258744,19.764,0.000344,average_adult
892f5a3757bffff,892f5a370a3ffff,1135821090,13056197936,13.6367,0.229655,average_adult
892f5a3757bffff,892f5a370a7ffff,1135821090,2038377566,11.9594,0.348529,average_adult
892f5a3757bffff,892f5a370b3ffff,1135821090,5091968417,12.0901,0.33878,average_adult
892f5a3757bffff,892f5a370b7ffff,1135821090,1135820964,11.5771,0.377398,average_adult
892f5a3757bffff,892f5a370bbffff,1135821090,5091969121,18.0758,0.022666,average_adult
892f5a3757bffff,892f5a3719bffff,1135821090,1942852587,17.9462,0.025795,average_adult
892f5a3757bffff,892f5a371c3ffff,1135821090,581881619,19.0053,0.00609,average_adult
892f5a3757bffff,892f5a371d3ffff,1135821090,660528224,15.3497,0.127571,average_adult
892f5a3757bffff,892f5a371d7ffff,1135821090,1127244247,15.1347,0.139047,average_adult
892f5a3757bffff,892f5a37503ffff,1135821090,6237227412,17.5095,0.037775,average_adult
892f5a3757bffff,892f5a3750bffff,1135821090,4716326321,13.5246,0.237103,average_adult
892f5a3757bffff,892f5a3750fffff,1135821090,472360248,13.879,0.21385,average_adult
892f5a3757bffff,892f5a3751bffff,1135821090,4716623608,19.7865,0.000281,average_adult
892f5a3757bffff,892f5a3753bffff,1135821090,1094547495,19.8383,0.000161,average_adult
892f5a3757bffff,892f5a37543ffff,1135821090,1097906783,11.488,0.384191,average_adult
892f5a3757bffff,892f5a37547ffff,1135821090,7966410040,8.2333,0.636984,average_adult
892f5a3757bffff,892f5a3754bffff,1135821090,1097906906,14.4866,0.17608,average_adult
892f5a3757bffff,892f5a3754fffff,1135821090,8908901051,10.7298,0.442804,average_adult
892f5a3757bffff,892f5a37553ffff,1135821090,472382750,18.4309,0.015111,average_adult
892f5a3757bffff,892f5a37557ffff,1135821090,2704049830,17.1772,0.048351,average_adult
892f5a3757bffff,892f5a3755bffff,1135821090,1097906786,19.217,0.003777,average_adult
892f5a3757bffff,892f5a37563ffff,1135821090,6326922164,8.66,0.604465,average_adult
892f5a3757bffff,892f5a37567ffff,1135821090,2865895571,14.0108,0.205422,average_adult
892f5a3757bffff,892f5a3756bffff,1135821090,1127244318,7.1371,0.717352,average_adult
892f5a3757bffff,892f5a3756fffff,1135821090,1127244105,12.6452,0.298177,average_adult
892f5a3757bffff,892f5a37573ffff,1135821090,472382641,7.7179,0.67542,average_adult
892f5a3757bffff,892f5a37577ffff,1135821090,1706684673,13.2097,0.258453,average_adult
892f5a3757bffff,892f5a3757bffff,1135821090,1135821090,0.5648,0.998033,average_adult
892f5a37583ffff,892f5a3664bffff,1813858066,8364977378,16.1338,0.089403,average_adult
892f5a37583ffff,892f5a3664fffff,1813858066,475762598,19.8853,8.1e-05,average_adult
892f5a37583ffff,892f5a3665bffff,1813858066,475768206,13.9995,0.206138,average_adult
892f5a37583ffff,892f5a37513ffff,1813858066,11538316379,13.4957,0.239038,average_adult
892f5a37583ffff,892f5a37517ffff,1813858066,6283520292,18.6956,0.010458,average_adult
892f5a37583ffff,892f5a37583ffff,1813858066,1813858066,0.2895,0.999483,average_adult
892f5a37583ffff,892f5a37587ffff,1813858066,475770391,17.5877,0.035468,average_adult
892f5a37583ffff,892f5a3758bffff,1813858066,6281439102,10.9636,0.424611,average_adult
892f5a37583ffff,892f5a3758fffff,1813858066,13736742284,9.8303,0.513328,average_adult
892f5a37583ffff,892f5a37593ffff,1813858066,255996108,15.5156,0.119002,average_adult
892f5a37583ffff,892f5a37597ffff,1813858066,13140663722,15.9882,0.096035,average_adult
892f5a37583ffff,892f5a3759bffff,1813858066,255995938,9.9811,0.501487,average_adult
892f5a37583ffff,892f5a375bbffff,1813858066,472359980,16.092,0.091288,average_adult
892f5a37583ffff,892f5a375c3ffff,1813858066,472447266,17.238,0.046324,average_adult
892f5a37583ffff,892f5a375c7ffff,1813858066,1664033852,16.9661,0.055711,average_adult
892f5a37583ffff,892f5a375d3ffff,1813858066,4717672327,18.3065,0.017586,average_adult
892f5a37583ffff,892f5a375d7ffff,1813858066,472447132,12.0772,0.339737,average_adult
892f5a37583ffff,892f5aadb23ffff,1813858066,6206442559,16.9481,0.056364,average_adult
892f5a37583ffff,892f5aadb27ffff,1813858066,517549695,15.6304,0.113226,average_adult
892f5a37583ffff,892f5aadb2bffff,1813858066,1986321871,13.5138,0.237827,average_adult
892f5a37583ffff,892f5aadb2fffff,1813858066,5180913963,10.3767,0.470429,average_adult
892f5a37583ffff,892f5aadb3bffff,1813858066,13240346340,15.8516,0.102451,average_adult
892f5a37583ffff,892f5aadb63ffff,1813858066,2375772172,17.2786,0.044994,average_adult
892f5a37583ffff,892f5aadb67ffff,1813858066,305443506,14.2897,0.188009,average_adult
892f5a37583ffff,892f5aadb6bffff,1813858066,472447041,19.5793,0.001091,average_adult
892f5a37583ffff,892f5aadb6fffff,1813858066,5422306027,13.3375,0.249715,average_adult
892f5a37583ffff,892f5aadb77ffff,1813858066,2377135303,19.8201,0.0002,average_adult
892f5a37587ffff,892f5a3664bffff,475770391,8364977378,10.6937,0.445623,average_adult
892f5a37587ffff,892f5a3664fffff,475770391,475762598,17.6184,0.034581,average_adult
892f5a37587ffff,892f5a3665bffff,475770391,475768206,13.1388,0.263343,average_adult
892f5a37587ffff,892f5a37503ffff,475770391,6237227412,17.6825,0.032766,average_adult
892f5a37587ffff,892f5a37507ffff,475770391,9933084480,18.0564,0.023123,average_adult
892f5a37587ffff,892f5a37513ffff,475770391,11538316379,15.5265,0.118448,average_adult
892f5a37587ffff,892f5a37517ffff,475770391,6283520292,12.3376,0.320504,average_adult
892f5a37587ffff,892f5a37583ffff,475770391,1813858066,18.2123,0.019585,average_adult
892f5a37587ffff,892f5a37587ffff,475770391,475770391,0.6031,0.997758,average_adult
892f5a37587ffff,892f5a3758bffff,475770391,6281439102,17.1195,0.050314,average_adult
892f5a37587ffff,892f5a3758fffff,475770391,13736742284,8.9116,0.585068,average_adult
892f5a37587ffff,892f5a37597ffff,475770391,13140663722,8.5112,0.61587,average_adult
892f5a37587ffff,892f5a375abffff,475770391,582802728,14.4868,0.176068,average_adult
892f5a37587ffff,892f5a375afffff,475770391,5506743143,19.887,7.9e-05,average_adult
892f5a37587ffff,892f5a375b3ffff,475770391,475758058,11.0631,0.416889,average_adult
892f5a37587ffff,892f5a375bbffff,475770391,472359980,8.1196,0.645549,average_adult
892f5a37587ffff,892f5aadb27ffff,475770391,517549695,17.0363,0.053211,average_adult
892f5a37587ffff,892f5aadb2fffff,475770391,5180913963,16.4885,0.074152,average_adult
892f5a3758bffff,892f5a37503ffff,6281439102,6237227412,16.9895,0.054873,average_adult
892f5a3758bffff,892f5a37507ffff,6281439102,9933084480,19.2629,0.003348,average_adult
892f5a3758bffff,892f5a37513ffff,6281439102,11538316379,8.9911,0.578909,average_adult
892f5a3758bffff,892f5a37517ffff,6281439102,6283520292,15.4608,0.121802,average_adult
892f5a3758bffff,892f5a3751bffff,6281439102,4716623608,15.0043,0.146209,average_adult
892f5a3758bffff,892f5a37583ffff,6281439102,1813858066,11.4534,0.386836,average_adult
892f5a3758bffff,892f5a37587ffff,6281439102,475770391,16.0701,0.092281,average_adult
892f5a3758bffff,892f5a3758bffff,6281439102,6281439102,0.4566,0.998714,average_adult
892f5a3758bffff,892f5a3758fffff,6281439102,13736742284,8.3599,0.627393,average_adult
892f5a3758bffff,892f5a37593ffff,6281439102,255996108,18.6042,0.01197,average_adult
892f5a3758bffff,892f5a3759bffff,6281439102,255995938,13.0696,0.268146,average_adult
892f5a3758bffff,892f5a375bbffff,6281439102,472359980,14.5743,0.170858,average_adult
892f5a3758bffff,892f5a375c3ffff,6281439102,472447266,13.3959,0.245754,average_adult
892f5a3758bffff,892f5a375c7ffff,6281439102,1664033852,10.2601,0.47958,average_adult
892f5a3758bffff,892f5a375cbffff,6281439102,2649421029,17.3728,0.041976,average_adult
892f5a3758bffff,892f5a375cfffff,6281439102,472382799,14.1153,0.198827,average_adult
892f5a3758bffff,892f5a375d3ffff,6281439102,4717672327,14.8293,0.156053,average_adult
892f5a3758bffff,892f5a375d7ffff,6281439102,472447132,8.8761,0.587814,average_adult
892f5a3758bffff,892f5aadb63ffff,6281439102,2375772172,19.6771,0.000643,average_adult
892f5a3758bffff,892f5aadb67ffff,6281439102,305443506,17.3783,0.041802,average_adult
892f5a3758bffff,892f5aadb6bffff,6281439102,472447041,16.7721,0.062906,average_adult
892f5a3758bffff,892f5aadb6fffff,6281439102,5422306027,12.7207,0.29276,average_adult
892f5a3758fffff,892f5a3664bffff,13736742284,8364977378,16.6634,0.067117,average_adult
892f5a3758fffff,892f5a3664fffff,13736742284,475762598,19.473,0.001713,average_adult
892f5a3758fffff,892f5a37503ffff,13736742284,6237227412,12.0932,0.338546,average_adult
892f5a3758fffff,892f5a37507ffff,13736742284,9933084480,13.4575,0.241603,average_adult
892f5a3758fffff,892f5a3750bffff,13736742284,4716326321,18.6536,0.011141,average_adult
892f5a3758fffff,892f5a3750fffff,13736742284,472360248,16.8129,0.061358,average_adult
892f5a3758fffff,892f5a37513ffff,13736742284,11538316379,7.1817,0.714191,average_adult
892f5a3758fffff,892f5a37517ffff,13736742284,6283520292,9.2452,0.559141,average_adult
892f5a3758fffff,892f5a3751bffff,13736742284,4716623608,14.3042,0.187118,average_adult
892f5a3758fffff,892f5a37533ffff,13736742284,9954179094,18.6489,0.011219,average_adult
892f5a3758fffff,892f5a37583ffff,13736742284,1813858066,10.0388,0.496954,average_adult
892f5a3758fffff,892f5a37587ffff,13736742284,475770391,8.9829,0.579545,average_adult
892f5a3758fffff,892f5a3758bffff,13736742284,6281439102,8.946,0.582403,average_adult
892f5a3758fffff,892f5a3758fffff,13736742284,13736742284,0.3799,0.99911,average_adult
892f5a3758fffff,892f5a37593ffff,13736742284,255996108,19.7432,0.000407,average_adult
892f5a3758fffff,892f5a37597ffff,13736742284,13140663722,15.8487,0.102592,average_adult
892f5a3758fffff,892f5a3759bffff,13736742284,255995938,14.2086,0.19301,average_adult
892f5a3758fffff,892f5a375abffff,13736742284,582802728,12.8961,0.280306,average_adult
892f5a3758fffff,892f5a375afffff,13736742284,5506743143,16.2258,0.085324,average_adult
892f5a3758fffff,892f5a375b3ffff,13736742284,475758058,14.3348,0.18525,average_adult
892f5a3758fffff,892f5a375bbffff,13736742284,472359980,7.4871,0.692274,average_adult
892f5a3758fffff,892f5a375c3ffff,13736742284,472447266,17.6156,0.034663,average_adult
892f5a3758fffff,892f5a375c7ffff,13736742284,1664033852,11.9227,0.351276,average_adult
892f5a3758fffff,892f5a375cfffff,13736742284,472382799,16.4567,0.075467,average_adult
892f5a3758fffff,892f5a375d3ffff,13736742284,4717672327,19.2283,0.003669,average_adult
892f5a3758fffff,892f5a375d7ffff,13736742284,472447132,12.9177,0.278783,average_adult
892f5a3758fffff,892f5aadb2fffff,13736742284,5180913963,18.6511,0.011182,average_adult
892f5a3758fffff,892f5aadb67ffff,13736742284,305443506,18.5173,0.013499,average_adult
892f5a3758fffff,892f5aadb6fffff,13736742284,5422306027,16.5193,0.072888,average_adult
892f5a37593ffff,892f5a37583ffff,255996108,1813858066,19.6908,0.00059,average_adult
892f5a37593ffff,892f5a37593ffff,255996108,255996108,0.331,0.999324,average_adult
892f5a37593ffff,892f5a3759bffff,255996108,255995938,9.0195,0.576705,average_adult
892f5a37593ffff,892f5a375d3ffff,255996108,4717672327,18.2412,0.018959,average_adult
892f5a37593ffff,892f5a375d7ffff,255996108,472447132,16.4505,0.075723,average_adult
892f5a37593ffff,892f5aadb07ffff,255996108,9239285385,19.4759,0.001694,average_adult
892f5a37593ffff,892f5aadb0fffff,255996108,6206442994,17.2759,0.045082,average_adult
892f5a37593ffff,892f5aadb23ffff,255996108,6206442559,14.9249,0.15064,average_adult
892f5a37593ffff,892f5aadb27ffff,255996108,517549695,18.9757,0.006459,average_adult
892f5a37593ffff,892f5aadb2bffff,255996108,1986321871,8.819,0.592225,average_adult
892f5a37593ffff,892f5aadb2fffff,255996108,5180913963,17.2329,0.046493,average_adult
892f5a37593ffff,892f5aadb33ffff,255996108,517548726,19.9238,3.6e-05,average_adult
892f5a37593ffff,892f5aadb37ffff,255996108,2393515085,19.8314,0.000175,average_adult
892f5a37593ffff,892f5aadb3bffff,255996108,13240346340,12.5268,0.306713,average_adult
892f5a37593ffff,892f5aadb63ffff,255996108,2375772172,11.6429,0.372397,average_adult
892f5a37593ffff,892f5aadb67ffff,255996108,305443506,5.3781,0.831943,average_adult
892f5a37593ffff,892f5aadb6bffff,255996108,472447041,17.7222,0.031665,average_adult
892f5a37593ffff,892f5aadb6fffff,255996108,5422306027,11.3724,0.393041,average_adult
892f5a37593ffff,892f5aadb77ffff,255996108,2377135303,10.2312,0.481848,average_adult
892f5a37597ffff,892f5a36643ffff,13140663722,1520857952,19.2563,0.003407,average_adult
892f5a37597ffff,892f5a36647ffff,13140663722,295413512,16.9233,0.057264,average_adult
892f5a37597ffff,892f5a3664bffff,13140663722,8364977378,8.0833,0.648276,average_adult
892f5a37597ffff,892f5a3664fffff,13140663722,475762598,12.9361,0.277486,average_adult
892f5a37597ffff,892f5a36653ffff,13140663722,1520857592,16.236,0.084876,average_adult
892f5a37597ffff,892f5a36657ffff,13140663722,10548487822,19.8637,0.000115,average_adult
892f5a37597ffff,892f5a3665bffff,13140663722,475768206,7.8095,0.668665,average_adult
892f5a37597ffff,892f5a3667bffff,13140663722,978985095,18.7077,0.010267,average_adult
892f5a37597ffff,892f5a366cbffff,13140663722,7374097405,19.0246,0.005857,average_adult
892f5a37597ffff,892f5a37517ffff,13140663722,6283520292,17.5587,0.036315,average_adult
892f5a37597ffff,892f5a37583ffff,13140663722,1813858066,14.6296,0.167604,average_adult
892f5a37597ffff,892f5a37587ffff,13140663722,475770391,6.0658,0.789695,average_adult
892f5a37597ffff,892f5a3758fffff,13140663722,13736742284,14.1327,0.19774,average_adult
892f5a37597ffff,892f5a37597ffff,13140663722,13140663722,0.6241,0.997599,average_adult
892f5a37597ffff,892f5a375abffff,13140663722,582802728,19.7079,0.000526,average_adult
892f5a37597ffff,892f5a375b3ffff,13140663722,475758058,12.8291,0.285048,average_adult
892f5a37597ffff,892f5a375bbffff,13140663722,472359980,13.3407,0.249499,average_adult
892f5a37597ffff,892f5aadb23ffff,13140663722,6206442559,15.7472,0.10748,average_adult
892f5a37597ffff,892f5aadb27ffff,13140663722,517549695,11.7069,0.367538,average_adult
892f5a37597ffff,892f5aadb2bffff,13140663722,1986321871,17.8828,0.027395,average_adult
892f5a37597ffff,892f5aadb2fffff,13140663722,5180913963,10.9817,0.4232,average_adult
892f5a37597ffff,892f5aadb37ffff,13140663722,2393515085,17.9128,0.026633,average_adult
892f5a37597ffff,892f5aadb3bffff,13140663722,13240346340,19.5658,0.001163,average_adult
892f5a3759bffff,892f5a374a7ffff,255995938,9791542150,18.7254,0.009988,average_adult
892f5a3759bffff,892f5a37513ffff,255995938,11538316379,16.0134,0.094874,average_adult
892f5a3759bffff,892f5a37583ffff,255995938,1813858066,12.6704,0.296361,average_adult
892f5a3759bffff,892f5a3758bffff,255995938,6281439102,13.605,0.231753,average_adult
892f5a3759bffff,892f5a3758fffff,255995938,13736742284,13.4452,0.242428,average_adult
892f5a3759bffff,892f5a37593ffff,255995938,255996108,7.5337,0.688892,average_adult
892f5a3759bffff,892f5a3759bffff,255995938,255995938,1.9992,0.975548,average_adult
892f5a3759bffff,892f5a375bbffff,255995938,472359980,19.4011,0.002211,average_adult
892f5a3759bffff,892f5a375c3ffff,255995938,472447266,14.953,0.149067,average_adult
892f5a3759bffff,892f5a375c7ffff,255995938,1664033852,15.4284,0.123474,average_adult
892f5a3759bffff,892f5a375cfffff,255995938,472382799,18.1159,0.021739,average_adult
892f5a3759bffff,892f5a375d3ffff,255995938,4717672327,13.8106,0.218268,average_adult
892f5a3759bffff,892f5a375d7ffff,255995938,472447132,9.4302,0.544691,average_adult
892f5a3759bffff,892f5aadb23ffff,255995938,6206442559,19.6006,0.000984,average_adult
892f5a3759bffff,892f5aadb2bffff,255995938,1986321871,13.4947,0.239108,average_adult
892f5a3759bffff,892f5aadb2fffff,255995938,5180913963,19.0957,0.005036,average_adult
892f5a3759bffff,892f5aadb3bffff,255995938,13240346340,17.2025,0.047503,average_adult
892f5a3759bffff,892f5aadb63ffff,255995938,2375772172,9.2967,0.555127,average_adult
892f5a3759bffff,892f5aadb67ffff,255995938,305443506,6.3078,0.773996,average_adult
892f5a3759bffff,892f5aadb6bffff,255995938,472447041,13.2916,0.252846,average_adult
892f5a3759bffff,892f5aadb6fffff,255995938,5422306027,6.9418,0.731056,average_adult
892f5a3759bffff,892f5aadb77ffff,255995938,2377135303,11.8382,0.357625,average_adult
892f5a3759bffff,892f5aadb7bffff,255995938,5025536627,16.0913,0.091317,average_adult
892f5a375a3ffff,892f5a362d3ffff,9954223273,471978645,18.6279,0.011568,average_adult
892f5a375a3ffff,892f5a362dbffff,9954223273,471978558,17.8878,0.027268,average_adult
892f5a375a3ffff,892f5a3664bffff,9954223273,8364977378,19.1465,0.004486,average_adult
892f5a375a3ffff,892f5a3664fffff,9954223273,475762598,19.1802,0.00414,average_adult
892f5a375a3ffff,892f5a3666bffff,9954223273,2199562412,19.275,0.003239,average_adult
892f5a375a3ffff,892f5a37507ffff,9954223273,9933084480,17.3645,0.042238,average_adult
892f5a375a3ffff,892f5a37533ffff,9954223273,9954179094,15.7001,0.109781,average_adult
892f5a375a3ffff,892f5a37537ffff,9954223273,5495728727,17.9591,0.025474,average_adult
892f5a375a3ffff,892f5a375a3ffff,9954223273,9954223273,0.4311,0.998854,average_adult
892f5a375a3ffff,892f5a375a7ffff,9954223273,2327217335,8.5184,0.615317,average_adult
892f5a375a3ffff,892f5a375abffff,9954223273,582802728,16.3708,0.07907,average_adult
892f5a375a3ffff,892f5a375afffff,9954223273,5506743143,12.5214,0.307103,average_adult
892f5a375a3ffff,892f5a375b3ffff,9954223273,475758058,15.7184,0.108885,average_adult
892f5a375a3ffff,892f5a375b7ffff,9954223273,2890576069,15.0626,0.142987,average_adult
892f5a375a3ffff,892f5a375bbffff,9954223273,472359980,14.8423,0.155311,average_adult
892f5a375a7ffff,892f5a3629bffff,2327217335,1304643617,16.3811,0.078635,average_adult
892f5a375a7ffff,892f5a362c3ffff,2327217335,7946433661,13.6031,0.231883,average_adult
892f5a375a7ffff,892f5a362c7ffff,2327217335,896901457,19.1703,0.004241,average_adult
892f5a375a7ffff,892f5a362cbffff,2327217335,472359869,13.8524,0.215565,average_adult
892f5a375a7ffff,892f5a362cfffff,2327217335,2095799546,19.4003,0.002217,average_adult
892f5a375a7ffff,892f5a362d3ffff,2327217335,471978645,10.3426,0.473106,average_adult
892f5a375a7ffff,892f5a362d7ffff,2327217335,1239449343,15.8233,0.103804,average_adult
892f5a375a7ffff,892f5a362dbffff,2327217335,471978558,9.6662,0.526205,average_adult
892f5a375a7ffff,892f5a36647ffff,2327217335,295413512,19.0706,0.005319,average_adult
892f5a375a7ffff,892f5a3664bffff,2327217335,8364977378,19.9188,4.1e-05,average_adult
892f5a375a7ffff,892f5a3664fffff,2327217335,475762598,16.2821,0.082871,average_adult
892f5a375a7ffff,892f5a36663ffff,2327217335,318826549,18.3441,0.016819,average_adult
892f5a375a7ffff,892f5a3666bffff,2327217335,2199562412,11.2766,0.400408,average_adult
892f5a375a7ffff,892f5a36673ffff,2327217335,861244781,19.9424,2e-05,average_adult
892f5a375a7ffff,892f5a3667bffff,2327217335,978985095,14.386,0.182135,average_adult
892f5a375a7ffff,892f5a37507ffff,2327217335,9933084480,18.8737,0.007805,average_adult
892f5a375a7ffff,892f5a37517ffff,2327217335,6283520292,19.8096,0.000224,average_adult
892f5a375a7ffff,892f5a37527ffff,2327217335,9602267747,17.5183,0.037512,average_adult
892f5a375a7ffff,892f5a37533ffff,2327217335,9954179094,15.2164,0.134633,average_adult
892f5a375a7ffff,892f5a37537ffff,2327217335,5495728727,11.7135,0.367038,average_adult
892f5a375a7ffff,892f5a375a3ffff,2327217335,9954223273,10.8139,0.436248,average_adult
892f5a375a7ffff,892f5a375a7ffff,2327217335,2327217335,0.1179,0.999914,average_adult
892f5a375a7ffff,892f5a375abffff,2327217335,582802728,14.7102,0.162903,average_adult
892f5a375a7ffff,892f5a375afffff,2327217335,5506743143,8.9966,0.578484,average_adult
892f5a375a7ffff,892f5a375b3ffff,2327217335,475758058,16.5991,0.069666,average_adult
892f5a375a7ffff,892f5a375b7ffff,2327217335,2890576069,10.344,0.472993,average_adult
892f5a375a7ffff,892f5a375bbffff,2327217335,472359980,17.2842,0.044811,average_adult
892f5a375abffff,892f5a362c3ffff,582802728,7946433661,19.2192,0.003756,average_adult
892f5a375abffff,892f5a362cbffff,582802728,472359869,15.5505,0.117231,average_adult
892f5a375abffff,892f5a362d3ffff,582802728,471978645,19.2152,0.003794,average_adult
892f5a375abffff,892f5a362dbffff,582802728,471978558,14.9035,0.151844,average_adult
892f5a375abffff,892f5a3664bffff,582802728,8364977378,19.6975,0.000564,average_adult
892f5a375abffff,892f5a3664fffff,582802728,475762598,19.7311,0.000446,average_adult
892f5a375abffff,892f5a37503ffff,582802728,6237227412,10.9006,0.429503,average_adult
892f5a375abffff,892f5a37507ffff,582802728,9933084480,5.3626,0.832853,average_adult
892f5a375abffff,892f5a3750bffff,582802728,4716326321,18.1857,0.020168,average_adult
892f5a375abffff,892f5a3750fffff,582802728,472360248,11.3105,0.397801,average_adult
892f5a375abffff,892f5a37513ffff,582802728,11538316379,11.3661,0.393527,average_adult
892f5a375abffff,892f5a37517ffff,582802728,6283520292,6.3423,0.771731,average_adult
892f5a375abffff,892f5a3751bffff,582802728,4716623608,18.6206,0.011692,average_adult
892f5a375abffff,892f5a37527ffff,582802728,9602267747,18.7255,0.009987,average_adult
892f5a375abffff,892f5a3752bffff,582802728,472360457,18.6377,0.011404,average_adult
892f5a375abffff,892f5a37533ffff,582802728,9954179094,7.5158,0.690195,average_adult
892f5a375abffff,892f5a37537ffff,582802728,5495728727,9.843,0.512327,average_adult
892f5a375abffff,892f5a3753bffff,582802728,1094547495,11.8815,0.354371,average_adult
892f5a375abffff,892f5a37573ffff,582802728,472382641,17.0278,0.05351,average_adult
892f5a375abffff,892f5a37577ffff,582802728,1706684673,16.0045,0.095285,average_adult
892f5a375abffff,892f5a37587ffff,582802728,475770391,15.1465,0.138408,average_adult
892f5a375abffff,892f5a3758bffff,582802728,6281439102,19.8391,0.00016,average_adult
892f5a375abffff,892f5a3758fffff,582802728,13736742284,14.3001,0.187372,average_adult
892f5a375abffff,892f5a375a3ffff,582802728,9954223273,17.0997,0.050996,average_adult
892f5a375abffff,892f5a375a7ffff,582802728,2327217335,11.8727,0.355027,average_adult
892f5a375abffff,892f5a375abffff,582802728,582802728,0.1888,0.99978,average_adult
892f5a375abffff,892f5a375afffff,582802728,5506743143,5.8881,0.80096,average_adult
892f5a375abffff,892f5a375b3ffff,582802728,475758058,15.2069,0.135146,average_adult
892f5a375abffff,892f5a375b7ffff,582802728,2890576069,19.8649,0.000113,average_adult
892f5a375abffff,892f5a375bbffff,582802728,472359980,7.9648,0.657138,average_adult
892f5a375abffff,892f5a375c7ffff,582802728,1664033852,17.7571,0.030711,average_adult
892f5a375afffff,892f5a36253ffff,5506743143,11512438978,17.8659,0.027831,average_adult
892f5a375afffff,892f5a362c3ffff,5506743143,7946433661,14.0658,0.201941,average_adult
892f5a375afffff,892f5a362c7ffff,5506743143,896901457,19.043,0.005639,average_adult
892f5a375afffff,892f5a362cbffff,5506743143,472359869,11.3233,0.396819,average_adult
892f5a375afffff,892f5a362cfffff,5506743143,2095799546,17.5844,0.035563,average_adult
892f5a375afffff,892f5a362d3ffff,5506743143,471978645,13.7788,0.220335,average_adult
892f5a375afffff,892f5a362d7ffff,5506743143,1239449343,19.4611,0.00179,average_adult
892f5a375afffff,892f5a362dbffff,5506743143,471978558,9.7502,0.519616,average_adult
892f5a375afffff,892f5a3666bffff,5506743143,2199562412,17.9753,0.025075,average_adult
892f5a375afffff,892f5a37503ffff,5506743143,6237227412,16.4686,0.074972,average_adult
892f5a375afffff,892f5a37507ffff,5506743143,9933084480,10.808,0.436709,average_adult
892f5a375afffff,892f5a3750fffff,5506743143,472360248,16.4479,0.075831,average_adult
892f5a375afffff,892f5a37513ffff,5506743143,11538316379,16.9342,0.056868,average_adult
892f5a375afffff,892f5a37517ffff,5506743143,6283520292,11.7239,0.366252,average_adult
892f5a375afffff,892f5a37527ffff,5506743143,9602267747,14.7554,0.160288,average_adult
892f5a375afffff,892f5a37533ffff,5506743143,9954179094,7.176,0.714597,average_adult
892f5a375afffff,892f5a37537ffff,5506743143,5495728727,5.8885,0.80093,average_adult
892f5a375afffff,892f5a3753bffff,5506743143,1094547495,13.8721,0.214295,average_adult
892f5a375afffff,892f5a37577ffff,5506743143,1706684673,19.64,0.000799,average_adult
892f5a375afffff,892f5a3758fffff,5506743143,13736742284,18.2304,0.019192,average_adult
892f5a375afffff,892f5a375a3ffff,5506743143,9954223273,13.6382,0.229558,average_adult
892f5a375afffff,892f5a375a7ffff,5506743143,2327217335,6.9955,0.727311,average_adult
892f5a375afffff,892f5a375abffff,5506743143,582802728,6.3654,0.770205,average_adult
892f5a375afffff,892f5a375afffff,5506743143,5506743143,0.2264,0.999684,average_adult
892f5a375afffff,892f5a375b7ffff,5506743143,2890576069,15.8713,0.101516,average_adult
892f5a375afffff,892f5a375bbffff,5506743143,472359980,13.3635,0.247952,average_adult
892f5a375b3ffff,892f5a3660bffff,475758058,6282956810,19.5493,0.001253,average_adult
892f5a375b3ffff,892f5a36647ffff,475758058,295413512,13.6442,0.229161,average_adult
892f5a375b3ffff,892f5a3664bffff,475758058,8364977378,5.5197,0.823545,average_adult
892f5a375b3ffff,892f5a3664fffff,475758058,475762598,7.3974,0.698761,average_adult
892f5a375b3ffff,892f5a3665bffff,475758058,475768206,12.2879,0.324153,average_adult
892f5a375b3ffff,892f5a36663ffff,475758058,318826549,19.2067,0.003877,average_adult
892f5a375b3ffff,892f5a3666bffff,475758058,2199562412,15.4901,0.120305,average_adult
892f5a375b3ffff,892f5a36673ffff,475758058,861244781,17.2335,0.046473,average_adult
892f5a375b3ffff,892f5a3667bffff,475758058,978985095,12.9953,0.273333,average_adult
892f5a375b3ffff,892f5a37517ffff,475758058,6283520292,16.9035,0.05799,average_adult
892f5a375b3ffff,892f5a37587ffff,475758058,475770391,10.5822,0.454335,average_adult
892f5a375b3ffff,892f5a3758fffff,475758058,13736742284,15.1482,0.138314,average_adult
892f5a375b3ffff,892f5a37597ffff,475758058,13140663722,13.8781,0.213906,average_adult
892f5a375b3ffff,892f5a375a3ffff,475758058,9954223273,17.2602,0.045595,average_adult
892f5a375b3ffff,892f5a375a7ffff,475758058,2327217335,16.9944,0.054696,average_adult
892f5a375b3ffff,892f5a375abffff,475758058,582802728,16.4288,0.07663,average_adult
892f5a375b3ffff,892f5a375b3ffff,475758058,475758058,0.8421,0.995632,average_adult
892f5a375b3ffff,892f5a375b7ffff,475758058,2890576069,10.3199,0.47489,average_adult
892f5a375b3ffff,892f5a375bbffff,475758058,472359980,10.5819,0.454358,average_adult
892f5a375b3ffff,892f5aadb27ffff,475758058,517549695,17.1884,0.047974,average_adult
892f5a375b3ffff,892f5aadb2fffff,475758058,5180913963,18.6793,0.010722,average_adult
892f5a375b7ffff,892f5a362d3ffff,2890576069,471978645,14.6403,0.166976,average_adult
892f5a375b7ffff,892f5a362d7ffff,2890576069,1239449343,19.8483,0.000142,average_adult
892f5a375b7ffff,892f5a362dbffff,2890576069,471978558,17.4225,0.040423,average_adult
892f5a375b7ffff,892f5a3660bffff,2890576069,6282956810,16.8074,0.061567,average_adult
892f5a375b7ffff,892f5a36647ffff,2890576069,295413512,10.9023,0.429367,average_adult
892f5a375b7ffff,892f5a3664bffff,2890576069,8364977378,11.7506,0.364234,average_adult
892f5a375b7ffff,892f5a3664fffff,2890576069,475762598,8.1139,0.64598,average_adult
892f5a375b7ffff,892f5a36657ffff,2890576069,10548487822,18.1961,0.019938,average_adult
892f5a375b7ffff,892f5a3665bffff,2890576069,475768206,18.5188,0.013473,average_adult
892f5a375b7ffff,892f5a36663ffff,2890576069,318826549,14.0426,0.203407,average_adult
892f5a375b7ffff,892f5a36667ffff,2890576069,1304352208,19.1984,0.003959,average_adult
892f5a375b7ffff,892f5a3666bffff,2890576069,2199562412,8.1964,0.639764,average_adult
892f5a375b7ffff,892f5a3666fffff,2890576069,7263440604,17.6739,0.033008,average_adult
892f5a375b7ffff,892f5a36673ffff,2890576069,861244781,13.3876,0.246317,average_adult
892f5a375b7ffff,892f5a36677ffff,2890576069,318826498,17.089,0.051367,average_adult
892f5a375b7ffff,892f5a3667bffff,2890576069,978985095,7.8312,0.66706,average_adult
892f5a375b7ffff,892f5a37537ffff,2890576069,5495728727,17.496,0.03818,average_adult
892f5a375b7ffff,892f5a37587ffff,2890576069,475770391,18.171,0.020494,average_adult
892f5a375b7ffff,892f5a375a3ffff,2890576069,9954223273,14.6191,0.168218,average_adult
892f5a375b7ffff,892f5a375a7ffff,2890576069,2327217335,8.8504,0.5898,average_adult
892f5a375b7ffff,892f5a375abffff,2890576069,582802728,19.5636,0.001174,average_adult
892f5a375b7ffff,892f5a375afffff,2890576069,5506743143,13.6838,0.226551,average_adult
892f5a375b7ffff,892f5a375b3ffff,2890576069,475758058,8.4309,0.621995,average_adult
892f5a375b7ffff,892f5a375b7ffff,2890576069,2890576069,0.5649,0.998033,average_adult
892f5a375b7ffff,892f5a375bbffff,2890576069,472359980,15.3265,0.128787,average_adult
892f5a375bbffff,892f5a3664bffff,472359980,8364977378,14.6206,0.16813,average_adult
892f5a375bbffff,892f5a3664fffff,472359980,475762598,14.6542,0.166161,average_adult
892f5a375bbffff,892f5a37503ffff,472359980,6237227412,15.4358,0.123089,average_adult
892f5a375bbffff,892f5a37507ffff,472359980,9933084480,13.2372,0.256569,average_adult
892f5a375bbffff,892f5a3750fffff,472359980,472360248,19.5007,0.001537,average_adult
892f5a375bbffff,892f5a37513ffff,472359980,11538316379,13.5359,0.236353,average_adult
892f5a375bbffff,892f5a37517ffff,472359980,6283520292,8.2412,0.636382,average_adult
892f5a375bbffff,892f5a37533ffff,472359980,9954179094,15.9368,0.098431,average_adult
892f5a375bbffff,892f5a37537ffff,472359980,5495728727,18.3058,0.017602,average_adult
892f5a375bbffff,892f5a37583ffff,472359980,1813858066,18.067,0.022872,average_adult
892f5a375bbffff,892f5a37587ffff,472359980,475770391,9.1296,0.568147,average_adult
892f5a375bbffff,892f5a3758bffff,472359980,6281439102,16.9742,0.05542,average_adult
892f5a375bbffff,892f5a3758fffff,472359980,13736742284,8.7663,0.596291,average_adult
892f5a375bbffff,892f5a37597ffff,472359980,13140663722,15.8581,0.102144,average_adult
892f5a375bbffff,892f5a375a3ffff,472359980,9954223273,14.4195,0.180109,average_adult
892f5a375bbffff,892f5a375a7ffff,472359980,2327217335,16.1446,0.08892,average_adult
892f5a375bbffff,892f5a375abffff,472359980,582802728,8.8075,0.593108,average_adult
892f5a375bbffff,892f5a375afffff,472359980,5506743143,13.6052,0.23174,average_adult
892f5a375bbffff,892f5a375b3ffff,472359980,475758058,10.0142,0.498888,average_adult
892f5a375bbffff,892f5a375b7ffff,472359980,2890576069,16.5941,0.069865,average_adult
892f5a375bbffff,892f5a375bbffff,472359980,472359980,0.5807,0.997921,average_adult
892f5a375bbffff,892f5a375c7ffff,472359980,1664033852,19.9269,3.3e-05,average_adult
892f5a375c3ffff,892f5a37423ffff,472447266,475369332,18.948,0.006811,average_adult
892f5a375c3ffff,892f5a37427ffff,472447266,7947429975,13.823,0.217467,average_adult
892f5a375c3ffff,892f5a37433ffff,472447266,9775221793,16.5327,0.072344,average_adult
892f5a375c3ffff,892f5a37437ffff,472447266,6240815386,11.1029,0.413808,average_adult
892f5a375c3ffff,892f5a374a3ffff,472447266,7942739530,16.9015,0.058063,average_adult
892f5a375c3ffff,892f5a374a7ffff,472447266,9791542150,11.0507,0.417856,average_adult
892f5a375c3ffff,892f5a374abffff,472447266,475369013,17.9971,0.024542,average_adult
892f5a375c3ffff,892f5a374afffff,472447266,475368981,12.8471,0.283772,average_adult
892f5a375c3ffff,892f5a374b7ffff,472447266,4511333938,17.7955,0.02968,average_adult
892f5a375c3ffff,892f5a3750bffff,472447266,4716326321,18.4141,0.015434,average_adult
892f5a375c3ffff,892f5a37513ffff,472447266,11538316379,16.772,0.06291,average_adult
892f5a375c3ffff,892f5a3751bffff,472447266,4716623608,12.14,0.33507,average_adult
892f5a375c3ffff,892f5a37543ffff,472447266,1097906783,18.9095,0.007318,average_adult
892f5a375c3ffff,892f5a37553ffff,472447266,472382750,14.2973,0.187543,average_adult
892f5a375c3ffff,892f5a37557ffff,472447266,2704049830,14.8464,0.15508,average_adult
892f5a375c3ffff,892f5a3755bffff,472447266,1097906786,17.2253,0.046742,average_adult
892f5a375c3ffff,892f5a3758bffff,472447266,6281439102,16.5308,0.072419,average_adult
892f5a375c3ffff,892f5a3759bffff,472447266,255995938,17.3573,0.042463,average_adult
892f5a375c3ffff,892f5a375c3ffff,472447266,472447266,0.165,0.999832,average_adult
892f5a375c3ffff,892f5a375c7ffff,472447266,1664033852,9.4308,0.544642,average_adult
892f5a375c3ffff,892f5a375cbffff,472447266,2649421029,7.1482,0.716566,average_adult
892f5a375c3ffff,892f5a375cfffff,472447266,472382799,8.437,0.621531,average_adult
892f5a375c3ffff,892f5a375d3ffff,472447266,4717672327,9.5463,0.535606,average_adult
892f5a375c3ffff,892f5a375d7ffff,472447266,472447132,9.1136,0.56939,average_adult
892f5a375c3ffff,892f5a375dbffff,472447266,475368843,9.2426,0.559345,average_adult
892f5a375c3ffff,892f5aadb67ffff,472447266,305443506,19.6848,0.000613,average_adult
892f5a375c3ffff,892f5aadb6bffff,472447266,472447041,14.5874,0.170086,average_adult
892f5a375c3ffff,892f5aadb6fffff,472447266,5422306027,12.5135,0.307678,average_adult
892f5a375c7ffff,892f5a37427ffff,1664033852,7947429975,18.8183,0.008589,average_adult
892f5a375c7ffff,892f5a37437ffff,1664033852,6240815386,16.3358,0.080561,average_adult
892f5a375c7ffff,892f5a374a7ffff,1664033852,9791542150,17.856,0.028089,average_adult
892f5a375c7ffff,892f5a374afffff,1664033852,475368981,19.3945,0.00226,average_adult
892f5a375c7ffff,892f5a37503ffff,1664033852,6237227412,13.9148,0.211546,average_adult
892f5a375c7ffff,892f5a37507ffff,1664033852,9933084480,17.281,0.044913,average_adult
892f5a375c7ffff,892f5a3750bffff,1664033852,4716326321,14.7363,0.16139,average_adult
892f5a375c7ffff,892f5a3750fffff,1664033852,472360248,18.629,0.011549,average_adult
892f5a375c7ffff,892f5a37513ffff,1664033852,11538316379,9.1391,0.567413,average_adult
892f5a375c7ffff,892f5a37517ffff,1664033852,6283520292,15.7054,0.10952,average_adult
892f5a375c7ffff,892f5a3751bffff,1664033852,4716623608,8.2352,0.63684,average_adult
892f5a375c7ffff,892f5a37543ffff,1664033852,1097906783,16.9907,0.05483,average_adult
892f5a375c7ffff,892f5a37547ffff,1664033852,7966410040,18.4182,0.015355,average_adult
892f5a375c7ffff,892f5a37553ffff,1664033852,472382750,14.6475,0.166553,average_adult
892f5a375c7ffff,892f5a37557ffff,1664033852,2704049830,12.9276,0.278089,average_adult
892f5a375c7ffff,892f5a3755bffff,1664033852,1097906786,18.6368,0.011419,average_adult
892f5a375c7ffff,892f5a37583ffff,1664033852,1813858066,19.2176,0.003772,average_adult
892f5a375c7ffff,892f5a3758bffff,1664033852,6281439102,12.6559,0.297408,average_adult
892f5a375c7ffff,892f5a3758fffff,1664033852,13736742284,14.0636,0.202078,average_adult
892f5a375c7ffff,892f5a3759bffff,1664033852,255995938,16.6056,0.069403,average_adult
892f5a375c7ffff,892f5a375c3ffff,1664033852,472447266,8.8266,0.591634,average_adult
892f5a375c7ffff,892f5a375c7ffff,1664033852,1664033852,0.7052,0.996935,average_adult
892f5a375c7ffff,892f5a375cbffff,1664033852,2649421029,12.3521,0.31944,average_adult
892f5a375c7ffff,892f5a375cfffff,1664033852,472382799,6.5181,0.760034,average_adult
892f5a375c7ffff,892f5a375d3ffff,1664033852,4717672327,12.9306,0.277875,average_adult
892f5a375c7ffff,892f5a375d7ffff,1664033852,472447132,9.4235,0.545215,average_adult
892f5a375c7ffff,892f5a375dbffff,1664033852,475368843,16.7987,0.061896,average_adult
892f5a375c7ffff,892f5aadb6bffff,1664033852,472447041,17.6024,0.035041,average_adult
892f5a375c7ffff,892f5aadb6fffff,1664033852,5422306027,15.4353,0.123116,average_adult
892f5a375cbffff,892f5a37097ffff,2649421029,1097931942,16.0814,0.091767,average_adult
892f5a375cbffff,892f5a37407ffff,2649421029,6743431386,16.9841,0.055065,average_adult
892f5a375cbffff,892f5a37423ffff,2649421029,475369332,14.7058,0.163158,average_adult
892f5a375cbffff,892f5a37427ffff,2649421029,7947429975,8.573,0.611138,average_adult
892f5a375cbffff,892f5a3742fffff,2649421029,2196826810,14.5499,0.172305,average_adult
892f5a375cbffff,892f5a37433ffff,2649421029,9775221793,12.2904,0.323966,average_adult
892f5a375cbffff,892f5a37437ffff,2649421029,6240815386,6.2484,0.777892,average_adult
892f5a375cbffff,892f5a3743bffff,2649421029,6475813119,19.9578,1.1e-05,average_adult
892f5a375cbffff,892f5a374a3ffff,2649421029,7942739530,16.3655,0.079295,average_adult
892f5a375cbffff,892f5a374a7ffff,2649421029,9791542150,13.5036,0.238511,average_adult
892f5a375cbffff,892f5a374abffff,2649421029,475369013,16.1755,0.087544,average_adult
892f5a375cbffff,892f5a374afffff,2649421029,475368981,11.3141,0.397524,average_adult
892f5a375cbffff,892f5a3750bffff,2649421029,4716326321,14.9067,0.151668,average_adult
892f5a375cbffff,892f5a37513ffff,2649421029,11538316379,19.0825,0.005183,average_adult
892f5a375cbffff,892f5a3751bffff,2649421029,4716623608,14.2555,0.190115,average_adult
892f5a375cbffff,892f5a37543ffff,2649421029,1097906783,14.2553,0.190124,average_adult
892f5a375cbffff,892f5a37547ffff,2649421029,7966410040,17.7037,0.032175,average_adult
892f5a375cbffff,892f5a3754bffff,2649421029,1097906906,18.2054,0.019736,average_adult
892f5a375cbffff,892f5a37553ffff,2649421029,472382750,8.7834,0.594969,average_adult
892f5a375cbffff,892f5a37557ffff,2649421029,2704049830,10.7709,0.439604,average_adult
892f5a375cbffff,892f5a3755bffff,2649421029,1097906786,11.6933,0.368572,average_adult
892f5a375cbffff,892f5a375c3ffff,2649421029,472447266,5.6799,0.813853,average_adult
892f5a375cbffff,892f5a375c7ffff,2649421029,1664033852,11.9695,0.347768,average_adult
892f5a375cbffff,892f5a375cbffff,2649421029,2649421029,0.0817,0.999959,average_adult
892f5a375cbffff,892f5a375cfffff,2649421029,472382799,9.5163,0.537953,average_adult
892f5a375cbffff,892f5a375d3ffff,2649421029,4717672327,14.1098,0.199172,average_adult
892f5a375cbffff,892f5a375d7ffff,2649421029,472447132,14.6285,0.167666,average_adult
892f5a375cbffff,892f5a375dbffff,2649421029,475368843,8.9466,0.582355,average_adult
892f5a375cbffff,892f5aadb6bffff,2649421029,472447041,19.4793,0.001672,average_adult
892f5a375cbffff,892f5aadb6fffff,2649421029,5422306027,17.4054,0.040955,average_adult
892f5a375cfffff,892f5a37097ffff,472382799,1097931942,17.9044,0.026846,average_adult
892f5a375cfffff,892f5a37427ffff,472382799,7947429975,13.6995,0.225524,average_adult
892f5a375cfffff,892f5a3742fffff,472382799,2196826810,16.8324,0.060625,average_adult
892f5a375cfffff,892f5a37433ffff,472382799,9775221793,17.9848,0.024842,average_adult
892f5a375cfffff,892f5a37437ffff,472382799,6240815386,11.9427,0.349776,average_adult
892f5a375cfffff,892f5a374a7ffff,472382799,9791542150,16.1029,0.090794,average_adult
892f5a375cfffff,892f5a374afffff,472382799,475368981,16.6234,0.068698,average_adult
892f5a375cfffff,892f5a37503ffff,472382799,6237227412,17.0218,0.053722,average_adult
892f5a375cfffff,892f5a3750bffff,472382799,4716326321,10.6346,0.450239,average_adult
892f5a375cfffff,892f5a3750fffff,472382799,472360248,17.5437,0.036758,average_adult
892f5a375cfffff,892f5a37513ffff,472382799,11538316379,12.2461,0.327232,average_adult
892f5a375cfffff,892f5a37517ffff,472382799,6283520292,18.8124,0.008675,average_adult
892f5a375cfffff,892f5a3751bffff,472382799,4716623608,7.0189,0.725671,average_adult
892f5a375cfffff,892f5a37543ffff,472382799,1097906783,11.13,0.411717,average_adult
892f5a375cfffff,892f5a37547ffff,472382799,7966410040,13.9997,0.206124,average_adult
892f5a375cfffff,892f5a3754bffff,472382799,1097906906,15.5939,0.11505,average_adult
892f5a375cfffff,892f5a3754fffff,472382799,8908901051,19.0887,0.005114,average_adult
892f5a375cfffff,892f5a37553ffff,472382799,472382750,8.7869,0.594704,average_adult
892f5a375cfffff,892f5a37557ffff,472382799,2704049830,7.0669,0.722302,average_adult
892f5a375cfffff,892f5a3755bffff,472382799,1097906786,13.0462,0.269779,average_adult
892f5a375cfffff,892f5a37573ffff,472382799,472382641,16.4821,0.074415,average_adult
892f5a375cfffff,892f5a3758bffff,472382799,6281439102,16.1627,0.088114,average_adult
892f5a375cfffff,892f5a3758fffff,472382799,13736742284,17.1707,0.048573,average_adult
892f5a375cfffff,892f5a3759bffff,472382799,255995938,19.73,0.000449,average_adult
892f5a375cfffff,892f5a375c3ffff,472382799,472447266,6.4183,0.766701,average_adult
892f5a375cfffff,892f5a375c7ffff,472382799,1664033852,5.1331,0.846087,average_adult
892f5a375cfffff,892f5a375cbffff,472382799,2649421029,8.765,0.59639,average_adult
892f5a375cfffff,892f5a375cfffff,472382799,472382799,0.6575,0.997336,average_adult
892f5a375cfffff,892f5a375d3ffff,472382799,4717672327,15.3699,0.126514,average_adult
892f5a375cfffff,892f5a375d7ffff,472382799,472447132,12.5479,0.305188,average_adult
892f5a375cfffff,892f5a375dbffff,472382799,475368843,14.0373,0.203741,average_adult
892f5a375cfffff,892f5aadb6fffff,472382799,5422306027,18.3371,0.01696,average_adult
892f5a375d3ffff,892f5a37427ffff,4717672327,7947429975,16.1385,0.089194,average_adult
892f5a375d3ffff,892f5a37433ffff,4717672327,9775221793,17.6134,0.034727,average_adult
892f5a375d3ffff,892f5a37437ffff,4717672327,6240815386,12.4716,0.310719,average_adult
892f5a375d3ffff,892f5a374a3ffff,4717672327,7942739530,12.8224,0.285519,average_adult
892f5a375d3ffff,892f5a374a7ffff,4717672327,9791542150,6.3778,0.769386,average_adult
892f5a375d3ffff,892f5a374abffff,4717672327,475369013,16.6491,0.067679,average_adult
892f5a375d3ffff,892f5a374afffff,4717672327,475368981,11.499,0.38335,average_adult
892f5a375d3ffff,892f5a374b3ffff,4717672327,11072417469,18.3855,0.015992,average_adult
892f5a375d3ffff,892f5a374b7ffff,4717672327,4511333938,12.2441,0.327373,average_adult
892f5a375d3ffff,892f5a374bbffff,4717672327,1665929771,18.9356,0.006972,average_adult
892f5a375d3ffff,892f5a37513ffff,4717672327,11538316379,16.8047,0.061667,average_adult
892f5a375d3ffff,892f5a3751bffff,4717672327,4716623608,16.6785,0.066523,average_adult
892f5a375d3ffff,892f5a37553ffff,4717672327,472382750,19.256,0.003411,average_adult
892f5a375d3ffff,892f5a37557ffff,4717672327,2704049830,19.8754,9.6e-05,average_adult
892f5a375d3ffff,892f5a37583ffff,4717672327,1813858066,19.7566,0.000365,average_adult
892f5a375d3ffff,892f5a3758bffff,4717672327,6281439102,14.6975,0.163637,average_adult
892f5a375d3ffff,892f5a3758fffff,4717672327,13736742284,19.193,0.004012,average_adult
892f5a375d3ffff,892f5a37593ffff,4717672327,255996108,16.0592,0.092774,average_adult
892f5a375d3ffff,892f5a3759bffff,4717672327,255995938,11.7024,0.367879,average_adult
892f5a375d3ffff,892f5a375c3ffff,4717672327,472447266,5.9672,0.795974,average_adult
892f5a375d3ffff,892f5a375c7ffff,4717672327,1664033852,11.1362,0.411234,average_adult
892f5a375d3ffff,892f5a375cbffff,4717672327,2649421029,10.5542,0.456528,average_adult
892f5a375d3ffff,892f5a375cfffff,4717672327,472382799,13.466,0.241034,average_adult
892f5a375d3ffff,892f5a375d3ffff,4717672327,4717672327,0.774,0.996309,average_adult
892f5a375d3ffff,892f5a375d7ffff,4717672327,472447132,5.5091,0.824182,average_adult
892f5a375d3ffff,892f5a375dbffff,4717672327,475368843,8.406,0.623886,average_adult
892f5a375d3ffff,892f5aadb2bffff,4717672327,1986321871,17.8654,0.027843,average_adult
892f5a375d3ffff,892f5aadb4fffff,4717672327,4511333552,19.5028,0.001524,average_adult
892f5a375d3ffff,892f5aadb63ffff,4717672327,2375772172,13.4528,0.241919,average_adult
892f5a375d3ffff,892f5aadb67ffff,4717672327,305443506,12.7488,0.290755,average_adult
892f5a375d3ffff,892f5aadb6bffff,4717672327,472447041,6.7433,0.744771,average_adult
892f5a375d3ffff,892f5aadb6fffff,4717672327,5422306027,5.5775,0.820073,average_adult
892f5a375d3ffff,892f5aadb73ffff,4717672327,4870614084,19.7969,0.000254,average_adult
892f5a375d3ffff,892f5aadb77ffff,4717672327,2377135303,16.1938,0.086736,average_adult
892f5a375d3ffff,892f5aadb7bffff,4717672327,5025536627,14.7703,0.159431,average_adult
892f5a375d7ffff,892f5a37437ffff,472447132,6240815386,16.7417,0.064072,average_adult
892f5a375d7ffff,892f5a374a3ffff,472447132,7942739530,18.9926,0.006248,average_adult
892f5a375d7ffff,892f5a374a7ffff,472447132,9791542150,12.5479,0.305188,average_adult
892f5a375d7ffff,892f5a374afffff,472447132,475368981,17.6451,0.033819,average_adult
892f5a375d7ffff,892f5a374b7ffff,472447132,4511333938,15.7462,0.107525,average_adult
892f5a375d7ffff,892f5a37503ffff,472447132,6237227412,19.2286,0.003666,average_adult
892f5a375d7ffff,892f5a37513ffff,472447132,11538316379,12.6734,0.296149,average_adult
892f5a375d7ffff,892f5a37517ffff,472447132,6283520292,19.1431,0.004522,average_adult
892f5a375d7ffff,892f5a3751bffff,472447132,4716623608,14.433,0.179297,average_adult
892f5a375d7ffff,892f5a37553ffff,472447132,472382750,17.5766,0.03579,average_adult
892f5a375d7ffff,892f5a37557ffff,472447132,2704049830,17.6298,0.034254,average_adult
892f5a375d7ffff,892f5a37583ffff,472447132,1813858066,15.0231,0.145168,average_adult
892f5a375d7ffff,892f5a3758bffff,472447132,6281439102,10.2791,0.478085,average_adult
892f5a375d7ffff,892f5a3758fffff,472447132,13736742284,14.5356,0.173154,average_adult
892f5a375d7ffff,892f5a37593ffff,472447132,255996108,15.0381,0.144334,average_adult
892f5a375d7ffff,892f5a3759bffff,472447132,255995938,9.5036,0.538947,average_adult
892f5a375d7ffff,892f5a375c3ffff,472447132,472447266,6.5956,0.754818,average_adult
892f5a375d7ffff,892f5a375c7ffff,472447132,1664033852,8.533,0.614204,average_adult
892f5a375d7ffff,892f5a375cbffff,472447132,2649421029,13.5788,0.233494,average_adult
892f5a375d7ffff,892f5a375cfffff,472447132,472382799,11.2204,0.404734,average_adult
892f5a375d7ffff,892f5a375d3ffff,472447132,4717672327,6.9441,0.730895,average_adult
892f5a375d7ffff,892f5a375d7ffff,472447132,472447132,0.6114,0.997696,average_adult
892f5a375d7ffff,892f5a375dbffff,472447132,475368843,14.0407,0.20353,average_adult
892f5a375d7ffff,892f5aadb2bffff,472447132,1986321871,19.114,0.004835,average_adult
892f5a375d7ffff,892f5aadb63ffff,472447132,2375772172,14.7013,0.163416,average_adult
892f5a375d7ffff,892f5aadb67ffff,472447132,305443506,13.6058,0.231701,average_adult
892f5a375d7ffff,892f5aadb6bffff,472447132,472447041,9.0465,0.574609,average_adult
892f5a375d7ffff,892f5aadb6fffff,472447132,5422306027,6.8794,0.735396,average_adult
892f5a375d7ffff,892f5aadb77ffff,472447132,2377135303,17.4423,0.039814,average_adult
892f5a375d7ffff,892f5aadb7bffff,472447132,5025536627,16.73,0.06452,average_adult
892f5a375dbffff,892f5a37407ffff,475368843,6743431386,16.4773,0.074616,average_adult
892f5a375dbffff,892f5a37423ffff,475368843,475369332,14.1989,0.193613,average_adult
892f5a375dbffff,892f5a37427ffff,475368843,7947429975,12.8348,0.28464,average_adult
892f5a375dbffff,892f5a3742bffff,475368843,6475403603,19.7603,0.000354,average_adult
892f5a375dbffff,892f5a3742fffff,475368843,2196826810,19.3365,0.002713,average_adult
892f5a375dbffff,892f5a37433ffff,475368843,9775221793,11.7244,0.366215,average_adult
892f5a375dbffff,892f5a37437ffff,475368843,6240815386,6.6392,0.751869,average_adult
892f5a375dbffff,892f5a3743bffff,475368843,6475813119,19.451,0.001858,average_adult
892f5a375dbffff,892f5a37487ffff,475368843,473169530,19.8828,8.5e-05,average_adult
892f5a375dbffff,892f5a374a3ffff,475368843,7942739530,11.2304,0.403965,average_adult
892f5a375dbffff,892f5a374a7ffff,475368843,9791542150,6.2776,0.775978,average_adult
892f5a375dbffff,892f5a374abffff,475368843,475369013,11.3291,0.396373,average_adult
892f5a375dbffff,892f5a374afffff,475368843,475368981,6.179,0.782404,average_adult
892f5a375dbffff,892f5a374b3ffff,475368843,11072417469,18.5555,0.012816,average_adult
892f5a375dbffff,892f5a374b7ffff,475368843,4511333938,13.0225,0.271434,average_adult
892f5a375dbffff,892f5a374bbffff,475368843,1665929771,15.4426,0.12274,average_adult
892f5a375dbffff,892f5a3751bffff,475368843,4716623608,18.8791,0.00773,average_adult
892f5a375dbffff,892f5a37553ffff,475368843,472382750,17.093,0.051229,average_adult
892f5a375dbffff,892f5a37557ffff,475368843,2704049830,19.0804,0.005207,average_adult
892f5a375dbffff,892f5a375c3ffff,475368843,472447266,8.8506,0.589786,average_adult
892f5a375dbffff,892f5a375c7ffff,475368843,1664033852,16.5932,0.069902,average_adult
892f5a375dbffff,892f5a375cbffff,475368843,2649421029,8.3912,0.625013,average_adult
892f5a375dbffff,892f5a375cfffff,475368843,472382799,14.9937,0.146798,average_adult
892f5a375dbffff,892f5a375d3ffff,475368843,4717672327,11.4322,0.38846,average_adult
892f5a375dbffff,892f5a375d7ffff,475368843,472447132,16.1673,0.08791,average_adult
892f5a375dbffff,892f5a375dbffff,475368843,475368843,0.2769,0.999527,average_adult
892f5a375dbffff,892f5aadb6bffff,475368843,472447041,12.2548,0.326588,average_adult
892f5a375dbffff,892f5aadb6fffff,475368843,5422306027,15.6169,0.113901,average_adult
892f5a375dbffff,892f5aadb7bffff,475368843,5025536627,19.6882,0.000599,average_adult
892f5aadb03ffff,892f5aadb03ffff,4908207838,4908207838,0.923,0.994754,average_adult
892f5aadb03ffff,892f5aadb07ffff,4908207838,9239285385,7.4758,0.693094,average_adult
892f5aadb03ffff,892f5aadb0bffff,4908207838,12954056341,10.8219,0.435631,average_adult
892f5aadb03ffff,892f5aadb0fffff,4908207838,6206442994,7.1558,0.716025,average_adult
892f5aadb03ffff,892f5aadb13ffff,4908207838,4908207183,9.1759,0.564548,average_adult
892f5aadb03ffff,892f5aadb17ffff,4908207838,295399473,7.2414,0.709943,average_adult
892f5aadb03ffff,892f5aadb1bffff,4908207838,13313849470,8.323,0.630191,average_adult
892f5aadb03ffff,892f5aadb23ffff,4908207838,6206442559,16.7353,0.064318,average_adult
892f5aadb03ffff,892f5aadb2bffff,4908207838,1986321871,15.2315,0.133825,average_adult
892f5aadb03ffff,892f5aadb33ffff,4908207838,517548726,14.2048,0.193248,average_adult
892f5aadb03ffff,892f5aadb37ffff,4908207838,2393515085,19.1664,0.00428,average_adult
892f5aadb03ffff,892f5aadb3bffff,4908207838,13240346340,9.3353,0.55211,average_adult
892f5aadb03ffff,892f5aadb43ffff,4908207838,11065027594,18.9226,0.007144,average_adult
892f5aadb03ffff,892f5aadb47ffff,4908207838,11061297136,14.1848,0.194489,average_adult
892f5aadb03ffff,892f5aadb57ffff,4908207838,4511339216,12.1565,0.333846,average_adult
892f5aadb03ffff,892f5aadb73ffff,4908207838,4870614084,13.5205,0.237381,average_adult
892f5aadb03ffff,892f5aadb7bffff,4908207838,5025536627,18.9973,0.006189,average_adult
892f5aadb03ffff,892f5aadb83ffff,4908207838,499192381,17.8711,0.027697,average_adult
892f5aadb03ffff,892f5aadb8bffff,4908207838,3900871904,13.8513,0.215636,average_adult
892f5aadb03ffff,892f5aadb8fffff,4908207838,1809615766,15.0783,0.142124,average_adult
892f5aadb03ffff,892f5aadba3ffff,4908207838,5158143495,19.2395,0.003563,average_adult
892f5aadb03ffff,892f5aadbabffff,4908207838,307423640,12.3748,0.317782,average_adult
892f5aadb03ffff,892f5aadbafffff,4908207838,307423619,18.1972,0.019914,average_adult
892f5aadb03ffff,892f5aadbc7ffff,4908207838,1510879897,12.0082,0.344879,average_adult
892f5aadb03ffff,892f5aadbcfffff,4908207838,473169641,12.9174,0.278803,average_adult
892f5aadb07ffff,892f5a366dbffff,9239285385,6277517902,17.1603,0.048922,average_adult
892f5aadb07ffff,892f5aadb03ffff,9239285385,4908207838,9.5734,0.53348,average_adult
892f5aadb07ffff,892f5aadb07ffff,9239285385,9239285385,1.1274,0.99218,average_adult
892f5aadb07ffff,892f5aadb0bffff,9239285385,12954056341,18.5553,0.01282,average_adult
892f5aadb07ffff,892f5aadb0fffff,9239285385,6206442994,8.3311,0.629577,average_adult
892f5aadb07ffff,892f5aadb13ffff,9239285385,4908207183,17.4114,0.040767,average_adult
892f5aadb07ffff,892f5aadb17ffff,9239285385,295399473,12.2111,0.329809,average_adult
892f5aadb07ffff,892f5aadb1bffff,9239285385,13313849470,16.4189,0.077043,average_adult
892f5aadb07ffff,892f5aadb23ffff,9239285385,6206442559,13.9731,0.207817,average_adult
892f5aadb07ffff,892f5aadb2bffff,9239285385,1986321871,15.4992,0.119838,average_adult
892f5aadb07ffff,892f5aadb33ffff,9239285385,517548726,12.0681,0.340417,average_adult
892f5aadb07ffff,892f5aadb37ffff,9239285385,2393515085,16.0228,0.094443,average_adult
892f5aadb07ffff,892f5aadb3bffff,9239285385,13240346340,9.1842,0.563895,average_adult
892f5aadb07ffff,892f5aadb73ffff,9239285385,4870614084,15.5852,0.115487,average_adult
892f5aadb07ffff,892f5aadba3ffff,9239285385,5158143495,13.109,0.265409,average_adult
892f5aadb07ffff,892f5aadba7ffff,9239285385,307423646,14.6421,0.166873,average_adult
892f5aadb07ffff,892f5aadbabffff,9239285385,307423640,6.2443,0.778159,average_adult
892f5aadb07ffff,892f5aadbafffff,9239285385,307423619,12.0668,0.340514,average_adult
892f5aadb07ffff,892f5aadbbbffff,9239285385,517470423,15.9859,0.096141,average_adult
892f5aadb0bffff,892f5aadb03ffff,12954056341,4908207838,9.6932,0.524089,average_adult
892f5aadb0bffff,892f5aadb07ffff,12954056341,9239285385,15.3981,0.125043,average_adult
892f5aadb0bffff,892f5aadb0bffff,12954056341,12954056341,1.2018,0.991117,average_adult
892f5aadb0bffff,892f5aadb0fffff,12954056341,6206442994,13.7438,0.222622,average_adult
892f5aadb0bffff,892f5aadb13ffff,12954056341,4908207183,11.8952,0.35334,average_adult
892f5aadb0bffff,892f5aadb17ffff,12954056341,295399473,14.894,0.15238,average_adult
892f5aadb0bffff,892f5aadb1bffff,12954056341,13313849470,6.036,0.791599,average_adult
892f5aadb0bffff,892f5aadb3bffff,12954056341,13240346340,17.2576,0.04568,average_adult
892f5aadb0bffff,892f5aadb43ffff,12954056341,11065027594,16.3891,0.078296,average_adult
892f5aadb0bffff,892f5aadb47ffff,12954056341,11061297136,13.8171,0.217852,average_adult
892f5aadb0bffff,892f5aadb57ffff,12954056341,4511339216,9.6231,0.529587,average_adult
892f5aadb0bffff,892f5aadb73ffff,12954056341,4870614084,17.7497,0.030912,average_adult
892f5aadb0bffff,892f5aadb8bffff,12954056341,3900871904,14.7121,0.162792,average_adult
892f5aadb0bffff,892f5aadb8fffff,12954056341,1809615766,19.3254,0.002805,average_adult
892f5aadb0bffff,892f5aadbc7ffff,12954056341,1510879897,11.2862,0.39967,average_adult
892f5aadb0bffff,892f5aadbcfffff,12954056341,473169641,10.4616,0.463775,average_adult
892f5aadb0fffff,892f5aadb03ffff,6206442994,4908207838,7.136,0.717426,average_adult
892f5aadb0fffff,892f5aadb07ffff,6206442994,9239285385,6.8893,0.734707,average_adult
892f5aadb0fffff,892f5aadb0bffff,6206442994,12954056341,14.744,0.160945,average_adult
892f5aadb0fffff,892f5aadb0fffff,6206442994,6206442994,0.4653,0.998665,average_adult
892f5aadb0fffff,892f5aadb13ffff,6206442994,4908207183,15.3889,0.125523,average_adult
892f5aadb0fffff,892f5aadb17ffff,6206442994,295399473,12.123,0.336332,average_adult
892f5aadb0fffff,892f5aadb1bffff,6206442994,13313849470,12.6076,0.300876,average_adult
892f5aadb0fffff,892f5aadb23ffff,6206442994,6206442559,14.1267,0.198114,average_adult
892f5aadb0fffff,892f5aadb27ffff,6206442994,517549695,19.3531,0.002579,average_adult
892f5aadb0fffff,892f5aadb2bffff,6206442994,1986321871,12.5739,0.303305,average_adult
892f5aadb0fffff,892f5aadb2fffff,6206442994,5180913963,18.2625,0.018507,average_adult
892f5aadb0fffff,892f5aadb33ffff,6206442994,517548726,12.4833,0.309874,average_adult
892f5aadb0fffff,892f5aadb37ffff,6206442994,2393515085,16.8294,0.06074,average_adult
892f5aadb0fffff,892f5aadb3bffff,6206442994,13240346340,6.7723,0.742778,average_adult
892f5aadb0fffff,892f5aadb43ffff,6206442994,11065027594,19.2661,0.003318,average_adult
892f5aadb0fffff,892f5aadb47ffff,6206442994,11061297136,12.4839,0.30983,average_adult
892f5aadb0fffff,892f5aadb4fffff,6206442994,4511333552,19.1452,0.0045,average_adult
892f5aadb0fffff,892f5aadb57ffff,6206442994,4511339216,15.6597,0.11177,average_adult
892f5aadb0fffff,892f5aadb73ffff,6206442994,4870614084,7.7194,0.675313,average_adult
892f5aadb0fffff,892f5aadb77ffff,6206442994,2377135303,18.9836,0.006359,average_adult
892f5aadb0fffff,892f5aadb7bffff,6206442994,5025536627,13.3862,0.246413,average_adult
892f5aadb0fffff,892f5aadba3ffff,6206442994,5158143495,17.518,0.037523,average_adult
892f5aadb0fffff,892f5aadba7ffff,6206442994,307423646,19.051,0.005545,average_adult
892f5aadb0fffff,892f5aadbabffff,6206442994,307423640,10.6532,0.448788,average_adult
892f5aadb0fffff,892f5aadbafffff,6206442994,307423619,16.4757,0.074681,average_adult
892f5aadb0fffff,892f5aadbc7ffff,6206442994,1510879897,17.8578,0.028042,average_adult
892f5aadb0fffff,892f5aadbcfffff,6206442994,473169641,17.202,0.047519,average_adult
892f5aadb13ffff,892f5aadb03ffff,4908207183,4908207838,9.1614,0.565676,average_adult
892f5aadb13ffff,892f5aadb07ffff,4908207183,9239285385,15.0754,0.142284,average_adult
892f5aadb13ffff,892f5aadb0bffff,4908207183,12954056341,11.7907,0.361206,average_adult
892f5aadb13ffff,892f5aadb0fffff,4908207183,6206442994,14.7554,0.160289,average_adult
892f5aadb13ffff,892f5aadb13ffff,4908207183,4908207183,1.2977,0.989648,average_adult
892f5aadb13ffff,892f5aadb17ffff,4908207183,295399473,9.0999,0.570461,average_adult
892f5aadb13ffff,892f5aadb1bffff,4908207183,13313849470,9.2919,0.555502,average_adult
892f5aadb13ffff,892f5aadb3bffff,4908207183,13240346340,16.9349,0.056842,average_adult
892f5aadb13ffff,892f5aadb43ffff,4908207183,11065027594,19.8914,7.3e-05,average_adult
892f5aadb13ffff,892f5aadb47ffff,4908207183,11061297136,17.3194,0.043674,average_adult
892f5aadb13ffff,892f5aadb57ffff,4908207183,4511339216,13.1254,0.264275,average_adult
892f5aadb13ffff,892f5aadb83ffff,4908207183,499192381,10.9396,0.426468,average_adult
892f5aadb13ffff,892f5aadb8bffff,4908207183,3900871904,6.887,0.734867,average_adult
892f5aadb13ffff,892f5aadb8fffff,4908207183,1809615766,9.0379,0.575276,average_adult
892f5aadb13ffff,892f5aadbabffff,4908207183,307423640,16.4034,0.077691,average_adult
892f5aadb13ffff,892f5aadbc7ffff,4908207183,1510879897,5.1819,0.843308,average_adult
892f5aadb13ffff,892f5aadbcfffff,4908207183,473169641,12.1822,0.331945,average_adult
892f5aadb17ffff,892f5aadb03ffff,295399473,4908207838,6.7213,0.746275,average_adult
892f5aadb17ffff,892f5aadb07ffff,295399473,9239285385,12.3681,0.318271,average_adult
892f5aadb17ffff,892f5aadb0bffff,295399473,12954056341,15.6494,0.112283,average_adult
892f5aadb17ffff,892f5aadb0fffff,295399473,6206442994,12.9541,0.276221,average_adult
892f5aadb17ffff,892f5aadb13ffff,295399473,4908207183,9.7717,0.517924,average_adult
892f5aadb17ffff,892f5aadb17ffff,295399473,295399473,1.7621,0.980968,average_adult
892f5aadb17ffff,892f5aadb1bffff,295399473,13313849470,13.1506,0.262533,average_adult
892f5aadb17ffff,892f5aadb33ffff,295399473,517548726,15.3454,0.127793,average_adult
892f5aadb17ffff,892f5aadb3bffff,295399473,13240346340,15.1336,0.139104,average_adult
892f5aadb17ffff,892f5aadb47ffff,295399473,11061297136,19.9831,2e-06,average_adult
892f5aadb17ffff,892f5aadb57ffff,295399473,4511339216,16.9841,0.055066,average_adult
892f5aadb17ffff,892f5aadb73ffff,295399473,4870614084,19.3188,0.00286,average_adult
892f5aadb17ffff,892f5aadb83ffff,295399473,499192381,14.2588,0.189908,average_adult
892f5aadb17ffff,892f5aadb8bffff,295399473,3900871904,13.464,0.241164,average_adult
892f5aadb17ffff,892f5aadb8fffff,295399473,1809615766,11.4661,0.385871,average_adult
892f5aadb17ffff,892f5aadba3ffff,295399473,5158143495,16.3864,0.07841,average_adult
892f5aadb17ffff,892f5aadba7ffff,295399473,307423646,17.9194,0.026465,average_adult
892f5aadb17ffff,892f5aadbabffff,295399473,307423640,9.5216,0.537535,average_adult
892f5aadb17ffff,892f5aadbafffff,295399473,307423619,15.3441,0.127861,average_adult
892f5aadb17ffff,892f5aadbbbffff,295399473,517470423,17.2607,0.045579,average_adult
892f5aadb17ffff,892f5aadbc7ffff,295399473,1510879897,13.2411,0.256298,average_adult
892f5aadb17ffff,892f5aadbcfffff,295399473,473169641,17.7449,0.031042,average_adult
892f5aadb1bffff,892f5aadb03ffff,13313849470,4908207838,7.9918,0.655118,average_adult
892f5aadb1bffff,892f5aadb07ffff,13313849470,9239285385,13.8558,0.215342,average_adult
892f5aadb1bffff,892f5aadb0bffff,13313849470,12954056341,6.7106,0.747003,average_adult
892f5aadb1bffff,892f5aadb0fffff,13313849470,6206442994,12.3216,0.321678,average_adult
892f5aadb1bffff,892f5aadb13ffff,13313849470,4908207183,9.6414,0.528149,average_adult
892f5aadb1bffff,892f5aadb17ffff,13313849470,295399473,13.0503,0.26949,average_adult
892f5aadb1bffff,892f5aadb1bffff,13313849470,13313849470,0.6836,0.99712,average_adult
892f5aadb1bffff,892f5aadb3bffff,13313849470,13240346340,15.7153,0.109034,average_adult
892f5aadb1bffff,892f5aadb43ffff,13313849470,11065027594,14.2741,0.188969,average_adult
892f5aadb1bffff,892f5aadb47ffff,13313849470,11061297136,11.7021,0.367907,average_adult
892f5aadb1bffff,892f5aadb4fffff,13313849470,4511333552,18.9595,0.006664,average_adult
892f5aadb1bffff,892f5aadb57ffff,13313849470,4511339216,7.5081,0.690755,average_adult
892f5aadb1bffff,892f5aadb73ffff,13313849470,4870614084,16.3275,0.080914,average_adult
892f5aadb1bffff,892f5aadb83ffff,13313849470,499192381,18.3207,0.017295,average_adult
892f5aadb1bffff,892f5aadb8bffff,13313849470,3900871904,12.0956,0.338365,average_adult
892f5aadb1bffff,892f5aadb8fffff,13313849470,1809615766,16.7089,0.065338,average_adult
892f5aadb1bffff,892f5aadbabffff,13313849470,307423640,18.7548,0.009535,average_adult
892f5aadb1bffff,892f5aadbc7ffff,13313849470,1510879897,8.6697,0.603721,average_adult
892f5aadb1bffff,892f5aadbcfffff,13313849470,473169641,8.269,0.634287,average_adult
892f5aadb23ffff,892f5a36643ffff,6206442559,1520857952,16.8668,0.059342,average_adult
892f5aadb23ffff,892f5a3664bffff,6206442559,8364977378,15.3234,0.128952,average_adult
892f5aadb23ffff,892f5a3664fffff,6206442559,475762598,19.0749,0.00527,average_adult
892f5aadb23ffff,892f5a36653ffff,6206442559,1520857592,13.8465,0.215946,average_adult
892f5aadb23ffff,892f5a36657ffff,6206442559,10548487822,17.4742,0.038839,average_adult
892f5aadb23ffff,892f5a3665bffff,6206442559,475768206,9.0429,0.57489,average_adult
892f5aadb23ffff,892f5a366cbffff,6206442559,7374097405,16.6351,0.068234,average_adult
892f5aadb23ffff,892f5a366cfffff,6206442559,1485314845,19.9982,0.0,average_adult
892f5aadb23ffff,892f5a366dbffff,6206442559,6277517902,12.8862,0.281003,average_adult
892f5aadb23ffff,892f5a37583ffff,6206442559,1813858066,17.3626,0.042297,average_adult
892f5aadb23ffff,892f5a37587ffff,6206442559,475770391,17.8373,0.028576,average_adult
892f5aadb23ffff,892f5a37593ffff,6206442559,255996108,15.4143,0.124205,average_adult
892f5aadb23ffff,892f5a37597ffff,6206442559,13140663722,15.1778,0.136713,average_adult
892f5aadb23ffff,892f5aadb03ffff,6206442559,4908207838,15.2275,0.134039,average_adult
892f5aadb23ffff,892f5aadb07ffff,6206442559,9239285385,11.4809,0.384733,average_adult
892f5aadb23ffff,892f5aadb0fffff,6206442559,6206442994,11.7196,0.366581,average_adult
892f5aadb23ffff,892f5aadb17ffff,6206442559,295399473,19.5268,0.001381,average_adult
892f5aadb23ffff,892f5aadb23ffff,6206442559,6206442559,0.2341,0.999662,average_adult
892f5aadb23ffff,892f5aadb27ffff,6206442559,517549695,6.6056,0.754141,average_adult
892f5aadb23ffff,892f5aadb2bffff,6206442559,1986321871,7.4348,0.696064,average_adult
892f5aadb23ffff,892f5aadb2fffff,6206442559,5180913963,6.9365,0.731429,average_adult
892f5aadb23ffff,892f5aadb33ffff,6206442559,517548726,6.0551,0.790382,average_adult
892f5aadb23ffff,892f5aadb37ffff,6206442559,2393515085,7.1264,0.718105,average_adult
892f5aadb23ffff,892f5aadb3bffff,6206442559,13240346340,6.5658,0.756829,average_adult
892f5aadb23ffff,892f5aadb63ffff,6206442559,2375772172,19.2465,0.003498,average_adult
892f5aadb23ffff,892f5aadb67ffff,6206442559,305443506,14.8974,0.152189,average_adult
892f5aadb23ffff,892f5aadb73ffff,6206442559,4870614084,18.9736,0.006484,average_adult
892f5aadb23ffff,892f5aadb77ffff,6206442559,2377135303,13.8445,0.216076,average_adult
892f5aadb23ffff,892f5aadba3ffff,6206442559,5158143495,17.4006,0.041103,average_adult
892f5aadb23ffff,892f5aadba7ffff,6206442559,307423646,16.1345,0.089373,average_adult
892f5aadb23ffff,892f5aadbabffff,6206442559,307423640,11.755,0.363902,average_adult
892f5aadb23ffff,892f5aadbafffff,6206442559,307423619,11.5799,0.377185,average_adult
892f5aadb27ffff,892f5a36643ffff,517549695,1520857952,13.8377,0.216515,average_adult
892f5aadb27ffff,892f5a36647ffff,517549695,295413512,18.9069,0.007353,average_adult
892f5aadb27ffff,892f5a3664bffff,517549695,8364977378,12.8726,0.281963,average_adult
892f5aadb27ffff,892f5a3664fffff,517549695,475762598,16.5782,0.070505,average_adult
892f5aadb27ffff,892f5a36653ffff,517549695,1520857592,10.8174,0.435981,average_adult
892f5aadb27ffff,892f5a36657ffff,517549695,10548487822,14.4451,0.178568,average_adult
892f5aadb27ffff,892f5a3665bffff,517549695,475768206,6.1956,0.781328,average_adult
892f5aadb27ffff,892f5a366c3ffff,517549695,10588174561,17.7965,0.029652,average_adult
892f5aadb27ffff,892f5a366cbffff,517549695,7374097405,13.6059,0.231693,average_adult
892f5aadb27ffff,892f5a366cfffff,517549695,1485314845,16.9691,0.055605,average_adult
892f5aadb27ffff,892f5a366dbffff,517549695,6277517902,12.3408,0.320272,average_adult
892f5aadb27ffff,892f5a37583ffff,517549695,1813858066,17.1444,0.049462,average_adult
892f5aadb27ffff,892f5a37587ffff,517549695,475770391,17.3492,0.042722,average_adult
892f5aadb27ffff,892f5a37597ffff,517549695,13140663722,14.6897,0.164094,average_adult
892f5aadb27ffff,892f5a375b3ffff,517549695,475758058,19.7718,0.000321,average_adult
892f5aadb27ffff,892f5aadb07ffff,517549695,9239285385,18.3777,0.016146,average_adult
892f5aadb27ffff,892f5aadb0fffff,517549695,6206442994,18.7803,0.009148,average_adult
892f5aadb27ffff,892f5aadb23ffff,517549695,6206442559,8.1349,0.644396,average_adult
892f5aadb27ffff,892f5aadb27ffff,517549695,517549695,0.3849,0.999086,average_adult
892f5aadb27ffff,892f5aadb2bffff,517549695,1986321871,13.2732,0.254101,average_adult
892f5aadb27ffff,892f5aadb2fffff,517549695,5180913963,7.1627,0.715539,average_adult
892f5aadb27ffff,892f5aadb33ffff,517549695,517548726,10.8687,0.431984,average_adult
892f5aadb27ffff,892f5aadb37ffff,517549695,2393515085,6.5907,0.755146,average_adult
892f5aadb27ffff,892f5aadb3bffff,517549695,13240346340,13.6425,0.229274,average_adult
892f5aadb27ffff,892f5aadb77ffff,517549695,2377135303,19.6829,0.00062,average_adult
892f5aadb27ffff,892f5aadba3ffff,517549695,5158143495,18.3779,0.016143,average_adult
892f5aadb27ffff,892f5aadba7ffff,517549695,307423646,17.1118,0.050581,average_adult
892f5aadb27ffff,892f5aadbabffff,517549695,307423640,15.7345,0.108094,average_adult
892f5aadb27ffff,892f5aadbafffff,517549695,307423619,12.5572,0.304519,average_adult
892f5aadb2bffff,892f5a3664bffff,1986321871,8364977378,18.6905,0.01054,average_adult
892f5aadb2bffff,892f5a36653ffff,1986321871,1520857592,17.415,0.040658,average_adult
892f5aadb2bffff,892f5a3665bffff,1986321871,475768206,12.5425,0.305579,average_adult
892f5aadb2bffff,892f5a366dbffff,1986321871,6277517902,17.9789,0.024987,average_adult
892f5aadb2bffff,892f5a37583ffff,1986321871,1813858066,15.6747,0.111029,average_adult
892f5aadb2bffff,892f5a37593ffff,1986321871,255996108,9.1861,0.56375,average_adult
892f5aadb2bffff,892f5a37597ffff,1986321871,13140663722,18.5449,0.013003,average_adult
892f5aadb2bffff,892f5a3759bffff,1986321871,255995938,14.8859,0.152837,average_adult
892f5aadb2bffff,892f5aadb03ffff,1986321871,4908207838,13.357,0.248392,average_adult
892f5aadb2bffff,892f5aadb07ffff,1986321871,9239285385,11.8635,0.355723,average_adult
892f5aadb2bffff,892f5aadb0fffff,1986321871,6206442994,9.6635,0.526416,average_adult
892f5aadb2bffff,892f5aadb17ffff,1986321871,295399473,18.1936,0.019993,average_adult
892f5aadb2bffff,892f5aadb23ffff,1986321871,6206442559,7.3126,0.704857,average_adult
892f5aadb2bffff,892f5aadb27ffff,1986321871,517549695,11.3633,0.393744,average_adult
892f5aadb2bffff,892f5aadb2bffff,1986321871,1986321871,1.2066,0.991046,average_adult
892f5aadb2bffff,892f5aadb2fffff,1986321871,5180913963,9.6205,0.529787,average_adult
892f5aadb2bffff,892f5aadb33ffff,1986321871,517548726,12.3114,0.322423,average_adult
892f5aadb2bffff,892f5aadb37ffff,1986321871,2393515085,12.219,0.329224,average_adult
892f5aadb2bffff,892f5aadb3bffff,1986321871,13240346340,4.9145,0.858271,average_adult
892f5aadb2bffff,892f5aadb63ffff,1986321871,2375772172,13.0183,0.271724,average_adult
892f5aadb2bffff,892f5aadb67ffff,1986321871,305443506,8.6693,0.603757,average_adult
892f5aadb2bffff,892f5aadb6fffff,1986321871,5422306027,14.5623,0.171572,average_adult
892f5aadb2bffff,892f5aadb73ffff,1986321871,4870614084,16.8947,0.058313,average_adult
892f5aadb2bffff,892f5aadb77ffff,1986321871,2377135303,7.6163,0.68287,average_adult
892f5aadb2bffff,892f5aadbabffff,1986321871,307423640,16.7292,0.064551,average_adult
892f5aadb2bffff,892f5aadbafffff,1986321871,307423619,17.6517,0.033632,average_adult
892f5aadb2fffff,892f5a36643ffff,5180913963,1520857952,15.2097,0.134996,average_adult
892f5aadb2fffff,892f5a36647ffff,5180913963,295413512,19.8908,7.4e-05,average_adult
892f5aadb2fffff,892f5a3664bffff,5180913963,8364977378,12.1521,0.334173,average_adult
892f5aadb2fffff,892f5a3664fffff,5180913963,475762598,15.9036,0.099987,average_adult
892f5aadb2fffff,892f5a36653ffff,5180913963,1520857592,12.1893,0.331419,average_adult
892f5aadb2fffff,892f5a36657ffff,5180913963,10548487822,15.8171,0.104102,average_adult
892f5aadb2fffff,892f5a3665bffff,5180913963,475768206,7.2444,0.709729,average_adult
892f5aadb2fffff,892f5a366c3ffff,5180913963,10588174561,19.1685,0.004259,average_adult
892f5aadb2fffff,892f5a366cbffff,5180913963,7374097405,14.9779,0.147675,average_adult
892f5aadb2fffff,892f5a366cfffff,5180913963,1485314845,18.341,0.016881,average_adult
892f5aadb2fffff,892f5a366dbffff,5180913963,6277517902,16.6358,0.068206,average_adult
892f5aadb2fffff,892f5a37583ffff,5180913963,1813858066,11.9015,0.352871,average_adult
892f5aadb2fffff,892f5a37587ffff,5180913963,475770391,14.6661,0.16547,average_adult
892f5aadb2fffff,892f5a3758fffff,5180913963,13736742284,19.8551,0.00013,average_adult
892f5aadb2fffff,892f5a37593ffff,5180913963,255996108,16.0216,0.094496,average_adult
892f5aadb2fffff,892f5a37597ffff,5180913963,13140663722,12.0065,0.345003,average_adult
892f5aadb2fffff,892f5a3759bffff,5180913963,255995938,18.2079,0.01968,average_adult
892f5aadb2fffff,892f5a375b3ffff,5180913963,475758058,18.8636,0.007945,average_adult
892f5aadb2fffff,892f5aadb03ffff,5180913963,4908207838,18.2865,0.018002,average_adult
892f5aadb2fffff,892f5aadb07ffff,5180913963,9239285385,16.6741,0.066695,average_adult
892f5aadb2fffff,892f5aadb0fffff,5180913963,6206442994,14.6299,0.167588,average_adult
892f5aadb2fffff,892f5aadb23ffff,5180913963,6206442559,7.7124,0.675829,average_adult
892f5aadb2fffff,892f5aadb27ffff,5180913963,517549695,6.3947,0.768265,average_adult
892f5aadb2fffff,892f5aadb2bffff,5180913963,1986321871,8.0421,0.651358,average_adult
892f5aadb2fffff,892f5aadb2fffff,5180913963,5180913963,1.141,0.991991,average_adult
892f5aadb2fffff,892f5aadb33ffff,5180913963,517548726,13.5334,0.23652,average_adult
892f5aadb2fffff,892f5aadb37ffff,5180913963,2393515085,10.8759,0.43142,average_adult
892f5aadb2fffff,892f5aadb3bffff,5180913963,13240346340,9.7251,0.521585,average_adult
892f5aadb2fffff,892f5aadb63ffff,5180913963,2375772172,19.8538,0.000132,average_adult
892f5aadb2fffff,892f5aadb67ffff,5180913963,305443506,15.5048,0.119554,average_adult
892f5aadb2fffff,892f5aadb77ffff,5180913963,2377135303,14.4518,0.178163,average_adult
892f5aadb2fffff,892f5aadbabffff,5180913963,307423640,19.2333,0.003622,average_adult
892f5aadb2fffff,892f5aadbafffff,5180913963,307423619,16.5833,0.070299,average_adult
892f5aadb33ffff,892f5a36653ffff,517548726,1520857592,19.3897,0.002296,average_adult
892f5aadb33ffff,892f5a3665bffff,517548726,475768206,14.7357,0.161428,average_adult
892f5aadb33ffff,892f5a366dbffff,517548726,6277517902,11.2747,0.400553,average_adult
892f5aadb33ffff,892f5aadb03ffff,517548726,4908207838,14.6155,0.168433,average_adult
892f5aadb33ffff,892f5aadb07ffff,517548726,9239285385,10.199,0.48437,average_adult
892f5aadb33ffff,892f5aadb0fffff,517548726,6206442994,11.1272,0.41193,average_adult
892f5aadb33ffff,892f5aadb17ffff,517548726,295399473,14.2826,0.188449,average_adult
892f5aadb33ffff,892f5aadb23ffff,517548726,6206442559,6.4896,0.761945,average_adult
892f5aadb33ffff,892f5aadb27ffff,517548726,517549695,9.8624,0.510807,average_adult
892f5aadb33ffff,892f5aadb2bffff,517548726,1986321871,13.0109,0.272243,average_adult
892f5aadb33ffff,892f5aadb2fffff,517548726,5180913963,13.192,0.259674,average_adult
892f5aadb33ffff,892f5aadb33ffff,517548726,517548726,0.0636,0.999975,average_adult
892f5aadb33ffff,892f5aadb37ffff,517548726,2393515085,5.7423,0.810022,average_adult
892f5aadb33ffff,892f5aadb3bffff,517548726,13240346340,7.4175,0.69731,average_adult
892f5aadb33ffff,892f5aadb73ffff,517548726,4870614084,18.3813,0.016076,average_adult
892f5aadb33ffff,892f5aadb77ffff,517548726,2377135303,19.4206,0.00207,average_adult
892f5aadb33ffff,892f5aadba3ffff,517548726,5158143495,11.4139,0.38986,average_adult
892f5aadb33ffff,892f5aadba7ffff,517548726,307423646,10.8132,0.436302,average_adult
892f5aadb33ffff,892f5aadbabffff,517548726,307423640,6.4901,0.761913,average_adult
892f5aadb33ffff,892f5aadbafffff,517548726,307423619,6.4662,0.763506,average_adult
892f5aadb33ffff,892f5aadbbbffff,517548726,517470423,15.7828,0.105753,average_adult
892f5aadb37ffff,892f5a36643ffff,2393515085,1520857952,19.5856,0.001059,average_adult
892f5aadb37ffff,892f5a3664bffff,2393515085,8364977378,18.6205,0.011693,average_adult
892f5aadb37ffff,892f5a36653ffff,2393515085,1520857592,16.5652,0.071025,average_adult
892f5aadb37ffff,892f5a3665bffff,2393515085,475768206,11.9435,0.349721,average_adult
892f5aadb37ffff,892f5a366cbffff,2393515085,7374097405,19.3538,0.002574,average_adult
892f5aadb37ffff,892f5a366dbffff,2393515085,6277517902,6.7448,0.74467,average_adult
892f5aadb37ffff,892f5a37597ffff,2393515085,13140663722,18.7678,0.009336,average_adult
892f5aadb37ffff,892f5aadb03ffff,2393515085,4908207838,18.8481,0.008163,average_adult
892f5aadb37ffff,892f5aadb07ffff,2393515085,9239285385,14.5218,0.173978,average_adult
892f5aadb37ffff,892f5aadb0fffff,2393515085,6206442994,15.3598,0.127038,average_adult
892f5aadb37ffff,892f5aadb17ffff,2393515085,295399473,18.9547,0.006725,average_adult
892f5aadb37ffff,892f5aadb23ffff,2393515085,6206442559,8.2328,0.63702,average_adult
892f5aadb37ffff,892f5aadb27ffff,2393515085,517549695,6.4269,0.766127,average_adult
892f5aadb37ffff,892f5aadb2bffff,2393515085,1986321871,13.5609,0.234682,average_adult
892f5aadb37ffff,892f5aadb2fffff,2393515085,5180913963,10.5414,0.45753,average_adult
892f5aadb37ffff,892f5aadb33ffff,2393515085,517548726,6.5978,0.754667,average_adult
892f5aadb37ffff,892f5aadb37ffff,2393515085,2393515085,0.5001,0.998458,average_adult
892f5aadb37ffff,892f5aadb3bffff,2393515085,13240346340,11.6087,0.374993,average_adult
892f5aadb37ffff,892f5aadb77ffff,2393515085,2377135303,19.9706,5e-06,average_adult
892f5aadb37ffff,892f5aadba3ffff,2393515085,5158143495,12.5613,0.304218,average_adult
892f5aadb37ffff,892f5aadba7ffff,2393515085,307423646,11.2952,0.398977,average_adult
892f5aadb37ffff,892f5aadbabffff,2393515085,307423640,10.4714,0.463007,average_adult
892f5aadb37ffff,892f5aadbafffff,2393515085,307423619,6.7406,0.744956,average_adult
892f5aadb37ffff,892f5aadbbbffff,2393515085,517470423,19.4225,0.002056,average_adult
892f5aadb3bffff,892f5a36653ffff,13240346340,1520857592,19.689,0.000597,average_adult
892f5aadb3bffff,892f5a3665bffff,13240346340,475768206,14.8165,0.156781,average_adult
892f5aadb3bffff,892f5a366dbffff,13240346340,6277517902,18.5051,0.013722,average_adult
892f5aadb3bffff,892f5a37593ffff,13240346340,255996108,15.069,0.142634,average_adult
892f5aadb3bffff,892f5aadb03ffff,13240346340,4908207838,9.4363,0.544213,average_adult
892f5aadb3bffff,892f5aadb07ffff,13240346340,9239285385,7.7236,0.675001,average_adult
892f5aadb3bffff,892f5aadb0bffff,13240346340,12954056341,18.381,0.016083,average_adult
892f5aadb3bffff,892f5aadb0fffff,13240346340,6206442994,5.9284,0.798425,average_adult
892f5aadb3bffff,892f5aadb13ffff,13240346340,4908207183,17.6892,0.032579,average_adult
892f5aadb3bffff,892f5aadb17ffff,13240346340,295399473,14.2729,0.18904,average_adult
892f5aadb3bffff,892f5aadb1bffff,13240346340,13313849470,16.2446,0.084503,average_adult
892f5aadb3bffff,892f5aadb23ffff,13240346340,6206442559,8.1746,0.641413,average_adult
892f5aadb3bffff,892f5aadb27ffff,13240346340,517549695,13.6373,0.229615,average_adult
892f5aadb3bffff,892f5aadb2bffff,13240346340,1986321871,7.0896,0.720705,average_adult
892f5aadb3bffff,892f5aadb2fffff,13240346340,5180913963,12.5878,0.302305,average_adult
892f5aadb3bffff,892f5aadb33ffff,13240346340,517548726,8.7087,0.600727,average_adult
892f5aadb3bffff,892f5aadb37ffff,13240346340,2393515085,12.2604,0.326175,average_adult
892f5aadb3bffff,892f5aadb3bffff,13240346340,13240346340,0.7746,0.996303,average_adult
892f5aadb3bffff,892f5aadb47ffff,13240346340,11061297136,17.9469,0.025777,average_adult
892f5aadb3bffff,892f5aadb63ffff,13240346340,2375772172,18.9013,0.007428,average_adult
892f5aadb3bffff,892f5aadb67ffff,13240346340,305443506,14.5522,0.17217,average_adult
892f5aadb3bffff,892f5aadb73ffff,13240346340,4870614084,13.1824,0.260333,average_adult
892f5aadb3bffff,892f5aadb77ffff,13240346340,2377135303,13.4992,0.238801,average_adult
892f5aadb3bffff,892f5aadb7bffff,13240346340,5025536627,18.8492,0.008146,average_adult
892f5aadb3bffff,892f5aadba3ffff,13240346340,5158143495,19.4541,0.001837,average_adult
892f5aadb3bffff,892f5aadba7ffff,13240346340,307423646,19.4583,0.001809,average_adult
892f5aadb3bffff,892f5aadbabffff,13240346340,307423640,12.5894,0.302192,average_adult
892f5aadb3bffff,892f5aadbafffff,13240346340,307423619,15.1113,0.140321,average_adult
892f5aadb43ffff,892f5a37487ffff,11065027594,473169530,16.9732,0.055456,average_adult
892f5aadb43ffff,892f5a374b3ffff,11065027594,11072417469,15.5427,0.117627,average_adult
892f5aadb43ffff,892f5a374b7ffff,11065027594,4511333938,17.5387,0.036904,average_adult
892f5aadb43ffff,892f5aadb03ffff,11065027594,4908207838,18.5177,0.013493,average_adult
892f5aadb43ffff,892f5aadb0bffff,11065027594,12954056341,16.5025,0.073577,average_adult
892f5aadb43ffff,892f5aadb0fffff,11065027594,6206442994,18.6015,0.012016,average_adult
892f5aadb43ffff,892f5aadb1bffff,11065027594,13313849470,14.3093,0.186807,average_adult
892f5aadb43ffff,892f5aadb43ffff,11065027594,11065027594,0.6575,0.997336,average_adult
892f5aadb43ffff,892f5aadb47ffff,11065027594,11061297136,8.212,0.638588,average_adult
892f5aadb43ffff,892f5aadb4bffff,11065027594,473169537,14.0944,0.200142,average_adult
892f5aadb43ffff,892f5aadb4fffff,11065027594,4511333552,11.2832,0.399899,average_adult
892f5aadb43ffff,892f5aadb57ffff,11065027594,4511339216,8.628,0.606925,average_adult
892f5aadb43ffff,892f5aadb73ffff,11065027594,4870614084,15.4028,0.1248,average_adult
892f5aadb43ffff,892f5aadb7bffff,11065027594,5025536627,15.8002,0.104915,average_adult
892f5aadb43ffff,892f5aadbc7ffff,11065027594,1510879897,19.5595,0.001197,average_adult
892f5aadb43ffff,892f5aadbcfffff,11065027594,473169641,15.5944,0.115024,average_adult
892f5aadb47ffff,892f5a37487ffff,11061297136,473169530,16.3585,0.079593,average_adult
892f5aadb47ffff,892f5a374a7ffff,11061297136,9791542150,17.729,0.031477,average_adult
892f5aadb47ffff,892f5a374b3ffff,11061297136,11072417469,14.9279,0.150471,average_adult
892f5aadb47ffff,892f5a374b7ffff,11061297136,4511333938,14.0048,0.205801,average_adult
892f5aadb47ffff,892f5a374bbffff,11061297136,1665929771,19.6034,0.00097,average_adult
892f5aadb47ffff,892f5aadb03ffff,11061297136,4908207838,15.1106,0.140357,average_adult
892f5aadb47ffff,892f5aadb07ffff,11061297136,9239285385,18.4547,0.014657,average_adult
892f5aadb47ffff,892f5aadb0bffff,11061297136,12954056341,14.4928,0.175703,average_adult
892f5aadb47ffff,892f5aadb0fffff,11061297136,6206442994,12.0308,0.343196,average_adult
892f5aadb47ffff,892f5aadb13ffff,11061297136,4908207183,18.6563,0.011097,average_adult
892f5aadb47ffff,892f5aadb1bffff,11061297136,13313849470,12.4344,0.313427,average_adult
892f5aadb47ffff,892f5aadb3bffff,11061297136,13240346340,18.1327,0.021354,average_adult
892f5aadb47ffff,892f5aadb43ffff,11061297136,11065027594,8.9547,0.581725,average_adult
892f5aadb47ffff,892f5aadb47ffff,11061297136,11061297136,0.2215,0.999698,average_adult
892f5aadb47ffff,892f5aadb4bffff,11061297136,473169537,13.4796,0.240117,average_adult
892f5aadb47ffff,892f5aadb4fffff,11061297136,4511333552,9.6529,0.527244,average_adult
892f5aadb47ffff,892f5aadb57ffff,11061297136,4511339216,7.7887,0.670204,average_adult
892f5aadb47ffff,892f5aadb6bffff,11061297136,472447041,16.2942,0.082348,average_adult
892f5aadb47ffff,892f5aadb6fffff,11061297136,5422306027,18.685,0.01063,average_adult
892f5aadb47ffff,892f5aadb73ffff,11061297136,4870614084,8.5022,0.616557,average_adult
892f5aadb47ffff,892f5aadb7bffff,11061297136,5025536627,9.702,0.523396,average_adult
892f5aadb47ffff,892f5aadbc7ffff,11061297136,1510879897,17.6846,0.032708,average_adult
892f5aadb47ffff,892f5aadbcfffff,11061297136,473169641,13.8617,0.214963,average_adult
892f5aadb4bffff,892f5a37417ffff,473169537,475369115,18.2176,0.019469,average_adult
892f5aadb4bffff,892f5a37487ffff,473169537,473169530,7.1213,0.718464,average_adult
892f5aadb4bffff,892f5a374a3ffff,473169537,7942739530,14.1364,0.197508,average_adult
892f5aadb4bffff,892f5a374a7ffff,473169537,9791542150,17.1625,0.048848,average_adult
892f5aadb4bffff,892f5a374abffff,473169537,475369013,17.0169,0.053896,average_adult
892f5aadb4bffff,892f5a374afffff,473169537,475368981,18.4908,0.013984,average_adult
892f5aadb4bffff,892f5a374b3ffff,473169537,11072417469,8.0377,0.651687,average_adult
892f5aadb4bffff,892f5a374b7ffff,473169537,4511333938,12.7167,0.29305,average_adult
892f5aadb4bffff,892f5a374bbffff,473169537,1665929771,10.3662,0.471252,average_adult
892f5aadb4bffff,892f5aadb43ffff,473169537,11065027594,14.4054,0.180959,average_adult
892f5aadb4bffff,892f5aadb47ffff,473169537,11061297136,13.9828,0.207201,average_adult
892f5aadb4bffff,892f5aadb4bffff,473169537,473169537,1.3014,0.989589,average_adult
892f5aadb4bffff,892f5aadb4fffff,473169537,4511333552,9.0031,0.577976,average_adult
892f5aadb4bffff,892f5aadb57ffff,473169537,4511339216,18.1825,0.020239,average_adult
892f5aadb4bffff,892f5aadb7bffff,473169537,5025536627,15.2369,0.133536,average_adult
892f5aadb4fffff,892f5a37487ffff,4511333552,473169530,10.6151,0.451767,average_adult
892f5aadb4fffff,892f5a374a3ffff,4511333552,7942739530,11.1568,0.409641,average_adult
892f5aadb4fffff,892f5a374a7ffff,4511333552,9791542150,12.7597,0.289978,average_adult
892f5aadb4fffff,892f5a374abffff,4511333552,475369013,18.8152,0.008634,average_adult
892f5aadb4fffff,892f5a374afffff,4511333552,475368981,17.8794,0.027483,average_adult
892f5aadb4fffff,892f5a374b3ffff,4511333552,11072417469,6.541,0.758498,average_adult
892f5aadb4fffff,892f5a374b7ffff,4511333552,4511333938,7.3147,0.704707,average_adult
892f5aadb4fffff,892f5a374bbffff,4511333552,1665929771,12.6542,0.297528,average_adult
892f5aadb4fffff,892f5aadb0fffff,4511333552,6206442994,16.8931,0.058369,average_adult
892f5aadb4fffff,892f5aadb1bffff,4511333552,13313849470,18.3158,0.017395,average_adult
892f5aadb4fffff,892f5aadb43ffff,4511333552,11065027594,10.2582,0.479724,average_adult
892f5aadb4fffff,892f5aadb47ffff,4511333552,11061297136,8.7747,0.595645,average_adult
892f5aadb4fffff,892f5aadb4bffff,4511333552,473169537,8.3682,0.626762,average_adult
892f5aadb4fffff,892f5aadb4fffff,4511333552,4511333552,0.2469,0.999624,average_adult
892f5aadb4fffff,892f5aadb57ffff,4511333552,4511339216,13.6701,0.227455,average_adult
892f5aadb4fffff,892f5aadb6bffff,4511333552,472447041,12.8552,0.283194,average_adult
892f5aadb4fffff,892f5aadb6fffff,4511333552,5422306027,15.5491,0.117302,average_adult
892f5aadb4fffff,892f5aadb73ffff,4511333552,4870614084,12.2261,0.328702,average_adult
892f5aadb4fffff,892f5aadb7bffff,4511333552,5025536627,7.1995,0.712925,average_adult
892f5aadb4fffff,892f5aadbcfffff,4511333552,473169641,19.7431,0.000407,average_adult
892f5aadb57ffff,892f5a374b3ffff,4511339216,11072417469,19.3425,0.002665,average_adult
892f5aadb57ffff,892f5aadb03ffff,4511339216,4908207838,11.8454,0.357085,average_adult
892f5aadb57ffff,892f5aadb07ffff,4511339216,9239285385,17.7094,0.032018,average_adult
892f5aadb57ffff,892f5aadb0bffff,4511339216,12954056341,10.3782,0.470317,average_adult
892f5aadb57ffff,892f5aadb0fffff,4511339216,6206442994,15.1309,0.139254,average_adult
892f5aadb57ffff,892f5aadb13ffff,4511339216,4908207183,13.75,0.222218,average_adult
892f5aadb57ffff,892f5aadb17ffff,4511339216,295399473,16.9039,0.057975,average_adult
892f5aadb57ffff,892f5aadb1bffff,4511339216,13313849470,7.5281,0.6893,average_adult
892f5aadb57ffff,892f5aadb3bffff,4511339216,13240346340,19.5689,0.001146,average_adult
892f5aadb57ffff,892f5aadb43ffff,4511339216,11065027594,8.6801,0.602922,average_adult
892f5aadb57ffff,892f5aadb47ffff,4511339216,11061297136,7.8237,0.667616,average_adult
892f5aadb57ffff,892f5aadb4bffff,4511339216,473169537,17.8941,0.027107,average_adult
892f5aadb57ffff,892f5aadb4fffff,4511339216,4511333552,15.0811,0.141971,average_adult
892f5aadb57ffff,892f5aadb57ffff,4511339216,4511339216,0.447,0.998768,average_adult
892f5aadb57ffff,892f5aadb73ffff,4511339216,4870614084,13.3548,0.248542,average_adult
892f5aadb57ffff,892f5aadb7bffff,4511339216,5025536627,17.0141,0.053997,average_adult
892f5aadb57ffff,892f5aadb8bffff,4511339216,3900871904,16.2042,0.086275,average_adult
892f5aadb57ffff,892f5aadbc7ffff,4511339216,1510879897,12.7783,0.288656,average_adult
892f5aadb57ffff,892f5aadbcfffff,4511339216,473169641,7.4135,0.697604,average_adult
892f5aadb63ffff,892f5a37593ffff,2375772172,255996108,11.52,0.381748,average_adult
892f5aadb63ffff,892f5a3759bffff,2375772172,255995938,10.2132,0.483256,average_adult
892f5aadb63ffff,892f5a375c3ffff,2375772172,472447266,19.1409,0.004545,average_adult
892f5aadb63ffff,892f5a375d3ffff,2375772172,4717672327,15.6692,0.1113,average_adult
892f5aadb63ffff,892f5a375d7ffff,2375772172,472447132,15.0221,0.145223,average_adult
892f5aadb63ffff,892f5aadb0fffff,2375772172,6206442994,19.5896,0.001038,average_adult
892f5aadb63ffff,892f5aadb23ffff,2375772172,6206442559,17.2387,0.0463,average_adult
892f5aadb63ffff,892f5aadb2bffff,2375772172,1986321871,11.1328,0.411501,average_adult
892f5aadb63ffff,892f5aadb2fffff,2375772172,5180913963,19.5467,0.001267,average_adult
892f5aadb63ffff,892f5aadb3bffff,2375772172,13240346340,14.8406,0.155409,average_adult
892f5aadb63ffff,892f5aadb63ffff,2375772172,2375772172,0.1904,0.999776,average_adult
892f5aadb63ffff,892f5aadb67ffff,2375772172,305443506,7.9313,0.659629,average_adult
892f5aadb63ffff,892f5aadb6bffff,2375772172,472447041,15.1502,0.138206,average_adult
892f5aadb63ffff,892f5aadb6fffff,2375772172,5422306027,8.8004,0.593657,average_adult
892f5aadb63ffff,892f5aadb73ffff,2375772172,4870614084,19.9048,5.6e-05,average_adult
892f5aadb63ffff,892f5aadb77ffff,2375772172,2377135303,8.8032,0.593444,average_adult
892f5aadb63ffff,892f5aadb7bffff,2375772172,5025536627,15.0473,0.14383,average_adult
892f5aadb67ffff,892f5a3665bffff,305443506,475768206,19.6606,0.00071,average_adult
892f5aadb67ffff,892f5a37583ffff,305443506,1813858066,18.333,0.017043,average_adult
892f5aadb67ffff,892f5a3758bffff,305443506,6281439102,19.2676,0.003305,average_adult
892f5aadb67ffff,892f5a3758fffff,305443506,13736742284,19.1078,0.004902,average_adult
892f5aadb67ffff,892f5a37593ffff,305443506,255996108,5.3781,0.831943,average_adult
892f5aadb67ffff,892f5a3759bffff,305443506,255995938,7.7591,0.672386,average_adult
892f5aadb67ffff,892f5a375c3ffff,305443506,472447266,18.5423,0.013051,average_adult
892f5aadb67ffff,892f5a375d3ffff,305443506,4717672327,15.583,0.115598,average_adult
892f5aadb67ffff,892f5a375d7ffff,305443506,472447132,13.8746,0.214132,average_adult
892f5aadb67ffff,892f5aadb07ffff,305443506,9239285385,18.9816,0.006383,average_adult
892f5aadb67ffff,892f5aadb0fffff,305443506,6206442994,16.7817,0.062543,average_adult
892f5aadb67ffff,892f5aadb23ffff,305443506,6206442559,14.4307,0.179432,average_adult
892f5aadb67ffff,892f5aadb27ffff,305443506,517549695,18.4814,0.014157,average_adult
892f5aadb67ffff,892f5aadb2bffff,305443506,1986321871,8.3248,0.630058,average_adult
892f5aadb67ffff,892f5aadb2fffff,305443506,5180913963,16.7387,0.064187,average_adult
892f5aadb67ffff,892f5aadb33ffff,305443506,517548726,19.4296,0.002006,average_adult
892f5aadb67ffff,892f5aadb37ffff,305443506,2393515085,19.3372,0.002707,average_adult
892f5aadb67ffff,892f5aadb3bffff,305443506,13240346340,12.0326,0.343057,average_adult
892f5aadb67ffff,892f5aadb63ffff,305443506,2375772172,8.0527,0.65057,average_adult
892f5aadb67ffff,892f5aadb67ffff,305443506,305443506,0.8645,0.995397,average_adult
892f5aadb67ffff,892f5aadb6bffff,305443506,472447041,15.0639,0.142916,average_adult
892f5aadb67ffff,892f5aadb6fffff,305443506,5422306027,8.7142,0.600304,average_adult
892f5aadb67ffff,892f5aadb77ffff,305443506,2377135303,6.6683,0.749886,average_adult
892f5aadb67ffff,892f5aadb7bffff,305443506,5025536627,17.8637,0.027889,average_adult
892f5aadb6bffff,892f5a37433ffff,472447041,9775221793,18.7331,0.009868,average_adult
892f5aadb6bffff,892f5a37437ffff,472447041,6240815386,17.3465,0.042807,average_adult
892f5aadb6bffff,892f5a37487ffff,472447041,473169530,15.6834,0.110601,average_adult
892f5aadb6bffff,892f5a374a3ffff,472447041,7942739530,12.2346,0.328079,average_adult
892f5aadb6bffff,892f5a374a7ffff,472447041,9791542150,5.9662,0.796038,average_adult
892f5aadb6bffff,892f5a374abffff,472447041,475369013,17.7689,0.030394,average_adult
892f5aadb6bffff,892f5a374afffff,472447041,475368981,12.6188,0.300072,average_adult
892f5aadb6bffff,892f5a374b3ffff,472447041,11072417469,13.5099,0.238086,average_adult
892f5aadb6bffff,892f5a374b7ffff,472447041,4511333938,7.3478,0.702331,average_adult
892f5aadb6bffff,892f5a374bbffff,472447041,1665929771,16.1367,0.089273,average_adult
892f5aadb6bffff,892f5a3758bffff,472447041,6281439102,18.2922,0.017883,average_adult
892f5aadb6bffff,892f5a37593ffff,472447041,255996108,17.5721,0.035922,average_adult
892f5aadb6bffff,892f5a3759bffff,472447041,255995938,13.7876,0.219766,average_adult
892f5aadb6bffff,892f5a375c3ffff,472447041,472447266,13.0266,0.271145,average_adult
892f5aadb6bffff,892f5a375c7ffff,472447041,1664033852,16.9313,0.056974,average_adult
892f5aadb6bffff,892f5a375cbffff,472447041,2649421029,17.6136,0.034719,average_adult
892f5aadb6bffff,892f5a375cfffff,472447041,472382799,19.6187,0.000896,average_adult
892f5aadb6bffff,892f5a375d3ffff,472447041,4717672327,8.2186,0.638094,average_adult
892f5aadb6bffff,892f5a375d7ffff,472447041,472447132,9.0831,0.571765,average_adult
892f5aadb6bffff,892f5a375dbffff,472447041,475368843,12.6395,0.298584,average_adult
892f5aadb6bffff,892f5aadb0fffff,472447041,6206442994,18.3687,0.016325,average_adult
892f5aadb6bffff,892f5aadb2bffff,472447041,1986321871,19.3783,0.002382,average_adult
892f5aadb6bffff,892f5aadb47ffff,472447041,11061297136,15.4359,0.123085,average_adult
892f5aadb6bffff,892f5aadb4bffff,472447041,473169537,19.5976,0.000998,average_adult
892f5aadb6bffff,892f5aadb4fffff,472447041,4511333552,13.4075,0.244971,average_adult
892f5aadb6bffff,892f5aadb63ffff,472447041,2375772172,14.9657,0.148358,average_adult
892f5aadb6bffff,892f5aadb67ffff,472447041,305443506,14.2617,0.189733,average_adult
892f5aadb6bffff,892f5aadb6bffff,472447041,472447041,0.5323,0.998253,average_adult
892f5aadb6bffff,892f5aadb6fffff,472447041,5422306027,6.7776,0.742414,average_adult
892f5aadb6bffff,892f5aadb73ffff,472447041,4870614084,13.7017,0.225377,average_adult
892f5aadb6bffff,892f5aadb77ffff,472447041,2377135303,17.7066,0.032094,average_adult
892f5aadb6bffff,892f5aadb7bffff,472447041,5025536627,8.6751,0.60331,average_adult
892f5aadb6fffff,892f5a37437ffff,5422306027,6240815386,17.2925,0.044543,average_adult
892f5aadb6fffff,892f5a374a3ffff,5422306027,7942739530,18.4573,0.01461,average_adult
892f5aadb6fffff,892f5a374a7ffff,5422306027,9791542150,12.1889,0.331454,average_adult
892f5aadb6fffff,892f5a374afffff,5422306027,475368981,17.6976,0.032345,average_adult
892f5aadb6fffff,892f5a374b3ffff,5422306027,11072417469,19.7326,0.000441,average_adult
892f5aadb6fffff,892f5a374b7ffff,5422306027,4511333938,13.5705,0.234047,average_adult
892f5aadb6fffff,892f5a37513ffff,5422306027,11538316379,15.9932,0.095803,average_adult
892f5aadb6fffff,892f5a37583ffff,5422306027,1813858066,15.5139,0.11909,average_adult
892f5aadb6fffff,892f5a3758bffff,5422306027,6281439102,13.6202,0.230751,average_adult
892f5aadb6fffff,892f5a3758fffff,5422306027,13736742284,16.2887,0.082586,average_adult
892f5aadb6fffff,892f5a37593ffff,5422306027,255996108,10.8982,0.429688,average_adult
892f5aadb6fffff,892f5a3759bffff,5422306027,255995938,7.1137,0.719004,average_adult
892f5aadb6fffff,892f5a375c3ffff,5422306027,472447266,10.72,0.443573,average_adult
892f5aadb6fffff,892f5a375c7ffff,5422306027,1664033852,14.4493,0.178316,average_adult
892f5aadb6fffff,892f5a375cbffff,5422306027,2649421029,15.375,0.126244,average_adult
892f5aadb6fffff,892f5a375cfffff,5422306027,472382799,17.1367,0.049724,average_adult
892f5aadb6fffff,892f5a375d3ffff,5422306027,4717672327,6.9725,0.728915,average_adult
892f5aadb6fffff,892f5a375d7ffff,5422306027,472447132,6.6011,0.754446,average_adult
892f5aadb6fffff,892f5a375dbffff,5422306027,475368843,14.5914,0.169848,average_adult
892f5aadb6fffff,892f5aadb0fffff,5422306027,6206442994,19.6845,0.000614,average_adult
892f5aadb6fffff,892f5aadb23ffff,5422306027,6206442559,18.8104,0.008704,average_adult
892f5aadb6fffff,892f5aadb2bffff,5422306027,1986321871,12.7044,0.293927,average_adult
892f5aadb6fffff,892f5aadb3bffff,5422306027,13240346340,16.4123,0.077321,average_adult
892f5aadb6fffff,892f5aadb47ffff,5422306027,11061297136,17.0626,0.052285,average_adult
892f5aadb6fffff,892f5aadb4fffff,5422306027,4511333552,15.7387,0.107891,average_adult
892f5aadb6fffff,892f5aadb63ffff,5422306027,2375772172,8.2918,0.632559,average_adult
892f5aadb6fffff,892f5aadb67ffff,5422306027,305443506,7.5878,0.684954,average_adult
892f5aadb6fffff,892f5aadb6bffff,5422306027,472447041,6.755,0.743966,average_adult
892f5aadb6fffff,892f5aadb6fffff,5422306027,5422306027,0.1037,0.999934,average_adult
892f5aadb6fffff,892f5aadb73ffff,5422306027,4870614084,15.0174,0.145479,average_adult
892f5aadb6fffff,892f5aadb77ffff,5422306027,2377135303,11.0327,0.419245,average_adult
892f5aadb6fffff,892f5aadb7bffff,5422306027,5025536627,10.1599,0.487443,average_adult
892f5aadb73ffff,892f5a374a7ffff,4870614084,9791542150,16.765,0.063177,average_adult
892f5aadb73ffff,892f5a374b3ffff,4870614084,11072417469,19.7489,0.000389,average_adult
892f5aadb73ffff,892f5a374b7ffff,4870614084,4511333938,14.5407,0.172849,average_adult
892f5aadb73ffff,892f5aadb03ffff,4870614084,4908207838,13.4542,0.241827,average_adult
892f5aadb73ffff,892f5aadb07ffff,4870614084,9239285385,13.2075,0.25861,average_adult
892f5aadb73ffff,892f5aadb0bffff,4870614084,12954056341,17.0641,0.052233,average_adult
892f5aadb73ffff,892f5aadb0fffff,4870614084,6206442994,6.7835,0.742014,average_adult
892f5aadb73ffff,892f5aadb13ffff,4870614084,4908207183,19.7572,0.000364,average_adult
892f5aadb73ffff,892f5aadb17ffff,4870614084,295399473,18.4412,0.014915,average_adult
892f5aadb73ffff,892f5aadb1bffff,4870614084,13313849470,14.9277,0.150484,average_adult
892f5aadb73ffff,892f5aadb2bffff,4870614084,1986321871,18.687,0.010596,average_adult
892f5aadb73ffff,892f5aadb33ffff,4870614084,517548726,18.776,0.009213,average_adult
892f5aadb73ffff,892f5aadb3bffff,4870614084,13240346340,12.8854,0.281057,average_adult
892f5aadb73ffff,892f5aadb43ffff,4870614084,11065027594,14.362,0.183596,average_adult
892f5aadb73ffff,892f5aadb47ffff,4870614084,11061297136,7.5797,0.685546,average_adult
892f5aadb73ffff,892f5aadb4bffff,4870614084,473169537,19.8737,9.8e-05,average_adult
892f5aadb73ffff,892f5aadb4fffff,4870614084,4511333552,13.4548,0.241787,average_adult
892f5aadb73ffff,892f5aadb57ffff,4870614084,4511339216,12.0438,0.342221,average_adult
892f5aadb73ffff,892f5aadb6bffff,4870614084,472447041,14.3088,0.186838,average_adult
892f5aadb73ffff,892f5aadb6fffff,4870614084,5422306027,16.0472,0.093322,average_adult
892f5aadb73ffff,892f5aadb73ffff,4870614084,4870614084,0.6382,0.99749,average_adult
892f5aadb73ffff,892f5aadb7bffff,4870614084,5025536627,7.4237,0.696866,average_adult
892f5aadb73ffff,892f5aadbabffff,4870614084,307423640,16.9459,0.056441,average_adult
892f5aadb73ffff,892f5aadbcfffff,4870614084,473169641,17.9122,0.026648,average_adult
892f5aadb77ffff,892f5a3665bffff,2377135303,475768206,18.2726,0.018293,average_adult
892f5aadb77ffff,892f5a37593ffff,2377135303,255996108,10.5529,0.45663,average_adult
892f5aadb77ffff,892f5a3759bffff,2377135303,255995938,12.7189,0.292887,average_adult
892f5aadb77ffff,892f5a375d3ffff,2377135303,4717672327,19.2641,0.003337,average_adult
892f5aadb77ffff,892f5a375d7ffff,2377135303,472447132,18.6169,0.011753,average_adult
892f5aadb77ffff,892f5aadb03ffff,2377135303,4908207838,19.0871,0.005131,average_adult
892f5aadb77ffff,892f5aadb07ffff,2377135303,9239285385,17.5936,0.035296,average_adult
892f5aadb77ffff,892f5aadb0fffff,2377135303,6206442994,15.3936,0.125275,average_adult
892f5aadb77ffff,892f5aadb23ffff,2377135303,6206442559,13.0427,0.270021,average_adult
892f5aadb77ffff,892f5aadb27ffff,2377135303,517549695,17.0934,0.051213,average_adult
892f5aadb77ffff,892f5aadb2bffff,2377135303,1986321871,6.9368,0.731409,average_adult
892f5aadb77ffff,892f5aadb2fffff,2377135303,5180913963,15.3507,0.127519,average_adult
892f5aadb77ffff,892f5aadb33ffff,2377135303,517548726,18.0416,0.023473,average_adult
892f5aadb77ffff,892f5aadb37ffff,2377135303,2393515085,17.9492,0.02572,average_adult
892f5aadb77ffff,892f5aadb3bffff,2377135303,13240346340,10.6446,0.449459,average_adult
892f5aadb77ffff,892f5aadb63ffff,2377135303,2375772172,9.7757,0.51761,average_adult
892f5aadb77ffff,892f5aadb67ffff,2377135303,305443506,6.9838,0.728131,average_adult
892f5aadb77ffff,892f5aadb6bffff,2377135303,472447041,18.745,0.009684,average_adult
892f5aadb77ffff,892f5aadb6fffff,2377135303,5422306027,12.3953,0.316282,average_adult
892f5aadb77ffff,892f5aadb77ffff,2377135303,2377135303,0.3028,0.999435,average_adult
892f5aadb77ffff,892f5aadb7bffff,2377135303,5025536627,17.01,0.054142,average_adult
892f5aadb7bffff,892f5a37487ffff,5025536627,473169530,15.7774,0.106013,average_adult
892f5aadb7bffff,892f5a374a3ffff,5025536627,7942739530,12.8306,0.284941,average_adult
892f5aadb7bffff,892f5a374a7ffff,5025536627,9791542150,9.4435,0.543655,average_adult
892f5aadb7bffff,892f5a374abffff,5025536627,475369013,19.9525,1.4e-05,average_adult
892f5aadb7bffff,892f5a374afffff,5025536627,475368981,16.0961,0.091102,average_adult
892f5aadb7bffff,892f5a374b3ffff,5025536627,11072417469,12.4273,0.313944,average_adult
892f5aadb7bffff,892f5a374b7ffff,5025536627,4511333938,7.2192,0.711524,average_adult
892f5aadb7bffff,892f5a374bbffff,5025536627,1665929771,16.2722,0.083298,average_adult
892f5aadb7bffff,892f5a37593ffff,5025536627,255996108,18.7431,0.009714,average_adult
892f5aadb7bffff,892f5a3759bffff,5025536627,255995938,14.9585,0.148757,average_adult
892f5aadb7bffff,892f5a375c3ffff,5025536627,472447266,19.4816,0.001657,average_adult
892f5aadb7bffff,892f5a375d3ffff,5025536627,4717672327,14.6735,0.165034,average_adult
892f5aadb7bffff,892f5a375d7ffff,5025536627,472447132,15.538,0.117863,average_adult
892f5aadb7bffff,892f5a375dbffff,5025536627,475368843,17.5592,0.0363,average_adult
892f5aadb7bffff,892f5aadb03ffff,5025536627,4908207838,16.3442,0.080199,average_adult
892f5aadb7bffff,892f5aadb07ffff,5025536627,9239285385,16.2198,0.085589,average_adult
892f5aadb7bffff,892f5aadb0bffff,5025536627,12954056341,19.8336,0.000171,average_adult
892f5aadb7bffff,892f5aadb0fffff,5025536627,6206442994,9.7958,0.516037,average_adult
892f5aadb7bffff,892f5aadb1bffff,5025536627,13313849470,17.6972,0.032355,average_adult
892f5aadb7bffff,892f5aadb3bffff,5025536627,13240346340,15.8978,0.100264,average_adult
892f5aadb7bffff,892f5aadb43ffff,5025536627,11065027594,12.5814,0.302766,average_adult
892f5aadb7bffff,892f5aadb47ffff,5025536627,11061297136,7.1976,0.713064,average_adult
892f5aadb7bffff,892f5aadb4bffff,5025536627,473169537,12.9593,0.275856,average_adult
892f5aadb7bffff,892f5aadb4fffff,5025536627,4511333552,6.1332,0.785365,average_adult
892f5aadb7bffff,892f5aadb57ffff,5025536627,4511339216,14.1777,0.194935,average_adult
892f5aadb7bffff,892f5aadb63ffff,5025536627,2375772172,14.2718,0.189112,average_adult
892f5aadb7bffff,892f5aadb67ffff,5025536627,305443506,15.4326,0.123254,average_adult
892f5aadb7bffff,892f5aadb6bffff,5025536627,472447041,6.9873,0.727885,average_adult
892f5aadb7bffff,892f5aadb6fffff,5025536627,5422306027,9.3781,0.548768,average_adult
892f5aadb7bffff,892f5aadb73ffff,5025536627,4870614084,5.1288,0.846331,average_adult
892f5aadb7bffff,892f5aadb77ffff,5025536627,2377135303,14.9228,0.15076,average_adult
892f5aadb7bffff,892f5aadb7bffff,5025536627,5025536627,0.1021,0.999936,average_adult
892f5aadb7bffff,892f5aadbabffff,5025536627,307423640,19.9582,1.1e-05,average_adult
892f5aadb83ffff,892f5aadb03ffff,499192381,4908207838,14.7133,0.162721,average_adult
892f5aadb83ffff,892f5aadb0bffff,499192381,12954056341,19.5395,0.001308,average_adult
892f5aadb83ffff,892f5aadb13ffff,499192381,4908207183,9.1455,0.56691,average_adult
892f5aadb83ffff,892f5aadb17ffff,499192381,295399473,11.5781,0.377324,average_adult
892f5aadb83ffff,892f5aadb1bffff,499192381,13313849470,16.986,0.054998,average_adult
892f5aadb83ffff,892f5aadb83ffff,499192381,499192381,3.0178,0.944865,average_adult
892f5aadb83ffff,892f5aadb8bffff,499192381,3900871904,5.1534,0.844932,average_adult
892f5aadb83ffff,892f5aadb8fffff,499192381,1809615766,10.9553,0.425254,average_adult
892f5aadb83ffff,892f5aadbabffff,499192381,307423640,19.3376,0.002704,average_adult
892f5aadb83ffff,892f5aadbc7ffff,499192381,1510879897,11.842,0.357339,average_adult
892f5aadb83ffff,892f5aadbcfffff,499192381,473169641,18.8423,0.008244,average_adult
892f5aadb8bffff,892f5aadb03ffff,3900871904,4908207838,13.2413,0.256282,average_adult
892f5aadb8bffff,892f5aadb07ffff,3900871904,9239285385,19.1554,0.004394,average_adult
892f5aadb8bffff,892f5aadb0bffff,3900871904,12954056341,15.5493,0.117292,average_adult
892f5aadb8bffff,892f5aadb0fffff,3900871904,6206442994,18.8354,0.008343,average_adult
892f5aadb8bffff,892f5aadb13ffff,3900871904,4908207183,6.8023,0.74072,average_adult
892f5aadb8bffff,892f5aadb17ffff,3900871904,295399473,12.6089,0.300782,average_adult
892f5aadb8bffff,892f5aadb1bffff,3900871904,13313849470,12.2583,0.326333,average_adult
892f5aadb8bffff,892f5aadb57ffff,3900871904,4511339216,16.3468,0.080091,average_adult
892f5aadb8bffff,892f5aadb83ffff,3900871904,499192381,6.9723,0.728934,average_adult
892f5aadb8bffff,892f5aadb8bffff,3900871904,3900871904,0.3509,0.999241,average_adult
892f5aadb8bffff,892f5aadb8fffff,3900871904,1809615766,11.9861,0.346527,average_adult
892f5aadb8bffff,892f5aadbc7ffff,3900871904,1510879897,7.0395,0.724226,average_adult
892f5aadb8bffff,892f5aadbcfffff,3900871904,473169641,14.0398,0.203583,average_adult
892f5aadb8fffff,892f5aadb03ffff,1809615766,4908207838,15.5858,0.115456,average_adult
892f5aadb8fffff,892f5aadb13ffff,1809615766,4908207183,10.92,0.427997,average_adult
892f5aadb8fffff,892f5aadb17ffff,1809615766,295399473,12.4505,0.312253,average_adult
892f5aadb8fffff,892f5aadb1bffff,1809615766,13313849470,18.8151,0.008636,average_adult
892f5aadb8fffff,892f5aadb83ffff,1809615766,499192381,14.6315,0.167493,average_adult
892f5aadb8fffff,892f5aadb8bffff,1809615766,3900871904,13.8367,0.216581,average_adult
892f5aadb8fffff,892f5aadb8fffff,1809615766,1809615766,2.735,0.954562,average_adult
892f5aadb8fffff,892f5aadbc7ffff,1809615766,1510879897,14.1315,0.197816,average_adult
892f5aadba3ffff,892f5a366dbffff,5158143495,6277517902,12.9916,0.273593,average_adult
892f5aadba3ffff,892f5aadb03ffff,5158143495,4908207838,19.9156,4.4e-05,average_adult
892f5aadba3ffff,892f5aadb07ffff,5158143495,9239285385,12.7448,0.291038,average_adult
892f5aadba3ffff,892f5aadb0fffff,5158143495,6206442994,18.107,0.021942,average_adult
892f5aadba3ffff,892f5aadb17ffff,5158143495,295399473,16.1289,0.089625,average_adult
892f5aadba3ffff,892f5aadb23ffff,5158143495,6206442559,18.2455,0.018869,average_adult
892f5aadba3ffff,892f5aadb27ffff,5158143495,517549695,18.809,0.008724,average_adult
892f5aadba3ffff,892f5aadb33ffff,5158143495,517548726,11.8195,0.359035,average_adult
892f5aadba3ffff,892f5aadb37ffff,5158143495,2393515085,13.4871,0.239618,average_adult
892f5aadba3ffff,892f5aadb3bffff,5158143495,13240346340,19.1734,0.004209,average_adult
892f5aadba3ffff,892f5aadba3ffff,5158143495,5158143495,1.5536,0.985186,average_adult
892f5aadba3ffff,892f5aadba7ffff,5158143495,307423646,6.4821,0.762444,average_adult
892f5aadba3ffff,892f5aadbabffff,5158143495,307423640,6.1493,0.784324,average_adult
892f5aadba3ffff,892f5aadbafffff,5158143495,307423619,6.9417,0.731066,average_adult
892f5aadba3ffff,892f5aadbbbffff,5158143495,517470423,9.4838,0.5405,average_adult
892f5aadba7ffff,892f5a366dbffff,307423646,6277517902,12.3961,0.31622,average_adult
892f5aadba7ffff,892f5aadb07ffff,307423646,9239285385,16.0515,0.093128,average_adult
892f5aadba7ffff,892f5aadb17ffff,307423646,295399473,19.4355,0.001964,average_adult
892f5aadba7ffff,892f5aadb23ffff,307423646,6206442559,18.9554,0.006716,average_adult
892f5aadba7ffff,892f5aadb27ffff,307423646,517549695,18.6099,0.011873,average_adult
892f5aadba7ffff,892f5aadb33ffff,307423646,517548726,12.5294,0.306525,average_adult
892f5aadba7ffff,892f5aadb37ffff,307423646,2393515085,13.2879,0.253096,average_adult
892f5aadba7ffff,892f5aadb3bffff,307423646,13240346340,19.8833,8.4e-05,average_adult
892f5aadba7ffff,892f5aadba3ffff,307423646,5158143495,7.5491,0.687771,average_adult
892f5aadba7ffff,892f5aadba7ffff,307423646,307423646,4.5372,0.878297,average_adult
892f5aadba7ffff,892f5aadbabffff,307423646,307423640,9.456,0.542676,average_adult
892f5aadba7ffff,892f5aadbafffff,307423646,307423619,6.7425,0.744822,average_adult
892f5aadba7ffff,892f5aadbbbffff,307423646,517470423,15.1366,0.138941,average_adult
892f5aadbabffff,892f5a366dbffff,307423640,6277517902,12.6408,0.298488,average_adult
892f5aadbabffff,892f5aadb03ffff,307423640,4908207838,14.0781,0.201168,average_adult
892f5aadbabffff,892f5aadb07ffff,307423640,9239285385,6.9073,0.733458,average_adult
892f5aadbabffff,892f5aadb0fffff,307423640,6206442994,12.2695,0.325507,average_adult
892f5aadbabffff,892f5aadb13ffff,307423640,4908207183,17.2801,0.044944,average_adult
892f5aadbabffff,892f5aadb17ffff,307423640,295399473,10.2913,0.477127,average_adult
892f5aadbabffff,892f5aadb23ffff,307423640,6206442559,14.5942,0.169686,average_adult
892f5aadbabffff,892f5aadb27ffff,307423640,517549695,17.3717,0.042011,average_adult
892f5aadbabffff,892f5aadb2bffff,307423640,1986321871,19.9761,4e-06,average_adult
892f5aadbabffff,892f5aadb33ffff,307423640,517548726,8.3366,0.629158,average_adult
892f5aadbabffff,892f5aadb37ffff,307423640,2393515085,12.7933,0.287586,average_adult
892f5aadbabffff,892f5aadb3bffff,307423640,13240346340,13.6611,0.228045,average_adult
892f5aadbabffff,892f5aadb73ffff,307423640,4870614084,19.5235,0.0014,average_adult
892f5aadbabffff,892f5aadb8fffff,307423640,1809615766,18.9744,0.006474,average_adult
892f5aadbabffff,892f5aadba3ffff,307423640,5158143495,7.1765,0.714555,average_adult
892f5aadbabffff,892f5aadba7ffff,307423640,307423646,8.7214,0.599747,average_adult
892f5aadbabffff,892f5aadbabffff,307423640,307423640,0.3118,0.9994,average_adult
892f5aadbabffff,892f5aadbafffff,307423640,307423619,7.4625,0.694057,average_adult
892f5aadbabffff,892f5aadbbbffff,307423640,517470423,10.0535,0.495801,average_adult
892f5aadbafffff,892f5a3665bffff,307423619,475768206,17.9508,0.025679,average_adult
892f5aadbafffff,892f5a366dbffff,307423619,6277517902,6.9436,0.730935,average_adult
892f5aadbafffff,892f5aadb03ffff,307423619,4908207838,18.2117,0.019597,average_adult
892f5aadbafffff,892f5aadb07ffff,307423619,9239285385,11.0409,0.418608,average_adult
892f5aadbafffff,892f5aadb0fffff,307423619,6206442994,16.4031,0.077705,average_adult
892f5aadbafffff,892f5aadb17ffff,307423619,295399473,14.425,0.179779,average_adult
892f5aadbafffff,892f5aadb23ffff,307423619,6206442559,13.2388,0.256456,average_adult
892f5aadbafffff,892f5aadb27ffff,307423619,517549695,12.4343,0.313437,average_adult
892f5aadbafffff,892f5aadb2bffff,307423619,1986321871,19.5683,0.001149,average_adult
892f5aadbafffff,892f5aadb2fffff,307423619,5180913963,16.5488,0.071691,average_adult
892f5aadbafffff,892f5aadb33ffff,307423619,517548726,7.0374,0.724372,average_adult
892f5aadbafffff,892f5aadb37ffff,307423619,2393515085,7.1123,0.719101,average_adult
892f5aadbafffff,892f5aadb3bffff,307423619,13240346340,14.3913,0.181813,average_adult
892f5aadbafffff,892f5aadba3ffff,307423619,5158143495,6.3877,0.76873,average_adult
892f5aadbafffff,892f5aadba7ffff,307423619,307423646,5.1215,0.84674,average_adult
892f5aadbafffff,892f5aadbabffff,307423619,307423640,5.7685,0.808407,average_adult
892f5aadbafffff,892f5aadbafffff,307423619,307423619,0.5669,0.998019,average_adult
892f5aadbafffff,892f5aadbbbffff,307423619,517470423,13.5712,0.234,average_adult
892f5aadbbbffff,892f5a366dbffff,517470423,6277517902,18.6661,0.010936,average_adult
892f5aadbbbffff,892f5aadb03ffff,517470423,4908207838,18.9278,0.007075,average_adult
892f5aadbbbffff,892f5aadb07ffff,517470423,9239285385,14.2363,0.191297,average_adult
892f5aadbbbffff,892f5aadb0fffff,517470423,6206442994,19.5985,0.000994,average_adult
892f5aadbbbffff,892f5aadb17ffff,517470423,295399473,15.141,0.138702,average_adult
892f5aadbbbffff,892f5aadb33ffff,517470423,517548726,14.8967,0.15223,average_adult
892f5aadbbbffff,892f5aadb37ffff,517470423,2393515085,18.8257,0.008483,average_adult
892f5aadbbbffff,892f5aadba3ffff,517470423,5158143495,8.3961,0.624642,average_adult
892f5aadbbbffff,892f5aadba7ffff,517470423,307423646,12.39,0.316672,average_adult
892f5aadbbbffff,892f5aadbabffff,517470423,307423640,7.6408,0.681078,average_adult
892f5aadbbbffff,892f5aadbafffff,517470423,307423619,12.5935,0.301895,average_adult
892f5aadbbbffff,892f5aadbbbffff,517470423,517470423,2.3216,0.96712,average_adult
892f5aadbc7ffff,892f5aadb03ffff,1510879897,4908207838,11.6112,0.374806,average_adult
892f5aadbc7ffff,892f5aadb07ffff,1510879897,9239285385,17.5252,0.037306,average_adult
892f5aadbc7ffff,892f5aadb0bffff,1510879897,12954056341,13.0231,0.271388,average_adult
892f5aadbc7ffff,892f5aadb0fffff,1510879897,6206442994,17.2052,0.047413,average_adult
892f5aadbc7ffff,892f5aadb13ffff,1510879897,4908207183,5.485,0.82562,average_adult
892f5aadbc7ffff,892f5aadb17ffff,1510879897,295399473,12.7378,0.29154,average_adult
892f5aadbc7ffff,892f5aadb1bffff,1510879897,13313849470,9.732,0.521039,average_adult
892f5aadbc7ffff,892f5aadb3bffff,1510879897,13240346340,19.3847,0.002334,average_adult
892f5aadbc7ffff,892f5aadb47ffff,1510879897,11061297136,18.0145,0.02412,average_adult
892f5aadbc7ffff,892f5aadb57ffff,1510879897,4511339216,13.8206,0.217624,average_adult
892f5aadbc7ffff,892f5aadb83ffff,1510879897,499192381,14.1643,0.195768,average_adult
892f5aadbc7ffff,892f5aadb8bffff,1510879897,3900871904,7.9392,0.659041,average_adult
892f5aadbc7ffff,892f5aadb8fffff,1510879897,1809615766,12.5525,0.304856,average_adult
892f5aadbc7ffff,892f5aadbabffff,1510879897,307423640,19.2295,0.003658,average_adult
892f5aadbc7ffff,892f5aadbc7ffff,1510879897,1510879897,3.6273,0.92101,average_adult
892f5aadbc7ffff,892f5aadbcfffff,1510879897,473169641,11.5136,0.382238,average_adult
892f5aadbcfffff,892f5aadb03ffff,473169641,4908207838,12.8477,0.283728,average_adult
892f5aadbcfffff,892f5aadb07ffff,473169641,9239285385,18.7117,0.010203,average_adult
892f5aadbcfffff,892f5aadb0bffff,473169641,12954056341,11.4613,0.386235,average_adult
892f5aadbcfffff,892f5aadb0fffff,473169641,6206442994,17.1774,0.048344,average_adult
892f5aadbcfffff,892f5aadb13ffff,473169641,4908207183,14.5624,0.171565,average_adult
892f5aadbcfffff,892f5aadb17ffff,473169641,295399473,17.9062,0.026801,average_adult
892f5aadbcfffff,892f5aadb1bffff,473169641,13313849470,8.5304,0.614399,average_adult
892f5aadbcfffff,892f5aadb43ffff,473169641,11065027594,17.4575,0.039348,average_adult
892f5aadbcfffff,892f5aadb47ffff,473169641,11061297136,15.1639,0.13746,average_adult
892f5aadbcfffff,892f5aadb57ffff,473169641,4511339216,9.2244,0.560762,average_adult
892f5aadbcfffff,892f5aadb73ffff,473169641,4870614084,19.9956,0.0,average_adult
892f5aadbcfffff,892f5aadb8bffff,473169641,3900871904,17.0166,0.053905,average_adult
892f5aadbcfffff,892f5aadbc7ffff,473169641,1510879897,13.5907,0.232703,average_adult
892f5aadbcfffff,892f5aadbcfffff,473169641,473169641,2.9606,0.946898,average_adult
