source_h3_id,target_h3_id,source_node_id,target_node_id,time_min,alpha_20,profile_key
89a8100c083ffff,89a8100c083ffff,10879607506,10879607506,2.3082,0.967494,elderly
89a8100c083ffff,89a8100c087ffff,10879607506,6359582195,18.8386,0.008298,elderly
89a8100c083ffff,89a8100c08fffff,10879607506,12501696631,6.8982,0.73409,elderly
89a8100c083ffff,89a8100c093ffff,10879607506,296285873,13.9187,0.211297,elderly
89a8100c083ffff,89a8100c097ffff,10879607506,459335450,14.2542,0.190195,elderly
89a8100c083ffff,89a8100c09bffff,10879607506,4293923366,15.6835,0.110594,elderly
89a8100c087ffff,89a8100c083ffff,6359582195,10879607506,19.8938,7e-05,elderly
89a8100c087ffff,89a8100c087ffff,6359582195,6359582195,1.0765,0.992868,elderly
89a8100c087ffff,89a8100c097ffff,6359582195,459335450,18.3939,0.015827,elderly
89a8100c087ffff,89a8100c0b3ffff,6359582195,4293906838,12.6391,0.298612,elderly
89a8100c087ffff,89a8100c54bffff,6359582195,8944143746,15.8995,0.10018,elderly
89a8100c08bffff,89a8100c08bffff,7033857127,7033857127,2.2313,0.969603,elderly
89a8100c08bffff,89a8100c0c7ffff,7033857127,296284589,7.7864,0.670373,elderly
89a8100c08bffff,89a8100c0d7ffff,7033857127,296284684,15.108,0.140501,elderly
89a8100c08fffff,89a8100c083ffff,12501696631,10879607506,9.7176,0.52217,elderly
89a8100c08fffff,89a8100c08fffff,12501696631,12501696631,4.5821,0.875983,elderly
89a8100c093ffff,89a8100c083ffff,296285873,10879607506,9.9896,0.500814,elderly
89a8100c093ffff,89a8100c087ffff,296285873,6359582195,19.612,0.000929,elderly
89a8100c093ffff,89a8100c08fffff,296285873,12501696631,14.3954,0.181567,elderly
89a8100c093ffff,89a8100c093ffff,296285873,296285873,0.5044,0.998432,elderly
89a8100c093ffff,89a8100c097ffff,296285873,459335450,15.0276,0.144918,elderly
89a8100c093ffff,89a8100c09bffff,296285873,4293923366,10.0354,0.497222,elderly
89a8100c093ffff,89a8100c0d7ffff,296285873,296284684,17.4613,0.03923,elderly
89a8100c093ffff,89a8100c467ffff,296285873,296285901,12.8014,0.287013,elderly
89a8100c093ffff,89a8100c46fffff,296285873,4849813871,18.8424,0.008243,elderly
89a8100c097ffff,89a8100c083ffff,459335450,10879607506,8.9137,0.584904,elderly
89a8100c097ffff,89a8100c087ffff,459335450,6359582195,11.9982,0.345623,elderly
89a8100c097ffff,89a8100c08fffff,459335450,12501696631,13.1808,0.260445,elderly
89a8100c097ffff,89a8100c093ffff,459335450,296285873,13.8825,0.213625,elderly
89a8100c097ffff,89a8100c097ffff,459335450,459335450,1.4347,0.987356,elderly
89a8100c097ffff,89a8100c0b3ffff,459335450,4293906838,14.0596,0.202331,elderly
89a8100c097ffff,89a8100c427ffff,459335450,12986505496,16.9589,0.055973,elderly
89a8100c097ffff,89a8100c54bffff,459335450,8944143746,13.0822,0.267268,elderly
89a8100c097ffff,89a8100c55bffff,459335450,12697580033,16.5235,0.072717,elderly
89a8100c09bffff,89a8100c083ffff,4293923366,10879607506,19.414,0.002117,elderly
89a8100c09bffff,89a8100c093ffff,4293923366,296285873,16.8766,0.058981,elderly
89a8100c09bffff,89a8100c09bffff,4293923366,4293923366,1.1754,0.991501,elderly
89a8100c09bffff,89a8100c0d7ffff,4293923366,296284684,11.0008,0.421721,elderly
89a8100c09bffff,89a8100c467ffff,4293923366,296285901,11.7041,0.367753,elderly
89a8100c09bffff,89a8100c46fffff,4293923366,4849813871,12.3819,0.317261,elderly
89a8100c0b3ffff,89a8100c083ffff,4293906838,10879607506,19.2138,0.003808,elderly
89a8100c0b3ffff,89a8100c087ffff,4293906838,6359582195,9.8978,0.508029,elderly
89a8100c0b3ffff,89a8100c097ffff,4293906838,459335450,17.714,0.031891,elderly
89a8100c0b3ffff,89a8100c0b3ffff,4293906838,4293906838,7.6624,0.679495,elderly
89a8100c0b3ffff,89a8100c54bffff,4293906838,8944143746,15.2196,0.134464,elderly
89a8100c0c3ffff,89a8100c0c3ffff,4293920655,4293920655,1.2168,0.990894,elderly
89a8100c0c3ffff,89a8100c0cbffff,4293920655,12487325808,12.8065,0.286646,elderly
89a8100c0c3ffff,89a8100c0d3ffff,4293920655,296284761,11.2838,0.39985,elderly
89a8100c0c3ffff,89a8100c0d7ffff,4293920655,296284684,18.3248,0.017212,elderly
89a8100c0c3ffff,89a8100c0dbffff,4293920655,6769468141,17.2436,0.04614,elderly
89a8100c0c3ffff,89a8100c46bffff,4293920655,12505529937,19.4074,0.002164,elderly
89a8100c0c3ffff,89a8100c637ffff,4293920655,445044750,19.907,5.3e-05,elderly
89a8100c0c7ffff,89a8100c08bffff,296284589,7033857127,8.5768,0.610846,elderly
89a8100c0c7ffff,89a8100c0c7ffff,296284589,296284589,4.2498,0.892666,elderly
89a8100c0c7ffff,89a8100c0d7ffff,296284589,296284684,15.9454,0.098027,elderly
89a8100c0cbffff,89a8100c0c3ffff,12487325808,4293920655,14.1298,0.197923,elderly
89a8100c0cbffff,89a8100c0cbffff,12487325808,12487325808,3.7516,0.915666,elderly
89a8100c0cbffff,89a8100c0dbffff,12487325808,6769468141,11.372,0.393074,elderly
89a8100c0cbffff,89a8100c637ffff,12487325808,445044750,11.907,0.352457,elderly
89a8100c0d3ffff,89a8100c0c3ffff,296284761,4293920655,8.09,0.647774,elderly
89a8100c0d3ffff,89a8100c0cbffff,296284761,12487325808,15.4779,0.120928,elderly
89a8100c0d3ffff,89a8100c0d3ffff,296284761,296284761,1.3743,0.988395,elderly
89a8100c0d3ffff,89a8100c0d7ffff,296284761,296284684,8.4152,0.62319,elderly
89a8100c0d3ffff,89a8100c0dbffff,296284761,6769468141,15.4912,0.120247,elderly
89a8100c0d3ffff,89a8100c463ffff,296284761,466929967,14.203,0.19336,elderly
89a8100c0d3ffff,89a8100c46bffff,296284761,12505529937,9.4978,0.539398,elderly
89a8100c0d3ffff,89a8100c46fffff,296284761,4849813871,11.7693,0.362824,elderly
89a8100c0d3ffff,89a8100c6a7ffff,296284761,296285598,15.8559,0.102247,elderly
89a8100c0d7ffff,89a8100c08bffff,296284684,7033857127,18.2083,0.019672,elderly
89a8100c0d7ffff,89a8100c09bffff,296284684,4293923366,15.403,0.124791,elderly
89a8100c0d7ffff,89a8100c0c7ffff,296284684,296284589,19.0912,0.005086,elderly
89a8100c0d7ffff,89a8100c0d3ffff,296284684,296284761,15.1451,0.138482,elderly
89a8100c0d7ffff,89a8100c0d7ffff,296284684,296284684,2.4693,0.962856,elderly
89a8100c0d7ffff,89a8100c46fffff,296284684,4849813871,10.3795,0.470213,elderly
89a8100c0dbffff,89a8100c0c3ffff,6769468141,4293920655,15.399,0.124995,elderly
89a8100c0dbffff,89a8100c0cbffff,6769468141,12487325808,7.4114,0.697752,elderly
89a8100c0dbffff,89a8100c0d3ffff,6769468141,296284761,16.4418,0.076088,elderly
89a8100c0dbffff,89a8100c0dbffff,6769468141,6769468141,0.9475,0.994472,elderly
89a8100c0dbffff,89a8100c637ffff,6769468141,445044750,11.5447,0.379869,elderly
89a8100c0dbffff,89a8100c6a7ffff,6769468141,296285598,14.9655,0.148365,elderly
89a8100c0dbffff,89a8100c6afffff,6769468141,1448778106,17.5905,0.035388,elderly
89a8100c403ffff,89a8100c403ffff,467743614,467743614,0.7293,0.996723,elderly
89a8100c403ffff,89a8100c40fffff,467743614,2522075891,10.2014,0.484181,elderly
89a8100c403ffff,89a8100c413ffff,467743614,466938077,13.5905,0.232719,elderly
89a8100c403ffff,89a8100c417ffff,467743614,467743606,9.8087,0.515022,elderly
89a8100c403ffff,89a8100c41bffff,467743614,467763633,19.4055,0.002179,elderly
89a8100c403ffff,89a8100c477ffff,467743614,12572862106,19.9972,0.0,elderly
89a8100c407ffff,89a8100c407ffff,12882374109,12882374109,0.9834,0.994047,elderly
89a8100c407ffff,89a8100c43bffff,12882374109,12826024589,15.7797,0.105903,elderly
89a8100c40bffff,89a8100c403ffff,3807737497,467743614,19.1435,0.004519,elderly
89a8100c40bffff,89a8100c40bffff,3807737497,3807737497,1.6165,0.983967,elderly
89a8100c40bffff,89a8100c40fffff,3807737497,2522075891,12.2791,0.324802,elderly
89a8100c40bffff,89a8100c41bffff,3807737497,467763633,13.3377,0.249704,elderly
89a8100c40bffff,89a8100c443ffff,3807737497,4947151527,18.009,0.024255,elderly
89a8100c40bffff,89a8100c447ffff,3807737497,3472333400,15.3539,0.12735,elderly
89a8100c40bffff,89a8100c457ffff,3807737497,467820599,15.9724,0.096768,elderly
89a8100c40bffff,89a8100c463ffff,3807737497,466929967,18.2477,0.018822,elderly
89a8100c40bffff,89a8100c473ffff,3807737497,466938137,9.9502,0.503911,elderly
89a8100c40bffff,89a8100c47bffff,3807737497,466930008,19.9395,2.3e-05,elderly
89a8100c40fffff,89a8100c403ffff,2522075891,467743614,12.7706,0.289205,elderly
89a8100c40fffff,89a8100c40bffff,2522075891,3807737497,18.3528,0.016644,elderly
89a8100c40fffff,89a8100c40fffff,2522075891,2522075891,1.5646,0.984975,elderly
89a8100c40fffff,89a8100c473ffff,2522075891,466938137,17.8771,0.027544,elderly
89a8100c40fffff,89a8100c477ffff,2522075891,12572862106,13.705,0.225158,elderly
89a8100c413ffff,89a8100c403ffff,466938077,467743614,7.1704,0.714991,elderly
89a8100c413ffff,89a8100c40fffff,466938077,2522075891,16.6425,0.067939,elderly
89a8100c413ffff,89a8100c413ffff,466938077,466938077,1.458,0.986944,elderly
89a8100c413ffff,89a8100c417ffff,466938077,467743606,13.0438,0.269944,elderly
89a8100c413ffff,89a8100c48bffff,466938077,467764073,9.5905,0.532143,elderly
89a8100c413ffff,89a8100c48fffff,466938077,467743522,10.5409,0.457572,elderly
89a8100c417ffff,89a8100c403ffff,467743606,467743614,6.939,0.731256,elderly
89a8100c417ffff,89a8100c40fffff,467743606,2522075891,15.992,0.095862,elderly
89a8100c417ffff,89a8100c413ffff,467743606,466938077,18.7978,0.008889,elderly
89a8100c417ffff,89a8100c417ffff,467743606,467743606,0.9449,0.994503,elderly
89a8100c417ffff,89a8100c4bbffff,467743606,387095725,17.3931,0.041337,elderly
89a8100c41bffff,89a8100c403ffff,467763633,467743614,13.4642,0.241149,elderly
89a8100c41bffff,89a8100c40bffff,467763633,3807737497,10.5048,0.460397,elderly
89a8100c41bffff,89a8100c40fffff,467763633,2522075891,18.641,0.011349,elderly
89a8100c41bffff,89a8100c41bffff,467763633,467763633,1.2351,0.99062,elderly
89a8100c41bffff,89a8100c443ffff,467763633,4947151527,16.2531,0.084131,elderly
89a8100c41bffff,89a8100c447ffff,467763633,3472333400,15.332,0.128498,elderly
89a8100c41bffff,89a8100c453ffff,467763633,467820559,12.266,0.325759,elderly
89a8100c41bffff,89a8100c457ffff,467763633,467820599,9.3283,0.552659,elderly
89a8100c41bffff,89a8100c473ffff,467763633,466938137,18.1079,0.021922,elderly
89a8100c41bffff,89a8100c47bffff,467763633,466930008,19.9177,4.2e-05,elderly
89a8100c41bffff,89a8100c4cbffff,467763633,467842583,19.8329,0.000172,elderly
89a8100c41bffff,89a8100c4cfffff,467763633,467763429,12.6814,0.295572,elderly
89a8100c41bffff,89a8100c4d7ffff,467763633,9562334166,19.0419,0.005652,elderly
89a8100c423ffff,89a8100c423ffff,12915366285,12915366285,2.2938,0.967894,elderly
89a8100c423ffff,89a8100c42bffff,12915366285,12943884579,15.5942,0.115036,elderly
89a8100c423ffff,89a8100c433ffff,12915366285,12832662172,14.0856,0.200697,elderly
89a8100c423ffff,89a8100c43bffff,12915366285,12826024589,15.7994,0.104952,elderly
89a8100c427ffff,89a8100c097ffff,12986505496,459335450,16.411,0.077374,elderly
89a8100c427ffff,89a8100c427ffff,12986505496,12986505496,0.623,0.997608,elderly
89a8100c427ffff,89a8100c437ffff,12986505496,12941702505,17.6825,0.032765,elderly
89a8100c42bffff,89a8100c423ffff,12943884579,12915366285,16.321,0.081193,elderly
89a8100c42bffff,89a8100c42bffff,12943884579,12943884579,1.2896,0.989777,elderly
89a8100c42bffff,89a8100c42fffff,12943884579,2522075760,15.679,0.110818,elderly
89a8100c42bffff,89a8100c467ffff,12943884579,296285901,13.7216,0.224071,elderly
89a8100c42bffff,89a8100c46fffff,12943884579,4849813871,19.364,0.002493,elderly
89a8100c42bffff,89a8100c477ffff,12943884579,12572862106,18.3833,0.016036,elderly
89a8100c42fffff,89a8100c423ffff,2522075760,12915366285,19.6446,0.000779,elderly
89a8100c42fffff,89a8100c42bffff,2522075760,12943884579,9.4125,0.546075,elderly
89a8100c42fffff,89a8100c42fffff,2522075760,2522075760,2.4757,0.962668,elderly
89a8100c433ffff,89a8100c407ffff,12832662172,12882374109,16.3484,0.08002,elderly
89a8100c433ffff,89a8100c423ffff,12832662172,12915366285,8.7576,0.596961,elderly
89a8100c433ffff,89a8100c42bffff,12832662172,12943884579,17.2263,0.046711,elderly
89a8100c433ffff,89a8100c433ffff,12832662172,12832662172,1.1737,0.991527,elderly
89a8100c433ffff,89a8100c43bffff,12832662172,12826024589,12.5642,0.304007,elderly
89a8100c433ffff,89a8100c4abffff,12832662172,5049652087,15.9039,0.099973,elderly
89a8100c433ffff,89a8100c4afffff,12832662172,12996381317,19.0302,0.005791,elderly
89a8100c437ffff,89a8100c423ffff,12941702505,12915366285,11.1467,0.410421,elderly
89a8100c437ffff,89a8100c427ffff,12941702505,12986505496,14.4282,0.179583,elderly
89a8100c437ffff,89a8100c433ffff,12941702505,12832662172,19.3827,0.002348,elderly
89a8100c437ffff,89a8100c437ffff,12941702505,12941702505,1.9769,0.976085,elderly
89a8100c437ffff,89a8100c4afffff,12941702505,12996381317,15.852,0.102431,elderly
89a8100c437ffff,89a8100c5dbffff,12941702505,12535296158,19.7739,0.000315,elderly
89a8100c43bffff,89a8100c407ffff,12826024589,12882374109,13.2345,0.256755,elderly
89a8100c43bffff,89a8100c423ffff,12826024589,12915366285,12.8501,0.283555,elderly
89a8100c43bffff,89a8100c42bffff,12826024589,12943884579,18.5952,0.012124,elderly
89a8100c43bffff,89a8100c433ffff,12826024589,12832662172,15.7281,0.10841,elderly
89a8100c43bffff,89a8100c43bffff,12826024589,12826024589,1.8743,0.978486,elderly
89a8100c443ffff,89a8100c40bffff,4947151527,3807737497,19.887,7.9e-05,elderly
89a8100c443ffff,89a8100c443ffff,4947151527,4947151527,0.6563,0.997345,elderly
89a8100c443ffff,89a8100c447ffff,4947151527,3472333400,13.4737,0.240511,elderly
89a8100c443ffff,89a8100c44bffff,4947151527,466938136,7.917,0.660697,elderly
89a8100c443ffff,89a8100c44fffff,4947151527,467820676,11.4133,0.389907,elderly
89a8100c443ffff,89a8100c453ffff,4947151527,467820559,14.5378,0.173026,elderly
89a8100c443ffff,89a8100c457ffff,4947151527,467820599,13.6517,0.228669,elderly
89a8100c443ffff,89a8100c45bffff,4947151527,467820516,10.2492,0.480431,elderly
89a8100c443ffff,89a8100c6b7ffff,4947151527,466929739,19.1001,0.004987,elderly
89a8100c443ffff,89a8100f127ffff,4947151527,413363270,19.9438,1.9e-05,elderly
89a8100c447ffff,89a8100c40bffff,3472333400,3807737497,13.2013,0.259034,elderly
89a8100c447ffff,89a8100c40fffff,3472333400,2522075891,18.0769,0.022641,elderly
89a8100c447ffff,89a8100c41bffff,3472333400,467763633,16.3495,0.079976,elderly
89a8100c447ffff,89a8100c443ffff,3472333400,4947151527,9.8424,0.512374,elderly
89a8100c447ffff,89a8100c447ffff,3472333400,3472333400,1.2898,0.989774,elderly
89a8100c447ffff,89a8100c44bffff,3472333400,466938136,13.931,0.210511,elderly
89a8100c447ffff,89a8100c44fffff,3472333400,467820676,8.7772,0.595448,elderly
89a8100c447ffff,89a8100c453ffff,3472333400,467820559,14.4086,0.180769,elderly
89a8100c447ffff,89a8100c457ffff,3472333400,467820599,10.2297,0.481961,elderly
89a8100c447ffff,89a8100c45bffff,3472333400,467820516,19.4354,0.001965,elderly
89a8100c447ffff,89a8100c463ffff,3472333400,466929967,18.3589,0.016521,elderly
89a8100c447ffff,89a8100c46bffff,3472333400,12505529937,18.7313,0.009896,elderly
89a8100c447ffff,89a8100c473ffff,3472333400,466938137,11.8459,0.357048,elderly
89a8100c447ffff,89a8100c47bffff,3472333400,466930008,9.2645,0.557638,elderly
89a8100c447ffff,89a8100c6b3ffff,3472333400,466932573,19.2372,0.003585,elderly
89a8100c447ffff,89a8100c6b7ffff,3472333400,466929739,13.9187,0.211296,elderly
89a8100c44bffff,89a8100c443ffff,466938136,4947151527,9.0924,0.571038,elderly
89a8100c44bffff,89a8100c447ffff,466938136,3472333400,18.7171,0.010118,elderly
89a8100c44bffff,89a8100c44bffff,466938136,466938136,2.6277,0.95801,elderly
89a8100c44bffff,89a8100c44fffff,466938136,467820676,11.9898,0.34625,elderly
89a8100c44bffff,89a8100c45bffff,466938136,467820516,11.2321,0.403833,elderly
89a8100c44bffff,89a8100c6b7ffff,466938136,466929739,19.6766,0.000645,elderly
89a8100c44fffff,89a8100c443ffff,467820676,4947151527,8.8539,0.589532,elderly
89a8100c44fffff,89a8100c447ffff,467820676,3472333400,10.225,0.482329,elderly
89a8100c44fffff,89a8100c44bffff,467820676,466938136,7.7294,0.674578,elderly
89a8100c44fffff,89a8100c44fffff,467820676,467820676,0.8619,0.995425,elderly
89a8100c44fffff,89a8100c457ffff,467820676,467820599,16.3763,0.078835,elderly
89a8100c44fffff,89a8100c45bffff,467820676,467820516,16.3338,0.080644,elderly
89a8100c44fffff,89a8100c463ffff,467820676,466929967,19.2384,0.003573,elderly
89a8100c44fffff,89a8100c46bffff,467820676,12505529937,18.72,0.010072,elderly
89a8100c44fffff,89a8100c473ffff,467820676,466938137,15.1818,0.136493,elderly
89a8100c44fffff,89a8100c47bffff,467820676,466930008,10.4918,0.461411,elderly
89a8100c44fffff,89a8100c6a3ffff,467820676,466929753,14.6595,0.165856,elderly
89a8100c44fffff,89a8100c6a7ffff,467820676,296285598,17.3269,0.043432,elderly
89a8100c44fffff,89a8100c6b3ffff,467820676,466932573,11.3218,0.396928,elderly
89a8100c44fffff,89a8100c6b7ffff,467820676,466929739,8.5486,0.613004,elderly
89a8100c453ffff,89a8100c443ffff,467820559,4947151527,16.1369,0.089265,elderly
89a8100c453ffff,89a8100c453ffff,467820559,467820559,0.7575,0.996465,elderly
89a8100c453ffff,89a8100c457ffff,467820559,467820599,15.4283,0.123479,elderly
89a8100c453ffff,89a8100c45bffff,467820559,467820516,15.7226,0.10868,elderly
89a8100c453ffff,89a8100c4cbffff,467820559,467842583,12.6592,0.297169,elderly
89a8100c453ffff,89a8100c4cfffff,467820559,467763429,17.1654,0.048749,elderly
89a8100c453ffff,89a8100c4dbffff,467820559,6634220130,16.7912,0.062182,elderly
89a8100c453ffff,89a8100f127ffff,467820559,413363270,11.4081,0.390311,elderly
89a8100c453ffff,89a8100f137ffff,467820559,413363599,16.6729,0.066744,elderly
89a8100c457ffff,89a8100c40bffff,467820599,3807737497,15.3337,0.128411,elderly
89a8100c457ffff,89a8100c41bffff,467820599,467763633,11.9842,0.346673,elderly
89a8100c457ffff,89a8100c443ffff,467820599,4947151527,8.711,0.600544,elderly
89a8100c457ffff,89a8100c447ffff,467820599,3472333400,10.5211,0.459116,elderly
89a8100c457ffff,89a8100c44bffff,467820599,466938136,15.9717,0.096801,elderly
89a8100c457ffff,89a8100c44fffff,467820599,467820676,15.2092,0.135022,elderly
89a8100c457ffff,89a8100c453ffff,467820599,467820559,9.6754,0.525482,elderly
89a8100c457ffff,89a8100c457ffff,467820599,467820599,1.7862,0.980447,elderly
89a8100c457ffff,89a8100c45bffff,467820599,467820516,18.304,0.017639,elderly
89a8100c457ffff,89a8100c47bffff,467820599,466930008,17.3603,0.042369,elderly
89a8100c457ffff,89a8100c4cfffff,467820599,467763429,13.7544,0.221926,elderly
89a8100c45bffff,89a8100c443ffff,467820516,4947151527,14.7141,0.162678,elderly
89a8100c45bffff,89a8100c44bffff,467820516,466938136,14.5215,0.173996,elderly
89a8100c45bffff,89a8100c453ffff,467820516,467820559,18.6281,0.011566,elderly
89a8100c45bffff,89a8100c45bffff,467820516,467820516,0.9888,0.993981,elderly
89a8100c45bffff,89a8100f127ffff,467820516,413363270,19.9264,3.3e-05,elderly
89a8100c463ffff,89a8100c0d3ffff,466929967,296284761,17.6665,0.033215,elderly
89a8100c463ffff,89a8100c0d7ffff,466929967,296284684,16.9632,0.055817,elderly
89a8100c463ffff,89a8100c463ffff,466929967,466929967,1.4304,0.987433,elderly
89a8100c463ffff,89a8100c467ffff,466929967,296285901,17.1635,0.048814,elderly
89a8100c463ffff,89a8100c46bffff,466929967,12505529937,13.2818,0.253512,elderly
89a8100c463ffff,89a8100c46fffff,466929967,4849813871,11.0755,0.415931,elderly
89a8100c463ffff,89a8100c473ffff,466929967,466938137,16.7634,0.063239,elderly
89a8100c463ffff,89a8100c47bffff,466929967,466930008,16.7252,0.064709,elderly
89a8100c463ffff,89a8100c6b7ffff,466929967,466929739,17.3509,0.042668,elderly
89a8100c467ffff,89a8100c093ffff,296285901,296285873,17.4958,0.038187,elderly
89a8100c467ffff,89a8100c09bffff,296285901,4293923366,9.9298,0.505513,elderly
89a8100c467ffff,89a8100c0d7ffff,296285901,296284684,11.9416,0.349863,elderly
89a8100c467ffff,89a8100c42bffff,296285901,12943884579,15.3399,0.128082,elderly
89a8100c467ffff,89a8100c463ffff,296285901,466929967,16.4444,0.075979,elderly
89a8100c467ffff,89a8100c467ffff,296285901,296285901,0.9974,0.993876,elderly
89a8100c467ffff,89a8100c46fffff,296285901,4849813871,9.9759,0.501896,elderly
89a8100c46bffff,89a8100c0c3ffff,12505529937,4293920655,16.2966,0.082242,elderly
89a8100c46bffff,89a8100c0d3ffff,12505529937,296284761,9.5809,0.532891,elderly
89a8100c46bffff,89a8100c0d7ffff,12505529937,296284684,14.8051,0.157433,elderly
89a8100c46bffff,89a8100c463ffff,12505529937,466929967,9.9014,0.507742,elderly
89a8100c46bffff,89a8100c46bffff,12505529937,12505529937,1.0964,0.992603,elderly
89a8100c46bffff,89a8100c46fffff,12505529937,4849813871,14.1391,0.197341,elderly
89a8100c46bffff,89a8100c47bffff,12505529937,466930008,15.8248,0.103734,elderly
89a8100c46bffff,89a8100c6a7ffff,12505529937,296285598,16.4379,0.076249,elderly
89a8100c46bffff,89a8100c6b7ffff,12505529937,466929739,15.4682,0.121424,elderly
89a8100c46fffff,89a8100c09bffff,4849813871,4293923366,14.4708,0.177025,elderly
89a8100c46fffff,89a8100c0d3ffff,4849813871,296284761,18.2523,0.018724,elderly
89a8100c46fffff,89a8100c0d7ffff,4849813871,296284684,8.8494,0.589878,elderly
89a8100c46fffff,89a8100c463ffff,4849813871,466929967,15.7424,0.107709,elderly
89a8100c46fffff,89a8100c467ffff,4849813871,296285901,15.8122,0.104335,elderly
89a8100c46fffff,89a8100c46fffff,4849813871,4849813871,1.3485,0.988825,elderly
89a8100c473ffff,89a8100c403ffff,466938137,467743614,18.9463,0.006834,elderly
89a8100c473ffff,89a8100c40bffff,466938137,3807737497,9.192,0.563294,elderly
89a8100c473ffff,89a8100c40fffff,466938137,2522075891,12.0819,0.339389,elderly
89a8100c473ffff,89a8100c447ffff,466938137,3472333400,14.695,0.163782,elderly
89a8100c473ffff,89a8100c44fffff,466938137,467820676,15.5632,0.116591,elderly
89a8100c473ffff,89a8100c463ffff,466938137,466929967,10.2614,0.479478,elderly
89a8100c473ffff,89a8100c46fffff,466938137,4849813871,18.1516,0.020928,elderly
89a8100c473ffff,89a8100c473ffff,466938137,466938137,1.9639,0.976396,elderly
89a8100c473ffff,89a8100c477ffff,466938137,12572862106,19.0243,0.005861,elderly
89a8100c473ffff,89a8100c47bffff,466938137,466930008,12.8201,0.285681,elderly
89a8100c477ffff,89a8100c40fffff,12572862106,2522075891,11.5769,0.377413,elderly
89a8100c477ffff,89a8100c42bffff,12572862106,12943884579,16.4664,0.075065,elderly
89a8100c477ffff,89a8100c467ffff,12572862106,296285901,17.0047,0.05433,elderly
89a8100c477ffff,89a8100c477ffff,12572862106,12572862106,3.3714,0.931511,elderly
89a8100c47bffff,89a8100c0d3ffff,466930008,296284761,17.104,0.050847,elderly
89a8100c47bffff,89a8100c40bffff,466930008,3807737497,19.3564,0.002553,elderly
89a8100c47bffff,89a8100c443ffff,466930008,4947151527,18.385,0.016003,elderly
89a8100c47bffff,89a8100c447ffff,466930008,3472333400,12.0386,0.342608,elderly
89a8100c47bffff,89a8100c44bffff,466930008,466938136,17.4474,0.039658,elderly
89a8100c47bffff,89a8100c44fffff,466930008,467820676,10.5799,0.454517,elderly
89a8100c47bffff,89a8100c457ffff,466930008,467820599,19.4268,0.002025,elderly
89a8100c47bffff,89a8100c463ffff,466930008,466929967,9.8257,0.513684,elderly
89a8100c47bffff,89a8100c46bffff,466930008,12505529937,10.1981,0.484442,elderly
89a8100c47bffff,89a8100c46fffff,466930008,4849813871,17.716,0.031837,elderly
89a8100c47bffff,89a8100c473ffff,466930008,466938137,12.2867,0.324238,elderly
89a8100c47bffff,89a8100c47bffff,466930008,466930008,0.7313,0.996704,elderly
89a8100c47bffff,89a8100c6a3ffff,466930008,466929753,18.4343,0.015046,elderly
89a8100c47bffff,89a8100c6a7ffff,466930008,296285598,17.4593,0.039292,elderly
89a8100c47bffff,89a8100c6b3ffff,466930008,466932573,15.0966,0.141121,elderly
89a8100c47bffff,89a8100c6b7ffff,466930008,466929739,8.6811,0.60285,elderly
89a8100c483ffff,89a8100c413ffff,9091230323,466938077,16.9809,0.05518,elderly
89a8100c483ffff,89a8100c483ffff,9091230323,9091230323,0.8818,0.995211,elderly
89a8100c483ffff,89a8100c487ffff,9091230323,8943221347,9.2762,0.556723,elderly
89a8100c483ffff,89a8100c48bffff,9091230323,467764073,8.7763,0.595519,elderly
89a8100c483ffff,89a8100c48fffff,9091230323,467743522,11.1666,0.408884,elderly
89a8100c483ffff,89a8100c493ffff,9091230323,9089875466,11.2744,0.400578,elderly
89a8100c483ffff,89a8100c497ffff,9091230323,9532442497,10.0686,0.49461,elderly
89a8100c483ffff,89a8100c49bffff,9091230323,9562434245,8.8691,0.588353,elderly
89a8100c483ffff,89a8100c4bbffff,9091230323,387095725,14.0404,0.203544,elderly
89a8100c483ffff,89a8100c4d7ffff,9091230323,9562334166,15.1105,0.140364,elderly
89a8100c483ffff,89a8100e22fffff,9091230323,9085206286,16.8187,0.061141,elderly
89a8100c483ffff,89a8100e267ffff,9091230323,9560548910,13.7175,0.224339,elderly
89a8100c483ffff,89a8100e34bffff,9091230323,389063239,18.1033,0.022028,elderly
89a8100c487ffff,89a8100c413ffff,8943221347,466938077,17.7396,0.031189,elderly
89a8100c487ffff,89a8100c417ffff,8943221347,467743606,19.2786,0.003207,elderly
89a8100c487ffff,89a8100c483ffff,8943221347,9091230323,13.0656,0.268423,elderly
89a8100c487ffff,89a8100c487ffff,8943221347,8943221347,1.2481,0.990421,elderly
89a8100c487ffff,89a8100c48bffff,8943221347,467764073,19.5879,0.001047,elderly
89a8100c487ffff,89a8100c48fffff,8943221347,467743522,11.4588,0.386424,elderly
89a8100c487ffff,89a8100c497ffff,8943221347,9532442497,12.2283,0.328541,elderly
89a8100c487ffff,89a8100c4a3ffff,8943221347,12904007453,18.3835,0.016032,elderly
89a8100c487ffff,89a8100c4bbffff,8943221347,387095725,10.7322,0.44262,elderly
89a8100c487ffff,89a8100e22fffff,8943221347,9085206286,19.8506,0.000138,elderly
89a8100c487ffff,89a8100e34bffff,8943221347,389063239,14.5999,0.169351,elderly
89a8100c48bffff,89a8100c403ffff,467764073,467743614,14.6983,0.163594,elderly
89a8100c48bffff,89a8100c413ffff,467764073,466938077,8.9859,0.579312,elderly
89a8100c48bffff,89a8100c483ffff,467764073,9091230323,15.4533,0.122188,elderly
89a8100c48bffff,89a8100c48bffff,467764073,467764073,0.7813,0.99624,elderly
89a8100c48bffff,89a8100c48fffff,467764073,467743522,12.2618,0.326076,elderly
89a8100c48bffff,89a8100c49bffff,467764073,9562434245,13.4127,0.244624,elderly
89a8100c48bffff,89a8100c4d7ffff,467764073,9562334166,14.0867,0.200623,elderly
89a8100c48fffff,89a8100c403ffff,467743522,467743614,12.9083,0.279449,elderly
89a8100c48fffff,89a8100c413ffff,467743522,466938077,7.1959,0.713183,elderly
89a8100c48fffff,89a8100c417ffff,467743522,467743606,17.6746,0.032985,elderly
89a8100c48fffff,89a8100c483ffff,467743522,9091230323,17.0338,0.053297,elderly
89a8100c48fffff,89a8100c487ffff,467743522,8943221347,13.2766,0.253867,elderly
89a8100c48fffff,89a8100c48bffff,467743522,467764073,9.0442,0.574785,elderly
89a8100c48fffff,89a8100c48fffff,467743522,467743522,0.9151,0.994843,elderly
89a8100c48fffff,89a8100c49bffff,467743522,9562434245,16.6515,0.067586,elderly
89a8100c48fffff,89a8100c4bbffff,467743522,387095725,14.5955,0.169609,elderly
89a8100c48fffff,89a8100c4d7ffff,467743522,9562334166,17.3255,0.043476,elderly
89a8100c493ffff,89a8100c483ffff,9089875466,9091230323,17.8795,0.027481,elderly
89a8100c493ffff,89a8100c493ffff,9089875466,9089875466,0.8148,0.99591,elderly
89a8100c493ffff,89a8100c497ffff,9089875466,9532442497,16.9958,0.054647,elderly
89a8100c493ffff,89a8100c49bffff,9089875466,9562434245,11.3046,0.398256,elderly
89a8100c493ffff,89a8100e22bffff,9089875466,9111245172,19.2121,0.003824,elderly
89a8100c493ffff,89a8100e22fffff,9089875466,9085206286,16.1823,0.087242,elderly
89a8100c493ffff,89a8100e263ffff,9089875466,9560517151,16.2461,0.084436,elderly
89a8100c493ffff,89a8100e267ffff,9089875466,9560548910,7.7683,0.671708,elderly
89a8100c493ffff,89a8100e277ffff,9089875466,9175432224,16.0051,0.095258,elderly
89a8100c497ffff,89a8100c483ffff,9532442497,9091230323,12.5208,0.307153,elderly
89a8100c497ffff,89a8100c487ffff,9532442497,8943221347,10.8578,0.432828,elderly
89a8100c497ffff,89a8100c48bffff,9532442497,467764073,18.1708,0.020497,elderly
89a8100c497ffff,89a8100c48fffff,9532442497,467743522,17.0131,0.05403,elderly
89a8100c497ffff,89a8100c493ffff,9532442497,9089875466,12.4498,0.312309,elderly
89a8100c497ffff,89a8100c497ffff,9532442497,9532442497,2.449,0.963459,elderly
89a8100c497ffff,89a8100c49bffff,9532442497,9562434245,16.5077,0.073364,elderly
89a8100c497ffff,89a8100c4bbffff,9532442497,387095725,19.1233,0.004734,elderly
89a8100c497ffff,89a8100e223ffff,9532442497,9085138924,16.4961,0.073841,elderly
89a8100c497ffff,89a8100e227ffff,9532442497,8943483316,14.807,0.157324,elderly
89a8100c497ffff,89a8100e22bffff,9532442497,9111245172,19.7879,0.000278,elderly
89a8100c497ffff,89a8100e22fffff,9532442497,9085206286,10.4627,0.463694,elderly
89a8100c497ffff,89a8100e267ffff,9532442497,9560548910,19.3134,0.002905,elderly
89a8100c497ffff,89a8100e34bffff,9532442497,389063239,18.0841,0.022472,elderly
89a8100c497ffff,89a8100e35bffff,9532442497,9546062800,13.9277,0.21072,elderly
89a8100c49bffff,89a8100c483ffff,9562434245,9091230323,16.5596,0.071252,elderly
89a8100c49bffff,89a8100c48bffff,9562434245,467764073,16.4152,0.077198,elderly
89a8100c49bffff,89a8100c493ffff,9562434245,9089875466,12.2024,0.33045,elderly
89a8100c49bffff,89a8100c49bffff,9562434245,9562434245,0.0602,0.999978,elderly
89a8100c49bffff,89a8100c4d3ffff,9562434245,9562600840,17.2696,0.045287,elderly
89a8100c49bffff,89a8100c4d7ffff,9562434245,9562334166,11.442,0.387713,elderly
89a8100c49bffff,89a8100e263ffff,9562434245,9560517151,16.5837,0.070283,elderly
89a8100c49bffff,89a8100e267ffff,9562434245,9560548910,11.0119,0.420861,elderly
89a8100c49bffff,89a8100e26bffff,9562434245,9528567209,13.0286,0.271003,elderly
89a8100c49bffff,89a8100e26fffff,9562434245,9562570594,11.714,0.367002,elderly
89a8100c4a3ffff,89a8100c407ffff,12904007453,12882374109,19.3839,0.002339,elderly
89a8100c4a3ffff,89a8100c417ffff,12904007453,467743606,18.4732,0.01431,elderly
89a8100c4a3ffff,89a8100c433ffff,12904007453,12832662172,13.9681,0.208136,elderly
89a8100c4a3ffff,89a8100c487ffff,12904007453,8943221347,17.2057,0.047396,elderly
89a8100c4a3ffff,89a8100c4a3ffff,12904007453,12904007453,0.8554,0.995494,elderly
89a8100c4a3ffff,89a8100c4a7ffff,12904007453,12889670101,10.4762,0.462634,elderly
89a8100c4a3ffff,89a8100c4abffff,12904007453,5049652087,8.5749,0.610993,elderly
89a8100c4a3ffff,89a8100c4afffff,12904007453,12996381317,13.4141,0.244523,elderly
89a8100c4a3ffff,89a8100c4b3ffff,12904007453,8943221351,12.1412,0.334984,elderly
89a8100c4a3ffff,89a8100c4b7ffff,12904007453,387095770,7.4514,0.694861,elderly
89a8100c4a3ffff,89a8100c4bbffff,12904007453,387095725,9.9268,0.505745,elderly
89a8100c4a3ffff,89a8100e34fffff,12904007453,12334906522,16.5334,0.072314,elderly
89a8100c4a7ffff,89a8100c4a3ffff,12889670101,12904007453,12.4431,0.312793,elderly
89a8100c4a7ffff,89a8100c4a7ffff,12889670101,12889670101,1.0222,0.993568,elderly
89a8100c4a7ffff,89a8100c4abffff,12889670101,5049652087,19.7689,0.000329,elderly
89a8100c4a7ffff,89a8100c4afffff,12889670101,12996381317,14.713,0.162739,elderly
89a8100c4a7ffff,89a8100c4b3ffff,12889670101,8943221351,17.4323,0.040121,elderly
89a8100c4a7ffff,89a8100c4b7ffff,12889670101,387095770,10.9788,0.423427,elderly
89a8100c4abffff,89a8100c407ffff,5049652087,12882374109,15.5567,0.116919,elderly
89a8100c4abffff,89a8100c423ffff,5049652087,12915366285,18.4564,0.014625,elderly
89a8100c4abffff,89a8100c433ffff,5049652087,12832662172,10.8725,0.431685,elderly
89a8100c4abffff,89a8100c43bffff,5049652087,12826024589,17.738,0.031232,elderly
89a8100c4abffff,89a8100c4a3ffff,5049652087,12904007453,11.6345,0.37303,elderly
89a8100c4abffff,89a8100c4abffff,5049652087,5049652087,0.9279,0.994698,elderly
89a8100c4abffff,89a8100c4afffff,5049652087,12996381317,15.7977,0.105033,elderly
89a8100c4abffff,89a8100c4b7ffff,5049652087,387095770,18.0513,0.023241,elderly
89a8100c4abffff,89a8100c4bbffff,5049652087,387095725,17.1781,0.048323,elderly
89a8100c4afffff,89a8100c423ffff,12996381317,12915366285,19.0405,0.005668,elderly
89a8100c4afffff,89a8100c433ffff,12996381317,12832662172,13.9436,0.209704,elderly
89a8100c4afffff,89a8100c437ffff,12996381317,12941702505,15.8436,0.102834,elderly
89a8100c4afffff,89a8100c4a3ffff,12996381317,12904007453,14.3739,0.182869,elderly
89a8100c4afffff,89a8100c4a7ffff,12996381317,12889670101,14.3108,0.186715,elderly
89a8100c4afffff,89a8100c4abffff,12996381317,5049652087,16.2696,0.083412,elderly
89a8100c4afffff,89a8100c4afffff,12996381317,12996381317,0.757,0.99647,elderly
89a8100c4afffff,89a8100c5dbffff,12996381317,12535296158,15.8005,0.104896,elderly
89a8100c4b3ffff,89a8100c4a3ffff,8943221351,12904007453,13.859,0.215136,elderly
89a8100c4b3ffff,89a8100c4a7ffff,8943221351,12889670101,17.8292,0.028788,elderly
89a8100c4b3ffff,89a8100c4b3ffff,8943221351,8943221351,1.931,0.977174,elderly
89a8100c4b3ffff,89a8100c4b7ffff,8943221351,387095770,13.965,0.208335,elderly
89a8100c4b3ffff,89a8100e34fffff,8943221351,12334906522,13.2117,0.258315,elderly
89a8100c4b7ffff,89a8100c4a3ffff,387095770,12904007453,9.7101,0.52276,elderly
89a8100c4b7ffff,89a8100c4a7ffff,387095770,12889670101,10.6999,0.445137,elderly
89a8100c4b7ffff,89a8100c4abffff,387095770,5049652087,17.3734,0.041957,elderly
89a8100c4b7ffff,89a8100c4b3ffff,387095770,8943221351,13.2893,0.253002,elderly
89a8100c4b7ffff,89a8100c4b7ffff,387095770,387095770,1.6653,0.98299,elderly
89a8100c4b7ffff,89a8100c4bbffff,387095770,387095725,18.7816,0.009129,elderly
89a8100c4b7ffff,89a8100e34fffff,387095770,12334906522,19.4487,0.001874,elderly
89a8100c4bbffff,89a8100c403ffff,387095725,467743614,14.7644,0.159768,elderly
89a8100c4bbffff,89a8100c413ffff,387095725,466938077,18.4712,0.014349,elderly
89a8100c4bbffff,89a8100c417ffff,387095725,467743606,9.1142,0.569344,elderly
89a8100c4bbffff,89a8100c483ffff,387095725,9091230323,18.4356,0.01502,elderly
89a8100c4bbffff,89a8100c487ffff,387095725,8943221347,12.5765,0.303119,elderly
89a8100c4bbffff,89a8100c48fffff,387095725,467743522,13.2443,0.256081,elderly
89a8100c4bbffff,89a8100c4a3ffff,387095725,12904007453,13.0601,0.268807,elderly
89a8100c4bbffff,89a8100c4abffff,387095725,5049652087,16.7901,0.062222,elderly
89a8100c4bbffff,89a8100c4b7ffff,387095725,387095770,19.6562,0.000729,elderly
89a8100c4bbffff,89a8100c4bbffff,387095725,387095725,0.5678,0.998012,elderly
89a8100c4bbffff,89a8100e34bffff,387095725,389063239,19.4899,0.001604,elderly
89a8100c4bbffff,89a8100e34fffff,387095725,12334906522,15.4848,0.120572,elderly
89a8100c4c3ffff,89a8100c4c3ffff,4947385383,4947385383,0.7408,0.996619,elderly
89a8100c4c3ffff,89a8100c4c7ffff,4947385383,1467730305,11.5896,0.376446,elderly
89a8100c4c3ffff,89a8100c4cbffff,4947385383,467842583,9.2044,0.562327,elderly
89a8100c4c3ffff,89a8100c4cfffff,4947385383,467763429,12.9007,0.279983,elderly
89a8100c4c3ffff,89a8100c4d7ffff,4947385383,9562334166,12.0384,0.342628,elderly
89a8100c4c3ffff,89a8100c4dbffff,4947385383,6634220130,9.7874,0.516694,elderly
89a8100c4c3ffff,89a8100f127ffff,4947385383,413363270,19.6257,0.000864,elderly
89a8100c4c3ffff,89a8100f1a7ffff,4947385383,8941348148,17.8207,0.029013,elderly
89a8100c4c7ffff,89a8100c4c3ffff,1467730305,4947385383,10.4489,0.464772,elderly
89a8100c4c7ffff,89a8100c4c7ffff,1467730305,1467730305,3.1617,0.939594,elderly
89a8100c4c7ffff,89a8100c4cbffff,1467730305,467842583,17.6795,0.032849,elderly
89a8100c4c7ffff,89a8100c4cfffff,1467730305,467763429,12.2578,0.32637,elderly
89a8100c4c7ffff,89a8100c4d7ffff,1467730305,9562334166,16.0295,0.094134,elderly
89a8100c4c7ffff,89a8100c4dbffff,1467730305,6634220130,15.1918,0.135954,elderly
89a8100c4cbffff,89a8100c4c3ffff,467842583,4947385383,13.6882,0.226266,elderly
89a8100c4cbffff,89a8100c4cbffff,467842583,467842583,2.2679,0.968607,elderly
89a8100c4cbffff,89a8100c4cfffff,467842583,467763429,15.2862,0.130917,elderly
89a8100c4cbffff,89a8100c4dbffff,467842583,6634220130,9.881,0.509342,elderly
89a8100c4cbffff,89a8100f127ffff,467842583,413363270,12.6893,0.295012,elderly
89a8100c4cbffff,89a8100f137ffff,467842583,413363599,17.9541,0.025599,elderly
89a8100c4cbffff,89a8100f1a7ffff,467842583,8941348148,18.7464,0.009662,elderly
89a8100c4cfffff,89a8100c41bffff,467763429,467763633,17.2338,0.046464,elderly
89a8100c4cfffff,89a8100c453ffff,467763429,467820559,15.6767,0.110933,elderly
89a8100c4cfffff,89a8100c457ffff,467763429,467820599,16.7355,0.06431,elderly
89a8100c4cfffff,89a8100c4c3ffff,467763429,4947385383,13.3743,0.247216,elderly
89a8100c4cfffff,89a8100c4c7ffff,467763429,1467730305,13.4318,0.243336,elderly
89a8100c4cfffff,89a8100c4cbffff,467763429,467842583,8.2391,0.636541,elderly
89a8100c4cfffff,89a8100c4cfffff,467763429,467763429,1.0877,0.99272,elderly
89a8100c4cfffff,89a8100c4dbffff,467763429,6634220130,13.2056,0.258738,elderly
89a8100c4cfffff,89a8100f127ffff,467763429,413363270,16.7587,0.063419,elderly
89a8100c4d3ffff,89a8100c49bffff,9562600840,9562434245,18.2925,0.017878,elderly
89a8100c4d3ffff,89a8100c4d3ffff,9562600840,9562600840,2.3463,0.966423,elderly
89a8100c4d3ffff,89a8100c4dbffff,9562600840,6634220130,17.2005,0.047571,elderly
89a8100c4d3ffff,89a8100e26bffff,9562600840,9528567209,16.7583,0.063432,elderly
89a8100c4d3ffff,89a8100e26fffff,9562600840,9562570594,14.5998,0.169353,elderly
89a8100c4d3ffff,89a8100f1a7ffff,9562600840,8941348148,14.9086,0.151561,elderly
89a8100c4d7ffff,89a8100c48bffff,9562334166,467764073,19.157,0.004377,elderly
89a8100c4d7ffff,89a8100c49bffff,9562334166,9562434245,14.1147,0.198868,elderly
89a8100c4d7ffff,89a8100c4c3ffff,9562334166,4947385383,11.9129,0.352014,elderly
89a8100c4d7ffff,89a8100c4c7ffff,9562334166,1467730305,17.4881,0.03842,elderly
89a8100c4d7ffff,89a8100c4d7ffff,9562334166,9562334166,1.1179,0.992311,elderly
89a8100c4d7ffff,89a8100c4dbffff,9562334166,6634220130,15.2711,0.131717,elderly
89a8100c4d7ffff,89a8100f1a7ffff,9562334166,8941348148,19.542,0.001293,elderly
89a8100c4dbffff,89a8100c4c3ffff,6634220130,4947385383,16.8158,0.061249,elderly
89a8100c4dbffff,89a8100c4cbffff,6634220130,467842583,12.973,0.274897,elderly
89a8100c4dbffff,89a8100c4dbffff,6634220130,6634220130,1.5163,0.985884,elderly
89a8100c4dbffff,89a8100f127ffff,6634220130,413363270,14.412,0.180561,elderly
89a8100c4dbffff,89a8100f137ffff,6634220130,413363599,16.5527,0.071533,elderly
89a8100c4dbffff,89a8100f1a7ffff,6634220130,8941348148,11.3612,0.393904,elderly
89a8100c503ffff,89a8100c503ffff,11341903975,11341903975,0.9279,0.994699,elderly
89a8100c503ffff,89a8100c507ffff,11341903975,11401601119,11.8055,0.360088,elderly
89a8100c503ffff,89a8100c50bffff,11341903975,13452873729,19.5687,0.001147,elderly
89a8100c503ffff,89a8100c50fffff,11341903975,11279900601,13.5496,0.23544,elderly
89a8100c503ffff,89a8100c513ffff,11341903975,303862596,13.1928,0.259617,elderly
89a8100c503ffff,89a8100c517ffff,11341903975,11409667724,17.7885,0.029866,elderly
89a8100c503ffff,89a8100c51bffff,11341903975,12586078227,15.8568,0.102204,elderly
89a8100c503ffff,89a8100c533ffff,11341903975,11384427621,19.0234,0.005872,elderly
89a8100c503ffff,89a8100c58fffff,11341903975,4252790480,19.135,0.004608,elderly
89a8100c503ffff,89a8100c5abffff,11341903975,11394279071,17.9938,0.024623,elderly
89a8100c503ffff,89a8100c5c7ffff,11341903975,2816708327,19.4891,0.001609,elderly
89a8100c507ffff,89a8100c503ffff,11401601119,11341903975,14.2041,0.19329,elderly
89a8100c507ffff,89a8100c507ffff,11401601119,11401601119,2.0514,0.974265,elderly
89a8100c507ffff,89a8100c50fffff,11401601119,11279900601,15.2455,0.133081,elderly
89a8100c507ffff,89a8100c517ffff,11401601119,11409667724,17.6123,0.034756,elderly
89a8100c507ffff,89a8100c533ffff,11401601119,11384427621,9.2693,0.557266,elderly
89a8100c507ffff,89a8100c53bffff,11401601119,2308420508,10.8874,0.430532,elderly
89a8100c507ffff,89a8100c5abffff,11401601119,11394279071,11.0266,0.41972,elderly
89a8100c507ffff,89a8100c5bbffff,11401601119,303855012,19.8939,6.9e-05,elderly
89a8100c50bffff,89a8100c503ffff,13452873729,11341903975,19.5874,0.00105,elderly
89a8100c50bffff,89a8100c50bffff,13452873729,13452873729,1.8283,0.979521,elderly
89a8100c50bffff,89a8100c50fffff,13452873729,11279900601,12.6348,0.298921,elderly
89a8100c50bffff,89a8100c51bffff,13452873729,12586078227,18.0381,0.023555,elderly
89a8100c50bffff,89a8100c547ffff,13452873729,12703971545,11.5997,0.375674,elderly
89a8100c50bffff,89a8100c557ffff,13452873729,12697580224,9.0407,0.575062,elderly
89a8100c50bffff,89a8100c573ffff,13452873729,457593059,9.874,0.509898,elderly
89a8100c50fffff,89a8100c503ffff,11279900601,11341903975,14.7107,0.162875,elderly
89a8100c50fffff,89a8100c507ffff,11279900601,11401601119,13.8779,0.213922,elderly
89a8100c50fffff,89a8100c50bffff,11279900601,13452873729,15.7442,0.107622,elderly
89a8100c50fffff,89a8100c50fffff,11279900601,11279900601,0.3046,0.999428,elderly
89a8100c50fffff,89a8100c53bffff,11279900601,2308420508,18.4743,0.01429,elderly
89a8100c50fffff,89a8100c573ffff,11279900601,457593059,12.9263,0.278176,elderly
89a8100c513ffff,89a8100c503ffff,303862596,11341903975,18.8114,0.008689,elderly
89a8100c513ffff,89a8100c513ffff,303862596,303862596,1.9338,0.97711,elderly
89a8100c513ffff,89a8100c517ffff,303862596,11409667724,15.3456,0.127784,elderly
89a8100c513ffff,89a8100c51bffff,303862596,12586078227,17.8642,0.027876,elderly
89a8100c513ffff,89a8100c583ffff,303862596,12265197248,18.6152,0.011783,elderly
89a8100c513ffff,89a8100c587ffff,303862596,11373935088,18.161,0.020716,elderly
89a8100c513ffff,89a8100c58bffff,303862596,1393378103,8.8865,0.587006,elderly
89a8100c513ffff,89a8100c58fffff,303862596,4252790480,11.7067,0.367557,elderly
89a8100c513ffff,89a8100c59bffff,303862596,8954073387,15.3521,0.127444,elderly
89a8100c513ffff,89a8100c5c7ffff,303862596,2816708327,12.9596,0.275835,elderly
89a8100c513ffff,89a8100c5d7ffff,303862596,303867318,13.3067,0.251811,elderly
89a8100c517ffff,89a8100c513ffff,11409667724,303862596,18.1654,0.020619,elderly
89a8100c517ffff,89a8100c517ffff,11409667724,11409667724,1.8559,0.978904,elderly
89a8100c517ffff,89a8100c583ffff,11409667724,12265197248,19.8689,0.000106,elderly
89a8100c517ffff,89a8100c587ffff,11409667724,11373935088,14.1302,0.197898,elderly
89a8100c517ffff,89a8100c58bffff,11409667724,1393378103,18.5549,0.012826,elderly
89a8100c517ffff,89a8100c58fffff,11409667724,4252790480,10.437,0.465703,elderly
89a8100c517ffff,89a8100c5abffff,11409667724,11394279071,12.3936,0.316406,elderly
89a8100c517ffff,89a8100c5bbffff,11409667724,303855012,10.9473,0.425877,elderly
89a8100c51bffff,89a8100c503ffff,12586078227,11341903975,13.2876,0.253114,elderly
89a8100c51bffff,89a8100c50bffff,12586078227,13452873729,15.2551,0.132568,elderly
89a8100c51bffff,89a8100c50fffff,12586078227,11279900601,17.1516,0.049217,elderly
89a8100c51bffff,89a8100c513ffff,12586078227,303862596,10.0693,0.49456,elderly
89a8100c51bffff,89a8100c51bffff,12586078227,12586078227,0.9296,0.994678,elderly
89a8100c51bffff,89a8100c557ffff,12586078227,12697580224,16.419,0.077037,elderly
89a8100c51bffff,89a8100c58bffff,12586078227,1393378103,14.2609,0.189778,elderly
89a8100c51bffff,89a8100c58fffff,12586078227,4252790480,19.8422,0.000154,elderly
89a8100c51bffff,89a8100c5c7ffff,12586078227,2816708327,13.0883,0.266846,elderly
89a8100c51bffff,89a8100c5cfffff,12586078227,2687705140,15.193,0.13589,elderly
89a8100c51bffff,89a8100c5d7ffff,12586078227,303867318,18.6812,0.010691,elderly
89a8100c533ffff,89a8100c507ffff,11384427621,11401601119,10.8319,0.434847,elderly
89a8100c533ffff,89a8100c517ffff,11384427621,11409667724,18.6793,0.010721,elderly
89a8100c533ffff,89a8100c533ffff,11384427621,11384427621,2.2396,0.969377,elderly
89a8100c533ffff,89a8100c53bffff,11384427621,2308420508,14.6136,0.168544,elderly
89a8100c533ffff,89a8100c5abffff,11384427621,11394279071,12.0936,0.338518,elderly
89a8100c53bffff,89a8100c503ffff,2308420508,11341903975,19.5347,0.001335,elderly
89a8100c53bffff,89a8100c507ffff,2308420508,11401601119,7.3819,0.699874,elderly
89a8100c53bffff,89a8100c50fffff,2308420508,11279900601,18.3337,0.01703,elderly
89a8100c53bffff,89a8100c533ffff,2308420508,11384427621,8.9882,0.579136,elderly
89a8100c53bffff,89a8100c53bffff,2308420508,2308420508,2.8872,0.949456,elderly
89a8100c53bffff,89a8100c5abffff,2308420508,11394279071,15.4687,0.121397,elderly
89a8100c543ffff,89a8100c543ffff,7721333437,7721333437,1.3797,0.988304,elderly
89a8100c543ffff,89a8100c54fffff,7721333437,11423253323,16.2417,0.084628,elderly
89a8100c543ffff,89a8100c553ffff,7721333437,12227887010,15.6655,0.111483,elderly
89a8100c547ffff,89a8100c50bffff,12703971545,13452873729,11.0807,0.415526,elderly
89a8100c547ffff,89a8100c50fffff,12703971545,11279900601,17.7879,0.029884,elderly
89a8100c547ffff,89a8100c547ffff,12703971545,12703971545,0.1934,0.999769,elderly
89a8100c547ffff,89a8100c54fffff,12703971545,11423253323,13.8833,0.213574,elderly
89a8100c547ffff,89a8100c557ffff,12703971545,12697580224,14.2499,0.190461,elderly
89a8100c547ffff,89a8100c573ffff,12703971545,457593059,9.7091,0.522838,elderly
89a8100c54bffff,89a8100c087ffff,8944143746,6359582195,12.8796,0.281473,elderly
89a8100c54bffff,89a8100c097ffff,8944143746,459335450,16.543,0.071926,elderly
89a8100c54bffff,89a8100c0b3ffff,8944143746,4293906838,14.6867,0.164269,elderly
89a8100c54bffff,89a8100c54bffff,8944143746,8944143746,0.7377,0.996646,elderly
89a8100c54bffff,89a8100c55bffff,8944143746,12697580033,14.3149,0.186467,elderly
89a8100c54fffff,89a8100c543ffff,11423253323,7721333437,15.9738,0.096706,elderly
89a8100c54fffff,89a8100c54fffff,11423253323,11423253323,1.9965,0.975613,elderly
89a8100c553ffff,89a8100c543ffff,12227887010,7721333437,12.0142,0.344433,elderly
89a8100c553ffff,89a8100c553ffff,12227887010,12227887010,1.1046,0.992492,elderly
89a8100c553ffff,89a8100c5cbffff,12227887010,13037844868,16.4676,0.075017,elderly
89a8100c557ffff,89a8100c50bffff,12697580224,13452873729,8.4208,0.622759,elderly
89a8100c557ffff,89a8100c50fffff,12697580224,11279900601,19.1428,0.004526,elderly
89a8100c557ffff,89a8100c51bffff,12697580224,12586078227,16.8028,0.061742,elderly
89a8100c557ffff,89a8100c547ffff,12697580224,12703971545,13.5086,0.238177,elderly
89a8100c557ffff,89a8100c553ffff,12697580224,12227887010,18.5138,0.013563,elderly
89a8100c557ffff,89a8100c557ffff,12697580224,12697580224,0.3373,0.999298,elderly
89a8100c557ffff,89a8100c573ffff,12697580224,457593059,16.2969,0.082229,elderly
89a8100c557ffff,89a8100c5cbffff,12697580224,13037844868,18.6117,0.011841,elderly
89a8100c557ffff,89a8100c5cfffff,12697580224,2687705140,14.7538,0.160379,elderly
89a8100c55bffff,89a8100c087ffff,12697580033,6359582195,13.8771,0.213968,elderly
89a8100c55bffff,89a8100c097ffff,12697580033,459335450,13.8711,0.214355,elderly
89a8100c55bffff,89a8100c0b3ffff,12697580033,4293906838,15.7268,0.108474,elderly
89a8100c55bffff,89a8100c427ffff,12697580033,12986505496,19.037,0.00571,elderly
89a8100c55bffff,89a8100c54bffff,12697580033,8944143746,8.9999,0.578228,elderly
89a8100c55bffff,89a8100c55bffff,12697580033,12697580033,1.5952,0.984386,elderly
89a8100c573ffff,89a8100c50bffff,457593059,13452873729,10.2841,0.477697,elderly
89a8100c573ffff,89a8100c50fffff,457593059,11279900601,9.6721,0.525742,elderly
89a8100c573ffff,89a8100c547ffff,457593059,12703971545,11.1771,0.408076,elderly
89a8100c573ffff,89a8100c557ffff,457593059,12697580224,17.4964,0.038169,elderly
89a8100c573ffff,89a8100c573ffff,457593059,457593059,1.5934,0.984421,elderly
89a8100c583ffff,89a8100c583ffff,12265197248,12265197248,0.9887,0.993982,elderly
89a8100c583ffff,89a8100c587ffff,12265197248,11373935088,14.8423,0.155315,elderly
89a8100c583ffff,89a8100c58fffff,12265197248,4252790480,14.9322,0.15023,elderly
89a8100c587ffff,89a8100c583ffff,11373935088,12265197248,14.6969,0.163676,elderly
89a8100c587ffff,89a8100c587ffff,11373935088,11373935088,2.0367,0.974631,elderly
89a8100c587ffff,89a8100c58fffff,11373935088,4252790480,10.9741,0.423794,elderly
89a8100c587ffff,89a8100c5bbffff,11373935088,303855012,19.2605,0.00337,elderly
89a8100c58bffff,89a8100c513ffff,1393378103,303862596,13.0827,0.267233,elderly
89a8100c58bffff,89a8100c517ffff,1393378103,11409667724,18.448,0.014784,elderly
89a8100c58bffff,89a8100c58bffff,1393378103,1393378103,0.753,0.996506,elderly
89a8100c58bffff,89a8100c58fffff,1393378103,4252790480,14.8091,0.157205,elderly
89a8100c58bffff,89a8100c593ffff,1393378103,304111065,18.1411,0.021165,elderly
89a8100c58bffff,89a8100c59bffff,1393378103,8954073387,9.3743,0.54906,elderly
89a8100c58bffff,89a8100c5c7ffff,1393378103,2816708327,16.2453,0.084472,elderly
89a8100c58bffff,89a8100c5d7ffff,1393378103,303867318,16.0146,0.094819,elderly
89a8100c58bffff,89a8100e367ffff,1393378103,142814786,18.572,0.012526,elderly
89a8100c58fffff,89a8100c513ffff,4252790480,303862596,18.2459,0.01886,elderly
89a8100c58fffff,89a8100c517ffff,4252790480,11409667724,13.7027,0.225313,elderly
89a8100c58fffff,89a8100c583ffff,4252790480,12265197248,11.5497,0.379487,elderly
89a8100c58fffff,89a8100c587ffff,4252790480,11373935088,8.7557,0.597108,elderly
89a8100c58fffff,89a8100c58bffff,4252790480,1393378103,18.6354,0.011442,elderly
89a8100c58fffff,89a8100c58fffff,4252790480,4252790480,1.1362,0.992058,elderly
89a8100c58fffff,89a8100c5bbffff,4252790480,303855012,13.4987,0.238839,elderly
89a8100c593ffff,89a8100c593ffff,304111065,304111065,1.8818,0.978315,elderly
89a8100c593ffff,89a8100c597ffff,304111065,8943051152,10.3398,0.473324,elderly
89a8100c593ffff,89a8100c59bffff,304111065,8954073387,16.04,0.093652,elderly
89a8100c593ffff,89a8100e32bffff,304111065,142777323,14.7268,0.161942,elderly
89a8100c593ffff,89a8100e32fffff,304111065,13305140329,8.3175,0.630611,elderly
89a8100c593ffff,89a8100e367ffff,304111065,142814786,13.0908,0.266675,elderly
89a8100c597ffff,89a8100c583ffff,8943051152,12265197248,19.4513,0.001856,elderly
89a8100c597ffff,89a8100c587ffff,8943051152,11373935088,16.6365,0.068179,elderly
89a8100c597ffff,89a8100c58fffff,8943051152,4252790480,18.5385,0.013118,elderly
89a8100c597ffff,89a8100c593ffff,8943051152,304111065,9.7355,0.520768,elderly
89a8100c597ffff,89a8100c597ffff,8943051152,8943051152,2.0504,0.97429,elderly
89a8100c597ffff,89a8100e32fffff,8943051152,13305140329,10.8489,0.433523,elderly
89a8100c59bffff,89a8100c58bffff,8954073387,1393378103,9.4588,0.542458,elderly
89a8100c59bffff,89a8100c593ffff,8954073387,304111065,12.7985,0.28722,elderly
89a8100c59bffff,89a8100c597ffff,8954073387,8943051152,18.6412,0.011346,elderly
89a8100c59bffff,89a8100c59bffff,8954073387,8954073387,0.6412,0.997466,elderly
89a8100c59bffff,89a8100c5c7ffff,8954073387,2816708327,19.9173,4.2e-05,elderly
89a8100c59bffff,89a8100c5d7ffff,8954073387,303867318,15.2474,0.132977,elderly
89a8100c59bffff,89a8100e32bffff,8954073387,142777323,19.8919,7.2e-05,elderly
89a8100c59bffff,89a8100e32fffff,8954073387,13305140329,16.6189,0.068876,elderly
89a8100c59bffff,89a8100e363ffff,8954073387,388512103,18.7606,0.009445,elderly
89a8100c59bffff,89a8100e367ffff,8954073387,142814786,9.8389,0.512654,elderly
89a8100c59bffff,89a8100e36fffff,8954073387,389063008,15.8334,0.103321,elderly
89a8100c5abffff,89a8100c507ffff,11394279071,11401601119,13.3481,0.248997,elderly
89a8100c5abffff,89a8100c517ffff,11394279071,11409667724,8.7664,0.596281,elderly
89a8100c5abffff,89a8100c533ffff,11394279071,11384427621,13.1831,0.260288,elderly
89a8100c5abffff,89a8100c58fffff,11394279071,4252790480,17.3476,0.042774,elderly
89a8100c5abffff,89a8100c5abffff,11394279071,11394279071,1.6846,0.982597,elderly
89a8100c5abffff,89a8100c5bbffff,11394279071,303855012,11.048,0.418062,elderly
89a8100c5bbffff,89a8100c517ffff,303855012,11409667724,9.8442,0.512236,elderly
89a8100c5bbffff,89a8100c587ffff,303855012,11373935088,14.2863,0.18822,elderly
89a8100c5bbffff,89a8100c58fffff,303855012,4252790480,10.6253,0.450965,elderly
89a8100c5bbffff,89a8100c5abffff,303855012,11394279071,12.9372,0.277414,elderly
89a8100c5bbffff,89a8100c5bbffff,303855012,303855012,2.9826,0.946121,elderly
89a8100c5c3ffff,89a8100c58bffff,303868171,1393378103,19.4616,0.001787,elderly
89a8100c5c3ffff,89a8100c59bffff,303868171,8954073387,18.4588,0.01458,elderly
89a8100c5c3ffff,89a8100c5c3ffff,303868171,303868171,2.8194,0.951763,elderly
89a8100c5c3ffff,89a8100c5c7ffff,303868171,2816708327,14.1371,0.197463,elderly
89a8100c5c3ffff,89a8100c5cbffff,303868171,13037844868,15.0412,0.144163,elderly
89a8100c5c3ffff,89a8100c5cfffff,303868171,2687705140,12.284,0.32444,elderly
89a8100c5c3ffff,89a8100c5d3ffff,303868171,1097971350,13.2645,0.254693,elderly
89a8100c5c3ffff,89a8100c5d7ffff,303868171,303867318,8.9623,0.581138,elderly
89a8100c5c3ffff,89a8100c5dbffff,303868171,12535296158,15.2157,0.134672,elderly
89a8100c5c7ffff,89a8100c513ffff,2816708327,303862596,10.4445,0.46512,elderly
89a8100c5c7ffff,89a8100c51bffff,2816708327,12586078227,18.151,0.020941,elderly
89a8100c5c7ffff,89a8100c58bffff,2816708327,1393378103,9.8001,0.515698,elderly
89a8100c5c7ffff,89a8100c58fffff,2816708327,4252790480,17.7416,0.031134,elderly
89a8100c5c7ffff,89a8100c59bffff,2816708327,8954073387,13.3877,0.246314,elderly
89a8100c5c7ffff,89a8100c5c3ffff,2816708327,303868171,15.0239,0.145124,elderly
89a8100c5c7ffff,89a8100c5c7ffff,2816708327,2816708327,1.5258,0.985708,elderly
89a8100c5c7ffff,89a8100c5cfffff,2816708327,2687705140,15.8316,0.103405,elderly
89a8100c5c7ffff,89a8100c5d7ffff,2816708327,303867318,7.1848,0.713966,elderly
89a8100c5cbffff,89a8100c427ffff,13037844868,12986505496,15.1257,0.139534,elderly
89a8100c5cbffff,89a8100c437ffff,13037844868,12941702505,19.9015,6e-05,elderly
89a8100c5cbffff,89a8100c553ffff,13037844868,12227887010,11.6279,0.37353,elderly
89a8100c5cbffff,89a8100c557ffff,13037844868,12697580224,16.6854,0.066254,elderly
89a8100c5cbffff,89a8100c5c3ffff,13037844868,303868171,11.5171,0.381972,elderly
89a8100c5cbffff,89a8100c5c7ffff,13037844868,2816708327,19.0637,0.005398,elderly
89a8100c5cbffff,89a8100c5cbffff,13037844868,13037844868,0.642,0.997459,elderly
89a8100c5cbffff,89a8100c5cfffff,13037844868,2687705140,11.1078,0.413431,elderly
89a8100c5cbffff,89a8100c5d3ffff,13037844868,1097971350,16.8242,0.060933,elderly
89a8100c5cbffff,89a8100c5d7ffff,13037844868,303867318,17.66,0.033396,elderly
89a8100c5cbffff,89a8100c5dbffff,13037844868,12535296158,16.6755,0.066641,elderly
89a8100c5cfffff,89a8100c513ffff,2687705140,303862596,19.9944,0.0,elderly
89a8100c5cfffff,89a8100c51bffff,2687705140,12586078227,15.9898,0.095964,elderly
89a8100c5cfffff,89a8100c557ffff,2687705140,12697580224,14.2391,0.191124,elderly
89a8100c5cfffff,89a8100c5c3ffff,2687705140,303868171,8.9857,0.579325,elderly
89a8100c5cfffff,89a8100c5c7ffff,2687705140,2816708327,12.8939,0.280459,elderly
89a8100c5cfffff,89a8100c5cbffff,2687705140,13037844868,11.2953,0.398966,elderly
89a8100c5cfffff,89a8100c5cfffff,2687705140,2687705140,1.9311,0.977172,elderly
89a8100c5cfffff,89a8100c5d3ffff,2687705140,1097971350,19.4309,0.001997,elderly
89a8100c5cfffff,89a8100c5d7ffff,2687705140,303867318,15.1287,0.139374,elderly
89a8100c5d3ffff,89a8100c5c3ffff,1097971350,303868171,19.6445,0.000779,elderly
89a8100c5d3ffff,89a8100c5d3ffff,1097971350,1097971350,0.9012,0.994998,elderly
89a8100c5d3ffff,89a8100c5dbffff,1097971350,12535296158,17.697,0.03236,elderly
89a8100c5d3ffff,89a8100e367ffff,1097971350,142814786,17.1371,0.049713,elderly
89a8100c5d3ffff,89a8100e36bffff,1097971350,389063054,19.538,0.001316,elderly
89a8100c5d3ffff,89a8100e36fffff,1097971350,389063008,7.9741,0.65644,elderly
89a8100c5d7ffff,89a8100c513ffff,303867318,303862596,15.4011,0.124885,elderly
89a8100c5d7ffff,89a8100c58bffff,303867318,1393378103,11.8045,0.360163,elderly
89a8100c5d7ffff,89a8100c593ffff,303867318,304111065,19.5685,0.001148,elderly
89a8100c5d7ffff,89a8100c59bffff,303867318,8954073387,10.8018,0.437197,elderly
89a8100c5d7ffff,89a8100c5c3ffff,303867318,303868171,15.9467,0.097964,elderly
89a8100c5d7ffff,89a8100c5c7ffff,303867318,2816708327,11.175,0.408242,elderly
89a8100c5d7ffff,89a8100c5d7ffff,303867318,303867318,1.3053,0.989528,elderly
89a8100c5d7ffff,89a8100e367ffff,303867318,142814786,16.0412,0.093596,elderly
89a8100c5dbffff,89a8100c427ffff,12535296158,12986505496,19.8028,0.00024,elderly
89a8100c5dbffff,89a8100c437ffff,12535296158,12941702505,15.8908,0.10059,elderly
89a8100c5dbffff,89a8100c4a3ffff,12535296158,12904007453,18.4015,0.015679,elderly
89a8100c5dbffff,89a8100c4a7ffff,12535296158,12889670101,17.2146,0.047099,elderly
89a8100c5dbffff,89a8100c4afffff,12535296158,12996381317,10.1719,0.486503,elderly
89a8100c5dbffff,89a8100c5c3ffff,12535296158,303868171,14.6568,0.166012,elderly
89a8100c5dbffff,89a8100c5cbffff,12535296158,13037844868,18.1627,0.02068,elderly
89a8100c5dbffff,89a8100c5d3ffff,12535296158,1097971350,10.7581,0.440596,elderly
89a8100c5dbffff,89a8100c5dbffff,12535296158,12535296158,1.7727,0.980741,elderly
89a8100c5dbffff,89a8100e36bffff,12535296158,389063054,18.2702,0.018345,elderly
89a8100c5dbffff,89a8100e36fffff,12535296158,389063008,17.831,0.02874,elderly
89a8100c637ffff,89a8100c0cbffff,445044750,12487325808,14.2862,0.188224,elderly
89a8100c637ffff,89a8100c0dbffff,445044750,6769468141,17.8845,0.027352,elderly
89a8100c637ffff,89a8100c637ffff,445044750,445044750,3.5815,0.922939,elderly
89a8100c6a3ffff,89a8100c6a3ffff,466929753,466929753,1.8164,0.979786,elderly
89a8100c6a3ffff,89a8100c6a7ffff,466929753,296285598,19.2854,0.003146,elderly
89a8100c6a3ffff,89a8100c6afffff,466929753,1448778106,13.4005,0.245445,elderly
89a8100c6a3ffff,89a8100c6b3ffff,466929753,466932573,18.5051,0.013722,elderly
89a8100c6a7ffff,89a8100c0c3ffff,296285598,4293920655,19.8883,7.7e-05,elderly
89a8100c6a7ffff,89a8100c0cbffff,296285598,12487325808,18.0503,0.023267,elderly
89a8100c6a7ffff,89a8100c0d3ffff,296285598,296284761,13.6765,0.227034,elderly
89a8100c6a7ffff,89a8100c0d7ffff,296285598,296284684,18.9007,0.007436,elderly
89a8100c6a7ffff,89a8100c0dbffff,296285598,6769468141,12.7073,0.293724,elderly
89a8100c6a7ffff,89a8100c44fffff,296285598,467820676,19.1843,0.004099,elderly
89a8100c6a7ffff,89a8100c46bffff,296285598,12505529937,13.379,0.2469,elderly
89a8100c6a7ffff,89a8100c46fffff,296285598,4849813871,19.1308,0.004653,elderly
89a8100c6a7ffff,89a8100c47bffff,296285598,466930008,19.2286,0.003666,elderly
89a8100c6a7ffff,89a8100c6a3ffff,296285598,466929753,13.4365,0.243015,elderly
89a8100c6a7ffff,89a8100c6a7ffff,296285598,296285598,2.0149,0.975166,elderly
89a8100c6a7ffff,89a8100c6afffff,296285598,1448778106,10.4148,0.467444,elderly
89a8100c6a7ffff,89a8100c6b7ffff,296285598,466929739,10.6187,0.451484,elderly
89a8100c6afffff,89a8100c0dbffff,1448778106,6769468141,18.673,0.010823,elderly
89a8100c6afffff,89a8100c6a3ffff,1448778106,466929753,14.701,0.163433,elderly
89a8100c6afffff,89a8100c6a7ffff,1448778106,296285598,17.2937,0.044501,elderly
89a8100c6afffff,89a8100c6afffff,1448778106,1448778106,3.1572,0.939764,elderly
89a8100c6b3ffff,89a8100c44fffff,466932573,467820676,13.9877,0.206892,elderly
89a8100c6b3ffff,89a8100c47bffff,466932573,466930008,17.5851,0.035543,elderly
89a8100c6b3ffff,89a8100c6a3ffff,466932573,466929753,10.9729,0.423883,elderly
89a8100c6b3ffff,89a8100c6b3ffff,466932573,466932573,1.077,0.992863,elderly
89a8100c6b3ffff,89a8100c6b7ffff,466932573,466929739,15.6419,0.112652,elderly
89a8100c6b7ffff,89a8100c0d3ffff,466929739,296284761,19.0979,0.005012,elderly
89a8100c6b7ffff,89a8100c443ffff,466929739,4947151527,18.3913,0.015879,elderly
89a8100c6b7ffff,89a8100c447ffff,466929739,3472333400,16.3189,0.081281,elderly
89a8100c6b7ffff,89a8100c44bffff,466929739,466938136,17.4537,0.039465,elderly
89a8100c6b7ffff,89a8100c44fffff,466929739,467820676,10.5862,0.454025,elderly
89a8100c6b7ffff,89a8100c463ffff,466929739,466929967,12.7104,0.293498,elderly
89a8100c6b7ffff,89a8100c46bffff,466929739,12505529937,12.192,0.331224,elderly
89a8100c6b7ffff,89a8100c47bffff,466929739,466930008,10.6305,0.450559,elderly
89a8100c6b7ffff,89a8100c6a3ffff,466929739,466929753,18.4405,0.014926,elderly
89a8100c6b7ffff,89a8100c6a7ffff,466929739,296285598,10.7989,0.437419,elderly
89a8100c6b7ffff,89a8100c6afffff,466929739,1448778106,19.1988,0.003954,elderly
89a8100c6b7ffff,89a8100c6b3ffff,466929739,466932573,15.1029,0.140777,elderly
89a8100c6b7ffff,89a8100c6b7ffff,466929739,466929739,2.0206,0.975025,elderly
89a8100e06fffff,89a8100e06fffff,3416576930,3416576930,2.0511,0.974274,elderly
89a8100e06fffff,89a8100e39bffff,3416576930,1393380693,18.1645,0.020638,elderly
89a8100e06fffff,89a8100e3c3ffff,3416576930,9509169514,19.842,0.000154,elderly
89a8100e06fffff,89a8100e3d3ffff,3416576930,9517170654,8.6088,0.608399,elderly
89a8100e06fffff,89a8100e3d7ffff,3416576930,9503196643,12.2045,0.330296,elderly
89a8100e203ffff,89a8100e203ffff,9078053043,9078053043,4.8926,0.859465,elderly
89a8100e203ffff,89a8100e20fffff,9078053043,9509342521,14.9552,0.148942,elderly
89a8100e207ffff,89a8100e203ffff,9078104201,9078053043,18.2512,0.018747,elderly
89a8100e207ffff,89a8100e207ffff,9078104201,9078104201,1.1541,0.991806,elderly
89a8100e207ffff,89a8100e20fffff,9078104201,9509342521,16.8799,0.058857,elderly
89a8100e207ffff,89a8100e233ffff,9078104201,9083125917,16.6134,0.069094,elderly
89a8100e207ffff,89a8100e23bffff,9078104201,12911190024,17.5684,0.036031,elderly
89a8100e207ffff,89a8100e2abffff,9078104201,12829462717,18.7999,0.008858,elderly
89a8100e20bffff,89a8100e20bffff,9509544505,9509544505,3.8476,0.911428,elderly
89a8100e20bffff,89a8100e20fffff,9509544505,9509342521,10.8872,0.430548,elderly
89a8100e20bffff,89a8100e247ffff,9509544505,9546511598,14.3619,0.183597,elderly
89a8100e20bffff,89a8100e257ffff,9509544505,370857290,13.1724,0.261027,elderly
89a8100e20bffff,89a8100e273ffff,9509544505,9512718996,14.9016,0.151954,elderly
89a8100e20fffff,89a8100e203ffff,9509342521,9078053043,12.6882,0.295086,elderly
89a8100e20fffff,89a8100e207ffff,9509342521,9078104201,16.7716,0.062924,elderly
89a8100e20fffff,89a8100e20bffff,9509342521,9509544505,7.6862,0.677748,elderly
89a8100e20fffff,89a8100e20fffff,9509342521,9509342521,1.4696,0.986738,elderly
89a8100e20fffff,89a8100e247ffff,9509342521,9546511598,17.4064,0.040922,elderly
89a8100e20fffff,89a8100e257ffff,9509342521,370857290,16.609,0.069269,elderly
89a8100e20fffff,89a8100e273ffff,9509342521,9512718996,13.3081,0.251715,elderly
89a8100e20fffff,89a8100e277ffff,9509342521,9175432224,14.2672,0.189391,elderly
89a8100e223ffff,89a8100c493ffff,9085138924,9089875466,18.5787,0.01241,elderly
89a8100e223ffff,89a8100e223ffff,9085138924,9085138924,0.5664,0.998023,elderly
89a8100e223ffff,89a8100e227ffff,9085138924,8943483316,12.0804,0.339497,elderly
89a8100e223ffff,89a8100e22bffff,9085138924,9111245172,11.9463,0.349505,elderly
89a8100e223ffff,89a8100e22fffff,9085138924,9085206286,9.5773,0.533178,elderly
89a8100e223ffff,89a8100e233ffff,9085138924,9083125917,8.7932,0.594214,elderly
89a8100e223ffff,89a8100e237ffff,9085138924,9496451280,8.6369,0.606245,elderly
89a8100e223ffff,89a8100e23bffff,9085138924,12911190024,11.8749,0.354866,elderly
89a8100e223ffff,89a8100e2abffff,9085138924,12829462717,15.5993,0.114779,elderly
89a8100e223ffff,89a8100e2afffff,9085138924,9465336398,18.623,0.011651,elderly
89a8100e223ffff,89a8100e35bffff,9085138924,9546062800,17.4223,0.04043,elderly
89a8100e223ffff,89a8100e3cbffff,9085138924,9523090342,13.7665,0.221139,elderly
89a8100e223ffff,89a8100e3dbffff,9085138924,9517279686,19.9696,6e-06,elderly
89a8100e227ffff,89a8100e223ffff,8943483316,9085138924,18.2922,0.017883,elderly
89a8100e227ffff,89a8100e227ffff,8943483316,8943483316,1.0737,0.992906,elderly
89a8100e227ffff,89a8100e22fffff,8943483316,9085206286,13.9278,0.210712,elderly
89a8100e227ffff,89a8100e237ffff,8943483316,9496451280,11.5182,0.381885,elderly
89a8100e227ffff,89a8100e353ffff,8943483316,6945448510,16.628,0.068512,elderly
89a8100e227ffff,89a8100e35bffff,8943483316,9546062800,15.0625,0.14299,elderly
89a8100e227ffff,89a8100e3cbffff,8943483316,9523090342,10.9273,0.427426,elderly
89a8100e227ffff,89a8100e3cfffff,8943483316,9509243980,13.3356,0.249846,elderly
89a8100e227ffff,89a8100e3dbffff,8943483316,9517279686,19.2966,0.003049,elderly
89a8100e22bffff,89a8100c493ffff,9111245172,9089875466,19.1896,0.004045,elderly
89a8100e22bffff,89a8100e20fffff,9111245172,9509342521,18.484,0.014111,elderly
89a8100e22bffff,89a8100e223ffff,9111245172,9085138924,13.9313,0.210492,elderly
89a8100e22bffff,89a8100e22bffff,9111245172,9111245172,0.8264,0.995793,elderly
89a8100e22bffff,89a8100e22fffff,9111245172,9085206286,15.4666,0.121507,elderly
89a8100e22bffff,89a8100e23bffff,9111245172,12911190024,14.1356,0.197561,elderly
89a8100e22bffff,89a8100e273ffff,9111245172,9512718996,19.8503,0.000138,elderly
89a8100e22bffff,89a8100e277ffff,9111245172,9175432224,12.0372,0.342717,elderly
89a8100e22fffff,89a8100c493ffff,9085206286,9089875466,13.2074,0.258613,elderly
89a8100e22fffff,89a8100c497ffff,9085206286,9532442497,12.4046,0.315605,elderly
89a8100e22fffff,89a8100c49bffff,9085206286,9562434245,18.05,0.023274,elderly
89a8100e22fffff,89a8100e223ffff,9085206286,9085138924,7.2476,0.709501,elderly
89a8100e22fffff,89a8100e227ffff,9085206286,8943483316,8.0757,0.648845,elderly
89a8100e22fffff,89a8100e22bffff,9085206286,9111245172,12.499,0.308734,elderly
89a8100e22fffff,89a8100e22fffff,9085206286,9085206286,0.8858,0.995168,elderly
89a8100e22fffff,89a8100e233ffff,9085206286,9083125917,14.5149,0.174385,elderly
89a8100e22fffff,89a8100e237ffff,9085206286,9496451280,14.3586,0.183802,elderly
89a8100e22fffff,89a8100e23bffff,9085206286,12911190024,18.2111,0.019611,elderly
89a8100e22fffff,89a8100e353ffff,9085206286,6945448510,18.9357,0.006971,elderly
89a8100e22fffff,89a8100e35bffff,9085206286,9546062800,12.9581,0.275945,elderly
89a8100e22fffff,89a8100e3cbffff,9085206286,9523090342,17.7612,0.030601,elderly
89a8100e22fffff,89a8100e3cfffff,9085206286,9509243980,17.8024,0.029495,elderly
89a8100e233ffff,89a8100e207ffff,9083125917,9078104201,13.2028,0.258932,elderly
89a8100e233ffff,89a8100e223ffff,9083125917,9085138924,8.818,0.592302,elderly
89a8100e233ffff,89a8100e227ffff,9083125917,8943483316,18.7862,0.00906,elderly
89a8100e233ffff,89a8100e22bffff,9083125917,9111245172,19.7902,0.000271,elderly
89a8100e233ffff,89a8100e22fffff,9083125917,9085206286,17.5904,0.035389,elderly
89a8100e233ffff,89a8100e233ffff,9083125917,9083125917,0.8607,0.995438,elderly
89a8100e233ffff,89a8100e237ffff,9083125917,9496451280,11.2196,0.4048,elderly
89a8100e233ffff,89a8100e23bffff,9083125917,12911190024,13.8924,0.212984,elderly
89a8100e233ffff,89a8100e2a7ffff,9083125917,12831235988,17.1011,0.050947,elderly
89a8100e233ffff,89a8100e2abffff,9083125917,12829462717,7.6667,0.67918,elderly
89a8100e233ffff,89a8100e2afffff,9083125917,9465336398,11.148,0.410324,elderly
89a8100e233ffff,89a8100e3cbffff,9083125917,9523090342,18.0997,0.02211,elderly
89a8100e233ffff,89a8100e3dbffff,9083125917,9517279686,18.2922,0.017883,elderly
89a8100e237ffff,89a8100e223ffff,9496451280,9085138924,12.8638,0.282587,elderly
89a8100e237ffff,89a8100e227ffff,9496451280,8943483316,11.6878,0.368988,elderly
89a8100e237ffff,89a8100e233ffff,9496451280,9083125917,14.3427,0.184765,elderly
89a8100e237ffff,89a8100e237ffff,9496451280,9496451280,0.4255,0.998884,elderly
89a8100e237ffff,89a8100e23bffff,9496451280,12911190024,18.7712,0.009286,elderly
89a8100e237ffff,89a8100e2a7ffff,9496451280,12831235988,17.858,0.028037,elderly
89a8100e237ffff,89a8100e2afffff,9496451280,9465336398,12.3751,0.317758,elderly
89a8100e237ffff,89a8100e3c3ffff,9496451280,9509169514,14.7389,0.161238,elderly
89a8100e237ffff,89a8100e3cbffff,9496451280,9523090342,10.9897,0.422584,elderly
89a8100e237ffff,89a8100e3dbffff,9496451280,9517279686,11.7582,0.363659,elderly
89a8100e23bffff,89a8100e203ffff,12911190024,9078053043,17.4212,0.040464,elderly
89a8100e23bffff,89a8100e207ffff,12911190024,9078104201,12.8252,0.285324,elderly
89a8100e23bffff,89a8100e20bffff,12911190024,9509544505,19.2851,0.00315,elderly
89a8100e23bffff,89a8100e20fffff,12911190024,9509342521,13.2225,0.257579,elderly
89a8100e23bffff,89a8100e223ffff,12911190024,9085138924,9.8611,0.510911,elderly
89a8100e23bffff,89a8100e22bffff,12911190024,9111245172,8.9769,0.580008,elderly
89a8100e23bffff,89a8100e22fffff,12911190024,9085206286,18.5457,0.01299,elderly
89a8100e23bffff,89a8100e233ffff,12911190024,9083125917,12.4806,0.31007,elderly
89a8100e23bffff,89a8100e237ffff,12911190024,9496451280,13.8169,0.217859,elderly
89a8100e23bffff,89a8100e23bffff,12911190024,12911190024,1.5338,0.985558,elderly
89a8100e23bffff,89a8100e273ffff,12911190024,9512718996,17.113,0.050539,elderly
89a8100e23bffff,89a8100e277ffff,12911190024,9175432224,13.2028,0.258927,elderly
89a8100e23bffff,89a8100e2abffff,12911190024,12829462717,19.2866,0.003136,elderly
89a8100e23bffff,89a8100e3cbffff,12911190024,9523090342,19.8914,7.3e-05,elderly
89a8100e243ffff,89a8100e243ffff,1538576134,1538576134,2.9273,0.948067,elderly
89a8100e243ffff,89a8100e247ffff,1538576134,9546511598,7.5611,0.686902,elderly
89a8100e243ffff,89a8100e24fffff,1538576134,467944912,8.3406,0.628856,elderly
89a8100e243ffff,89a8100e257ffff,1538576134,370857290,13.169,0.26126,elderly
89a8100e243ffff,89a8100e27bffff,1538576134,12911199240,18.5204,0.013443,elderly
89a8100e243ffff,89a8100f1b7ffff,1538576134,1489531937,18.1812,0.020267,elderly
89a8100e247ffff,89a8100e243ffff,9546511598,1538576134,12.0403,0.342484,elderly
89a8100e247ffff,89a8100e247ffff,9546511598,9546511598,0.7454,0.996576,elderly
89a8100e247ffff,89a8100e24fffff,9546511598,467944912,11.2179,0.404932,elderly
89a8100e247ffff,89a8100e257ffff,9546511598,370857290,7.0086,0.726394,elderly
89a8100e247ffff,89a8100e273ffff,9546511598,9512718996,17.1702,0.048587,elderly
89a8100e247ffff,89a8100e27bffff,9546511598,12911199240,12.36,0.318861,elderly
89a8100e247ffff,89a8100f1a7ffff,9546511598,8941348148,19.0041,0.006105,elderly
89a8100e247ffff,89a8100f1b7ffff,9546511598,1489531937,13.5821,0.233276,elderly
89a8100e24bffff,89a8100e243ffff,467944723,1538576134,15.0537,0.143476,elderly
89a8100e24bffff,89a8100e247ffff,467944723,9546511598,16.5464,0.071786,elderly
89a8100e24bffff,89a8100e24bffff,467944723,467944723,0.7259,0.996753,elderly
89a8100e24bffff,89a8100e24fffff,467944723,467944912,11.9001,0.352974,elderly
89a8100e24bffff,89a8100f1b3ffff,467944723,4619786697,12.7301,0.292088,elderly
89a8100e24bffff,89a8100f1b7ffff,467944723,1489531937,17.4459,0.039703,elderly
89a8100e24fffff,89a8100e243ffff,467944912,1538576134,9.7702,0.518048,elderly
89a8100e24fffff,89a8100e247ffff,467944912,9546511598,8.2208,0.637928,elderly
89a8100e24fffff,89a8100e24bffff,467944912,467944723,18.7365,0.009815,elderly
89a8100e24fffff,89a8100e24fffff,467944912,467944912,0.3607,0.999198,elderly
89a8100e24fffff,89a8100e257ffff,467944912,370857290,13.8287,0.217096,elderly
89a8100e24fffff,89a8100e27bffff,467944912,12911199240,19.1801,0.004141,elderly
89a8100e24fffff,89a8100f1a7ffff,467944912,8941348148,18.4465,0.014812,elderly
89a8100e24fffff,89a8100f1b3ffff,467944912,4619786697,15.1783,0.136683,elderly
89a8100e24fffff,89a8100f1b7ffff,467944912,1489531937,11.8235,0.358736,elderly
89a8100e257ffff,89a8100e20bffff,370857290,9509544505,19.7163,0.000496,elderly
89a8100e257ffff,89a8100e243ffff,370857290,1538576134,18.4144,0.015429,elderly
89a8100e257ffff,89a8100e247ffff,370857290,9546511598,7.7747,0.671234,elderly
89a8100e257ffff,89a8100e24fffff,370857290,467944912,17.5919,0.035345,elderly
89a8100e257ffff,89a8100e257ffff,370857290,370857290,5.7529,0.809369,elderly
89a8100e257ffff,89a8100e27bffff,370857290,12911199240,18.7341,0.009853,elderly
89a8100e257ffff,89a8100f1b7ffff,370857290,1489531937,19.9562,1.2e-05,elderly
89a8100e263ffff,89a8100e247ffff,9560517151,9546511598,18.1259,0.021509,elderly
89a8100e263ffff,89a8100e263ffff,9560517151,9560517151,0.7083,0.996908,elderly
89a8100e263ffff,89a8100e267ffff,9560517151,9560548910,11.54,0.380225,elderly
89a8100e263ffff,89a8100e26bffff,9560517151,9528567209,13.4869,0.239629,elderly
89a8100e263ffff,89a8100e26fffff,9560517151,9562570594,19.0223,0.005884,elderly
89a8100e263ffff,89a8100e273ffff,9560517151,9512718996,11.9711,0.34765,elderly
89a8100e263ffff,89a8100e277ffff,9560517151,9175432224,17.3483,0.04275,elderly
89a8100e263ffff,89a8100e27bffff,9560517151,12911199240,10.7629,0.440223,elderly
89a8100e263ffff,89a8100f1a7ffff,9560517151,8941348148,18.1736,0.020437,elderly
89a8100e263ffff,89a8100f1b7ffff,9560517151,1489531937,19.183,0.004111,elderly
89a8100e267ffff,89a8100c493ffff,9560548910,9089875466,11.4783,0.384937,elderly
89a8100e267ffff,89a8100c49bffff,9560548910,9562434245,12.1057,0.33762,elderly
89a8100e267ffff,89a8100e263ffff,9560548910,9560517151,8.7676,0.596188,elderly
89a8100e267ffff,89a8100e267ffff,9560548910,9560548910,0.2107,0.999726,elderly
89a8100e267ffff,89a8100e26bffff,9560548910,9528567209,18.586,0.012283,elderly
89a8100e267ffff,89a8100e26fffff,9560548910,9562570594,18.4762,0.014254,elderly
89a8100e267ffff,89a8100e273ffff,9560548910,9512718996,19.8117,0.000219,elderly
89a8100e267ffff,89a8100e277ffff,9560548910,9175432224,15.3407,0.128039,elderly
89a8100e267ffff,89a8100e27bffff,9560548910,12911199240,18.6035,0.011982,elderly
89a8100e26bffff,89a8100c4dbffff,9528567209,6634220130,18.1848,0.020187,elderly
89a8100e26bffff,89a8100e247ffff,9528567209,9546511598,18.6337,0.011471,elderly
89a8100e26bffff,89a8100e24fffff,9528567209,467944912,19.734,0.000437,elderly
89a8100e26bffff,89a8100e263ffff,9528567209,9560517151,16.3321,0.080718,elderly
89a8100e26bffff,89a8100e26bffff,9528567209,9528567209,0.3695,0.999158,elderly
89a8100e26bffff,89a8100e27bffff,9528567209,12911199240,15.6315,0.11317,elderly
89a8100e26bffff,89a8100f1a7ffff,9528567209,8941348148,9.2358,0.559876,elderly
89a8100e26bffff,89a8100f1b7ffff,9528567209,1489531937,13.211,0.258363,elderly
89a8100e26fffff,89a8100c49bffff,9562570594,9562434245,15.5105,0.11926,elderly
89a8100e26fffff,89a8100c4d3ffff,9562570594,9562600840,17.0695,0.052046,elderly
89a8100e26fffff,89a8100e263ffff,9562570594,9560517151,17.3842,0.041618,elderly
89a8100e26fffff,89a8100e26bffff,9562570594,9528567209,13.2899,0.252961,elderly
89a8100e26fffff,89a8100e26fffff,9562570594,9562570594,0.0242,0.999996,elderly
89a8100e273ffff,89a8100e20bffff,9512718996,9509544505,14.0088,0.205549,elderly
89a8100e273ffff,89a8100e20fffff,9512718996,9509342521,15.0826,0.14189,elderly
89a8100e273ffff,89a8100e247ffff,9512718996,9546511598,9.5402,0.536083,elderly
89a8100e273ffff,89a8100e24fffff,9512718996,467944912,19.7313,0.000445,elderly
89a8100e273ffff,89a8100e257ffff,9512718996,370857290,13.335,0.249883,elderly
89a8100e273ffff,89a8100e263ffff,9512718996,9560517151,11.8193,0.359049,elderly
89a8100e273ffff,89a8100e273ffff,9512718996,9512718996,0.6521,0.997379,elderly
89a8100e273ffff,89a8100e277ffff,9512718996,9175432224,12.9035,0.279785,elderly
89a8100e273ffff,89a8100e27bffff,9512718996,12911199240,12.4871,0.309596,elderly
89a8100e277ffff,89a8100c493ffff,9175432224,9089875466,17.6753,0.032967,elderly
89a8100e277ffff,89a8100e20bffff,9175432224,9509544505,19.2787,0.003206,elderly
89a8100e277ffff,89a8100e20fffff,9175432224,9509342521,15.1055,0.140637,elderly
89a8100e277ffff,89a8100e22bffff,9175432224,9111245172,12.7812,0.288448,elderly
89a8100e277ffff,89a8100e23bffff,9175432224,12911190024,18.9645,0.006599,elderly
89a8100e277ffff,89a8100e247ffff,9175432224,9546511598,19.2897,0.003109,elderly
89a8100e277ffff,89a8100e263ffff,9175432224,9560517151,14.4477,0.178412,elderly
89a8100e277ffff,89a8100e267ffff,9175432224,9560548910,16.1472,0.088806,elderly
89a8100e277ffff,89a8100e273ffff,9175432224,9512718996,10.8038,0.437037,elderly
89a8100e277ffff,89a8100e277ffff,9175432224,9175432224,1.2903,0.989765,elderly
89a8100e277ffff,89a8100e27bffff,9175432224,12911199240,15.1154,0.140094,elderly
89a8100e27bffff,89a8100e243ffff,12911199240,1538576134,19.7505,0.000384,elderly
89a8100e27bffff,89a8100e247ffff,12911199240,9546511598,9.1109,0.569604,elderly
89a8100e27bffff,89a8100e24fffff,12911199240,467944912,18.9281,0.007071,elderly
89a8100e27bffff,89a8100e257ffff,12911199240,370857290,14.7188,0.162402,elderly
89a8100e27bffff,89a8100e263ffff,12911199240,9560517151,15.4234,0.123729,elderly
89a8100e27bffff,89a8100e26bffff,12911199240,9528567209,17.464,0.039148,elderly
89a8100e27bffff,89a8100e27bffff,12911199240,12911199240,1.4806,0.986538,elderly
89a8100e27bffff,89a8100f1a7ffff,12911199240,8941348148,15.5217,0.118691,elderly
89a8100e27bffff,89a8100f1b7ffff,12911199240,1489531937,16.2085,0.086086,elderly
89a8100e2a7ffff,89a8100e237ffff,12831235988,9496451280,15.7534,0.107178,elderly
89a8100e2a7ffff,89a8100e2a7ffff,12831235988,12831235988,3.9182,0.90825,elderly
89a8100e2a7ffff,89a8100e2afffff,12831235988,9465336398,8.8363,0.590886,elderly
89a8100e2a7ffff,89a8100e3c3ffff,12831235988,9509169514,18.2919,0.01789,elderly
89a8100e2a7ffff,89a8100e3cbffff,12831235988,9523090342,17.2535,0.045813,elderly
89a8100e2a7ffff,89a8100e3d3ffff,12831235988,9517170654,17.1638,0.048804,elderly
89a8100e2a7ffff,89a8100e3dbffff,12831235988,9517279686,10.9173,0.428206,elderly
89a8100e2abffff,89a8100e207ffff,12829462717,9078104201,15.7411,0.107774,elderly
89a8100e2abffff,89a8100e223ffff,12829462717,9085138924,16.8766,0.058979,elderly
89a8100e2abffff,89a8100e233ffff,12829462717,9083125917,8.9193,0.58447,elderly
89a8100e2abffff,89a8100e237ffff,12829462717,9496451280,17.7675,0.03043,elderly
89a8100e2abffff,89a8100e2abffff,12829462717,12829462717,4.2352,0.893375,elderly
89a8100e2abffff,89a8100e2afffff,12829462717,9465336398,14.266,0.189468,elderly
89a8100e2afffff,89a8100e227ffff,9465336398,8943483316,17.002,0.054426,elderly
89a8100e2afffff,89a8100e233ffff,9465336398,9083125917,13.8141,0.218046,elderly
89a8100e2afffff,89a8100e237ffff,9465336398,9496451280,9.0082,0.577585,elderly
89a8100e2afffff,89a8100e2a7ffff,9465336398,12831235988,7.0997,0.719991,elderly
89a8100e2afffff,89a8100e2abffff,9465336398,12829462717,15.6874,0.110405,elderly
89a8100e2afffff,89a8100e2afffff,9465336398,9465336398,1.1466,0.991913,elderly
89a8100e2afffff,89a8100e3c3ffff,9465336398,9509169514,19.404,0.002189,elderly
89a8100e2afffff,89a8100e3cbffff,9465336398,9523090342,16.3039,0.08193,elderly
89a8100e2afffff,89a8100e3d3ffff,9465336398,9517170654,19.3605,0.00252,elderly
89a8100e2afffff,89a8100e3dbffff,9465336398,9517279686,11.2905,0.399338,elderly
89a8100e303ffff,89a8100e303ffff,1393379394,1393379394,0.5199,0.998333,elderly
89a8100e303ffff,89a8100e313ffff,1393379394,9515286969,18.0475,0.023333,elderly
89a8100e307ffff,89a8100e307ffff,2277870854,2277870854,1.7206,0.981848,elderly
89a8100e307ffff,89a8100e30fffff,2277870854,8002779153,19.9076,5.3e-05,elderly
89a8100e307ffff,89a8100e333ffff,2277870854,6359663538,16.9659,0.055719,elderly
89a8100e307ffff,89a8100e33bffff,2277870854,40257098,19.4708,0.001727,elderly
89a8100e307ffff,89a8100e3abffff,2277870854,6697913344,15.6442,0.112542,elderly
89a8100e30bffff,89a8100e30bffff,12492914735,12492914735,0.2519,0.999609,elderly
89a8100e30bffff,89a8100e30fffff,12492914735,8002779153,17.8808,0.027447,elderly
89a8100e30bffff,89a8100e31bffff,12492914735,9545366658,14.9881,0.147107,elderly
89a8100e30bffff,89a8100e347ffff,12492914735,477232281,12.7038,0.29397,elderly
89a8100e30bffff,89a8100e357ffff,12492914735,9509533701,10.5584,0.456197,elderly
89a8100e30bffff,89a8100e363ffff,12492914735,388512103,19.5484,0.001257,elderly
89a8100e30bffff,89a8100e373ffff,12492914735,387095764,9.4311,0.544626,elderly
89a8100e30bffff,89a8100e377ffff,12492914735,8550924518,17.9535,0.025613,elderly
89a8100e30bffff,89a8100e37bffff,12492914735,8943221373,19.4211,0.002066,elderly
89a8100e30fffff,89a8100e307ffff,8002779153,2277870854,18.573,0.012509,elderly
89a8100e30fffff,89a8100e30fffff,8002779153,8002779153,2.3733,0.965655,elderly
89a8100e30fffff,89a8100e32bffff,8002779153,142777323,14.3145,0.186494,elderly
89a8100e30fffff,89a8100e33bffff,8002779153,40257098,13.1176,0.264817,elderly
89a8100e30fffff,89a8100e377ffff,8002779153,8550924518,12.6134,0.300462,elderly
89a8100e313ffff,89a8100e303ffff,9515286969,1393379394,12.9019,0.279894,elderly
89a8100e313ffff,89a8100e313ffff,9515286969,9515286969,0.2385,0.999649,elderly
89a8100e313ffff,89a8100e317ffff,9515286969,304465094,17.7514,0.030865,elderly
89a8100e313ffff,89a8100e387ffff,9515286969,8953251344,18.9939,0.006231,elderly
89a8100e313ffff,89a8100e38bffff,9515286969,12505567548,13.0495,0.269548,elderly
89a8100e313ffff,89a8100e38fffff,9515286969,9537001559,14.2153,0.1926,elderly
89a8100e313ffff,89a8100e39bffff,9515286969,1393380693,15.8088,0.104499,elderly
89a8100e317ffff,89a8100e307ffff,304465094,2277870854,19.3933,0.002269,elderly
89a8100e317ffff,89a8100e317ffff,304465094,304465094,0.5233,0.998312,elderly
89a8100e317ffff,89a8100e387ffff,304465094,8953251344,17.085,0.051504,elderly
89a8100e317ffff,89a8100e38fffff,304465094,9537001559,10.098,0.492303,elderly
89a8100e317ffff,89a8100e3abffff,304465094,6697913344,10.0918,0.492792,elderly
89a8100e317ffff,89a8100e3bbffff,304465094,13305140303,8.3241,0.630109,elderly
89a8100e31bffff,89a8100e303ffff,9545366658,1393379394,17.5068,0.037856,elderly
89a8100e31bffff,89a8100e30bffff,9545366658,12492914735,18.5494,0.012923,elderly
89a8100e31bffff,89a8100e30fffff,9545366658,8002779153,18.0164,0.024075,elderly
89a8100e31bffff,89a8100e31bffff,9545366658,9545366658,0.5512,0.998127,elderly
89a8100e31bffff,89a8100e357ffff,9545366658,9509533701,10.3258,0.474425,elderly
89a8100e31bffff,89a8100e3cfffff,9545366658,9509243980,14.1737,0.195182,elderly
89a8100e323ffff,89a8100e323ffff,2277870859,2277870859,4.2026,0.894952,elderly
89a8100e323ffff,89a8100e33bffff,2277870859,40257098,9.3872,0.548052,elderly
89a8100e32bffff,89a8100c593ffff,142777323,304111065,19.1335,0.004625,elderly
89a8100e32bffff,89a8100e30fffff,142777323,8002779153,18.4585,0.014586,elderly
89a8100e32bffff,89a8100e32bffff,142777323,142777323,2.4427,0.963642,elderly
89a8100e32bffff,89a8100e33bffff,142777323,40257098,19.2719,0.003267,elderly
89a8100e32bffff,89a8100e367ffff,142777323,142814786,15.8374,0.103131,elderly
89a8100e32bffff,89a8100e377ffff,142777323,8550924518,19.7743,0.000314,elderly
89a8100e32fffff,89a8100c593ffff,13305140329,304111065,9.2776,0.556616,elderly
89a8100e32fffff,89a8100c597ffff,13305140329,8943051152,12.5363,0.306026,elderly
89a8100e32fffff,89a8100e32fffff,13305140329,13305140329,3.854,0.911139,elderly
89a8100e32fffff,89a8100e367ffff,13305140329,142814786,19.8838,8.3e-05,elderly
89a8100e333ffff,89a8100e333ffff,6359663538,6359663538,3.5167,0.925633,elderly
89a8100e33bffff,89a8100e30fffff,40257098,8002779153,16.3955,0.078027,elderly
89a8100e33bffff,89a8100e323ffff,40257098,2277870859,9.6658,0.526234,elderly
89a8100e33bffff,89a8100e32bffff,40257098,142777323,18.4057,0.015597,elderly
89a8100e33bffff,89a8100e33bffff,40257098,40257098,2.1287,0.972309,elderly
89a8100e33bffff,89a8100e377ffff,40257098,8550924518,17.7113,0.031966,elderly
89a8100e343ffff,89a8100e30bffff,8943486125,12492914735,18.9744,0.006474,elderly
89a8100e343ffff,89a8100e343ffff,8943486125,8943486125,1.3832,0.988245,elderly
89a8100e343ffff,89a8100e347ffff,8943486125,477232281,12.325,0.32143,elderly
89a8100e343ffff,89a8100e34bffff,8943486125,389063239,16.6805,0.066445,elderly
89a8100e343ffff,89a8100e353ffff,8943486125,6945448510,17.0537,0.052598,elderly
89a8100e343ffff,89a8100e357ffff,8943486125,9509533701,16.6931,0.065953,elderly
89a8100e343ffff,89a8100e35bffff,8943486125,9546062800,14.9449,0.149518,elderly
89a8100e343ffff,89a8100e37bffff,8943486125,8943221373,16.1559,0.088418,elderly
89a8100e347ffff,89a8100e30bffff,477232281,12492914735,7.2802,0.707172,elderly
89a8100e347ffff,89a8100e31bffff,477232281,9545366658,16.5925,0.069927,elderly
89a8100e347ffff,89a8100e343ffff,477232281,8943486125,14.1703,0.195396,elderly
89a8100e347ffff,89a8100e347ffff,477232281,477232281,0.6307,0.997548,elderly
89a8100e347ffff,89a8100e353ffff,477232281,6945448510,19.9067,5.4e-05,elderly
89a8100e347ffff,89a8100e357ffff,477232281,9509533701,11.2636,0.401405,elderly
89a8100e347ffff,89a8100e363ffff,477232281,388512103,18.27,0.018348,elderly
89a8100e347ffff,89a8100e36bffff,477232281,389063054,19.8725,0.0001,elderly
89a8100e347ffff,89a8100e373ffff,477232281,387095764,10.0858,0.493261,elderly
89a8100e347ffff,89a8100e377ffff,477232281,8550924518,18.6083,0.011901,elderly
89a8100e347ffff,89a8100e37bffff,477232281,8943221373,10.9047,0.429188,elderly
89a8100e34bffff,89a8100c487ffff,389063239,8943221347,15.2187,0.134512,elderly
89a8100e34bffff,89a8100c497ffff,389063239,9532442497,16.442,0.07608,elderly
89a8100e34bffff,89a8100c4bbffff,389063239,387095725,17.0634,0.052259,elderly
89a8100e34bffff,89a8100e343ffff,389063239,8943486125,12.6373,0.298744,elderly
89a8100e34bffff,89a8100e347ffff,389063239,477232281,18.8422,0.008246,elderly
89a8100e34bffff,89a8100e34bffff,389063239,389063239,0.6523,0.997378,elderly
89a8100e34bffff,89a8100e353ffff,389063239,6945448510,17.7601,0.030631,elderly
89a8100e34bffff,89a8100e357ffff,389063239,9509533701,19.9806,2e-06,elderly
89a8100e34bffff,89a8100e35bffff,389063239,9546062800,8.577,0.610833,elderly
89a8100e34fffff,89a8100c4b3ffff,12334906522,8943221351,13.1336,0.263709,elderly
89a8100e34fffff,89a8100c4b7ffff,12334906522,387095770,19.519,0.001426,elderly
89a8100e34fffff,89a8100c4bbffff,12334906522,387095725,18.3415,0.016872,elderly
89a8100e34fffff,89a8100e34fffff,12334906522,12334906522,2.4172,0.96439,elderly
89a8100e353ffff,89a8100e227ffff,6945448510,8943483316,16.3934,0.078112,elderly
89a8100e353ffff,89a8100e31bffff,6945448510,9545366658,16.0615,0.092673,elderly
89a8100e353ffff,89a8100e343ffff,6945448510,8943486125,19.6189,0.000896,elderly
89a8100e353ffff,89a8100e347ffff,6945448510,477232281,19.4303,0.002,elderly
89a8100e353ffff,89a8100e353ffff,6945448510,6945448510,1.6989,0.982302,elderly
89a8100e353ffff,89a8100e357ffff,6945448510,9509533701,9.4323,0.544531,elderly
89a8100e353ffff,89a8100e35bffff,6945448510,9546062800,13.7433,0.222655,elderly
89a8100e353ffff,89a8100e3cbffff,6945448510,9523090342,15.2903,0.130698,elderly
89a8100e353ffff,89a8100e3cfffff,6945448510,9509243980,10.8533,0.433186,elderly
89a8100e357ffff,89a8100e30bffff,9509533701,12492914735,13.7118,0.224716,elderly
89a8100e357ffff,89a8100e31bffff,9509533701,9545366658,8.0044,0.654181,elderly
89a8100e357ffff,89a8100e347ffff,9509533701,477232281,17.0056,0.054298,elderly
89a8100e357ffff,89a8100e353ffff,9509533701,6945448510,15.1286,0.139375,elderly
89a8100e357ffff,89a8100e357ffff,9509533701,9509533701,0.7601,0.996441,elderly
89a8100e357ffff,89a8100e373ffff,9509533701,387095764,17.9765,0.025045,elderly
89a8100e357ffff,89a8100e3cfffff,9509533701,9509243980,13.6049,0.23176,elderly
89a8100e35bffff,89a8100e227ffff,9546062800,8943483316,13.4075,0.244975,elderly
89a8100e35bffff,89a8100e22fffff,9546062800,9085206286,16.13,0.089574,elderly
89a8100e35bffff,89a8100e343ffff,9546062800,8943486125,15.3465,0.127739,elderly
89a8100e35bffff,89a8100e34bffff,9546062800,389063239,10.8732,0.431637,elderly
89a8100e35bffff,89a8100e353ffff,9546062800,6945448510,12.3888,0.316753,elderly
89a8100e35bffff,89a8100e357ffff,9546062800,9509533701,14.6094,0.168792,elderly
89a8100e35bffff,89a8100e35bffff,9546062800,9546062800,0.222,0.999696,elderly
89a8100e35bffff,89a8100e3cbffff,9546062800,9523090342,18.8599,0.007997,elderly
89a8100e35bffff,89a8100e3cfffff,9546062800,9509243980,18.5682,0.012592,elderly
89a8100e363ffff,89a8100c59bffff,388512103,8954073387,19.5751,0.001113,elderly
89a8100e363ffff,89a8100e32bffff,388512103,142777323,19.8926,7.1e-05,elderly
89a8100e363ffff,89a8100e363ffff,388512103,388512103,1.4843,0.986472,elderly
89a8100e363ffff,89a8100e367ffff,388512103,142814786,11.9223,0.351305,elderly
89a8100e363ffff,89a8100e36bffff,388512103,389063054,12.2967,0.323504,elderly
89a8100e363ffff,89a8100e36fffff,388512103,389063008,12.4563,0.311837,elderly
89a8100e363ffff,89a8100e373ffff,388512103,387095764,14.2686,0.189305,elderly
89a8100e363ffff,89a8100e377ffff,388512103,8550924518,12.4169,0.314708,elderly
89a8100e367ffff,89a8100c593ffff,142814786,304111065,12.0908,0.338721,elderly
89a8100e367ffff,89a8100c59bffff,142814786,8954073387,14.0522,0.2028,elderly
89a8100e367ffff,89a8100e32bffff,142814786,142777323,10.7012,0.445039,elderly
89a8100e367ffff,89a8100e32fffff,142814786,13305140329,17.547,0.036661,elderly
89a8100e367ffff,89a8100e363ffff,142814786,388512103,16.0129,0.094895,elderly
89a8100e367ffff,89a8100e367ffff,142814786,142814786,0.6482,0.997411,elderly
89a8100e367ffff,89a8100e36fffff,142814786,389063008,13.0857,0.267029,elderly
89a8100e367ffff,89a8100e377ffff,142814786,8550924518,17.6799,0.032839,elderly
89a8100e36bffff,89a8100c5d3ffff,389063054,1097971350,19.5842,0.001066,elderly
89a8100e36bffff,89a8100e363ffff,389063054,388512103,6.9982,0.727121,elderly
89a8100e36bffff,89a8100e367ffff,389063054,142814786,17.4363,0.039999,elderly
89a8100e36bffff,89a8100e36bffff,389063054,389063054,0.6697,0.997236,elderly
89a8100e36bffff,89a8100e36fffff,389063054,389063008,17.9702,0.0252,elderly
89a8100e36bffff,89a8100e373ffff,389063054,387095764,18.4762,0.014255,elderly
89a8100e36bffff,89a8100e377ffff,389063054,8550924518,17.9308,0.02618,elderly
89a8100e36bffff,89a8100e37bffff,389063054,8943221373,13.7861,0.219865,elderly
89a8100e36fffff,89a8100c59bffff,389063008,8954073387,17.5164,0.037569,elderly
89a8100e36fffff,89a8100c5d3ffff,389063008,1097971350,11.2482,0.402594,elderly
89a8100e36fffff,89a8100e32bffff,389063008,142777323,17.834,0.028663,elderly
89a8100e36fffff,89a8100e363ffff,389063008,388512103,13.3248,0.250577,elderly
89a8100e36fffff,89a8100e367ffff,389063008,142814786,9.8637,0.510706,elderly
89a8100e36fffff,89a8100e36fffff,389063008,389063008,0.7007,0.996974,elderly
89a8100e36fffff,89a8100e377ffff,389063008,8550924518,14.9918,0.146902,elderly
89a8100e373ffff,89a8100e30bffff,387095764,12492914735,8.8856,0.587076,elderly
89a8100e373ffff,89a8100e30fffff,387095764,8002779153,15.9998,0.0955,elderly
89a8100e373ffff,89a8100e31bffff,387095764,9545366658,18.7074,0.01027,elderly
89a8100e373ffff,89a8100e32bffff,387095764,142777323,19.2281,0.003671,elderly
89a8100e373ffff,89a8100e33bffff,387095764,40257098,18.0312,0.02372,elderly
89a8100e373ffff,89a8100e347ffff,387095764,477232281,11.5945,0.376076,elderly
89a8100e373ffff,89a8100e357ffff,387095764,9509533701,14.2778,0.188744,elderly
89a8100e373ffff,89a8100e363ffff,387095764,388512103,11.495,0.383658,elderly
89a8100e373ffff,89a8100e367ffff,387095764,142814786,16.7531,0.063632,elderly
89a8100e373ffff,89a8100e36fffff,387095764,389063008,17.2871,0.044718,elderly
89a8100e373ffff,89a8100e373ffff,387095764,387095764,1.3777,0.988338,elderly
89a8100e373ffff,89a8100e377ffff,387095764,8550924518,9.9001,0.507845,elderly
89a8100e373ffff,89a8100e37bffff,387095764,8943221373,11.3677,0.393407,elderly
89a8100e377ffff,89a8100e30fffff,8550924518,8002779153,12.9807,0.274357,elderly
89a8100e377ffff,89a8100e32bffff,8550924518,142777323,16.209,0.086064,elderly
89a8100e377ffff,89a8100e33bffff,8550924518,40257098,15.0121,0.145776,elderly
89a8100e377ffff,89a8100e363ffff,8550924518,388512103,18.1527,0.020903,elderly
89a8100e377ffff,89a8100e367ffff,8550924518,142814786,19.2147,0.003799,elderly
89a8100e377ffff,89a8100e36fffff,8550924518,389063008,19.7487,0.00039,elderly
89a8100e377ffff,89a8100e373ffff,8550924518,387095764,16.274,0.08322,elderly
89a8100e377ffff,89a8100e377ffff,8550924518,8550924518,0.6633,0.997288,elderly
89a8100e37bffff,89a8100e30bffff,8943221373,12492914735,15.6131,0.11409,elderly
89a8100e37bffff,89a8100e343ffff,8943221373,8943486125,17.0674,0.052119,elderly
89a8100e37bffff,89a8100e347ffff,8943221373,477232281,9.1507,0.566504,elderly
89a8100e37bffff,89a8100e357ffff,8943221373,9509533701,19.7836,0.000289,elderly
89a8100e37bffff,89a8100e363ffff,8943221373,388512103,16.2893,0.082559,elderly
89a8100e37bffff,89a8100e36bffff,8943221373,389063054,14.0342,0.203937,elderly
89a8100e37bffff,89a8100e373ffff,8943221373,387095764,8.1051,0.646638,elderly
89a8100e37bffff,89a8100e377ffff,8943221373,8550924518,16.6275,0.068532,elderly
89a8100e37bffff,89a8100e37bffff,8943221373,8943221373,0.1272,0.9999,elderly
89a8100e383ffff,89a8100e383ffff,9521965871,9521965871,2.2397,0.969374,elderly
89a8100e383ffff,89a8100e387ffff,9521965871,8953251344,7.6058,0.683642,elderly
89a8100e383ffff,89a8100e38bffff,9521965871,12505567548,14.7407,0.161137,elderly
89a8100e383ffff,89a8100e38fffff,9521965871,9537001559,9.8983,0.50799,elderly
89a8100e383ffff,89a8100e39bffff,9521965871,1393380693,12.0572,0.341226,elderly
89a8100e387ffff,89a8100e383ffff,8953251344,9521965871,10.6509,0.448967,elderly
89a8100e387ffff,89a8100e387ffff,8953251344,8953251344,4.4188,0.884316,elderly
89a8100e387ffff,89a8100e38bffff,8953251344,12505567548,18.2334,0.019128,elderly
89a8100e387ffff,89a8100e38fffff,8953251344,9537001559,8.5079,0.616122,elderly
89a8100e387ffff,89a8100e3bbffff,8953251344,13305140303,19.0065,0.006076,elderly
89a8100e38bffff,89a8100e313ffff,12505567548,9515286969,14.2937,0.187766,elderly
89a8100e38bffff,89a8100e383ffff,12505567548,9521965871,17.2566,0.045711,elderly
89a8100e38bffff,89a8100e387ffff,12505567548,8953251344,17.0846,0.05152,elderly
89a8100e38bffff,89a8100e38bffff,12505567548,12505567548,0.2209,0.999699,elderly
89a8100e38bffff,89a8100e38fffff,12505567548,9537001559,12.306,0.322823,elderly
89a8100e38bffff,89a8100e393ffff,12505567548,1393381000,18.8249,0.008494,elderly
89a8100e38bffff,89a8100e39bffff,12505567548,1393380693,10.7011,0.445047,elderly
89a8100e38bffff,89a8100e3c7ffff,12505567548,9532804243,17.6182,0.034589,elderly
89a8100e38bffff,89a8100e3d7ffff,12505567548,9503196643,18.5791,0.012402,elderly
89a8100e38fffff,89a8100e313ffff,9537001559,9515286969,15.8502,0.10252,elderly
89a8100e38fffff,89a8100e317ffff,9537001559,304465094,13.9266,0.210789,elderly
89a8100e38fffff,89a8100e383ffff,9537001559,9521965871,12.3035,0.323008,elderly
89a8100e38fffff,89a8100e387ffff,9537001559,8953251344,8.5069,0.616196,elderly
89a8100e38fffff,89a8100e38bffff,9537001559,12505567548,13.2203,0.257729,elderly
89a8100e38fffff,89a8100e38fffff,9537001559,9537001559,0.7825,0.996228,elderly
89a8100e38fffff,89a8100e39bffff,9537001559,1393380693,18.6388,0.011387,elderly
89a8100e38fffff,89a8100e3abffff,9537001559,6697913344,18.4067,0.015579,elderly
89a8100e38fffff,89a8100e3bbffff,9537001559,13305140303,11.4835,0.384536,elderly
89a8100e393ffff,89a8100e393ffff,1393381000,1393381000,1.5261,0.985702,elderly
89a8100e393ffff,89a8100e39bffff,1393381000,1393380693,9.132,0.56796,elderly
89a8100e39bffff,89a8100e383ffff,1393380693,9521965871,17.8193,0.029049,elderly
89a8100e39bffff,89a8100e38bffff,1393380693,12505567548,14.1584,0.196134,elderly
89a8100e39bffff,89a8100e393ffff,1393380693,1393381000,9.3439,0.551441,elderly
89a8100e39bffff,89a8100e39bffff,1393380693,1393380693,1.1121,0.992391,elderly
89a8100e3abffff,89a8100e307ffff,6697913344,2277870854,15.4807,0.120785,elderly
89a8100e3abffff,89a8100e317ffff,6697913344,304465094,10.1836,0.485585,elderly
89a8100e3abffff,89a8100e38fffff,6697913344,9537001559,17.5281,0.037221,elderly
89a8100e3abffff,89a8100e3abffff,6697913344,6697913344,3.0277,0.94451,elderly
89a8100e3abffff,89a8100e3bbffff,6697913344,13305140303,12.2503,0.326922,elderly
89a8100e3bbffff,89a8100e317ffff,13305140303,304465094,7.5385,0.688543,elderly
89a8100e3bbffff,89a8100e387ffff,13305140303,8953251344,18.6397,0.011371,elderly
89a8100e3bbffff,89a8100e38fffff,13305140303,9537001559,11.5754,0.377526,elderly
89a8100e3bbffff,89a8100e3abffff,13305140303,6697913344,11.3729,0.393007,elderly
89a8100e3bbffff,89a8100e3bbffff,13305140303,13305140303,4.4497,0.882754,elderly
89a8100e3c3ffff,89a8100e06fffff,9509169514,3416576930,16.7498,0.063762,elderly
89a8100e3c3ffff,89a8100e237ffff,9509169514,9496451280,15.6474,0.112383,elderly
89a8100e3c3ffff,89a8100e31bffff,9509169514,9545366658,17.2655,0.04542,elderly
89a8100e3c3ffff,89a8100e357ffff,9509169514,9509533701,18.5313,0.013248,elderly
89a8100e3c3ffff,89a8100e38bffff,9509169514,12505567548,17.3243,0.043517,elderly
89a8100e3c3ffff,89a8100e3c3ffff,9509169514,9509169514,0.3663,0.999172,elderly
89a8100e3c3ffff,89a8100e3c7ffff,9509169514,9532804243,10.4437,0.465177,elderly
89a8100e3c3ffff,89a8100e3cbffff,9509169514,9523090342,10.5771,0.45474,elderly
89a8100e3c3ffff,89a8100e3cfffff,9509169514,9509243980,8.7594,0.596823,elderly
89a8100e3c3ffff,89a8100e3d3ffff,9509169514,9517170654,16.3313,0.080753,elderly
89a8100e3c3ffff,89a8100e3d7ffff,9509169514,9503196643,8.1606,0.642465,elderly
89a8100e3c3ffff,89a8100e3dbffff,9509169514,9517279686,11.1872,0.407297,elderly
89a8100e3c7ffff,89a8100e06fffff,9532804243,3416576930,18.3158,0.017396,elderly
89a8100e3c7ffff,89a8100e303ffff,9532804243,1393379394,17.5046,0.037923,elderly
89a8100e3c7ffff,89a8100e313ffff,9532804243,9515286969,19.9399,2.2e-05,elderly
89a8100e3c7ffff,89a8100e31bffff,9532804243,9545366658,19.1557,0.004391,elderly
89a8100e3c7ffff,89a8100e38bffff,9532804243,12505567548,13.8669,0.214625,elderly
89a8100e3c7ffff,89a8100e39bffff,9532804243,1393380693,16.5518,0.071569,elderly
89a8100e3c7ffff,89a8100e3c3ffff,9532804243,9509169514,12.8897,0.280754,elderly
89a8100e3c7ffff,89a8100e3c7ffff,9532804243,9532804243,1.2237,0.990791,elderly
89a8100e3c7ffff,89a8100e3cbffff,9532804243,9523090342,16.26,0.083831,elderly
89a8100e3c7ffff,89a8100e3cfffff,9532804243,9509243980,12.3322,0.320897,elderly
89a8100e3c7ffff,89a8100e3d7ffff,9532804243,9503196643,9.707,0.523008,elderly
89a8100e3cbffff,89a8100e227ffff,9523090342,8943483316,13.9949,0.206431,elderly
89a8100e3cbffff,89a8100e237ffff,9523090342,9496451280,13.0671,0.268323,elderly
89a8100e3cbffff,89a8100e31bffff,9523090342,9545366658,19.0475,0.005586,elderly
89a8100e3cbffff,89a8100e353ffff,9523090342,6945448510,17.0851,0.051501,elderly
89a8100e3cbffff,89a8100e3c3ffff,9523090342,9509169514,11.375,0.392843,elderly
89a8100e3cbffff,89a8100e3c7ffff,9523090342,9532804243,14.9386,0.149874,elderly
89a8100e3cbffff,89a8100e3cbffff,9523090342,9523090342,0.6062,0.997735,elderly
89a8100e3cbffff,89a8100e3cfffff,9523090342,9509243980,11.4587,0.386437,elderly
89a8100e3cbffff,89a8100e3d7ffff,9523090342,9503196643,19.1214,0.004754,elderly
89a8100e3cbffff,89a8100e3dbffff,9523090342,9517279686,11.6585,0.371214,elderly
89a8100e3cfffff,89a8100e227ffff,9509243980,8943483316,18.2647,0.01846,elderly
89a8100e3cfffff,89a8100e303ffff,9509243980,1393379394,14.4794,0.176509,elderly
89a8100e3cfffff,89a8100e31bffff,9509243980,9545366658,9.9621,0.502981,elderly
89a8100e3cfffff,89a8100e353ffff,9509243980,6945448510,16.0396,0.093673,elderly
89a8100e3cfffff,89a8100e357ffff,9509243980,9509533701,11.2278,0.404165,elderly
89a8100e3cfffff,89a8100e3c3ffff,9509243980,9509169514,12.2131,0.32966,elderly
89a8100e3cfffff,89a8100e3c7ffff,9509243980,9532804243,12.0556,0.341341,elderly
89a8100e3cfffff,89a8100e3cbffff,9509243980,9523090342,12.9938,0.273439,elderly
89a8100e3cfffff,89a8100e3cfffff,9509243980,9509243980,1.1548,0.991796,elderly
89a8100e3cfffff,89a8100e3d7ffff,9509243980,9503196643,18.6715,0.010847,elderly
89a8100e3d3ffff,89a8100e06fffff,9517170654,3416576930,11.8281,0.35839,elderly
89a8100e3d3ffff,89a8100e3c3ffff,9517170654,9509169514,18.8083,0.008734,elderly
89a8100e3d3ffff,89a8100e3d3ffff,9517170654,9517170654,1.7418,0.981402,elderly
89a8100e3d3ffff,89a8100e3d7ffff,9517170654,9503196643,15.6546,0.112025,elderly
89a8100e3d3ffff,89a8100e3dbffff,9517170654,9517279686,16.3301,0.080805,elderly
89a8100e3d7ffff,89a8100e06fffff,9503196643,3416576930,10.7979,0.437499,elderly
89a8100e3d7ffff,89a8100e38bffff,9503196643,12505567548,17.2199,0.046925,elderly
89a8100e3d7ffff,89a8100e39bffff,9503196643,1393380693,18.5393,0.013104,elderly
89a8100e3d7ffff,89a8100e3c3ffff,9503196643,9509169514,12.7699,0.289254,elderly
89a8100e3d7ffff,89a8100e3c7ffff,9503196643,9532804243,11.7832,0.361774,elderly
89a8100e3d7ffff,89a8100e3cfffff,9503196643,9509243980,19.6872,0.000604,elderly
89a8100e3d7ffff,89a8100e3d3ffff,9503196643,9517170654,13.3017,0.252155,elderly
89a8100e3d7ffff,89a8100e3d7ffff,9503196643,9503196643,1.9361,0.977054,elderly
89a8100e3d7ffff,89a8100e3dbffff,9503196643,9517279686,17.7619,0.030581,elderly
89a8100e3dbffff,89a8100e227ffff,9517279686,8943483316,17.3309,0.043305,elderly
89a8100e3dbffff,89a8100e237ffff,9517279686,9496451280,10.2602,0.479569,elderly
89a8100e3dbffff,89a8100e2a7ffff,9517279686,12831235988,10.1938,0.484782,elderly
89a8100e3dbffff,89a8100e2afffff,9517279686,9465336398,12.4486,0.312392,elderly
89a8100e3dbffff,89a8100e3c3ffff,9517279686,9509169514,9.9074,0.507274,elderly
89a8100e3dbffff,89a8100e3c7ffff,9517279686,9532804243,19.774,0.000315,elderly
89a8100e3dbffff,89a8100e3cbffff,9517279686,9523090342,8.1582,0.642648,elderly
89a8100e3dbffff,89a8100e3cfffff,9517279686,9509243980,17.1816,0.048203,elderly
89a8100e3dbffff,89a8100e3d3ffff,9517279686,9517170654,13.8533,0.215509,elderly
89a8100e3dbffff,89a8100e3d7ffff,9517279686,9503196643,17.1255,0.050109,elderly
89a8100e3dbffff,89a8100e3dbffff,9517279686,9517279686,0.9906,0.993959,elderly
89a8100f127ffff,89a8100c453ffff,413363270,467820559,19.5225,0.001406,elderly
89a8100f127ffff,89a8100c4cbffff,413363270,467842583,12.2603,0.326186,elderly
89a8100f127ffff,89a8100c4dbffff,413363270,6634220130,13.2424,0.256212,elderly
89a8100f127ffff,89a8100f127ffff,413363270,413363270,0.5147,0.998366,elderly
89a8100f127ffff,89a8100f137ffff,413363270,413363599,10.0582,0.495431,elderly
89a8100f137ffff,89a8100c4cbffff,413363599,467842583,18.2786,0.018167,elderly
89a8100f137ffff,89a8100c4dbffff,413363599,6634220130,16.6932,0.06595,elderly
89a8100f137ffff,89a8100f127ffff,413363599,413363270,10.8117,0.436418,elderly
89a8100f137ffff,89a8100f137ffff,413363599,413363599,0.3843,0.999089,elderly
89a8100f1a3ffff,89a8100c4dbffff,7288855586,6634220130,18.1786,0.020326,elderly
89a8100f1a3ffff,89a8100e24fffff,7288855586,467944912,19.7042,0.000539,elderly
89a8100f1a3ffff,89a8100f1a3ffff,7288855586,7288855586,1.0062,0.993768,elderly
89a8100f1a3ffff,89a8100f1a7ffff,7288855586,8941348148,11.7644,0.363194,elderly
89a8100f1a3ffff,89a8100f1afffff,7288855586,413363541,13.6524,0.228618,elderly
89a8100f1a3ffff,89a8100f1b3ffff,7288855586,4619786697,16.49,0.07409,elderly
89a8100f1a3ffff,89a8100f1b7ffff,7288855586,1489531937,8.206,0.639044,elderly
89a8100f1a7ffff,89a8100c4dbffff,8941348148,6634220130,9.8232,0.513887,elderly
89a8100f1a7ffff,89a8100e247ffff,8941348148,9546511598,17.7841,0.029984,elderly
89a8100f1a7ffff,89a8100e26bffff,8941348148,9528567209,12.0034,0.34524,elderly
89a8100f1a7ffff,89a8100e27bffff,8941348148,12911199240,17.2576,0.045678,elderly
89a8100f1a7ffff,89a8100f137ffff,8941348148,413363599,19.5059,0.001505,elderly
89a8100f1a7ffff,89a8100f1a3ffff,8941348148,7288855586,19.8174,0.000206,elderly
89a8100f1a7ffff,89a8100f1a7ffff,8941348148,8941348148,0.8713,0.995325,elderly
89a8100f1a7ffff,89a8100f1afffff,8941348148,413363541,16.4154,0.077188,elderly
89a8100f1a7ffff,89a8100f1b7ffff,8941348148,1489531937,11.9269,0.350965,elderly
89a8100f1afffff,89a8100c4dbffff,413363541,6634220130,18.4478,0.014789,elderly
89a8100f1afffff,89a8100f1a3ffff,413363541,7288855586,18.2607,0.018546,elderly
89a8100f1afffff,89a8100f1a7ffff,413363541,8941348148,12.0336,0.342987,elderly
89a8100f1afffff,89a8100f1afffff,413363541,413363541,1.3379,0.988998,elderly
89a8100f1afffff,89a8100f1b7ffff,413363541,1489531937,17.9451,0.025822,elderly
89a8100f1b3ffff,89a8100e24bffff,4619786697,467944723,17.8609,0.027961,elderly
89a8100f1b3ffff,89a8100e24fffff,4619786697,467944912,13.8141,0.218043,elderly
89a8100f1b3ffff,89a8100f1a7ffff,4619786697,8941348148,18.858,0.008023,elderly
89a8100f1b3ffff,89a8100f1b3ffff,4619786697,4619786697,0.4563,0.998716,elderly
89a8100f1b3ffff,89a8100f1b7ffff,4619786697,1489531937,10.9591,0.424953,elderly
89a8100f1b7ffff,89a8100c4dbffff,1489531937,6634220130,18.481,0.014166,elderly
89a8100f1b7ffff,89a8100e247ffff,1489531937,9546511598,17.1412,0.049571,elderly
89a8100f1b7ffff,89a8100e24fffff,1489531937,467944912,12.141,0.335001,elderly
89a8100f1b7ffff,89a8100e26bffff,1489531937,9528567209,14.6495,0.166439,elderly
89a8100f1b7ffff,89a8100e27bffff,1489531937,12911199240,19.2196,0.003752,elderly
89a8100f1b7ffff,89a8100f1a3ffff,1489531937,7288855586,15.4212,0.123843,elderly
89a8100f1b7ffff,89a8100f1a7ffff,1489531937,8941348148,10.0776,0.493907,elderly
89a8100f1b7ffff,89a8100f1b3ffff,1489531937,4619786697,14.349,0.184385,elderly
89a8100f1b7ffff,89a8100f1b7ffff,1489531937,1489531937,0.6427,0.997454,elderly
