source_h3_id,target_h3_id,source_node_id,target_node_id,time_min,alpha_20,profile_key
89a8100c023ffff,89a8100c023ffff,12802775536,12802775536,4.5373,0.878296,elderly
89a8100c023ffff,89a8100c027ffff,12802775536,395763938,16.9038,0.057979,elderly
89a8100c023ffff,89a8100c037ffff,12802775536,11347748025,16.3982,0.077913,elderly
89a8100c027ffff,89a8100c023ffff,395763938,12802775536,18.6365,0.011424,elderly
89a8100c027ffff,89a8100c027ffff,395763938,395763938,0.8022,0.996036,elderly
89a8100c027ffff,89a8100c037ffff,395763938,11347748025,11.047,0.418135,elderly
89a8100c027ffff,89a8100c143ffff,395763938,617798725,16.2418,0.084622,elderly
89a8100c027ffff,89a8100c153ffff,395763938,455606646,12.6931,0.294734,elderly
89a8100c027ffff,89a8100c15bffff,395763938,8117389765,17.4119,0.040752,elderly
89a8100c02fffff,89a8100c027ffff,12113272478,395763938,17.007,0.054247,elderly
89a8100c02fffff,89a8100c02fffff,12113272478,12113272478,4.3287,0.888802,elderly
89a8100c02fffff,89a8100c037ffff,12113272478,11347748025,18.3908,0.015889,elderly
89a8100c02fffff,89a8100c15bffff,12113272478,8117389765,11.7787,0.362114,elderly
89a8100c033ffff,89a8100c033ffff,13056821783,13056821783,3.5948,0.922382,elderly
89a8100c033ffff,89a8100c0a3ffff,13056821783,10893697428,19.5938,0.001018,elderly
89a8100c033ffff,89a8100c0abffff,13056821783,12532715699,18.9776,0.006434,elderly
89a8100c033ffff,89a8100c0afffff,13056821783,8743696886,14.3179,0.186284,elderly
89a8100c033ffff,89a8100c1dbffff,13056821783,12902675140,19.3938,0.002265,elderly
89a8100c037ffff,89a8100c023ffff,11347748025,12802775536,16.8646,0.059423,elderly
89a8100c037ffff,89a8100c027ffff,11347748025,395763938,9.68,0.525119,elderly
89a8100c037ffff,89a8100c037ffff,11347748025,11347748025,1.7604,0.981006,elderly
89a8100c037ffff,89a8100c0a7ffff,11347748025,13279443676,17.5179,0.037525,elderly
89a8100c037ffff,89a8100c0afffff,11347748025,8743696886,15.7973,0.105052,elderly
89a8100c037ffff,89a8100c1cbffff,11347748025,455607086,12.8254,0.285307,elderly
89a8100c037ffff,89a8100c1dbffff,11347748025,12902675140,10.9774,0.42354,elderly
89a8100c087ffff,89a8100c087ffff,13683468543,13683468543,5.7139,0.811767,elderly
89a8100c087ffff,89a8100c0b3ffff,13683468543,5496814858,16.1096,0.09049,elderly
89a8100c087ffff,89a8100c54bffff,13683468543,8944143746,13.0986,0.26613,elderly
89a8100c087ffff,89a8100c55bffff,13683468543,12697580033,19.2095,0.00385,elderly
89a8100c097ffff,89a8100c087ffff,85723131,13683468543,14.2798,0.188615,elderly
89a8100c097ffff,89a8100c097ffff,85723131,85723131,4.2716,0.891606,elderly
89a8100c097ffff,89a8100c427ffff,85723131,12986505496,14.7481,0.160711,elderly
89a8100c097ffff,89a8100c42fffff,85723131,4293907212,13.945,0.209614,elderly
89a8100c097ffff,89a8100c54bffff,85723131,8944143746,10.8715,0.43177,elderly
89a8100c097ffff,89a8100c55bffff,85723131,12697580033,14.3127,0.186599,elderly
89a8100c0a3ffff,89a8100c033ffff,10893697428,13056821783,17.2795,0.044965,elderly
89a8100c0a3ffff,89a8100c087ffff,10893697428,13683468543,19.4267,0.002026,elderly
89a8100c0a3ffff,89a8100c0a3ffff,10893697428,10893697428,1.0023,0.993816,elderly
89a8100c0a3ffff,89a8100c0a7ffff,10893697428,13279443676,15.4361,0.123076,elderly
89a8100c0a3ffff,89a8100c0abffff,10893697428,12532715699,9.7424,0.520228,elderly
89a8100c0a3ffff,89a8100c0afffff,10893697428,8743696886,15.082,0.14192,elderly
89a8100c0a3ffff,89a8100c0b3ffff,10893697428,5496814858,8.8013,0.593588,elderly
89a8100c0a3ffff,89a8100c0b7ffff,10893697428,11423157638,17.4578,0.039339,elderly
89a8100c0a3ffff,89a8100c0bbffff,10893697428,11423871971,10.0252,0.498025,elderly
89a8100c0a3ffff,89a8100c1dbffff,10893697428,12902675140,17.1059,0.050784,elderly
89a8100c0a7ffff,89a8100c037ffff,13279443676,11347748025,13.684,0.226541,elderly
89a8100c0a7ffff,89a8100c0a3ffff,13279443676,10893697428,16.8483,0.06003,elderly
89a8100c0a7ffff,89a8100c0a7ffff,13279443676,13279443676,0.6649,0.997275,elderly
89a8100c0a7ffff,89a8100c0abffff,13279443676,12532715699,16.9651,0.055749,elderly
89a8100c0a7ffff,89a8100c0afffff,13279443676,8743696886,12.97,0.275107,elderly
89a8100c0a7ffff,89a8100c0b7ffff,13279443676,11423157638,12.2521,0.326788,elderly
89a8100c0a7ffff,89a8100c1c3ffff,13279443676,13452578280,15.8974,0.100278,elderly
89a8100c0a7ffff,89a8100c1cbffff,13279443676,455607086,15.853,0.102385,elderly
89a8100c0a7ffff,89a8100c1d3ffff,13279443676,457593231,11.3235,0.396803,elderly
89a8100c0a7ffff,89a8100c1dbffff,13279443676,12902675140,9.5612,0.534434,elderly
89a8100c0a7ffff,89a8100c56bffff,13279443676,11339389942,11.6106,0.37485,elderly
89a8100c0abffff,89a8100c0a3ffff,12532715699,10893697428,13.4166,0.244361,elderly
89a8100c0abffff,89a8100c0a7ffff,12532715699,13279443676,19.3287,0.002777,elderly
89a8100c0abffff,89a8100c0abffff,12532715699,12532715699,3.3799,0.931174,elderly
89a8100c0abffff,89a8100c0afffff,12532715699,8743696886,19.195,0.003992,elderly
89a8100c0abffff,89a8100c0bbffff,12532715699,11423871971,11.3338,0.396012,elderly
89a8100c0afffff,89a8100c027ffff,8743696886,395763938,19.8216,0.000196,elderly
89a8100c0afffff,89a8100c033ffff,8743696886,13056821783,16.2109,0.085977,elderly
89a8100c0afffff,89a8100c037ffff,8743696886,11347748025,14.209,0.192986,elderly
89a8100c0afffff,89a8100c0a3ffff,8743696886,10893697428,16.2548,0.084054,elderly
89a8100c0afffff,89a8100c0a7ffff,8743696886,13279443676,13.6394,0.229477,elderly
89a8100c0afffff,89a8100c0abffff,8743696886,12532715699,16.6168,0.068959,elderly
89a8100c0afffff,89a8100c0afffff,8743696886,8743696886,0.8684,0.995356,elderly
89a8100c0afffff,89a8100c1dbffff,8743696886,12902675140,12.943,0.277005,elderly
89a8100c0b3ffff,89a8100c087ffff,5496814858,13683468543,12.2579,0.326359,elderly
89a8100c0b3ffff,89a8100c0a3ffff,5496814858,10893697428,7.9957,0.65483,elderly
89a8100c0b3ffff,89a8100c0a7ffff,5496814858,13279443676,19.2596,0.003378,elderly
89a8100c0b3ffff,89a8100c0abffff,5496814858,12532715699,16.0394,0.093681,elderly
89a8100c0b3ffff,89a8100c0b3ffff,5496814858,5496814858,1.6325,0.98365,elderly
89a8100c0b3ffff,89a8100c0b7ffff,5496814858,11423157638,10.289,0.47731,elderly
89a8100c0b3ffff,89a8100c0bbffff,5496814858,11423871971,10.0364,0.497138,elderly
89a8100c0b3ffff,89a8100c54bffff,5496814858,8944143746,14.8652,0.154012,elderly
89a8100c0b3ffff,89a8100c54fffff,5496814858,11423253323,17.191,0.047887,elderly
89a8100c0b7ffff,89a8100c0a3ffff,11423157638,10893697428,16.3716,0.079037,elderly
89a8100c0b7ffff,89a8100c0a7ffff,11423157638,13279443676,12.1898,0.331382,elderly
89a8100c0b7ffff,89a8100c0afffff,11423157638,8743696886,17.1738,0.048467,elderly
89a8100c0b7ffff,89a8100c0b3ffff,11423157638,5496814858,10.0084,0.499342,elderly
89a8100c0b7ffff,89a8100c0b7ffff,11423157638,11423157638,1.6928,0.982428,elderly
89a8100c0b7ffff,89a8100c0bbffff,11423157638,11423871971,18.4123,0.015469,elderly
89a8100c0b7ffff,89a8100c1d3ffff,11423157638,457593231,19.4981,0.001553,elderly
89a8100c0b7ffff,89a8100c54fffff,11423157638,11423253323,15.0163,0.145545,elderly
89a8100c0b7ffff,89a8100c56bffff,11423157638,11339389942,13.5518,0.235293,elderly
89a8100c0b7ffff,89a8100c57bffff,11423157638,11350198893,14.1029,0.199606,elderly
89a8100c0bbffff,89a8100c0a3ffff,11423871971,10893697428,12.9667,0.275336,elderly
89a8100c0bbffff,89a8100c0abffff,11423871971,12532715699,10.1079,0.491522,elderly
89a8100c0bbffff,89a8100c0b3ffff,11423871971,5496814858,14.2681,0.18934,elderly
89a8100c0bbffff,89a8100c0bbffff,11423871971,11423871971,3.8857,0.909718,elderly
89a8100c103ffff,89a8100c103ffff,11279786965,11279786965,1.6795,0.982701,elderly
89a8100c103ffff,89a8100c113ffff,11279786965,11418168143,16.2945,0.082333,elderly
89a8100c103ffff,89a8100c117ffff,11279786965,12572923907,12.3864,0.316934,elderly
89a8100c103ffff,89a8100c18fffff,11279786965,11298619952,18.3,0.017721,elderly
89a8100c113ffff,89a8100c113ffff,11418168143,11418168143,1.5303,0.985623,elderly
89a8100c113ffff,89a8100c1c7ffff,11418168143,7292638283,15.4478,0.122471,elderly
89a8100c113ffff,89a8100c1cfffff,11418168143,13452406589,19.413,0.002124,elderly
89a8100c117ffff,89a8100c103ffff,12572923907,11279786965,11.4348,0.388265,elderly
89a8100c117ffff,89a8100c117ffff,12572923907,12572923907,0.508,0.998409,elderly
89a8100c117ffff,89a8100c18fffff,12572923907,11298619952,12.8412,0.284188,elderly
89a8100c117ffff,89a8100c1bbffff,12572923907,11200433380,18.8848,0.007652,elderly
89a8100c11bffff,89a8100c11bffff,132331977,132331977,1.323,0.989241,elderly
89a8100c11bffff,89a8100c1c3ffff,132331977,13452578280,15.2185,0.134522,elderly
89a8100c143ffff,89a8100c027ffff,617798725,395763938,16.8745,0.059058,elderly
89a8100c143ffff,89a8100c143ffff,617798725,617798725,6.424,0.76632,elderly
89a8100c143ffff,89a8100c153ffff,617798725,455606646,14.5121,0.174552,elderly
89a8100c153ffff,89a8100c027ffff,455606646,395763938,10.5568,0.456321,elderly
89a8100c153ffff,89a8100c143ffff,455606646,617798725,13.1736,0.260945,elderly
89a8100c153ffff,89a8100c153ffff,455606646,455606646,1.273,0.990037,elderly
89a8100c153ffff,89a8100c15bffff,455606646,8117389765,18.1412,0.021162,elderly
89a8100c153ffff,89a8100c1cbffff,455606646,455607086,13.7814,0.220171,elderly
89a8100c153ffff,89a8100c1cfffff,455606646,13452406589,19.2209,0.00374,elderly
89a8100c157ffff,89a8100c157ffff,13707007279,13707007279,1.5605,0.985054,elderly
89a8100c15bffff,89a8100c027ffff,8117389765,395763938,16.3472,0.080073,elderly
89a8100c15bffff,89a8100c02fffff,8117389765,12113272478,12.6901,0.294949,elderly
89a8100c15bffff,89a8100c153ffff,8117389765,455606646,17.5165,0.037566,elderly
89a8100c15bffff,89a8100c15bffff,8117389765,8117389765,0.4759,0.998604,elderly
89a8100c183ffff,89a8100c183ffff,11386299646,11386299646,1.9983,0.975569,elderly
89a8100c183ffff,89a8100c18bffff,11386299646,11399274873,17.9709,0.025182,elderly
89a8100c183ffff,89a8100c18fffff,11386299646,11298619952,15.4692,0.121372,elderly
89a8100c183ffff,89a8100c197ffff,11386299646,11298557475,18.2002,0.01985,elderly
89a8100c183ffff,89a8100c19bffff,11386299646,2360366546,9.2508,0.558707,elderly
89a8100c183ffff,89a8100c1d7ffff,11386299646,457566696,16.6086,0.069285,elderly
89a8100c187ffff,89a8100c117ffff,13444985140,12572923907,19.385,0.002331,elderly
89a8100c187ffff,89a8100c187ffff,13444985140,13444985140,1.7017,0.982243,elderly
89a8100c187ffff,89a8100c18fffff,13444985140,11298619952,13.4443,0.242489,elderly
89a8100c187ffff,89a8100c197ffff,13444985140,11298557475,16.9202,0.057377,elderly
89a8100c187ffff,89a8100c1b3ffff,13444985140,4947783360,12.9696,0.275136,elderly
89a8100c187ffff,89a8100c1bbffff,13444985140,11200433380,14.5881,0.170045,elderly
89a8100c187ffff,89a8100ea4bffff,13444985140,11298600034,13.3796,0.246858,elderly
89a8100c187ffff,89a8100ea4fffff,13444985140,13446021938,19.1293,0.004669,elderly
89a8100c18bffff,89a8100c183ffff,11399274873,11386299646,19.4396,0.001936,elderly
89a8100c18bffff,89a8100c18bffff,11399274873,11399274873,1.6875,0.982537,elderly
89a8100c18bffff,89a8100c18fffff,11399274873,11298619952,14.4934,0.175668,elderly
89a8100c18bffff,89a8100c19bffff,11399274873,2360366546,9.1775,0.564416,elderly
89a8100c18bffff,89a8100c1c7ffff,11399274873,7292638283,13.0066,0.272541,elderly
89a8100c18bffff,89a8100c1d7ffff,11399274873,457566696,11.7623,0.36335,elderly
89a8100c18fffff,89a8100c103ffff,11298619952,11279786965,18.0625,0.022978,elderly
89a8100c18fffff,89a8100c117ffff,11298619952,12572923907,14.6446,0.166726,elderly
89a8100c18fffff,89a8100c183ffff,11298619952,11386299646,16.5464,0.071787,elderly
89a8100c18fffff,89a8100c18bffff,11298619952,11399274873,13.0229,0.271403,elderly
89a8100c18fffff,89a8100c18fffff,11298619952,11298619952,1.9741,0.976154,elderly
89a8100c18fffff,89a8100c19bffff,11298619952,2360366546,17.209,0.047286,elderly
89a8100c193ffff,89a8100c193ffff,8652181848,8652181848,2.5474,0.960502,elderly
89a8100c197ffff,89a8100c183ffff,11298557475,11386299646,10.3121,0.475501,elderly
89a8100c197ffff,89a8100c187ffff,11298557475,13444985140,16.7108,0.065266,elderly
89a8100c197ffff,89a8100c18fffff,11298557475,11298619952,15.1332,0.139126,elderly
89a8100c197ffff,89a8100c193ffff,11298557475,8652181848,13.6457,0.229062,elderly
89a8100c197ffff,89a8100c197ffff,11298557475,11298557475,1.1275,0.992179,elderly
89a8100c197ffff,89a8100c19bffff,11298557475,2360366546,17.3045,0.044152,elderly
89a8100c197ffff,89a8100c52fffff,11298557475,11292167922,15.4046,0.124707,elderly
89a8100c197ffff,89a8100ea4bffff,11298557475,11298600034,14.6328,0.167415,elderly
89a8100c197ffff,89a8100ea5bffff,11298557475,11289900012,17.1343,0.049808,elderly
89a8100c19bffff,89a8100c183ffff,2360366546,11386299646,14.6466,0.166608,elderly
89a8100c19bffff,89a8100c18bffff,2360366546,11399274873,13.62,0.230764,elderly
89a8100c19bffff,89a8100c19bffff,2360366546,2360366546,1.9027,0.977835,elderly
89a8100c19bffff,89a8100c1c7ffff,2360366546,7292638283,16.4784,0.074568,elderly
89a8100c19bffff,89a8100c1d7ffff,2360366546,457566696,10.3811,0.470088,elderly
89a8100c1a3ffff,89a8100c1a3ffff,12108257609,12108257609,0.2512,0.999611,elderly
89a8100c1a3ffff,89a8100c1a7ffff,12108257609,4231980476,11.1371,0.411168,elderly
89a8100c1a3ffff,89a8100c1abffff,12108257609,4215666672,10.6846,0.446338,elderly
89a8100c1a3ffff,89a8100c1b3ffff,12108257609,4947783360,12.2401,0.327668,elderly
89a8100c1a3ffff,89a8100c1b7ffff,12108257609,444959947,10.4257,0.466594,elderly
89a8100c1a3ffff,89a8100ea4fffff,12108257609,13446021938,18.7935,0.008953,elderly
89a8100c1a7ffff,89a8100c1a3ffff,4231980476,12108257609,11.9204,0.351453,elderly
89a8100c1a7ffff,89a8100c1a7ffff,4231980476,4231980476,3.8857,0.909721,elderly
89a8100c1a7ffff,89a8100c1b7ffff,4231980476,444959947,12.7147,0.293193,elderly
89a8100c1a7ffff,89a8100ea7bffff,4231980476,466174576,18.3053,0.017612,elderly
89a8100c1abffff,89a8100c117ffff,4215666672,12572923907,19.5494,0.001252,elderly
89a8100c1abffff,89a8100c1a3ffff,4215666672,12108257609,9.2159,0.561424,elderly
89a8100c1abffff,89a8100c1a7ffff,4215666672,4231980476,19.859,0.000123,elderly
89a8100c1abffff,89a8100c1abffff,4215666672,4215666672,3.6262,0.921057,elderly
89a8100c1abffff,89a8100c1b3ffff,4215666672,4947783360,17.6533,0.033586,elderly
89a8100c1abffff,89a8100c1b7ffff,4215666672,444959947,18.0009,0.02445,elderly
89a8100c1b3ffff,89a8100c187ffff,4947783360,13444985140,16.2539,0.084095,elderly
89a8100c1b3ffff,89a8100c1a3ffff,4947783360,12108257609,12.426,0.314043,elderly
89a8100c1b3ffff,89a8100c1abffff,4947783360,4215666672,17.4075,0.040888,elderly
89a8100c1b3ffff,89a8100c1b3ffff,4947783360,4947783360,0.788,0.996174,elderly
89a8100c1b3ffff,89a8100c1b7ffff,4947783360,444959947,15.664,0.11156,elderly
89a8100c1b3ffff,89a8100c1bbffff,4947783360,11200433380,12.635,0.29891,elderly
89a8100c1b3ffff,89a8100ea4bffff,4947783360,11298600034,17.939,0.025974,elderly
89a8100c1b3ffff,89a8100ea4fffff,4947783360,13446021938,18.5767,0.012444,elderly
89a8100c1b7ffff,89a8100c1a3ffff,444959947,12108257609,15.646,0.112453,elderly
89a8100c1b7ffff,89a8100c1a7ffff,444959947,4231980476,16.2351,0.084916,elderly
89a8100c1b7ffff,89a8100c1b7ffff,444959947,444959947,0.2728,0.999541,elderly
89a8100c1b7ffff,89a8100ea6bffff,444959947,11237359275,19.4563,0.001823,elderly
89a8100c1b7ffff,89a8100ea7bffff,444959947,466174576,10.5052,0.460365,elderly
89a8100c1bbffff,89a8100c117ffff,11200433380,12572923907,16.1087,0.090532,elderly
89a8100c1bbffff,89a8100c187ffff,11200433380,13444985140,18.516,0.013522,elderly
89a8100c1bbffff,89a8100c18fffff,11200433380,11298619952,17.2959,0.04443,elderly
89a8100c1bbffff,89a8100c1b3ffff,11200433380,4947783360,15.1946,0.135805,elderly
89a8100c1bbffff,89a8100c1bbffff,11200433380,11200433380,0.3471,0.999257,elderly
89a8100c1c3ffff,89a8100c037ffff,13452578280,11347748025,18.892,0.007554,elderly
89a8100c1c3ffff,89a8100c0a7ffff,13452578280,13279443676,17.7607,0.030613,elderly
89a8100c1c3ffff,89a8100c1c3ffff,13452578280,13452578280,0.2005,0.999752,elderly
89a8100c1c3ffff,89a8100c1c7ffff,13452578280,7292638283,18.3134,0.017444,elderly
89a8100c1c3ffff,89a8100c1cbffff,13452578280,455607086,10.7525,0.44104,elderly
89a8100c1c3ffff,89a8100c1cfffff,13452578280,13452406589,18.7002,0.010385,elderly
89a8100c1c3ffff,89a8100c1d3ffff,13452578280,457593231,15.745,0.107586,elderly
89a8100c1c3ffff,89a8100c1d7ffff,13452578280,457566696,17.4568,0.039371,elderly
89a8100c1c3ffff,89a8100c1dbffff,13452578280,12902675140,11.1386,0.411047,elderly
89a8100c1c7ffff,89a8100c113ffff,7292638283,11418168143,18.3453,0.016794,elderly
89a8100c1c7ffff,89a8100c18bffff,7292638283,11399274873,17.2052,0.047413,elderly
89a8100c1c7ffff,89a8100c19bffff,7292638283,2360366546,13.9978,0.206247,elderly
89a8100c1c7ffff,89a8100c1c7ffff,7292638283,7292638283,0.3979,0.999024,elderly
89a8100c1c7ffff,89a8100c1cfffff,7292638283,13452406589,11.7725,0.36258,elderly
89a8100c1c7ffff,89a8100c1d7ffff,7292638283,457566696,14.0703,0.201661,elderly
89a8100c1cbffff,89a8100c037ffff,455607086,11347748025,12.5291,0.306552,elderly
89a8100c1cbffff,89a8100c153ffff,455607086,455606646,16.7995,0.061864,elderly
89a8100c1cbffff,89a8100c1c3ffff,455607086,13452578280,15.0849,0.141764,elderly
89a8100c1cbffff,89a8100c1cbffff,455607086,455607086,2.8377,0.951146,elderly
89a8100c1cbffff,89a8100c1dbffff,455607086,12902675140,13.3013,0.252185,elderly
89a8100c1cfffff,89a8100c143ffff,13452406589,617798725,18.0854,0.022442,elderly
89a8100c1cfffff,89a8100c153ffff,13452406589,455606646,17.634,0.034135,elderly
89a8100c1cfffff,89a8100c1c7ffff,13452406589,7292638283,10.3395,0.473349,elderly
89a8100c1cfffff,89a8100c1cfffff,13452406589,13452406589,1.5565,0.98513,elderly
89a8100c1d3ffff,89a8100c0a7ffff,457593231,13279443676,12.1197,0.336582,elderly
89a8100c1d3ffff,89a8100c19bffff,457593231,2360366546,18.8102,0.008707,elderly
89a8100c1d3ffff,89a8100c1c3ffff,457593231,13452578280,14.6779,0.164782,elderly
89a8100c1d3ffff,89a8100c1c7ffff,457593231,7292638283,19.76,0.000355,elderly
89a8100c1d3ffff,89a8100c1cbffff,457593231,455607086,17.5422,0.036801,elderly
89a8100c1d3ffff,89a8100c1d3ffff,457593231,457593231,1.6947,0.982388,elderly
89a8100c1d3ffff,89a8100c1d7ffff,457593231,457566696,13.0605,0.268778,elderly
89a8100c1d3ffff,89a8100c1dbffff,457593231,12902675140,12.8698,0.282163,elderly
89a8100c1d3ffff,89a8100c56bffff,457593231,11339389942,6.5206,0.759868,elderly
89a8100c1d3ffff,89a8100c56fffff,457593231,11339389872,11.4765,0.385074,elderly
89a8100c1d7ffff,89a8100c183ffff,457566696,11386299646,18.3958,0.01579,elderly
89a8100c1d7ffff,89a8100c18bffff,457566696,11399274873,11.8559,0.356293,elderly
89a8100c1d7ffff,89a8100c19bffff,457566696,2360366546,6.5386,0.758661,elderly
89a8100c1d7ffff,89a8100c1c3ffff,457566696,13452578280,18.4509,0.01473,elderly
89a8100c1d7ffff,89a8100c1c7ffff,457566696,7292638283,11.6069,0.375127,elderly
89a8100c1d7ffff,89a8100c1d3ffff,457566696,457593231,14.0943,0.200147,elderly
89a8100c1d7ffff,89a8100c1d7ffff,457566696,457566696,0.789,0.996165,elderly
89a8100c1d7ffff,89a8100c1dbffff,457566696,12902675140,18.703,0.010341,elderly
89a8100c1d7ffff,89a8100c56bffff,457566696,11339389942,18.9202,0.007175,elderly
89a8100c1d7ffff,89a8100c56fffff,457566696,11339389872,11.5106,0.382467,elderly
89a8100c1dbffff,89a8100c027ffff,12902675140,395763938,18.9911,0.006266,elderly
89a8100c1dbffff,89a8100c037ffff,12902675140,11347748025,11.1964,0.406588,elderly
89a8100c1dbffff,89a8100c0a7ffff,12902675140,13279443676,13.9885,0.20684,elderly
89a8100c1dbffff,89a8100c0afffff,12902675140,8743696886,15.0774,0.142172,elderly
89a8100c1dbffff,89a8100c1c3ffff,12902675140,13452578280,15.0629,0.142968,elderly
89a8100c1dbffff,89a8100c1cbffff,12902675140,455607086,13.1976,0.259292,elderly
89a8100c1dbffff,89a8100c1d3ffff,12902675140,457593231,17.9848,0.024841,elderly
89a8100c1dbffff,89a8100c1dbffff,12902675140,12902675140,0.1533,0.999855,elderly
89a8100c423ffff,89a8100c423ffff,4293874117,4293874117,2.7336,0.954609,elderly
89a8100c423ffff,89a8100c437ffff,4293874117,12941702505,16.8273,0.060817,elderly
89a8100c427ffff,89a8100c097ffff,12986505496,85723131,16.0796,0.09185,elderly
89a8100c427ffff,89a8100c427ffff,12986505496,12986505496,0.623,0.997608,elderly
89a8100c427ffff,89a8100c42fffff,12986505496,4293907212,17.2121,0.047184,elderly
89a8100c427ffff,89a8100c437ffff,12986505496,12941702505,17.6825,0.032765,elderly
89a8100c42fffff,89a8100c097ffff,4293907212,85723131,12.1952,0.330983,elderly
89a8100c42fffff,89a8100c427ffff,4293907212,12986505496,14.1308,0.197858,elderly
89a8100c42fffff,89a8100c42fffff,4293907212,4293907212,3.9918,0.904886,elderly
89a8100c42fffff,89a8100c54bffff,4293907212,8944143746,16.74,0.064138,elderly
89a8100c42fffff,89a8100c55bffff,4293907212,12697580033,18.1026,0.022044,elderly
89a8100c433ffff,89a8100c433ffff,12915349506,12915349506,2.8824,0.949619,elderly
89a8100c433ffff,89a8100c4abffff,12915349506,12882458116,19.3813,0.002359,elderly
89a8100c433ffff,89a8100c4afffff,12915349506,12996381317,14.7094,0.162946,elderly
89a8100c437ffff,89a8100c423ffff,12941702505,4293874117,9.6189,0.529912,elderly
89a8100c437ffff,89a8100c427ffff,12941702505,12986505496,14.4282,0.179583,elderly
89a8100c437ffff,89a8100c433ffff,12941702505,12915349506,18.719,0.010088,elderly
89a8100c437ffff,89a8100c437ffff,12941702505,12941702505,1.9769,0.976085,elderly
89a8100c437ffff,89a8100c4afffff,12941702505,12996381317,15.852,0.102431,elderly
89a8100c437ffff,89a8100c5dbffff,12941702505,12535296158,19.7739,0.000315,elderly
89a8100c4a3ffff,89a8100c433ffff,12904007453,12915349506,19.3617,0.002511,elderly
89a8100c4a3ffff,89a8100c4a3ffff,12904007453,12904007453,0.8554,0.995494,elderly
89a8100c4a3ffff,89a8100c4a7ffff,12904007453,12889670101,10.4762,0.462634,elderly
89a8100c4a3ffff,89a8100c4abffff,12904007453,12882458116,8.3798,0.625882,elderly
89a8100c4a3ffff,89a8100c4afffff,12904007453,12996381317,13.4141,0.244523,elderly
89a8100c4a3ffff,89a8100c4b3ffff,12904007453,12903985491,8.7115,0.600505,elderly
89a8100c4a3ffff,89a8100c4b7ffff,12904007453,387095770,7.4514,0.694861,elderly
89a8100c4a3ffff,89a8100c4bbffff,12904007453,12338340955,9.3762,0.548914,elderly
89a8100c4a7ffff,89a8100c4a3ffff,12889670101,12904007453,12.4431,0.312793,elderly
89a8100c4a7ffff,89a8100c4a7ffff,12889670101,12889670101,1.0222,0.993568,elderly
89a8100c4a7ffff,89a8100c4abffff,12889670101,12882458116,19.5738,0.00112,elderly
89a8100c4a7ffff,89a8100c4afffff,12889670101,12996381317,14.713,0.162739,elderly
89a8100c4a7ffff,89a8100c4b3ffff,12889670101,12903985491,15.9049,0.099929,elderly
89a8100c4a7ffff,89a8100c4b7ffff,12889670101,387095770,10.9788,0.423427,elderly
89a8100c4abffff,89a8100c433ffff,12882458116,12915349506,18.4732,0.014311,elderly
89a8100c4abffff,89a8100c4a3ffff,12882458116,12904007453,10.8285,0.43511,elderly
89a8100c4abffff,89a8100c4a7ffff,12882458116,12889670101,19.8647,0.000113,elderly
89a8100c4abffff,89a8100c4abffff,12882458116,12882458116,2.0034,0.975447,elderly
89a8100c4abffff,89a8100c4afffff,12882458116,12996381317,14.9917,0.146906,elderly
89a8100c4abffff,89a8100c4b3ffff,12882458116,12903985491,18.6847,0.010633,elderly
89a8100c4abffff,89a8100c4b7ffff,12882458116,387095770,17.2453,0.046082,elderly
89a8100c4abffff,89a8100c4bbffff,12882458116,12338340955,17.1671,0.048691,elderly
89a8100c4afffff,89a8100c433ffff,12996381317,12915349506,15.3016,0.130102,elderly
89a8100c4afffff,89a8100c437ffff,12996381317,12941702505,15.8436,0.102834,elderly
89a8100c4afffff,89a8100c4a3ffff,12996381317,12904007453,14.3739,0.182869,elderly
89a8100c4afffff,89a8100c4a7ffff,12996381317,12889670101,14.3108,0.186715,elderly
89a8100c4afffff,89a8100c4abffff,12996381317,12882458116,16.0745,0.092081,elderly
89a8100c4afffff,89a8100c4afffff,12996381317,12996381317,0.757,0.99647,elderly
89a8100c4afffff,89a8100c5dbffff,12996381317,12535296158,15.8005,0.104896,elderly
89a8100c4b3ffff,89a8100c4a3ffff,12903985491,12904007453,11.6862,0.369109,elderly
89a8100c4b3ffff,89a8100c4a7ffff,12903985491,12889670101,15.6976,0.109904,elderly
89a8100c4b3ffff,89a8100c4abffff,12903985491,12882458116,19.2106,0.003839,elderly
89a8100c4b3ffff,89a8100c4b3ffff,12903985491,12903985491,3.8222,0.912558,elderly
89a8100c4b3ffff,89a8100c4b7ffff,12903985491,387095770,11.8334,0.357987,elderly
89a8100c4b7ffff,89a8100c4a3ffff,387095770,12904007453,9.7101,0.52276,elderly
89a8100c4b7ffff,89a8100c4a7ffff,387095770,12889670101,10.6999,0.445137,elderly
89a8100c4b7ffff,89a8100c4abffff,387095770,12882458116,17.1782,0.048316,elderly
89a8100c4b7ffff,89a8100c4b3ffff,387095770,12903985491,11.7618,0.363385,elderly
89a8100c4b7ffff,89a8100c4b7ffff,387095770,387095770,1.6653,0.98299,elderly
89a8100c4b7ffff,89a8100c4bbffff,387095770,12338340955,18.231,0.019181,elderly
89a8100c4bbffff,89a8100c4a3ffff,12338340955,12904007453,10.9357,0.426773,elderly
89a8100c4bbffff,89a8100c4abffff,12338340955,12882458116,16.491,0.074051,elderly
89a8100c4bbffff,89a8100c4b3ffff,12338340955,12903985491,18.7919,0.008976,elderly
89a8100c4bbffff,89a8100c4b7ffff,12338340955,387095770,17.5318,0.03711,elderly
89a8100c4bbffff,89a8100c4bbffff,12338340955,12338340955,2.442,0.963664,elderly
89a8100c503ffff,89a8100c503ffff,11341903975,11341903975,0.9279,0.994699,elderly
89a8100c503ffff,89a8100c507ffff,11341903975,11401601119,11.8055,0.360088,elderly
89a8100c503ffff,89a8100c50bffff,11341903975,13452873729,19.5687,0.001147,elderly
89a8100c503ffff,89a8100c50fffff,11341903975,11279900601,13.5496,0.23544,elderly
89a8100c503ffff,89a8100c513ffff,11341903975,303862596,13.1928,0.259617,elderly
89a8100c503ffff,89a8100c517ffff,11341903975,11409667724,17.7885,0.029866,elderly
89a8100c503ffff,89a8100c51bffff,11341903975,12586078227,15.8568,0.102204,elderly
89a8100c503ffff,89a8100c58fffff,11341903975,4252790480,19.135,0.004608,elderly
89a8100c503ffff,89a8100c5abffff,11341903975,11394279072,18.0859,0.02243,elderly
89a8100c503ffff,89a8100c5c7ffff,11341903975,2816708327,19.4891,0.001609,elderly
89a8100c507ffff,89a8100c503ffff,11401601119,11341903975,14.2041,0.19329,elderly
89a8100c507ffff,89a8100c507ffff,11401601119,11401601119,2.0514,0.974265,elderly
89a8100c507ffff,89a8100c50fffff,11401601119,11279900601,15.2455,0.133081,elderly
89a8100c507ffff,89a8100c517ffff,11401601119,11409667724,17.6123,0.034756,elderly
89a8100c507ffff,89a8100c533ffff,11401601119,11384427627,12.5166,0.307454,elderly
89a8100c507ffff,89a8100c53bffff,11401601119,11293370032,16.1203,0.090012,elderly
89a8100c507ffff,89a8100c5a3ffff,11401601119,13450161955,17.8401,0.028501,elderly
89a8100c507ffff,89a8100c5abffff,11401601119,11394279072,11.1187,0.412587,elderly
89a8100c507ffff,89a8100c5afffff,11401601119,11380109175,17.701,0.032252,elderly
89a8100c50bffff,89a8100c503ffff,13452873729,11341903975,19.5874,0.00105,elderly
89a8100c50bffff,89a8100c50bffff,13452873729,13452873729,1.8283,0.979521,elderly
89a8100c50bffff,89a8100c50fffff,13452873729,11279900601,12.6348,0.298921,elderly
89a8100c50bffff,89a8100c51bffff,13452873729,12586078227,18.0381,0.023555,elderly
89a8100c50bffff,89a8100c547ffff,13452873729,12703971545,11.5997,0.375674,elderly
89a8100c50bffff,89a8100c557ffff,13452873729,12697580224,9.0407,0.575062,elderly
89a8100c50bffff,89a8100c573ffff,13452873729,457593059,9.874,0.509898,elderly
89a8100c50bffff,89a8100c577ffff,13452873729,11386203919,15.8548,0.102301,elderly
89a8100c50bffff,89a8100c57bffff,13452873729,11350198893,19.3005,0.003016,elderly
89a8100c50fffff,89a8100c503ffff,11279900601,11341903975,14.7107,0.162875,elderly
89a8100c50fffff,89a8100c507ffff,11279900601,11401601119,13.8779,0.213922,elderly
89a8100c50fffff,89a8100c50bffff,11279900601,13452873729,15.7442,0.107622,elderly
89a8100c50fffff,89a8100c50fffff,11279900601,11279900601,0.3046,0.999428,elderly
89a8100c50fffff,89a8100c53bffff,11279900601,11293370032,13.7837,0.220018,elderly
89a8100c50fffff,89a8100c573ffff,11279900601,457593059,12.9263,0.278176,elderly
89a8100c50fffff,89a8100c577ffff,11279900601,11386203919,10.6222,0.451208,elderly
89a8100c513ffff,89a8100c503ffff,303862596,11341903975,18.8114,0.008689,elderly
89a8100c513ffff,89a8100c513ffff,303862596,303862596,1.9338,0.97711,elderly
89a8100c513ffff,89a8100c517ffff,303862596,11409667724,15.3456,0.127784,elderly
89a8100c513ffff,89a8100c51bffff,303862596,12586078227,17.8642,0.027876,elderly
89a8100c513ffff,89a8100c583ffff,303862596,12265197248,18.6152,0.011783,elderly
89a8100c513ffff,89a8100c587ffff,303862596,303858897,18.8032,0.008809,elderly
89a8100c513ffff,89a8100c58bffff,303862596,1393378103,8.8865,0.587006,elderly
89a8100c513ffff,89a8100c58fffff,303862596,4252790480,11.7067,0.367557,elderly
89a8100c513ffff,89a8100c59bffff,303862596,8954073387,15.3521,0.127444,elderly
89a8100c513ffff,89a8100c5c7ffff,303862596,2816708327,12.9596,0.275835,elderly
89a8100c513ffff,89a8100c5d7ffff,303862596,303867318,13.3067,0.251811,elderly
89a8100c517ffff,89a8100c513ffff,11409667724,303862596,18.1654,0.020619,elderly
89a8100c517ffff,89a8100c517ffff,11409667724,11409667724,1.8559,0.978904,elderly
89a8100c517ffff,89a8100c583ffff,11409667724,12265197248,19.8689,0.000106,elderly
89a8100c517ffff,89a8100c587ffff,11409667724,303858897,15.0084,0.145981,elderly
89a8100c517ffff,89a8100c58bffff,11409667724,1393378103,18.5549,0.012826,elderly
89a8100c517ffff,89a8100c58fffff,11409667724,4252790480,10.437,0.465703,elderly
89a8100c517ffff,89a8100c5a3ffff,11409667724,13450161955,19.7336,0.000438,elderly
89a8100c517ffff,89a8100c5abffff,11409667724,11394279072,12.4857,0.309696,elderly
89a8100c517ffff,89a8100c5bbffff,11409667724,13453136400,11.056,0.41744,elderly
89a8100c51bffff,89a8100c503ffff,12586078227,11341903975,13.2876,0.253114,elderly
89a8100c51bffff,89a8100c50bffff,12586078227,13452873729,15.2551,0.132568,elderly
89a8100c51bffff,89a8100c50fffff,12586078227,11279900601,17.1516,0.049217,elderly
89a8100c51bffff,89a8100c513ffff,12586078227,303862596,10.0693,0.49456,elderly
89a8100c51bffff,89a8100c51bffff,12586078227,12586078227,0.9296,0.994678,elderly
89a8100c51bffff,89a8100c557ffff,12586078227,12697580224,16.419,0.077037,elderly
89a8100c51bffff,89a8100c58bffff,12586078227,1393378103,14.2609,0.189778,elderly
89a8100c51bffff,89a8100c58fffff,12586078227,4252790480,19.8422,0.000154,elderly
89a8100c51bffff,89a8100c5c7ffff,12586078227,2816708327,13.0883,0.266846,elderly
89a8100c51bffff,89a8100c5cfffff,12586078227,2687705140,15.193,0.13589,elderly
89a8100c51bffff,89a8100c5d7ffff,12586078227,303867318,18.6812,0.010691,elderly
89a8100c523ffff,89a8100c507ffff,10561374326,11401601119,16.7419,0.064063,elderly
89a8100c523ffff,89a8100c523ffff,10561374326,10561374326,0.3164,0.999383,elderly
89a8100c523ffff,89a8100c527ffff,10561374326,13452330655,13.9833,0.207168,elderly
89a8100c523ffff,89a8100c52bffff,10561374326,9579509671,16.0054,0.095243,elderly
89a8100c523ffff,89a8100c52fffff,10561374326,11292167922,18.4078,0.015557,elderly
89a8100c523ffff,89a8100c533ffff,10561374326,11384427627,13.5652,0.234399,elderly
89a8100c523ffff,89a8100c537ffff,10561374326,11404088064,11.3973,0.391133,elderly
89a8100c523ffff,89a8100c53bffff,10561374326,11293370032,13.8166,0.217881,elderly
89a8100c523ffff,89a8100c5afffff,10561374326,11380109175,17.7472,0.030981,elderly
89a8100c527ffff,89a8100c523ffff,13452330655,10561374326,14.647,0.166583,elderly
89a8100c527ffff,89a8100c527ffff,13452330655,13452330655,1.7493,0.981242,elderly
89a8100c527ffff,89a8100c52fffff,13452330655,11292167922,17.3607,0.042357,elderly
89a8100c527ffff,89a8100c537ffff,13452330655,11404088064,13.1141,0.265058,elderly
89a8100c527ffff,89a8100ea43ffff,13452330655,11287001106,19.2718,0.003268,elderly
89a8100c527ffff,89a8100ea53ffff,13452330655,13449882082,13.4771,0.240288,elderly
89a8100c527ffff,89a8100ea5bffff,13452330655,11289900012,11.8076,0.359932,elderly
89a8100c527ffff,89a8100eacbffff,13452330655,5635274734,17.1983,0.047645,elderly
89a8100c52bffff,89a8100c197ffff,9579509671,11298557475,19.9208,3.9e-05,elderly
89a8100c52bffff,89a8100c19bffff,9579509671,2360366546,15.3478,0.127669,elderly
89a8100c52bffff,89a8100c523ffff,9579509671,10561374326,14.323,0.18597,elderly
89a8100c52bffff,89a8100c52bffff,9579509671,9579509671,0.9048,0.994959,elderly
89a8100c52bffff,89a8100c52fffff,9579509671,11292167922,10.5337,0.458135,elderly
89a8100c52bffff,89a8100c53bffff,9579509671,11293370032,12.7517,0.290552,elderly
89a8100c52bffff,89a8100c567ffff,9579509671,13236665352,12.5773,0.303062,elderly
89a8100c52bffff,89a8100c577ffff,9579509671,11386203919,11.774,0.362468,elderly
89a8100c52fffff,89a8100c183ffff,11292167922,11386299646,19.1123,0.004853,elderly
89a8100c52fffff,89a8100c193ffff,11292167922,8652181848,16.0249,0.094347,elderly
89a8100c52fffff,89a8100c197ffff,11292167922,11298557475,12.6641,0.296815,elderly
89a8100c52fffff,89a8100c523ffff,11292167922,10561374326,17.0419,0.053011,elderly
89a8100c52fffff,89a8100c527ffff,11292167922,13452330655,16.9292,0.057049,elderly
89a8100c52fffff,89a8100c52bffff,11292167922,9579509671,13.3024,0.252105,elderly
89a8100c52fffff,89a8100c52fffff,11292167922,11292167922,1.5835,0.984613,elderly
89a8100c52fffff,89a8100ea5bffff,11292167922,11289900012,18.6289,0.011552,elderly
89a8100c533ffff,89a8100c507ffff,11384427627,11401601119,12.8655,0.282469,elderly
89a8100c533ffff,89a8100c523ffff,11384427627,10561374326,15.0806,0.141998,elderly
89a8100c533ffff,89a8100c533ffff,11384427627,11384427627,1.8809,0.978335,elderly
89a8100c533ffff,89a8100c53bffff,11384427627,11293370032,18.2715,0.018316,elderly
89a8100c533ffff,89a8100c5a3ffff,11384427627,13450161955,13.9077,0.212005,elderly
89a8100c533ffff,89a8100c5a7ffff,11384427627,11315561922,18.634,0.011465,elderly
89a8100c533ffff,89a8100c5abffff,11384427627,11394279072,14.2193,0.192353,elderly
89a8100c533ffff,89a8100c5afffff,11384427627,11380109175,9.6588,0.526789,elderly
89a8100c537ffff,89a8100c523ffff,11404088064,10561374326,11.9451,0.349596,elderly
89a8100c537ffff,89a8100c527ffff,11404088064,13452330655,14.2229,0.192129,elderly
89a8100c537ffff,89a8100c537ffff,11404088064,11404088064,1.3523,0.988761,elderly
89a8100c537ffff,89a8100c5a7ffff,11404088064,11315561922,18.5593,0.012749,elderly
89a8100c537ffff,89a8100c5afffff,11404088064,11380109175,15.9616,0.097271,elderly
89a8100c537ffff,89a8100ea53ffff,11404088064,13449882082,19.6759,0.000648,elderly
89a8100c537ffff,89a8100eacbffff,11404088064,5635274734,12.6732,0.29616,elderly
89a8100c537ffff,89a8100eadbffff,11404088064,13452423932,19.9626,9e-06,elderly
89a8100c53bffff,89a8100c507ffff,11293370032,11401601119,15.6071,0.114387,elderly
89a8100c53bffff,89a8100c50fffff,11293370032,11279900601,14.0914,0.200331,elderly
89a8100c53bffff,89a8100c523ffff,11293370032,10561374326,15.1687,0.137202,elderly
89a8100c53bffff,89a8100c52bffff,11293370032,9579509671,14.3136,0.186543,elderly
89a8100c53bffff,89a8100c533ffff,11293370032,11384427627,16.9033,0.057996,elderly
89a8100c53bffff,89a8100c53bffff,11293370032,11293370032,1.0066,0.993763,elderly
89a8100c53bffff,89a8100c567ffff,11293370032,13236665352,16.9243,0.057226,elderly
89a8100c53bffff,89a8100c577ffff,11293370032,11386203919,12.0688,0.340359,elderly
89a8100c543ffff,89a8100c543ffff,7721333437,7721333437,1.3797,0.988304,elderly
89a8100c543ffff,89a8100c54fffff,7721333437,11423253323,16.2417,0.084628,elderly
89a8100c543ffff,89a8100c553ffff,7721333437,12227887010,15.6655,0.111483,elderly
89a8100c547ffff,89a8100c0b7ffff,12703971545,11423157638,13.8655,0.214721,elderly
89a8100c547ffff,89a8100c50bffff,12703971545,13452873729,11.0807,0.415526,elderly
89a8100c547ffff,89a8100c50fffff,12703971545,11279900601,17.7879,0.029884,elderly
89a8100c547ffff,89a8100c547ffff,12703971545,12703971545,0.1934,0.999769,elderly
89a8100c547ffff,89a8100c54fffff,12703971545,11423253323,13.8833,0.213574,elderly
89a8100c547ffff,89a8100c557ffff,12703971545,12697580224,14.2499,0.190461,elderly
89a8100c547ffff,89a8100c56bffff,12703971545,11339389942,17.1408,0.049587,elderly
89a8100c547ffff,89a8100c573ffff,12703971545,457593059,9.7091,0.522838,elderly
89a8100c547ffff,89a8100c577ffff,12703971545,11386203919,18.4096,0.015521,elderly
89a8100c547ffff,89a8100c57bffff,12703971545,11350198893,9.9345,0.505142,elderly
89a8100c54bffff,89a8100c087ffff,8944143746,13683468543,11.4572,0.386551,elderly
89a8100c54bffff,89a8100c097ffff,8944143746,85723131,16.2116,0.08595,elderly
89a8100c54bffff,89a8100c0b3ffff,8944143746,5496814858,13.7252,0.223837,elderly
89a8100c54bffff,89a8100c54bffff,8944143746,8944143746,0.7377,0.996646,elderly
89a8100c54bffff,89a8100c55bffff,8944143746,12697580033,14.3149,0.186467,elderly
89a8100c54fffff,89a8100c0a3ffff,11423253323,10893697428,19.9709,5e-06,elderly
89a8100c54fffff,89a8100c0b3ffff,11423253323,5496814858,13.6077,0.231576,elderly
89a8100c54fffff,89a8100c0b7ffff,11423253323,11423157638,11.5014,0.383174,elderly
89a8100c54fffff,89a8100c543ffff,11423253323,7721333437,15.9738,0.096706,elderly
89a8100c54fffff,89a8100c54fffff,11423253323,11423253323,1.9965,0.975613,elderly
89a8100c54fffff,89a8100c57bffff,11423253323,11350198893,17.5037,0.037949,elderly
89a8100c553ffff,89a8100c543ffff,12227887010,7721333437,12.0142,0.344433,elderly
89a8100c553ffff,89a8100c553ffff,12227887010,12227887010,1.1046,0.992492,elderly
89a8100c553ffff,89a8100c5cbffff,12227887010,13037844868,16.4676,0.075017,elderly
89a8100c557ffff,89a8100c50bffff,12697580224,13452873729,8.4208,0.622759,elderly
89a8100c557ffff,89a8100c50fffff,12697580224,11279900601,19.1428,0.004526,elderly
89a8100c557ffff,89a8100c51bffff,12697580224,12586078227,16.8028,0.061742,elderly
89a8100c557ffff,89a8100c547ffff,12697580224,12703971545,13.5086,0.238177,elderly
89a8100c557ffff,89a8100c553ffff,12697580224,12227887010,18.5138,0.013563,elderly
89a8100c557ffff,89a8100c557ffff,12697580224,12697580224,0.3373,0.999298,elderly
89a8100c557ffff,89a8100c573ffff,12697580224,457593059,16.2969,0.082229,elderly
89a8100c557ffff,89a8100c5cbffff,12697580224,13037844868,18.6117,0.011841,elderly
89a8100c557ffff,89a8100c5cfffff,12697580224,2687705140,14.7538,0.160379,elderly
89a8100c55bffff,89a8100c087ffff,12697580033,13683468543,12.4547,0.311948,elderly
89a8100c55bffff,89a8100c097ffff,12697580033,85723131,13.5397,0.236095,elderly
89a8100c55bffff,89a8100c0b3ffff,12697580033,5496814858,17.7372,0.031253,elderly
89a8100c55bffff,89a8100c427ffff,12697580033,12986505496,19.037,0.00571,elderly
89a8100c55bffff,89a8100c42fffff,12697580033,4293907212,18.2339,0.019118,elderly
89a8100c55bffff,89a8100c54bffff,12697580033,8944143746,8.9999,0.578228,elderly
89a8100c55bffff,89a8100c55bffff,12697580033,12697580033,1.5952,0.984386,elderly
89a8100c563ffff,89a8100c1d3ffff,13452726650,457593231,17.82,0.02903,elderly
89a8100c563ffff,89a8100c1d7ffff,13452726650,457566696,15.8753,0.101327,elderly
89a8100c563ffff,89a8100c50fffff,13452726650,11279900601,17.6794,0.032852,elderly
89a8100c563ffff,89a8100c563ffff,13452726650,13452726650,0.9756,0.99414,elderly
89a8100c563ffff,89a8100c56bffff,13452726650,11339389942,17.1548,0.04911,elderly
89a8100c563ffff,89a8100c56fffff,13452726650,11339389872,11.4658,0.38589,elderly
89a8100c563ffff,89a8100c573ffff,13452726650,457593059,17.2733,0.045164,elderly
89a8100c563ffff,89a8100c577ffff,13452726650,11386203919,13.8563,0.215314,elderly
89a8100c563ffff,89a8100c57bffff,13452726650,11350198893,14.2403,0.191051,elderly
89a8100c567ffff,89a8100c19bffff,13236665352,2360366546,16.8992,0.058147,elderly
89a8100c567ffff,89a8100c52bffff,13236665352,9579509671,17.1008,0.050959,elderly
89a8100c567ffff,89a8100c567ffff,13236665352,13236665352,1.2538,0.990335,elderly
89a8100c567ffff,89a8100c577ffff,13236665352,11386203919,13.0368,0.270435,elderly
89a8100c56bffff,89a8100c0a7ffff,11339389942,13279443676,12.5329,0.306275,elderly
89a8100c56bffff,89a8100c0b7ffff,11339389942,11423157638,15.6312,0.113185,elderly
89a8100c56bffff,89a8100c1d3ffff,11339389942,457593231,8.7316,0.598962,elderly
89a8100c56bffff,89a8100c1d7ffff,11339389942,457566696,17.9886,0.02475,elderly
89a8100c56bffff,89a8100c1dbffff,11339389942,12902675140,18.3552,0.016596,elderly
89a8100c56bffff,89a8100c56bffff,11339389942,11339389942,1.277,0.989974,elderly
89a8100c56bffff,89a8100c56fffff,11339389942,11339389872,16.4045,0.077647,elderly
89a8100c56bffff,89a8100c57bffff,11339389942,11350198893,16.4365,0.076309,elderly
89a8100c56fffff,89a8100c0a7ffff,11339389872,13279443676,18.6977,0.010425,elderly
89a8100c56fffff,89a8100c18bffff,11339389872,11399274873,17.395,0.04128,elderly
89a8100c56fffff,89a8100c19bffff,11339389872,2360366546,12.0776,0.339703,elderly
89a8100c56fffff,89a8100c1c7ffff,11339389872,7292638283,16.6536,0.067502,elderly
89a8100c56fffff,89a8100c1d3ffff,11339389872,457593231,8.2728,0.633999,elderly
89a8100c56fffff,89a8100c1d7ffff,11339389872,457566696,6.328,0.772669,elderly
89a8100c56fffff,89a8100c1dbffff,11339389872,12902675140,19.4479,0.001879,elderly
89a8100c56fffff,89a8100c563ffff,11339389872,13452726650,18.6824,0.01067,elderly
89a8100c56fffff,89a8100c56bffff,11339389872,11339389942,13.0987,0.266128,elderly
89a8100c56fffff,89a8100c56fffff,11339389872,11339389872,0.3286,0.999334,elderly
89a8100c573ffff,89a8100c0b7ffff,457593059,11423157638,18.464,0.014482,elderly
89a8100c573ffff,89a8100c50bffff,457593059,13452873729,10.2841,0.477697,elderly
89a8100c573ffff,89a8100c50fffff,457593059,11279900601,9.6721,0.525742,elderly
89a8100c573ffff,89a8100c547ffff,457593059,12703971545,11.1771,0.408076,elderly
89a8100c573ffff,89a8100c557ffff,457593059,12697580224,17.4964,0.038169,elderly
89a8100c573ffff,89a8100c563ffff,457593059,13452726650,19.2563,0.003408,elderly
89a8100c573ffff,89a8100c56bffff,457593059,11339389942,15.121,0.139794,elderly
89a8100c573ffff,89a8100c573ffff,457593059,457593059,1.5934,0.984421,elderly
89a8100c573ffff,89a8100c577ffff,457593059,11386203919,10.2938,0.47693,elderly
89a8100c573ffff,89a8100c57bffff,457593059,11350198893,12.1545,0.333996,elderly
89a8100c577ffff,89a8100c19bffff,11386203919,2360366546,19.866,0.000111,elderly
89a8100c577ffff,89a8100c50fffff,11386203919,11279900601,13.6087,0.231507,elderly
89a8100c577ffff,89a8100c52bffff,11386203919,9579509671,18.1224,0.02159,elderly
89a8100c577ffff,89a8100c53bffff,11386203919,11293370032,15.3883,0.125555,elderly
89a8100c577ffff,89a8100c567ffff,11386203919,13236665352,14.662,0.165705,elderly
89a8100c577ffff,89a8100c573ffff,11386203919,457593059,14.2328,0.191513,elderly
89a8100c577ffff,89a8100c577ffff,11386203919,11386203919,0.1108,0.999924,elderly
89a8100c57bffff,89a8100c0a7ffff,11350198893,13279443676,15.4698,0.121342,elderly
89a8100c57bffff,89a8100c0b3ffff,11350198893,5496814858,16.2292,0.085174,elderly
89a8100c57bffff,89a8100c0b7ffff,11350198893,11423157638,8.8158,0.592472,elderly
89a8100c57bffff,89a8100c1d3ffff,11350198893,457593231,16.5014,0.073623,elderly
89a8100c57bffff,89a8100c547ffff,11350198893,12703971545,15.3165,0.129315,elderly
89a8100c57bffff,89a8100c54fffff,11350198893,11423253323,17.0552,0.052545,elderly
89a8100c57bffff,89a8100c563ffff,11350198893,13452726650,19.5451,0.001276,elderly
89a8100c57bffff,89a8100c56bffff,11350198893,11339389942,9.212,0.561728,elderly
89a8100c57bffff,89a8100c56fffff,11350198893,11339389872,19.5806,0.001085,elderly
89a8100c57bffff,89a8100c573ffff,11350198893,457593059,16.3214,0.081176,elderly
89a8100c57bffff,89a8100c57bffff,11350198893,11350198893,1.3589,0.988653,elderly
89a8100c583ffff,89a8100c583ffff,12265197248,12265197248,0.9887,0.993982,elderly
89a8100c583ffff,89a8100c587ffff,12265197248,303858897,15.4844,0.120591,elderly
89a8100c583ffff,89a8100c58fffff,12265197248,4252790480,14.9322,0.15023,elderly
89a8100c583ffff,89a8100c597ffff,12265197248,11374075968,19.504,0.001517,elderly
89a8100c587ffff,89a8100c583ffff,303858897,12265197248,14.6072,0.168918,elderly
89a8100c587ffff,89a8100c587ffff,303858897,303858897,1.0717,0.992932,elderly
89a8100c587ffff,89a8100c58fffff,303858897,4252790480,11.1885,0.4072,elderly
89a8100c587ffff,89a8100c597ffff,303858897,11374075968,8.9496,0.582127,elderly
89a8100c587ffff,89a8100c5a3ffff,303858897,13450161955,19.7016,0.000549,elderly
89a8100c587ffff,89a8100c5b3ffff,303858897,11381688343,14.2258,0.191946,elderly
89a8100c587ffff,89a8100c5bbffff,303858897,13453136400,14.1007,0.199745,elderly
89a8100c587ffff,89a8100ee4bffff,303858897,142806216,11.2906,0.39933,elderly
89a8100c587ffff,89a8100ee5bffff,303858897,3317179765,15.6369,0.112902,elderly
89a8100c58bffff,89a8100c513ffff,1393378103,303862596,13.0827,0.267233,elderly
89a8100c58bffff,89a8100c517ffff,1393378103,11409667724,18.448,0.014784,elderly
89a8100c58bffff,89a8100c58bffff,1393378103,1393378103,0.753,0.996506,elderly
89a8100c58bffff,89a8100c58fffff,1393378103,4252790480,14.8091,0.157205,elderly
89a8100c58bffff,89a8100c593ffff,1393378103,304111065,18.1411,0.021165,elderly
89a8100c58bffff,89a8100c59bffff,1393378103,8954073387,9.3743,0.54906,elderly
89a8100c58bffff,89a8100c5c7ffff,1393378103,2816708327,16.2453,0.084472,elderly
89a8100c58bffff,89a8100c5d7ffff,1393378103,303867318,16.0146,0.094819,elderly
89a8100c58bffff,89a8100e367ffff,1393378103,142814786,18.572,0.012526,elderly
89a8100c58fffff,89a8100c513ffff,4252790480,303862596,18.2459,0.01886,elderly
89a8100c58fffff,89a8100c517ffff,4252790480,11409667724,13.7027,0.225313,elderly
89a8100c58fffff,89a8100c583ffff,4252790480,12265197248,11.5497,0.379487,elderly
89a8100c58fffff,89a8100c587ffff,4252790480,303858897,9.3979,0.547221,elderly
89a8100c58fffff,89a8100c58bffff,4252790480,1393378103,18.6354,0.011442,elderly
89a8100c58fffff,89a8100c58fffff,4252790480,4252790480,1.1362,0.992058,elderly
89a8100c58fffff,89a8100c597ffff,4252790480,11374075968,15.7598,0.106868,elderly
89a8100c58fffff,89a8100c5a3ffff,4252790480,13450161955,19.6503,0.000754,elderly
89a8100c58fffff,89a8100c5bbffff,4252790480,13453136400,12.9507,0.276459,elderly
89a8100c58fffff,89a8100ee4bffff,4252790480,142806216,19.0683,0.005345,elderly
89a8100c593ffff,89a8100c587ffff,304111065,303858897,19.9783,3e-06,elderly
89a8100c593ffff,89a8100c593ffff,304111065,304111065,1.8818,0.978315,elderly
89a8100c593ffff,89a8100c597ffff,304111065,11374075968,10.3186,0.474987,elderly
89a8100c593ffff,89a8100c59bffff,304111065,8954073387,16.04,0.093652,elderly
89a8100c593ffff,89a8100e32bffff,304111065,142777323,14.7268,0.161942,elderly
89a8100c593ffff,89a8100e32fffff,304111065,13165518049,12.8921,0.280588,elderly
89a8100c593ffff,89a8100e367ffff,304111065,142814786,13.0908,0.266675,elderly
89a8100c593ffff,89a8100ee5bffff,304111065,3317179765,17.1551,0.049098,elderly
89a8100c597ffff,89a8100c587ffff,11374075968,303858897,12.3951,0.316297,elderly
89a8100c597ffff,89a8100c58fffff,11374075968,4252790480,19.1265,0.0047,elderly
89a8100c597ffff,89a8100c593ffff,11374075968,304111065,14.0498,0.202952,elderly
89a8100c597ffff,89a8100c597ffff,11374075968,11374075968,1.5064,0.986068,elderly
89a8100c597ffff,89a8100c5b3ffff,11374075968,11381688343,19.8372,0.000163,elderly
89a8100c597ffff,89a8100e32fffff,11374075968,13165518049,19.0456,0.005608,elderly
89a8100c597ffff,89a8100ee43ffff,11374075968,303788527,18.3234,0.01724,elderly
89a8100c597ffff,89a8100ee4bffff,11374075968,142806216,11.736,0.365339,elderly
89a8100c597ffff,89a8100ee53ffff,11374075968,11374107987,17.695,0.032417,elderly
89a8100c597ffff,89a8100ee5bffff,11374075968,3317179765,9.7731,0.517819,elderly
89a8100c59bffff,89a8100c58bffff,8954073387,1393378103,9.4588,0.542458,elderly
89a8100c59bffff,89a8100c593ffff,8954073387,304111065,12.7985,0.28722,elderly
89a8100c59bffff,89a8100c597ffff,8954073387,11374075968,18.62,0.011701,elderly
89a8100c59bffff,89a8100c59bffff,8954073387,8954073387,0.6412,0.997466,elderly
89a8100c59bffff,89a8100c5c7ffff,8954073387,2816708327,19.9173,4.2e-05,elderly
89a8100c59bffff,89a8100c5d7ffff,8954073387,303867318,15.2474,0.132977,elderly
89a8100c59bffff,89a8100e32bffff,8954073387,142777323,19.8919,7.2e-05,elderly
89a8100c59bffff,89a8100e363ffff,8954073387,388512103,18.7606,0.009445,elderly
89a8100c59bffff,89a8100e367ffff,8954073387,142814786,9.8389,0.512654,elderly
89a8100c59bffff,89a8100e36fffff,8954073387,389063008,15.8334,0.103321,elderly
89a8100c59bffff,89a8100e377ffff,8954073387,388512089,18.9352,0.006978,elderly
89a8100c5a3ffff,89a8100c5a3ffff,13450161955,13450161955,1.3541,0.988732,elderly
89a8100c5a3ffff,89a8100c5a7ffff,13450161955,11315561922,13.4868,0.239635,elderly
89a8100c5a3ffff,89a8100c5abffff,13450161955,11394279072,17.674,0.033004,elderly
89a8100c5a3ffff,89a8100c5afffff,13450161955,11380109175,10.5849,0.454127,elderly
89a8100c5a3ffff,89a8100c5b3ffff,13450161955,11381688343,14.6615,0.165735,elderly
89a8100c5a3ffff,89a8100c5b7ffff,13450161955,11380298950,10.6038,0.452652,elderly
89a8100c5a3ffff,89a8100c5bbffff,13450161955,13453136400,15.9826,0.096296,elderly
89a8100c5a3ffff,89a8100eadbffff,13450161955,13452423932,17.819,0.029055,elderly
89a8100c5a3ffff,89a8100ee4fffff,13450161955,303788630,15.6228,0.113603,elderly
89a8100c5a3ffff,89a8100ee7bffff,13450161955,11381714308,18.9414,0.006896,elderly
89a8100c5a7ffff,89a8100c5a3ffff,11315561922,13450161955,10.8401,0.434213,elderly
89a8100c5a7ffff,89a8100c5a7ffff,11315561922,11315561922,0.6206,0.997626,elderly
89a8100c5a7ffff,89a8100c5afffff,11315561922,11380109175,12.1396,0.335101,elderly
89a8100c5a7ffff,89a8100c5b3ffff,11315561922,11381688343,19.9661,7e-06,elderly
89a8100c5a7ffff,89a8100c5b7ffff,11315561922,11380298950,8.8309,0.591304,elderly
89a8100c5a7ffff,89a8100eac3ffff,11315561922,11331125078,18.4501,0.014745,elderly
89a8100c5a7ffff,89a8100ead3ffff,11315561922,11334987710,12.8453,0.2839,elderly
89a8100c5a7ffff,89a8100eadbffff,11315561922,13452423932,11.1697,0.408646,elderly
89a8100c5a7ffff,89a8100ee63ffff,11315561922,4234762112,18.9853,0.006338,elderly
89a8100c5a7ffff,89a8100ee6bffff,11315561922,60624735,12.483,0.309889,elderly
89a8100c5a7ffff,89a8100ee6fffff,11315561922,303562332,19.97,6e-06,elderly
89a8100c5a7ffff,89a8100ee7bffff,11315561922,11381714308,16.8015,0.061792,elderly
89a8100c5abffff,89a8100c507ffff,11394279072,11401601119,13.4402,0.242766,elderly
89a8100c5abffff,89a8100c517ffff,11394279072,11409667724,8.8585,0.589171,elderly
89a8100c5abffff,89a8100c533ffff,11394279072,11384427627,16.5225,0.072757,elderly
89a8100c5abffff,89a8100c58fffff,11394279072,4252790480,17.4397,0.039894,elderly
89a8100c5abffff,89a8100c5a3ffff,11394279072,13450161955,9.7412,0.520319,elderly
89a8100c5abffff,89a8100c5a7ffff,11394279072,11315561922,19.0917,0.00508,elderly
89a8100c5abffff,89a8100c5abffff,11394279072,11394279072,1.5276,0.985675,elderly
89a8100c5abffff,89a8100c5afffff,11394279072,11380109175,10.0543,0.495737,elderly
89a8100c5abffff,89a8100c5b3ffff,11394279072,11381688343,18.5714,0.012537,elderly
89a8100c5abffff,89a8100c5b7ffff,11394279072,11380298950,18.7225,0.010034,elderly
89a8100c5abffff,89a8100c5bbffff,11394279072,13453136400,12.6426,0.298362,elderly
89a8100c5afffff,89a8100c533ffff,11380109175,11384427627,14.393,0.181709,elderly
89a8100c5afffff,89a8100c5a3ffff,11380109175,13450161955,8.3323,0.629486,elderly
89a8100c5afffff,89a8100c5a7ffff,11380109175,11315561922,11.6329,0.373155,elderly
89a8100c5afffff,89a8100c5abffff,11380109175,11394279072,15.179,0.136649,elderly
89a8100c5afffff,89a8100c5afffff,11380109175,11380109175,1.3888,0.988149,elderly
89a8100c5afffff,89a8100c5b7ffff,11380109175,11380298950,11.9695,0.347768,elderly
89a8100c5afffff,89a8100eadbffff,11380109175,13452423932,15.9651,0.097107,elderly
89a8100c5b3ffff,89a8100c587ffff,11381688343,303858897,13.3711,0.247438,elderly
89a8100c5b3ffff,89a8100c597ffff,11381688343,11374075968,16.1068,0.090618,elderly
89a8100c5b3ffff,89a8100c5a3ffff,11381688343,13450161955,11.8441,0.357183,elderly
89a8100c5b3ffff,89a8100c5b3ffff,11381688343,11381688343,0.6449,0.997437,elderly
89a8100c5b3ffff,89a8100c5b7ffff,11381688343,11380298950,9.7445,0.520061,elderly
89a8100c5b3ffff,89a8100c5bbffff,11381688343,13453136400,14.9089,0.151541,elderly
89a8100c5b3ffff,89a8100ee43ffff,11381688343,303788527,18.9573,0.006691,elderly
89a8100c5b3ffff,89a8100ee47ffff,11381688343,303788569,19.7262,0.000462,elderly
89a8100c5b3ffff,89a8100ee4bffff,11381688343,142806216,11.4728,0.385355,elderly
89a8100c5b3ffff,89a8100ee4fffff,11381688343,303788630,14.5604,0.171683,elderly
89a8100c5b3ffff,89a8100ee7bffff,11381688343,11381714308,18.0822,0.022517,elderly
89a8100c5b7ffff,89a8100c5a3ffff,11380298950,13450161955,14.1327,0.19774,elderly
89a8100c5b7ffff,89a8100c5a7ffff,11380298950,11315561922,13.8528,0.215536,elderly
89a8100c5b7ffff,89a8100c5afffff,11380298950,11380109175,19.2974,0.003042,elderly
89a8100c5b7ffff,89a8100c5b3ffff,11380298950,11381688343,14.9482,0.149333,elderly
89a8100c5b7ffff,89a8100c5b7ffff,11380298950,11380298950,0.7117,0.996879,elderly
89a8100c5b7ffff,89a8100ee47ffff,11380298950,303788569,17.2234,0.046808,elderly
89a8100c5b7ffff,89a8100ee4bffff,11380298950,142806216,18.2402,0.018982,elderly
89a8100c5b7ffff,89a8100ee4fffff,11380298950,303788630,12.6971,0.29445,elderly
89a8100c5b7ffff,89a8100ee63ffff,11380298950,4234762112,17.7756,0.030211,elderly
89a8100c5b7ffff,89a8100ee6bffff,11380298950,60624735,13.5097,0.2381,elderly
89a8100c5b7ffff,89a8100ee73ffff,11380298950,303561646,15.1988,0.135583,elderly
89a8100c5b7ffff,89a8100ee7bffff,11380298950,11381714308,9.0493,0.574388,elderly
89a8100c5bbffff,89a8100c517ffff,13453136400,11409667724,12.7069,0.293752,elderly
89a8100c5bbffff,89a8100c583ffff,13453136400,12265197248,19.5491,0.001254,elderly
89a8100c5bbffff,89a8100c587ffff,13453136400,303858897,10.6605,0.44822,elderly
89a8100c5bbffff,89a8100c58fffff,13453136400,4252790480,10.5893,0.453782,elderly
89a8100c5bbffff,89a8100c597ffff,13453136400,11374075968,17.7085,0.032041,elderly
89a8100c5bbffff,89a8100c5a3ffff,13453136400,13450161955,11.2855,0.399724,elderly
89a8100c5bbffff,89a8100c5abffff,13453136400,11394279072,15.5525,0.117132,elderly
89a8100c5bbffff,89a8100c5afffff,13453136400,11380109175,18.2634,0.018487,elderly
89a8100c5bbffff,89a8100c5b3ffff,13453136400,11381688343,14.4294,0.179512,elderly
89a8100c5bbffff,89a8100c5bbffff,13453136400,13453136400,0.4404,0.998804,elderly
89a8100c5bbffff,89a8100ee4bffff,13453136400,142806216,16.5663,0.070982,elderly
89a8100c5c3ffff,89a8100c58bffff,303868171,1393378103,19.4616,0.001787,elderly
89a8100c5c3ffff,89a8100c59bffff,303868171,8954073387,18.4588,0.01458,elderly
89a8100c5c3ffff,89a8100c5c3ffff,303868171,303868171,2.8194,0.951763,elderly
89a8100c5c3ffff,89a8100c5c7ffff,303868171,2816708327,14.1371,0.197463,elderly
89a8100c5c3ffff,89a8100c5cbffff,303868171,13037844868,15.0412,0.144163,elderly
89a8100c5c3ffff,89a8100c5cfffff,303868171,2687705140,12.284,0.32444,elderly
89a8100c5c3ffff,89a8100c5d3ffff,303868171,1097971350,13.2645,0.254693,elderly
89a8100c5c3ffff,89a8100c5d7ffff,303868171,303867318,8.9623,0.581138,elderly
89a8100c5c3ffff,89a8100c5dbffff,303868171,12535296158,15.2157,0.134672,elderly
89a8100c5c7ffff,89a8100c513ffff,2816708327,303862596,10.4445,0.46512,elderly
89a8100c5c7ffff,89a8100c51bffff,2816708327,12586078227,18.151,0.020941,elderly
89a8100c5c7ffff,89a8100c58bffff,2816708327,1393378103,9.8001,0.515698,elderly
89a8100c5c7ffff,89a8100c58fffff,2816708327,4252790480,17.7416,0.031134,elderly
89a8100c5c7ffff,89a8100c59bffff,2816708327,8954073387,13.3877,0.246314,elderly
89a8100c5c7ffff,89a8100c5c3ffff,2816708327,303868171,15.0239,0.145124,elderly
89a8100c5c7ffff,89a8100c5c7ffff,2816708327,2816708327,1.5258,0.985708,elderly
89a8100c5c7ffff,89a8100c5cfffff,2816708327,2687705140,15.8316,0.103405,elderly
89a8100c5c7ffff,89a8100c5d7ffff,2816708327,303867318,7.1848,0.713966,elderly
89a8100c5cbffff,89a8100c427ffff,13037844868,12986505496,15.1257,0.139534,elderly
89a8100c5cbffff,89a8100c437ffff,13037844868,12941702505,19.9015,6e-05,elderly
89a8100c5cbffff,89a8100c553ffff,13037844868,12227887010,11.6279,0.37353,elderly
89a8100c5cbffff,89a8100c557ffff,13037844868,12697580224,16.6854,0.066254,elderly
89a8100c5cbffff,89a8100c5c3ffff,13037844868,303868171,11.5171,0.381972,elderly
89a8100c5cbffff,89a8100c5c7ffff,13037844868,2816708327,19.0637,0.005398,elderly
89a8100c5cbffff,89a8100c5cbffff,13037844868,13037844868,0.642,0.997459,elderly
89a8100c5cbffff,89a8100c5cfffff,13037844868,2687705140,11.1078,0.413431,elderly
89a8100c5cbffff,89a8100c5d3ffff,13037844868,1097971350,16.8242,0.060933,elderly
89a8100c5cbffff,89a8100c5d7ffff,13037844868,303867318,17.66,0.033396,elderly
89a8100c5cbffff,89a8100c5dbffff,13037844868,12535296158,16.6755,0.066641,elderly
89a8100c5cfffff,89a8100c513ffff,2687705140,303862596,19.9944,0.0,elderly
89a8100c5cfffff,89a8100c51bffff,2687705140,12586078227,15.9898,0.095964,elderly
89a8100c5cfffff,89a8100c557ffff,2687705140,12697580224,14.2391,0.191124,elderly
89a8100c5cfffff,89a8100c5c3ffff,2687705140,303868171,8.9857,0.579325,elderly
89a8100c5cfffff,89a8100c5c7ffff,2687705140,2816708327,12.8939,0.280459,elderly
89a8100c5cfffff,89a8100c5cbffff,2687705140,13037844868,11.2953,0.398966,elderly
89a8100c5cfffff,89a8100c5cfffff,2687705140,2687705140,1.9311,0.977172,elderly
89a8100c5cfffff,89a8100c5d3ffff,2687705140,1097971350,19.4309,0.001997,elderly
89a8100c5cfffff,89a8100c5d7ffff,2687705140,303867318,15.1287,0.139374,elderly
89a8100c5d3ffff,89a8100c5c3ffff,1097971350,303868171,19.6445,0.000779,elderly
89a8100c5d3ffff,89a8100c5d3ffff,1097971350,1097971350,0.9012,0.994998,elderly
89a8100c5d3ffff,89a8100c5dbffff,1097971350,12535296158,17.697,0.03236,elderly
89a8100c5d3ffff,89a8100e367ffff,1097971350,142814786,17.1371,0.049713,elderly
89a8100c5d3ffff,89a8100e36bffff,1097971350,389063054,19.538,0.001316,elderly
89a8100c5d3ffff,89a8100e36fffff,1097971350,389063008,7.9741,0.65644,elderly
89a8100c5d7ffff,89a8100c513ffff,303867318,303862596,15.4011,0.124885,elderly
89a8100c5d7ffff,89a8100c58bffff,303867318,1393378103,11.8045,0.360163,elderly
89a8100c5d7ffff,89a8100c593ffff,303867318,304111065,19.5685,0.001148,elderly
89a8100c5d7ffff,89a8100c59bffff,303867318,8954073387,10.8018,0.437197,elderly
89a8100c5d7ffff,89a8100c5c3ffff,303867318,303868171,15.9467,0.097964,elderly
89a8100c5d7ffff,89a8100c5c7ffff,303867318,2816708327,11.175,0.408242,elderly
89a8100c5d7ffff,89a8100c5d7ffff,303867318,303867318,1.3053,0.989528,elderly
89a8100c5d7ffff,89a8100e367ffff,303867318,142814786,16.0412,0.093596,elderly
89a8100c5dbffff,89a8100c427ffff,12535296158,12986505496,19.8028,0.00024,elderly
89a8100c5dbffff,89a8100c437ffff,12535296158,12941702505,15.8908,0.10059,elderly
89a8100c5dbffff,89a8100c4a3ffff,12535296158,12904007453,18.4015,0.015679,elderly
89a8100c5dbffff,89a8100c4a7ffff,12535296158,12889670101,17.2146,0.047099,elderly
89a8100c5dbffff,89a8100c4afffff,12535296158,12996381317,10.1719,0.486503,elderly
89a8100c5dbffff,89a8100c5c3ffff,12535296158,303868171,14.6568,0.166012,elderly
89a8100c5dbffff,89a8100c5cbffff,12535296158,13037844868,18.1627,0.02068,elderly
89a8100c5dbffff,89a8100c5d3ffff,12535296158,1097971350,10.7581,0.440596,elderly
89a8100c5dbffff,89a8100c5dbffff,12535296158,12535296158,1.7727,0.980741,elderly
89a8100c5dbffff,89a8100e36bffff,12535296158,389063054,18.2702,0.018345,elderly
89a8100c5dbffff,89a8100e36fffff,12535296158,389063008,17.831,0.02874,elderly
89a8100e323ffff,89a8100e323ffff,5239723179,5239723179,1.6536,0.983228,elderly
89a8100e323ffff,89a8100e327ffff,5239723179,6697698868,9.2626,0.557782,elderly
89a8100e323ffff,89a8100e32bffff,5239723179,142777323,19.4362,0.001959,elderly
89a8100e323ffff,89a8100e32fffff,5239723179,13165518049,15.28,0.131243,elderly
89a8100e323ffff,89a8100ee5bffff,5239723179,3317179765,18.858,0.008023,elderly
89a8100e327ffff,89a8100e323ffff,6697698868,5239723179,6.9707,0.729045,elderly
89a8100e327ffff,89a8100e327ffff,6697698868,6697698868,2.4958,0.962066,elderly
89a8100e327ffff,89a8100e32fffff,6697698868,13165518049,17.7307,0.031431,elderly
89a8100e327ffff,89a8100ee53ffff,6697698868,11374107987,17.8273,0.028839,elderly
89a8100e327ffff,89a8100eecbffff,6697698868,303788723,15.7696,0.106388,elderly
89a8100e32bffff,89a8100c593ffff,142777323,304111065,19.1335,0.004625,elderly
89a8100e32bffff,89a8100e323ffff,142777323,5239723179,19.8848,8.2e-05,elderly
89a8100e32bffff,89a8100e32bffff,142777323,142777323,2.4427,0.963642,elderly
89a8100e32bffff,89a8100e32fffff,142777323,13165518049,15.1694,0.137164,elderly
89a8100e32bffff,89a8100e367ffff,142777323,142814786,15.8374,0.103131,elderly
89a8100e32fffff,89a8100c593ffff,13165518049,304111065,11.4165,0.389663,elderly
89a8100e32fffff,89a8100c597ffff,13165518049,11374075968,14.1309,0.19785,elderly
89a8100e32fffff,89a8100e323ffff,13165518049,5239723179,13.786,0.219869,elderly
89a8100e32fffff,89a8100e327ffff,13165518049,6697698868,18.5287,0.013295,elderly
89a8100e32fffff,89a8100e32bffff,13165518049,142777323,10.77,0.439671,elderly
89a8100e32fffff,89a8100e32fffff,13165518049,13165518049,1.755,0.981121,elderly
89a8100e32fffff,89a8100ee43ffff,13165518049,303788527,18.9921,0.006254,elderly
89a8100e32fffff,89a8100ee53ffff,13165518049,11374107987,17.4118,0.040757,elderly
89a8100e32fffff,89a8100ee5bffff,13165518049,3317179765,11.4009,0.390863,elderly
89a8100e363ffff,89a8100c59bffff,388512103,8954073387,19.5751,0.001113,elderly
89a8100e363ffff,89a8100e32bffff,388512103,142777323,19.8926,7.1e-05,elderly
89a8100e363ffff,89a8100e363ffff,388512103,388512103,1.4843,0.986472,elderly
89a8100e363ffff,89a8100e367ffff,388512103,142814786,11.9223,0.351305,elderly
89a8100e363ffff,89a8100e36bffff,388512103,389063054,12.2967,0.323504,elderly
89a8100e363ffff,89a8100e36fffff,388512103,389063008,12.4563,0.311837,elderly
89a8100e363ffff,89a8100e377ffff,388512103,388512089,11.0348,0.419083,elderly
89a8100e363ffff,89a8100e37bffff,388512103,389063068,14.9951,0.146721,elderly
89a8100e367ffff,89a8100c593ffff,142814786,304111065,12.0908,0.338721,elderly
89a8100e367ffff,89a8100c59bffff,142814786,8954073387,14.0522,0.2028,elderly
89a8100e367ffff,89a8100e32bffff,142814786,142777323,10.7012,0.445039,elderly
89a8100e367ffff,89a8100e363ffff,142814786,388512103,16.0129,0.094895,elderly
89a8100e367ffff,89a8100e367ffff,142814786,142814786,0.6482,0.997411,elderly
89a8100e367ffff,89a8100e36fffff,142814786,389063008,13.0857,0.267029,elderly
89a8100e367ffff,89a8100e377ffff,142814786,388512089,16.1875,0.087013,elderly
89a8100e36bffff,89a8100c5d3ffff,389063054,1097971350,19.5842,0.001066,elderly
89a8100e36bffff,89a8100e363ffff,389063054,388512103,6.9982,0.727121,elderly
89a8100e36bffff,89a8100e367ffff,389063054,142814786,17.4363,0.039999,elderly
89a8100e36bffff,89a8100e36bffff,389063054,389063054,0.6697,0.997236,elderly
89a8100e36bffff,89a8100e36fffff,389063054,389063008,17.9702,0.0252,elderly
89a8100e36bffff,89a8100e377ffff,389063054,388512089,16.5487,0.071692,elderly
89a8100e36bffff,89a8100e37bffff,389063054,389063068,6.9482,0.73061,elderly
89a8100e36fffff,89a8100c59bffff,389063008,8954073387,17.5164,0.037569,elderly
89a8100e36fffff,89a8100c5d3ffff,389063008,1097971350,11.2482,0.402594,elderly
89a8100e36fffff,89a8100e32bffff,389063008,142777323,17.834,0.028663,elderly
89a8100e36fffff,89a8100e363ffff,389063008,388512103,13.3248,0.250577,elderly
89a8100e36fffff,89a8100e367ffff,389063008,142814786,9.8637,0.510706,elderly
89a8100e36fffff,89a8100e36fffff,389063008,389063008,0.7007,0.996974,elderly
89a8100e36fffff,89a8100e377ffff,389063008,388512089,13.4994,0.23879,elderly
89a8100e377ffff,89a8100e363ffff,388512089,388512103,16.3497,0.079964,elderly
89a8100e377ffff,89a8100e367ffff,388512089,142814786,17.4118,0.040755,elderly
89a8100e377ffff,89a8100e36fffff,388512089,389063008,17.9457,0.025806,elderly
89a8100e377ffff,89a8100e377ffff,388512089,388512089,2.212,0.970121,elderly
89a8100e37bffff,89a8100e363ffff,389063068,388512103,13.2973,0.252454,elderly
89a8100e37bffff,89a8100e36bffff,389063068,389063054,9.7244,0.52164,elderly
89a8100e37bffff,89a8100e37bffff,389063068,389063068,4.4118,0.884664,elderly
89a8100ea03ffff,89a8100ea03ffff,4714368990,4714368990,3.939,0.907304,elderly
89a8100ea03ffff,89a8100ea07ffff,4714368990,11287099391,14.8229,0.156416,elderly
89a8100ea03ffff,89a8100ea0fffff,4714368990,142788297,16.1858,0.087089,elderly
89a8100ea07ffff,89a8100ea03ffff,11287099391,4714368990,15.4951,0.120048,elderly
89a8100ea07ffff,89a8100ea07ffff,11287099391,11287099391,0.8818,0.995211,elderly
89a8100ea07ffff,89a8100ea0fffff,11287099391,142788297,12.269,0.325539,elderly
89a8100ea07ffff,89a8100ea13ffff,11287099391,28149737,11.3616,0.393873,elderly
89a8100ea07ffff,89a8100ea17ffff,11287099391,11287130321,8.5941,0.609526,elderly
89a8100ea07ffff,89a8100ea3bffff,11287099391,4676590863,13.6662,0.227708,elderly
89a8100ea0bffff,89a8100ea07ffff,12519106573,11287099391,18.8592,0.008007,elderly
89a8100ea0bffff,89a8100ea0bffff,12519106573,12519106573,0.6752,0.997191,elderly
89a8100ea0bffff,89a8100ea0fffff,12519106573,142788297,13.0191,0.271671,elderly
89a8100ea0bffff,89a8100ea47ffff,12519106573,444960068,11.5279,0.381149,elderly
89a8100ea0bffff,89a8100ea7bffff,12519106573,466174576,15.3378,0.128192,elderly
89a8100ea0fffff,89a8100ea03ffff,142788297,4714368990,13.5742,0.233801,elderly
89a8100ea0fffff,89a8100ea07ffff,142788297,11287099391,8.0229,0.652799,elderly
89a8100ea0fffff,89a8100ea0bffff,142788297,12519106573,14.6792,0.164702,elderly
89a8100ea0fffff,89a8100ea0fffff,142788297,142788297,0.8284,0.995773,elderly
89a8100ea0fffff,89a8100ea13ffff,142788297,28149737,18.2406,0.018974,elderly
89a8100ea0fffff,89a8100ea17ffff,142788297,11287130321,15.473,0.121176,elderly
89a8100ea0fffff,89a8100ea3bffff,142788297,4676590863,9.9291,0.505567,elderly
89a8100ea0fffff,89a8100ea47ffff,142788297,444960068,19.5453,0.001275,elderly
89a8100ea13ffff,89a8100ea13ffff,28149737,28149737,0.1292,0.999897,elderly
89a8100ea13ffff,89a8100ea17ffff,28149737,11287130321,11.777,0.362242,elderly
89a8100ea13ffff,89a8100ea1bffff,28149737,11287146311,13.9316,0.210473,elderly
89a8100ea13ffff,89a8100ea83ffff,28149737,12088965179,13.866,0.214683,elderly
89a8100ea13ffff,89a8100ea8bffff,28149737,8572469297,9.7805,0.517238,elderly
89a8100ea13ffff,89a8100ea8fffff,28149737,12258359594,11.5132,0.382268,elderly
89a8100ea13ffff,89a8100ea9bffff,28149737,303562378,18.9112,0.007294,elderly
89a8100ea13ffff,89a8100eac3ffff,28149737,11331125078,17.9951,0.024591,elderly
89a8100ea13ffff,89a8100eac7ffff,28149737,12554685114,10.7919,0.437961,elderly
89a8100ea13ffff,89a8100ead7ffff,28149737,2147307307,15.1563,0.137872,elderly
89a8100ea17ffff,89a8100ea07ffff,11287130321,11287099391,16.1589,0.088281,elderly
89a8100ea17ffff,89a8100ea13ffff,11287130321,28149737,12.8466,0.283805,elderly
89a8100ea17ffff,89a8100ea17ffff,11287130321,11287130321,0.5737,0.997971,elderly
89a8100ea1bffff,89a8100ea13ffff,11287146311,28149737,8.1462,0.643552,elderly
89a8100ea1bffff,89a8100ea17ffff,11287146311,11287130321,18.827,0.008463,elderly
89a8100ea1bffff,89a8100ea1bffff,11287146311,11287146311,0.6722,0.997215,elderly
89a8100ea1bffff,89a8100ea57ffff,11287146311,11287035477,12.6641,0.296813,elderly
89a8100ea1bffff,89a8100ea83ffff,11287146311,12088965179,19.9485,1.6e-05,elderly
89a8100ea1bffff,89a8100ea8bffff,11287146311,8572469297,15.819,0.104009,elderly
89a8100ea1bffff,89a8100ea8fffff,11287146311,12258359594,17.5956,0.035238,elderly
89a8100ea1bffff,89a8100eac3ffff,11287146311,11331125078,16.6456,0.067817,elderly
89a8100ea1bffff,89a8100eac7ffff,11287146311,12554685114,14.9236,0.150717,elderly
89a8100ea1bffff,89a8100eacbffff,11287146311,5635274734,19.1648,0.004296,elderly
89a8100ea1bffff,89a8100eacfffff,11287146311,6354712520,13.7354,0.223171,elderly
89a8100ea1bffff,89a8100ead7ffff,11287146311,2147307307,19.6459,0.000773,elderly
89a8100ea2bffff,89a8100ea2bffff,466175219,466175219,0.3698,0.999157,elderly
89a8100ea2bffff,89a8100ea63ffff,466175219,7306551848,18.4879,0.014037,elderly
89a8100ea2bffff,89a8100ea67ffff,466175219,924871041,10.199,0.484376,elderly
89a8100ea2bffff,89a8100ea77ffff,466175219,6879445477,12.1671,0.333065,elderly
89a8100ea3bffff,89a8100ea03ffff,4676590863,4714368990,18.9607,0.006648,elderly
89a8100ea3bffff,89a8100ea07ffff,4676590863,11287099391,10.394,0.469077,elderly
89a8100ea3bffff,89a8100ea0fffff,4676590863,142788297,9.0936,0.570945,elderly
89a8100ea3bffff,89a8100ea17ffff,4676590863,11287130321,17.9375,0.026012,elderly
89a8100ea3bffff,89a8100ea3bffff,4676590863,4676590863,1.1749,0.991509,elderly
89a8100ea43ffff,89a8100c1b3ffff,11287001106,4947783360,19.8063,0.000231,elderly
89a8100ea43ffff,89a8100c527ffff,11287001106,13452330655,18.9569,0.006697,elderly
89a8100ea43ffff,89a8100ea1bffff,11287001106,11287146311,18.6071,0.01192,elderly
89a8100ea43ffff,89a8100ea43ffff,11287001106,11287001106,0.3602,0.9992,elderly
89a8100ea43ffff,89a8100ea47ffff,11287001106,444960068,15.2429,0.133215,elderly
89a8100ea43ffff,89a8100ea4bffff,11287001106,11298600034,11.9582,0.348618,elderly
89a8100ea43ffff,89a8100ea4fffff,11287001106,13446021938,10.5904,0.4537,elderly
89a8100ea43ffff,89a8100ea53ffff,11287001106,13449882082,11.3073,0.398044,elderly
89a8100ea43ffff,89a8100ea57ffff,11287001106,11287035477,9.971,0.502276,elderly
89a8100ea43ffff,89a8100ea5bffff,11287001106,11289900012,16.027,0.094251,elderly
89a8100ea43ffff,89a8100ea7bffff,11287001106,466174576,19.2834,0.003164,elderly
89a8100ea43ffff,89a8100eacfffff,11287001106,6354712520,14.795,0.15801,elderly
89a8100ea47ffff,89a8100c1b7ffff,444960068,444959947,15.7892,0.105442,elderly
89a8100ea47ffff,89a8100ea0bffff,444960068,12519106573,14.7548,0.160324,elderly
89a8100ea47ffff,89a8100ea0fffff,444960068,142788297,18.9317,0.007023,elderly
89a8100ea47ffff,89a8100ea43ffff,444960068,11287001106,17.7323,0.031387,elderly
89a8100ea47ffff,89a8100ea47ffff,444960068,444960068,0.5824,0.997909,elderly
89a8100ea47ffff,89a8100ea4fffff,444960068,13446021938,16.2952,0.082305,elderly
89a8100ea47ffff,89a8100ea7bffff,444960068,466174576,9.8275,0.513543,elderly
89a8100ea4bffff,89a8100c187ffff,11298600034,13444985140,10.6692,0.447538,elderly
89a8100ea4bffff,89a8100c18fffff,11298600034,11298619952,19.8068,0.00023,elderly
89a8100ea4bffff,89a8100c197ffff,11298600034,11298557475,12.0503,0.341738,elderly
89a8100ea4bffff,89a8100c1a3ffff,11298600034,12108257609,19.6316,0.000837,elderly
89a8100ea4bffff,89a8100c1b3ffff,11298600034,4947783360,12.2807,0.324681,elderly
89a8100ea4bffff,89a8100c1bbffff,11298600034,11200433380,15.6864,0.110453,elderly
89a8100ea4bffff,89a8100ea43ffff,11298600034,11287001106,9.1843,0.563889,elderly
89a8100ea4bffff,89a8100ea4bffff,11298600034,11298600034,0.9427,0.994529,elderly
89a8100ea4bffff,89a8100ea4fffff,11298600034,13446021938,10.7072,0.444567,elderly
89a8100ea4bffff,89a8100ea53ffff,11298600034,13449882082,16.3678,0.079198,elderly
89a8100ea4bffff,89a8100ea57ffff,11298600034,11287035477,18.6155,0.011778,elderly
89a8100ea4bffff,89a8100ea5bffff,11298600034,11289900012,16.407,0.07754,elderly
89a8100ea4bffff,89a8100eacfffff,11298600034,6354712520,19.8555,0.000129,elderly
89a8100ea4fffff,89a8100c1a3ffff,13446021938,12108257609,17.7614,0.030596,elderly
89a8100ea4fffff,89a8100c1b3ffff,13446021938,4947783360,17.0834,0.051563,elderly
89a8100ea4fffff,89a8100c1b7ffff,13446021938,444959947,15.9077,0.099793,elderly
89a8100ea4fffff,89a8100ea43ffff,13446021938,11287001106,12.0913,0.338688,elderly
89a8100ea4fffff,89a8100ea47ffff,13446021938,444960068,15.8176,0.104077,elderly
89a8100ea4fffff,89a8100ea4bffff,13446021938,11298600034,14.1088,0.19924,elderly
89a8100ea4fffff,89a8100ea4fffff,13446021938,13446021938,0.4446,0.998781,elderly
89a8100ea4fffff,89a8100ea7bffff,13446021938,466174576,15.0796,0.142054,elderly
89a8100ea53ffff,89a8100c527ffff,13449882082,13452330655,16.0092,0.095069,elderly
89a8100ea53ffff,89a8100c537ffff,13449882082,11404088064,18.1307,0.021401,elderly
89a8100ea53ffff,89a8100ea1bffff,13449882082,11287146311,18.5775,0.01243,elderly
89a8100ea53ffff,89a8100ea43ffff,13449882082,11287001106,13.2481,0.255818,elderly
89a8100ea53ffff,89a8100ea53ffff,13449882082,13449882082,0.3919,0.999053,elderly
89a8100ea53ffff,89a8100ea57ffff,13449882082,11287035477,10.2847,0.47765,elderly
89a8100ea53ffff,89a8100ea5bffff,13449882082,11289900012,16.5939,0.069873,elderly
89a8100ea53ffff,89a8100eac3ffff,13449882082,11331125078,14.2869,0.188181,elderly
89a8100ea53ffff,89a8100eacbffff,13449882082,5635274734,11.0595,0.417171,elderly
89a8100ea53ffff,89a8100eacfffff,13449882082,6354712520,10.6409,0.449747,elderly
89a8100ea57ffff,89a8100ea13ffff,11287035477,28149737,16.3517,0.07988,elderly
89a8100ea57ffff,89a8100ea1bffff,11287035477,11287146311,10.4416,0.465347,elderly
89a8100ea57ffff,89a8100ea43ffff,11287035477,11287001106,13.6961,0.225742,elderly
89a8100ea57ffff,89a8100ea53ffff,11287035477,13449882082,13.6013,0.231999,elderly
89a8100ea57ffff,89a8100ea57ffff,11287035477,11287035477,1.7737,0.980719,elderly
89a8100ea57ffff,89a8100eac3ffff,11287035477,11331125078,18.1904,0.020065,elderly
89a8100ea57ffff,89a8100eac7ffff,11287035477,12554685114,17.9954,0.024583,elderly
89a8100ea57ffff,89a8100eacbffff,11287035477,5635274734,15.1533,0.138034,elderly
89a8100ea57ffff,89a8100eacfffff,11287035477,6354712520,9.7239,0.52168,elderly
89a8100ea5bffff,89a8100c197ffff,11289900012,11298557475,13.1921,0.259666,elderly
89a8100ea5bffff,89a8100c523ffff,11289900012,10561374326,19.8543,0.000131,elderly
89a8100ea5bffff,89a8100c527ffff,11289900012,13452330655,10.329,0.474173,elderly
89a8100ea5bffff,89a8100c52fffff,11289900012,11292167922,15.8172,0.104094,elderly
89a8100ea5bffff,89a8100ea43ffff,11289900012,11287001106,13.7294,0.223561,elderly
89a8100ea5bffff,89a8100ea4bffff,11289900012,11298600034,15.2144,0.13474,elderly
89a8100ea5bffff,89a8100ea53ffff,11289900012,13449882082,13.286,0.253226,elderly
89a8100ea5bffff,89a8100ea5bffff,11289900012,11289900012,1.0203,0.993592,elderly
89a8100ea5bffff,89a8100eacbffff,11289900012,5635274734,18.5292,0.013285,elderly
89a8100ea63ffff,89a8100ea63ffff,7306551848,7306551848,1.3786,0.988322,elderly
89a8100ea63ffff,89a8100ea67ffff,7306551848,924871041,12.2704,0.32544,elderly
89a8100ea63ffff,89a8100ea6bffff,7306551848,11237359275,15.306,0.129869,elderly
89a8100ea63ffff,89a8100ea6fffff,7306551848,466174783,6.71,0.747044,elderly
89a8100ea63ffff,89a8100ea7bffff,7306551848,466174576,17.9715,0.025168,elderly
89a8100ea67ffff,89a8100ea2bffff,924871041,466175219,18.7383,0.009787,elderly
89a8100ea67ffff,89a8100ea63ffff,924871041,7306551848,18.879,0.007732,elderly
89a8100ea67ffff,89a8100ea67ffff,924871041,924871041,1.9801,0.976008,elderly
89a8100ea6bffff,89a8100ea6bffff,11237359275,11237359275,2.8467,0.95084,elderly
89a8100ea6bffff,89a8100ea7bffff,11237359275,466174576,15.2057,0.135208,elderly
89a8100ea6fffff,89a8100ea63ffff,466174783,7306551848,10.5505,0.45682,elderly
89a8100ea6fffff,89a8100ea67ffff,466174783,924871041,19.6645,0.000694,elderly
89a8100ea6fffff,89a8100ea6fffff,466174783,466174783,4.89,0.859611,elderly
89a8100ea73ffff,89a8100ea73ffff,6879445468,6879445468,1.4661,0.9868,elderly
89a8100ea77ffff,89a8100ea2bffff,6879445477,466175219,13.6162,0.231014,elderly
89a8100ea77ffff,89a8100ea67ffff,6879445477,924871041,13.7941,0.219344,elderly
89a8100ea77ffff,89a8100ea77ffff,6879445477,6879445477,0.5243,0.998305,elderly
89a8100ea7bffff,89a8100c1b7ffff,466174576,444959947,9.0276,0.576077,elderly
89a8100ea7bffff,89a8100ea47ffff,466174576,444960068,14.9341,0.150127,elderly
89a8100ea7bffff,89a8100ea6bffff,466174576,11237359275,11.2684,0.401038,elderly
89a8100ea7bffff,89a8100ea7bffff,466174576,466174576,0.845,0.995602,elderly
89a8100ea83ffff,89a8100ea83ffff,12088965179,12088965179,1.7558,0.981104,elderly
89a8100ea83ffff,89a8100ea8bffff,12088965179,8572469297,16.2795,0.082985,elderly
89a8100ea83ffff,89a8100ea8fffff,12088965179,12258359594,13.1792,0.260555,elderly
89a8100ea83ffff,89a8100ea9bffff,12088965179,303562378,18.0771,0.022636,elderly
89a8100ea8bffff,89a8100ea13ffff,8572469297,28149737,11.8105,0.359715,elderly
89a8100ea8bffff,89a8100ea83ffff,8572469297,12088965179,9.7909,0.516417,elderly
89a8100ea8bffff,89a8100ea8bffff,8572469297,8572469297,2.4636,0.963026,elderly
89a8100ea8bffff,89a8100ea8fffff,8572469297,12258359594,13.6666,0.227685,elderly
89a8100ea8bffff,89a8100ea93ffff,8572469297,8950638851,19.3439,0.002653,elderly
89a8100ea8bffff,89a8100ea9bffff,8572469297,303562378,14.8496,0.154897,elderly
89a8100ea8bffff,89a8100eac7ffff,8572469297,12554685114,12.8005,0.287076,elderly
89a8100ea8bffff,89a8100ead7ffff,8572469297,2147307307,17.1649,0.048768,elderly
89a8100ea8fffff,89a8100ea13ffff,12258359594,28149737,14.1097,0.199179,elderly
89a8100ea8fffff,89a8100ea83ffff,12258359594,12088965179,9.3031,0.554628,elderly
89a8100ea8fffff,89a8100ea8bffff,12258359594,8572469297,15.0372,0.144387,elderly
89a8100ea8fffff,89a8100ea8fffff,12258359594,12258359594,0.5053,0.998426,elderly
89a8100ea8fffff,89a8100ea9bffff,12258359594,303562378,16.8348,0.060536,elderly
89a8100ea93ffff,89a8100ea93ffff,8950638851,8950638851,0.963,0.99429,elderly
89a8100ea93ffff,89a8100ea9bffff,8950638851,303562378,12.038,0.342656,elderly
89a8100ea93ffff,89a8100ee2bffff,8950638851,4343780793,15.7391,0.107871,elderly
89a8100ea93ffff,89a8100ee67ffff,8950638851,8026880962,13.185,0.260157,elderly
89a8100ea9bffff,89a8100ea83ffff,303562378,12088965179,18.3739,0.016221,elderly
89a8100ea9bffff,89a8100ea93ffff,303562378,8950638851,13.1531,0.262354,elderly
89a8100ea9bffff,89a8100ea9bffff,303562378,303562378,1.0383,0.993364,elderly
89a8100ea9bffff,89a8100ead7ffff,303562378,2147307307,13.955,0.208977,elderly
89a8100ea9bffff,89a8100ee2bffff,303562378,4343780793,13.7959,0.219228,elderly
89a8100ea9bffff,89a8100ee67ffff,303562378,8026880962,10.7773,0.439102,elderly
89a8100ea9bffff,89a8100ee6fffff,303562378,303562332,14.6093,0.168799,elderly
89a8100ea9bffff,89a8100ee77ffff,303562378,4187978113,19.9718,5e-06,elderly
89a8100eac3ffff,89a8100c5a7ffff,11331125078,11315561922,19.6278,0.000854,elderly
89a8100eac3ffff,89a8100ea13ffff,11331125078,28149737,19.6721,0.000663,elderly
89a8100eac3ffff,89a8100ea9bffff,11331125078,303562378,16.9085,0.057806,elderly
89a8100eac3ffff,89a8100eac3ffff,11331125078,11331125078,0.2502,0.999614,elderly
89a8100eac3ffff,89a8100eac7ffff,11331125078,12554685114,17.2571,0.045694,elderly
89a8100eac3ffff,89a8100eacbffff,11331125078,5635274734,11.8694,0.355277,elderly
89a8100eac3ffff,89a8100eacfffff,11331125078,6354712520,17.9773,0.025026,elderly
89a8100eac3ffff,89a8100ead3ffff,11331125078,11334987710,11.3886,0.391802,elderly
89a8100eac3ffff,89a8100ead7ffff,11331125078,2147307307,9.5309,0.536808,elderly
89a8100eac3ffff,89a8100eadbffff,11331125078,13452423932,11.2207,0.404713,elderly
89a8100eac7ffff,89a8100ea13ffff,12554685114,28149737,11.9479,0.349388,elderly
89a8100eac7ffff,89a8100ea1bffff,12554685114,11287146311,18.2443,0.018894,elderly
89a8100eac7ffff,89a8100ea83ffff,12554685114,12088965179,16.0544,0.092997,elderly
89a8100eac7ffff,89a8100ea8bffff,12554685114,8572469297,13.4755,0.240396,elderly
89a8100eac7ffff,89a8100ea8fffff,12554685114,12258359594,19.93,3e-05,elderly
89a8100eac7ffff,89a8100ea9bffff,12554685114,303562378,16.0735,0.092124,elderly
89a8100eac7ffff,89a8100eac3ffff,12554685114,11331125078,14.6576,0.165962,elderly
89a8100eac7ffff,89a8100eac7ffff,12554685114,12554685114,0.1767,0.999808,elderly
89a8100eac7ffff,89a8100ead7ffff,12554685114,2147307307,12.3186,0.321896,elderly
89a8100eacbffff,89a8100c537ffff,5635274734,11404088064,16.8288,0.060763,elderly
89a8100eacbffff,89a8100ea53ffff,5635274734,13449882082,17.9533,0.025617,elderly
89a8100eacbffff,89a8100eac3ffff,5635274734,11331125078,8.5633,0.61188,elderly
89a8100eacbffff,89a8100eacbffff,5635274734,5635274734,0.1331,0.999891,elderly
89a8100eacbffff,89a8100eacfffff,5635274734,6354712520,11.899,0.353056,elderly
89a8100eacbffff,89a8100ead3ffff,5635274734,11334987710,14.5254,0.17376,elderly
89a8100eacbffff,89a8100ead7ffff,5635274734,2147307307,17.8434,0.028415,elderly
89a8100eacbffff,89a8100eadbffff,5635274734,13452423932,13.6155,0.231059,elderly
89a8100eacfffff,89a8100ea13ffff,6354712520,28149737,18.7167,0.010124,elderly
89a8100eacfffff,89a8100ea1bffff,6354712520,11287146311,12.8066,0.286644,elderly
89a8100eacfffff,89a8100ea53ffff,6354712520,13449882082,14.3284,0.185644,elderly
89a8100eacfffff,89a8100ea57ffff,6354712520,11287035477,11.4967,0.383533,elderly
89a8100eacfffff,89a8100eac3ffff,6354712520,11331125078,10.3341,0.473774,elderly
89a8100eacfffff,89a8100eac7ffff,6354712520,12554685114,18.8163,0.008618,elderly
89a8100eacfffff,89a8100eacbffff,6354712520,5635274734,7.2971,0.705968,elderly
89a8100eacfffff,89a8100eacfffff,6354712520,6354712520,1.8676,0.978639,elderly
89a8100eacfffff,89a8100ead7ffff,6354712520,2147307307,15.0852,0.141745,elderly
89a8100eacfffff,89a8100eadbffff,6354712520,13452423932,19.6771,0.000643,elderly
89a8100ead3ffff,89a8100c5a7ffff,11334987710,11315561922,14.7905,0.158271,elderly
89a8100ead3ffff,89a8100c5b7ffff,11334987710,11380298950,17.8954,0.027074,elderly
89a8100ead3ffff,89a8100ea9bffff,11334987710,303562378,19.2479,0.003485,elderly
89a8100ead3ffff,89a8100eac3ffff,11334987710,11331125078,11.5945,0.376077,elderly
89a8100ead3ffff,89a8100eacbffff,11334987710,5635274734,18.9934,0.006238,elderly
89a8100ead3ffff,89a8100ead3ffff,11334987710,11334987710,1.1114,0.992401,elderly
89a8100ead3ffff,89a8100ead7ffff,11334987710,2147307307,14.5779,0.170646,elderly
89a8100ead3ffff,89a8100eadbffff,11334987710,13452423932,12.7328,0.291896,elderly
89a8100ead3ffff,89a8100ee63ffff,11334987710,4234762112,16.7007,0.065658,elderly
89a8100ead3ffff,89a8100ee6bffff,11334987710,60624735,11.7179,0.366711,elderly
89a8100ead3ffff,89a8100ee6fffff,11334987710,303562332,14.7025,0.163347,elderly
89a8100ead7ffff,89a8100ea13ffff,2147307307,28149737,19.9881,1e-06,elderly
89a8100ead7ffff,89a8100ea9bffff,2147307307,303562378,8.5386,0.613771,elderly
89a8100ead7ffff,89a8100eac3ffff,2147307307,11331125078,10.8513,0.433339,elderly
89a8100ead7ffff,89a8100eac7ffff,2147307307,12554685114,15.9944,0.095751,elderly
89a8100ead7ffff,89a8100ead3ffff,2147307307,11334987710,15.3745,0.126274,elderly
89a8100ead7ffff,89a8100ead7ffff,2147307307,2147307307,0.6095,0.99771,elderly
89a8100ead7ffff,89a8100ee67ffff,2147307307,8026880962,12.3991,0.316005,elderly
89a8100ead7ffff,89a8100ee6fffff,2147307307,303562332,13.9123,0.211708,elderly
89a8100eadbffff,89a8100c5a3ffff,13452423932,13450161955,17.1839,0.048125,elderly
89a8100eadbffff,89a8100c5a7ffff,13452423932,11315561922,12.5072,0.308138,elderly
89a8100eadbffff,89a8100c5afffff,13452423932,11380109175,18.0467,0.023351,elderly
89a8100eadbffff,89a8100eac3ffff,13452423932,11331125078,12.7063,0.293793,elderly
89a8100eadbffff,89a8100eacbffff,13452423932,5635274734,19.5735,0.001122,elderly
89a8100eadbffff,89a8100ead3ffff,13452423932,11334987710,14.5124,0.174534,elderly
89a8100eadbffff,89a8100eadbffff,13452423932,13452423932,1.4144,0.98771,elderly
89a8100eadbffff,89a8100ee6bffff,13452423932,60624735,19.5619,0.001184,elderly
89a8100ee03ffff,89a8100ee03ffff,300059078,300059078,1.369,0.988484,elderly
89a8100ee03ffff,89a8100ee0bffff,300059078,302727634,10.794,0.437802,elderly
89a8100ee03ffff,89a8100ee0fffff,300059078,1389167116,16.5002,0.073673,elderly
89a8100ee03ffff,89a8100ee13ffff,300059078,3316883638,18.4899,0.014,elderly
89a8100ee03ffff,89a8100ee17ffff,300059078,3316883639,7.9364,0.659255,elderly
89a8100ee03ffff,89a8100ee1bffff,300059078,4187978161,13.5819,0.233285,elderly
89a8100ee03ffff,89a8100ee57ffff,300059078,303788601,19.5618,0.001184,elderly
89a8100ee03ffff,89a8100eec7ffff,300059078,142811324,19.5318,0.001351,elderly
89a8100ee07ffff,89a8100ee07ffff,1389167151,1389167151,3.5898,0.922595,elderly
89a8100ee07ffff,89a8100ee0fffff,1389167151,1389167116,11.5233,0.381502,elderly
89a8100ee07ffff,89a8100ee3bffff,1389167151,8754047094,12.9431,0.276999,elderly
89a8100ee07ffff,89a8100ee77ffff,1389167151,4187978113,19.811,0.00022,elderly
89a8100ee0bffff,89a8100ee03ffff,302727634,300059078,13.4503,0.242084,elderly
89a8100ee0bffff,89a8100ee07ffff,302727634,1389167151,17.4919,0.038305,elderly
89a8100ee0bffff,89a8100ee0bffff,302727634,302727634,1.5669,0.984932,elderly
89a8100ee0bffff,89a8100ee0fffff,302727634,1389167116,9.8089,0.515003,elderly
89a8100ee0bffff,89a8100ee13ffff,302727634,3316883638,18.0584,0.023074,elderly
89a8100ee0bffff,89a8100ee17ffff,302727634,3316883639,18.8604,0.007989,elderly
89a8100ee0bffff,89a8100ee1bffff,302727634,4187978161,8.8706,0.588235,elderly
89a8100ee0bffff,89a8100ee43ffff,302727634,303788527,19.9555,1.2e-05,elderly
89a8100ee0bffff,89a8100ee47ffff,302727634,303788569,15.4207,0.123873,elderly
89a8100ee0bffff,89a8100ee57ffff,302727634,303788601,10.3347,0.473722,elderly
89a8100ee0bffff,89a8100ee73ffff,302727634,303561646,13.0463,0.26977,elderly
89a8100ee0bffff,89a8100ee7bffff,302727634,11381714308,18.8668,0.007901,elderly
89a8100ee0bffff,89a8100eec7ffff,302727634,142811324,18.5942,0.012141,elderly
89a8100ee0bffff,89a8100eecfffff,302727634,10293138120,16.3513,0.079899,elderly
89a8100ee0fffff,89a8100ee03ffff,1389167116,300059078,19.8712,0.000102,elderly
89a8100ee0fffff,89a8100ee07ffff,1389167116,1389167151,9.2647,0.557625,elderly
89a8100ee0fffff,89a8100ee0bffff,1389167116,302727634,10.5367,0.457896,elderly
89a8100ee0fffff,89a8100ee0fffff,1389167116,1389167116,1.5817,0.984646,elderly
89a8100ee0fffff,89a8100ee1bffff,1389167116,4187978161,17.8405,0.028492,elderly
89a8100ee0fffff,89a8100ee3bffff,1389167116,8754047094,14.3698,0.183116,elderly
89a8100ee0fffff,89a8100ee47ffff,1389167116,303788569,19.7326,0.000441,elderly
89a8100ee0fffff,89a8100ee57ffff,1389167116,303788601,19.1705,0.004238,elderly
89a8100ee0fffff,89a8100ee63ffff,1389167116,4234762112,17.8404,0.028495,elderly
89a8100ee0fffff,89a8100ee73ffff,1389167116,303561646,10.3734,0.470689,elderly
89a8100ee0fffff,89a8100ee77ffff,1389167116,4187978113,13.1867,0.260039,elderly
89a8100ee0fffff,89a8100ee7bffff,1389167116,11381714308,19.3225,0.002828,elderly
89a8100ee13ffff,89a8100ee0bffff,3316883638,302727634,17.5177,0.037531,elderly
89a8100ee13ffff,89a8100ee13ffff,3316883638,3316883638,1.0435,0.993298,elderly
89a8100ee13ffff,89a8100ee17ffff,3316883638,3316883639,13.1237,0.264389,elderly
89a8100ee13ffff,89a8100ee1bffff,3316883638,4187978161,15.5432,0.1176,elderly
89a8100ee13ffff,89a8100ee8bffff,3316883638,301666018,7.4448,0.695341,elderly
89a8100ee13ffff,89a8100ee8fffff,3316883638,10200791046,10.0632,0.495038,elderly
89a8100ee13ffff,89a8100eec7ffff,3316883638,142811324,12.7653,0.289582,elderly
89a8100ee13ffff,89a8100eecfffff,3316883638,10293138120,19.971,5e-06,elderly
89a8100ee17ffff,89a8100ee03ffff,3316883639,300059078,11.0175,0.420426,elderly
89a8100ee17ffff,89a8100ee13ffff,3316883639,3316883638,14.8605,0.154279,elderly
89a8100ee17ffff,89a8100ee17ffff,3316883639,3316883639,2.2057,0.970287,elderly
89a8100ee17ffff,89a8100ee8fffff,3316883639,10200791046,15.5668,0.116409,elderly
89a8100ee1bffff,89a8100ee03ffff,4187978161,300059078,15.9679,0.09698,elderly
89a8100ee1bffff,89a8100ee0bffff,4187978161,302727634,8.8664,0.588566,elderly
89a8100ee1bffff,89a8100ee0fffff,4187978161,1389167116,17.1084,0.050696,elderly
89a8100ee1bffff,89a8100ee13ffff,4187978161,3316883638,15.8849,0.100872,elderly
89a8100ee1bffff,89a8100ee17ffff,4187978161,3316883639,16.8583,0.05966,elderly
89a8100ee1bffff,89a8100ee1bffff,4187978161,4187978161,1.4699,0.986732,elderly
89a8100ee1bffff,89a8100ee43ffff,4187978161,303788527,18.6302,0.01153,elderly
89a8100ee1bffff,89a8100ee47ffff,4187978161,303788569,19.0441,0.005626,elderly
89a8100ee1bffff,89a8100ee53ffff,4187978161,11374107987,18.7636,0.009399,elderly
89a8100ee1bffff,89a8100ee57ffff,4187978161,303788601,9.0094,0.577488,elderly
89a8100ee1bffff,89a8100ee8bffff,4187978161,301666018,16.3025,0.08199,elderly
89a8100ee1bffff,89a8100eec3ffff,4187978161,11374715239,16.4049,0.077631,elderly
89a8100ee1bffff,89a8100eec7ffff,4187978161,142811324,11.9974,0.345685,elderly
89a8100ee1bffff,89a8100eecfffff,4187978161,10293138120,11.3611,0.393912,elderly
89a8100ee2bffff,89a8100ea93ffff,4343780793,8950638851,18.4607,0.014545,elderly
89a8100ee2bffff,89a8100ea9bffff,4343780793,303562378,14.9379,0.149914,elderly
89a8100ee2bffff,89a8100ee2bffff,4343780793,4343780793,2.7749,0.953249,elderly
89a8100ee2bffff,89a8100ee3bffff,4343780793,8754047094,18.6421,0.011331,elderly
89a8100ee2bffff,89a8100ee63ffff,4343780793,4234762112,19.0751,0.005268,elderly
89a8100ee2bffff,89a8100ee67ffff,4343780793,8026880962,8.3967,0.624596,elderly
89a8100ee2bffff,89a8100ee6fffff,4343780793,303562332,18.5991,0.012057,elderly
89a8100ee2bffff,89a8100ee77ffff,4343780793,4187978113,11.5528,0.379252,elderly
89a8100ee3bffff,89a8100ee07ffff,8754047094,1389167151,8.4644,0.619437,elderly
89a8100ee3bffff,89a8100ee0fffff,8754047094,1389167116,11.7451,0.364651,elderly
89a8100ee3bffff,89a8100ee2bffff,8754047094,4343780793,17.4786,0.038705,elderly
89a8100ee3bffff,89a8100ee3bffff,8754047094,8754047094,1.028,0.993496,elderly
89a8100ee3bffff,89a8100ee63ffff,8754047094,4234762112,19.7086,0.000524,elderly
89a8100ee3bffff,89a8100ee67ffff,8754047094,8026880962,15.3094,0.129686,elderly
89a8100ee3bffff,89a8100ee73ffff,8754047094,303561646,18.2315,0.019169,elderly
89a8100ee3bffff,89a8100ee77ffff,8754047094,4187978113,7.8959,0.662262,elderly
89a8100ee43ffff,89a8100c597ffff,303788527,11374075968,15.2828,0.131096,elderly
89a8100ee43ffff,89a8100e32fffff,303788527,13165518049,19.6456,0.000774,elderly
89a8100ee43ffff,89a8100ee0bffff,303788527,302727634,16.8935,0.058357,elderly
89a8100ee43ffff,89a8100ee1bffff,303788527,4187978161,16.0698,0.092295,elderly
89a8100ee43ffff,89a8100ee43ffff,303788527,303788527,0.3792,0.999113,elderly
89a8100ee43ffff,89a8100ee47ffff,303788527,303788569,7.6286,0.681972,elderly
89a8100ee43ffff,89a8100ee4bffff,303788527,142806216,14.029,0.204269,elderly
89a8100ee43ffff,89a8100ee4fffff,303788527,303788630,12.4308,0.31369,elderly
89a8100ee43ffff,89a8100ee53ffff,303788527,11374107987,9.7836,0.516993,elderly
89a8100ee43ffff,89a8100ee57ffff,303788527,303788601,8.8241,0.59183,elderly
89a8100ee43ffff,89a8100ee5bffff,303788527,3317179765,7.5969,0.684287,elderly
89a8100ee43ffff,89a8100ee73ffff,303788527,303561646,16.2633,0.083688,elderly
89a8100ee43ffff,89a8100ee7bffff,303788527,11381714308,15.6887,0.110342,elderly
89a8100ee43ffff,89a8100eecbffff,303788527,303788723,16.3139,0.081497,elderly
89a8100ee43ffff,89a8100eecfffff,303788527,10293138120,15.2385,0.13345,elderly
89a8100ee47ffff,89a8100c5b7ffff,303788569,11380298950,17.3502,0.042691,elderly
89a8100ee47ffff,89a8100ee0bffff,303788569,302727634,14.484,0.176234,elderly
89a8100ee47ffff,89a8100ee0fffff,303788569,1389167116,17.2905,0.044606,elderly
89a8100ee47ffff,89a8100ee1bffff,303788569,4187978161,18.7754,0.009222,elderly
89a8100ee47ffff,89a8100ee43ffff,303788569,303788527,10.3466,0.472788,elderly
89a8100ee47ffff,89a8100ee47ffff,303788569,303788569,0.6232,0.997606,elderly
89a8100ee47ffff,89a8100ee4bffff,303788569,142806216,17.66,0.033399,elderly
89a8100ee47ffff,89a8100ee4fffff,303788569,303788630,8.2982,0.632076,elderly
89a8100ee47ffff,89a8100ee53ffff,303788569,11374107987,16.3798,0.078689,elderly
89a8100ee47ffff,89a8100ee57ffff,303788569,303788601,11.5297,0.381008,elderly
89a8100ee47ffff,89a8100ee5bffff,303788569,3317179765,17.3829,0.041657,elderly
89a8100ee47ffff,89a8100ee63ffff,303788569,4234762112,15.4978,0.119911,elderly
89a8100ee47ffff,89a8100ee73ffff,303788569,303561646,9.2578,0.558158,elderly
89a8100ee47ffff,89a8100ee7bffff,303788569,11381714308,10.692,0.44576,elderly
89a8100ee4bffff,89a8100c587ffff,142806216,303858897,15.8479,0.102629,elderly
89a8100ee4bffff,89a8100c597ffff,142806216,11374075968,12.2176,0.329334,elderly
89a8100ee4bffff,89a8100c5b3ffff,142806216,11381688343,15.9461,0.097996,elderly
89a8100ee4bffff,89a8100c5b7ffff,142806216,11380298950,16.6643,0.06708,elderly
89a8100ee4bffff,89a8100ee43ffff,142806216,303788527,13.3883,0.246273,elderly
89a8100ee4bffff,89a8100ee47ffff,142806216,303788569,16.7748,0.062802,elderly
89a8100ee4bffff,89a8100ee4bffff,142806216,142806216,1.487,0.986422,elderly
89a8100ee4bffff,89a8100ee4fffff,142806216,303788630,12.3077,0.322701,elderly
89a8100ee4bffff,89a8100ee53ffff,142806216,11374107987,16.3016,0.082029,elderly
89a8100ee4bffff,89a8100ee57ffff,142806216,303788601,18.9185,0.007198,elderly
89a8100ee4bffff,89a8100ee5bffff,142806216,3317179765,11.4166,0.389659,elderly
89a8100ee4bffff,89a8100ee7bffff,142806216,11381714308,16.8015,0.061791,elderly
89a8100ee4fffff,89a8100c5a3ffff,303788630,13450161955,19.1862,0.00408,elderly
89a8100ee4fffff,89a8100c5b3ffff,303788630,11381688343,18.6542,0.011131,elderly
89a8100ee4fffff,89a8100c5b7ffff,303788630,11380298950,12.0189,0.344079,elderly
89a8100ee4fffff,89a8100ee43ffff,303788630,303788527,12.7466,0.290912,elderly
89a8100ee4fffff,89a8100ee47ffff,303788630,303788569,8.1327,0.644561,elderly
89a8100ee4fffff,89a8100ee4bffff,303788630,142806216,15.3355,0.128314,elderly
89a8100ee4fffff,89a8100ee4fffff,303788630,303788630,2.9669,0.946677,elderly
89a8100ee4fffff,89a8100ee57ffff,303788630,303788601,17.2127,0.047162,elderly
89a8100ee4fffff,89a8100ee5bffff,303788630,3317179765,18.3522,0.016656,elderly
89a8100ee4fffff,89a8100ee63ffff,303788630,4234762112,17.6192,0.034559,elderly
89a8100ee4fffff,89a8100ee73ffff,303788630,303561646,15.0423,0.144106,elderly
89a8100ee4fffff,89a8100ee7bffff,303788630,11381714308,11.8335,0.357978,elderly
89a8100ee53ffff,89a8100c597ffff,11374107987,11374075968,18.8047,0.008788,elderly
89a8100ee53ffff,89a8100e327ffff,11374107987,6697698868,18.1949,0.019965,elderly
89a8100ee53ffff,89a8100ee0bffff,11374107987,302727634,19.7477,0.000393,elderly
89a8100ee53ffff,89a8100ee1bffff,11374107987,4187978161,18.5059,0.013707,elderly
89a8100ee53ffff,89a8100ee43ffff,11374107987,303788527,13.7579,0.221697,elderly
89a8100ee53ffff,89a8100ee47ffff,11374107987,303788569,16.5451,0.071838,elderly
89a8100ee53ffff,89a8100ee4bffff,11374107987,142806216,18.2348,0.019099,elderly
89a8100ee53ffff,89a8100ee53ffff,11374107987,11374107987,0.5046,0.99843,elderly
89a8100ee53ffff,89a8100ee57ffff,11374107987,303788601,11.7723,0.362591,elderly
89a8100ee53ffff,89a8100ee5bffff,11374107987,3317179765,11.1188,0.41258,elderly
89a8100ee53ffff,89a8100eec3ffff,11374107987,11374715239,12.542,0.305615,elderly
89a8100ee53ffff,89a8100eec7ffff,11374107987,142811324,18.4373,0.014988,elderly
89a8100ee53ffff,89a8100eecbffff,11374107987,303788723,7.0349,0.724548,elderly
89a8100ee53ffff,89a8100eecfffff,11374107987,10293138120,9.3159,0.553627,elderly
89a8100ee57ffff,89a8100ee0bffff,303788601,302727634,9.4655,0.541934,elderly
89a8100ee57ffff,89a8100ee0fffff,303788601,1389167116,17.7075,0.03207,elderly
89a8100ee57ffff,89a8100ee1bffff,303788601,4187978161,8.6417,0.605871,elderly
89a8100ee57ffff,89a8100ee43ffff,303788601,303788527,11.0168,0.420477,elderly
89a8100ee57ffff,89a8100ee47ffff,303788601,303788569,11.4308,0.38857,elderly
89a8100ee57ffff,89a8100ee4fffff,303788601,303788630,18.3172,0.017367,elderly
89a8100ee57ffff,89a8100ee53ffff,303788601,11374107987,11.4088,0.390258,elderly
89a8100ee57ffff,89a8100ee57ffff,303788601,303788601,1.3961,0.988026,elderly
89a8100ee57ffff,89a8100ee5bffff,303788601,3317179765,18.0531,0.023199,elderly
89a8100ee57ffff,89a8100ee73ffff,303788601,303561646,16.7158,0.06507,elderly
89a8100ee57ffff,89a8100eec3ffff,303788601,11374715239,18.4077,0.015558,elderly
89a8100ee57ffff,89a8100eec7ffff,303788601,142811324,17.3249,0.043496,elderly
89a8100ee57ffff,89a8100eecbffff,303788601,303788723,17.1604,0.048921,elderly
89a8100ee57ffff,89a8100eecfffff,303788601,10293138120,10.7313,0.442686,elderly
89a8100ee5bffff,89a8100c587ffff,3317179765,303858897,17.7139,0.031894,elderly
89a8100ee5bffff,89a8100c593ffff,3317179765,304111065,18.9115,0.007291,elderly
89a8100ee5bffff,89a8100c597ffff,3317179765,11374075968,8.4015,0.624228,elderly
89a8100ee5bffff,89a8100e323ffff,3317179765,5239723179,19.7641,0.000343,elderly
89a8100ee5bffff,89a8100e32fffff,3317179765,13165518049,13.8009,0.218897,elderly
89a8100ee5bffff,89a8100ee43ffff,3317179765,303788527,9.266,0.557523,elderly
89a8100ee5bffff,89a8100ee47ffff,3317179765,303788569,16.2666,0.083543,elderly
89a8100ee5bffff,89a8100ee4bffff,3317179765,142806216,10.6656,0.447821,elderly
89a8100ee5bffff,89a8100ee4fffff,3317179765,303788630,17.3963,0.041237,elderly
89a8100ee5bffff,89a8100ee53ffff,3317179765,11374107987,8.6376,0.606185,elderly
89a8100ee5bffff,89a8100ee57ffff,3317179765,303788601,17.4621,0.039208,elderly
89a8100ee5bffff,89a8100ee5bffff,3317179765,3317179765,0.7157,0.996844,elderly
89a8100ee5bffff,89a8100eecbffff,3317179765,303788723,15.168,0.137243,elderly
89a8100ee5bffff,89a8100eecfffff,3317179765,10293138120,16.3775,0.078785,elderly
89a8100ee63ffff,89a8100c5b7ffff,4234762112,11380298950,16.4029,0.077715,elderly
89a8100ee63ffff,89a8100ea9bffff,4234762112,303562378,18.9103,0.007307,elderly
89a8100ee63ffff,89a8100ead3ffff,4234762112,11334987710,18.8333,0.008373,elderly
89a8100ee63ffff,89a8100ee0fffff,4234762112,1389167116,15.6508,0.112213,elderly
89a8100ee63ffff,89a8100ee2bffff,4234762112,4343780793,18.5108,0.013617,elderly
89a8100ee63ffff,89a8100ee47ffff,4234762112,303788569,16.8951,0.058299,elderly
89a8100ee63ffff,89a8100ee4fffff,4234762112,303788630,19.791,0.000269,elderly
89a8100ee63ffff,89a8100ee63ffff,4234762112,4234762112,1.3941,0.988059,elderly
89a8100ee63ffff,89a8100ee67ffff,4234762112,8026880962,9.7891,0.516559,elderly
89a8100ee63ffff,89a8100ee6bffff,4234762112,60624735,17.7375,0.031245,elderly
89a8100ee63ffff,89a8100ee6fffff,4234762112,303562332,12.2732,0.325232,elderly
89a8100ee63ffff,89a8100ee73ffff,4234762112,303561646,10.6742,0.447146,elderly
89a8100ee63ffff,89a8100ee77ffff,4234762112,4187978113,12.9856,0.274014,elderly
89a8100ee63ffff,89a8100ee7bffff,4234762112,11381714308,12.4728,0.310637,elderly
89a8100ee67ffff,89a8100ea93ffff,8026880962,8950638851,17.0244,0.05363,elderly
89a8100ee67ffff,89a8100ea9bffff,8026880962,303562378,13.5016,0.238646,elderly
89a8100ee67ffff,89a8100ead7ffff,8026880962,2147307307,18.4178,0.015362,elderly
89a8100ee67ffff,89a8100ee2bffff,8026880962,4343780793,10.9052,0.429147,elderly
89a8100ee67ffff,89a8100ee3bffff,8026880962,8754047094,18.7637,0.009399,elderly
89a8100ee67ffff,89a8100ee63ffff,8026880962,4234762112,12.7447,0.291048,elderly
89a8100ee67ffff,89a8100ee67ffff,8026880962,8026880962,0.2841,0.999502,elderly
89a8100ee67ffff,89a8100ee6fffff,8026880962,303562332,10.4865,0.46183,elderly
89a8100ee67ffff,89a8100ee77ffff,8026880962,4187978113,10.9415,0.426321,elderly
89a8100ee6bffff,89a8100c5a7ffff,60624735,11315561922,15.4007,0.124907,elderly
89a8100ee6bffff,89a8100c5b7ffff,60624735,11380298950,12.6661,0.296673,elderly
89a8100ee6bffff,89a8100ead3ffff,60624735,11334987710,13.6474,0.228953,elderly
89a8100ee6bffff,89a8100ee63ffff,60624735,4234762112,17.5327,0.037083,elderly
89a8100ee6bffff,89a8100ee6bffff,60624735,60624735,2.4856,0.962373,elderly
89a8100ee6bffff,89a8100ee6fffff,60624735,303562332,15.5346,0.118039,elderly
89a8100ee6bffff,89a8100ee7bffff,60624735,11381714308,18.345,0.016801,elderly
89a8100ee6fffff,89a8100ea9bffff,303562332,303562378,11.8209,0.358926,elderly
89a8100ee6fffff,89a8100ead3ffff,303562332,11334987710,15.8868,0.100783,elderly
89a8100ee6fffff,89a8100ead7ffff,303562332,2147307307,16.5403,0.072035,elderly
89a8100ee6fffff,89a8100ee2bffff,303562332,4343780793,18.6551,0.011115,elderly
89a8100ee6fffff,89a8100ee63ffff,303562332,4234762112,10.6913,0.445808,elderly
89a8100ee6fffff,89a8100ee67ffff,303562332,8026880962,8.3344,0.629328,elderly
89a8100ee6fffff,89a8100ee6bffff,303562332,60624735,14.791,0.158244,elderly
89a8100ee6fffff,89a8100ee6fffff,303562332,303562332,0.5338,0.998243,elderly
89a8100ee6fffff,89a8100ee73ffff,303562332,303561646,19.9715,5e-06,elderly
89a8100ee6fffff,89a8100ee77ffff,303562332,4187978113,15.0013,0.146377,elderly
89a8100ee6fffff,89a8100ee7bffff,303562332,11381714308,19.0481,0.005579,elderly
89a8100ee73ffff,89a8100c5b7ffff,303561646,11380298950,18.8716,0.007833,elderly
89a8100ee73ffff,89a8100ee07ffff,303561646,1389167151,16.6019,0.069555,elderly
89a8100ee73ffff,89a8100ee0bffff,303561646,302727634,14.0477,0.203082,elderly
89a8100ee73ffff,89a8100ee0fffff,303561646,1389167116,8.9189,0.584501,elderly
89a8100ee73ffff,89a8100ee47ffff,303561646,303788569,11.9747,0.347383,elderly
89a8100ee73ffff,89a8100ee4fffff,303561646,303788630,18.3996,0.015716,elderly
89a8100ee73ffff,89a8100ee57ffff,303561646,303788601,17.4992,0.038084,elderly
89a8100ee73ffff,89a8100ee63ffff,303561646,4234762112,12.7923,0.287657,elderly
89a8100ee73ffff,89a8100ee67ffff,303561646,8026880962,19.2862,0.00314,elderly
89a8100ee73ffff,89a8100ee73ffff,303561646,303561646,0.8863,0.995163,elderly
89a8100ee73ffff,89a8100ee77ffff,303561646,4187978113,16.8634,0.05947,elderly
89a8100ee73ffff,89a8100ee7bffff,303561646,11381714308,11.0814,0.415476,elderly
89a8100ee77ffff,89a8100ee07ffff,4187978113,1389167151,17.582,0.035635,elderly
89a8100ee77ffff,89a8100ee0fffff,4187978113,1389167116,13.2371,0.256571,elderly
89a8100ee77ffff,89a8100ee2bffff,4187978113,4343780793,12.3073,0.322724,elderly
89a8100ee77ffff,89a8100ee3bffff,4187978113,8754047094,10.5468,0.45711,elderly
89a8100ee77ffff,89a8100ee63ffff,4187978113,4234762112,14.5373,0.173051,elderly
89a8100ee77ffff,89a8100ee67ffff,4187978113,8026880962,10.1381,0.489152,elderly
89a8100ee77ffff,89a8100ee6fffff,4187978113,303562332,16.7806,0.062583,elderly
89a8100ee77ffff,89a8100ee73ffff,4187978113,303561646,17.4725,0.03889,elderly
89a8100ee77ffff,89a8100ee77ffff,4187978113,4187978113,2.7246,0.954902,elderly
89a8100ee7bffff,89a8100c5b7ffff,11381714308,11380298950,10.8354,0.434578,elderly
89a8100ee7bffff,89a8100ee0bffff,11381714308,302727634,18.8509,0.008123,elderly
89a8100ee7bffff,89a8100ee0fffff,11381714308,1389167116,17.282,0.044883,elderly
89a8100ee7bffff,89a8100ee43ffff,11381714308,303788527,17.2202,0.046912,elderly
89a8100ee7bffff,89a8100ee47ffff,11381714308,303788569,11.3682,0.393367,elderly
89a8100ee7bffff,89a8100ee4fffff,11381714308,303788630,14.2641,0.189583,elderly
89a8100ee7bffff,89a8100ee63ffff,11381714308,4234762112,11.8262,0.35853,elderly
89a8100ee7bffff,89a8100ee67ffff,11381714308,8026880962,18.8423,0.008245,elderly
89a8100ee7bffff,89a8100ee73ffff,11381714308,303561646,9.2493,0.558823,elderly
89a8100ee7bffff,89a8100ee7bffff,11381714308,11381714308,0.9321,0.99465,elderly
89a8100ee8bffff,89a8100ee13ffff,301666018,3316883638,8.0836,0.64825,elderly
89a8100ee8bffff,89a8100ee17ffff,301666018,3316883639,19.9445,1.9e-05,elderly
89a8100ee8bffff,89a8100ee1bffff,301666018,4187978161,16.8778,0.058936,elderly
89a8100ee8bffff,89a8100ee8bffff,301666018,301666018,4.1867,0.895719,elderly
89a8100ee8bffff,89a8100ee8fffff,301666018,10200791046,13.4274,0.243627,elderly
89a8100ee8bffff,89a8100eec3ffff,301666018,11374715239,17.6521,0.033621,elderly
89a8100ee8bffff,89a8100eec7ffff,301666018,142811324,9.5071,0.538671,elderly
89a8100ee8bffff,89a8100eecfffff,301666018,10293138120,16.7129,0.065184,elderly
89a8100ee8fffff,89a8100ee13ffff,10200791046,3316883638,10.2396,0.481184,elderly
89a8100ee8fffff,89a8100ee17ffff,10200791046,3316883639,14.0065,0.205693,elderly
89a8100ee8fffff,89a8100ee8bffff,10200791046,301666018,12.8117,0.286278,elderly
89a8100ee8fffff,89a8100ee8fffff,10200791046,10200791046,2.7269,0.954828,elderly
89a8100ee8fffff,89a8100eec7ffff,10200791046,142811324,18.1322,0.021366,elderly
89a8100eec3ffff,89a8100ee1bffff,11374715239,4187978161,18.7429,0.009717,elderly
89a8100eec3ffff,89a8100ee53ffff,11374715239,11374107987,16.6264,0.068579,elderly
89a8100eec3ffff,89a8100eec3ffff,11374715239,11374715239,5.7066,0.812219,elderly
89a8100eec3ffff,89a8100eec7ffff,11374715239,142811324,12.1252,0.336169,elderly
89a8100eec3ffff,89a8100eecbffff,11374715239,303788723,15.2851,0.130973,elderly
89a8100eec3ffff,89a8100eecfffff,11374715239,10293138120,10.5041,0.46045,elderly
89a8100eec7ffff,89a8100ee0bffff,142811324,302727634,18.6083,0.0119,elderly
89a8100eec7ffff,89a8100ee13ffff,142811324,3316883638,13.1295,0.263989,elderly
89a8100eec7ffff,89a8100ee1bffff,142811324,4187978161,12.491,0.309311,elderly
89a8100eec7ffff,89a8100ee53ffff,142811324,11374107987,16.7848,0.062421,elderly
89a8100eec7ffff,89a8100ee57ffff,142811324,303788601,16.8308,0.060687,elderly
89a8100eec7ffff,89a8100ee8bffff,142811324,301666018,9.2326,0.560129,elderly
89a8100eec7ffff,89a8100ee8fffff,142811324,10200791046,18.4733,0.014308,elderly
89a8100eec7ffff,89a8100eec3ffff,142811324,11374715239,8.6567,0.604721,elderly
89a8100eec7ffff,89a8100eec7ffff,142811324,142811324,0.4742,0.998614,elderly
89a8100eec7ffff,89a8100eecbffff,142811324,303788723,16.9482,0.056357,elderly
89a8100eec7ffff,89a8100eecfffff,142811324,10293138120,7.7175,0.675452,elderly
89a8100eecbffff,89a8100e327ffff,303788723,6697698868,17.9825,0.024898,elderly
89a8100eecbffff,89a8100ee1bffff,303788723,4187978161,19.5449,0.001277,elderly
89a8100eecbffff,89a8100ee53ffff,303788723,11374107987,8.8802,0.587499,elderly
89a8100eecbffff,89a8100ee57ffff,303788723,303788601,17.8582,0.028032,elderly
89a8100eecbffff,89a8100ee5bffff,303788723,3317179765,18.5592,0.012751,elderly
89a8100eecbffff,89a8100eec3ffff,303788723,11374715239,11.5416,0.380102,elderly
89a8100eecbffff,89a8100eec7ffff,303788723,142811324,17.4369,0.039978,elderly
89a8100eecbffff,89a8100eecbffff,303788723,303788723,1.7841,0.980493,elderly
89a8100eecbffff,89a8100eecfffff,303788723,10293138120,11.3061,0.398139,elderly
89a8100eecfffff,89a8100ee0bffff,10293138120,302727634,15.4006,0.124914,elderly
89a8100eecfffff,89a8100ee1bffff,10293138120,4187978161,11.1923,0.4069,elderly
89a8100eecfffff,89a8100ee43ffff,10293138120,303788527,18.8945,0.007519,elderly
89a8100eecfffff,89a8100ee53ffff,10293138120,11374107987,9.6746,0.525548,elderly
89a8100eecfffff,89a8100ee57ffff,10293138120,303788601,10.6499,0.449042,elderly
89a8100eecfffff,89a8100ee5bffff,10293138120,3317179765,18.7123,0.010194,elderly
89a8100eecfffff,89a8100ee8bffff,10293138120,301666018,18.5744,0.012484,elderly
89a8100eecfffff,89a8100eec3ffff,10293138120,11374715239,8.5107,0.615903,elderly
89a8100eecfffff,89a8100eec7ffff,10293138120,142811324,9.816,0.514448,elderly
89a8100eecfffff,89a8100eecbffff,10293138120,303788723,12.6551,0.297465,elderly
89a8100eecfffff,89a8100eecfffff,10293138120,10293138120,0.5373,0.998221,elderly
