source_h3_id,target_h3_id,source_node_id,target_node_id,time_min,alpha_20,profile_key
891f99cc343ffff,891f99cc343ffff,8260378163,8260378163,1.7574,0.98107,elderly
891f99cc343ffff,891f99cc347ffff,8260378163,6429323327,15.6625,0.111634,elderly
891f99cc343ffff,891f99cc34bffff,8260378163,4889509547,18.6075,0.011913,elderly
891f99cc343ffff,891f99cc34fffff,8260378163,9532612444,10.0154,0.498793,elderly
891f99cc343ffff,891f99cc35bffff,8260378163,1837603118,11.4054,0.390511,elderly
891f99cc343ffff,891f99cc37bffff,8260378163,9625912703,19.1074,0.004907,elderly
891f99cc343ffff,891f99cdcb3ffff,8260378163,6420979355,17.9515,0.025662,elderly
891f99cc347ffff,891f99cc343ffff,6429323327,8260378163,17.6933,0.032464,elderly
891f99cc347ffff,891f99cc347ffff,6429323327,6429323327,4.4222,0.884143,elderly
891f99cc347ffff,891f99cc34fffff,6429323327,9532612444,11.4342,0.388309,elderly
891f99cc347ffff,891f99cc363ffff,6429323327,10893867504,19.9045,5.6e-05,elderly
891f99cc347ffff,891f99cc36bffff,6429323327,31774655,19.8573,0.000126,elderly
891f99cc347ffff,891f99cc37bffff,6429323327,9625912703,13.5119,0.237952,elderly
891f99cc347ffff,891f99cdcb7ffff,6429323327,6451403576,19.2194,0.003754,elderly
891f99cc34bffff,891f99cc343ffff,4889509547,8260378163,19.9399,2.2e-05,elderly
891f99cc34bffff,891f99cc34bffff,4889509547,4889509547,0.9227,0.994757,elderly
891f99cc34bffff,891f99cc34fffff,4889509547,9532612444,12.886,0.281016,elderly
891f99cc34bffff,891f99cc35bffff,4889509547,1837603118,18.4485,0.014775,elderly
891f99cc34bffff,891f99cdc87ffff,4889509547,6833312139,11.2836,0.399872,elderly
891f99cc34bffff,891f99cdca3ffff,4889509547,9212595025,17.3736,0.041951,elderly
891f99cc34bffff,891f99cdcb3ffff,4889509547,6420979355,9.8126,0.514714,elderly
891f99cc34bffff,891f99cdcb7ffff,4889509547,6451403576,18.245,0.018879,elderly
891f99cc34bffff,891f99cdcbbffff,4889509547,6451658836,14.8206,0.156551,elderly
891f99cc34fffff,891f99cc343ffff,9532612444,8260378163,9.6932,0.524087,elderly
891f99cc34fffff,891f99cc347ffff,9532612444,6429323327,11.1865,0.407351,elderly
891f99cc34fffff,891f99cc34bffff,9532612444,4889509547,12.1973,0.33083,elderly
891f99cc34fffff,891f99cc34fffff,9532612444,9532612444,0.3602,0.9992,elderly
891f99cc34fffff,891f99cc35bffff,9532612444,1837603118,16.8938,0.058346,elderly
891f99cc34fffff,891f99cc363ffff,9532612444,10893867504,18.6882,0.010577,elderly
891f99cc34fffff,891f99cc36bffff,9532612444,31774655,14.7092,0.162959,elderly
891f99cc34fffff,891f99cc37bffff,9532612444,9625912703,9.4523,0.542966,elderly
891f99cc34fffff,891f99cdc87ffff,9532612444,6833312139,14.9909,0.14695,elderly
891f99cc34fffff,891f99cdca3ffff,9532612444,9212595025,16.8019,0.061774,elderly
891f99cc34fffff,891f99cdca7ffff,9532612444,31508518,17.938,0.025999,elderly
891f99cc34fffff,891f99cdcb3ffff,9532612444,6420979355,10.5878,0.453899,elderly
891f99cc34fffff,891f99cdcb7ffff,9532612444,6451403576,10.4787,0.462442,elderly
891f99cc34fffff,891f99cdcbbffff,9532612444,6451658836,17.8167,0.029117,elderly
891f99cc35bffff,891f99cc343ffff,1837603118,8260378163,10.3935,0.469112,elderly
891f99cc35bffff,891f99cc34bffff,1837603118,4889509547,15.7935,0.105234,elderly
891f99cc35bffff,891f99cc34fffff,1837603118,9532612444,14.7883,0.158397,elderly
891f99cc35bffff,891f99cc35bffff,1837603118,1837603118,4.6114,0.874464,elderly
891f99cc35bffff,891f99cdc87ffff,1837603118,6833312139,19.0033,0.006115,elderly
891f99cc35bffff,891f99cdcb3ffff,1837603118,6420979355,15.1375,0.138892,elderly
891f99cc363ffff,891f99cc347ffff,10893867504,6429323327,19.376,0.0024,elderly
891f99cc363ffff,891f99cc34fffff,10893867504,9532612444,18.5603,0.012731,elderly
891f99cc363ffff,891f99cc363ffff,10893867504,10893867504,0.6887,0.997077,elderly
891f99cc363ffff,891f99cc367ffff,10893867504,6454118264,11.714,0.367,elderly
891f99cc363ffff,891f99cc36bffff,10893867504,31774655,15.7264,0.108494,elderly
891f99cc363ffff,891f99cc36fffff,10893867504,9860005625,17.5056,0.037893,elderly
891f99cc363ffff,891f99cc373ffff,10893867504,613579689,7.6057,0.683644,elderly
891f99cc363ffff,891f99cc377ffff,10893867504,1408208713,8.2074,0.638938,elderly
891f99cc363ffff,891f99cc37bffff,10893867504,9625912703,13.5943,0.232463,elderly
891f99cc367ffff,891f99cc363ffff,6454118264,10893867504,10.6081,0.452315,elderly
891f99cc367ffff,891f99cc367ffff,6454118264,6454118264,0.7193,0.996812,elderly
891f99cc367ffff,891f99cc36fffff,6454118264,9860005625,16.7721,0.062907,elderly
891f99cc367ffff,891f99cc373ffff,6454118264,613579689,14.3356,0.185201,elderly
891f99cc367ffff,891f99cc377ffff,6454118264,1408208713,7.4779,0.692943,elderly
891f99cc367ffff,891f99cc37bffff,6454118264,9625912703,18.6378,0.011403,elderly
891f99cc367ffff,891f99cdd83ffff,6454118264,6425221236,15.2642,0.132082,elderly
891f99cc367ffff,891f99cdd93ffff,6454118264,9487327105,11.7927,0.361055,elderly
891f99cc367ffff,891f99cdd9bffff,6454118264,7007914585,12.4093,0.315258,elderly
891f99cc367ffff,891f99cddd7ffff,6454118264,7008251083,19.2072,0.003872,elderly
891f99cc36bffff,891f99cc34fffff,31774655,9532612444,16.2102,0.086012,elderly
891f99cc36bffff,891f99cc363ffff,31774655,10893867504,16.2905,0.082508,elderly
891f99cc36bffff,891f99cc36bffff,31774655,31774655,2.2644,0.968702,elderly
891f99cc36bffff,891f99cc36fffff,31774655,9860005625,16.1677,0.08789,elderly
891f99cc36bffff,891f99cc373ffff,31774655,613579689,19.7435,0.000406,elderly
891f99cc36bffff,891f99cc377ffff,31774655,1408208713,19.6946,0.000575,elderly
891f99cc36bffff,891f99cc37bffff,31774655,9625912703,8.3106,0.631136,elderly
891f99cc36bffff,891f99cdca3ffff,31774655,9212595025,19.8694,0.000105,elderly
891f99cc36bffff,891f99cdca7ffff,31774655,31508518,17.835,0.028635,elderly
891f99cc36bffff,891f99cdcb7ffff,31774655,6451403576,13.9154,0.21151,elderly
891f99cc36bffff,891f99cddd3ffff,31774655,4898290839,17.2941,0.04449,elderly
891f99cc36fffff,891f99cc363ffff,9860005625,10893867504,17.4431,0.039788,elderly
891f99cc36fffff,891f99cc367ffff,9860005625,6454118264,16.6003,0.069618,elderly
891f99cc36fffff,891f99cc36bffff,9860005625,31774655,15.6116,0.114161,elderly
891f99cc36fffff,891f99cc36fffff,9860005625,9860005625,1.5944,0.9844,elderly
891f99cc36fffff,891f99cc377ffff,9860005625,1408208713,14.8254,0.156275,elderly
891f99cc36fffff,891f99cc37bffff,9860005625,9625912703,17.9463,0.025792,elderly
891f99cc36fffff,891f99cdca7ffff,9860005625,31508518,17.4743,0.038836,elderly
891f99cc36fffff,891f99cdd83ffff,9860005625,6425221236,19.976,4e-06,elderly
891f99cc36fffff,891f99cdd8bffff,9860005625,9860048758,13.8756,0.214067,elderly
891f99cc36fffff,891f99cdd93ffff,9860005625,9487327105,19.9723,5e-06,elderly
891f99cc36fffff,891f99cdd9bffff,9860005625,7007914585,12.2327,0.328219,elderly
891f99cc36fffff,891f99cddc3ffff,9860005625,6483857419,14.2251,0.191992,elderly
891f99cc36fffff,891f99cddc7ffff,9860005625,9860451546,17.7677,0.030424,elderly
891f99cc36fffff,891f99cddd3ffff,9860005625,4898290839,11.436,0.388169,elderly
891f99cc36fffff,891f99cddd7ffff,9860005625,7008251083,8.7912,0.594369,elderly
891f99cc373ffff,891f99cc34fffff,613579689,9532612444,19.6811,0.000627,elderly
891f99cc373ffff,891f99cc363ffff,613579689,10893867504,5.814,0.805582,elderly
891f99cc373ffff,891f99cc367ffff,613579689,6454118264,13.5464,0.235648,elderly
891f99cc373ffff,891f99cc36bffff,613579689,31774655,17.0941,0.051192,elderly
891f99cc373ffff,891f99cc36fffff,613579689,9860005625,19.3878,0.00231,elderly
891f99cc373ffff,891f99cc373ffff,613579689,613579689,6.3969,0.76812,elderly
891f99cc373ffff,891f99cc377ffff,613579689,1408208713,10.0398,0.496875,elderly
891f99cc373ffff,891f99cc37bffff,613579689,9625912703,14.9402,0.149781,elderly
891f99cc377ffff,891f99cc363ffff,1408208713,10893867504,9.4357,0.54426,elderly
891f99cc377ffff,891f99cc367ffff,1408208713,6454118264,9.8122,0.514744,elderly
891f99cc377ffff,891f99cc36bffff,1408208713,31774655,19.4397,0.001935,elderly
891f99cc377ffff,891f99cc36fffff,1408208713,9860005625,16.2685,0.083458,elderly
891f99cc377ffff,891f99cc373ffff,1408208713,613579689,13.1633,0.261654,elderly
891f99cc377ffff,891f99cc377ffff,1408208713,1408208713,6.3056,0.774144,elderly
891f99cc377ffff,891f99cc37bffff,1408208713,9625912703,17.4994,0.038078,elderly
891f99cc37bffff,891f99cc343ffff,9625912703,8260378163,19.8703,0.000104,elderly
891f99cc37bffff,891f99cc347ffff,9625912703,6429323327,14.7723,0.159314,elderly
891f99cc37bffff,891f99cc34fffff,9625912703,9532612444,10.9179,0.428154,elderly
891f99cc37bffff,891f99cc363ffff,9625912703,10893867504,15.1548,0.137957,elderly
891f99cc37bffff,891f99cc36bffff,9625912703,31774655,8.6276,0.606958,elderly
891f99cc37bffff,891f99cc373ffff,9625912703,613579689,18.6078,0.011909,elderly
891f99cc37bffff,891f99cc377ffff,9625912703,1408208713,18.5589,0.012757,elderly
891f99cc37bffff,891f99cc37bffff,9625912703,9625912703,1.8907,0.97811,elderly
891f99cc37bffff,891f99cdca7ffff,9625912703,31508518,18.8805,0.00771,elderly
891f99cc37bffff,891f99cdcb3ffff,9625912703,6420979355,17.9568,0.025531,elderly
891f99cc37bffff,891f99cdcb7ffff,9625912703,6451403576,14.8975,0.152185,elderly
891f99cca43ffff,891f99cca43ffff,513307586,513307586,2.4107,0.964579,elderly
891f99cca43ffff,891f99cca4bffff,513307586,9496536226,10.0285,0.497761,elderly
891f99cca43ffff,891f99cca53ffff,513307586,9532073664,9.2229,0.56088,elderly
891f99cca43ffff,891f99cca5bffff,513307586,6808340953,8.1308,0.644706,elderly
891f99cca43ffff,891f99ccacbffff,513307586,9621184875,17.5276,0.037234,elderly
891f99cca43ffff,891f99ccacfffff,513307586,9548007944,18.7155,0.010144,elderly
891f99cca43ffff,891f99cd997ffff,513307586,9620952677,17.3178,0.043724,elderly
891f99cca43ffff,891f99cdd27ffff,513307586,6792684819,16.5485,0.071704,elderly
891f99cca43ffff,891f99cdd2fffff,513307586,9621093945,18.2899,0.017931,elderly
891f99cca4bffff,891f99cca43ffff,9496536226,513307586,12.5739,0.303308,elderly
891f99cca4bffff,891f99cca4bffff,9496536226,9496536226,0.6561,0.997347,elderly
891f99cca4bffff,891f99cca53ffff,9496536226,9532073664,15.9276,0.09886,elderly
891f99cca4bffff,891f99cca5bffff,9496536226,6808340953,11.444,0.387559,elderly
891f99cca4bffff,891f99cd983ffff,9496536226,9577976786,16.9157,0.057541,elderly
891f99cca4bffff,891f99cd987ffff,9496536226,9496019473,11.7073,0.367512,elderly
891f99cca4bffff,891f99cd997ffff,9496536226,9620952677,9.1031,0.570212,elderly
891f99cca4bffff,891f99cd9b3ffff,9496536226,3693529476,11.2101,0.405529,elderly
891f99cca4bffff,891f99cd9bbffff,9496536226,2571150096,17.149,0.049307,elderly
891f99cca4bffff,891f99cdd2fffff,9496536226,9621093945,18.1322,0.021365,elderly
891f99cca53ffff,891f99cca43ffff,9532073664,513307586,8.6866,0.602424,elderly
891f99cca53ffff,891f99cca4bffff,9532073664,9496536226,13.3076,0.251756,elderly
891f99cca53ffff,891f99cca53ffff,9532073664,9532073664,0.7426,0.996603,elderly
891f99cca53ffff,891f99cca5bffff,9532073664,6808340953,10.011,0.499138,elderly
891f99cca53ffff,891f99ccac3ffff,9532073664,9534410437,17.6224,0.034466,elderly
891f99cca53ffff,891f99ccacbffff,9532073664,9621184875,10.8211,0.435687,elderly
891f99cca53ffff,891f99ccacfffff,9532073664,9548007944,12.6612,0.297023,elderly
891f99cca53ffff,891f99ccadbffff,9532073664,2542799121,19.9408,2.2e-05,elderly
891f99cca53ffff,891f99cd997ffff,9532073664,9620952677,19.3989,0.002227,elderly
891f99cca53ffff,891f99cdd23ffff,9532073664,6490328116,19.3494,0.002608,elderly
891f99cca53ffff,891f99cdd27ffff,9532073664,6792684819,9.1684,0.56513,elderly
891f99cca53ffff,891f99cdd2fffff,9532073664,9621093945,19.5925,0.001024,elderly
891f99cca5bffff,891f99cca43ffff,6808340953,513307586,9.1665,0.565277,elderly
891f99cca5bffff,891f99cca4bffff,6808340953,9496536226,11.0243,0.4199,elderly
891f99cca5bffff,891f99cca53ffff,6808340953,9532073664,11.9754,0.347333,elderly
891f99cca5bffff,891f99cca5bffff,6808340953,6808340953,0.4855,0.998547,elderly
891f99cca5bffff,891f99ccacbffff,6808340953,9621184875,18.5522,0.012875,elderly
891f99cca5bffff,891f99cd983ffff,6808340953,9577976786,17.8353,0.028628,elderly
891f99cca5bffff,891f99cd987ffff,6808340953,9496019473,16.7431,0.064018,elderly
891f99cca5bffff,891f99cd993ffff,6808340953,9476330915,18.1148,0.021764,elderly
891f99cca5bffff,891f99cd997ffff,6808340953,9620952677,10.3471,0.472755,elderly
891f99cca5bffff,891f99cdd23ffff,6808340953,6490328116,18.8867,0.007625,elderly
891f99cca5bffff,891f99cdd27ffff,6808340953,6792684819,10.3098,0.475678,elderly
891f99cca5bffff,891f99cdd2fffff,6808340953,9621093945,10.7902,0.438099,elderly
891f99cca9bffff,891f99cca9bffff,2494994075,2494994075,4.5145,0.879464,elderly
891f99cca9bffff,891f99ccac3ffff,2494994075,9534410437,16.9165,0.057511,elderly
891f99cca9bffff,891f99ccad3ffff,2494994075,8922362824,15.2557,0.132535,elderly
891f99cca9bffff,891f99ccad7ffff,2494994075,5497091057,8.6905,0.602122,elderly
891f99cca9bffff,891f99cce6fffff,2494994075,9154957419,8.7262,0.599376,elderly
891f99ccac3ffff,891f99cca53ffff,9534410437,9532073664,16.4642,0.075156,elderly
891f99ccac3ffff,891f99cca9bffff,9534410437,2494994075,18.8029,0.008814,elderly
891f99ccac3ffff,891f99ccac3ffff,9534410437,9534410437,1.0601,0.993084,elderly
891f99ccac3ffff,891f99ccacbffff,9534410437,9621184875,9.7735,0.517782,elderly
891f99ccac3ffff,891f99ccacfffff,9534410437,9548007944,11.4676,0.385756,elderly
891f99ccac3ffff,891f99ccad3ffff,9534410437,8922362824,8.9194,0.584465,elderly
891f99ccac3ffff,891f99ccad7ffff,9534410437,5497091057,11.6616,0.370978,elderly
891f99ccac3ffff,891f99ccadbffff,9534410437,2542799121,11.1516,0.410043,elderly
891f99ccac3ffff,891f99cce6bffff,9534410437,3857473458,18.6497,0.011205,elderly
891f99ccac3ffff,891f99cce6fffff,9534410437,9154957419,15.1186,0.139924,elderly
891f99ccac3ffff,891f99cdd27ffff,9534410437,6792684819,19.0637,0.005398,elderly
891f99ccac3ffff,891f99cdda7ffff,9534410437,8907627801,15.1859,0.136276,elderly
891f99ccacbffff,891f99cca43ffff,9621184875,513307586,19.1765,0.004178,elderly
891f99ccacbffff,891f99cca53ffff,9621184875,9532073664,11.3222,0.396901,elderly
891f99ccacbffff,891f99cca5bffff,9621184875,6808340953,17.4238,0.040384,elderly
891f99ccacbffff,891f99ccac3ffff,9621184875,9534410437,10.6605,0.448218,elderly
891f99ccacbffff,891f99ccacbffff,9621184875,9621184875,0.3989,0.999019,elderly
891f99ccacbffff,891f99ccacfffff,9621184875,9548007944,10.1425,0.488807,elderly
891f99ccacbffff,891f99ccad3ffff,9621184875,8922362824,18.2043,0.019758,elderly
891f99ccacbffff,891f99ccad7ffff,9621184875,5497091057,18.0054,0.024342,elderly
891f99ccacbffff,891f99ccadbffff,9621184875,2542799121,9.9713,0.502253,elderly
891f99ccacbffff,891f99cdd27ffff,9621184875,6792684819,13.0053,0.272633,elderly
891f99ccacbffff,891f99cdd37ffff,9621184875,9532724067,16.2513,0.08421,elderly
891f99ccacbffff,891f99cddafffff,9621184875,4942466112,17.1459,0.049413,elderly
891f99ccacfffff,891f99cca43ffff,9548007944,513307586,18.967,0.006568,elderly
891f99ccacfffff,891f99cca53ffff,9548007944,9532073664,12.2205,0.329114,elderly
891f99ccacfffff,891f99ccac3ffff,9548007944,9534410437,11.9902,0.346224,elderly
891f99ccacfffff,891f99ccacbffff,9548007944,9621184875,10.082,0.493559,elderly
891f99ccacfffff,891f99ccacfffff,9548007944,9548007944,1.3357,0.989035,elderly
891f99ccacfffff,891f99ccad3ffff,9548007944,8922362824,19.8495,0.00014,elderly
891f99ccacfffff,891f99ccad7ffff,9548007944,5497091057,15.679,0.11082,elderly
891f99ccacfffff,891f99ccadbffff,9548007944,2542799121,16.0568,0.092886,elderly
891f99ccacfffff,891f99cdd27ffff,9548007944,6792684819,18.1708,0.020498,elderly
891f99ccad3ffff,891f99cca9bffff,8922362824,2494994075,15.5109,0.119242,elderly
891f99ccad3ffff,891f99ccac3ffff,8922362824,9534410437,7.8049,0.669004,elderly
891f99ccad3ffff,891f99ccacbffff,8922362824,9621184875,15.7664,0.106548,elderly
891f99ccad3ffff,891f99ccacfffff,8922362824,9548007944,18.2124,0.019581,elderly
891f99ccad3ffff,891f99ccad3ffff,8922362824,8922362824,0.2881,0.999488,elderly
891f99ccad3ffff,891f99ccad7ffff,8922362824,5497091057,11.3558,0.394319,elderly
891f99ccad3ffff,891f99ccadbffff,8922362824,2542799121,10.0407,0.496807,elderly
891f99ccad3ffff,891f99cce6bffff,8922362824,3857473458,10.0184,0.498555,elderly
891f99ccad3ffff,891f99cce6fffff,8922362824,9154957419,9.7432,0.520162,elderly
891f99ccad3ffff,891f99cce7bffff,8922362824,8992468945,14.8578,0.154432,elderly
891f99ccad3ffff,891f99cdda7ffff,8922362824,8907627801,10.8244,0.435434,elderly
891f99ccad3ffff,891f99cddafffff,8922362824,4942466112,16.2034,0.086311,elderly
891f99ccad3ffff,891f99cddb7ffff,8922362824,9101607422,17.3436,0.042899,elderly
891f99ccad7ffff,891f99cca9bffff,5497091057,2494994075,8.5024,0.616542,elderly
891f99ccad7ffff,891f99ccac3ffff,5497091057,9534410437,8.7608,0.596711,elderly
891f99ccad7ffff,891f99ccacbffff,5497091057,9621184875,16.1458,0.088866,elderly
891f99ccad7ffff,891f99ccacfffff,5497091057,9548007944,17.2117,0.047196,elderly
891f99ccad7ffff,891f99ccad3ffff,5497091057,8922362824,10.9747,0.423746,elderly
891f99ccad7ffff,891f99ccad7ffff,5497091057,5497091057,0.443,0.99879,elderly
891f99ccad7ffff,891f99ccadbffff,5497091057,2542799121,17.5447,0.036729,elderly
891f99ccad7ffff,891f99cce6bffff,5497091057,3857473458,18.8277,0.008454,elderly
891f99ccad7ffff,891f99cce6fffff,5497091057,9154957419,7.7976,0.669545,elderly
891f99ccadbffff,891f99cca53ffff,2542799121,9532073664,17.6689,0.033146,elderly
891f99ccadbffff,891f99ccac3ffff,2542799121,9534410437,8.291,0.632617,elderly
891f99ccadbffff,891f99ccacbffff,2542799121,9621184875,7.9495,0.658274,elderly
891f99ccadbffff,891f99ccacfffff,2542799121,9548007944,12.6761,0.295956,elderly
891f99ccadbffff,891f99ccad3ffff,2542799121,8922362824,10.3049,0.476059,elderly
891f99ccadbffff,891f99ccad7ffff,2542799121,5497091057,17.5459,0.036693,elderly
891f99ccadbffff,891f99ccadbffff,2542799121,2542799121,1.4994,0.986195,elderly
891f99ccadbffff,891f99cce6bffff,2542799121,3857473458,19.7871,0.00028,elderly
891f99ccadbffff,891f99cce6fffff,2542799121,9154957419,18.3271,0.017165,elderly
891f99ccadbffff,891f99cdd27ffff,2542799121,6792684819,13.3547,0.248548,elderly
891f99ccadbffff,891f99cdd37ffff,2542799121,9532724067,16.0173,0.094693,elderly
891f99ccadbffff,891f99cdda7ffff,2542799121,8907627801,13.143,0.263055,elderly
891f99ccadbffff,891f99cddafffff,2542799121,4942466112,13.857,0.215265,elderly
891f99cce4bffff,891f99cce4bffff,3217982537,3217982537,2.5172,0.961421,elderly
891f99cce4bffff,891f99cce4fffff,3217982537,4843310476,15.6313,0.11318,elderly
891f99cce4bffff,891f99cdd83ffff,3217982537,6425221236,19.7853,0.000284,elderly
891f99cce4bffff,891f99cdd87ffff,3217982537,3857356857,13.1149,0.265001,elderly
891f99cce4bffff,891f99cdd97ffff,3217982537,4456425432,12.343,0.320109,elderly
891f99cce4bffff,891f99cdda3ffff,3217982537,6567322295,19.8479,0.000143,elderly
891f99cce4bffff,891f99cddb3ffff,3217982537,9101589210,11.2156,0.405107,elderly
891f99cce4bffff,891f99cddb7ffff,3217982537,9101607422,17.364,0.042254,elderly
891f99cce4fffff,891f99cce4bffff,4843310476,3217982537,12.1063,0.33757,elderly
891f99cce4fffff,891f99cce4fffff,4843310476,4843310476,3.6446,0.920277,elderly
891f99cce4fffff,891f99cce6bffff,4843310476,3857473458,19.5257,0.001387,elderly
891f99cce4fffff,891f99cce7bffff,4843310476,8992468945,15.4727,0.121191,elderly
891f99cce4fffff,891f99cdda3ffff,4843310476,6567322295,14.9821,0.147444,elderly
891f99cce4fffff,891f99cddb3ffff,4843310476,9101589210,11.4328,0.388417,elderly
891f99cce4fffff,891f99cddb7ffff,4843310476,9101607422,7.4903,0.692049,elderly
891f99cce6bffff,891f99ccac3ffff,3857473458,9534410437,18.5304,0.013263,elderly
891f99cce6bffff,891f99ccad3ffff,3857473458,8922362824,11.7956,0.360833,elderly
891f99cce6bffff,891f99ccad7ffff,3857473458,5497091057,19.7038,0.000541,elderly
891f99cce6bffff,891f99cce6bffff,3857473458,3857473458,0.9055,0.99495,elderly
891f99cce6bffff,891f99cce6fffff,3857473458,9154957419,15.3587,0.127098,elderly
891f99cce6bffff,891f99cce7bffff,3857473458,8992468945,9.4998,0.539243,elderly
891f99cce6bffff,891f99cdda7ffff,3857473458,8907627801,14.0234,0.204621,elderly
891f99cce6bffff,891f99cddafffff,3857473458,4942466112,19.048,0.005581,elderly
891f99cce6bffff,891f99cddb7ffff,3857473458,9101607422,12.5986,0.30153,elderly
891f99cce6fffff,891f99cca9bffff,9154957419,2494994075,8.9003,0.585938,elderly
891f99cce6fffff,891f99ccac3ffff,9154957419,9534410437,13.5604,0.234715,elderly
891f99cce6fffff,891f99ccad3ffff,9154957419,8922362824,10.1208,0.490511,elderly
891f99cce6fffff,891f99ccad7ffff,9154957419,5497091057,8.9949,0.578614,elderly
891f99cce6fffff,891f99ccadbffff,9154957419,2542799121,19.1207,0.004762,elderly
891f99cce6fffff,891f99cce6bffff,9154957419,3857473458,16.4245,0.076807,elderly
891f99cce6fffff,891f99cce6fffff,9154957419,9154957419,0.6585,0.997328,elderly
891f99cce6fffff,891f99cdda7ffff,9154957419,8907627801,19.1482,0.004469,elderly
891f99cce7bffff,891f99ccad3ffff,8992468945,8922362824,16.9048,0.05794,elderly
891f99cce7bffff,891f99cce4fffff,8992468945,4843310476,17.4117,0.040759,elderly
891f99cce7bffff,891f99cce6bffff,8992468945,3857473458,9.9321,0.505336,elderly
891f99cce7bffff,891f99cce7bffff,8992468945,8992468945,5.426,0.82912,elderly
891f99cce7bffff,891f99cdda3ffff,8992468945,6567322295,18.6169,0.011754,elderly
891f99cce7bffff,891f99cdda7ffff,8992468945,8907627801,19.1326,0.004634,elderly
891f99cce7bffff,891f99cddb7ffff,8992468945,9101607422,9.2874,0.555854,elderly
891f99cd803ffff,891f99cd803ffff,4554612512,4554612512,0.3095,0.999409,elderly
891f99cd803ffff,891f99cd807ffff,4554612512,6539316791,9.8126,0.514714,elderly
891f99cd803ffff,891f99cd80bffff,4554612512,9603238717,10.3649,0.471357,elderly
891f99cd803ffff,891f99cd80fffff,4554612512,9626457904,8.1855,0.640589,elderly
891f99cd803ffff,891f99cd813ffff,4554612512,7033480699,16.0296,0.09413,elderly
891f99cd803ffff,891f99cd817ffff,4554612512,7029324075,12.6461,0.298106,elderly
891f99cd803ffff,891f99cd81bffff,4554612512,9626246784,14.4855,0.176144,elderly
891f99cd803ffff,891f99cd833ffff,4554612512,2902864074,19.3375,0.002705,elderly
891f99cd803ffff,891f99cd847ffff,4554612512,4077385704,17.784,0.029986,elderly
891f99cd803ffff,891f99cd857ffff,4554612512,9626199074,19.4257,0.002033,elderly
891f99cd803ffff,891f99cd873ffff,4554612512,9626086167,12.9061,0.279599,elderly
891f99cd803ffff,891f99cd877ffff,4554612512,9602755803,18.8037,0.008802,elderly
891f99cd803ffff,891f99cd88fffff,4554612512,6435816272,19.4522,0.00185,elderly
891f99cd803ffff,891f99cd8c7ffff,4554612512,6512705470,16.9854,0.055019,elderly
891f99cd807ffff,891f99cd803ffff,6539316791,4554612512,12.732,0.291958,elderly
891f99cd807ffff,891f99cd807ffff,6539316791,6539316791,0.2984,0.999451,elderly
891f99cd807ffff,891f99cd80bffff,6539316791,9603238717,18.5166,0.013512,elderly
891f99cd807ffff,891f99cd80fffff,6539316791,9626457904,12.1913,0.331276,elderly
891f99cd807ffff,891f99cd813ffff,6539316791,7033480699,19.5421,0.001293,elderly
891f99cd807ffff,891f99cd817ffff,6539316791,7029324075,9.4936,0.53973,elderly
891f99cd807ffff,891f99cd81bffff,6539316791,9626246784,19.8075,0.000229,elderly
891f99cd807ffff,891f99cd823ffff,6539316791,262524963,15.8164,0.104134,elderly
891f99cd807ffff,891f99cd82bffff,6539316791,441965615,18.7947,0.008935,elderly
891f99cd807ffff,891f99cd833ffff,6539316791,2902864074,10.0225,0.49823,elderly
891f99cd807ffff,891f99cd837ffff,6539316791,9496654074,17.1089,0.05068,elderly
891f99cd807ffff,891f99cd83bffff,6539316791,561077793,15.3991,0.124992,elderly
891f99cd807ffff,891f99cd877ffff,6539316791,9602755803,16.6767,0.066594,elderly
891f99cd807ffff,891f99cd8abffff,6539316791,29749460,11.4686,0.385675,elderly
891f99cd807ffff,891f99cd8afffff,6539316791,562679457,17.3829,0.041656,elderly
891f99cd807ffff,891f99cd8bbffff,6539316791,9582667284,19.1994,0.003949,elderly
891f99cd80bffff,891f99cd803ffff,9603238717,4554612512,13.2049,0.258783,elderly
891f99cd80bffff,891f99cd807ffff,9603238717,6539316791,18.8829,0.007678,elderly
891f99cd80bffff,891f99cd80bffff,9603238717,9603238717,0.1116,0.999923,elderly
891f99cd80bffff,891f99cd80fffff,9603238717,9626457904,7.3427,0.702698,elderly
891f99cd80bffff,891f99cd813ffff,9603238717,7033480699,19.8917,7.2e-05,elderly
891f99cd80bffff,891f99cd817ffff,9603238717,7029324075,19.2108,0.003837,elderly
891f99cd80bffff,891f99cd81bffff,9603238717,9626246784,13.7196,0.224203,elderly
891f99cd80bffff,891f99cd83bffff,9603238717,561077793,19.7981,0.000251,elderly
891f99cd80bffff,891f99cd843ffff,9603238717,11028453999,17.2836,0.044829,elderly
891f99cd80bffff,891f99cd847ffff,9603238717,4077385704,7.7656,0.671912,elderly
891f99cd80bffff,891f99cd857ffff,9603238717,9626199074,9.4261,0.545015,elderly
891f99cd80bffff,891f99cd873ffff,9603238717,9626086167,9.2379,0.559716,elderly
891f99cd80bffff,891f99cd877ffff,9603238717,9602755803,17.6097,0.034832,elderly
891f99cd80bffff,891f99cd8c7ffff,9603238717,6512705470,19.4051,0.002182,elderly
891f99cd80bffff,891f99cd8cfffff,9603238717,12843979122,17.1634,0.048816,elderly
891f99cd80fffff,891f99cd803ffff,9626457904,4554612512,11.1476,0.410351,elderly
891f99cd80fffff,891f99cd807ffff,9626457904,6539316791,12.8318,0.284855,elderly
891f99cd80fffff,891f99cd80bffff,9626457904,9603238717,7.7022,0.676575,elderly
891f99cd80fffff,891f99cd80fffff,9626457904,9626457904,0.9375,0.994589,elderly
891f99cd80fffff,891f99cd817ffff,9626457904,7029324075,18.8264,0.008472,elderly
891f99cd80fffff,891f99cd82bffff,9626457904,441965615,19.4095,0.002149,elderly
891f99cd80fffff,891f99cd83bffff,9626457904,561077793,13.747,0.222412,elderly
891f99cd80fffff,891f99cd847ffff,9626457904,4077385704,15.1213,0.139772,elderly
891f99cd80fffff,891f99cd857ffff,9626457904,9626199074,16.8089,0.061509,elderly
891f99cd80fffff,891f99cd873ffff,9626457904,9626086167,9.7044,0.523205,elderly
891f99cd80fffff,891f99cd877ffff,9626457904,9602755803,13.9642,0.208387,elderly
891f99cd813ffff,891f99cd803ffff,7033480699,4554612512,16.3098,0.081676,elderly
891f99cd813ffff,891f99cd807ffff,7033480699,6539316791,19.1898,0.004044,elderly
891f99cd813ffff,891f99cd80bffff,7033480699,9603238717,19.2297,0.003656,elderly
891f99cd813ffff,891f99cd813ffff,7033480699,7033480699,2.7851,0.952911,elderly
891f99cd813ffff,891f99cd817ffff,7033480699,7029324075,15.8918,0.100546,elderly
891f99cd813ffff,891f99cd81bffff,7033480699,9626246784,16.1583,0.088311,elderly
891f99cd813ffff,891f99cd883ffff,7033480699,6438001453,15.2208,0.134399,elderly
891f99cd813ffff,891f99cd88bffff,7033480699,7032151748,9.8455,0.512133,elderly
891f99cd813ffff,891f99cd88fffff,7033480699,6435816272,12.0953,0.338387,elderly
891f99cd813ffff,891f99cd89bffff,7033480699,9857622044,19.5821,0.001077,elderly
891f99cd813ffff,891f99cd8bbffff,7033480699,9582667284,19.8191,0.000202,elderly
891f99cd813ffff,891f99cd8c7ffff,7033480699,6512705470,18.5546,0.012831,elderly
891f99cd813ffff,891f99cd8d7ffff,7033480699,2942352020,15.6278,0.113357,elderly
891f99cd817ffff,891f99cd803ffff,7029324075,4554612512,15.1468,0.13839,elderly
891f99cd817ffff,891f99cd807ffff,7029324075,6539316791,9.8308,0.513291,elderly
891f99cd817ffff,891f99cd80fffff,7029324075,9626457904,17.9283,0.026242,elderly
891f99cd817ffff,891f99cd813ffff,7029324075,7033480699,18.0382,0.023554,elderly
891f99cd817ffff,891f99cd817ffff,7029324075,7029324075,0.9182,0.994808,elderly
891f99cd817ffff,891f99cd81bffff,7029324075,9626246784,19.0264,0.005836,elderly
891f99cd817ffff,891f99cd833ffff,7029324075,2902864074,18.2429,0.018925,elderly
891f99cd817ffff,891f99cd887ffff,7029324075,2555399289,17.1479,0.049344,elderly
891f99cd817ffff,891f99cd88fffff,7029324075,6435816272,13.9624,0.208499,elderly
891f99cd817ffff,891f99cd8abffff,7029324075,29749460,14.2149,0.192621,elderly
891f99cd817ffff,891f99cd8afffff,7029324075,562679457,19.2477,0.003487,elderly
891f99cd817ffff,891f99cd8bbffff,7029324075,9582667284,12.2632,0.325971,elderly
891f99cd81bffff,891f99cd803ffff,9626246784,4554612512,13.253,0.255486,elderly
891f99cd81bffff,891f99cd807ffff,9626246784,6539316791,18.2095,0.019645,elderly
891f99cd81bffff,891f99cd80bffff,9626246784,9603238717,10.1134,0.491095,elderly
891f99cd81bffff,891f99cd80fffff,9626246784,9626457904,17.1215,0.050246,elderly
891f99cd81bffff,891f99cd813ffff,9626246784,7033480699,15.4848,0.120576,elderly
891f99cd81bffff,891f99cd817ffff,9626246784,7029324075,15.8649,0.10182,elderly
891f99cd81bffff,891f99cd81bffff,9626246784,9626246784,1.6958,0.982365,elderly
891f99cd81bffff,891f99cd843ffff,9626246784,11028453999,18.6285,0.011557,elderly
891f99cd81bffff,891f99cd847ffff,9626246784,4077385704,13.9233,0.210999,elderly
891f99cd81bffff,891f99cd857ffff,9626246784,9626199074,9.2719,0.557058,elderly
891f99cd81bffff,891f99cd873ffff,9626246784,9626086167,19.0167,0.005953,elderly
891f99cd81bffff,891f99cd8c3ffff,9626246784,10095613635,16.7602,0.063361,elderly
891f99cd81bffff,891f99cd8c7ffff,9626246784,6512705470,8.788,0.594618,elderly
891f99cd81bffff,891f99cd8cbffff,9626246784,2037315642,17.6552,0.033532,elderly
891f99cd81bffff,891f99cd8cfffff,9626246784,12843979122,12.291,0.323923,elderly
891f99cd81bffff,891f99cd8d7ffff,9626246784,2942352020,18.6044,0.011966,elderly
891f99cd823ffff,891f99cd807ffff,262524963,6539316791,16.013,0.094892,elderly
891f99cd823ffff,891f99cd823ffff,262524963,262524963,0.2322,0.999667,elderly
891f99cd823ffff,891f99cd827ffff,262524963,6541998757,8.5279,0.614591,elderly
891f99cd823ffff,891f99cd82bffff,262524963,441965615,10.8746,0.431527,elderly
891f99cd823ffff,891f99cd82fffff,262524963,9560281154,9.1841,0.563902,elderly
891f99cd823ffff,891f99cd833ffff,262524963,2902864074,12.6526,0.297643,elderly
891f99cd823ffff,891f99cd837ffff,262524963,9496654074,9.9531,0.503682,elderly
891f99cd823ffff,891f99cd83bffff,262524963,561077793,11.3911,0.391612,elderly
891f99cd823ffff,891f99cd8abffff,262524963,29749460,18.9586,0.006674,elderly
891f99cd823ffff,891f99cd8afffff,262524963,562679457,18.1878,0.020122,elderly
891f99cd823ffff,891f99cd953ffff,262524963,4228945737,16.4787,0.074555,elderly
891f99cd823ffff,891f99cd95bffff,262524963,9317583344,16.603,0.069508,elderly
891f99cd823ffff,891f99cd9cbffff,262524963,6274583816,17.8072,0.029368,elderly
891f99cd823ffff,891f99cdb93ffff,262524963,1929307047,11.7939,0.360962,elderly
891f99cd823ffff,891f99cdb97ffff,262524963,9343359784,18.468,0.014407,elderly
891f99cd827ffff,891f99cd823ffff,6541998757,262524963,9.0415,0.574994,elderly
891f99cd827ffff,891f99cd827ffff,6541998757,6541998757,1.8866,0.978205,elderly
891f99cd827ffff,891f99cd82bffff,6541998757,441965615,16.7174,0.065008,elderly
891f99cd827ffff,891f99cd82fffff,6541998757,9560281154,10.6093,0.452222,elderly
891f99cd827ffff,891f99cd833ffff,6541998757,2902864074,16.6101,0.069226,elderly
891f99cd827ffff,891f99cd837ffff,6541998757,9496654074,9.0832,0.571756,elderly
891f99cd827ffff,891f99cd83bffff,6541998757,561077793,19.365,0.002485,elderly
891f99cd827ffff,891f99cd8afffff,6541998757,562679457,19.2045,0.003898,elderly
891f99cd827ffff,891f99cd94bffff,6541998757,1736732466,17.3509,0.042668,elderly
891f99cd827ffff,891f99cd953ffff,6541998757,4228945737,9.8374,0.512769,elderly
891f99cd827ffff,891f99cd957ffff,6541998757,9560549610,19.0771,0.005244,elderly
891f99cd827ffff,891f99cd95bffff,6541998757,9317583344,11.6226,0.373937,elderly
891f99cd827ffff,891f99cd9cbffff,6541998757,6274583816,11.9795,0.347024,elderly
891f99cd827ffff,891f99cd9cfffff,6541998757,6264079131,19.1922,0.004019,elderly
891f99cd827ffff,891f99cd9dbffff,6541998757,6251697193,18.4414,0.014911,elderly
891f99cd827ffff,891f99cdb93ffff,6541998757,1929307047,17.6368,0.034056,elderly
891f99cd827ffff,891f99cdb97ffff,6541998757,9343359784,13.9508,0.209242,elderly
891f99cd82bffff,891f99cd80fffff,441965615,9626457904,19.7398,0.000417,elderly
891f99cd82bffff,891f99cd823ffff,441965615,262524963,12.4038,0.315663,elderly
891f99cd82bffff,891f99cd827ffff,441965615,6541998757,19.1551,0.004397,elderly
891f99cd82bffff,891f99cd82bffff,441965615,441965615,0.7425,0.996603,elderly
891f99cd82bffff,891f99cd82fffff,441965615,9560281154,9.8532,0.511527,elderly
891f99cd82bffff,891f99cd833ffff,441965615,2902864074,17.3929,0.041343,elderly
891f99cd82bffff,891f99cd83bffff,441965615,561077793,11.4004,0.390896,elderly
891f99cd82bffff,891f99cd877ffff,441965615,9602755803,15.9092,0.099723,elderly
891f99cd82bffff,891f99cd95bffff,441965615,9317583344,18.9738,0.006482,elderly
891f99cd82bffff,891f99cdb93ffff,441965615,1929307047,10.1784,0.485993,elderly
891f99cd82bffff,891f99cdb97ffff,441965615,9343359784,17.3685,0.042111,elderly
891f99cd82fffff,891f99cd823ffff,9560281154,262524963,11.7176,0.366734,elderly
891f99cd82fffff,891f99cd827ffff,9560281154,6541998757,12.3058,0.322837,elderly
891f99cd82fffff,891f99cd82bffff,9560281154,441965615,9.3973,0.547266,elderly
891f99cd82fffff,891f99cd82fffff,9560281154,9560281154,0.6961,0.997014,elderly
891f99cd82fffff,891f99cd837ffff,9560281154,9496654074,18.3638,0.016423,elderly
891f99cd82fffff,891f99cd83bffff,9560281154,561077793,19.6166,0.000906,elderly
891f99cd82fffff,891f99cd943ffff,9560281154,4864904047,18.9955,0.006211,elderly
891f99cd82fffff,891f99cd94bffff,9560281154,1736732466,14.2178,0.192441,elderly
891f99cd82fffff,891f99cd953ffff,9560281154,4228945737,18.9196,0.007183,elderly
891f99cd82fffff,891f99cd95bffff,9560281154,9317583344,9.9768,0.501825,elderly
891f99cd82fffff,891f99cdb93ffff,9560281154,1929307047,9.1729,0.56478,elderly
891f99cd82fffff,891f99cdb97ffff,9560281154,9343359784,9.98,0.50157,elderly
891f99cd833ffff,891f99cd807ffff,2902864074,6539316791,9.2625,0.557795,elderly
891f99cd833ffff,891f99cd80fffff,2902864074,9626457904,19.4595,0.001801,elderly
891f99cd833ffff,891f99cd817ffff,2902864074,7029324075,16.1104,0.090456,elderly
891f99cd833ffff,891f99cd823ffff,2902864074,262524963,12.0155,0.344333,elderly
891f99cd833ffff,891f99cd827ffff,2902864074,6541998757,14.6895,0.164105,elderly
891f99cd833ffff,891f99cd82bffff,2902864074,441965615,15.5633,0.116586,elderly
891f99cd833ffff,891f99cd82fffff,2902864074,9560281154,18.6788,0.010729,elderly
891f99cd833ffff,891f99cd833ffff,2902864074,2902864074,1.2871,0.989815,elderly
891f99cd833ffff,891f99cd837ffff,2902864074,9496654074,10.0254,0.498004,elderly
891f99cd833ffff,891f99cd83bffff,2902864074,561077793,13.8972,0.212677,elderly
891f99cd833ffff,891f99cd8abffff,2902864074,29749460,11.0715,0.416239,elderly
891f99cd833ffff,891f99cd8afffff,2902864074,562679457,10.5977,0.453123,elderly
891f99cd833ffff,891f99cd9cbffff,2902864074,6274583816,19.0077,0.006061,elderly
891f99cd837ffff,891f99cd807ffff,9496654074,6539316791,16.9699,0.055574,elderly
891f99cd837ffff,891f99cd823ffff,9496654074,262524963,9.1059,0.569992,elderly
891f99cd837ffff,891f99cd827ffff,9496654074,6541998757,9.2445,0.559197,elderly
891f99cd837ffff,891f99cd82bffff,9496654074,441965615,17.2546,0.045776,elderly
891f99cd837ffff,891f99cd82fffff,9496654074,9560281154,15.2895,0.130741,elderly
891f99cd837ffff,891f99cd833ffff,9496654074,2902864074,10.6465,0.449309,elderly
891f99cd837ffff,891f99cd837ffff,9496654074,9496654074,0.4357,0.99883,elderly
891f99cd837ffff,891f99cd83bffff,9496654074,561077793,19.4294,0.002007,elderly
891f99cd837ffff,891f99cd8a7ffff,9496654074,13595211527,19.3357,0.002719,elderly
891f99cd837ffff,891f99cd8abffff,9496654074,29749460,14.3193,0.186199,elderly
891f99cd837ffff,891f99cd8afffff,9496654074,562679457,10.557,0.45631,elderly
891f99cd837ffff,891f99cd953ffff,9496654074,4228945737,17.0295,0.053449,elderly
891f99cd837ffff,891f99cd95bffff,9496654074,9317583344,18.7416,0.009736,elderly
891f99cd837ffff,891f99cd9cbffff,9496654074,6274583816,12.6704,0.296364,elderly
891f99cd837ffff,891f99cd9dbffff,9496654074,6251697193,14.2798,0.188618,elderly
891f99cd837ffff,891f99cdb93ffff,9496654074,1929307047,18.174,0.020427,elderly
891f99cd83bffff,891f99cd807ffff,561077793,6539316791,14.7166,0.162528,elderly
891f99cd83bffff,891f99cd80bffff,561077793,9603238717,18.7414,0.009739,elderly
891f99cd83bffff,891f99cd80fffff,561077793,9626457904,12.171,0.332777,elderly
891f99cd83bffff,891f99cd823ffff,561077793,262524963,8.1063,0.646544,elderly
891f99cd83bffff,891f99cd827ffff,561077793,6541998757,16.2034,0.086309,elderly
891f99cd83bffff,891f99cd82bffff,561077793,441965615,8.2415,0.636364,elderly
891f99cd83bffff,891f99cd82fffff,561077793,9560281154,14.9734,0.147925,elderly
891f99cd83bffff,891f99cd833ffff,561077793,2902864074,12.7888,0.287909,elderly
891f99cd83bffff,891f99cd837ffff,561077793,9496654074,17.544,0.036748,elderly
891f99cd83bffff,891f99cd83bffff,561077793,561077793,1.3224,0.989251,elderly
891f99cd83bffff,891f99cd873ffff,561077793,9626086167,18.2346,0.019101,elderly
891f99cd83bffff,891f99cd877ffff,561077793,9602755803,11.5848,0.376811,elderly
891f99cd83bffff,891f99cd8abffff,561077793,29749460,19.0948,0.005045,elderly
891f99cd83bffff,891f99cd8afffff,561077793,562679457,18.3239,0.017228,elderly
891f99cd83bffff,891f99cdb93ffff,561077793,1929307047,16.5022,0.073589,elderly
891f99cd843ffff,891f99cd80bffff,11028453999,9603238717,18.2667,0.018417,elderly
891f99cd843ffff,891f99cd843ffff,11028453999,11028453999,3.8454,0.911525,elderly
891f99cd843ffff,891f99cd847ffff,11028453999,4077385704,16.1139,0.090299,elderly
891f99cd843ffff,891f99cd853ffff,11028453999,4366230372,19.1703,0.004241,elderly
891f99cd843ffff,891f99cd857ffff,11028453999,9626199074,10.7842,0.438567,elderly
891f99cd843ffff,891f99cd8cfffff,11028453999,12843979122,12.6366,0.298794,elderly
891f99cd847ffff,891f99cd80bffff,4077385704,9603238717,10.5496,0.456889,elderly
891f99cd847ffff,891f99cd80fffff,4077385704,9626457904,16.8357,0.060504,elderly
891f99cd847ffff,891f99cd81bffff,4077385704,9626246784,17.3111,0.043939,elderly
891f99cd847ffff,891f99cd843ffff,4077385704,11028453999,16.0633,0.092592,elderly
891f99cd847ffff,891f99cd847ffff,4077385704,4077385704,1.3439,0.9889,elderly
891f99cd847ffff,891f99cd857ffff,4077385704,9626199074,12.6123,0.300543,elderly
891f99cd847ffff,891f99cd873ffff,4077385704,9626086167,10.7525,0.441035,elderly
891f99cd853ffff,891f99cd843ffff,4366230372,11028453999,17.9901,0.024712,elderly
891f99cd853ffff,891f99cd853ffff,4366230372,4366230372,1.3025,0.989572,elderly
891f99cd853ffff,891f99cd857ffff,4366230372,9626199074,14.337,0.185119,elderly
891f99cd853ffff,891f99cd85bffff,4366230372,2781457861,18.5092,0.013647,elderly
891f99cd853ffff,891f99cd8c3ffff,4366230372,10095613635,17.8516,0.028203,elderly
891f99cd853ffff,891f99cd8cbffff,4366230372,2037315642,12.29,0.323995,elderly
891f99cd853ffff,891f99cd8cfffff,4366230372,12843979122,10.55,0.456854,elderly
891f99cd853ffff,891f99cde27ffff,4366230372,307663800,14.0858,0.200685,elderly
891f99cd853ffff,891f99cde37ffff,4366230372,232890306,18.9965,0.006199,elderly
891f99cd857ffff,891f99cd80bffff,9626199074,9603238717,9.9956,0.500346,elderly
891f99cd857ffff,891f99cd80fffff,9626199074,9626457904,17.0037,0.054365,elderly
891f99cd857ffff,891f99cd81bffff,9626199074,9626246784,12.0012,0.345403,elderly
891f99cd857ffff,891f99cd843ffff,9626199074,11028453999,11.9589,0.348566,elderly
891f99cd857ffff,891f99cd847ffff,9626199074,4077385704,13.4044,0.245185,elderly
891f99cd857ffff,891f99cd853ffff,9626199074,4366230372,16.0938,0.091203,elderly
891f99cd857ffff,891f99cd857ffff,9626199074,9626199074,1.7736,0.980722,elderly
891f99cd857ffff,891f99cd873ffff,9626199074,9626086167,18.8989,0.00746,elderly
891f99cd857ffff,891f99cd8c3ffff,9626199074,10095613635,18.3811,0.016079,elderly
891f99cd857ffff,891f99cd8c7ffff,9626199074,6512705470,19.0183,0.005933,elderly
891f99cd857ffff,891f99cd8cbffff,9626199074,2037315642,18.0909,0.022314,elderly
891f99cd857ffff,891f99cd8cfffff,9626199074,12843979122,9.5478,0.535485,elderly
891f99cd85bffff,891f99cd853ffff,2781457861,4366230372,19.7901,0.000272,elderly
891f99cd85bffff,891f99cd85bffff,2781457861,2781457861,4.6622,0.871809,elderly
891f99cd85bffff,891f99cd8cbffff,2781457861,2037315642,15.8044,0.10471,elderly
891f99cd85bffff,891f99cde27ffff,2781457861,307663800,10.0723,0.494322,elderly
891f99cd85bffff,891f99cde37ffff,2781457861,232890306,17.4352,0.040031,elderly
891f99cd873ffff,891f99cd803ffff,9626086167,4554612512,15.2605,0.132277,elderly
891f99cd873ffff,891f99cd80bffff,9626086167,9603238717,9.268,0.557362,elderly
891f99cd873ffff,891f99cd80fffff,9626086167,9626457904,9.3983,0.547189,elderly
891f99cd873ffff,891f99cd83bffff,9626086167,561077793,19.2253,0.003697,elderly
891f99cd873ffff,891f99cd847ffff,9626086167,4077385704,10.4727,0.462905,elderly
891f99cd873ffff,891f99cd857ffff,9626086167,9626199074,17.9031,0.026878,elderly
891f99cd873ffff,891f99cd873ffff,9626086167,9626086167,0.7975,0.996082,elderly
891f99cd873ffff,891f99cd877ffff,9626086167,9602755803,11.5093,0.382564,elderly
891f99cd877ffff,891f99cd807ffff,9602755803,6539316791,18.2226,0.01936,elderly
891f99cd877ffff,891f99cd80bffff,9602755803,9603238717,18.5637,0.012672,elderly
891f99cd877ffff,891f99cd80fffff,9602755803,9626457904,11.9932,0.345998,elderly
891f99cd877ffff,891f99cd82bffff,9602755803,441965615,15.422,0.123803,elderly
891f99cd877ffff,891f99cd83bffff,9602755803,561077793,13.9656,0.208295,elderly
891f99cd877ffff,891f99cd873ffff,9602755803,9626086167,11.7214,0.366444,elderly
891f99cd877ffff,891f99cd877ffff,9602755803,9602755803,0.6471,0.997419,elderly
891f99cd883ffff,891f99cd813ffff,6438001453,7033480699,14.1128,0.198984,elderly
891f99cd883ffff,891f99cd817ffff,6438001453,7029324075,18.6863,0.010608,elderly
891f99cd883ffff,891f99cd883ffff,6438001453,6438001453,0.6635,0.997287,elderly
891f99cd883ffff,891f99cd887ffff,6438001453,2555399289,8.8993,0.586017,elderly
891f99cd883ffff,891f99cd88bffff,6438001453,7032151748,8.7656,0.596341,elderly
891f99cd883ffff,891f99cd88fffff,6438001453,6435816272,8.4992,0.616784,elderly
891f99cd883ffff,891f99cd893ffff,6438001453,582942526,16.9403,0.056645,elderly
891f99cd883ffff,891f99cd897ffff,6438001453,9838588176,12.9406,0.277172,elderly
891f99cd883ffff,891f99cd89bffff,6438001453,9857622044,13.0035,0.272758,elderly
891f99cd883ffff,891f99cd8bbffff,6438001453,9582667284,17.0933,0.051217,elderly
891f99cd883ffff,891f99cd8d7ffff,6438001453,2942352020,16.5185,0.072921,elderly
891f99cd883ffff,891f99cdc2bffff,6438001453,6462134755,18.2093,0.019651,elderly
891f99cd883ffff,891f99cdc2fffff,6438001453,3735457859,18.3789,0.016124,elderly
891f99cd883ffff,891f99cdc67ffff,6438001453,3178411584,18.3567,0.016566,elderly
891f99cd883ffff,891f99cdc6fffff,6438001453,2588305417,17.5039,0.037943,elderly
891f99cd883ffff,891f99cdd4bffff,6438001453,7023815414,15.5889,0.115301,elderly
891f99cd887ffff,891f99cd817ffff,2555399289,7029324075,15.2073,0.135121,elderly
891f99cd887ffff,891f99cd883ffff,2555399289,6438001453,8.4332,0.621816,elderly
891f99cd887ffff,891f99cd887ffff,2555399289,2555399289,0.1012,0.999937,elderly
891f99cd887ffff,891f99cd88bffff,2555399289,7032151748,16.0886,0.091442,elderly
891f99cd887ffff,891f99cd88fffff,2555399289,6435816272,11.6284,0.373495,elderly
891f99cd887ffff,891f99cd897ffff,2555399289,9838588176,11.449,0.387177,elderly
891f99cd887ffff,891f99cd8a3ffff,2555399289,3731973493,18.0898,0.02234,elderly
891f99cd887ffff,891f99cd8b3ffff,2555399289,9850454762,14.7456,0.160854,elderly
891f99cd887ffff,891f99cd8b7ffff,2555399289,12812222615,19.6582,0.00072,elderly
891f99cd887ffff,891f99cd8bbffff,2555399289,9582667284,11.0822,0.415416,elderly
891f99cd887ffff,891f99cdc2fffff,2555399289,3735457859,19.2963,0.003052,elderly
891f99cd887ffff,891f99cdd4bffff,2555399289,7023815414,9.996,0.500316,elderly
891f99cd887ffff,891f99cdd4fffff,2555399289,27653866,18.4077,0.015559,elderly
891f99cd887ffff,891f99cdd5bffff,2555399289,7019773672,19.1401,0.004554,elderly
891f99cd88bffff,891f99cd813ffff,7032151748,7033480699,8.2616,0.634843,elderly
891f99cd88bffff,891f99cd883ffff,7032151748,6438001453,9.8047,0.515335,elderly
891f99cd88bffff,891f99cd887ffff,7032151748,2555399289,17.4258,0.040322,elderly
891f99cd88bffff,891f99cd88bffff,7032151748,7032151748,0.6929,0.997042,elderly
891f99cd88bffff,891f99cd88fffff,7032151748,6435816272,12.9605,0.275777,elderly
891f99cd88bffff,891f99cd89bffff,7032151748,9857622044,10.5322,0.458246,elderly
891f99cd88bffff,891f99cd8c3ffff,7032151748,10095613635,14.9254,0.150611,elderly
891f99cd88bffff,891f99cd8c7ffff,7032151748,6512705470,14.0916,0.200319,elderly
891f99cd88bffff,891f99cd8d7ffff,7032151748,2942352020,10.1271,0.490017,elderly
891f99cd88bffff,891f99cdc67ffff,7032151748,3178411584,18.1644,0.020641,elderly
891f99cd88bffff,891f99cdc6fffff,7032151748,2588305417,14.6264,0.16779,elderly
891f99cd88fffff,891f99cd803ffff,6435816272,4554612512,17.0623,0.052296,elderly
891f99cd88fffff,891f99cd807ffff,6435816272,6539316791,19.9423,2.1e-05,elderly
891f99cd88fffff,891f99cd813ffff,6435816272,7033480699,10.7238,0.443277,elderly
891f99cd88fffff,891f99cd817ffff,6435816272,7029324075,11.3754,0.392811,elderly
891f99cd88fffff,891f99cd81bffff,6435816272,9626246784,18.8561,0.00805,elderly
891f99cd88fffff,891f99cd883ffff,6435816272,6438001453,9.0069,0.577682,elderly
891f99cd88fffff,891f99cd887ffff,6435816272,2555399289,11.135,0.411333,elderly
891f99cd88fffff,891f99cd88bffff,6435816272,7032151748,11.7472,0.364494,elderly
891f99cd88fffff,891f99cd88fffff,6435816272,6435816272,1.1883,0.991315,elderly
891f99cd88fffff,891f99cd897ffff,6435816272,9838588176,17.946,0.025799,elderly
891f99cd88fffff,891f99cd89bffff,6435816272,9857622044,17.8787,0.027501,elderly
891f99cd88fffff,891f99cd8a3ffff,6435816272,3731973493,19.3562,0.002555,elderly
891f99cd88fffff,891f99cd8abffff,6435816272,29749460,18.2739,0.018266,elderly
891f99cd88fffff,891f99cd8bbffff,6435816272,9582667284,9.7955,0.516056,elderly
891f99cd88fffff,891f99cdd4bffff,6435816272,7023815414,19.3569,0.002549,elderly
891f99cd893ffff,891f99cd883ffff,582942526,6438001453,16.4908,0.074056,elderly
891f99cd893ffff,891f99cd893ffff,582942526,582942526,0.5027,0.998442,elderly
891f99cd893ffff,891f99cd897ffff,582942526,9838588176,13.756,0.221825,elderly
891f99cd893ffff,891f99cdc2bffff,582942526,6462134755,11.8217,0.358869,elderly
891f99cd893ffff,891f99cdc2fffff,582942526,3735457859,10.9794,0.423384,elderly
891f99cd893ffff,891f99cdd5bffff,582942526,7019773672,19.5354,0.001331,elderly
891f99cd897ffff,891f99cd883ffff,9838588176,6438001453,12.1737,0.332576,elderly
891f99cd897ffff,891f99cd887ffff,9838588176,2555399289,11.4616,0.386214,elderly
891f99cd897ffff,891f99cd88bffff,9838588176,7032151748,19.8858,8e-05,elderly
891f99cd897ffff,891f99cd88fffff,9838588176,6435816272,17.8906,0.027197,elderly
891f99cd897ffff,891f99cd893ffff,9838588176,582942526,14.715,0.162622,elderly
891f99cd897ffff,891f99cd897ffff,9838588176,9838588176,1.3997,0.987963,elderly
891f99cd897ffff,891f99cdc27ffff,9838588176,4889789431,18.5114,0.013607,elderly
891f99cd897ffff,891f99cdc2bffff,9838588176,6462134755,18.4711,0.01435,elderly
891f99cd897ffff,891f99cdc2fffff,9838588176,3735457859,10.2745,0.478447,elderly
891f99cd897ffff,891f99cdd43ffff,9838588176,4912632765,18.2568,0.018627,elderly
891f99cd897ffff,891f99cdd4bffff,9838588176,7023815414,11.4361,0.388166,elderly
891f99cd897ffff,891f99cdd5bffff,9838588176,7019773672,13.2929,0.252757,elderly
891f99cd89bffff,891f99cd813ffff,9857622044,7033480699,18.1725,0.020461,elderly
891f99cd89bffff,891f99cd883ffff,9857622044,6438001453,11.9394,0.350024,elderly
891f99cd89bffff,891f99cd88bffff,9857622044,7032151748,10.7065,0.444628,elderly
891f99cd89bffff,891f99cd88fffff,9857622044,6435816272,17.5731,0.035894,elderly
891f99cd89bffff,891f99cd89bffff,9857622044,9857622044,1.4927,0.986319,elderly
891f99cd89bffff,891f99cd8c3ffff,9857622044,10095613635,19.339,0.002692,elderly
891f99cd89bffff,891f99cd8c7ffff,9857622044,6512705470,19.4218,0.002061,elderly
891f99cd89bffff,891f99cd8d3ffff,9857622044,5544868327,19.1156,0.004817,elderly
891f99cd89bffff,891f99cd8d7ffff,9857622044,2942352020,14.1862,0.194404,elderly
891f99cd89bffff,891f99cdc2bffff,9857622044,6462134755,15.5801,0.115742,elderly
891f99cd89bffff,891f99cdc63ffff,9857622044,7017551862,14.3695,0.183136,elderly
891f99cd89bffff,891f99cdc67ffff,9857622044,3178411584,9.8055,0.515275,elderly
891f99cd89bffff,891f99cdc6bffff,9857622044,267240657,18.024,0.023893,elderly
891f99cd89bffff,891f99cdc6fffff,9857622044,2588305417,8.9616,0.581197,elderly
891f99cd89bffff,891f99cdc73ffff,9857622044,6439049534,17.7467,0.030995,elderly
891f99cd89bffff,891f99cdc77ffff,9857622044,1531554258,18.8274,0.008458,elderly
891f99cd8a3ffff,891f99cd807ffff,3731973493,6539316791,19.8062,0.000232,elderly
891f99cd8a3ffff,891f99cd817ffff,3731973493,7029324075,16.5618,0.071163,elderly
891f99cd8a3ffff,891f99cd837ffff,3731973493,9496654074,19.9633,8e-06,elderly
891f99cd8a3ffff,891f99cd887ffff,3731973493,2555399289,17.4563,0.039384,elderly
891f99cd8a3ffff,891f99cd88fffff,3731973493,6435816272,19.2221,0.003728,elderly
891f99cd8a3ffff,891f99cd8a3ffff,3731973493,3731973493,0.8061,0.995997,elderly
891f99cd8a3ffff,891f99cd8a7ffff,3731973493,13595211527,9.9737,0.502064,elderly
891f99cd8a3ffff,891f99cd8abffff,3731973493,29749460,13.5295,0.236777,elderly
891f99cd8a3ffff,891f99cd8afffff,3731973493,562679457,10.9095,0.428809,elderly
891f99cd8a3ffff,891f99cd8b3ffff,3731973493,9850454762,15.4577,0.12196,elderly
891f99cd8a3ffff,891f99cd8b7ffff,3731973493,12812222615,12.8893,0.280787,elderly
891f99cd8a3ffff,891f99cd8bbffff,3731973493,9582667284,10.2473,0.480585,elderly
891f99cd8a3ffff,891f99cd9dbffff,3731973493,6251697193,14.9627,0.148525,elderly
891f99cd8a3ffff,891f99cdd6bffff,3731973493,6293459375,18.268,0.018391,elderly
891f99cd8a7ffff,891f99cd837ffff,13595211527,9496654074,17.9542,0.025595,elderly
891f99cd8a7ffff,891f99cd8a3ffff,13595211527,3731973493,12.911,0.279255,elderly
891f99cd8a7ffff,891f99cd8a7ffff,13595211527,13595211527,1.0097,0.993724,elderly
891f99cd8a7ffff,891f99cd8abffff,13595211527,29749460,17.0477,0.052807,elderly
891f99cd8a7ffff,891f99cd8afffff,13595211527,562679457,10.2538,0.480069,elderly
891f99cd8a7ffff,891f99cd8b7ffff,13595211527,12812222615,13.7491,0.222274,elderly
891f99cd8a7ffff,891f99cd9cbffff,13595211527,6274583816,18.7434,0.009708,elderly
891f99cd8a7ffff,891f99cd9d3ffff,13595211527,6306034549,11.6459,0.372167,elderly
891f99cd8a7ffff,891f99cd9dbffff,13595211527,6251697193,12.0555,0.341353,elderly
891f99cd8a7ffff,891f99cdd63ffff,13595211527,9474270025,18.5107,0.013619,elderly
891f99cd8a7ffff,891f99cdd6bffff,13595211527,6293459375,9.4895,0.540051,elderly
891f99cd8a7ffff,891f99cdd6fffff,13595211527,1831777965,17.8041,0.02945,elderly
891f99cd8a7ffff,891f99cdd7bffff,13595211527,7026396817,19.9884,1e-06,elderly
891f99cd8abffff,891f99cd807ffff,29749460,6539316791,12.9539,0.276235,elderly
891f99cd8abffff,891f99cd817ffff,29749460,7029324075,12.6886,0.295058,elderly
891f99cd8abffff,891f99cd833ffff,29749460,2902864074,13.4638,0.241176,elderly
891f99cd8abffff,891f99cd837ffff,29749460,9496654074,15.7444,0.107615,elderly
891f99cd8abffff,891f99cd8a3ffff,29749460,3731973493,15.3432,0.127908,elderly
891f99cd8abffff,891f99cd8a7ffff,29749460,13595211527,19.0461,0.005603,elderly
891f99cd8abffff,891f99cd8abffff,29749460,29749460,1.8691,0.978605,elderly
891f99cd8abffff,891f99cd8afffff,29749460,562679457,9.066,0.573092,elderly
891f99cd8abffff,891f99cd8bbffff,29749460,9582667284,14.0141,0.205209,elderly
891f99cd8afffff,891f99cd807ffff,562679457,6539316791,17.8194,0.029045,elderly
891f99cd8afffff,891f99cd817ffff,562679457,7029324075,17.8176,0.029092,elderly
891f99cd8afffff,891f99cd823ffff,562679457,262524963,17.1379,0.049686,elderly
891f99cd8afffff,891f99cd827ffff,562679457,6541998757,17.2981,0.044359,elderly
891f99cd8afffff,891f99cd833ffff,562679457,2902864074,12.575,0.303227,elderly
891f99cd8afffff,891f99cd837ffff,562679457,9496654074,9.604,0.531084,elderly
891f99cd8afffff,891f99cd8a3ffff,562679457,3731973493,13.2365,0.256618,elderly
891f99cd8afffff,891f99cd8a7ffff,562679457,13595211527,10.7535,0.440961,elderly
891f99cd8afffff,891f99cd8abffff,562679457,29749460,7.7053,0.676351,elderly
891f99cd8afffff,891f99cd8afffff,562679457,562679457,0.3571,0.999214,elderly
891f99cd8afffff,891f99cd8b7ffff,562679457,12812222615,19.3948,0.002258,elderly
891f99cd8afffff,891f99cd8bbffff,562679457,9582667284,18.1662,0.020602,elderly
891f99cd8afffff,891f99cd9cbffff,562679457,6274583816,16.5259,0.07262,elderly
891f99cd8afffff,891f99cd9dbffff,562679457,6251697193,14.7033,0.163302,elderly
891f99cd8afffff,891f99cdd6bffff,562679457,6293459375,19.0134,0.005992,elderly
891f99cd8b3ffff,891f99cd817ffff,9850454762,7029324075,19.3565,0.002552,elderly
891f99cd8b3ffff,891f99cd883ffff,9850454762,6438001453,19.5453,0.001275,elderly
891f99cd8b3ffff,891f99cd887ffff,9850454762,2555399289,12.045,0.342136,elderly
891f99cd8b3ffff,891f99cd88fffff,9850454762,6435816272,17.4755,0.038799,elderly
891f99cd8b3ffff,891f99cd8a3ffff,9850454762,3731973493,13.5297,0.236763,elderly
891f99cd8b3ffff,891f99cd8a7ffff,9850454762,13595211527,18.0897,0.022342,elderly
891f99cd8b3ffff,891f99cd8abffff,9850454762,29749460,18.7615,0.009433,elderly
891f99cd8b3ffff,891f99cd8b3ffff,9850454762,9850454762,1.6532,0.983235,elderly
891f99cd8b3ffff,891f99cd8b7ffff,9850454762,12812222615,9.5778,0.533135,elderly
891f99cd8b3ffff,891f99cd8bbffff,9850454762,9582667284,13.9205,0.211184,elderly
891f99cd8b3ffff,891f99cdd43ffff,9850454762,4912632765,16.2062,0.086187,elderly
891f99cd8b3ffff,891f99cdd4bffff,9850454762,7023815414,13.4095,0.244836,elderly
891f99cd8b3ffff,891f99cdd4fffff,9850454762,27653866,9.3669,0.54964,elderly
891f99cd8b3ffff,891f99cdd7bffff,9850454762,7026396817,16.5385,0.072109,elderly
891f99cd8b7ffff,891f99cd8a3ffff,12812222615,3731973493,13.0231,0.271391,elderly
891f99cd8b7ffff,891f99cd8a7ffff,12812222615,13595211527,10.4722,0.46295,elderly
891f99cd8b7ffff,891f99cd8afffff,12812222615,562679457,16.6119,0.069153,elderly
891f99cd8b7ffff,891f99cd8b3ffff,12812222615,9850454762,11.7865,0.361524,elderly
891f99cd8b7ffff,891f99cd8b7ffff,12812222615,12812222615,0.5602,0.998065,elderly
891f99cd8b7ffff,891f99cd9dbffff,12812222615,6251697193,18.8357,0.008339,elderly
891f99cd8b7ffff,891f99cdd43ffff,12812222615,4912632765,19.7133,0.000507,elderly
891f99cd8b7ffff,891f99cdd4bffff,12812222615,7023815414,19.2267,0.003684,elderly
891f99cd8b7ffff,891f99cdd4fffff,12812222615,27653866,11.9644,0.348154,elderly
891f99cd8b7ffff,891f99cdd63ffff,12812222615,9474270025,19.5716,0.001132,elderly
891f99cd8b7ffff,891f99cdd6bffff,12812222615,6293459375,14.5343,0.173235,elderly
891f99cd8b7ffff,891f99cdd7bffff,12812222615,7026396817,12.383,0.317183,elderly
891f99cd8bbffff,891f99cd807ffff,9582667284,6539316791,19.1992,0.00395,elderly
891f99cd8bbffff,891f99cd817ffff,9582667284,7029324075,10.8631,0.432422,elderly
891f99cd8bbffff,891f99cd883ffff,9582667284,6438001453,17.3139,0.043849,elderly
891f99cd8bbffff,891f99cd887ffff,9582667284,2555399289,10.5441,0.457315,elderly
891f99cd8bbffff,891f99cd88fffff,9582667284,6435816272,10.638,0.449979,elderly
891f99cd8bbffff,891f99cd8a3ffff,9582667284,3731973493,11.1916,0.406955,elderly
891f99cd8bbffff,891f99cd8abffff,9582667284,29749460,13.2913,0.252863,elderly
891f99cd8bbffff,891f99cd8afffff,9582667284,562679457,17.0963,0.051113,elderly
891f99cd8bbffff,891f99cd8b3ffff,9582667284,9850454762,17.3707,0.042041,elderly
891f99cd8bbffff,891f99cd8b7ffff,9582667284,12812222615,19.7169,0.000494,elderly
891f99cd8bbffff,891f99cd8bbffff,9582667284,9582667284,1.3629,0.988586,elderly
891f99cd8bbffff,891f99cdd4bffff,9582667284,7023815414,18.5543,0.012837,elderly
891f99cd8c3ffff,891f99cd81bffff,10095613635,9626246784,18.7565,0.009508,elderly
891f99cd8c3ffff,891f99cd853ffff,10095613635,4366230372,17.8557,0.028095,elderly
891f99cd8c3ffff,891f99cd857ffff,10095613635,9626199074,16.9515,0.056239,elderly
891f99cd8c3ffff,891f99cd88bffff,10095613635,7032151748,18.635,0.011449,elderly
891f99cd8c3ffff,891f99cd8c3ffff,10095613635,10095613635,0.166,0.99983,elderly
891f99cd8c3ffff,891f99cd8c7ffff,10095613635,6512705470,13.7269,0.223723,elderly
891f99cd8c3ffff,891f99cd8cbffff,10095613635,2037315642,7.6509,0.680337,elderly
891f99cd8c3ffff,891f99cd8cfffff,10095613635,12843979122,11.2201,0.404762,elderly
891f99cd8c3ffff,891f99cd8d3ffff,10095613635,5544868327,15.2669,0.13194,elderly
891f99cd8c3ffff,891f99cd8d7ffff,10095613635,2942352020,11.9298,0.350742,elderly
891f99cd8c3ffff,891f99cd8dbffff,10095613635,5507478284,14.3741,0.182856,elderly
891f99cd8c3ffff,891f99cdc6fffff,10095613635,2588305417,17.9643,0.025345,elderly
891f99cd8c3ffff,891f99cde27ffff,10095613635,307663800,16.4305,0.076557,elderly
891f99cd8c3ffff,891f99cde37ffff,10095613635,232890306,15.4513,0.122291,elderly
891f99cd8c7ffff,891f99cd803ffff,6512705470,4554612512,17.78,0.030093,elderly
891f99cd8c7ffff,891f99cd80bffff,6512705470,9603238717,18.7887,0.009024,elderly
891f99cd8c7ffff,891f99cd813ffff,6512705470,7033480699,19.8473,0.000144,elderly
891f99cd8c7ffff,891f99cd81bffff,6512705470,9626246784,10.67,0.447472,elderly
891f99cd8c7ffff,891f99cd857ffff,6512705470,9626199074,18.2284,0.019235,elderly
891f99cd8c7ffff,891f99cd88bffff,6512705470,7032151748,15.9118,0.099602,elderly
891f99cd8c7ffff,891f99cd8c3ffff,6512705470,10095613635,12.1859,0.331673,elderly
891f99cd8c7ffff,891f99cd8c7ffff,6512705470,6512705470,0.7357,0.996665,elderly
891f99cd8c7ffff,891f99cd8cbffff,6512705470,2037315642,19.6428,0.000787,elderly
891f99cd8c7ffff,891f99cd8cfffff,6512705470,12843979122,15.9058,0.099885,elderly
891f99cd8c7ffff,891f99cd8d7ffff,6512705470,2942352020,10.5522,0.456686,elderly
891f99cd8c7ffff,891f99cdc6fffff,6512705470,2588305417,17.843,0.028426,elderly
891f99cd8cbffff,891f99cd853ffff,2037315642,4366230372,14.3752,0.182792,elderly
891f99cd8cbffff,891f99cd857ffff,2037315642,9626199074,18.4284,0.015159,elderly
891f99cd8cbffff,891f99cd85bffff,2037315642,2781457861,15.4385,0.12295,elderly
891f99cd8cbffff,891f99cd8c3ffff,2037315642,10095613635,10.2347,0.481573,elderly
891f99cd8cbffff,891f99cd8cbffff,2037315642,2037315642,0.4658,0.998662,elderly
891f99cd8cbffff,891f99cd8cfffff,2037315642,12843979122,13.0787,0.267518,elderly
891f99cd8cbffff,891f99cde27ffff,2037315642,307663800,9.2454,0.559127,elderly
891f99cd8cbffff,891f99cde37ffff,2037315642,232890306,8.2662,0.634494,elderly
891f99cd8cfffff,891f99cd80bffff,12843979122,9603238717,17.6247,0.034401,elderly
891f99cd8cfffff,891f99cd81bffff,12843979122,9626246784,14.3422,0.1848,elderly
891f99cd8cfffff,891f99cd843ffff,12843979122,11028453999,13.266,0.254594,elderly
891f99cd8cfffff,891f99cd853ffff,12843979122,4366230372,12.3782,0.31753,elderly
891f99cd8cfffff,891f99cd857ffff,12843979122,9626199074,9.6032,0.531147,elderly
891f99cd8cfffff,891f99cd8c3ffff,12843979122,10095613635,12.4595,0.311601,elderly
891f99cd8cfffff,891f99cd8c7ffff,12843979122,6512705470,17.4824,0.038591,elderly
891f99cd8cfffff,891f99cd8cbffff,12843979122,2037315642,12.2135,0.32963,elderly
891f99cd8cfffff,891f99cd8cfffff,12843979122,12843979122,1.924,0.977338,elderly
891f99cd8cfffff,891f99cde27ffff,12843979122,307663800,17.444,0.039762,elderly
891f99cd8cfffff,891f99cde37ffff,12843979122,232890306,19.2968,0.003048,elderly
891f99cd8d3ffff,891f99cd8c3ffff,5544868327,10095613635,11.4739,0.385269,elderly
891f99cd8d3ffff,891f99cd8c7ffff,5544868327,6512705470,18.1253,0.021524,elderly
891f99cd8d3ffff,891f99cd8cbffff,5544868327,2037315642,18.9588,0.006672,elderly
891f99cd8d3ffff,891f99cd8d3ffff,5544868327,5544868327,2.4375,0.963796,elderly
891f99cd8d3ffff,891f99cd8d7ffff,5544868327,2942352020,12.6284,0.299381,elderly
891f99cd8d3ffff,891f99cd8dbffff,5544868327,5507478284,15.1729,0.136975,elderly
891f99cd8d3ffff,891f99cdc6bffff,5544868327,267240657,12.968,0.275244,elderly
891f99cd8d3ffff,891f99cdc6fffff,5544868327,2588305417,13.9107,0.21181,elderly
891f99cd8d7ffff,891f99cd813ffff,2942352020,7033480699,15.116,0.140064,elderly
891f99cd8d7ffff,891f99cd81bffff,2942352020,9626246784,18.6655,0.010945,elderly
891f99cd8d7ffff,891f99cd883ffff,2942352020,6438001453,17.7541,0.030792,elderly
891f99cd8d7ffff,891f99cd88bffff,2942352020,7032151748,10.4914,0.46144,elderly
891f99cd8d7ffff,891f99cd89bffff,2942352020,9857622044,15.9921,0.095857,elderly
891f99cd8d7ffff,891f99cd8c3ffff,2942352020,10095613635,9.2623,0.55781,elderly
891f99cd8d7ffff,891f99cd8c7ffff,2942352020,6512705470,9.1195,0.568933,elderly
891f99cd8d7ffff,891f99cd8cbffff,2942352020,2037315642,16.7192,0.064939,elderly
891f99cd8d7ffff,891f99cd8d3ffff,2942352020,5544868327,13.7751,0.220576,elderly
891f99cd8d7ffff,891f99cd8d7ffff,2942352020,2942352020,1.0811,0.992808,elderly
891f99cd8d7ffff,891f99cd8dbffff,2942352020,5507478284,14.8894,0.152641,elderly
891f99cd8d7ffff,891f99cdc63ffff,2942352020,7017551862,18.9082,0.007335,elderly
891f99cd8d7ffff,891f99cdc6bffff,2942352020,267240657,15.7509,0.1073,elderly
891f99cd8d7ffff,891f99cdc6fffff,2942352020,2588305417,11.1336,0.411436,elderly
891f99cd8dbffff,891f99cd8c3ffff,5507478284,10095613635,13.6742,0.227186,elderly
891f99cd8dbffff,891f99cd8d3ffff,5507478284,5544868327,18.7093,0.010242,elderly
891f99cd8dbffff,891f99cd8d7ffff,5507478284,2942352020,16.7589,0.063413,elderly
891f99cd8dbffff,891f99cd8dbffff,5507478284,5507478284,1.1028,0.992517,elderly
891f99cd903ffff,891f99cd903ffff,9468835556,9468835556,0.4844,0.998554,elderly
891f99cd903ffff,891f99cd907ffff,9468835556,440390944,14.2484,0.190552,elderly
891f99cd903ffff,891f99cd90bffff,9468835556,9612610494,12.2518,0.326806,elderly
891f99cd903ffff,891f99cd90fffff,9468835556,5134144080,13.1558,0.26217,elderly
891f99cd903ffff,891f99cd913ffff,9468835556,4228814167,10.0702,0.494485,elderly
891f99cd903ffff,891f99cd917ffff,9468835556,9578034936,14.1767,0.194992,elderly
891f99cd903ffff,891f99cd91bffff,9468835556,11343319274,11.7312,0.365703,elderly
891f99cd903ffff,891f99cd957ffff,9468835556,9560549610,18.2213,0.019389,elderly
891f99cd903ffff,891f99cd973ffff,9468835556,2480553393,19.4155,0.002106,elderly
891f99cd903ffff,891f99cd98fffff,9468835556,9578034988,17.43,0.040193,elderly
891f99cd903ffff,891f99cd9abffff,9468835556,9496019444,19.2519,0.003448,elderly
891f99cd903ffff,891f99cd9c7ffff,9468835556,7033787067,17.7306,0.031434,elderly
891f99cd907ffff,891f99cd903ffff,440390944,9468835556,15.6825,0.110645,elderly
891f99cd907ffff,891f99cd907ffff,440390944,440390944,1.874,0.978493,elderly
891f99cd907ffff,891f99cd90bffff,440390944,9612610494,18.2315,0.019169,elderly
891f99cd907ffff,891f99cd90fffff,440390944,5134144080,18.1067,0.021949,elderly
891f99cd907ffff,891f99cd913ffff,440390944,4228814167,16.5281,0.072533,elderly
891f99cd907ffff,891f99cd917ffff,440390944,9578034936,9.2713,0.557107,elderly
891f99cd907ffff,891f99cd98fffff,440390944,9578034988,16.8978,0.058197,elderly
891f99cd907ffff,891f99cd9abffff,440390944,9496019444,13.7335,0.223294,elderly
891f99cd907ffff,891f99cd9bbffff,440390944,2571150096,18.7647,0.009383,elderly
891f99cd90bffff,891f99cd903ffff,9612610494,9468835556,12.1973,0.330831,elderly
891f99cd90bffff,891f99cd907ffff,9612610494,440390944,16.6633,0.067121,elderly
891f99cd90bffff,891f99cd90bffff,9612610494,9612610494,1.5579,0.985103,elderly
891f99cd90bffff,891f99cd90fffff,9612610494,5134144080,10.0901,0.492924,elderly
891f99cd90bffff,891f99cd913ffff,9612610494,4228814167,17.8079,0.02935,elderly
891f99cd90bffff,891f99cd917ffff,9612610494,9578034936,16.8032,0.061724,elderly
891f99cd90bffff,891f99cd91bffff,9612610494,11343319274,10.4736,0.462838,elderly
891f99cd90bffff,891f99cd947ffff,9612610494,9340804810,11.6859,0.369134,elderly
891f99cd90bffff,891f99cd94fffff,9612610494,9340898284,17.1424,0.049532,elderly
891f99cd90bffff,891f99cd957ffff,9612610494,9560549610,13.0856,0.267032,elderly
891f99cd90bffff,891f99cd973ffff,9612610494,2480553393,11.009,0.421082,elderly
891f99cd90bffff,891f99cd977ffff,9612610494,7977389789,16.859,0.059635,elderly
891f99cd90bffff,891f99cd97bffff,9612610494,13506766820,18.2707,0.018333,elderly
891f99cd90bffff,891f99cd9c7ffff,9612610494,7033787067,19.8954,6.8e-05,elderly
891f99cd90bffff,891f99cd9cfffff,9612610494,6264079131,19.4065,0.002171,elderly
891f99cd90fffff,891f99cd903ffff,5134144080,9468835556,15.4141,0.124211,elderly
891f99cd90fffff,891f99cd907ffff,5134144080,440390944,18.9449,0.006852,elderly
891f99cd90fffff,891f99cd90bffff,5134144080,9612610494,11.3099,0.397849,elderly
891f99cd90fffff,891f99cd90fffff,5134144080,5134144080,0.6632,0.99729,elderly
891f99cd90fffff,891f99cd917ffff,5134144080,9578034936,19.3504,0.002601,elderly
891f99cd90fffff,891f99cd91bffff,5134144080,11343319274,17.198,0.047654,elderly
891f99cd90fffff,891f99cd947ffff,5134144080,9340804810,18.9861,0.006328,elderly
891f99cd90fffff,891f99cd963ffff,5134144080,2477486916,17.0542,0.05258,elderly
891f99cd90fffff,891f99cd973ffff,5134144080,2480553393,11.4162,0.389689,elderly
891f99cd90fffff,891f99cd977ffff,5134144080,7977389789,11.4174,0.389597,elderly
891f99cd913ffff,891f99cd903ffff,4228814167,9468835556,9.9379,0.504877,elderly
891f99cd913ffff,891f99cd907ffff,4228814167,440390944,14.5198,0.174094,elderly
891f99cd913ffff,891f99cd90bffff,4228814167,9612610494,17.7101,0.031999,elderly
891f99cd913ffff,891f99cd90fffff,4228814167,5134144080,18.4394,0.014947,elderly
891f99cd913ffff,891f99cd913ffff,4228814167,4228814167,0.0842,0.999956,elderly
891f99cd913ffff,891f99cd917ffff,4228814167,9578034936,13.8549,0.215402,elderly
891f99cd913ffff,891f99cd91bffff,4228814167,11343319274,12.442,0.312874,elderly
891f99cd913ffff,891f99cd983ffff,4228814167,9577976786,16.8688,0.059268,elderly
891f99cd913ffff,891f99cd98bffff,4228814167,6276210975,11.6804,0.369547,elderly
891f99cd913ffff,891f99cd98fffff,4228814167,9578034988,9.4449,0.543542,elderly
891f99cd913ffff,891f99cd9abffff,4228814167,9496019444,18.8971,0.007485,elderly
891f99cd913ffff,891f99cd9bbffff,4228814167,2571150096,17.4013,0.041083,elderly
891f99cd913ffff,891f99cd9c7ffff,4228814167,7033787067,13.3571,0.248383,elderly
891f99cd913ffff,891f99cd9cfffff,4228814167,6264079131,19.758,0.000361,elderly
891f99cd917ffff,891f99cd903ffff,9578034936,9468835556,13.853,0.215528,elderly
891f99cd917ffff,891f99cd907ffff,9578034936,440390944,8.5826,0.610405,elderly
891f99cd917ffff,891f99cd90bffff,9578034936,9612610494,16.6207,0.068802,elderly
891f99cd917ffff,891f99cd90fffff,9578034936,5134144080,16.4959,0.073847,elderly
891f99cd917ffff,891f99cd913ffff,9578034936,4228814167,13.0924,0.266563,elderly
891f99cd917ffff,891f99cd917ffff,9578034936,9578034936,2.0,0.975529,elderly
891f99cd917ffff,891f99cd91bffff,9578034936,11343319274,19.5873,0.00105,elderly
891f99cd917ffff,891f99cd987ffff,9578034936,9496019473,16.0016,0.095418,elderly
891f99cd917ffff,891f99cd98bffff,9578034936,6276210975,17.1463,0.049397,elderly
891f99cd917ffff,891f99cd98fffff,9578034936,9578034988,10.6063,0.452451,elderly
891f99cd917ffff,891f99cd9abffff,9578034936,9496019444,7.0752,0.721719,elderly
891f99cd917ffff,891f99cd9b3ffff,9578034936,3693529476,18.9947,0.006221,elderly
891f99cd917ffff,891f99cd9bbffff,9578034936,2571150096,11.4934,0.38378,elderly
891f99cd91bffff,891f99cd903ffff,11343319274,9468835556,10.1261,0.490095,elderly
891f99cd91bffff,891f99cd907ffff,11343319274,440390944,19.4325,0.001985,elderly
891f99cd91bffff,891f99cd90bffff,11343319274,9612610494,8.03,0.652268,elderly
891f99cd91bffff,891f99cd90fffff,11343319274,5134144080,13.8315,0.216916,elderly
891f99cd91bffff,891f99cd913ffff,11343319274,4228814167,10.9768,0.423585,elderly
891f99cd91bffff,891f99cd917ffff,11343319274,9578034936,19.3071,0.002958,elderly
891f99cd91bffff,891f99cd91bffff,11343319274,11343319274,0.2074,0.999735,elderly
891f99cd91bffff,891f99cd943ffff,11343319274,4864904047,16.7295,0.064542,elderly
891f99cd91bffff,891f99cd947ffff,11343319274,9340804810,15.728,0.108415,elderly
891f99cd91bffff,891f99cd94fffff,11343319274,9340898284,19.8018,0.000242,elderly
891f99cd91bffff,891f99cd953ffff,11343319274,4228945737,16.7931,0.062108,elderly
891f99cd91bffff,891f99cd957ffff,11343319274,9560549610,9.6271,0.529267,elderly
891f99cd91bffff,891f99cd973ffff,11343319274,2480553393,16.6578,0.067338,elderly
891f99cd91bffff,891f99cd98bffff,11343319274,6276210975,18.383,0.016042,elderly
891f99cd91bffff,891f99cd98fffff,11343319274,9578034988,17.5982,0.035165,elderly
891f99cd91bffff,891f99cd9c7ffff,11343319274,7033787067,9.9165,0.506556,elderly
891f99cd91bffff,891f99cd9cfffff,11343319274,6264079131,12.2222,0.328992,elderly
891f99cd943ffff,891f99cd82fffff,4864904047,9560281154,17.9845,0.02485,elderly
891f99cd943ffff,891f99cd90bffff,4864904047,9612610494,18.8331,0.008376,elderly
891f99cd943ffff,891f99cd91bffff,4864904047,11343319274,18.0985,0.022138,elderly
891f99cd943ffff,891f99cd943ffff,4864904047,4864904047,0.6835,0.997121,elderly
891f99cd943ffff,891f99cd947ffff,4864904047,9340804810,10.3295,0.474136,elderly
891f99cd943ffff,891f99cd94bffff,4864904047,1736732466,11.4132,0.389914,elderly
891f99cd943ffff,891f99cd94fffff,4864904047,9340898284,10.7448,0.441634,elderly
891f99cd943ffff,891f99cd953ffff,4864904047,4228945737,12.8536,0.28331,elderly
891f99cd943ffff,891f99cd957ffff,4864904047,9560549610,9.897,0.508086,elderly
891f99cd943ffff,891f99cd95bffff,4864904047,9317583344,9.7322,0.521025,elderly
891f99cd943ffff,891f99cd97bffff,4864904047,13506766820,16.7816,0.062545,elderly
891f99cd943ffff,891f99cd9cfffff,4864904047,6264079131,19.4373,0.001952,elderly
891f99cd943ffff,891f99cdb97ffff,4864904047,9343359784,18.933,0.007007,elderly
891f99cd947ffff,891f99cd90bffff,9340804810,9612610494,13.5508,0.235358,elderly
891f99cd947ffff,891f99cd91bffff,9340804810,11343319274,18.591,0.012196,elderly
891f99cd947ffff,891f99cd943ffff,9340804810,4864904047,11.8994,0.353027,elderly
891f99cd947ffff,891f99cd947ffff,9340804810,9340804810,1.772,0.980755,elderly
891f99cd947ffff,891f99cd94bffff,9340804810,1736732466,19.5116,0.001471,elderly
891f99cd947ffff,891f99cd94fffff,9340804810,9340898284,7.3308,0.703552,elderly
891f99cd947ffff,891f99cd953ffff,9340804810,4228945737,16.0344,0.09391,elderly
891f99cd947ffff,891f99cd957ffff,9340804810,9560549610,10.5204,0.459171,elderly
891f99cd947ffff,891f99cd95bffff,9340804810,9317583344,19.6497,0.000757,elderly
891f99cd947ffff,891f99cd963ffff,9340804810,2477486916,17.5451,0.036716,elderly
891f99cd947ffff,891f99cd973ffff,9340804810,2480553393,14.6473,0.166569,elderly
891f99cd947ffff,891f99cd97bffff,9340804810,13506766820,9.7371,0.520646,elderly
891f99cd94bffff,891f99cd827ffff,1736732466,6541998757,19.2773,0.003218,elderly
891f99cd94bffff,891f99cd82fffff,1736732466,9560281154,15.0446,0.143977,elderly
891f99cd94bffff,891f99cd943ffff,1736732466,4864904047,12.3906,0.316622,elderly
891f99cd94bffff,891f99cd947ffff,1736732466,9340804810,19.9277,3.2e-05,elderly
891f99cd94bffff,891f99cd94bffff,1736732466,1736732466,4.0899,0.900318,elderly
891f99cd94bffff,891f99cd94fffff,1736732466,9340898284,14.0533,0.202733,elderly
891f99cd94bffff,891f99cd953ffff,1736732466,4228945737,17.8033,0.029471,elderly
891f99cd94bffff,891f99cd95bffff,1736732466,9317583344,8.098,0.647168,elderly
891f99cd94bffff,891f99cdb93ffff,1736732466,1929307047,18.6499,0.011202,elderly
891f99cd94bffff,891f99cdb97ffff,1736732466,9343359784,11.9857,0.34656,elderly
891f99cd94fffff,891f99cd943ffff,9340898284,4864904047,13.1074,0.265525,elderly
891f99cd94fffff,891f99cd947ffff,9340898284,9340804810,9.0806,0.571957,elderly
891f99cd94fffff,891f99cd94bffff,9340898284,1736732466,14.7442,0.160936,elderly
891f99cd94fffff,891f99cd94fffff,9340898284,9340898284,2.3736,0.965646,elderly
891f99cd94fffff,891f99cd957ffff,9340898284,9560549610,16.4259,0.076748,elderly
891f99cd94fffff,891f99cd95bffff,9340898284,9317583344,18.5548,0.012827,elderly
891f99cd94fffff,891f99cd973ffff,9340898284,2480553393,19.8087,0.000226,elderly
891f99cd94fffff,891f99cd97bffff,9340898284,13506766820,11.8375,0.357679,elderly
891f99cd953ffff,891f99cd823ffff,4228945737,262524963,17.4465,0.039685,elderly
891f99cd953ffff,891f99cd827ffff,4228945737,6541998757,10.2915,0.477112,elderly
891f99cd953ffff,891f99cd82fffff,4228945737,9560281154,19.0142,0.005983,elderly
891f99cd953ffff,891f99cd837ffff,4228945737,9496654074,17.4881,0.038417,elderly
891f99cd953ffff,891f99cd91bffff,4228945737,11343319274,18.1491,0.020984,elderly
891f99cd953ffff,891f99cd943ffff,4228945737,4864904047,13.2542,0.255404,elderly
891f99cd953ffff,891f99cd947ffff,4228945737,9340804810,15.1434,0.138572,elderly
891f99cd953ffff,891f99cd94bffff,4228945737,1736732466,15.6294,0.113276,elderly
891f99cd953ffff,891f99cd94fffff,4228945737,9340898284,18.7195,0.01008,elderly
891f99cd953ffff,891f99cd953ffff,4228945737,4228945737,0.5771,0.997947,elderly
891f99cd953ffff,891f99cd957ffff,4228945737,9560549610,9.8169,0.514382,elderly
891f99cd953ffff,891f99cd95bffff,4228945737,9317583344,12.5908,0.30209,elderly
891f99cd953ffff,891f99cd9c3ffff,4228945737,9853522590,19.8328,0.000173,elderly
891f99cd953ffff,891f99cd9c7ffff,4228945737,7033787067,19.454,0.001838,elderly
891f99cd953ffff,891f99cd9cbffff,4228945737,6274583816,10.505,0.460375,elderly
891f99cd953ffff,891f99cd9cfffff,4228945737,6264079131,9.9319,0.505345,elderly
891f99cd953ffff,891f99cd9dbffff,4228945737,6251697193,19.6248,0.000868,elderly
891f99cd957ffff,891f99cd827ffff,9560549610,6541998757,19.4851,0.001634,elderly
891f99cd957ffff,891f99cd903ffff,9560549610,9468835556,17.5801,0.035689,elderly
891f99cd957ffff,891f99cd90bffff,9560549610,9612610494,11.9898,0.346253,elderly
891f99cd957ffff,891f99cd91bffff,9560549610,11343319274,11.1584,0.409521,elderly
891f99cd957ffff,891f99cd943ffff,9560549610,4864904047,10.0328,0.497421,elderly
891f99cd957ffff,891f99cd947ffff,9560549610,9340804810,9.6772,0.525344,elderly
891f99cd957ffff,891f99cd94bffff,9560549610,1736732466,19.3907,0.002288,elderly
891f99cd957ffff,891f99cd94fffff,9560549610,9340898284,13.6527,0.228599,elderly
891f99cd957ffff,891f99cd953ffff,9560549610,4228945737,9.7707,0.518003,elderly
891f99cd957ffff,891f99cd957ffff,9560549610,9560549610,0.4506,0.998748,elderly
891f99cd957ffff,891f99cd95bffff,9560549610,9317583344,17.6629,0.033315,elderly
891f99cd957ffff,891f99cd973ffff,9560549610,2480553393,15.9601,0.09734,elderly
891f99cd957ffff,891f99cd97bffff,9560549610,13506766820,17.0128,0.054043,elderly
891f99cd957ffff,891f99cd9c7ffff,9560549610,7033787067,19.9797,3e-06,elderly
891f99cd957ffff,891f99cd9cbffff,9560549610,6274583816,15.7846,0.105663,elderly
891f99cd957ffff,891f99cd9cfffff,9560549610,6264079131,12.9076,0.279493,elderly
891f99cd95bffff,891f99cd823ffff,9317583344,262524963,17.2354,0.04641,elderly
891f99cd95bffff,891f99cd827ffff,9317583344,6541998757,11.8458,0.357053,elderly
891f99cd95bffff,891f99cd82bffff,9317583344,441965615,17.4633,0.03917,elderly
891f99cd95bffff,891f99cd82fffff,9317583344,9560281154,8.9188,0.584508,elderly
891f99cd95bffff,891f99cd837ffff,9317583344,9496654074,19.0424,0.005645,elderly
891f99cd95bffff,891f99cd943ffff,9317583344,4864904047,9.6853,0.524704,elderly
891f99cd95bffff,891f99cd947ffff,9317583344,9340804810,17.2665,0.045387,elderly
891f99cd95bffff,891f99cd94bffff,9317583344,1736732466,6.3949,0.768253,elderly
891f99cd95bffff,891f99cd94fffff,9317583344,9340898284,15.6709,0.111217,elderly
891f99cd95bffff,891f99cd953ffff,9317583344,4228945737,11.3777,0.392636,elderly
891f99cd95bffff,891f99cd957ffff,9317583344,9560549610,16.4017,0.077765,elderly
891f99cd95bffff,891f99cd95bffff,9317583344,9317583344,0.6666,0.997262,elderly
891f99cd95bffff,891f99cdb93ffff,9317583344,1929307047,16.5179,0.072946,elderly
891f99cd95bffff,891f99cdb97ffff,9317583344,9343359784,10.6641,0.44794,elderly
891f99cd963ffff,891f99cd90fffff,2477486916,5134144080,15.7739,0.106181,elderly
891f99cd963ffff,891f99cd947ffff,2477486916,9340804810,17.5582,0.03633,elderly
891f99cd963ffff,891f99cd94fffff,2477486916,9340898284,19.1534,0.004414,elderly
891f99cd963ffff,891f99cd963ffff,2477486916,2477486916,0.3627,0.999189,elderly
891f99cd963ffff,891f99cd973ffff,2477486916,2480553393,15.2067,0.135153,elderly
891f99cd963ffff,891f99cd977ffff,2477486916,7977389789,16.8176,0.061181,elderly
891f99cd963ffff,891f99cd97bffff,2477486916,13506766820,15.7641,0.106654,elderly
891f99cd973ffff,891f99cd903ffff,2480553393,9468835556,19.6907,0.00059,elderly
891f99cd973ffff,891f99cd90bffff,2480553393,9612610494,9.3798,0.548637,elderly
891f99cd973ffff,891f99cd90fffff,2480553393,5134144080,10.2493,0.480429,elderly
891f99cd973ffff,891f99cd91bffff,2480553393,11343319274,18.2085,0.019668,elderly
891f99cd973ffff,891f99cd947ffff,2480553393,9340804810,13.249,0.255757,elderly
891f99cd973ffff,891f99cd94fffff,2480553393,9340898284,15.4547,0.122118,elderly
891f99cd973ffff,891f99cd957ffff,2480553393,9560549610,15.3911,0.125409,elderly
891f99cd973ffff,891f99cd963ffff,2480553393,2477486916,14.7768,0.15906,elderly
891f99cd973ffff,891f99cd973ffff,2480553393,2480553393,3.399,0.93041,elderly
891f99cd973ffff,891f99cd977ffff,2480553393,7977389789,11.3881,0.391837,elderly
891f99cd973ffff,891f99cd97bffff,2480553393,13506766820,12.9594,0.275852,elderly
891f99cd977ffff,891f99cd90bffff,7977389789,9612610494,16.4094,0.07744,elderly
891f99cd977ffff,891f99cd90fffff,7977389789,5134144080,10.2902,0.477219,elderly
891f99cd977ffff,891f99cd963ffff,7977389789,2477486916,17.5874,0.035477,elderly
891f99cd977ffff,891f99cd973ffff,7977389789,2480553393,12.7868,0.288051,elderly
891f99cd977ffff,891f99cd977ffff,7977389789,7977389789,2.4225,0.964233,elderly
891f99cd97bffff,891f99cd90bffff,13506766820,9612610494,19.6194,0.000893,elderly
891f99cd97bffff,891f99cd90fffff,13506766820,5134144080,19.3749,0.002408,elderly
891f99cd97bffff,891f99cd943ffff,13506766820,4864904047,19.7251,0.000466,elderly
891f99cd97bffff,891f99cd947ffff,13506766820,9340804810,10.4428,0.465251,elderly
891f99cd97bffff,891f99cd94fffff,13506766820,9340898284,8.9914,0.578883,elderly
891f99cd97bffff,891f99cd957ffff,13506766820,9560549610,18.8063,0.008764,elderly
891f99cd97bffff,891f99cd963ffff,13506766820,2477486916,14.5334,0.173283,elderly
891f99cd97bffff,891f99cd973ffff,13506766820,2480553393,13.7074,0.225006,elderly
891f99cd97bffff,891f99cd97bffff,13506766820,13506766820,1.113,0.992378,elderly
891f99cd983ffff,891f99cca4bffff,9577976786,9496536226,17.7754,0.030218,elderly
891f99cd983ffff,891f99cca5bffff,9577976786,6808340953,19.1283,0.00468,elderly
891f99cd983ffff,891f99cd913ffff,9577976786,4228814167,18.0088,0.024257,elderly
891f99cd983ffff,891f99cd983ffff,9577976786,9577976786,0.2535,0.999604,elderly
891f99cd983ffff,891f99cd987ffff,9577976786,9496019473,9.8585,0.511113,elderly
891f99cd983ffff,891f99cd98bffff,9577976786,6276210975,14.8304,0.155988,elderly
891f99cd983ffff,891f99cd98fffff,9577976786,9578034988,11.6926,0.36862,elderly
891f99cd983ffff,891f99cd993ffff,9577976786,9476330915,15.5434,0.117593,elderly
891f99cd983ffff,891f99cd997ffff,9577976786,9620952677,9.4023,0.546872,elderly
891f99cd983ffff,891f99cd99bffff,9577976786,6576315758,15.2122,0.134863,elderly
891f99cd983ffff,891f99cd9b3ffff,9577976786,3693529476,15.578,0.115848,elderly
891f99cd983ffff,891f99cd9bbffff,9577976786,2571150096,17.5965,0.035213,elderly
891f99cd983ffff,891f99cdd2fffff,9577976786,9621093945,16.8431,0.060226,elderly
891f99cd987ffff,891f99cca4bffff,9496019473,9496536226,12.2538,0.326661,elderly
891f99cd987ffff,891f99cca5bffff,9496019473,6808340953,18.3777,0.016147,elderly
891f99cd987ffff,891f99cd917ffff,9496019473,9578034936,16.8327,0.060614,elderly
891f99cd987ffff,891f99cd983ffff,9496019473,9577976786,8.9228,0.584196,elderly
891f99cd987ffff,891f99cd987ffff,9496019473,9496019473,1.933,0.977127,elderly
891f99cd987ffff,891f99cd98bffff,9496019473,6276210975,18.9489,0.006799,elderly
891f99cd987ffff,891f99cd98fffff,9496019473,9578034988,13.6892,0.226196,elderly
891f99cd987ffff,891f99cd997ffff,9496019473,9620952677,14.5623,0.171568,elderly
891f99cd987ffff,891f99cd9abffff,9496019473,9496019444,16.792,0.062148,elderly
891f99cd987ffff,891f99cd9b3ffff,9496019473,3693529476,7.6525,0.680222,elderly
891f99cd987ffff,891f99cd9bbffff,9496019473,2571150096,9.671,0.525824,elderly
891f99cd98bffff,891f99cd903ffff,6276210975,9468835556,18.9415,0.006896,elderly
891f99cd98bffff,891f99cd913ffff,6276210975,4228814167,11.2535,0.402185,elderly
891f99cd98bffff,891f99cd917ffff,6276210975,9578034936,17.2254,0.046742,elderly
891f99cd98bffff,891f99cd91bffff,6276210975,11343319274,18.7454,0.009678,elderly
891f99cd98bffff,891f99cd983ffff,6276210975,9577976786,13.9521,0.209159,elderly
891f99cd98bffff,891f99cd98bffff,6276210975,6276210975,1.2582,0.990267,elderly
891f99cd98bffff,891f99cd98fffff,6276210975,9578034988,11.6491,0.371925,elderly
891f99cd98bffff,891f99cd993ffff,6276210975,9476330915,18.4633,0.014495,elderly
891f99cd98bffff,891f99cd99bffff,6276210975,6576315758,12.8401,0.284266,elderly
891f99cd98bffff,891f99cd9c3ffff,6276210975,9853522590,15.4458,0.122574,elderly
891f99cd98bffff,891f99cd9c7ffff,6276210975,7033787067,11.5927,0.37621,elderly
891f99cd98bffff,891f99cd9cfffff,6276210975,6264079131,15.3755,0.126219,elderly
891f99cd98bffff,891f99cd9d3ffff,6276210975,6306034549,19.1679,0.004265,elderly
891f99cd98bffff,891f99cd9d7ffff,6276210975,6219063996,13.8796,0.21381,elderly
891f99cd98bffff,891f99cdd67ffff,6276210975,10866880269,18.2041,0.019763,elderly
891f99cd98bffff,891f99cdd6fffff,6276210975,1831777965,18.9959,0.006206,elderly
891f99cd98fffff,891f99cd903ffff,9578034988,9468835556,16.8374,0.06044,elderly
891f99cd98fffff,891f99cd907ffff,9578034988,440390944,16.8484,0.060027,elderly
891f99cd98fffff,891f99cd913ffff,9578034988,4228814167,11.5772,0.377393,elderly
891f99cd98fffff,891f99cd917ffff,9578034988,9578034936,11.3565,0.394268,elderly
891f99cd98fffff,891f99cd983ffff,9578034988,9577976786,11.5677,0.378114,elderly
891f99cd98fffff,891f99cd987ffff,9578034988,9496019473,13.8831,0.213587,elderly
891f99cd98fffff,891f99cd98bffff,9578034988,6276210975,11.0412,0.418585,elderly
891f99cd98fffff,891f99cd98fffff,9578034988,9578034988,1.3901,0.988127,elderly
891f99cd98fffff,891f99cd997ffff,9578034988,9620952677,17.2856,0.044766,elderly
891f99cd98fffff,891f99cd99bffff,9578034988,6576315758,18.2921,0.017885,elderly
891f99cd98fffff,891f99cd9abffff,9578034988,9496019444,12.463,0.311345,elderly
891f99cd98fffff,891f99cd9b3ffff,9578034988,3693529476,18.1807,0.020278,elderly
891f99cd98fffff,891f99cd9bbffff,9578034988,2571150096,10.8552,0.433033,elderly
891f99cd993ffff,891f99cca4bffff,9476330915,9496536226,17.1611,0.048897,elderly
891f99cd993ffff,891f99cca5bffff,9476330915,6808340953,15.6399,0.112753,elderly
891f99cd993ffff,891f99cd983ffff,9476330915,9577976786,11.3497,0.394788,elderly
891f99cd993ffff,891f99cd98bffff,9476330915,6276210975,16.0362,0.093828,elderly
891f99cd993ffff,891f99cd993ffff,9476330915,9476330915,0.923,0.994755,elderly
891f99cd993ffff,891f99cd997ffff,9476330915,9620952677,9.3131,0.553844,elderly
891f99cd993ffff,891f99cd99bffff,9476330915,6576315758,14.9805,0.147533,elderly
891f99cd993ffff,891f99cdd23ffff,9476330915,6490328116,14.5387,0.172972,elderly
891f99cd993ffff,891f99cdd27ffff,9476330915,6792684819,18.7771,0.009197,elderly
891f99cd993ffff,891f99cdd2bffff,9476330915,9769034838,11.4281,0.388779,elderly
891f99cd993ffff,891f99cdd2fffff,9476330915,9621093945,9.2511,0.558686,elderly
891f99cd993ffff,891f99cdd67ffff,9476330915,10866880269,12.2408,0.327621,elderly
891f99cd993ffff,891f99cdd77ffff,9476330915,4448818000,18.5998,0.012044,elderly
891f99cd997ffff,891f99cca43ffff,9620952677,513307586,18.2471,0.018834,elderly
891f99cd997ffff,891f99cca4bffff,9620952677,9496536226,9.5055,0.538798,elderly
891f99cd997ffff,891f99cca5bffff,9620952677,6808340953,10.6343,0.450263,elderly
891f99cd997ffff,891f99cd983ffff,9620952677,9577976786,8.8681,0.58843,elderly
891f99cd997ffff,891f99cd987ffff,9620952677,9496019473,14.1495,0.196691,elderly
891f99cd997ffff,891f99cd98fffff,9620952677,9578034988,16.8678,0.059306,elderly
891f99cd997ffff,891f99cd993ffff,9620952677,9476330915,11.9918,0.346102,elderly
891f99cd997ffff,891f99cd997ffff,9620952677,9620952677,0.8384,0.995671,elderly
891f99cd997ffff,891f99cd99bffff,9620952677,6576315758,19.7823,0.000292,elderly
891f99cd997ffff,891f99cd9b3ffff,9620952677,3693529476,18.4664,0.014437,elderly
891f99cd997ffff,891f99cdd27ffff,9620952677,6792684819,15.9779,0.096514,elderly
891f99cd997ffff,891f99cdd2fffff,9620952677,9621093945,11.8311,0.358164,elderly
891f99cd997ffff,891f99cdd67ffff,9620952677,10866880269,19.8114,0.000219,elderly
891f99cd99bffff,891f99cd983ffff,6576315758,9577976786,11.7229,0.366333,elderly
891f99cd99bffff,891f99cd987ffff,6576315758,9496019473,19.742,0.000411,elderly
891f99cd99bffff,891f99cd98bffff,6576315758,6276210975,11.282,0.39999,elderly
891f99cd99bffff,891f99cd98fffff,6576315758,9578034988,16.6969,0.065805,elderly
891f99cd99bffff,891f99cd993ffff,6576315758,9476330915,14.7985,0.157815,elderly
891f99cd99bffff,891f99cd997ffff,6576315758,9620952677,16.9179,0.057462,elderly
891f99cd99bffff,891f99cd99bffff,6576315758,6576315758,1.3101,0.98945,elderly
891f99cd99bffff,891f99cd9d3ffff,6576315758,6306034549,17.9621,0.0254,elderly
891f99cd99bffff,891f99cd9d7ffff,6576315758,6219063996,15.198,0.135624,elderly
891f99cd99bffff,891f99cdd2bffff,6576315758,9769034838,17.3651,0.042218,elderly
891f99cd99bffff,891f99cdd63ffff,6576315758,9474270025,14.8423,0.155313,elderly
891f99cd99bffff,891f99cdd67ffff,6576315758,10866880269,8.4702,0.618998,elderly
891f99cd99bffff,891f99cdd6bffff,6576315758,6293459375,17.4246,0.040358,elderly
891f99cd99bffff,891f99cdd6fffff,6576315758,1831777965,10.8642,0.432333,elderly
891f99cd99bffff,891f99cdd77ffff,6576315758,4448818000,19.897,6.5e-05,elderly
891f99cd9abffff,891f99cd903ffff,9496019444,9468835556,19.6259,0.000863,elderly
891f99cd9abffff,891f99cd907ffff,9496019444,440390944,13.5278,0.236892,elderly
891f99cd9abffff,891f99cd913ffff,9496019444,4228814167,18.8653,0.007921,elderly
891f99cd9abffff,891f99cd917ffff,9496019444,9578034936,7.7729,0.671367,elderly
891f99cd9abffff,891f99cd987ffff,9496019444,9496019473,16.8668,0.059344,elderly
891f99cd9abffff,891f99cd98fffff,9496019444,9578034988,12.4133,0.314965,elderly
891f99cd9abffff,891f99cd9abffff,9496019444,9496019444,5.5477,0.821864,elderly
891f99cd9abffff,891f99cd9b3ffff,9496019444,3693529476,19.0596,0.005446,elderly
891f99cd9abffff,891f99cd9bbffff,9496019444,2571150096,11.5583,0.37883,elderly
891f99cd9b3ffff,891f99cca4bffff,3693529476,9496536226,11.7162,0.36684,elderly
891f99cd9b3ffff,891f99cd983ffff,3693529476,9577976786,15.1265,0.139493,elderly
891f99cd9b3ffff,891f99cd987ffff,3693529476,9496019473,8.5114,0.615852,elderly
891f99cd9b3ffff,891f99cd98fffff,3693529476,9578034988,19.3081,0.00295,elderly
891f99cd9b3ffff,891f99cd997ffff,3693529476,9620952677,19.18,0.004142,elderly
891f99cd9b3ffff,891f99cd9abffff,3693529476,9496019444,19.5148,0.001452,elderly
891f99cd9b3ffff,891f99cd9b3ffff,3693529476,3693529476,4.2597,0.892187,elderly
891f99cd9b3ffff,891f99cd9bbffff,3693529476,2571150096,10.2528,0.480152,elderly
891f99cd9bbffff,891f99cca4bffff,2571150096,9496536226,17.8372,0.028577,elderly
891f99cd9bbffff,891f99cd907ffff,2571150096,440390944,18.5741,0.01249,elderly
891f99cd9bbffff,891f99cd913ffff,2571150096,4228814167,18.7096,0.010236,elderly
891f99cd9bbffff,891f99cd917ffff,2571150096,9578034936,12.8192,0.285745,elderly
891f99cd9bbffff,891f99cd983ffff,2571150096,9577976786,15.5913,0.115177,elderly
891f99cd9bbffff,891f99cd987ffff,2571150096,9496019473,8.9763,0.580058,elderly
891f99cd9bbffff,891f99cd98fffff,2571150096,9578034988,11.9891,0.346307,elderly
891f99cd9bbffff,891f99cd9abffff,2571150096,9496019444,12.1957,0.330946,elderly
891f99cd9bbffff,891f99cd9b3ffff,2571150096,3693529476,10.435,0.46586,elderly
891f99cd9bbffff,891f99cd9bbffff,2571150096,2571150096,0.0477,0.999986,elderly
891f99cd9c3ffff,891f99cd953ffff,9853522590,4228945737,19.0262,0.005839,elderly
891f99cd9c3ffff,891f99cd98bffff,9853522590,6276210975,15.9524,0.097702,elderly
891f99cd9c3ffff,891f99cd9c3ffff,9853522590,9853522590,2.1833,0.970884,elderly
891f99cd9c3ffff,891f99cd9c7ffff,9853522590,7033787067,16.7327,0.064417,elderly
891f99cd9c3ffff,891f99cd9cbffff,9853522590,6274583816,15.4087,0.124491,elderly
891f99cd9c3ffff,891f99cd9cfffff,9853522590,6264079131,12.7989,0.28719,elderly
891f99cd9c3ffff,891f99cd9d3ffff,9853522590,6306034549,10.652,0.448881,elderly
891f99cd9c3ffff,891f99cd9d7ffff,9853522590,6219063996,9.0049,0.577835,elderly
891f99cd9c3ffff,891f99cd9dbffff,9853522590,6251697193,13.3839,0.246566,elderly
891f99cd9c3ffff,891f99cdd6fffff,9853522590,1831777965,19.8657,0.000111,elderly
891f99cd9c7ffff,891f99cd903ffff,7033787067,9468835556,14.181,0.194727,elderly
891f99cd9c7ffff,891f99cd90bffff,7033787067,9612610494,15.9761,0.096597,elderly
891f99cd9c7ffff,891f99cd913ffff,7033787067,4228814167,11.1522,0.41,elderly
891f99cd9c7ffff,891f99cd91bffff,7033787067,11343319274,8.4695,0.619047,elderly
891f99cd9c7ffff,891f99cd953ffff,7033787067,4228945737,16.4397,0.076174,elderly
891f99cd9c7ffff,891f99cd957ffff,7033787067,9560549610,17.2035,0.047468,elderly
891f99cd9c7ffff,891f99cd98bffff,7033787067,6276210975,9.8691,0.510278,elderly
891f99cd9c7ffff,891f99cd98fffff,7033787067,9578034988,17.7736,0.030266,elderly
891f99cd9c7ffff,891f99cd9c3ffff,7033787067,9853522590,14.1897,0.194185,elderly
891f99cd9c7ffff,891f99cd9c7ffff,7033787067,7033787067,1.3169,0.989341,elderly
891f99cd9c7ffff,891f99cd9cbffff,7033787067,6274583816,19.8887,7.6e-05,elderly
891f99cd9c7ffff,891f99cd9cfffff,7033787067,6264079131,8.8617,0.588925,elderly
891f99cd9c7ffff,891f99cd9d7ffff,7033787067,6219063996,13.7401,0.222859,elderly
891f99cd9cbffff,891f99cd823ffff,6274583816,262524963,19.4402,0.001932,elderly
891f99cd9cbffff,891f99cd827ffff,6274583816,6541998757,13.6735,0.227232,elderly
891f99cd9cbffff,891f99cd837ffff,6274583816,9496654074,14.173,0.195228,elderly
891f99cd9cbffff,891f99cd8a7ffff,6274583816,13595211527,18.677,0.010758,elderly
891f99cd9cbffff,891f99cd8afffff,6274583816,562679457,19.7162,0.000497,elderly
891f99cd9cbffff,891f99cd953ffff,6274583816,4228945737,9.6684,0.526032,elderly
891f99cd9cbffff,891f99cd957ffff,6274583816,9560549610,14.9805,0.147534,elderly
891f99cd9cbffff,891f99cd9c3ffff,6274583816,9853522590,17.9714,0.025171,elderly
891f99cd9cbffff,891f99cd9cbffff,6274583816,6274583816,1.0397,0.993347,elderly
891f99cd9cbffff,891f99cd9cfffff,6274583816,6264079131,11.8458,0.357056,elderly
891f99cd9cbffff,891f99cd9d3ffff,6274583816,6306034549,16.7463,0.063893,elderly
891f99cd9cbffff,891f99cd9dbffff,6274583816,6251697193,11.4275,0.388825,elderly
891f99cd9cfffff,891f99cd827ffff,6264079131,6541998757,17.8707,0.027707,elderly
891f99cd9cfffff,891f99cd90bffff,6264079131,9612610494,17.5164,0.03757,elderly
891f99cd9cfffff,891f99cd913ffff,6264079131,4228814167,19.7832,0.00029,elderly
891f99cd9cfffff,891f99cd91bffff,6264079131,11343319274,13.0792,0.267481,elderly
891f99cd9cfffff,891f99cd943ffff,6264079131,4864904047,18.1695,0.020528,elderly
891f99cd9cfffff,891f99cd947ffff,6264079131,9340804810,18.1523,0.020913,elderly
891f99cd9cfffff,891f99cd953ffff,6264079131,4228945737,8.1563,0.642785,elderly
891f99cd9cfffff,891f99cd957ffff,6264079131,9560549610,10.186,0.485397,elderly
891f99cd9cfffff,891f99cd95bffff,6264079131,9317583344,19.8998,6.2e-05,elderly
891f99cd9cfffff,891f99cd98bffff,6264079131,6276210975,16.2489,0.084312,elderly
891f99cd9cfffff,891f99cd9c3ffff,6264079131,9853522590,12.3911,0.31659,elderly
891f99cd9cfffff,891f99cd9c7ffff,6264079131,7033787067,11.4587,0.386434,elderly
891f99cd9cfffff,891f99cd9cbffff,6264079131,6274583816,11.8166,0.359251,elderly
891f99cd9cfffff,891f99cd9cfffff,6264079131,6264079131,0.5784,0.997938,elderly
891f99cd9cfffff,891f99cd9d7ffff,6264079131,6219063996,16.6568,0.067375,elderly
891f99cd9d3ffff,891f99cd8a7ffff,6306034549,13595211527,11.3358,0.395854,elderly
891f99cd9d3ffff,891f99cd9c3ffff,6306034549,9853522590,13.074,0.26784,elderly
891f99cd9d3ffff,891f99cd9cbffff,6306034549,6274583816,16.7172,0.065015,elderly
891f99cd9d3ffff,891f99cd9d3ffff,6306034549,6306034549,0.3392,0.99929,elderly
891f99cd9d3ffff,891f99cd9d7ffff,6306034549,6219063996,11.6002,0.375639,elderly
891f99cd9d3ffff,891f99cd9dbffff,6306034549,6251697193,14.3056,0.187036,elderly
891f99cd9d3ffff,891f99cdd63ffff,6306034549,9474270025,16.736,0.064291,elderly
891f99cd9d3ffff,891f99cdd6bffff,6306034549,6293459375,11.2684,0.401039,elderly
891f99cd9d3ffff,891f99cdd6fffff,6306034549,1831777965,10.6867,0.446174,elderly
891f99cd9d7ffff,891f99cd98bffff,6219063996,6276210975,15.5922,0.115134,elderly
891f99cd9d7ffff,891f99cd99bffff,6219063996,6576315758,17.7083,0.032048,elderly
891f99cd9d7ffff,891f99cd9c3ffff,6219063996,9853522590,9.1059,0.569995,elderly
891f99cd9d7ffff,891f99cd9c7ffff,6219063996,7033787067,16.3726,0.078995,elderly
891f99cd9d7ffff,891f99cd9cfffff,6219063996,6264079131,16.3862,0.078418,elderly
891f99cd9d7ffff,891f99cd9d3ffff,6219063996,6306034549,11.6735,0.370072,elderly
891f99cd9d7ffff,891f99cd9d7ffff,6219063996,6219063996,2.6788,0.956385,elderly
891f99cd9d7ffff,891f99cd9dbffff,6219063996,6251697193,19.9592,1e-05,elderly
891f99cd9d7ffff,891f99cdd6fffff,6219063996,1831777965,15.7133,0.109132,elderly
891f99cd9dbffff,891f99cd823ffff,6251697193,262524963,19.5763,0.001107,elderly
891f99cd9dbffff,891f99cd827ffff,6251697193,6541998757,14.7484,0.160692,elderly
891f99cd9dbffff,891f99cd837ffff,6251697193,9496654074,10.9203,0.427974,elderly
891f99cd9dbffff,891f99cd8a3ffff,6251697193,3731973493,15.2585,0.132386,elderly
891f99cd9dbffff,891f99cd8a7ffff,6251697193,13595211527,9.3702,0.54938,elderly
891f99cd9dbffff,891f99cd8abffff,6251697193,29749460,18.4799,0.014186,elderly
891f99cd9dbffff,891f99cd8afffff,6251697193,562679457,12.0585,0.341129,elderly
891f99cd9dbffff,891f99cd8b7ffff,6251697193,12812222615,18.6366,0.011423,elderly
891f99cd9dbffff,891f99cd953ffff,6251697193,4228945737,16.6371,0.068151,elderly
891f99cd9dbffff,891f99cd9c3ffff,6251697193,9853522590,11.8766,0.354736,elderly
891f99cd9dbffff,891f99cd9cbffff,6251697193,6274583816,8.8087,0.593022,elderly
891f99cd9dbffff,891f99cd9cfffff,6251697193,6264079131,18.8145,0.008644,elderly
891f99cd9dbffff,891f99cd9d3ffff,6251697193,6306034549,10.4942,0.461227,elderly
891f99cd9dbffff,891f99cd9d7ffff,6251697193,6219063996,16.8,0.061848,elderly
891f99cd9dbffff,891f99cd9dbffff,6251697193,6251697193,2.1207,0.972514,elderly
891f99cd9dbffff,891f99cdd6bffff,6251697193,6293459375,17.6302,0.034243,elderly
891f99cdb93ffff,891f99cd823ffff,1929307047,262524963,14.3133,0.186562,elderly
891f99cdb93ffff,891f99cd827ffff,1929307047,6541998757,19.5424,0.001291,elderly
891f99cdb93ffff,891f99cd82bffff,1929307047,441965615,10.2973,0.476657,elderly
891f99cdb93ffff,891f99cd82fffff,1929307047,9560281154,8.9434,0.582604,elderly
891f99cdb93ffff,891f99cd94bffff,1929307047,1736732466,17.8149,0.029165,elderly
891f99cdb93ffff,891f99cd95bffff,1929307047,9317583344,17.7794,0.030111,elderly
891f99cdb93ffff,891f99cdb93ffff,1929307047,1929307047,5.4505,0.827673,elderly
891f99cdb93ffff,891f99cdb97ffff,1929307047,9343359784,13.255,0.255347,elderly
891f99cdb97ffff,891f99cd823ffff,9343359784,262524963,19.1695,0.004248,elderly
891f99cdb97ffff,891f99cd827ffff,9343359784,6541998757,16.3981,0.077917,elderly
891f99cdb97ffff,891f99cd82bffff,9343359784,441965615,15.676,0.110965,elderly
891f99cdb97ffff,891f99cd82fffff,9343359784,9560281154,9.774,0.517744,elderly
891f99cdb97ffff,891f99cd943ffff,9343359784,4864904047,17.6801,0.032833,elderly
891f99cdb97ffff,891f99cd94bffff,9343359784,1736732466,9.516,0.537974,elderly
891f99cdb97ffff,891f99cd94fffff,9343359784,9340898284,19.3367,0.002711,elderly
891f99cdb97ffff,891f99cd95bffff,9343359784,9317583344,11.9899,0.346247,elderly
891f99cdb97ffff,891f99cdb93ffff,9343359784,1929307047,11.082,0.415431,elderly
891f99cdb97ffff,891f99cdb97ffff,9343359784,9343359784,3.7959,0.913721,elderly
891f99cdc03ffff,891f99cdc03ffff,9218173262,9218173262,5.7993,0.806497,elderly
891f99cdc03ffff,891f99cdc07ffff,9218173262,6423339988,7.7065,0.676263,elderly
891f99cdc03ffff,891f99cdc0fffff,9218173262,9571055498,12.9055,0.279645,elderly
891f99cdc03ffff,891f99cdc17ffff,9218173262,6445048303,12.6264,0.299527,elderly
891f99cdc03ffff,891f99cdc33ffff,9218173262,2935634141,18.9117,0.007288,elderly
891f99cdc03ffff,891f99cdcabffff,9218173262,1251634557,14.4368,0.179067,elderly
891f99cdc07ffff,891f99cdc03ffff,6423339988,9218173262,8.017,0.653241,elderly
891f99cdc07ffff,891f99cdc07ffff,6423339988,6423339988,0.8467,0.995585,elderly
891f99cdc07ffff,891f99cdc0fffff,6423339988,9571055498,9.4893,0.540066,elderly
891f99cdc07ffff,891f99cdc17ffff,6423339988,6445048303,13.8313,0.216926,elderly
891f99cdc07ffff,891f99cdc23ffff,6423339988,6425661261,18.9286,0.007064,elderly
891f99cdc07ffff,891f99cdc33ffff,6423339988,2935634141,12.2635,0.325949,elderly
891f99cdc07ffff,891f99cdc77ffff,6423339988,1531554258,18.0071,0.024299,elderly
891f99cdc07ffff,891f99cdcabffff,6423339988,1251634557,11.6903,0.368801,elderly
891f99cdc0fffff,891f99cdc03ffff,9571055498,9218173262,12.8095,0.286435,elderly
891f99cdc0fffff,891f99cdc07ffff,9571055498,6423339988,10.1009,0.492075,elderly
891f99cdc0fffff,891f99cdc0fffff,9571055498,9571055498,0.6041,0.99775,elderly
891f99cdc0fffff,891f99cdc17ffff,9571055498,6445048303,19.6366,0.000814,elderly
891f99cdc0fffff,891f99cdc23ffff,9571055498,6425661261,19.0196,0.005918,elderly
891f99cdc0fffff,891f99cdc2bffff,9571055498,6462134755,19.3076,0.002954,elderly
891f99cdc0fffff,891f99cdc33ffff,9571055498,2935634141,15.7918,0.105317,elderly
891f99cdc0fffff,891f99cdc3bffff,9571055498,2678692516,17.7931,0.029744,elderly
891f99cdc0fffff,891f99cdc63ffff,9571055498,7017551862,19.5423,0.001292,elderly
891f99cdc0fffff,891f99cdc77ffff,9571055498,1531554258,9.5546,0.534954,elderly
891f99cdc17ffff,891f99cdc03ffff,6445048303,9218173262,8.6965,0.60166,elderly
891f99cdc17ffff,891f99cdc07ffff,6445048303,6423339988,9.2961,0.555174,elderly
891f99cdc17ffff,891f99cdc0fffff,6445048303,9571055498,15.8027,0.104793,elderly
891f99cdc17ffff,891f99cdc17ffff,6445048303,6445048303,0.8576,0.99547,elderly
891f99cdc17ffff,891f99cdc33ffff,6445048303,2935634141,16.0472,0.093325,elderly
891f99cdc17ffff,891f99cdca3ffff,6445048303,9212595025,14.1608,0.195985,elderly
891f99cdc17ffff,891f99cdcabffff,6445048303,1251634557,9.5117,0.538317,elderly
891f99cdc17ffff,891f99cdcbbffff,6445048303,6451658836,13.1531,0.26236,elderly
891f99cdc23ffff,891f99cd893ffff,6425661261,582942526,18.0197,0.023997,elderly
891f99cdc23ffff,891f99cdc07ffff,6425661261,6423339988,15.9748,0.096659,elderly
891f99cdc23ffff,891f99cdc0fffff,6425661261,9571055498,18.5919,0.01218,elderly
891f99cdc23ffff,891f99cdc23ffff,6425661261,6425661261,1.7663,0.980879,elderly
891f99cdc23ffff,891f99cdc27ffff,6425661261,4889789431,12.7369,0.291607,elderly
891f99cdc23ffff,891f99cdc2bffff,6425661261,6462134755,12.5762,0.303143,elderly
891f99cdc23ffff,891f99cdc2fffff,6425661261,3735457859,12.6858,0.295258,elderly
891f99cdc23ffff,891f99cdc33ffff,6425661261,2935634141,8.1176,0.645699,elderly
891f99cdc23ffff,891f99cdc37ffff,6425661261,8177904261,11.2933,0.399123,elderly
891f99cdc23ffff,891f99cdc3bffff,6425661261,2678692516,12.4442,0.312715,elderly
891f99cdc23ffff,891f99cdc77ffff,6425661261,1531554258,18.042,0.023463,elderly
891f99cdc23ffff,891f99cdcabffff,6425661261,1251634557,18.0235,0.023905,elderly
891f99cdc23ffff,891f99cdcafffff,6425661261,395251657,18.2398,0.01899,elderly
891f99cdc23ffff,891f99cdd5bffff,6425661261,7019773672,17.9451,0.025821,elderly
891f99cdc23ffff,891f99cddcbffff,6425661261,4660007270,17.1121,0.050568,elderly
891f99cdc23ffff,891f99cdddbffff,6425661261,31508111,19.8391,0.00016,elderly
891f99cdc27ffff,891f99cd897ffff,4889789431,9838588176,18.4406,0.014926,elderly
891f99cdc27ffff,891f99cdc23ffff,4889789431,6425661261,13.2066,0.258672,elderly
891f99cdc27ffff,891f99cdc27ffff,4889789431,4889789431,0.135,0.999888,elderly
891f99cdc27ffff,891f99cdc2bffff,4889789431,6462134755,17.9942,0.024614,elderly
891f99cdc27ffff,891f99cdc2fffff,4889789431,3735457859,13.9196,0.21124,elderly
891f99cdc27ffff,891f99cdc33ffff,4889789431,2935634141,18.6285,0.011558,elderly
891f99cdc27ffff,891f99cdc37ffff,4889789431,8177904261,10.9629,0.424664,elderly
891f99cdc27ffff,891f99cdcafffff,4889789431,395251657,18.8886,0.0076,elderly
891f99cdc27ffff,891f99cdd43ffff,4889789431,4912632765,18.3248,0.017211,elderly
891f99cdc27ffff,891f99cdd4bffff,4889789431,7023815414,19.2087,0.003858,elderly
891f99cdc27ffff,891f99cdd53ffff,4889789431,792050821,13.2236,0.257504,elderly
891f99cdc27ffff,891f99cdd5bffff,4889789431,7019773672,12.5527,0.304841,elderly
891f99cdc27ffff,891f99cddcbffff,4889789431,4660007270,13.1814,0.260404,elderly
891f99cdc2bffff,891f99cd883ffff,6462134755,6438001453,19.2725,0.003261,elderly
891f99cdc2bffff,891f99cd893ffff,6462134755,582942526,12.4485,0.312399,elderly
891f99cdc2bffff,891f99cd897ffff,6462134755,9838588176,18.3075,0.017566,elderly
891f99cdc2bffff,891f99cd89bffff,6462134755,9857622044,15.2408,0.133328,elderly
891f99cdc2bffff,891f99cdc0fffff,6462134755,9571055498,17.6055,0.034952,elderly
891f99cdc2bffff,891f99cdc23ffff,6462134755,6425661261,13.8133,0.218098,elderly
891f99cdc2bffff,891f99cdc27ffff,6462134755,4889789431,18.6614,0.011013,elderly
891f99cdc2bffff,891f99cdc2bffff,6462134755,6462134755,0.1245,0.999904,elderly
891f99cdc2bffff,891f99cdc2fffff,6462134755,3735457859,12.4776,0.310282,elderly
891f99cdc2bffff,891f99cdc3bffff,6462134755,2678692516,14.0474,0.203102,elderly
891f99cdc2bffff,891f99cdc63ffff,6462134755,7017551862,17.3628,0.042292,elderly
891f99cdc2bffff,891f99cdc67ffff,6462134755,3178411584,14.9904,0.14698,elderly
891f99cdc2bffff,891f99cdc6fffff,6462134755,2588305417,18.4032,0.015645,elderly
891f99cdc2bffff,891f99cdc77ffff,6462134755,1531554258,11.5896,0.376443,elderly
891f99cdc2bffff,891f99cdd5bffff,6462134755,7019773672,19.8631,0.000116,elderly
891f99cdc2fffff,891f99cd883ffff,3735457859,6438001453,17.2631,0.045497,elderly
891f99cdc2fffff,891f99cd887ffff,3735457859,2555399289,18.3397,0.016908,elderly
891f99cdc2fffff,891f99cd893ffff,3735457859,582942526,10.015,0.498818,elderly
891f99cdc2fffff,891f99cd897ffff,3735457859,9838588176,8.4532,0.620292,elderly
891f99cdc2fffff,891f99cd89bffff,3735457859,9857622044,19.9402,2.2e-05,elderly
891f99cdc2fffff,891f99cdc23ffff,3735457859,6425661261,14.1116,0.199065,elderly
891f99cdc2fffff,891f99cdc27ffff,3735457859,4889789431,13.684,0.226541,elderly
891f99cdc2fffff,891f99cdc2bffff,3735457859,6462134755,10.2603,0.479564,elderly
891f99cdc2fffff,891f99cdc2fffff,3735457859,3735457859,0.5799,0.997927,elderly
891f99cdc2fffff,891f99cdc37ffff,3735457859,8177904261,19.3504,0.002601,elderly
891f99cdc2fffff,891f99cdc67ffff,3735457859,3178411584,19.798,0.000252,elderly
891f99cdc2fffff,891f99cdc77ffff,3735457859,1531554258,19.8326,0.000173,elderly
891f99cdc2fffff,891f99cdd43ffff,3735457859,4912632765,19.8618,0.000118,elderly
891f99cdc2fffff,891f99cdd4bffff,3735457859,7023815414,17.46,0.039273,elderly
891f99cdc2fffff,891f99cdd5bffff,3735457859,7019773672,10.804,0.437021,elderly
891f99cdc33ffff,891f99cdc03ffff,2935634141,9218173262,16.4478,0.075835,elderly
891f99cdc33ffff,891f99cdc07ffff,2935634141,6423339988,10.0038,0.499705,elderly
891f99cdc33ffff,891f99cdc0fffff,2935634141,9571055498,15.6525,0.112129,elderly
891f99cdc33ffff,891f99cdc17ffff,2935634141,6445048303,18.0791,0.022588,elderly
891f99cdc33ffff,891f99cdc23ffff,2935634141,6425661261,8.1565,0.642775,elderly
891f99cdc33ffff,891f99cdc27ffff,2935634141,4889789431,18.3815,0.016072,elderly
891f99cdc33ffff,891f99cdc2bffff,2935634141,6462134755,16.6146,0.069048,elderly
891f99cdc33ffff,891f99cdc2fffff,2935634141,3735457859,17.5854,0.035534,elderly
891f99cdc33ffff,891f99cdc33ffff,2935634141,2935634141,0.2733,0.999539,elderly
891f99cdc33ffff,891f99cdc37ffff,2935634141,8177904261,14.8416,0.15535,elderly
891f99cdc33ffff,891f99cdc3bffff,2935634141,2678692516,14.152,0.196534,elderly
891f99cdc33ffff,891f99cdc77ffff,2935634141,1531554258,18.9746,0.006472,elderly
891f99cdc33ffff,891f99cdca3ffff,2935634141,9212595025,16.3291,0.080847,elderly
891f99cdc33ffff,891f99cdcabffff,2935634141,1251634557,11.4838,0.384516,elderly
891f99cdc33ffff,891f99cdcafffff,2935634141,395251657,17.6708,0.033094,elderly
891f99cdc33ffff,891f99cdcbbffff,2935634141,6451658836,18.3102,0.01751,elderly
891f99cdc37ffff,891f99cdc23ffff,8177904261,6425661261,10.6927,0.445705,elderly
891f99cdc37ffff,891f99cdc27ffff,8177904261,4889789431,9.79,0.516489,elderly
891f99cdc37ffff,891f99cdc2fffff,8177904261,3735457859,19.3013,0.003009,elderly
891f99cdc37ffff,891f99cdc33ffff,8177904261,2935634141,15.0471,0.143841,elderly
891f99cdc37ffff,891f99cdc37ffff,8177904261,8177904261,0.0652,0.999974,elderly
891f99cdc37ffff,891f99cdca3ffff,8177904261,9212595025,16.8934,0.05836,elderly
891f99cdc37ffff,891f99cdca7ffff,8177904261,31508518,14.9287,0.150426,elderly
891f99cdc37ffff,891f99cdcafffff,8177904261,395251657,7.991,0.655183,elderly
891f99cdc37ffff,891f99cdcbbffff,8177904261,6451658836,19.917,4.2e-05,elderly
891f99cdc37ffff,891f99cdd53ffff,8177904261,792050821,17.5604,0.036267,elderly
891f99cdc37ffff,891f99cddc3ffff,8177904261,6483857419,18.4055,0.015602,elderly
891f99cdc37ffff,891f99cddcbffff,8177904261,4660007270,10.5772,0.454732,elderly
891f99cdc37ffff,891f99cddd3ffff,8177904261,4898290839,19.1017,0.004969,elderly
891f99cdc37ffff,891f99cdddbffff,8177904261,31508111,9.4314,0.544602,elderly
891f99cdc3bffff,891f99cdc07ffff,2678692516,6423339988,19.2585,0.003388,elderly
891f99cdc3bffff,891f99cdc0fffff,2678692516,9571055498,15.0926,0.14134,elderly
891f99cdc3bffff,891f99cdc23ffff,2678692516,6425661261,12.9163,0.278884,elderly
891f99cdc3bffff,891f99cdc2bffff,2678692516,6462134755,13.7074,0.225002,elderly
891f99cdc3bffff,891f99cdc2fffff,2678692516,3735457859,19.9131,4.7e-05,elderly
891f99cdc3bffff,891f99cdc33ffff,2678692516,2935634141,15.202,0.135406,elderly
891f99cdc3bffff,891f99cdc3bffff,2678692516,2678692516,1.3502,0.988797,elderly
891f99cdc3bffff,891f99cdc77ffff,2678692516,1531554258,13.5116,0.237972,elderly
891f99cdc63ffff,891f99cd89bffff,7017551862,9857622044,15.6291,0.11329,elderly
891f99cdc63ffff,891f99cdc2bffff,7017551862,6462134755,17.115,0.05047,elderly
891f99cdc63ffff,891f99cdc63ffff,7017551862,7017551862,1.5713,0.984846,elderly
891f99cdc63ffff,891f99cdc67ffff,7017551862,3178411584,14.842,0.155329,elderly
891f99cdc63ffff,891f99cdc6bffff,7017551862,267240657,13.0153,0.271936,elderly
891f99cdc63ffff,891f99cdc6fffff,7017551862,2588305417,9.0087,0.577544,elderly
891f99cdc63ffff,891f99cdc73ffff,7017551862,6439049534,10.3047,0.47608,elderly
891f99cdc63ffff,891f99cdc77ffff,7017551862,1531554258,12.7394,0.291427,elderly
891f99cdc67ffff,891f99cd883ffff,3178411584,6438001453,19.8338,0.00017,elderly
891f99cdc67ffff,891f99cd88bffff,3178411584,7032151748,19.8262,0.000186,elderly
891f99cdc67ffff,891f99cd89bffff,3178411584,9857622044,11.0629,0.41691,elderly
891f99cdc67ffff,891f99cdc2bffff,3178411584,6462134755,16.2456,0.084457,elderly
891f99cdc67ffff,891f99cdc63ffff,3178411584,7017551862,15.0129,0.145733,elderly
891f99cdc67ffff,891f99cdc67ffff,3178411584,3178411584,0.242,0.999639,elderly
891f99cdc67ffff,891f99cdc6bffff,3178411584,267240657,19.8871,7.9e-05,elderly
891f99cdc67ffff,891f99cdc6fffff,3178411584,2588305417,11.1217,0.412356,elderly
891f99cdc67ffff,891f99cdc73ffff,3178411584,6439049534,18.39,0.015904,elderly
891f99cdc67ffff,891f99cdc77ffff,3178411584,1531554258,18.8376,0.008311,elderly
891f99cdc6bffff,891f99cd89bffff,267240657,9857622044,18.9176,0.00721,elderly
891f99cdc6bffff,891f99cd8c3ffff,267240657,10095613635,18.6429,0.011318,elderly
891f99cdc6bffff,891f99cd8d3ffff,267240657,5544868327,11.775,0.36239,elderly
891f99cdc6bffff,891f99cd8d7ffff,267240657,2942352020,16.056,0.092924,elderly
891f99cdc6bffff,891f99cdc63ffff,267240657,7017551862,11.7457,0.364607,elderly
891f99cdc6bffff,891f99cdc67ffff,267240657,3178411584,18.3687,0.016325,elderly
891f99cdc6bffff,891f99cdc6bffff,267240657,267240657,2.3948,0.965039,elderly
891f99cdc6bffff,891f99cdc6fffff,267240657,2588305417,9.6398,0.528271,elderly
891f99cdc6fffff,891f99cd88bffff,2588305417,7032151748,16.5918,0.069957,elderly
891f99cdc6fffff,891f99cd89bffff,2588305417,9857622044,11.1279,0.411875,elderly
891f99cdc6fffff,891f99cd8c3ffff,2588305417,10095613635,15.6189,0.113799,elderly
891f99cdc6fffff,891f99cd8c7ffff,2588305417,6512705470,17.4246,0.040358,elderly
891f99cdc6fffff,891f99cd8d3ffff,2588305417,5544868327,14.2047,0.193254,elderly
891f99cdc6fffff,891f99cd8d7ffff,2588305417,2942352020,11.9278,0.350896,elderly
891f99cdc6fffff,891f99cd8dbffff,2588305417,5507478284,19.7927,0.000265,elderly
891f99cdc6fffff,891f99cdc2bffff,2588305417,6462134755,19.2637,0.003341,elderly
891f99cdc6fffff,891f99cdc63ffff,2588305417,7017551862,8.1027,0.646815,elderly
891f99cdc6fffff,891f99cdc67ffff,2588305417,3178411584,10.5966,0.45321,elderly
891f99cdc6fffff,891f99cdc6bffff,2588305417,267240657,9.9351,0.505094,elderly
891f99cdc6fffff,891f99cdc6fffff,2588305417,2588305417,0.3281,0.999336,elderly
891f99cdc6fffff,891f99cdc73ffff,2588305417,6439049534,15.4914,0.120239,elderly
891f99cdc6fffff,891f99cdc77ffff,2588305417,1531554258,17.8155,0.029148,elderly
891f99cdc73ffff,891f99cd89bffff,6439049534,9857622044,19.2672,0.003309,elderly
891f99cdc73ffff,891f99cdc2bffff,6439049534,6462134755,19.9295,3.1e-05,elderly
891f99cdc73ffff,891f99cdc63ffff,6439049534,7017551862,9.908,0.507229,elderly
891f99cdc73ffff,891f99cdc67ffff,6439049534,3178411584,18.4801,0.014182,elderly
891f99cdc73ffff,891f99cdc6fffff,6439049534,2588305417,16.5592,0.071268,elderly
891f99cdc73ffff,891f99cdc73ffff,6439049534,6439049534,3.6848,0.918556,elderly
891f99cdc73ffff,891f99cdc77ffff,6439049534,1531554258,15.2174,0.13458,elderly
891f99cdc77ffff,891f99cd89bffff,1531554258,9857622044,18.4796,0.014192,elderly
891f99cdc77ffff,891f99cdc07ffff,1531554258,6423339988,18.5275,0.013316,elderly
891f99cdc77ffff,891f99cdc0fffff,1531554258,9571055498,9.0307,0.575835,elderly
891f99cdc77ffff,891f99cdc2bffff,1531554258,6462134755,10.864,0.432353,elderly
891f99cdc77ffff,891f99cdc3bffff,1531554258,2678692516,17.7238,0.031621,elderly
891f99cdc77ffff,891f99cdc63ffff,1531554258,7017551862,11.6247,0.37378,elderly
891f99cdc77ffff,891f99cdc67ffff,1531554258,3178411584,18.0564,0.023122,elderly
891f99cdc77ffff,891f99cdc6fffff,1531554258,2588305417,18.1654,0.020618,elderly
891f99cdc77ffff,891f99cdc73ffff,1531554258,6439049534,14.4815,0.176381,elderly
891f99cdc77ffff,891f99cdc77ffff,1531554258,1531554258,0.1209,0.99991,elderly
891f99cdc87ffff,891f99cc34bffff,6833312139,4889509547,11.0771,0.415806,elderly
891f99cdc87ffff,891f99cc34fffff,6833312139,9532612444,15.246,0.133054,elderly
891f99cdc87ffff,891f99cdc87ffff,6833312139,6833312139,1.9866,0.975851,elderly
891f99cdc87ffff,891f99cdca3ffff,6833312139,9212595025,15.2271,0.134061,elderly
891f99cdc87ffff,891f99cdcabffff,6833312139,1251634557,19.9658,7e-06,elderly
891f99cdc87ffff,891f99cdcb3ffff,6833312139,6420979355,10.9764,0.423614,elderly
891f99cdc87ffff,891f99cdcbbffff,6833312139,6451658836,11.0683,0.416486,elderly
891f99cdca3ffff,891f99cc34bffff,9212595025,4889509547,18.2843,0.018048,elderly
891f99cdca3ffff,891f99cc34fffff,9212595025,9532612444,17.3483,0.042752,elderly
891f99cdca3ffff,891f99cc36bffff,9212595025,31774655,18.5772,0.012436,elderly
891f99cdca3ffff,891f99cdc17ffff,9212595025,6445048303,18.1065,0.021954,elderly
891f99cdca3ffff,891f99cdc33ffff,9212595025,2935634141,19.2171,0.003776,elderly
891f99cdca3ffff,891f99cdc37ffff,9212595025,8177904261,19.2583,0.00339,elderly
891f99cdca3ffff,891f99cdc87ffff,9212595025,6833312139,15.4489,0.122416,elderly
891f99cdca3ffff,891f99cdca3ffff,9212595025,9212595025,0.3136,0.999393,elderly
891f99cdca3ffff,891f99cdca7ffff,9212595025,31508518,10.7439,0.441705,elderly
891f99cdca3ffff,891f99cdcabffff,9212595025,1251634557,14.6602,0.165812,elderly
891f99cdca3ffff,891f99cdcafffff,9212595025,395251657,10.2399,0.481162,elderly
891f99cdca3ffff,891f99cdcb3ffff,9212595025,6420979355,10.4575,0.464096,elderly
891f99cdca3ffff,891f99cdcb7ffff,9212595025,6451403576,12.2817,0.324606,elderly
891f99cdca3ffff,891f99cdcbbffff,9212595025,6451658836,9.6258,0.529374,elderly
891f99cdca3ffff,891f99cdddbffff,9212595025,31508111,17.8109,0.029269,elderly
891f99cdca7ffff,891f99cdc37ffff,31508518,8177904261,19.161,0.004336,elderly
891f99cdca7ffff,891f99cdca3ffff,31508518,9212595025,13.6743,0.22718,elderly
891f99cdca7ffff,891f99cdca7ffff,31508518,31508518,2.2699,0.968552,elderly
891f99cdca7ffff,891f99cdcafffff,31508518,395251657,10.5594,0.45612,elderly
891f99cdca7ffff,891f99cdcb7ffff,31508518,6451403576,15.1606,0.137643,elderly
891f99cdca7ffff,891f99cddc3ffff,31508518,6483857419,18.4274,0.015177,elderly
891f99cdca7ffff,891f99cddcbffff,31508518,4660007270,19.016,0.005961,elderly
891f99cdca7ffff,891f99cddd3ffff,31508518,4898290839,14.3131,0.186579,elderly
891f99cdca7ffff,891f99cdddbffff,31508518,31508111,9.3369,0.551983,elderly
891f99cdcabffff,891f99cdc03ffff,1251634557,9218173262,15.0643,0.142894,elderly
891f99cdcabffff,891f99cdc07ffff,1251634557,6423339988,10.9384,0.426562,elderly
891f99cdcabffff,891f99cdc0fffff,1251634557,9571055498,19.1108,0.00487,elderly
891f99cdcabffff,891f99cdc17ffff,1251634557,6445048303,14.0228,0.204663,elderly
891f99cdcabffff,891f99cdc33ffff,1251634557,2935634141,13.5062,0.238338,elderly
891f99cdcabffff,891f99cdca3ffff,1251634557,9212595025,14.9105,0.151453,elderly
891f99cdcabffff,891f99cdcabffff,1251634557,1251634557,0.4879,0.998532,elderly
891f99cdcabffff,891f99cdcbbffff,1251634557,6451658836,14.121,0.198472,elderly
891f99cdcafffff,891f99cdc37ffff,395251657,8177904261,10.7052,0.444727,elderly
891f99cdcafffff,891f99cdca3ffff,395251657,9212595025,10.7468,0.441482,elderly
891f99cdcafffff,891f99cdca7ffff,395251657,31508518,8.8323,0.591195,elderly
891f99cdcafffff,891f99cdcafffff,395251657,395251657,1.6868,0.98255,elderly
891f99cdcafffff,891f99cdcbbffff,395251657,6451658836,17.4122,0.040742,elderly
891f99cdcafffff,891f99cddc3ffff,395251657,6483857419,18.8835,0.00767,elderly
891f99cdcafffff,891f99cddcbffff,395251657,4660007270,18.5826,0.012342,elderly
891f99cdcafffff,891f99cddd3ffff,395251657,4898290839,16.9197,0.057395,elderly
891f99cdcafffff,891f99cdddbffff,395251657,31508111,9.793,0.516257,elderly
891f99cdcb3ffff,891f99cc343ffff,6420979355,8260378163,16.6748,0.066667,elderly
891f99cdcb3ffff,891f99cc347ffff,6420979355,6429323327,19.9983,0.0,elderly
891f99cdcb3ffff,891f99cc34bffff,6420979355,4889509547,8.9419,0.582721,elderly
891f99cdcb3ffff,891f99cc34fffff,6420979355,9532612444,9.2453,0.559134,elderly
891f99cdcb3ffff,891f99cc35bffff,6420979355,1837603118,15.9564,0.097512,elderly
891f99cdcb3ffff,891f99cc36bffff,6420979355,31774655,19.8254,0.000188,elderly
891f99cdcb3ffff,891f99cc37bffff,6420979355,9625912703,15.5339,0.118074,elderly
891f99cdcb3ffff,891f99cdc87ffff,6420979355,6833312139,9.0186,0.576772,elderly
891f99cdcb3ffff,891f99cdca3ffff,6420979355,9212595025,9.387,0.548073,elderly
891f99cdcb3ffff,891f99cdca7ffff,6420979355,31508518,16.5285,0.072516,elderly
891f99cdcb3ffff,891f99cdcabffff,6420979355,1251634557,18.4287,0.015152,elderly
891f99cdcb3ffff,891f99cdcafffff,6420979355,395251657,19.3132,0.002906,elderly
891f99cdcb3ffff,891f99cdcb3ffff,6420979355,6420979355,1.1151,0.992349,elderly
891f99cdcb3ffff,891f99cdcb7ffff,6420979355,6451403576,10.7106,0.444306,elderly
891f99cdcb3ffff,891f99cdcbbffff,6420979355,6451658836,8.5512,0.612806,elderly
891f99cdcb7ffff,891f99cc343ffff,6451403576,8260378163,17.7095,0.032016,elderly
891f99cdcb7ffff,891f99cc347ffff,6451403576,6429323327,18.0964,0.022187,elderly
891f99cdcb7ffff,891f99cc34bffff,6451403576,4889509547,15.9863,0.096126,elderly
891f99cdcb7ffff,891f99cc34fffff,6451403576,9532612444,8.3765,0.626132,elderly
891f99cdcb7ffff,891f99cc36bffff,6451403576,31774655,11.7048,0.367698,elderly
891f99cdcb7ffff,891f99cc36fffff,6451403576,9860005625,19.9029,5.8e-05,elderly
891f99cdcb7ffff,891f99cc37bffff,6451403576,9625912703,11.3197,0.397094,elderly
891f99cdcb7ffff,891f99cdc87ffff,6451403576,6833312139,16.4597,0.075341,elderly
891f99cdcb7ffff,891f99cdca3ffff,6451403576,9212595025,9.9125,0.506869,elderly
891f99cdcb7ffff,891f99cdca7ffff,6451403576,31508518,9.2095,0.561925,elderly
891f99cdcb7ffff,891f99cdcafffff,6451403576,395251657,16.8667,0.059347,elderly
891f99cdcb7ffff,891f99cdcb3ffff,6451403576,6420979355,8.5562,0.612426,elderly
891f99cdcb7ffff,891f99cdcb7ffff,6451403576,6451403576,0.2987,0.99945,elderly
891f99cdcb7ffff,891f99cdcbbffff,6451403576,6451658836,14.6964,0.163702,elderly
891f99cdcb7ffff,891f99cddd3ffff,6451403576,4898290839,17.6622,0.033336,elderly
891f99cdcb7ffff,891f99cdddbffff,6451403576,31508111,16.2765,0.083111,elderly
891f99cdcbbffff,891f99cc34bffff,6451658836,4889509547,15.7291,0.10836,elderly
891f99cdcbbffff,891f99cc34fffff,6451658836,9532612444,17.7773,0.030166,elderly
891f99cdcbbffff,891f99cdc17ffff,6451658836,6445048303,16.1989,0.086508,elderly
891f99cdcbbffff,891f99cdc87ffff,6451658836,6833312139,10.1871,0.485307,elderly
891f99cdcbbffff,891f99cdca3ffff,6451658836,9212595025,9.2149,0.561503,elderly
891f99cdcbbffff,891f99cdca7ffff,6451658836,31508518,19.5618,0.001184,elderly
891f99cdcbbffff,891f99cdcabffff,6451658836,1251634557,12.8442,0.283972,elderly
891f99cdcbbffff,891f99cdcafffff,6451658836,395251657,16.2561,0.083999,elderly
891f99cdcbbffff,891f99cdcb3ffff,6451658836,6420979355,9.9263,0.505785,elderly
891f99cdcbbffff,891f99cdcb7ffff,6451658836,6451403576,18.1139,0.021783,elderly
891f99cdcbbffff,891f99cdcbbffff,6451658836,6451658836,2.8357,0.951211,elderly
891f99cdd03ffff,891f99cdd03ffff,6547701840,6547701840,0.7483,0.99655,elderly
891f99cdd03ffff,891f99cdd07ffff,6547701840,1889761004,13.5256,0.237035,elderly
891f99cdd03ffff,891f99cdd0bffff,6547701840,13289798704,9.9197,0.50631,elderly
891f99cdd03ffff,891f99cdd0fffff,6547701840,7013595399,8.6102,0.60829,elderly
891f99cdd03ffff,891f99cdd13ffff,6547701840,1931861768,13.049,0.269579,elderly
891f99cdd03ffff,891f99cdd17ffff,6547701840,774074162,10.8962,0.429845,elderly
891f99cdd03ffff,891f99cdd1bffff,6547701840,1295220984,15.2215,0.134364,elderly
891f99cdd03ffff,891f99cdd47ffff,6547701840,9487098556,19.2421,0.003539,elderly
891f99cdd03ffff,891f99cdd57ffff,6547701840,12006473820,15.8173,0.10409,elderly
891f99cdd03ffff,891f99cdd73ffff,6547701840,9241485097,19.4182,0.002086,elderly
891f99cdd03ffff,891f99cdd77ffff,6547701840,4448818000,18.503,0.01376,elderly
891f99cdd03ffff,891f99cdd8bffff,6547701840,9860048758,18.3389,0.016924,elderly
891f99cdd03ffff,891f99cdd8fffff,6547701840,7010792148,15.7355,0.108048,elderly
891f99cdd03ffff,891f99cddabffff,6547701840,7279487455,16.4934,0.073951,elderly
891f99cdd03ffff,891f99cddbbffff,6547701840,2614749100,19.4968,0.001561,elderly
891f99cdd03ffff,891f99cddc7ffff,6547701840,9860451546,15.1492,0.13826,elderly
891f99cdd07ffff,891f99cdd03ffff,1889761004,6547701840,14.2524,0.190305,elderly
891f99cdd07ffff,891f99cdd07ffff,1889761004,1889761004,0.7211,0.996796,elderly
891f99cdd07ffff,891f99cdd0fffff,1889761004,7013595399,14.3254,0.185824,elderly
891f99cdd07ffff,891f99cdd17ffff,1889761004,774074162,10.8863,0.430614,elderly
891f99cdd07ffff,891f99cdd23ffff,1889761004,6490328116,16.6722,0.066771,elderly
891f99cdd07ffff,891f99cdd33ffff,1889761004,6497354633,9.8607,0.510944,elderly
891f99cdd07ffff,891f99cdd3bffff,1889761004,7013785674,14.4729,0.176896,elderly
891f99cdd07ffff,891f99cdd77ffff,1889761004,4448818000,19.2475,0.003489,elderly
891f99cdd07ffff,891f99cddabffff,1889761004,7279487455,10.1009,0.492076,elderly
891f99cdd07ffff,891f99cddafffff,1889761004,4942466112,17.5901,0.035399,elderly
891f99cdd07ffff,891f99cddbbffff,1889761004,2614749100,19.2076,0.003869,elderly
891f99cdd0bffff,891f99cdd03ffff,13289798704,6547701840,9.8724,0.510025,elderly
891f99cdd0bffff,891f99cdd0bffff,13289798704,13289798704,1.2715,0.99006,elderly
891f99cdd0bffff,891f99cdd0fffff,13289798704,7013595399,13.0009,0.272943,elderly
891f99cdd0bffff,891f99cdd13ffff,13289798704,1931861768,19.078,0.005234,elderly
891f99cdd0bffff,891f99cdd1bffff,13289798704,1295220984,13.7161,0.224434,elderly
891f99cdd0bffff,891f99cdd43ffff,13289798704,4912632765,18.5148,0.013545,elderly
891f99cdd0bffff,891f99cdd47ffff,13289798704,9487098556,14.4456,0.178536,elderly
891f99cdd0bffff,891f99cdd57ffff,13289798704,12006473820,12.098,0.338193,elderly
891f99cdd0bffff,891f99cdd73ffff,13289798704,9241485097,10.7701,0.439663,elderly
891f99cdd0bffff,891f99cdd77ffff,13289798704,4448818000,16.5026,0.073574,elderly
891f99cdd0bffff,891f99cddc7ffff,13289798704,9860451546,18.4316,0.015098,elderly
891f99cdd0fffff,891f99cdd03ffff,7013595399,6547701840,8.7176,0.600038,elderly
891f99cdd0fffff,891f99cdd07ffff,7013595399,1889761004,11.7287,0.36589,elderly
891f99cdd0fffff,891f99cdd0bffff,7013595399,13289798704,9.7842,0.516945,elderly
891f99cdd0fffff,891f99cdd0fffff,7013595399,7013595399,0.435,0.998833,elderly
891f99cdd0fffff,891f99cdd17ffff,7013595399,774074162,17.8825,0.027405,elderly
891f99cdd0fffff,891f99cdd23ffff,7013595399,6490328116,19.3479,0.002621,elderly
891f99cdd0fffff,891f99cdd2bffff,7013595399,9769034838,15.7348,0.108083,elderly
891f99cdd0fffff,891f99cdd33ffff,7013595399,6497354633,15.3862,0.125664,elderly
891f99cdd0fffff,891f99cdd3bffff,7013595399,7013785674,12.6949,0.29461,elderly
891f99cdd0fffff,891f99cdd47ffff,7013595399,9487098556,17.8691,0.02775,elderly
891f99cdd0fffff,891f99cdd63ffff,7013595399,9474270025,19.601,0.000981,elderly
891f99cdd0fffff,891f99cdd73ffff,7013595399,9241485097,12.5715,0.303482,elderly
891f99cdd0fffff,891f99cdd77ffff,7013595399,4448818000,10.3672,0.471177,elderly
891f99cdd0fffff,891f99cddabffff,7013595399,7279487455,18.9626,0.006623,elderly
891f99cdd13ffff,891f99cdd03ffff,1931861768,6547701840,12.8431,0.284052,elderly
891f99cdd13ffff,891f99cdd0bffff,1931861768,13289798704,18.0121,0.024178,elderly
891f99cdd13ffff,891f99cdd13ffff,1931861768,1931861768,1.3335,0.989072,elderly
891f99cdd13ffff,891f99cdd17ffff,1931861768,774074162,14.988,0.147112,elderly
891f99cdd13ffff,891f99cdd83ffff,1931861768,6425221236,14.2905,0.187961,elderly
891f99cdd13ffff,891f99cdd8bffff,1931861768,9860048758,8.7443,0.597982,elderly
891f99cdd13ffff,891f99cdd8fffff,1931861768,7010792148,12.6606,0.297064,elderly
891f99cdd13ffff,891f99cdd9bffff,1931861768,7007914585,17.5943,0.035277,elderly
891f99cdd13ffff,891f99cddc3ffff,1931861768,6483857419,18.254,0.018688,elderly
891f99cdd13ffff,891f99cddc7ffff,1931861768,9860451546,10.0113,0.499111,elderly
891f99cdd13ffff,891f99cddcfffff,1931861768,8428297023,18.9623,0.006628,elderly
891f99cdd13ffff,891f99cddd7ffff,1931861768,7008251083,14.6139,0.168525,elderly
891f99cdd17ffff,891f99cdd03ffff,774074162,6547701840,11.6978,0.368231,elderly
891f99cdd17ffff,891f99cdd07ffff,774074162,1889761004,13.3799,0.246842,elderly
891f99cdd17ffff,891f99cdd0fffff,774074162,7013595399,19.3912,0.002284,elderly
891f99cdd17ffff,891f99cdd13ffff,774074162,1931861768,17.9926,0.024652,elderly
891f99cdd17ffff,891f99cdd17ffff,774074162,774074162,0.497,0.998477,elderly
891f99cdd17ffff,891f99cdd33ffff,774074162,6497354633,17.96,0.025452,elderly
891f99cdd17ffff,891f99cdd8bffff,774074162,9860048758,17.0812,0.051636,elderly
891f99cdd17ffff,891f99cdd8fffff,774074162,7010792148,12.6211,0.299909,elderly
891f99cdd17ffff,891f99cdda3ffff,774074162,6567322295,19.348,0.00262,elderly
891f99cdd17ffff,891f99cddabffff,774074162,7279487455,8.942,0.582715,elderly
891f99cdd17ffff,891f99cddafffff,774074162,4942466112,19.737,0.000427,elderly
891f99cdd17ffff,891f99cddbbffff,774074162,2614749100,11.998,0.345642,elderly
891f99cdd1bffff,891f99cdd03ffff,1295220984,6547701840,16.821,0.061055,elderly
891f99cdd1bffff,891f99cdd0bffff,1295220984,13289798704,15.0777,0.142155,elderly
891f99cdd1bffff,891f99cdd1bffff,1295220984,1295220984,2.5802,0.959492,elderly
891f99cdd1bffff,891f99cdd47ffff,1295220984,9487098556,18.9383,0.006937,elderly
891f99cdd1bffff,891f99cdd57ffff,1295220984,12006473820,12.2005,0.33059,elderly
891f99cdd1bffff,891f99cddcfffff,1295220984,8428297023,18.3208,0.017293,elderly
891f99cdd23ffff,891f99cca53ffff,6490328116,9532073664,18.0358,0.02361,elderly
891f99cdd23ffff,891f99cca5bffff,6490328116,6808340953,16.54,0.072045,elderly
891f99cdd23ffff,891f99cd993ffff,6490328116,9476330915,15.7932,0.10525,elderly
891f99cdd23ffff,891f99cdd07ffff,6490328116,1889761004,16.9112,0.057707,elderly
891f99cdd23ffff,891f99cdd0fffff,6490328116,7013595399,18.9933,0.006239,elderly
891f99cdd23ffff,891f99cdd23ffff,6490328116,6490328116,1.4351,0.98735,elderly
891f99cdd23ffff,891f99cdd27ffff,6490328116,6792684819,8.2831,0.633215,elderly
891f99cdd23ffff,891f99cdd2bffff,6490328116,9769034838,12.5497,0.305059,elderly
891f99cdd23ffff,891f99cdd2fffff,6490328116,9621093945,10.3472,0.472747,elderly
891f99cdd23ffff,891f99cdd33ffff,6490328116,6497354633,9.1827,0.564014,elderly
891f99cdd23ffff,891f99cdd37ffff,6490328116,9532724067,9.0531,0.574098,elderly
891f99cdd23ffff,891f99cdd3bffff,6490328116,7013785674,12.6365,0.298801,elderly
891f99cdd23ffff,891f99cdd77ffff,6490328116,4448818000,19.5666,0.001158,elderly
891f99cdd23ffff,891f99cddabffff,6490328116,7279487455,18.8364,0.008329,elderly
891f99cdd23ffff,891f99cddafffff,6490328116,4942466112,14.9991,0.146498,elderly
891f99cdd27ffff,891f99cca43ffff,6792684819,513307586,17.1617,0.048874,elderly
891f99cdd27ffff,891f99cca4bffff,6792684819,9496536226,19.2998,0.003021,elderly
891f99cdd27ffff,891f99cca53ffff,6792684819,9532073664,9.8957,0.508193,elderly
891f99cdd27ffff,891f99cca5bffff,6792684819,6808340953,8.9956,0.578558,elderly
891f99cdd27ffff,891f99ccacbffff,6792684819,9621184875,14.5204,0.17406,elderly
891f99cdd27ffff,891f99ccacfffff,6792684819,9548007944,18.4979,0.013853,elderly
891f99cdd27ffff,891f99ccadbffff,6792684819,2542799121,17.7629,0.030554,elderly
891f99cdd27ffff,891f99cd997ffff,6792684819,9620952677,15.545,0.117511,elderly
891f99cdd27ffff,891f99cdd23ffff,6792684819,6490328116,10.3241,0.474559,elderly
891f99cdd27ffff,891f99cdd27ffff,6792684819,6792684819,0.143,0.999874,elderly
891f99cdd27ffff,891f99cdd2bffff,6792684819,9769034838,19.8249,0.000189,elderly
891f99cdd27ffff,891f99cdd2fffff,6792684819,9621093945,11.9558,0.348798,elderly
891f99cdd27ffff,891f99cdd33ffff,6792684819,6497354633,18.0717,0.022762,elderly
891f99cdd27ffff,891f99cdd37ffff,6792684819,9532724067,11.3781,0.392604,elderly
891f99cdd2bffff,891f99cca5bffff,9769034838,6808340953,15.6103,0.114226,elderly
891f99cdd2bffff,891f99cd983ffff,9769034838,9577976786,19.963,8e-06,elderly
891f99cdd2bffff,891f99cd993ffff,9769034838,9476330915,11.2814,0.400041,elderly
891f99cdd2bffff,891f99cd997ffff,9769034838,9620952677,17.5925,0.035329,elderly
891f99cdd2bffff,891f99cd99bffff,9769034838,6576315758,18.0489,0.023298,elderly
891f99cdd2bffff,891f99cdd0fffff,9769034838,7013595399,17.2815,0.044897,elderly
891f99cdd2bffff,891f99cdd23ffff,9769034838,6490328116,12.3616,0.318743,elderly
891f99cdd2bffff,891f99cdd27ffff,9769034838,6792684819,17.5506,0.036554,elderly
891f99cdd2bffff,891f99cdd2bffff,9769034838,9769034838,0.6349,0.997516,elderly
891f99cdd2bffff,891f99cdd2fffff,9769034838,9621093945,7.5473,0.687901,elderly
891f99cdd2bffff,891f99cdd33ffff,9769034838,6497354633,16.7381,0.064208,elderly
891f99cdd2bffff,891f99cdd37ffff,9769034838,9532724067,19.5095,0.001484,elderly
891f99cdd2bffff,891f99cdd3bffff,9769034838,7013785674,10.7062,0.444646,elderly
891f99cdd2bffff,891f99cdd63ffff,9769034838,9474270025,17.6833,0.032744,elderly
891f99cdd2bffff,891f99cdd67ffff,9769034838,10866880269,10.7651,0.440054,elderly
891f99cdd2bffff,891f99cdd77ffff,9769034838,4448818000,8.4818,0.618111,elderly
891f99cdd2fffff,891f99cca43ffff,9621093945,513307586,17.6807,0.032816,elderly
891f99cdd2fffff,891f99cca4bffff,9621093945,9496536226,17.4771,0.038753,elderly
891f99cdd2fffff,891f99cca5bffff,9621093945,6808340953,9.0561,0.573866,elderly
891f99cdd2fffff,891f99cd983ffff,9621093945,9577976786,15.2714,0.131699,elderly
891f99cdd2fffff,891f99cd993ffff,9621093945,9476330915,11.263,0.40145,elderly
891f99cdd2fffff,891f99cd997ffff,9621093945,9620952677,11.2717,0.400785,elderly
891f99cdd2fffff,891f99cdd23ffff,9621093945,6490328116,11.3912,0.391604,elderly
891f99cdd2fffff,891f99cdd27ffff,9621093945,6792684819,11.0507,0.417851,elderly
891f99cdd2fffff,891f99cdd2bffff,9621093945,9769034838,10.2905,0.47719,elderly
891f99cdd2fffff,891f99cdd2fffff,9621093945,9621093945,0.9931,0.993929,elderly
891f99cdd2fffff,891f99cdd33ffff,9621093945,6497354633,19.1388,0.004568,elderly
891f99cdd2fffff,891f99cdd37ffff,9621093945,9532724067,16.2232,0.085438,elderly
891f99cdd2fffff,891f99cdd3bffff,9621093945,7013785674,19.8745,9.7e-05,elderly
891f99cdd2fffff,891f99cdd67ffff,9621093945,10866880269,19.252,0.003447,elderly
891f99cdd2fffff,891f99cdd77ffff,9621093945,4448818000,18.1375,0.021246,elderly
891f99cdd33ffff,891f99cdd07ffff,6497354633,1889761004,11.8859,0.354039,elderly
891f99cdd33ffff,891f99cdd0fffff,6497354633,7013595399,18.0131,0.024155,elderly
891f99cdd33ffff,891f99cdd17ffff,6497354633,774074162,18.2642,0.018472,elderly
891f99cdd33ffff,891f99cdd23ffff,6497354633,6490328116,10.9976,0.421971,elderly
891f99cdd33ffff,891f99cdd27ffff,6497354633,6792684819,17.8419,0.028455,elderly
891f99cdd33ffff,891f99cdd2bffff,6497354633,9769034838,19.5238,0.001398,elderly
891f99cdd33ffff,891f99cdd2fffff,6497354633,9621093945,19.906,5.5e-05,elderly
891f99cdd33ffff,891f99cdd33ffff,6497354633,6497354633,1.4012,0.987937,elderly
891f99cdd33ffff,891f99cdd37ffff,6497354633,9532724067,12.9543,0.276206,elderly
891f99cdd33ffff,891f99cdd3bffff,6497354633,7013785674,14.8346,0.15575,elderly
891f99cdd33ffff,891f99cdda3ffff,6497354633,6567322295,18.3565,0.016569,elderly
891f99cdd33ffff,891f99cddabffff,6497354633,7279487455,12.0955,0.338375,elderly
891f99cdd33ffff,891f99cddafffff,6497354633,4942466112,11.647,0.372084,elderly
891f99cdd33ffff,891f99cddbbffff,6497354633,2614749100,17.9142,0.026597,elderly
891f99cdd37ffff,891f99cca53ffff,9532724067,9532073664,18.2172,0.019477,elderly
891f99cdd37ffff,891f99cca5bffff,9532724067,6808340953,17.3172,0.043745,elderly
891f99cdd37ffff,891f99ccacbffff,9532724067,9621184875,13.9111,0.211786,elderly
891f99cdd37ffff,891f99ccadbffff,9532724067,2542799121,15.7567,0.107014,elderly
891f99cdd37ffff,891f99cdd07ffff,9532724067,1889761004,19.5062,0.001503,elderly
891f99cdd37ffff,891f99cdd23ffff,9532724067,6490328116,8.0859,0.648078,elderly
891f99cdd37ffff,891f99cdd27ffff,9532724067,6792684819,8.4646,0.619427,elderly
891f99cdd37ffff,891f99cdd2bffff,9532724067,9769034838,18.8375,0.008313,elderly
891f99cdd37ffff,891f99cdd2fffff,9532724067,9621093945,12.1474,0.334527,elderly
891f99cdd37ffff,891f99cdd33ffff,9532724067,6497354633,10.9316,0.427093,elderly
891f99cdd37ffff,891f99cdd37ffff,9532724067,9532724067,2.7214,0.955008,elderly
891f99cdd37ffff,891f99cdd3bffff,9532724067,7013785674,17.7371,0.031256,elderly
891f99cdd37ffff,891f99cddabffff,9532724067,7279487455,19.1756,0.004187,elderly
891f99cdd37ffff,891f99cddafffff,9532724067,4942466112,14.1313,0.197825,elderly
891f99cdd3bffff,891f99cdd03ffff,7013785674,6547701840,19.104,0.004944,elderly
891f99cdd3bffff,891f99cdd07ffff,7013785674,1889761004,14.1123,0.199019,elderly
891f99cdd3bffff,891f99cdd0fffff,7013785674,7013595399,11.6442,0.372294,elderly
891f99cdd3bffff,891f99cdd23ffff,7013785674,6490328116,12.2377,0.327845,elderly
891f99cdd3bffff,891f99cdd27ffff,7013785674,6792684819,19.0858,0.005147,elderly
891f99cdd3bffff,891f99cdd2bffff,7013785674,9769034838,10.3733,0.470699,elderly
891f99cdd3bffff,891f99cdd2fffff,7013785674,9621093945,17.2858,0.044759,elderly
891f99cdd3bffff,891f99cdd33ffff,7013785674,6497354633,12.2856,0.324322,elderly
891f99cdd3bffff,891f99cdd37ffff,7013785674,9532724067,17.4222,0.040434,elderly
891f99cdd3bffff,891f99cdd3bffff,7013785674,7013785674,1.2278,0.99073,elderly
891f99cdd3bffff,891f99cdd67ffff,7013785674,10866880269,19.9519,1.4e-05,elderly
891f99cdd3bffff,891f99cdd77ffff,7013785674,4448818000,11.0409,0.418611,elderly
891f99cdd3bffff,891f99cddabffff,7013785674,7279487455,17.8355,0.028622,elderly
891f99cdd43ffff,891f99cd897ffff,4912632765,9838588176,18.5037,0.013747,elderly
891f99cdd43ffff,891f99cd8b3ffff,4912632765,9850454762,18.0134,0.024146,elderly
891f99cdd43ffff,891f99cd8b7ffff,4912632765,12812222615,19.4824,0.001652,elderly
891f99cdd43ffff,891f99cdc27ffff,4912632765,4889789431,16.4277,0.076673,elderly
891f99cdd43ffff,891f99cdc2fffff,4912632765,3735457859,18.5269,0.013326,elderly
891f99cdd43ffff,891f99cdd43ffff,4912632765,4912632765,0.1603,0.999841,elderly
891f99cdd43ffff,891f99cdd47ffff,4912632765,9487098556,11.3096,0.397866,elderly
891f99cdd43ffff,891f99cdd4bffff,4912632765,7023815414,12.1793,0.332161,elderly
891f99cdd43ffff,891f99cdd4fffff,4912632765,27653866,10.5175,0.459404,elderly
891f99cdd43ffff,891f99cdd53ffff,4912632765,792050821,12.8681,0.28228,elderly
891f99cdd43ffff,891f99cdd57ffff,4912632765,12006473820,11.415,0.389781,elderly
891f99cdd43ffff,891f99cdd5bffff,4912632765,7019773672,10.2639,0.479277,elderly
891f99cdd43ffff,891f99cdd7bffff,4912632765,7026396817,18.7777,0.009188,elderly
891f99cdd43ffff,891f99cddcbffff,4912632765,4660007270,18.0936,0.022251,elderly
891f99cdd43ffff,891f99cddcfffff,4912632765,8428297023,17.4181,0.04056,elderly
891f99cdd47ffff,891f99cd8b7ffff,9487098556,12812222615,19.283,0.003168,elderly
891f99cdd47ffff,891f99cdd03ffff,9487098556,6547701840,19.1924,0.004018,elderly
891f99cdd47ffff,891f99cdd0bffff,9487098556,13289798704,14.289,0.188055,elderly
891f99cdd47ffff,891f99cdd0fffff,9487098556,7013595399,17.31,0.043976,elderly
891f99cdd47ffff,891f99cdd1bffff,9487098556,1295220984,16.8369,0.060459,elderly
891f99cdd47ffff,891f99cdd43ffff,9487098556,4912632765,9.3453,0.551331,elderly
891f99cdd47ffff,891f99cdd47ffff,9487098556,9487098556,0.2568,0.999593,elderly
891f99cdd47ffff,891f99cdd4bffff,9487098556,7023815414,18.7446,0.00969,elderly
891f99cdd47ffff,891f99cdd4fffff,9487098556,27653866,12.8745,0.281827,elderly
891f99cdd47ffff,891f99cdd53ffff,9487098556,792050821,17.8983,0.027001,elderly
891f99cdd47ffff,891f99cdd57ffff,9487098556,12006473820,6.9383,0.731303,elderly
891f99cdd47ffff,891f99cdd5bffff,9487098556,7019773672,17.9484,0.025739,elderly
891f99cdd47ffff,891f99cdd73ffff,9487098556,9241485097,10.8177,0.435956,elderly
891f99cdd47ffff,891f99cdd77ffff,9487098556,4448818000,17.1919,0.047857,elderly
891f99cdd47ffff,891f99cdd7bffff,9487098556,7026396817,14.0491,0.202995,elderly
891f99cdd47ffff,891f99cddcfffff,9487098556,8428297023,16.3898,0.078268,elderly
891f99cdd4bffff,891f99cd883ffff,7023815414,6438001453,14.9925,0.146861,elderly
891f99cdd4bffff,891f99cd887ffff,7023815414,2555399289,9.7399,0.520419,elderly
891f99cdd4bffff,891f99cd88fffff,7023815414,6435816272,19.6639,0.000697,elderly
891f99cdd4bffff,891f99cd897ffff,7023815414,9838588176,11.4228,0.389185,elderly
891f99cdd4bffff,891f99cd8b3ffff,7023815414,9850454762,14.6291,0.167635,elderly
891f99cdd4bffff,891f99cd8b7ffff,7023815414,12812222615,17.6801,0.032832,elderly
891f99cdd4bffff,891f99cd8bbffff,7023815414,9582667284,18.3819,0.016064,elderly
891f99cdd4bffff,891f99cdc27ffff,7023815414,4889789431,19.4574,0.001815,elderly
891f99cdd4bffff,891f99cdc2fffff,7023815414,3735457859,18.6532,0.011148,elderly
891f99cdd4bffff,891f99cdd43ffff,7023815414,4912632765,12.5665,0.303843,elderly
891f99cdd4bffff,891f99cdd4bffff,7023815414,7023815414,0.7388,0.996637,elderly
891f99cdd4bffff,891f99cdd4fffff,7023815414,27653866,12.3585,0.318969,elderly
891f99cdd4bffff,891f99cdd5bffff,7023815414,7019773672,10.8491,0.433511,elderly
891f99cdd4fffff,891f99cd887ffff,27653866,2555399289,17.2069,0.047358,elderly
891f99cdd4fffff,891f99cd8a7ffff,27653866,13595211527,19.2781,0.003211,elderly
891f99cdd4fffff,891f99cd8b3ffff,27653866,9850454762,11.2556,0.402025,elderly
891f99cdd4fffff,891f99cd8b7ffff,27653866,12812222615,9.5619,0.534382,elderly
891f99cdd4fffff,891f99cdd43ffff,27653866,4912632765,9.0426,0.57491,elderly
891f99cdd4fffff,891f99cdd47ffff,27653866,9487098556,13.1557,0.262177,elderly
891f99cdd4fffff,891f99cdd4bffff,27653866,7023815414,11.5092,0.382577,elderly
891f99cdd4fffff,891f99cdd4fffff,27653866,27653866,0.551,0.998128,elderly
891f99cdd4fffff,891f99cdd57ffff,27653866,12006473820,16.0271,0.094244,elderly
891f99cdd4fffff,891f99cdd5bffff,27653866,7019773672,17.2464,0.046045,elderly
891f99cdd4fffff,891f99cdd6bffff,27653866,6293459375,17.1786,0.048304,elderly
891f99cdd4fffff,891f99cdd73ffff,27653866,9241485097,17.8688,0.027757,elderly
891f99cdd4fffff,891f99cdd7bffff,27653866,7026396817,10.1468,0.488475,elderly
891f99cdd53ffff,891f99cdc27ffff,792050821,4889789431,11.2543,0.40212,elderly
891f99cdd53ffff,891f99cdc2fffff,792050821,3735457859,19.9338,2.7e-05,elderly
891f99cdd53ffff,891f99cdc37ffff,792050821,8177904261,18.7573,0.009495,elderly
891f99cdd53ffff,891f99cdd43ffff,792050821,4912632765,13.748,0.222342,elderly
891f99cdd53ffff,891f99cdd53ffff,792050821,792050821,0.6571,0.997339,elderly
891f99cdd53ffff,891f99cdd57ffff,792050821,12006473820,13.0505,0.269479,elderly
891f99cdd53ffff,891f99cdd5bffff,792050821,7019773672,14.4843,0.176215,elderly
891f99cdd53ffff,891f99cddc3ffff,792050821,6483857419,17.1137,0.050514,elderly
891f99cdd53ffff,891f99cddcbffff,792050821,4660007270,12.5562,0.304588,elderly
891f99cdd53ffff,891f99cddcfffff,792050821,8428297023,13.4284,0.243559,elderly
891f99cdd53ffff,891f99cdddbffff,792050821,31508111,19.8791,9e-05,elderly
891f99cdd57ffff,891f99cdc27ffff,12006473820,4889789431,18.5237,0.013384,elderly
891f99cdd57ffff,891f99cdd03ffff,12006473820,6547701840,15.2136,0.134788,elderly
891f99cdd57ffff,891f99cdd0bffff,12006473820,13289798704,11.4482,0.387238,elderly
891f99cdd57ffff,891f99cdd1bffff,12006473820,1295220984,10.3558,0.47207,elderly
891f99cdd57ffff,891f99cdd43ffff,12006473820,4912632765,11.3195,0.397106,elderly
891f99cdd57ffff,891f99cdd47ffff,12006473820,9487098556,8.4244,0.622489,elderly
891f99cdd57ffff,891f99cdd4fffff,12006473820,27653866,16.8432,0.060222,elderly
891f99cdd57ffff,891f99cdd53ffff,12006473820,792050821,11.78,0.362016,elderly
891f99cdd57ffff,891f99cdd57ffff,12006473820,12006473820,0.4393,0.99881,elderly
891f99cdd57ffff,891f99cdd5bffff,12006473820,7019773672,18.3504,0.016692,elderly
891f99cdd57ffff,891f99cdd73ffff,12006473820,9241485097,16.203,0.086326,elderly
891f99cdd57ffff,891f99cddc3ffff,12006473820,6483857419,19.0592,0.00545,elderly
891f99cdd57ffff,891f99cddc7ffff,12006473820,9860451546,17.0143,0.053989,elderly
891f99cdd57ffff,891f99cddcbffff,12006473820,4660007270,16.2944,0.082339,elderly
891f99cdd57ffff,891f99cddcfffff,12006473820,8428297023,10.2627,0.479372,elderly
891f99cdd5bffff,891f99cd887ffff,7019773672,2555399289,16.6357,0.068208,elderly
891f99cdd5bffff,891f99cd893ffff,7019773672,582942526,17.7707,0.030345,elderly
891f99cdd5bffff,891f99cd897ffff,7019773672,9838588176,11.5307,0.380934,elderly
891f99cdd5bffff,891f99cdc23ffff,7019773672,6425661261,18.721,0.010056,elderly
891f99cdd5bffff,891f99cdc27ffff,7019773672,4889789431,10.8109,0.436488,elderly
891f99cdd5bffff,891f99cdc2bffff,7019773672,6462134755,18.7785,0.009176,elderly
891f99cdd5bffff,891f99cdc2fffff,7019773672,3735457859,10.0066,0.49948,elderly
891f99cdd5bffff,891f99cdc37ffff,7019773672,8177904261,19.5426,0.00129,elderly
891f99cdd5bffff,891f99cdd43ffff,7019773672,4912632765,10.451,0.464607,elderly
891f99cdd5bffff,891f99cdd4bffff,7019773672,7023815414,8.8492,0.58989,elderly
891f99cdd5bffff,891f99cdd4fffff,7019773672,27653866,17.9216,0.02641,elderly
891f99cdd5bffff,891f99cdd53ffff,7019773672,792050821,15.0357,0.144469,elderly
891f99cdd5bffff,891f99cdd57ffff,7019773672,12006473820,19.5925,0.001024,elderly
891f99cdd5bffff,891f99cdd5bffff,7019773672,7019773672,0.4615,0.998687,elderly
891f99cdd5bffff,891f99cddcbffff,7019773672,4660007270,18.1564,0.02082,elderly
891f99cdd63ffff,891f99cd8a7ffff,9474270025,13595211527,16.4525,0.075639,elderly
891f99cdd63ffff,891f99cd8b7ffff,9474270025,12812222615,16.9597,0.055942,elderly
891f99cdd63ffff,891f99cd99bffff,9474270025,6576315758,16.5271,0.072572,elderly
891f99cdd63ffff,891f99cd9d3ffff,9474270025,6306034549,15.1398,0.13877,elderly
891f99cdd63ffff,891f99cdd2bffff,9474270025,9769034838,18.9995,0.006162,elderly
891f99cdd63ffff,891f99cdd63ffff,9474270025,9474270025,1.7493,0.981242,elderly
891f99cdd63ffff,891f99cdd67ffff,9474270025,10866880269,12.0021,0.345332,elderly
891f99cdd63ffff,891f99cdd6bffff,9474270025,6293459375,10.0259,0.497964,elderly
891f99cdd63ffff,891f99cdd6fffff,9474270025,1831777965,10.7048,0.444756,elderly
891f99cdd63ffff,891f99cdd73ffff,9474270025,9241485097,16.4153,0.077193,elderly
891f99cdd63ffff,891f99cdd77ffff,9474270025,4448818000,12.7375,0.291562,elderly
891f99cdd63ffff,891f99cdd7bffff,9474270025,7026396817,14.4446,0.178597,elderly
891f99cdd67ffff,891f99cd983ffff,10866880269,9577976786,17.618,0.034594,elderly
891f99cdd67ffff,891f99cd98bffff,10866880269,6276210975,17.5405,0.036852,elderly
891f99cdd67ffff,891f99cd993ffff,10866880269,9476330915,12.7888,0.287903,elderly
891f99cdd67ffff,891f99cd997ffff,10866880269,9620952677,18.2493,0.018788,elderly
891f99cdd67ffff,891f99cd99bffff,10866880269,6576315758,9.8392,0.512631,elderly
891f99cdd67ffff,891f99cd9d7ffff,10866880269,6219063996,19.8217,0.000196,elderly
891f99cdd67ffff,891f99cdd2bffff,10866880269,9769034838,11.9391,0.350045,elderly
891f99cdd67ffff,891f99cdd2fffff,10866880269,9621093945,17.6982,0.032328,elderly
891f99cdd67ffff,891f99cdd63ffff,10866880269,9474270025,12.8628,0.28266,elderly
891f99cdd67ffff,891f99cdd67ffff,10866880269,10866880269,0.8502,0.995548,elderly
891f99cdd67ffff,891f99cdd6bffff,10866880269,6293459375,19.0465,0.005598,elderly
891f99cdd67ffff,891f99cdd6fffff,10866880269,1831777965,13.587,0.232948,elderly
891f99cdd67ffff,891f99cdd77ffff,10866880269,4448818000,12.4816,0.309994,elderly
891f99cdd6bffff,891f99cd8a3ffff,6293459375,3731973493,19.5154,0.001448,elderly
891f99cdd6bffff,891f99cd8a7ffff,6293459375,13595211527,7.6141,0.683031,elderly
891f99cdd6bffff,891f99cd8afffff,6293459375,562679457,16.8582,0.059662,elderly
891f99cdd6bffff,891f99cd8b7ffff,6293459375,12812222615,13.564,0.234476,elderly
891f99cdd6bffff,891f99cd99bffff,6293459375,6576315758,19.8462,0.000146,elderly
891f99cdd6bffff,891f99cd9d3ffff,6293459375,6306034549,10.8696,0.431915,elderly
891f99cdd6bffff,891f99cd9d7ffff,6293459375,6219063996,19.5336,0.001341,elderly
891f99cdd6bffff,891f99cd9dbffff,6293459375,6251697193,18.6599,0.011038,elderly
891f99cdd6bffff,891f99cdd63ffff,6293459375,9474270025,10.2145,0.483156,elderly
891f99cdd6bffff,891f99cdd67ffff,6293459375,10866880269,17.9526,0.025636,elderly
891f99cdd6bffff,891f99cdd6bffff,6293459375,6293459375,0.7659,0.996386,elderly
891f99cdd6bffff,891f99cdd6fffff,6293459375,1831777965,9.5079,0.538611,elderly
891f99cdd6bffff,891f99cdd73ffff,6293459375,9241485097,19.6003,0.000985,elderly
891f99cdd6bffff,891f99cdd77ffff,6293459375,4448818000,19.2713,0.003272,elderly
891f99cdd6bffff,891f99cdd7bffff,6293459375,7026396817,12.224,0.328859,elderly
891f99cdd6fffff,891f99cd8a7ffff,1831777965,13595211527,14.7545,0.160337,elderly
891f99cdd6fffff,891f99cd98bffff,1831777965,6276210975,18.811,0.008696,elderly
891f99cdd6fffff,891f99cd99bffff,1831777965,6576315758,14.0149,0.205159,elderly
891f99cdd6fffff,891f99cd9c3ffff,1831777965,9853522590,18.7387,0.009781,elderly
891f99cdd6fffff,891f99cd9d3ffff,1831777965,6306034549,8.8654,0.58864,elderly
891f99cdd6fffff,891f99cd9d7ffff,1831777965,6219063996,13.4035,0.245243,elderly
891f99cdd6fffff,891f99cdd63ffff,1831777965,9474270025,12.0674,0.340469,elderly
891f99cdd6fffff,891f99cdd67ffff,1831777965,10866880269,14.7498,0.160612,elderly
891f99cdd6fffff,891f99cdd6bffff,1831777965,6293459375,8.3279,0.62982,elderly
891f99cdd6fffff,891f99cdd6fffff,1831777965,1831777965,1.7675,0.980853,elderly
891f99cdd6fffff,891f99cdd7bffff,1831777965,7026396817,19.3644,0.00249,elderly
891f99cdd73ffff,891f99cd8b7ffff,9241485097,12812222615,17.5799,0.035696,elderly
891f99cdd73ffff,891f99cdd03ffff,9241485097,6547701840,18.6492,0.011214,elderly
891f99cdd73ffff,891f99cdd0bffff,9241485097,13289798704,11.5325,0.380796,elderly
891f99cdd73ffff,891f99cdd0fffff,9241485097,7013595399,13.8099,0.218313,elderly
891f99cdd73ffff,891f99cdd2bffff,9241485097,9769034838,17.7582,0.030683,elderly
891f99cdd73ffff,891f99cdd47ffff,9241485097,9487098556,11.6752,0.36994,elderly
891f99cdd73ffff,891f99cdd4fffff,9241485097,27653866,19.0692,0.005335,elderly
891f99cdd73ffff,891f99cdd57ffff,9241485097,12006473820,16.7608,0.06334,elderly
891f99cdd73ffff,891f99cdd63ffff,9241485097,9474270025,13.316,0.251177,elderly
891f99cdd73ffff,891f99cdd67ffff,9241485097,10866880269,19.5313,0.001355,elderly
891f99cdd73ffff,891f99cdd6bffff,9241485097,6293459375,17.4848,0.038519,elderly
891f99cdd73ffff,891f99cdd73ffff,9241485097,9241485097,1.2665,0.990138,elderly
891f99cdd73ffff,891f99cdd77ffff,9241485097,4448818000,10.9833,0.423077,elderly
891f99cdd73ffff,891f99cdd7bffff,9241485097,7026396817,14.1701,0.195407,elderly
891f99cdd77ffff,891f99cd993ffff,4448818000,9476330915,17.5663,0.036093,elderly
891f99cdd77ffff,891f99cdd03ffff,4448818000,6547701840,18.1224,0.021588,elderly
891f99cdd77ffff,891f99cdd07ffff,4448818000,1889761004,19.453,0.001844,elderly
891f99cdd77ffff,891f99cdd0bffff,4448818000,13289798704,15.9208,0.099178,elderly
891f99cdd77ffff,891f99cdd0fffff,4448818000,7013595399,10.4308,0.466194,elderly
891f99cdd77ffff,891f99cdd23ffff,4448818000,6490328116,17.9081,0.026753,elderly
891f99cdd77ffff,891f99cdd2bffff,4448818000,9769034838,7.0294,0.724936,elderly
891f99cdd77ffff,891f99cdd2fffff,4448818000,9621093945,13.9419,0.209813,elderly
891f99cdd77ffff,891f99cdd33ffff,4448818000,6497354633,19.08,0.005212,elderly
891f99cdd77ffff,891f99cdd3bffff,4448818000,7013785674,11.2459,0.402768,elderly
891f99cdd77ffff,891f99cdd63ffff,4448818000,9474270025,9.6488,0.527571,elderly
891f99cdd77ffff,891f99cdd67ffff,4448818000,10866880269,11.0518,0.41777,elderly
891f99cdd77ffff,891f99cdd6bffff,4448818000,6293459375,17.6936,0.032457,elderly
891f99cdd77ffff,891f99cdd6fffff,4448818000,1831777965,18.3725,0.016251,elderly
891f99cdd77ffff,891f99cdd73ffff,4448818000,9241485097,12.4583,0.311685,elderly
891f99cdd77ffff,891f99cdd77ffff,4448818000,4448818000,0.087,0.999953,elderly
891f99cdd7bffff,891f99cd8a3ffff,7026396817,3731973493,19.732,0.000443,elderly
891f99cdd7bffff,891f99cd8a7ffff,7026396817,13595211527,15.8372,0.103138,elderly
891f99cdd7bffff,891f99cd8b3ffff,7026396817,9850454762,17.3938,0.041316,elderly
891f99cdd7bffff,891f99cd8b7ffff,7026396817,12812222615,8.5729,0.611146,elderly
891f99cdd7bffff,891f99cd9d3ffff,7026396817,6306034549,19.1441,0.004512,elderly
891f99cdd7bffff,891f99cdd43ffff,7026396817,4912632765,17.7936,0.029731,elderly
891f99cdd7bffff,891f99cdd47ffff,7026396817,9487098556,14.1239,0.198292,elderly
891f99cdd7bffff,891f99cdd4fffff,7026396817,27653866,10.5168,0.459456,elderly
891f99cdd7bffff,891f99cdd63ffff,7026396817,9474270025,13.4209,0.244068,elderly
891f99cdd7bffff,891f99cdd6bffff,7026396817,6293459375,9.6198,0.529843,elderly
891f99cdd7bffff,891f99cdd6fffff,7026396817,1831777965,17.5048,0.037917,elderly
891f99cdd7bffff,891f99cdd73ffff,7026396817,9241485097,14.6564,0.166031,elderly
891f99cdd7bffff,891f99cdd7bffff,7026396817,7026396817,0.4088,0.99897,elderly
891f99cdd83ffff,891f99cc367ffff,6425221236,6454118264,16.3157,0.081419,elderly
891f99cdd83ffff,891f99cdd13ffff,6425221236,1931861768,15.954,0.097624,elderly
891f99cdd83ffff,891f99cdd83ffff,6425221236,6425221236,0.0744,0.999966,elderly
891f99cdd83ffff,891f99cdd87ffff,6425221236,3857356857,14.2515,0.190362,elderly
891f99cdd83ffff,891f99cdd8bffff,6425221236,9860048758,11.7386,0.365145,elderly
891f99cdd83ffff,891f99cdd8fffff,6425221236,7010792148,11.0622,0.416963,elderly
891f99cdd83ffff,891f99cdd93ffff,6425221236,9487327105,11.0589,0.417214,elderly
891f99cdd83ffff,891f99cdd97ffff,6425221236,4456425432,10.3477,0.472709,elderly
891f99cdd83ffff,891f99cdd9bffff,6425221236,7007914585,11.5045,0.382931,elderly
891f99cdd83ffff,891f99cddbbffff,6425221236,2614749100,18.3386,0.01693,elderly
891f99cdd83ffff,891f99cddc7ffff,6425221236,9860451546,18.0651,0.022918,elderly
891f99cdd83ffff,891f99cddd7ffff,6425221236,7008251083,16.8501,0.059964,elderly
891f99cdd87ffff,891f99cce4bffff,3857356857,3217982537,10.1004,0.492114,elderly
891f99cdd87ffff,891f99cdd17ffff,3857356857,774074162,19.4274,0.002021,elderly
891f99cdd87ffff,891f99cdd83ffff,3857356857,6425221236,10.368,0.471117,elderly
891f99cdd87ffff,891f99cdd87ffff,3857356857,3857356857,0.877,0.995263,elderly
891f99cdd87ffff,891f99cdd8bffff,3857356857,9860048758,19.6591,0.000717,elderly
891f99cdd87ffff,891f99cdd8fffff,3857356857,7010792148,11.899,0.353054,elderly
891f99cdd87ffff,891f99cdd93ffff,3857356857,9487327105,17.3461,0.042822,elderly
891f99cdd87ffff,891f99cdd97ffff,3857356857,4456425432,9.7562,0.519146,elderly
891f99cdd87ffff,891f99cdda3ffff,3857356857,6567322295,19.4897,0.001605,elderly
891f99cdd87ffff,891f99cddabffff,3857356857,7279487455,19.2225,0.003724,elderly
891f99cdd87ffff,891f99cddb3ffff,3857356857,9101589210,13.0246,0.271282,elderly
891f99cdd87ffff,891f99cddbbffff,3857356857,2614749100,12.3429,0.320116,elderly
891f99cdd8bffff,891f99cc367ffff,9860048758,6454118264,18.7138,0.01017,elderly
891f99cdd8bffff,891f99cc36fffff,9860048758,9860005625,14.4432,0.178683,elderly
891f99cdd8bffff,891f99cdd13ffff,9860048758,1931861768,10.5564,0.456357,elderly
891f99cdd8bffff,891f99cdd17ffff,9860048758,774074162,16.0181,0.094657,elderly
891f99cdd8bffff,891f99cdd83ffff,9860048758,6425221236,10.2923,0.477051,elderly
891f99cdd8bffff,891f99cdd8bffff,9860048758,9860048758,0.2186,0.999705,elderly
891f99cdd8bffff,891f99cdd8fffff,9860048758,7010792148,10.2213,0.48262,elderly
891f99cdd8bffff,891f99cdd93ffff,9860048758,9487327105,17.7293,0.031469,elderly
891f99cdd8bffff,891f99cdd9bffff,9860048758,7007914585,9.2771,0.556654,elderly
891f99cdd8bffff,891f99cddc3ffff,9860048758,6483857419,17.7827,0.030021,elderly
891f99cdd8bffff,891f99cddc7ffff,9860048758,9860451546,9.4765,0.541071,elderly
891f99cdd8bffff,891f99cddd3ffff,9860048758,4898290839,19.2442,0.003519,elderly
891f99cdd8bffff,891f99cddd7ffff,9860048758,7008251083,9.377,0.548853,elderly
891f99cdd8fffff,891f99cdd03ffff,7010792148,6547701840,16.3135,0.081517,elderly
891f99cdd8fffff,891f99cdd13ffff,7010792148,1931861768,13.7506,0.222173,elderly
891f99cdd8fffff,891f99cdd17ffff,7010792148,774074162,10.8087,0.436654,elderly
891f99cdd8fffff,891f99cdd83ffff,7010792148,6425221236,10.0391,0.496927,elderly
891f99cdd8fffff,891f99cdd87ffff,7010792148,3857356857,15.4256,0.123616,elderly
891f99cdd8fffff,891f99cdd8bffff,7010792148,9860048758,10.9511,0.425576,elderly
891f99cdd8fffff,891f99cdd8fffff,7010792148,7010792148,1.306,0.989516,elderly
891f99cdd8fffff,891f99cdd97ffff,7010792148,4456425432,19.2968,0.003047,elderly
891f99cdd8fffff,891f99cddabffff,7010792148,7279487455,18.2229,0.019354,elderly
891f99cdd8fffff,891f99cddbbffff,7010792148,2614749100,15.002,0.146338,elderly
891f99cdd8fffff,891f99cddc7ffff,7010792148,9860451546,18.4759,0.01426,elderly
891f99cdd93ffff,891f99cc367ffff,9487327105,6454118264,11.361,0.393917,elderly
891f99cdd93ffff,891f99cc377ffff,9487327105,1408208713,18.1196,0.021652,elderly
891f99cdd93ffff,891f99cdd83ffff,9487327105,6425221236,9.9078,0.507242,elderly
891f99cdd93ffff,891f99cdd87ffff,9487327105,3857356857,19.427,0.002024,elderly
891f99cdd93ffff,891f99cdd8bffff,9487327105,9860048758,18.2141,0.019544,elderly
891f99cdd93ffff,891f99cdd8fffff,9487327105,7010792148,18.5788,0.012407,elderly
891f99cdd93ffff,891f99cdd93ffff,9487327105,9487327105,0.7939,0.996117,elderly
891f99cdd93ffff,891f99cdd97ffff,9487327105,4456425432,12.3282,0.32119,elderly
891f99cdd93ffff,891f99cdd9bffff,9487327105,7007914585,14.097,0.199978,elderly
891f99cdd97ffff,891f99cce4bffff,4456425432,3217982537,12.1407,0.335017,elderly
891f99cdd97ffff,891f99cdd83ffff,4456425432,6425221236,11.2928,0.399157,elderly
891f99cdd97ffff,891f99cdd87ffff,4456425432,3857356857,13.0616,0.268702,elderly
891f99cdd97ffff,891f99cdd8fffff,4456425432,7010792148,19.274,0.003248,elderly
891f99cdd97ffff,891f99cdd93ffff,4456425432,9487327105,15.0882,0.14158,elderly
891f99cdd97ffff,891f99cdd97ffff,4456425432,4456425432,1.0366,0.993387,elderly
891f99cdd97ffff,891f99cddb3ffff,4456425432,9101589210,17.7844,0.029975,elderly
891f99cdd9bffff,891f99cc363ffff,7007914585,10893867504,19.3371,0.002709,elderly
891f99cdd9bffff,891f99cc367ffff,7007914585,6454118264,10.5063,0.460277,elderly
891f99cdd9bffff,891f99cc36fffff,7007914585,9860005625,11.3628,0.393781,elderly
891f99cdd9bffff,891f99cc377ffff,7007914585,1408208713,16.4233,0.076857,elderly
891f99cdd9bffff,891f99cdd13ffff,7007914585,1931861768,19.5765,0.001106,elderly
891f99cdd9bffff,891f99cdd83ffff,7007914585,6425221236,10.4824,0.46215,elderly
891f99cdd9bffff,891f99cdd8bffff,7007914585,9860048758,9.2387,0.559647,elderly
891f99cdd9bffff,891f99cdd8fffff,7007914585,7010792148,19.2415,0.003545,elderly
891f99cdd9bffff,891f99cdd93ffff,7007914585,9487327105,12.6074,0.300893,elderly
891f99cdd9bffff,891f99cdd97ffff,7007914585,4456425432,18.1413,0.021159,elderly
891f99cdd9bffff,891f99cdd9bffff,7007914585,7007914585,1.0558,0.993139,elderly
891f99cdd9bffff,891f99cddc3ffff,7007914585,6483857419,18.6644,0.010962,elderly
891f99cdd9bffff,891f99cddc7ffff,7007914585,9860451546,15.177,0.136756,elderly
891f99cdd9bffff,891f99cddd3ffff,7007914585,4898290839,18.3904,0.015896,elderly
891f99cdd9bffff,891f99cddd7ffff,7007914585,7008251083,10.9603,0.424864,elderly
891f99cdda3ffff,891f99ccadbffff,6567322295,2542799121,19.6584,0.000719,elderly
891f99cdda3ffff,891f99cce4bffff,6567322295,3217982537,17.4926,0.038284,elderly
891f99cdda3ffff,891f99cce4fffff,6567322295,4843310476,16.2136,0.08586,elderly
891f99cdda3ffff,891f99cce7bffff,6567322295,8992468945,17.6669,0.033204,elderly
891f99cdda3ffff,891f99cdd17ffff,6567322295,774074162,17.8647,0.027863,elderly
891f99cdda3ffff,891f99cdd33ffff,6567322295,6497354633,15.6538,0.112064,elderly
891f99cdda3ffff,891f99cdd37ffff,6567322295,9532724067,19.437,0.001954,elderly
891f99cdda3ffff,891f99cdd87ffff,6567322295,3857356857,19.643,0.000786,elderly
891f99cdda3ffff,891f99cdda3ffff,6567322295,6567322295,0.6529,0.997373,elderly
891f99cdda3ffff,891f99cdda7ffff,6567322295,8907627801,17.2679,0.045342,elderly
891f99cdda3ffff,891f99cddabffff,6567322295,7279487455,11.6913,0.368726,elderly
891f99cdda3ffff,891f99cddafffff,6567322295,4942466112,8.6916,0.602041,elderly
891f99cdda3ffff,891f99cddb3ffff,6567322295,9101589210,10.8732,0.431635,elderly
891f99cdda3ffff,891f99cddb7ffff,6567322295,9101607422,10.7513,0.44113,elderly
891f99cdda3ffff,891f99cddbbffff,6567322295,2614749100,9.9692,0.50242,elderly
891f99cdda7ffff,891f99ccac3ffff,8907627801,9534410437,15.6276,0.113364,elderly
891f99cdda7ffff,891f99ccacbffff,8907627801,9621184875,18.7839,0.009095,elderly
891f99cdda7ffff,891f99ccad3ffff,8907627801,8922362824,12.2287,0.328509,elderly
891f99cdda7ffff,891f99ccadbffff,8907627801,2542799121,12.6758,0.295979,elderly
891f99cdda7ffff,891f99cce6bffff,8907627801,3857473458,14.5437,0.172676,elderly
891f99cdda7ffff,891f99cce6fffff,8907627801,9154957419,18.5202,0.013447,elderly
891f99cdda7ffff,891f99cce7bffff,8907627801,8992468945,19.3831,0.002346,elderly
891f99cdda7ffff,891f99cdda3ffff,8907627801,6567322295,17.7298,0.031457,elderly
891f99cdda7ffff,891f99cdda7ffff,8907627801,8907627801,0.3746,0.999134,elderly
891f99cdda7ffff,891f99cddafffff,8907627801,4942466112,12.6532,0.2976,elderly
891f99cdda7ffff,891f99cddb7ffff,8907627801,9101607422,16.1307,0.089544,elderly
891f99cddabffff,891f99cdd03ffff,7279487455,6547701840,19.6476,0.000766,elderly
891f99cddabffff,891f99cdd07ffff,7279487455,1889761004,10.9536,0.425382,elderly
891f99cddabffff,891f99cdd17ffff,7279487455,774074162,10.488,0.461707,elderly
891f99cddabffff,891f99cdd23ffff,7279487455,6490328116,19.4471,0.001884,elderly
891f99cddabffff,891f99cdd33ffff,7279487455,6497354633,11.7354,0.36538,elderly
891f99cddabffff,891f99cdda3ffff,7279487455,6567322295,14.4062,0.180915,elderly
891f99cddabffff,891f99cddabffff,7279487455,7279487455,0.3105,0.999405,elderly
891f99cddabffff,891f99cddafffff,7279487455,4942466112,12.8787,0.281536,elderly
891f99cddabffff,891f99cddbbffff,7279487455,2614749100,9.4171,0.545713,elderly
891f99cddafffff,891f99ccac3ffff,4942466112,9534410437,19.5658,0.001163,elderly
891f99cddafffff,891f99ccacbffff,4942466112,9621184875,14.371,0.183045,elderly
891f99cddafffff,891f99ccad3ffff,4942466112,8922362824,16.9495,0.05631,elderly
891f99cddafffff,891f99ccadbffff,4942466112,2542799121,13.533,0.236548,elderly
891f99cddafffff,891f99cce6bffff,4942466112,3857473458,19.1968,0.003974,elderly
891f99cddafffff,891f99cdd07ffff,4942466112,1889761004,17.6381,0.034018,elderly
891f99cddafffff,891f99cdd17ffff,4942466112,774074162,19.931,2.9e-05,elderly
891f99cddafffff,891f99cdd23ffff,4942466112,6490328116,15.2184,0.134526,elderly
891f99cddafffff,891f99cdd27ffff,4942466112,6792684819,16.9474,0.056387,elderly
891f99cddafffff,891f99cdd33ffff,4942466112,6497354633,9.427,0.544941,elderly
891f99cddafffff,891f99cdd37ffff,4942466112,9532724067,13.2504,0.255663,elderly
891f99cddafffff,891f99cdda3ffff,4942466112,6567322295,10.1328,0.489571,elderly
891f99cddafffff,891f99cdda7ffff,4942466112,8907627801,11.7744,0.36244,elderly
891f99cddafffff,891f99cddabffff,4942466112,7279487455,11.5266,0.381243,elderly
891f99cddafffff,891f99cddafffff,4942466112,4942466112,0.2939,0.999467,elderly
891f99cddafffff,891f99cddb7ffff,4942466112,9101607422,18.6332,0.011479,elderly
891f99cddafffff,891f99cddbbffff,4942466112,2614749100,14.5083,0.174783,elderly
891f99cddb3ffff,891f99cce4bffff,9101589210,3217982537,9.8472,0.511996,elderly
891f99cddb3ffff,891f99cce4fffff,9101589210,4843310476,11.8855,0.354071,elderly
891f99cddb3ffff,891f99cce7bffff,9101589210,8992468945,19.711,0.000515,elderly
891f99cddb3ffff,891f99cdd87ffff,9101589210,3857356857,13.4769,0.240299,elderly
891f99cddb3ffff,891f99cdd8fffff,9101589210,7010792148,19.9268,3.3e-05,elderly
891f99cddb3ffff,891f99cdd97ffff,9101589210,4456425432,15.6289,0.113301,elderly
891f99cddb3ffff,891f99cdda3ffff,9101589210,6567322295,10.272,0.478641,elderly
891f99cddb3ffff,891f99cddabffff,9101589210,7279487455,17.8832,0.027387,elderly
891f99cddb3ffff,891f99cddafffff,9101589210,4942466112,18.3108,0.017499,elderly
891f99cddb3ffff,891f99cddb3ffff,9101589210,9101589210,1.3508,0.988787,elderly
891f99cddb3ffff,891f99cddb7ffff,9101589210,9101607422,12.2711,0.325388,elderly
891f99cddb3ffff,891f99cddbbffff,9101589210,2614749100,13.6029,0.231897,elderly
891f99cddb7ffff,891f99ccad3ffff,9101607422,8922362824,18.5265,0.013333,elderly
891f99cddb7ffff,891f99cce4bffff,9101607422,3217982537,15.5528,0.117116,elderly
891f99cddb7ffff,891f99cce4fffff,9101607422,4843310476,9.1691,0.565074,elderly
891f99cddb7ffff,891f99cce6bffff,9101607422,3857473458,13.1383,0.263382,elderly
891f99cddb7ffff,891f99cce7bffff,9101607422,8992468945,9.0881,0.571376,elderly
891f99cddb7ffff,891f99cdda3ffff,9101607422,6567322295,12.7169,0.293033,elderly
891f99cddb7ffff,891f99cdda7ffff,9101607422,8907627801,15.5749,0.116003,elderly
891f99cddb7ffff,891f99cddafffff,9101607422,4942466112,19.2904,0.003103,elderly
891f99cddb7ffff,891f99cddb3ffff,9101607422,9101589210,13.7022,0.225346,elderly
891f99cddb7ffff,891f99cddb7ffff,9101607422,9101607422,0.8064,0.995994,elderly
891f99cddb7ffff,891f99cddbbffff,9101607422,2614749100,18.9621,0.00663,elderly
891f99cddbbffff,891f99cdd07ffff,2614749100,1889761004,19.0022,0.006129,elderly
891f99cddbbffff,891f99cdd17ffff,2614749100,774074162,11.8496,0.356765,elderly
891f99cddbbffff,891f99cdd33ffff,2614749100,6497354633,17.7483,0.03095,elderly
891f99cddbbffff,891f99cdd83ffff,2614749100,6425221236,19.4536,0.00184,elderly
891f99cddbbffff,891f99cdd87ffff,2614749100,3857356857,16.6744,0.066686,elderly
891f99cddbbffff,891f99cdd8fffff,2614749100,7010792148,17.7842,0.029982,elderly
891f99cddbbffff,891f99cdda3ffff,2614749100,6567322295,12.5626,0.304123,elderly
891f99cddbbffff,891f99cddabffff,2614749100,7279487455,8.3591,0.627456,elderly
891f99cddbbffff,891f99cddafffff,2614749100,4942466112,15.5572,0.116897,elderly
891f99cddbbffff,891f99cddb3ffff,2614749100,9101589210,16.2946,0.082331,elderly
891f99cddbbffff,891f99cddb7ffff,2614749100,9101607422,18.4855,0.014082,elderly
891f99cddbbffff,891f99cddbbffff,2614749100,2614749100,0.4264,0.998879,elderly
891f99cddc3ffff,891f99cc36fffff,6483857419,9860005625,15.8183,0.104045,elderly
891f99cddc3ffff,891f99cdc27ffff,6483857419,4889789431,18.8253,0.008488,elderly
891f99cddc3ffff,891f99cdc37ffff,6483857419,8177904261,19.7271,0.000459,elderly
891f99cddc3ffff,891f99cdca7ffff,6483857419,31508518,15.8228,0.103825,elderly
891f99cddc3ffff,891f99cdcafffff,6483857419,395251657,19.1345,0.004613,elderly
891f99cddc3ffff,891f99cdd53ffff,6483857419,792050821,15.6215,0.113667,elderly
891f99cddc3ffff,891f99cdd57ffff,6483857419,12006473820,19.4631,0.001777,elderly
891f99cddc3ffff,891f99cdd8bffff,6483857419,9860048758,18.648,0.011233,elderly
891f99cddc3ffff,891f99cddc3ffff,6483857419,6483857419,0.2872,0.999491,elderly
891f99cddc3ffff,891f99cddc7ffff,6483857419,9860451546,9.7808,0.517213,elderly
891f99cddc3ffff,891f99cddcbffff,6483857419,4660007270,12.0787,0.339625,elderly
891f99cddc3ffff,891f99cddcfffff,6483857419,8428297023,13.8312,0.216936,elderly
891f99cddc3ffff,891f99cddd3ffff,6483857419,4898290839,7.9624,0.657311,elderly
891f99cddc3ffff,891f99cddd7ffff,6483857419,7008251083,11.4795,0.384842,elderly
891f99cddc3ffff,891f99cdddbffff,6483857419,31508111,12.1086,0.337402,elderly
891f99cddc7ffff,891f99cc36fffff,9860451546,9860005625,17.9734,0.025122,elderly
891f99cddc7ffff,891f99cdd03ffff,9860451546,6547701840,19.2664,0.003316,elderly
891f99cddc7ffff,891f99cdd13ffff,9860451546,1931861768,12.9732,0.27488,elderly
891f99cddc7ffff,891f99cdd57ffff,9860451546,12006473820,17.7691,0.030387,elderly
891f99cddc7ffff,891f99cdd83ffff,9860451546,6425221236,18.8659,0.007912,elderly
891f99cddc7ffff,891f99cdd8bffff,9860451546,9860048758,9.8412,0.512468,elderly
891f99cddc7ffff,891f99cdd8fffff,9860451546,7010792148,19.8439,0.00015,elderly
891f99cddc7ffff,891f99cdd9bffff,9860451546,7007914585,14.9965,0.146642,elderly
891f99cddc7ffff,891f99cddc3ffff,9860451546,6483857419,9.6139,0.530304,elderly
891f99cddc7ffff,891f99cddc7ffff,9860451546,9860451546,0.7396,0.99663,elderly
891f99cddc7ffff,891f99cddcbffff,9860451546,4660007270,19.894,6.9e-05,elderly
891f99cddc7ffff,891f99cddcfffff,9860451546,8428297023,15.0441,0.144006,elderly
891f99cddc7ffff,891f99cddd3ffff,9860451546,4898290839,16.4995,0.073702,elderly
891f99cddc7ffff,891f99cddd7ffff,9860451546,7008251083,10.7455,0.441579,elderly
891f99cddcbffff,891f99cdc23ffff,4660007270,6425661261,17.7603,0.030625,elderly
891f99cddcbffff,891f99cdc27ffff,4660007270,4889789431,10.6316,0.450477,elderly
891f99cddcbffff,891f99cdc37ffff,4660007270,8177904261,10.7298,0.442806,elderly
891f99cddcbffff,891f99cdca7ffff,4660007270,31508518,14.7371,0.161346,elderly
891f99cddcbffff,891f99cdcafffff,4660007270,395251657,16.3799,0.078685,elderly
891f99cddcbffff,891f99cdd43ffff,4660007270,4912632765,18.7403,0.009757,elderly
891f99cddcbffff,891f99cdd53ffff,4660007270,792050821,11.9791,0.347056,elderly
891f99cddcbffff,891f99cdd57ffff,4660007270,12006473820,16.9852,0.055026,elderly
891f99cddcbffff,891f99cdd5bffff,4660007270,7019773672,17.5318,0.037111,elderly
891f99cddcbffff,891f99cddc3ffff,4660007270,6483857419,10.7659,0.43999,elderly
891f99cddcbffff,891f99cddc7ffff,4660007270,9860451546,18.7039,0.010327,elderly
891f99cddcbffff,891f99cddcbffff,4660007270,4660007270,0.4837,0.998557,elderly
891f99cddcbffff,891f99cddcfffff,4660007270,8428297023,12.3113,0.322436,elderly
891f99cddcbffff,891f99cddd3ffff,4660007270,4898290839,14.6816,0.164563,elderly
891f99cddcbffff,891f99cdddbffff,4660007270,31508111,8.9049,0.585585,elderly
891f99cddcfffff,891f99cdc27ffff,8428297023,4889789431,15.817,0.104107,elderly
891f99cddcfffff,891f99cdc37ffff,8428297023,8177904261,19.4697,0.001734,elderly
891f99cddcfffff,891f99cdd0bffff,8428297023,13289798704,18.3604,0.016492,elderly
891f99cddcfffff,891f99cdd1bffff,8428297023,1295220984,14.969,0.148173,elderly
891f99cddcfffff,891f99cdd43ffff,8428297023,4912632765,15.6692,0.111302,elderly
891f99cddcfffff,891f99cdd47ffff,8428297023,9487098556,15.6629,0.111612,elderly
891f99cddcfffff,891f99cdd53ffff,8428297023,792050821,10.1671,0.486881,elderly
891f99cddcfffff,891f99cdd57ffff,8428297023,12006473820,7.9539,0.657948,elderly
891f99cddcfffff,891f99cddc3ffff,8428297023,6483857419,11.6425,0.372424,elderly
891f99cddcfffff,891f99cddc7ffff,8428297023,9860451546,11.9703,0.347714,elderly
891f99cddcfffff,891f99cddcbffff,8428297023,4660007270,10.2059,0.483828,elderly
891f99cddcfffff,891f99cddcfffff,8428297023,8428297023,1.8536,0.978954,elderly
891f99cddcfffff,891f99cddd3ffff,8428297023,4898290839,19.3177,0.002869,elderly
891f99cddcfffff,891f99cddd7ffff,8428297023,7008251083,18.7789,0.00917,elderly
891f99cddcfffff,891f99cdddbffff,8428297023,31508111,17.5289,0.037197,elderly
891f99cddd3ffff,891f99cc36bffff,4898290839,31774655,17.755,0.030769,elderly
891f99cddd3ffff,891f99cc36fffff,4898290839,9860005625,13.4743,0.240474,elderly
891f99cddd3ffff,891f99cdca7ffff,4898290839,31508518,13.0677,0.26828,elderly
891f99cddd3ffff,891f99cdcafffff,4898290839,395251657,18.107,0.021943,elderly
891f99cddd3ffff,891f99cddc3ffff,4898290839,6483857419,9.6328,0.52882,elderly
891f99cddd3ffff,891f99cddc7ffff,4898290839,9860451546,17.229,0.046621,elderly
891f99cddd3ffff,891f99cddcbffff,4898290839,4660007270,17.8942,0.027105,elderly
891f99cddd3ffff,891f99cddd3ffff,4898290839,4898290839,1.135,0.992074,elderly
891f99cddd3ffff,891f99cddd7ffff,4898290839,7008251083,13.2286,0.25716,elderly
891f99cddd3ffff,891f99cdddbffff,4898290839,31508111,13.0105,0.272272,elderly
891f99cddd7ffff,891f99cc367ffff,7008251083,6454118264,17.0274,0.053525,elderly
891f99cddd7ffff,891f99cc36fffff,7008251083,9860005625,8.2554,0.635312,elderly
891f99cddd7ffff,891f99cc377ffff,7008251083,1408208713,19.9176,4.2e-05,elderly
891f99cddd7ffff,891f99cdd13ffff,7008251083,1931861768,15.9867,0.096106,elderly
891f99cddd7ffff,891f99cdd83ffff,7008251083,6425221236,16.3186,0.081294,elderly
891f99cddd7ffff,891f99cdd8bffff,7008251083,9860048758,10.2183,0.48286,elderly
891f99cddd7ffff,891f99cdd9bffff,7008251083,7007914585,11.0894,0.414856,elderly
891f99cddd7ffff,891f99cddc3ffff,7008251083,6483857419,11.0655,0.416708,elderly
891f99cddd7ffff,891f99cddc7ffff,7008251083,9860451546,10.0002,0.499983,elderly
891f99cddd7ffff,891f99cddd3ffff,7008251083,4898290839,10.7914,0.438001,elderly
891f99cddd7ffff,891f99cddd7ffff,7008251083,7008251083,0.9184,0.994806,elderly
891f99cdddbffff,891f99cdc37ffff,31508111,8177904261,10.784,0.438578,elderly
891f99cdddbffff,891f99cdca3ffff,31508111,9212595025,18.1176,0.021699,elderly
891f99cdddbffff,891f99cdca7ffff,31508111,31508518,6.7604,0.743601,elderly
891f99cdddbffff,891f99cdcafffff,31508111,395251657,10.072,0.494343,elderly
891f99cdddbffff,891f99cdcb7ffff,31508111,6451403576,19.651,0.000751,elderly
891f99cdddbffff,891f99cddc3ffff,31508111,6483857419,12.017,0.344223,elderly
891f99cdddbffff,891f99cddcbffff,31508111,4660007270,10.6072,0.452381,elderly
891f99cdddbffff,891f99cddd3ffff,31508111,4898290839,11.9539,0.348942,elderly
891f99cdddbffff,891f99cdddbffff,31508111,31508111,0.9282,0.994695,elderly
891f99cde27ffff,891f99cd853ffff,307663800,4366230372,15.8474,0.10265,elderly
891f99cde27ffff,891f99cd85bffff,307663800,2781457861,11.1443,0.410613,elderly
891f99cde27ffff,891f99cd8c3ffff,307663800,10095613635,19.457,0.001818,elderly
891f99cde27ffff,891f99cd8cbffff,307663800,2037315642,9.6882,0.524482,elderly
891f99cde27ffff,891f99cd8cfffff,307663800,12843979122,17.6413,0.033928,elderly
891f99cde27ffff,891f99cde27ffff,307663800,307663800,0.5734,0.997973,elderly
891f99cde27ffff,891f99cde37ffff,307663800,232890306,11.319,0.397148,elderly
891f99cde37ffff,891f99cd853ffff,232890306,4366230372,19.7161,0.000497,elderly
891f99cde37ffff,891f99cd85bffff,232890306,2781457861,15.7803,0.10587,elderly
891f99cde37ffff,891f99cd8c3ffff,232890306,10095613635,16.4533,0.075609,elderly
891f99cde37ffff,891f99cd8cbffff,232890306,2037315642,6.6844,0.748791,elderly
891f99cde37ffff,891f99cd8cfffff,232890306,12843979122,18.6863,0.010607,elderly
891f99cde37ffff,891f99cde27ffff,232890306,307663800,9.4898,0.54003,elderly
891f99cde37ffff,891f99cde37ffff,232890306,232890306,5.9139,0.799334,elderly
