source_h3_id,target_h3_id,source_node_id,target_node_id,time_min,alpha_20,profile_key
892f5a36053ffff,892f5a36053ffff,1304352680,1304352680,2.6158,0.958382,athlete
892f5a36053ffff,892f5a3605bffff,1304352680,2321419350,7.6108,0.683276,athlete
892f5a36053ffff,892f5a36283ffff,1304352680,1143784300,17.7628,0.030558,athlete
892f5a36053ffff,892f5a36293ffff,1304352680,2201592550,13.6681,0.227588,athlete
892f5a36053ffff,892f5a36297ffff,1304352680,1304643745,13.6052,0.231745,athlete
892f5a36053ffff,892f5a3629bffff,1304352680,1304643617,19.1832,0.00411,athlete
892f5a36053ffff,892f5a36607ffff,1304352680,1304352847,18.9081,0.007336,athlete
892f5a36053ffff,892f5a36623ffff,1304352680,1075380045,9.763,0.518609,athlete
892f5a36053ffff,892f5a36627ffff,1304352680,2862866543,4.5757,0.876315,athlete
892f5a36053ffff,892f5a3662bffff,1304352680,1304351798,12.8447,0.283939,athlete
892f5a36053ffff,892f5a3662fffff,1304352680,380476702,8.3982,0.624485,athlete
892f5a36053ffff,892f5a36633ffff,1304352680,1075380077,13.779,0.220322,athlete
892f5a36053ffff,892f5a36637ffff,1304352680,2321360661,10.3576,0.471932,athlete
892f5a36053ffff,892f5a3663bffff,1304352680,12438051358,15.6843,0.110556,athlete
892f5a36053ffff,892f5a36667ffff,1304352680,1304352208,16.2458,0.084447,athlete
892f5a36053ffff,892f5a36677ffff,1304352680,318826498,17.8359,0.028612,athlete
892f5a3605bffff,892f5a36053ffff,2321419350,1304352680,7.8274,0.667342,athlete
892f5a3605bffff,892f5a3605bffff,2321419350,2321419350,0.7867,0.996187,athlete
892f5a3605bffff,892f5a36283ffff,2321419350,1143784300,12.2742,0.325163,athlete
892f5a3605bffff,892f5a3628bffff,2321419350,1239449262,16.581,0.070392,athlete
892f5a3605bffff,892f5a3628fffff,2321419350,1304643606,15.5072,0.119432,athlete
892f5a3605bffff,892f5a36293ffff,2321419350,2201592550,8.6006,0.609023,athlete
892f5a3605bffff,892f5a36297ffff,2321419350,1304643745,7.8235,0.667632,athlete
892f5a3605bffff,892f5a3629bffff,2321419350,1304643617,14.1157,0.198803,athlete
892f5a3605bffff,892f5a362d7ffff,2321419350,1239449343,19.2045,0.003899,athlete
892f5a3605bffff,892f5a36607ffff,2321419350,1304352847,17.1232,0.050187,athlete
892f5a3605bffff,892f5a3660fffff,2321419350,1658720563,19.6024,0.000975,athlete
892f5a3605bffff,892f5a36623ffff,2321419350,1075380045,7.9781,0.656141,athlete
892f5a3605bffff,892f5a36627ffff,2321419350,2862866543,5.1438,0.845477,athlete
892f5a3605bffff,892f5a3662bffff,2321419350,1304351798,10.6605,0.448214,athlete
892f5a3605bffff,892f5a3662fffff,2321419350,380476702,4.5045,0.879976,athlete
892f5a3605bffff,892f5a36633ffff,2321419350,1075380077,11.9941,0.345929,athlete
892f5a3605bffff,892f5a36637ffff,2321419350,2321360661,8.5914,0.609732,athlete
892f5a3605bffff,892f5a3663bffff,2321419350,12438051358,13.5804,0.233388,athlete
892f5a3605bffff,892f5a36663ffff,2321419350,318826549,17.3579,0.042445,athlete
892f5a3605bffff,892f5a36667ffff,2321419350,1304352208,11.2109,0.405472,athlete
892f5a3605bffff,892f5a3666bffff,2321419350,2199562412,19.541,0.001299,athlete
892f5a3605bffff,892f5a36673ffff,2321419350,861244781,19.1203,0.004766,athlete
892f5a3605bffff,892f5a36677ffff,2321419350,318826498,14.1576,0.196187,athlete
892f5a36213ffff,892f5a36213ffff,1239443735,1239443735,1.0008,0.993834,athlete
892f5a36213ffff,892f5a3621bffff,1239443735,7878186387,6.7177,0.746519,athlete
892f5a36213ffff,892f5a36243ffff,1239443735,822683298,16.2136,0.08586,athlete
892f5a36213ffff,892f5a36247ffff,1239443735,1942852414,17.9256,0.02631,athlete
892f5a36213ffff,892f5a36253ffff,1239443735,11512438978,13.6563,0.228365,athlete
892f5a36213ffff,892f5a36257ffff,1239443735,563748914,12.1227,0.336356,athlete
892f5a36213ffff,892f5a3625bffff,1239443735,764851982,17.9779,0.025011,athlete
892f5a36213ffff,892f5a36283ffff,1239443735,1143784300,11.2655,0.401259,athlete
892f5a36213ffff,892f5a3628bffff,1239443735,1239449262,5.7712,0.808237,athlete
892f5a36213ffff,892f5a3628fffff,1239443735,1304643606,8.2166,0.638241,athlete
892f5a36213ffff,892f5a36293ffff,1239443735,2201592550,14.5901,0.169925,athlete
892f5a36213ffff,892f5a36297ffff,1239443735,1304643745,16.4179,0.077086,athlete
892f5a36213ffff,892f5a3629bffff,1239443735,1304643617,9.9784,0.501699,athlete
892f5a36213ffff,892f5a362c3ffff,1239443735,7946433661,10.3608,0.471679,athlete
892f5a36213ffff,892f5a362c7ffff,1239443735,896901457,5.0035,0.853356,athlete
892f5a36213ffff,892f5a362cbffff,1239443735,472359869,11.6691,0.370408,athlete
892f5a36213ffff,892f5a362cfffff,1239443735,2095799546,9.517,0.537898,athlete
892f5a36213ffff,892f5a362d3ffff,1239443735,471978645,13.1343,0.263656,athlete
892f5a36213ffff,892f5a362d7ffff,1239443735,1239449343,8.7618,0.596638,athlete
892f5a36213ffff,892f5a362dbffff,1239443735,471978558,15.1024,0.140805,athlete
892f5a36213ffff,892f5a36667ffff,1239443735,1304352208,17.5223,0.037394,athlete
892f5a36213ffff,892f5a3666bffff,1239443735,2199562412,19.7568,0.000365,athlete
892f5a36213ffff,892f5a37527ffff,1239443735,9602267747,15.9195,0.099241,athlete
892f5a36213ffff,892f5a3752fffff,1239443735,10293242124,19.5382,0.001315,athlete
892f5a36213ffff,892f5a37537ffff,1239443735,5495728727,16.9769,0.055323,athlete
892f5a3621bffff,892f5a36213ffff,7878186387,1239443735,7.3364,0.703152,athlete
892f5a3621bffff,892f5a3621bffff,7878186387,7878186387,0.1312,0.999894,athlete
892f5a3621bffff,892f5a36243ffff,7878186387,822683298,11.5146,0.382163,athlete
892f5a3621bffff,892f5a36247ffff,7878186387,1942852414,11.7421,0.36488,athlete
892f5a3621bffff,892f5a3624bffff,7878186387,1107512343,18.6378,0.011403,athlete
892f5a3621bffff,892f5a3624fffff,7878186387,1800595808,15.5197,0.118795,athlete
892f5a3621bffff,892f5a36253ffff,7878186387,11512438978,10.1933,0.484822,athlete
892f5a3621bffff,892f5a36257ffff,7878186387,563748914,6.0602,0.790053,athlete
892f5a3621bffff,892f5a3625bffff,7878186387,764851982,14.5149,0.174386,athlete
892f5a3621bffff,892f5a36283ffff,7878186387,1143784300,15.222,0.134333,athlete
892f5a3621bffff,892f5a3628bffff,7878186387,1239449262,9.7277,0.521378,athlete
892f5a3621bffff,892f5a3628fffff,7878186387,1304643606,12.1731,0.332617,athlete
892f5a3621bffff,892f5a36293ffff,7878186387,2201592550,18.5467,0.012973,athlete
892f5a3621bffff,892f5a3629bffff,7878186387,1304643617,12.8742,0.281849,athlete
892f5a3621bffff,892f5a362c3ffff,7878186387,7946433661,9.1454,0.566918,athlete
892f5a3621bffff,892f5a362c7ffff,7878186387,896901457,4.9163,0.858169,athlete
892f5a3621bffff,892f5a362cbffff,7878186387,472359869,10.4537,0.464398,athlete
892f5a3621bffff,892f5a362cfffff,7878186387,2095799546,7.7957,0.669686,athlete
892f5a3621bffff,892f5a362d3ffff,7878186387,471978645,12.9084,0.27944,athlete
892f5a3621bffff,892f5a362d7ffff,7878186387,1239449343,10.0144,0.49887,athlete
892f5a3621bffff,892f5a362dbffff,7878186387,471978558,13.887,0.213332,athlete
892f5a3621bffff,892f5a3666bffff,7878186387,2199562412,19.5452,0.001275,athlete
892f5a3621bffff,892f5a37197ffff,7878186387,839607167,18.3189,0.017332,athlete
892f5a3621bffff,892f5a37527ffff,7878186387,9602267747,12.4565,0.311821,athlete
892f5a3621bffff,892f5a3752fffff,7878186387,10293242124,16.0752,0.092049,athlete
892f5a3621bffff,892f5a37537ffff,7878186387,5495728727,15.7615,0.106782,athlete
892f5a3621bffff,892f5a375a7ffff,7878186387,2327217335,18.8943,0.007522,athlete
892f5a3621bffff,892f5a375afffff,7878186387,5506743143,18.8398,0.00828,athlete
892f5a36243ffff,892f5a36213ffff,822683298,1239443735,17.4064,0.040924,athlete
892f5a36243ffff,892f5a3621bffff,822683298,7878186387,11.8146,0.359404,athlete
892f5a36243ffff,892f5a36243ffff,822683298,822683298,0.5316,0.998258,athlete
892f5a36243ffff,892f5a36247ffff,822683298,1942852414,5.4778,0.826048,athlete
892f5a36243ffff,892f5a3624bffff,822683298,1107512343,9.2761,0.556729,athlete
892f5a36243ffff,892f5a3624fffff,822683298,1800595808,6.0743,0.789151,athlete
892f5a36243ffff,892f5a36253ffff,822683298,11512438978,7.3141,0.70475,athlete
892f5a36243ffff,892f5a36257ffff,822683298,563748914,6.3771,0.769429,athlete
892f5a36243ffff,892f5a3625bffff,822683298,764851982,6.3323,0.772388,athlete
892f5a36243ffff,892f5a3628bffff,822683298,1239449262,19.7892,0.000274,athlete
892f5a36243ffff,892f5a362c3ffff,822683298,7946433661,15.4669,0.121489,athlete
892f5a36243ffff,892f5a362c7ffff,822683298,896901457,13.9355,0.210224,athlete
892f5a36243ffff,892f5a362cbffff,822683298,472359869,11.2475,0.402649,athlete
892f5a36243ffff,892f5a362cfffff,822683298,2095799546,9.3191,0.553375,athlete
892f5a36243ffff,892f5a362d3ffff,822683298,471978645,19.2299,0.003654,athlete
892f5a36243ffff,892f5a362d7ffff,822683298,1239449343,18.5136,0.013567,athlete
892f5a36243ffff,892f5a362dbffff,822683298,471978558,17.5158,0.037586,athlete
892f5a36243ffff,892f5a37183ffff,822683298,771032173,14.9333,0.15017,athlete
892f5a36243ffff,892f5a37187ffff,822683298,798894742,11.852,0.356589,athlete
892f5a36243ffff,892f5a3718bffff,822683298,666930532,19.0231,0.005875,athlete
892f5a36243ffff,892f5a3718fffff,822683298,6451601256,16.9034,0.057994,athlete
892f5a36243ffff,892f5a37193ffff,822683298,7865126998,14.3783,0.182601,athlete
892f5a36243ffff,892f5a37197ffff,822683298,839607167,10.0551,0.495674,athlete
892f5a36243ffff,892f5a3719bffff,822683298,1942852587,17.9874,0.024779,athlete
892f5a36243ffff,892f5a371b3ffff,822683298,659292988,11.6013,0.375553,athlete
892f5a36243ffff,892f5a371bbffff,822683298,2569654976,15.7659,0.10657,athlete
892f5a36243ffff,892f5a37527ffff,822683298,9602267747,10.3324,0.473904,athlete
892f5a36243ffff,892f5a3752bffff,822683298,472360457,14.6647,0.16555,athlete
892f5a36243ffff,892f5a3752fffff,822683298,10293242124,10.1373,0.489219,athlete
892f5a36243ffff,892f5a37537ffff,822683298,5495728727,17.4807,0.038642,athlete
892f5a36243ffff,892f5a3753bffff,822683298,1094547495,18.427,0.015186,athlete
892f5a36243ffff,892f5a37567ffff,822683298,2865895571,19.372,0.002431,athlete
892f5a36247ffff,892f5a36213ffff,1942852414,1239443735,17.9069,0.026782,athlete
892f5a36247ffff,892f5a3621bffff,1942852414,7878186387,12.2988,0.323353,athlete
892f5a36247ffff,892f5a36243ffff,1942852414,822683298,4.7671,0.866249,athlete
892f5a36247ffff,892f5a36247ffff,1942852414,1942852414,2.7934,0.952635,athlete
892f5a36247ffff,892f5a3624bffff,1942852414,1107512343,10.9522,0.425492,athlete
892f5a36247ffff,892f5a3624fffff,1942852414,1800595808,7.7504,0.67303,athlete
892f5a36247ffff,892f5a36253ffff,1942852414,11512438978,9.3205,0.553266,athlete
892f5a36247ffff,892f5a36257ffff,1942852414,563748914,6.5806,0.755828,athlete
892f5a36247ffff,892f5a3625bffff,1942852414,764851982,10.1119,0.491215,athlete
892f5a36247ffff,892f5a362c3ffff,1942852414,7946433661,17.0243,0.053632,athlete
892f5a36247ffff,892f5a362c7ffff,1942852414,896901457,15.319,0.129179,athlete
892f5a36247ffff,892f5a362cbffff,1942852414,472359869,13.2539,0.255421,athlete
892f5a36247ffff,892f5a362cfffff,1942852414,2095799546,10.8765,0.431376,athlete
892f5a36247ffff,892f5a362dbffff,1942852414,471978558,19.4544,0.001835,athlete
892f5a36247ffff,892f5a37183ffff,1942852414,771032173,18.794,0.008944,athlete
892f5a36247ffff,892f5a37187ffff,1942852414,798894742,15.3179,0.129239,athlete
892f5a36247ffff,892f5a37193ffff,1942852414,7865126998,17.228,0.046656,athlete
892f5a36247ffff,892f5a37197ffff,1942852414,839607167,13.9158,0.211482,athlete
892f5a36247ffff,892f5a371b3ffff,1942852414,659292988,13.2774,0.253813,athlete
892f5a36247ffff,892f5a371bbffff,1942852414,2569654976,17.442,0.039824,athlete
892f5a36247ffff,892f5a37527ffff,1942852414,9602267747,12.3388,0.320412,athlete
892f5a36247ffff,892f5a3752bffff,1942852414,472360457,17.3717,0.04201,athlete
892f5a36247ffff,892f5a3752fffff,1942852414,10293242124,12.8443,0.283969,athlete
892f5a36247ffff,892f5a37537ffff,1942852414,5495728727,19.4872,0.001621,athlete
892f5a3624bffff,892f5a3621bffff,1107512343,7878186387,18.3784,0.016133,athlete
892f5a3624bffff,892f5a36243ffff,1107512343,822683298,8.4554,0.620127,athlete
892f5a3624bffff,892f5a36247ffff,1107512343,1942852414,10.2107,0.483453,athlete
892f5a3624bffff,892f5a3624bffff,1107512343,1107512343,0.5822,0.997911,athlete
892f5a3624bffff,892f5a3624fffff,1107512343,1800595808,6.7695,0.74297,athlete
892f5a3624bffff,892f5a36253ffff,1107512343,11512438978,10.9384,0.426568,athlete
892f5a3624bffff,892f5a36257ffff,1107512343,563748914,12.6603,0.297089,athlete
892f5a3624bffff,892f5a3625bffff,1107512343,764851982,5.9668,0.796001,athlete
892f5a3624bffff,892f5a362c7ffff,1107512343,896901457,19.2872,0.003131,athlete
892f5a3624bffff,892f5a362cbffff,1107512343,472359869,14.8718,0.153639,athlete
892f5a3624bffff,892f5a362cfffff,1107512343,2095799546,14.3956,0.181555,athlete
892f5a3624bffff,892f5a37107ffff,1107512343,8514517700,19.1129,0.004847,athlete
892f5a3624bffff,892f5a37113ffff,1107512343,1822152487,14.9785,0.147645,athlete
892f5a3624bffff,892f5a37117ffff,1107512343,11109216130,16.2427,0.084586,athlete
892f5a3624bffff,892f5a37183ffff,1107512343,771032173,9.8154,0.5145,athlete
892f5a3624bffff,892f5a37187ffff,1107512343,798894742,5.7954,0.806738,athlete
892f5a3624bffff,892f5a3718bffff,1107512343,666930532,13.9052,0.212164,athlete
892f5a3624bffff,892f5a3718fffff,1107512343,6451601256,10.5679,0.455456,athlete
892f5a3624bffff,892f5a37193ffff,1107512343,7865126998,11.1566,0.409662,athlete
892f5a3624bffff,892f5a37197ffff,1107512343,839607167,8.2524,0.635543,athlete
892f5a3624bffff,892f5a3719bffff,1107512343,1942852587,13.4899,0.239428,athlete
892f5a3624bffff,892f5a371abffff,1107512343,695327660,16.5405,0.072028,athlete
892f5a3624bffff,892f5a371b3ffff,1107512343,659292988,5.1412,0.845624,athlete
892f5a3624bffff,892f5a371bbffff,1107512343,2569654976,9.3058,0.554416,athlete
892f5a3624bffff,892f5a371c7ffff,1107512343,6383742435,18.1976,0.019906,athlete
892f5a3624bffff,892f5a371d7ffff,1107512343,1127244247,18.0572,0.023103,athlete
892f5a3624bffff,892f5a37527ffff,1107512343,9602267747,11.5922,0.376248,athlete
892f5a3624bffff,892f5a3752bffff,1107512343,472360457,14.5808,0.170474,athlete
892f5a3624bffff,892f5a3752fffff,1107512343,10293242124,10.0534,0.495803,athlete
892f5a3624bffff,892f5a37537ffff,1107512343,5495728727,19.4664,0.001755,athlete
892f5a3624bffff,892f5a3753bffff,1107512343,1094547495,18.3432,0.016838,athlete
892f5a3624bffff,892f5a37567ffff,1107512343,2865895571,15.7984,0.104998,athlete
892f5a3624bffff,892f5a3756fffff,1107512343,1127244105,18.7804,0.009147,athlete
892f5a3624fffff,892f5a3621bffff,1800595808,7878186387,14.9561,0.148894,athlete
892f5a3624fffff,892f5a36243ffff,1800595808,822683298,5.033,0.851713,athlete
892f5a3624fffff,892f5a36247ffff,1800595808,1942852414,6.7884,0.741675,athlete
892f5a3624fffff,892f5a3624bffff,1800595808,1107512343,6.5537,0.757647,athlete
892f5a3624fffff,892f5a3624fffff,1800595808,1800595808,1.7481,0.981269,athlete
892f5a3624fffff,892f5a36253ffff,1800595808,11512438978,11.6198,0.374152,athlete
892f5a3624fffff,892f5a36257ffff,1800595808,563748914,9.238,0.559708,athlete
892f5a3624fffff,892f5a3625bffff,1800595808,764851982,7.2855,0.706796,athlete
892f5a3624fffff,892f5a362c3ffff,1800595808,7946433661,19.6817,0.000625,athlete
892f5a3624fffff,892f5a362c7ffff,1800595808,896901457,17.9764,0.025049,athlete
892f5a3624fffff,892f5a362cbffff,1800595808,472359869,15.5532,0.117098,athlete
892f5a3624fffff,892f5a362cfffff,1800595808,2095799546,13.5338,0.236488,athlete
892f5a3624fffff,892f5a37183ffff,1800595808,771032173,14.9278,0.150477,athlete
892f5a3624fffff,892f5a37187ffff,1800595808,798894742,10.9079,0.428936,athlete
892f5a3624fffff,892f5a3718bffff,1800595808,666930532,19.0177,0.005941,athlete
892f5a3624fffff,892f5a3718fffff,1800595808,6451601256,15.6777,0.110884,athlete
892f5a3624fffff,892f5a37193ffff,1800595808,7865126998,15.3315,0.128523,athlete
892f5a3624fffff,892f5a37197ffff,1800595808,839607167,11.0083,0.421142,athlete
892f5a3624fffff,892f5a3719bffff,1800595808,1942852587,18.4582,0.014592,athlete
892f5a3624fffff,892f5a371b3ffff,1800595808,659292988,8.8674,0.588487,athlete
892f5a3624fffff,892f5a371bbffff,1800595808,2569654976,13.0319,0.270773,athlete
892f5a3624fffff,892f5a37527ffff,1800595808,9602267747,12.6292,0.299321,athlete
892f5a3624fffff,892f5a3752bffff,1800595808,472360457,15.6179,0.11385,athlete
892f5a3624fffff,892f5a3752fffff,1800595808,10293242124,11.0905,0.414774,athlete
892f5a3624fffff,892f5a3753bffff,1800595808,1094547495,19.3802,0.002368,athlete
892f5a36253ffff,892f5a36213ffff,11512438978,1239443735,15.4189,0.123967,athlete
892f5a36253ffff,892f5a3621bffff,11512438978,7878186387,11.2255,0.40434,athlete
892f5a36253ffff,892f5a36243ffff,11512438978,822683298,7.8042,0.669057,athlete
892f5a36253ffff,892f5a36247ffff,11512438978,1942852414,10.5592,0.45614,athlete
892f5a36253ffff,892f5a3624bffff,11512438978,1107512343,11.7685,0.362885,athlete
892f5a36253ffff,892f5a3624fffff,11512438978,1800595808,12.8586,0.282958,athlete
892f5a36253ffff,892f5a36253ffff,11512438978,11512438978,0.7462,0.996569,athlete
892f5a36253ffff,892f5a36257ffff,11512438978,563748914,7.032,0.724753,athlete
892f5a36253ffff,892f5a3625bffff,11512438978,764851982,7.5727,0.686054,athlete
892f5a36253ffff,892f5a3628bffff,11512438978,1239449262,17.7882,0.029875,athlete
892f5a36253ffff,892f5a362c3ffff,11512438978,7946433661,13.024,0.271325,athlete
892f5a36253ffff,892f5a362c7ffff,11512438978,896901457,11.8253,0.358597,athlete
892f5a36253ffff,892f5a362cbffff,11512438978,472359869,6.5617,0.757102,athlete
892f5a36253ffff,892f5a362cfffff,11512438978,2095799546,6.9337,0.73162,athlete
892f5a36253ffff,892f5a362d3ffff,11512438978,471978645,15.7643,0.106646,athlete
892f5a36253ffff,892f5a362d7ffff,11512438978,1239449343,16.4034,0.077691,athlete
892f5a36253ffff,892f5a362dbffff,11512438978,471978558,12.8301,0.284974,athlete
892f5a36253ffff,892f5a37183ffff,11512438978,771032173,15.8149,0.104208,athlete
892f5a36253ffff,892f5a37187ffff,11512438978,798894742,13.3917,0.246039,athlete
892f5a36253ffff,892f5a3718bffff,11512438978,666930532,19.9047,5.6e-05,athlete
892f5a36253ffff,892f5a3718fffff,11512438978,6451601256,18.5097,0.013637,athlete
892f5a36253ffff,892f5a37193ffff,11512438978,7865126998,11.7863,0.36154,athlete
892f5a36253ffff,892f5a37197ffff,11512438978,839607167,11.4189,0.389484,athlete
892f5a36253ffff,892f5a3719bffff,11512438978,1942852587,16.4144,0.07723,athlete
892f5a36253ffff,892f5a371b3ffff,11512438978,659292988,16.0057,0.095228,athlete
892f5a36253ffff,892f5a37507ffff,11512438978,9933084480,19.1388,0.004568,athlete
892f5a36253ffff,892f5a3750fffff,11512438978,472360248,18.8129,0.008668,athlete
892f5a36253ffff,892f5a37527ffff,11512438978,9602267747,4.6962,0.870014,athlete
892f5a36253ffff,892f5a3752bffff,11512438978,472360457,11.93,0.350729,athlete
892f5a36253ffff,892f5a3752fffff,11512438978,10293242124,7.4026,0.698387,athlete
892f5a36253ffff,892f5a37533ffff,11512438978,9954179094,15.9847,0.096199,athlete
892f5a36253ffff,892f5a37537ffff,11512438978,5495728727,11.6017,0.375529,athlete
892f5a36253ffff,892f5a3753bffff,11512438978,1094547495,15.6923,0.110163,athlete
892f5a36253ffff,892f5a37567ffff,11512438978,2865895571,16.6373,0.068144,athlete
892f5a36253ffff,892f5a37577ffff,11512438978,1706684673,17.6778,0.032896,athlete
892f5a36253ffff,892f5a375a7ffff,11512438978,2327217335,17.0391,0.05311,athlete
892f5a36253ffff,892f5a375abffff,11512438978,582802728,19.5467,0.001267,athlete
892f5a36253ffff,892f5a375afffff,11512438978,5506743143,15.912,0.099592,athlete
892f5a36257ffff,892f5a36213ffff,563748914,1239443735,12.488,0.30953,athlete
892f5a36257ffff,892f5a3621bffff,563748914,7878186387,6.5117,0.760468,athlete
892f5a36257ffff,892f5a36243ffff,563748914,822683298,6.2118,0.780273,athlete
892f5a36257ffff,892f5a36247ffff,563748914,1942852414,6.6369,0.752025,athlete
892f5a36257ffff,892f5a3624bffff,563748914,1107512343,13.6163,0.231006,athlete
892f5a36257ffff,892f5a3624fffff,563748914,1800595808,10.4145,0.46747,athlete
892f5a36257ffff,892f5a36253ffff,563748914,11512438978,6.2698,0.776492,athlete
892f5a36257ffff,892f5a36257ffff,563748914,563748914,0.1382,0.999882,athlete
892f5a36257ffff,892f5a3625bffff,563748914,764851982,10.3003,0.476425,athlete
892f5a36257ffff,892f5a3628bffff,563748914,1239449262,14.8794,0.153209,athlete
892f5a36257ffff,892f5a3628fffff,563748914,1304643606,17.3248,0.043501,athlete
892f5a36257ffff,892f5a3629bffff,563748914,1304643617,18.0259,0.023847,athlete
892f5a36257ffff,892f5a362c3ffff,563748914,7946433661,12.1189,0.336639,athlete
892f5a36257ffff,892f5a362c7ffff,563748914,896901457,9.9001,0.507844,athlete
892f5a36257ffff,892f5a362cbffff,563748914,472359869,8.8418,0.590463,athlete
892f5a36257ffff,892f5a362cfffff,563748914,2095799546,5.9711,0.795729,athlete
892f5a36257ffff,892f5a362d3ffff,563748914,471978645,15.8819,0.101015,athlete
892f5a36257ffff,892f5a362d7ffff,563748914,1239449343,14.9982,0.146548,athlete
892f5a36257ffff,892f5a362dbffff,563748914,471978558,14.549,0.172362,athlete
892f5a36257ffff,892f5a37183ffff,563748914,771032173,18.9825,0.006373,athlete
892f5a36257ffff,892f5a37187ffff,563748914,798894742,16.0771,0.091962,athlete
892f5a36257ffff,892f5a37193ffff,563748914,7865126998,16.2731,0.083262,athlete
892f5a36257ffff,892f5a37197ffff,563748914,839607167,14.1042,0.199524,athlete
892f5a36257ffff,892f5a371b3ffff,563748914,659292988,15.9415,0.098209,athlete
892f5a36257ffff,892f5a37527ffff,563748914,9602267747,8.8082,0.593057,athlete
892f5a36257ffff,892f5a3752bffff,563748914,472360457,16.4168,0.077131,athlete
892f5a36257ffff,892f5a3752fffff,563748914,10293242124,11.8894,0.353778,athlete
892f5a36257ffff,892f5a37533ffff,563748914,9954179094,19.9287,3.1e-05,athlete
892f5a36257ffff,892f5a37537ffff,563748914,5495728727,15.5456,0.117479,athlete
892f5a36257ffff,892f5a375a7ffff,563748914,2327217335,19.5563,0.001214,athlete
892f5a36257ffff,892f5a375afffff,563748914,5506743143,18.7763,0.009208,athlete
892f5a3625bffff,892f5a36213ffff,764851982,1239443735,18.9933,0.006238,athlete
892f5a3625bffff,892f5a3621bffff,764851982,7878186387,14.8,0.157726,athlete
892f5a3625bffff,892f5a36243ffff,764851982,822683298,6.1557,0.783911,athlete
892f5a3625bffff,892f5a36247ffff,764851982,1942852414,10.7272,0.443013,athlete
892f5a3625bffff,892f5a3624bffff,764851982,1107512343,6.3446,0.771579,athlete
892f5a3625bffff,892f5a3624fffff,764851982,1800595808,7.7638,0.67204,athlete
892f5a3625bffff,892f5a36253ffff,764851982,11512438978,7.1649,0.715382,athlete
892f5a3625bffff,892f5a36257ffff,764851982,563748914,9.9593,0.503197,athlete
892f5a3625bffff,892f5a3625bffff,764851982,764851982,0.5757,0.997957,athlete
892f5a3625bffff,892f5a362c3ffff,764851982,7946433661,16.7699,0.062989,athlete
892f5a3625bffff,892f5a362c7ffff,764851982,896901457,15.5137,0.1191,athlete
892f5a3625bffff,892f5a362cbffff,764851982,472359869,10.6079,0.452332,athlete
892f5a3625bffff,892f5a362cfffff,764851982,2095799546,10.6221,0.451217,athlete
892f5a3625bffff,892f5a362dbffff,764851982,471978558,16.0454,0.093405,athlete
892f5a3625bffff,892f5a37113ffff,764851982,1822152487,17.2629,0.045506,athlete
892f5a3625bffff,892f5a37117ffff,764851982,11109216130,18.6482,0.01123,athlete
892f5a3625bffff,892f5a37183ffff,764851982,771032173,9.3523,0.55078,athlete
892f5a3625bffff,892f5a37187ffff,764851982,798894742,7.7343,0.674214,athlete
892f5a3625bffff,892f5a3718bffff,764851982,666930532,13.4422,0.242635,athlete
892f5a3625bffff,892f5a3718fffff,764851982,6451601256,12.8523,0.283399,athlete
892f5a3625bffff,892f5a37193ffff,764851982,7865126998,8.6338,0.606481,athlete
892f5a3625bffff,892f5a37197ffff,764851982,839607167,4.7684,0.866177,athlete
892f5a3625bffff,892f5a3719bffff,764851982,1942852587,12.4064,0.31547,athlete
892f5a3625bffff,892f5a371b3ffff,764851982,659292988,10.5818,0.454367,athlete
892f5a3625bffff,892f5a371bbffff,764851982,2569654976,14.7254,0.162024,athlete
892f5a3625bffff,892f5a371c3ffff,764851982,581881619,19.9493,1.6e-05,athlete
892f5a3625bffff,892f5a371c7ffff,764851982,6383742435,18.3342,0.017019,athlete
892f5a3625bffff,892f5a371d7ffff,764851982,1127244247,17.0502,0.052721,athlete
892f5a3625bffff,892f5a37507ffff,764851982,9933084480,17.8321,0.028711,athlete
892f5a3625bffff,892f5a3750fffff,764851982,472360248,16.3806,0.078654,athlete
892f5a3625bffff,892f5a37527ffff,764851982,9602267747,6.617,0.753371,athlete
892f5a3625bffff,892f5a3752bffff,764851982,472360457,9.3064,0.55437,athlete
892f5a3625bffff,892f5a3752fffff,764851982,10293242124,4.779,0.865614,athlete
892f5a3625bffff,892f5a37533ffff,764851982,9954179094,16.633,0.068314,athlete
892f5a3625bffff,892f5a37537ffff,764851982,5495728727,14.4912,0.1758,athlete
892f5a3625bffff,892f5a3753bffff,764851982,1094547495,13.26,0.255001,athlete
892f5a3625bffff,892f5a37563ffff,764851982,6326922164,19.1948,0.003994,athlete
892f5a3625bffff,892f5a37567ffff,764851982,2865895571,14.0137,0.205239,athlete
892f5a3625bffff,892f5a3756fffff,764851982,1127244105,17.6969,0.032363,athlete
892f5a3625bffff,892f5a37573ffff,764851982,472382641,19.1989,0.003954,athlete
892f5a3625bffff,892f5a37577ffff,764851982,1706684673,15.0542,0.143449,athlete
892f5a3625bffff,892f5a375afffff,764851982,5506743143,18.8359,0.008336,athlete
892f5a36283ffff,892f5a36053ffff,1143784300,1304352680,19.0587,0.005456,athlete
892f5a36283ffff,892f5a3605bffff,1143784300,2321419350,12.78,0.288535,athlete
892f5a36283ffff,892f5a36213ffff,1143784300,1239443735,10.9697,0.424132,athlete
892f5a36283ffff,892f5a3621bffff,1143784300,7878186387,14.2077,0.193071,athlete
892f5a36283ffff,892f5a36257ffff,1143784300,563748914,19.3733,0.002421,athlete
892f5a36283ffff,892f5a36283ffff,1143784300,1143784300,0.4588,0.998702,athlete
892f5a36283ffff,892f5a3628bffff,1143784300,1239449262,5.9532,0.79686,athlete
892f5a36283ffff,892f5a3628fffff,1143784300,1304643606,5.1093,0.847431,athlete
892f5a36283ffff,892f5a36293ffff,1143784300,2201592550,5.4333,0.828689,athlete
892f5a36283ffff,892f5a36297ffff,1143784300,1304643745,6.8484,0.737538,athlete
892f5a36283ffff,892f5a3629bffff,1143784300,1304643617,4.4475,0.882867,athlete
892f5a36283ffff,892f5a362c3ffff,1143784300,7946433661,16.3197,0.081248,athlete
892f5a36283ffff,892f5a362c7ffff,1143784300,896901457,10.7059,0.444674,athlete
892f5a36283ffff,892f5a362cbffff,1143784300,472359869,18.3568,0.016563,athlete
892f5a36283ffff,892f5a362cfffff,1143784300,2095799546,16.2047,0.086251,athlete
892f5a36283ffff,892f5a362d3ffff,1143784300,471978645,12.3002,0.323251,athlete
892f5a36283ffff,892f5a362d7ffff,1143784300,1239449343,9.6137,0.530324,athlete
892f5a36283ffff,892f5a362dbffff,1143784300,471978558,18.2206,0.019404,athlete
892f5a36283ffff,892f5a36607ffff,1143784300,1304352847,19.9949,0.0,athlete
892f5a36283ffff,892f5a3660fffff,1143784300,1658720563,19.539,0.00131,athlete
892f5a36283ffff,892f5a36623ffff,1143784300,1075380045,15.4024,0.124817,athlete
892f5a36283ffff,892f5a36627ffff,1143784300,2862866543,16.0042,0.095298,athlete
892f5a36283ffff,892f5a3662bffff,1143784300,1304351798,12.3887,0.31676,athlete
892f5a36283ffff,892f5a3662fffff,1143784300,380476702,11.3758,0.392787,athlete
892f5a36283ffff,892f5a36633ffff,1143784300,1075380077,19.0586,0.005456,athlete
892f5a36283ffff,892f5a36637ffff,1143784300,2321360661,18.295,0.017825,athlete
892f5a36283ffff,892f5a3663bffff,1143784300,12438051358,15.1693,0.137169,athlete
892f5a36283ffff,892f5a36663ffff,1143784300,318826549,15.3535,0.12737,athlete
892f5a36283ffff,892f5a36667ffff,1143784300,1304352208,9.3869,0.548075,athlete
892f5a36283ffff,892f5a3666bffff,1143784300,2199562412,15.4174,0.124044,athlete
892f5a36283ffff,892f5a3666fffff,1143784300,7263440604,19.5336,0.001341,athlete
892f5a36283ffff,892f5a36673ffff,1143784300,861244781,17.4643,0.03914,athlete
892f5a36283ffff,892f5a36677ffff,1143784300,318826498,13.5409,0.236014,athlete
892f5a36283ffff,892f5a3667bffff,1143784300,978985095,18.8158,0.008625,athlete
892f5a36283ffff,892f5a375a7ffff,1143784300,2327217335,16.8688,0.059268,athlete
892f5a3628bffff,892f5a3605bffff,1239449262,2321419350,17.8187,0.029063,athlete
892f5a3628bffff,892f5a36213ffff,1239449262,1239443735,5.6708,0.81441,athlete
892f5a3628bffff,892f5a3621bffff,1239449262,7878186387,8.9087,0.585291,athlete
892f5a3628bffff,892f5a36243ffff,1239449262,822683298,18.1653,0.020622,athlete
892f5a3628bffff,892f5a36253ffff,1239449262,11512438978,15.5463,0.117445,athlete
892f5a3628bffff,892f5a36257ffff,1239449262,563748914,14.0743,0.201404,athlete
892f5a3628bffff,892f5a3625bffff,1239449262,764851982,19.9296,3.1e-05,athlete
892f5a3628bffff,892f5a36283ffff,1239449262,1143784300,6.7898,0.741576,athlete
892f5a3628bffff,892f5a3628bffff,1239449262,1239449262,0.1055,0.999931,athlete
892f5a3628bffff,892f5a3628fffff,1239449262,1304643606,4.2602,0.892163,athlete
892f5a3628bffff,892f5a36293ffff,1239449262,2201592550,9.7208,0.521921,athlete
892f5a3628bffff,892f5a36297ffff,1239449262,1304643745,12.4614,0.31146,athlete
892f5a3628bffff,892f5a3629bffff,1239449262,1304643617,5.5941,0.819071,athlete
892f5a3628bffff,892f5a362c3ffff,1239449262,7946433661,11.5187,0.381848,athlete
892f5a3628bffff,892f5a362c7ffff,1239449262,896901457,5.4069,0.830248,athlete
892f5a3628bffff,892f5a362cbffff,1239449262,472359869,13.0578,0.268967,athlete
892f5a3628bffff,892f5a362cfffff,1239449262,2095799546,10.9058,0.429102,athlete
892f5a3628bffff,892f5a362d3ffff,1239449262,471978645,9.7677,0.518239,athlete
892f5a3628bffff,892f5a362d7ffff,1239449262,1239449343,5.3952,0.83094,athlete
892f5a3628bffff,892f5a362dbffff,1239449262,471978558,14.7988,0.157795,athlete
892f5a3628bffff,892f5a36623ffff,1239449262,1075380045,19.8269,0.000185,athlete
892f5a3628bffff,892f5a3662bffff,1239449262,1304351798,15.8361,0.103193,athlete
892f5a3628bffff,892f5a3662fffff,1239449262,380476702,15.8002,0.104914,athlete
892f5a3628bffff,892f5a3663bffff,1239449262,12438051358,18.6166,0.011758,athlete
892f5a3628bffff,892f5a36663ffff,1239449262,318826549,16.3829,0.078556,athlete
892f5a3628bffff,892f5a36667ffff,1239449262,1304352208,12.8343,0.284679,athlete
892f5a3628bffff,892f5a3666bffff,1239449262,2199562412,15.9985,0.095559,athlete
892f5a3628bffff,892f5a36677ffff,1239449262,318826498,16.9883,0.054916,athlete
892f5a3628bffff,892f5a37527ffff,1239449262,9602267747,17.7384,0.031219,athlete
892f5a3628bffff,892f5a37537ffff,1239449262,5495728727,18.3657,0.016386,athlete
892f5a3628bffff,892f5a375a7ffff,1239449262,2327217335,16.9835,0.055088,athlete
892f5a3628bffff,892f5a375afffff,1239449262,5506743143,19.3153,0.002889,athlete
892f5a3628fffff,892f5a3605bffff,1304643606,2321419350,16.4642,0.075157,athlete
892f5a3628fffff,892f5a36213ffff,1304643606,1239443735,8.2675,0.634398,athlete
892f5a3628fffff,892f5a3621bffff,1304643606,7878186387,11.5054,0.382863,athlete
892f5a3628fffff,892f5a36253ffff,1304643606,11512438978,18.143,0.021121,athlete
892f5a3628fffff,892f5a36257ffff,1304643606,563748914,16.6711,0.066815,athlete
892f5a3628fffff,892f5a36283ffff,1304643606,1143784300,5.3803,0.831817,athlete
892f5a3628fffff,892f5a3628bffff,1304643606,1239449262,4.0085,0.904115,athlete
892f5a3628fffff,892f5a3628fffff,1304643606,1304643606,2.3314,0.966846,athlete
892f5a3628fffff,892f5a36293ffff,1304643606,2201592550,10.3548,0.47215,athlete
892f5a3628fffff,892f5a36297ffff,1304643606,1304643745,10.5326,0.458217,athlete
892f5a3628fffff,892f5a3629bffff,1304643606,1304643617,9.3394,0.551787,athlete
892f5a3628fffff,892f5a362c3ffff,1304643606,7946433661,14.3463,0.184551,athlete
892f5a3628fffff,892f5a362c7ffff,1304643606,896901457,8.0036,0.654237,athlete
892f5a3628fffff,892f5a362cbffff,1304643606,472359869,15.6545,0.112027,athlete
892f5a3628fffff,892f5a362cfffff,1304643606,2095799546,13.5025,0.238585,athlete
892f5a3628fffff,892f5a362d3ffff,1304643606,471978645,13.0363,0.270471,athlete
892f5a3628fffff,892f5a362d7ffff,1304643606,1239449343,8.6637,0.604182,athlete
892f5a3628fffff,892f5a362dbffff,1304643606,471978558,18.0673,0.022864,athlete
892f5a3628fffff,892f5a36627ffff,1304643606,2862866543,19.9365,2.5e-05,athlete
892f5a3628fffff,892f5a3662bffff,1304643606,1304351798,17.3102,0.043969,athlete
892f5a3628fffff,892f5a3662fffff,1304643606,380476702,15.2666,0.131955,athlete
892f5a3628fffff,892f5a36667ffff,1304643606,1304352208,14.3084,0.186863,athlete
892f5a3628fffff,892f5a3666bffff,1304643606,2199562412,19.6587,0.000718,athlete
892f5a3628fffff,892f5a36677ffff,1304643606,318826498,18.4624,0.014513,athlete
892f5a36293ffff,892f5a36053ffff,2201592550,1304352680,14.2274,0.191848,athlete
892f5a36293ffff,892f5a3605bffff,2201592550,2321419350,8.563,0.611904,athlete
892f5a36293ffff,892f5a36213ffff,2201592550,1239443735,13.7235,0.223949,athlete
892f5a36293ffff,892f5a3621bffff,2201592550,7878186387,16.9614,0.055881,athlete
892f5a36293ffff,892f5a36283ffff,2201592550,1143784300,4.9633,0.855584,athlete
892f5a36293ffff,892f5a3628bffff,2201592550,1239449262,8.7069,0.600861,athlete
892f5a36293ffff,892f5a3628fffff,2201592550,1304643606,9.6138,0.53031,athlete
892f5a36293ffff,892f5a36293ffff,2201592550,2201592550,0.281,0.999513,athlete
892f5a36293ffff,892f5a36297ffff,2201592550,1304643745,6.2398,0.778451,athlete
892f5a36293ffff,892f5a3629bffff,2201592550,1304643617,6.2321,0.77895,athlete
892f5a36293ffff,892f5a362c3ffff,2201592550,7946433661,18.027,0.023822,athlete
892f5a36293ffff,892f5a362c7ffff,2201592550,896901457,13.3929,0.24596,athlete
892f5a36293ffff,892f5a362cfffff,2201592550,2095799546,18.9585,0.006677,athlete
892f5a36293ffff,892f5a362d3ffff,2201592550,471978645,14.0074,0.205637,athlete
892f5a36293ffff,892f5a362d7ffff,2201592550,1239449343,11.3209,0.396999,athlete
892f5a36293ffff,892f5a362dbffff,2201592550,471978558,19.9279,3.2e-05,athlete
892f5a36293ffff,892f5a36607ffff,2201592550,1304352847,15.1636,0.137478,athlete
892f5a36293ffff,892f5a3660bffff,2201592550,6282956810,18.0164,0.024076,athlete
892f5a36293ffff,892f5a3660fffff,2201592550,1658720563,15.5289,0.118326,athlete
892f5a36293ffff,892f5a36623ffff,2201592550,1075380045,10.5712,0.455202,athlete
892f5a36293ffff,892f5a36627ffff,2201592550,2862866543,11.1729,0.4084,athlete
892f5a36293ffff,892f5a3662bffff,2201592550,1304351798,7.8015,0.669258,athlete
892f5a36293ffff,892f5a3662fffff,2201592550,380476702,6.5445,0.758265,athlete
892f5a36293ffff,892f5a36633ffff,2201592550,1075380077,14.2273,0.191852,athlete
892f5a36293ffff,892f5a36637ffff,2201592550,2321360661,13.4637,0.241185,athlete
892f5a36293ffff,892f5a3663bffff,2201592550,12438051358,11.1177,0.412668,athlete
892f5a36293ffff,892f5a36647ffff,2201592550,295413512,18.4335,0.015062,athlete
892f5a36293ffff,892f5a3664fffff,2201592550,475762598,17.9112,0.026673,athlete
892f5a36293ffff,892f5a36663ffff,2201592550,318826549,11.5653,0.378297,athlete
892f5a36293ffff,892f5a36667ffff,2201592550,1304352208,5.3768,0.832018,athlete
892f5a36293ffff,892f5a3666bffff,2201592550,2199562412,11.3216,0.396944,athlete
892f5a36293ffff,892f5a3666fffff,2201592550,7263440604,16.9075,0.057841,athlete
892f5a36293ffff,892f5a36673ffff,2201592550,861244781,13.4542,0.241824,athlete
892f5a36293ffff,892f5a36677ffff,2201592550,318826498,9.5308,0.536814,athlete
892f5a36293ffff,892f5a3667bffff,2201592550,978985095,14.8057,0.157399,athlete
892f5a36293ffff,892f5a375a7ffff,2201592550,2327217335,17.9393,0.025966,athlete
892f5a36293ffff,892f5a375b7ffff,2201592550,2890576069,16.5891,0.070065,athlete
892f5a36297ffff,892f5a36053ffff,1304643745,1304352680,14.4926,0.175717,athlete
892f5a36297ffff,892f5a3605bffff,1304643745,2321419350,8.1983,0.639627,athlete
892f5a36297ffff,892f5a36213ffff,1304643745,1239443735,15.8749,0.101343,athlete
892f5a36297ffff,892f5a3621bffff,1304643745,7878186387,19.1129,0.004847,athlete
892f5a36297ffff,892f5a36283ffff,1304643745,1143784300,6.7058,0.747334,athlete
892f5a36297ffff,892f5a3628bffff,1304643745,1239449262,11.616,0.374442,athlete
892f5a36297ffff,892f5a3628fffff,1304643745,1304643606,9.9388,0.504806,athlete
892f5a36297ffff,892f5a36293ffff,1304643745,2201592550,6.2013,0.780958,athlete
892f5a36297ffff,892f5a36297ffff,1304643745,1304643745,0.258,0.999589,athlete
892f5a36297ffff,892f5a3629bffff,1304643745,1304643617,9.7953,0.516075,athlete
892f5a36297ffff,892f5a362c7ffff,1304643745,896901457,15.6111,0.11419,athlete
892f5a36297ffff,892f5a362d3ffff,1304643745,471978645,17.5705,0.035968,athlete
892f5a36297ffff,892f5a362d7ffff,1304643745,1239449343,14.884,0.152945,athlete
892f5a36297ffff,892f5a36607ffff,1304643745,1304352847,17.866,0.02783,athlete
892f5a36297ffff,892f5a36623ffff,1304643745,1075380045,12.4501,0.312284,athlete
892f5a36297ffff,892f5a36627ffff,1304643745,2862866543,11.6706,0.370291,athlete
892f5a36297ffff,892f5a3662bffff,1304643745,1304351798,10.8409,0.434145,athlete
892f5a36297ffff,892f5a3662fffff,1304643745,380476702,7.0007,0.726947,athlete
892f5a36297ffff,892f5a36633ffff,1304643745,1075380077,16.4661,0.075076,athlete
892f5a36297ffff,892f5a36637ffff,1304643745,2321360661,14.7317,0.161658,athlete
892f5a36297ffff,892f5a3663bffff,1304643745,12438051358,14.1571,0.196215,athlete
892f5a36297ffff,892f5a36663ffff,1304643745,318826549,16.6457,0.067811,athlete
892f5a36297ffff,892f5a36667ffff,1304643745,1304352208,10.4573,0.464115,athlete
892f5a36297ffff,892f5a3666bffff,1304643745,2199562412,17.2396,0.046269,athlete
892f5a36297ffff,892f5a36673ffff,1304643745,861244781,18.5347,0.013187,athlete
892f5a36297ffff,892f5a36677ffff,1304643745,318826498,14.3379,0.185058,athlete
892f5a36297ffff,892f5a3667bffff,1304643745,978985095,19.8862,8e-05,athlete
892f5a3629bffff,892f5a3605bffff,1304643617,2321419350,15.0257,0.14502,athlete
892f5a3629bffff,892f5a36213ffff,1304643617,1239443735,9.488,0.540166,athlete
892f5a3629bffff,892f5a3621bffff,1304643617,7878186387,11.6485,0.371967,athlete
892f5a3629bffff,892f5a36253ffff,1304643617,11512438978,18.1906,0.02006,athlete
892f5a3629bffff,892f5a36257ffff,1304643617,563748914,16.7545,0.063581,athlete
892f5a3629bffff,892f5a36283ffff,1304643617,1143784300,4.5049,0.879954,athlete
892f5a3629bffff,892f5a3628bffff,1304643617,1239449262,5.1529,0.84496,athlete
892f5a3629bffff,892f5a3628fffff,1304643617,1304643606,8.8947,0.586374,athlete
892f5a3629bffff,892f5a36293ffff,1304643617,2201592550,6.9252,0.732215,athlete
892f5a3629bffff,892f5a36297ffff,1304643617,1304643745,9.9681,0.502506,athlete
892f5a3629bffff,892f5a3629bffff,1304643617,1304643617,0.4962,0.998482,athlete
892f5a3629bffff,892f5a362c3ffff,1304643617,7946433661,12.5421,0.305605,athlete
892f5a3629bffff,892f5a362c7ffff,1304643617,896901457,7.6615,0.679564,athlete
892f5a3629bffff,892f5a362cbffff,1304643617,472359869,15.7021,0.109682,athlete
892f5a3629bffff,892f5a362cfffff,1304643617,2095799546,13.55,0.235408,athlete
892f5a3629bffff,892f5a362d3ffff,1304643617,471978645,8.619,0.607618,athlete
892f5a3629bffff,892f5a362d7ffff,1304643617,1239449343,5.8361,0.804209,athlete
892f5a3629bffff,892f5a362dbffff,1304643617,471978558,14.5394,0.172929,athlete
892f5a3629bffff,892f5a3660fffff,1304643617,1658720563,19.3364,0.002714,athlete
892f5a3629bffff,892f5a36623ffff,1304643617,1075380045,17.0339,0.053295,athlete
892f5a3629bffff,892f5a36627ffff,1304643617,2862866543,17.6356,0.034089,athlete
892f5a3629bffff,892f5a3662bffff,1304643617,1304351798,12.1862,0.331654,athlete
892f5a3629bffff,892f5a3662fffff,1304643617,380476702,13.0072,0.272502,athlete
892f5a3629bffff,892f5a36633ffff,1304643617,1075380077,19.9603,1e-05,athlete
892f5a3629bffff,892f5a36637ffff,1304643617,2321360661,19.9264,3.3e-05,athlete
892f5a3629bffff,892f5a3663bffff,1304643617,12438051358,14.9667,0.148298,athlete
892f5a3629bffff,892f5a3664fffff,1304643617,475762598,19.7508,0.000383,athlete
892f5a3629bffff,892f5a36663ffff,1304643617,318826549,11.8396,0.357518,athlete
892f5a3629bffff,892f5a36667ffff,1304643617,1304352208,9.1844,0.563884,athlete
892f5a3629bffff,892f5a3666bffff,1304643617,2199562412,12.0891,0.338854,athlete
892f5a3629bffff,892f5a3666fffff,1304643617,7263440604,16.0197,0.094583,athlete
892f5a3629bffff,892f5a36673ffff,1304643617,861244781,15.9802,0.096408,athlete
892f5a3629bffff,892f5a36677ffff,1304643617,318826498,13.3384,0.249658,athlete
892f5a3629bffff,892f5a3667bffff,1304643617,978985095,15.5518,0.11717,athlete
892f5a3629bffff,892f5a375a7ffff,1304643617,2327217335,13.1876,0.259976,athlete
892f5a3629bffff,892f5a375afffff,1304643617,5506743143,19.0559,0.005488,athlete
892f5a3629bffff,892f5a375b7ffff,1304643617,2890576069,18.4287,0.015153,athlete
892f5a362c3ffff,892f5a36213ffff,7946433661,1239443735,8.9326,0.583442,athlete
892f5a362c3ffff,892f5a3621bffff,7946433661,7878186387,7.5346,0.688826,athlete
892f5a362c3ffff,892f5a36243ffff,7946433661,822683298,13.3461,0.24913,athlete
892f5a362c3ffff,892f5a36247ffff,7946433661,1942852414,15.4539,0.122156,athlete
892f5a362c3ffff,892f5a3624bffff,7946433661,1107512343,18.5788,0.012407,athlete
892f5a362c3ffff,892f5a3624fffff,7946433661,1800595808,18.8888,0.007597,athlete
892f5a362c3ffff,892f5a36253ffff,7946433661,11512438978,9.9755,0.501923,athlete
892f5a362c3ffff,892f5a36257ffff,7946433661,563748914,10.0483,0.496204,athlete
892f5a362c3ffff,892f5a3625bffff,7946433661,764851982,14.4253,0.179761,athlete
892f5a362c3ffff,892f5a36283ffff,7946433661,1143784300,15.6193,0.113781,athlete
892f5a362c3ffff,892f5a3628bffff,7946433661,1239449262,10.7905,0.438073,athlete
892f5a362c3ffff,892f5a3628fffff,7946433661,1304643606,13.4941,0.239143,athlete
892f5a362c3ffff,892f5a36293ffff,7946433661,2201592550,17.5997,0.03512,athlete
892f5a362c3ffff,892f5a3629bffff,7946433661,1304643617,11.6106,0.374846,athlete
892f5a362c3ffff,892f5a362c3ffff,7946433661,7946433661,0.1639,0.999834,athlete
892f5a362c3ffff,892f5a362c7ffff,7946433661,896901457,5.0859,0.848753,athlete
892f5a362c3ffff,892f5a362cbffff,7946433661,472359869,5.682,0.813722,athlete
892f5a362c3ffff,892f5a362cfffff,7946433661,2095799546,5.335,0.83447,athlete
892f5a362c3ffff,892f5a362d3ffff,7946433661,471978645,6.1668,0.783193,athlete
892f5a362c3ffff,892f5a362d7ffff,7946433661,1239449343,7.2327,0.710564,athlete
892f5a362c3ffff,892f5a362dbffff,7946433661,471978558,5.4992,0.824773,athlete
892f5a362c3ffff,892f5a36663ffff,7946433661,318826549,14.0001,0.206099,athlete
892f5a362c3ffff,892f5a36667ffff,7946433661,1304352208,16.7179,0.06499,athlete
892f5a362c3ffff,892f5a3666bffff,7946433661,2199562412,12.9019,0.279897,athlete
892f5a362c3ffff,892f5a3666fffff,7946433661,7263440604,17.7235,0.03163,athlete
892f5a362c3ffff,892f5a36673ffff,7946433661,861244781,17.9441,0.025846,athlete
892f5a362c3ffff,892f5a36677ffff,7946433661,318826498,16.8607,0.05957,athlete
892f5a362c3ffff,892f5a3667bffff,7946433661,978985095,17.2166,0.047033,athlete
892f5a362c3ffff,892f5a37197ffff,7946433661,839607167,18.2292,0.019217,athlete
892f5a362c3ffff,892f5a37507ffff,7946433661,9933084480,16.8283,0.060779,athlete
892f5a362c3ffff,892f5a37517ffff,7946433661,6283520292,19.7743,0.000314,athlete
892f5a362c3ffff,892f5a37527ffff,7946433661,9602267747,11.4928,0.383824,athlete
892f5a362c3ffff,892f5a3752fffff,7946433661,10293242124,15.7332,0.108162,athlete
892f5a362c3ffff,892f5a37533ffff,7946433661,9954179094,13.7771,0.220448,athlete
892f5a362c3ffff,892f5a37537ffff,7946433661,5495728727,9.4372,0.544147,athlete
892f5a362c3ffff,892f5a3753bffff,7946433661,1094547495,19.1116,0.00486,athlete
892f5a362c3ffff,892f5a375a3ffff,7946433661,9954223273,18.1771,0.020358,athlete
892f5a362c3ffff,892f5a375a7ffff,7946433661,2327217335,10.2326,0.481737,athlete
892f5a362c3ffff,892f5a375abffff,7946433661,582802728,16.1388,0.089181,athlete
892f5a362c3ffff,892f5a375afffff,7946433661,5506743143,11.1261,0.412018,athlete
892f5a362c3ffff,892f5a375b7ffff,7946433661,2890576069,17.9696,0.025214,athlete
892f5a362c3ffff,892f5a375bbffff,7946433661,472359980,19.9285,3.2e-05,athlete
892f5a362c7ffff,892f5a36213ffff,896901457,1239443735,5.7174,0.811554,athlete
892f5a362c7ffff,892f5a3621bffff,896901457,7878186387,4.7579,0.866742,athlete
892f5a362c7ffff,892f5a36243ffff,896901457,822683298,13.4691,0.240822,athlete
892f5a362c7ffff,892f5a36247ffff,896901457,1942852414,15.3586,0.127102,athlete
892f5a362c7ffff,892f5a3624bffff,896901457,1107512343,19.3563,0.002554,athlete
892f5a362c7ffff,892f5a3624fffff,896901457,1800595808,19.0118,0.006012,athlete
892f5a362c7ffff,892f5a36253ffff,896901457,11512438978,10.8143,0.436217,athlete
892f5a362c7ffff,892f5a36257ffff,896901457,563748914,9.3782,0.548758,athlete
892f5a362c7ffff,892f5a3625bffff,896901457,764851982,15.2334,0.133723,athlete
892f5a362c7ffff,892f5a36283ffff,896901457,1143784300,11.7424,0.364853,athlete
892f5a362c7ffff,892f5a3628bffff,896901457,1239449262,6.2481,0.777909,athlete
892f5a362c7ffff,892f5a3628fffff,896901457,1304643606,8.6935,0.601893,athlete
892f5a362c7ffff,892f5a36293ffff,896901457,2201592550,15.067,0.142744,athlete
892f5a362c7ffff,892f5a36297ffff,896901457,1304643745,16.8948,0.05831,athlete
892f5a362c7ffff,892f5a3629bffff,896901457,1304643617,9.008,0.577593,athlete
892f5a362c7ffff,892f5a362c3ffff,896901457,7946433661,7.0176,0.725764,athlete
892f5a362c7ffff,892f5a362c7ffff,896901457,896901457,0.2852,0.999498,athlete
892f5a362c7ffff,892f5a362cbffff,896901457,472359869,8.3259,0.629977,athlete
892f5a362c7ffff,892f5a362cfffff,896901457,2095799546,6.1738,0.782742,athlete
892f5a362c7ffff,892f5a362d3ffff,896901457,471978645,8.8447,0.590242,athlete
892f5a362c7ffff,892f5a362d7ffff,896901457,1239449343,5.3833,0.83164,athlete
892f5a362c7ffff,892f5a362dbffff,896901457,471978558,11.7592,0.363585,athlete
892f5a362c7ffff,892f5a36663ffff,896901457,318826549,16.1667,0.087936,athlete
892f5a362c7ffff,892f5a36667ffff,896901457,1304352208,17.6893,0.032577,athlete
892f5a362c7ffff,892f5a3666bffff,896901457,2199562412,15.4671,0.121479,athlete
892f5a362c7ffff,892f5a36677ffff,896901457,318826498,19.0273,0.005826,athlete
892f5a362c7ffff,892f5a3667bffff,896901457,978985095,19.8526,0.000134,athlete
892f5a362c7ffff,892f5a37197ffff,896901457,839607167,19.0374,0.005705,athlete
892f5a362c7ffff,892f5a37527ffff,896901457,9602267747,13.0065,0.272552,athlete
892f5a362c7ffff,892f5a3752fffff,896901457,10293242124,16.6252,0.068626,athlete
892f5a362c7ffff,892f5a37533ffff,896901457,9954179094,17.9736,0.025116,athlete
892f5a362c7ffff,892f5a37537ffff,896901457,5495728727,13.6337,0.229856,athlete
892f5a362c7ffff,892f5a375a7ffff,896901457,2327217335,16.0604,0.092721,athlete
892f5a362c7ffff,892f5a375afffff,896901457,5506743143,16.712,0.065219,athlete
892f5a362cbffff,892f5a36213ffff,472359869,1239443735,12.3141,0.32223,athlete
892f5a362cbffff,892f5a3621bffff,472359869,7878186387,10.9161,0.428297,athlete
892f5a362cbffff,892f5a36243ffff,472359869,822683298,11.2137,0.405249,athlete
892f5a362cbffff,892f5a36247ffff,472359869,1942852414,13.9687,0.2081,athlete
892f5a362cbffff,892f5a3624bffff,472359869,1107512343,15.178,0.136702,athlete
892f5a362cbffff,892f5a3624fffff,472359869,1800595808,16.2681,0.083478,athlete
892f5a362cbffff,892f5a36253ffff,472359869,11512438978,5.9342,0.79806,athlete
892f5a362cbffff,892f5a36257ffff,472359869,563748914,9.0955,0.5708,athlete
892f5a362cbffff,892f5a3625bffff,472359869,764851982,11.0244,0.419889,athlete
892f5a362cbffff,892f5a36283ffff,472359869,1143784300,19.9245,3.5e-05,athlete
892f5a362cbffff,892f5a3628bffff,472359869,1239449262,14.4302,0.179464,athlete
892f5a362cbffff,892f5a3628fffff,472359869,1304643606,16.8756,0.059016,athlete
892f5a362cbffff,892f5a3629bffff,472359869,1304643617,16.8903,0.058473,athlete
892f5a362cbffff,892f5a362c3ffff,472359869,7946433661,6.835,0.738467,athlete
892f5a362cbffff,892f5a362c7ffff,472359869,896901457,8.4673,0.619215,athlete
892f5a362cbffff,892f5a362cbffff,472359869,472359869,0.0681,0.999971,athlete
892f5a362cbffff,892f5a362cfffff,472359869,2095799546,5.8664,0.802315,athlete
892f5a362cbffff,892f5a362d3ffff,472359869,471978645,9.5752,0.533335,athlete
892f5a362cbffff,892f5a362d7ffff,472359869,1239449343,12.5124,0.30776,athlete
892f5a362cbffff,892f5a362dbffff,472359869,471978558,7.0846,0.721053,athlete
892f5a362cbffff,892f5a36663ffff,472359869,318826549,18.7358,0.009827,athlete
892f5a362cbffff,892f5a3666bffff,472359869,2199562412,16.0852,0.091596,athlete
892f5a362cbffff,892f5a37183ffff,472359869,771032173,18.6284,0.01156,athlete
892f5a362cbffff,892f5a37187ffff,472359869,798894742,16.8012,0.061799,athlete
892f5a362cbffff,892f5a37193ffff,472359869,7865126998,14.5998,0.169357,athlete
892f5a362cbffff,892f5a37197ffff,472359869,839607167,14.8284,0.156105,athlete
892f5a362cbffff,892f5a3719bffff,472359869,1942852587,19.2279,0.003672,athlete
892f5a362cbffff,892f5a371b3ffff,472359869,659292988,19.4152,0.002108,athlete
892f5a362cbffff,892f5a37507ffff,472359869,9933084480,14.9709,0.148067,athlete
892f5a362cbffff,892f5a3750fffff,472359869,472360248,19.3386,0.002696,athlete
892f5a362cbffff,892f5a37517ffff,472359869,6283520292,18.1044,0.022003,athlete
892f5a362cbffff,892f5a37527ffff,472359869,9602267747,5.879,0.80153,athlete
892f5a362cbffff,892f5a3752bffff,472359869,472360457,14.7435,0.160974,athlete
892f5a362cbffff,892f5a3752fffff,472359869,10293242124,10.2161,0.483031,athlete
892f5a362cbffff,892f5a37533ffff,472359869,9954179094,11.9031,0.352744,athlete
892f5a362cbffff,892f5a37537ffff,472359869,5495728727,7.5201,0.689884,athlete
892f5a362cbffff,892f5a3753bffff,472359869,1094547495,17.2377,0.046334,athlete
892f5a362cbffff,892f5a37567ffff,472359869,2865895571,19.4508,0.001859,athlete
892f5a362cbffff,892f5a375a3ffff,472359869,9954223273,19.6007,0.000983,athlete
892f5a362cbffff,892f5a375a7ffff,472359869,2327217335,11.6562,0.371385,athlete
892f5a362cbffff,892f5a375abffff,472359869,582802728,15.345,0.127817,athlete
892f5a362cbffff,892f5a375afffff,472359869,5506743143,10.7508,0.441169,athlete
892f5a362cbffff,892f5a375b7ffff,472359869,2890576069,19.3932,0.002269,athlete
892f5a362cfffff,892f5a36213ffff,2095799546,1239443735,9.6835,0.524851,athlete
892f5a362cfffff,892f5a3621bffff,2095799546,7878186387,7.7676,0.671765,athlete
892f5a362cfffff,892f5a36243ffff,2095799546,822683298,8.8285,0.591492,athlete
892f5a362cfffff,892f5a36247ffff,2095799546,1942852414,10.9363,0.426729,athlete
892f5a362cfffff,892f5a3624bffff,2095799546,1107512343,14.0612,0.202233,athlete
892f5a362cfffff,892f5a3624fffff,2095799546,1800595808,14.3712,0.183036,athlete
892f5a362cfffff,892f5a36253ffff,2095799546,11512438978,5.4579,0.827233,athlete
892f5a362cfffff,892f5a36257ffff,2095799546,563748914,5.5307,0.822888,athlete
892f5a362cfffff,892f5a3625bffff,2095799546,764851982,9.9076,0.507254,athlete
892f5a362cfffff,892f5a36283ffff,2095799546,1143784300,17.2939,0.044495,athlete
892f5a362cfffff,892f5a3628bffff,2095799546,1239449262,11.7996,0.360535,athlete
892f5a362cfffff,892f5a3628fffff,2095799546,1304643606,14.245,0.190761,athlete
892f5a362cfffff,892f5a3629bffff,2095799546,1304643617,14.5595,0.171734,athlete
892f5a362cfffff,892f5a362c3ffff,2095799546,7946433661,6.9501,0.730479,athlete
892f5a362cfffff,892f5a362c7ffff,2095799546,896901457,5.8367,0.804169,athlete
892f5a362cfffff,892f5a362cbffff,2095799546,472359869,5.4324,0.828745,athlete
892f5a362cfffff,892f5a362cfffff,2095799546,2095799546,0.2775,0.999525,athlete
892f5a362cfffff,892f5a362d3ffff,2095799546,471978645,10.7131,0.444112,athlete
892f5a362cfffff,892f5a362d7ffff,2095799546,1239449343,10.4149,0.46744,athlete
892f5a362cfffff,892f5a362dbffff,2095799546,471978558,9.3356,0.552085,athlete
892f5a362cfffff,892f5a36663ffff,2095799546,318826549,18.2198,0.019422,athlete
892f5a362cfffff,892f5a3666bffff,2095799546,2199562412,17.3499,0.042699,athlete
892f5a362cfffff,892f5a37183ffff,2095799546,771032173,18.5898,0.012217,athlete
892f5a362cfffff,892f5a37187ffff,2095799546,798894742,15.6845,0.110549,athlete
892f5a362cfffff,892f5a37193ffff,2095799546,7865126998,15.6524,0.112134,athlete
892f5a362cfffff,892f5a37197ffff,2095799546,839607167,13.7116,0.224728,athlete
892f5a362cfffff,892f5a371b3ffff,2095799546,659292988,18.2985,0.017753,athlete
892f5a362cfffff,892f5a37507ffff,2095799546,9933084480,18.2499,0.018775,athlete
892f5a362cfffff,892f5a37527ffff,2095799546,9602267747,7.65,0.680405,athlete
892f5a362cfffff,892f5a3752bffff,2095799546,472360457,15.7961,0.10511,athlete
892f5a362cfffff,892f5a3752fffff,2095799546,10293242124,11.2687,0.401015,athlete
892f5a362cfffff,892f5a37533ffff,2095799546,9954179094,15.1987,0.135588,athlete
892f5a362cfffff,892f5a37537ffff,2095799546,5495728727,10.8587,0.43276,athlete
892f5a362cfffff,892f5a3753bffff,2095799546,1094547495,19.1628,0.004318,athlete
892f5a362cfffff,892f5a375a7ffff,2095799546,2327217335,14.3429,0.184754,athlete
892f5a362cfffff,892f5a375abffff,2095799546,582802728,18.624,0.011635,athlete
892f5a362cfffff,892f5a375afffff,2095799546,5506743143,14.0298,0.204218,athlete
892f5a362d3ffff,892f5a36213ffff,471978645,1239443735,13.0221,0.271459,athlete
892f5a362d3ffff,892f5a3621bffff,471978645,7878186387,11.7258,0.366113,athlete
892f5a362d3ffff,892f5a36243ffff,471978645,822683298,17.6436,0.033862,athlete
892f5a362d3ffff,892f5a36247ffff,471978645,1942852414,19.7514,0.000381,athlete
892f5a362d3ffff,892f5a36253ffff,471978645,11512438978,14.273,0.189037,athlete
892f5a362d3ffff,892f5a36257ffff,471978645,563748914,14.3458,0.184579,athlete
892f5a362d3ffff,892f5a3625bffff,471978645,764851982,18.7228,0.010029,athlete
892f5a362d3ffff,892f5a36283ffff,471978645,1143784300,13.1039,0.265762,athlete
892f5a362d3ffff,892f5a3628bffff,471978645,1239449262,9.574,0.533432,athlete
892f5a362d3ffff,892f5a3628fffff,471978645,1304643606,13.0942,0.266436,athlete
892f5a362d3ffff,892f5a36293ffff,471978645,2201592550,14.883,0.153001,athlete
892f5a362d3ffff,892f5a36297ffff,471978645,1304643745,18.5194,0.013462,athlete
892f5a362d3ffff,892f5a3629bffff,471978645,1304643617,9.0953,0.570815,athlete
892f5a362d3ffff,892f5a362c3ffff,471978645,7946433661,6.7188,0.746449,athlete
892f5a362d3ffff,892f5a362c7ffff,471978645,896901457,7.8577,0.665097,athlete
892f5a362d3ffff,892f5a362cbffff,471978645,472359869,8.8429,0.590382,athlete
892f5a362d3ffff,892f5a362cfffff,471978645,2095799546,9.6324,0.528852,athlete
892f5a362d3ffff,892f5a362d3ffff,471978645,471978645,0.7782,0.996269,athlete
892f5a362d3ffff,892f5a362d7ffff,471978645,1239449343,6.0162,0.792863,athlete
892f5a362d3ffff,892f5a362dbffff,471978645,471978558,6.6986,0.747824,athlete
892f5a362d3ffff,892f5a3660bffff,471978645,6282956810,19.786,0.000283,athlete
892f5a362d3ffff,892f5a3660fffff,471978645,1658720563,19.857,0.000126,athlete
892f5a362d3ffff,892f5a3662bffff,471978645,1304351798,18.6518,0.01117,athlete
892f5a362d3ffff,892f5a3663bffff,471978645,12438051358,17.927,0.026274,athlete
892f5a362d3ffff,892f5a36647ffff,471978645,295413512,16.521,0.072821,athlete
892f5a362d3ffff,892f5a3664fffff,471978645,475762598,15.4159,0.124122,athlete
892f5a362d3ffff,892f5a36663ffff,471978645,318826549,10.8907,0.430273,athlete
892f5a362d3ffff,892f5a36667ffff,471978645,1304352208,13.6085,0.231525,athlete
892f5a362d3ffff,892f5a3666bffff,471978645,2199562412,7.7259,0.67483,athlete
892f5a362d3ffff,892f5a3666fffff,471978645,7263440604,13.4541,0.241831,athlete
892f5a362d3ffff,892f5a36673ffff,471978645,861244781,14.8347,0.155744,athlete
892f5a362d3ffff,892f5a36677ffff,471978645,318826498,13.7513,0.222132,athlete
892f5a362d3ffff,892f5a3667bffff,471978645,978985095,12.556,0.304605,athlete
892f5a362d3ffff,892f5a37507ffff,471978645,9933084480,19.6435,0.000784,athlete
892f5a362d3ffff,892f5a37527ffff,471978645,9602267747,14.6537,0.166193,athlete
892f5a362d3ffff,892f5a3752fffff,471978645,10293242124,18.9908,0.006269,athlete
892f5a362d3ffff,892f5a37533ffff,471978645,9954179094,16.5922,0.06994,athlete
892f5a362d3ffff,892f5a37537ffff,471978645,5495728727,12.2523,0.326772,athlete
892f5a362d3ffff,892f5a375a3ffff,471978645,9954223273,15.7408,0.107788,athlete
892f5a362d3ffff,892f5a375a7ffff,471978645,2327217335,8.8142,0.592593,athlete
892f5a362d3ffff,892f5a375abffff,471978645,582802728,16.2278,0.085237,athlete
892f5a362d3ffff,892f5a375afffff,471978645,5506743143,11.2151,0.405146,athlete
892f5a362d3ffff,892f5a375b3ffff,471978645,475758058,17.9285,0.026237,athlete
892f5a362d3ffff,892f5a375b7ffff,471978645,2890576069,14.0938,0.20018,athlete
892f5a362d3ffff,892f5a375bbffff,471978645,472359980,19.8163,0.000208,athlete
892f5a362d7ffff,892f5a3605bffff,1239449343,2321419350,19.8756,9.5e-05,athlete
892f5a362d7ffff,892f5a36213ffff,1239449343,1239443735,8.9273,0.58385,athlete
892f5a362d7ffff,892f5a3621bffff,1239449343,7878186387,9.091,0.57115,athlete
892f5a362d7ffff,892f5a36243ffff,1239449343,822683298,16.8995,0.058137,athlete
892f5a362d7ffff,892f5a36247ffff,1239449343,1942852414,19.0073,0.006067,athlete
892f5a362d7ffff,892f5a36253ffff,1239449343,11512438978,14.1762,0.195027,athlete
892f5a362d7ffff,892f5a36257ffff,1239449343,563748914,13.6017,0.231977,athlete
892f5a362d7ffff,892f5a3625bffff,1239449343,764851982,18.6259,0.011601,athlete
892f5a362d7ffff,892f5a36283ffff,1239449343,1143784300,9.7561,0.519153,athlete
892f5a362d7ffff,892f5a3628bffff,1239449343,1239449262,5.395,0.830952,athlete
892f5a362d7ffff,892f5a3628fffff,1239449343,1304643606,8.9152,0.584789,athlete
892f5a362d7ffff,892f5a36293ffff,1239449343,2201592550,11.775,0.362389,athlete
892f5a362d7ffff,892f5a36297ffff,1239449343,1304643745,15.2193,0.134479,athlete
892f5a362d7ffff,892f5a3629bffff,1239449343,1304643617,5.7475,0.809704,athlete
892f5a362d7ffff,892f5a362c3ffff,1239449343,7946433661,7.9607,0.657441,athlete
892f5a362d7ffff,892f5a362c7ffff,1239449343,896901457,4.6184,0.874099,athlete
892f5a362d7ffff,892f5a362cbffff,1239449343,472359869,11.6877,0.368996,athlete
892f5a362d7ffff,892f5a362cfffff,1239449343,2095799546,9.5356,0.536439,athlete
892f5a362d7ffff,892f5a362d3ffff,1239449343,471978645,6.2097,0.780412,athlete
892f5a362d7ffff,892f5a362d7ffff,1239449343,1239449343,0.5807,0.997921,athlete
892f5a362d7ffff,892f5a362dbffff,1239449343,471978558,11.2408,0.403166,athlete
892f5a362d7ffff,892f5a3662bffff,1239449343,1304351798,17.036,0.05322,athlete
892f5a362d7ffff,892f5a3662fffff,1239449343,380476702,17.857,0.028061,athlete
892f5a362d7ffff,892f5a3663bffff,1239449343,12438051358,18.6616,0.011009,athlete
892f5a362d7ffff,892f5a3664fffff,1239449343,475762598,19.8549,0.00013,athlete
892f5a362d7ffff,892f5a36663ffff,1239449343,318826549,12.5609,0.304249,athlete
892f5a362d7ffff,892f5a36667ffff,1239449343,1304352208,13.2602,0.25499,athlete
892f5a362d7ffff,892f5a3666bffff,1239449343,2199562412,12.165,0.333221,athlete
892f5a362d7ffff,892f5a3666fffff,1239449343,7263440604,16.6422,0.067951,athlete
892f5a362d7ffff,892f5a36673ffff,1239449343,861244781,16.7015,0.065628,athlete
892f5a362d7ffff,892f5a36677ffff,1239449343,318826498,15.4215,0.123832,athlete
892f5a362d7ffff,892f5a3667bffff,1239449343,978985095,16.273,0.083264,athlete
892f5a362d7ffff,892f5a37527ffff,1239449343,9602267747,16.3683,0.079174,athlete
892f5a362d7ffff,892f5a3752fffff,1239449343,10293242124,19.987,1e-06,athlete
892f5a362d7ffff,892f5a37537ffff,1239449343,5495728727,15.86,0.10205,athlete
892f5a362d7ffff,892f5a375a7ffff,1239449343,2327217335,13.2635,0.254762,athlete
892f5a362d7ffff,892f5a375afffff,1239449343,5506743143,15.7572,0.10699,athlete
892f5a362d7ffff,892f5a375b7ffff,1239449343,2890576069,18.5328,0.01322,athlete
892f5a362dbffff,892f5a36213ffff,471978558,1239443735,12.9336,0.277663,athlete
892f5a362dbffff,892f5a3621bffff,471978558,7878186387,11.5356,0.380557,athlete
892f5a362dbffff,892f5a36243ffff,471978558,822683298,15.7983,0.105004,athlete
892f5a362dbffff,892f5a36247ffff,471978558,1942852414,18.5532,0.012856,athlete
892f5a362dbffff,892f5a3624bffff,471978558,1107512343,19.7625,0.000348,athlete
892f5a362dbffff,892f5a36253ffff,471978558,11512438978,10.5187,0.459305,athlete
892f5a362dbffff,892f5a36257ffff,471978558,563748914,13.1657,0.261489,athlete
892f5a362dbffff,892f5a3625bffff,471978558,764851982,14.5277,0.173623,athlete
892f5a362dbffff,892f5a36283ffff,471978558,1143784300,17.4174,0.04058,athlete
892f5a362dbffff,892f5a3628bffff,471978558,1239449262,13.4786,0.240184,athlete
892f5a362dbffff,892f5a3628fffff,471978558,1304643606,16.9988,0.054538,athlete
892f5a362dbffff,892f5a36293ffff,471978558,2201592550,19.1966,0.003977,athlete
892f5a362dbffff,892f5a3629bffff,471978558,1304643617,13.4088,0.244884,athlete
892f5a362dbffff,892f5a362c3ffff,471978558,7946433661,4.6915,0.870265,athlete
892f5a362dbffff,892f5a362c7ffff,471978558,896901457,9.0869,0.57147,athlete
892f5a362dbffff,892f5a362cbffff,471978558,472359869,5.4008,0.830608,athlete
892f5a362dbffff,892f5a362cfffff,471978558,2095799546,8.4459,0.620853,athlete
892f5a362dbffff,892f5a362d3ffff,471978558,471978645,5.5721,0.820394,athlete
892f5a362dbffff,892f5a362d7ffff,471978558,1239449343,9.9208,0.50622,athlete
892f5a362dbffff,892f5a362dbffff,471978558,471978558,0.5761,0.997954,athlete
892f5a362dbffff,892f5a36647ffff,471978558,295413512,18.6025,0.011998,athlete
892f5a362dbffff,892f5a3664fffff,471978558,475762598,17.4974,0.038138,athlete
892f5a362dbffff,892f5a36663ffff,471978558,318826549,15.2042,0.13529,athlete
892f5a362dbffff,892f5a36667ffff,471978558,1304352208,17.922,0.026401,athlete
892f5a362dbffff,892f5a3666bffff,471978558,2199562412,10.4792,0.4624,athlete
892f5a362dbffff,892f5a3666fffff,471978558,7263440604,16.8623,0.059511,athlete
892f5a362dbffff,892f5a36673ffff,471978558,861244781,19.0746,0.005273,athlete
892f5a362dbffff,892f5a36677ffff,471978558,318826498,18.0648,0.022924,athlete
892f5a362dbffff,892f5a3667bffff,471978558,978985095,14.6375,0.167141,athlete
892f5a362dbffff,892f5a37193ffff,471978558,7865126998,17.7023,0.032213,athlete
892f5a362dbffff,892f5a37197ffff,471978558,839607167,18.5902,0.01221,athlete
892f5a362dbffff,892f5a37503ffff,471978558,6237227412,18.9098,0.007314,athlete
892f5a362dbffff,892f5a37507ffff,471978558,9933084480,13.5209,0.23735,athlete
892f5a362dbffff,892f5a3750fffff,471978558,472360248,17.8886,0.027247,athlete
892f5a362dbffff,892f5a37513ffff,471978558,11538316379,19.4929,0.001586,athlete
892f5a362dbffff,892f5a37517ffff,471978558,6283520292,15.366,0.126714,athlete
892f5a362dbffff,892f5a37527ffff,471978558,9602267747,8.7388,0.59841,athlete
892f5a362dbffff,892f5a3752bffff,471978558,472360457,17.8461,0.028347,athlete
892f5a362dbffff,892f5a3752fffff,471978558,10293242124,13.3186,0.251,athlete
892f5a362dbffff,892f5a37533ffff,471978558,9954179094,10.4697,0.463143,athlete
892f5a362dbffff,892f5a37537ffff,471978558,5495728727,6.1298,0.785586,athlete
892f5a362dbffff,892f5a3753bffff,471978558,1094547495,15.8043,0.104717,athlete
892f5a362dbffff,892f5a375a3ffff,471978558,9954223273,14.1092,0.199215,athlete
892f5a362dbffff,892f5a375a7ffff,471978558,2327217335,6.1647,0.783334,athlete
892f5a362dbffff,892f5a375abffff,471978558,582802728,11.7305,0.365751,athlete
892f5a362dbffff,892f5a375afffff,471978558,5506743143,6.7178,0.746511,athlete
892f5a362dbffff,892f5a375b3ffff,471978558,475758058,18.8883,0.007604,athlete
892f5a362dbffff,892f5a375b7ffff,471978558,2890576069,13.9017,0.212388,athlete
892f5a362dbffff,892f5a375bbffff,471978558,472359980,15.8606,0.102023,athlete
892f5a36603ffff,892f5a36603ffff,1520829774,1520829774,0.3763,0.999127,athlete
892f5a36603ffff,892f5a36607ffff,1520829774,1304352847,12.3614,0.318762,athlete
892f5a36603ffff,892f5a3660bffff,1520829774,6282956810,7.4008,0.698518,athlete
892f5a36603ffff,892f5a3660fffff,1520829774,1658720563,7.6224,0.682426,athlete
892f5a36603ffff,892f5a36613ffff,1520829774,1520547162,13.3875,0.246325,athlete
892f5a36603ffff,892f5a3661bffff,1520829774,1520547162,11.9577,0.348653,athlete
892f5a36603ffff,892f5a36623ffff,1520829774,1075380045,19.1464,0.004487,athlete
892f5a36603ffff,892f5a3662bffff,1520829774,1304351798,16.9386,0.056708,athlete
892f5a36603ffff,892f5a36633ffff,1520829774,1075380077,15.8081,0.104532,athlete
892f5a36603ffff,892f5a3663bffff,1520829774,12438051358,13.4524,0.241948,athlete
892f5a36603ffff,892f5a36643ffff,1520829774,1520857952,17.7946,0.029702,athlete
892f5a36603ffff,892f5a36647ffff,1520829774,295413512,13.302,0.252135,athlete
892f5a36603ffff,892f5a3664fffff,1520829774,475762598,18.4675,0.014417,athlete
892f5a36603ffff,892f5a36657ffff,1520829774,10548487822,16.0755,0.092035,athlete
892f5a36603ffff,892f5a36663ffff,1520829774,318826549,17.2545,0.04578,athlete
892f5a36603ffff,892f5a36667ffff,1520829774,1304352208,18.6015,0.012016,athlete
892f5a36603ffff,892f5a36673ffff,1520829774,861244781,10.8519,0.433293,athlete
892f5a36603ffff,892f5a36677ffff,1520829774,318826498,13.4813,0.240001,athlete
892f5a36603ffff,892f5a3667bffff,1520829774,978985095,17.338,0.043078,athlete
892f5a36607ffff,892f5a36053ffff,1304352847,1304352680,19.8861,8e-05,athlete
892f5a36607ffff,892f5a3605bffff,1304352847,2321419350,17.8846,0.027351,athlete
892f5a36607ffff,892f5a36283ffff,1304352847,1143784300,19.9978,0.0,athlete
892f5a36607ffff,892f5a36293ffff,1304352847,2201592550,15.9031,0.10001,athlete
892f5a36607ffff,892f5a36297ffff,1304352847,1304643745,19.1457,0.004495,athlete
892f5a36607ffff,892f5a36603ffff,1304352847,1520829774,14.2232,0.192107,athlete
892f5a36607ffff,892f5a36607ffff,1304352847,1304352847,1.8384,0.979296,athlete
892f5a36607ffff,892f5a3660bffff,1304352847,6282956810,11.1093,0.413316,athlete
892f5a36607ffff,892f5a3660fffff,1304352847,1658720563,6.7322,0.745528,athlete
892f5a36607ffff,892f5a36613ffff,1304352847,1520547162,19.4471,0.001884,athlete
892f5a36607ffff,892f5a3661bffff,1304352847,1520547162,18.0174,0.024052,athlete
892f5a36607ffff,892f5a36623ffff,1304352847,1075380045,10.7407,0.441959,athlete
892f5a36607ffff,892f5a36627ffff,1304352847,2862866543,16.1793,0.087377,athlete
892f5a36607ffff,892f5a3662bffff,1304352847,1304351798,10.1657,0.486988,athlete
892f5a36607ffff,892f5a3662fffff,1304352847,380476702,15.3714,0.126436,athlete
892f5a36607ffff,892f5a36633ffff,1304352847,1075380077,7.4023,0.698406,athlete
892f5a36607ffff,892f5a36637ffff,1304352847,2321360661,16.5798,0.070437,athlete
892f5a36607ffff,892f5a3663bffff,1304352847,12438051358,5.0466,0.850956,athlete
892f5a36607ffff,892f5a36647ffff,1304352847,295413512,15.8625,0.101932,athlete
892f5a36607ffff,892f5a36657ffff,1304352847,10548487822,19.784,0.000288,athlete
892f5a36607ffff,892f5a36663ffff,1304352847,318826549,14.5143,0.174422,athlete
892f5a36607ffff,892f5a36667ffff,1304352847,1304352208,14.0659,0.201936,athlete
892f5a36607ffff,892f5a36673ffff,1304352847,861244781,10.9549,0.425286,athlete
892f5a36607ffff,892f5a36677ffff,1304352847,318826498,9.8371,0.512791,athlete
892f5a36607ffff,892f5a3667bffff,1304352847,978985095,17.441,0.039854,athlete
892f5a3660bffff,892f5a36293ffff,6282956810,2201592550,19.7806,0.000297,athlete
892f5a3660bffff,892f5a362d3ffff,6282956810,471978645,19.3185,0.002862,athlete
892f5a3660bffff,892f5a36603ffff,6282956810,1520829774,9.7639,0.518542,athlete
892f5a3660bffff,892f5a36607ffff,6282956810,1304352847,11.6612,0.371006,athlete
892f5a3660bffff,892f5a3660bffff,6282956810,6282956810,1.688,0.982527,athlete
892f5a3660bffff,892f5a3660fffff,6282956810,1658720563,6.9222,0.732421,athlete
892f5a3660bffff,892f5a36613ffff,6282956810,1520547162,13.6513,0.228696,athlete
892f5a3660bffff,892f5a3661bffff,6282956810,1520547162,12.2215,0.329045,athlete
892f5a3660bffff,892f5a36623ffff,6282956810,1075380045,18.4463,0.014818,athlete
892f5a3660bffff,892f5a3662bffff,6282956810,1304351798,14.8512,0.154805,athlete
892f5a3660bffff,892f5a36633ffff,6282956810,1075380077,15.1079,0.140504,athlete
892f5a3660bffff,892f5a3663bffff,6282956810,12438051358,12.7522,0.290514,athlete
892f5a3660bffff,892f5a36643ffff,6282956810,1520857952,12.0819,0.33939,athlete
892f5a3660bffff,892f5a36647ffff,6282956810,295413512,7.5892,0.684851,athlete
892f5a3660bffff,892f5a3664bffff,6282956810,8364977378,16.1337,0.08941,athlete
892f5a3660bffff,892f5a3664fffff,6282956810,475762598,12.7547,0.290335,athlete
892f5a3660bffff,892f5a36653ffff,6282956810,1520857592,14.7514,0.160517,athlete
892f5a3660bffff,892f5a36657ffff,6282956810,10548487822,10.3627,0.471529,athlete
892f5a3660bffff,892f5a3665bffff,6282956810,475768206,16.1719,0.087706,athlete
892f5a3660bffff,892f5a36663ffff,6282956810,318826549,11.5417,0.380094,athlete
892f5a3660bffff,892f5a36667ffff,6282956810,1304352208,14.9049,0.151769,athlete
892f5a3660bffff,892f5a3666bffff,6282956810,2199562412,16.6278,0.06852,athlete
892f5a3660bffff,892f5a36673ffff,6282956810,861244781,5.1391,0.845745,athlete
892f5a3660bffff,892f5a36677ffff,6282956810,318826498,11.394,0.391389,athlete
892f5a3660bffff,892f5a3667bffff,6282956810,978985095,11.6252,0.373738,athlete
892f5a3660bffff,892f5a366cfffff,6282956810,1485314845,16.9695,0.055589,athlete
892f5a3660bffff,892f5a375b3ffff,6282956810,475758058,18.039,0.023533,athlete
892f5a3660bffff,892f5a375b7ffff,6282956810,2890576069,17.1103,0.050632,athlete
892f5a3660bffff,892f5aadb27ffff,6282956810,517549695,19.6792,0.000635,athlete
892f5a3660fffff,892f5a36293ffff,1658720563,2201592550,18.3179,0.017353,athlete
892f5a3660fffff,892f5a36603ffff,1658720563,1520829774,9.2195,0.561146,athlete
892f5a3660fffff,892f5a36607ffff,1658720563,1304352847,6.4675,0.763424,athlete
892f5a3660fffff,892f5a3660bffff,1658720563,6282956810,6.1056,0.787144,athlete
892f5a3660fffff,892f5a3660fffff,1658720563,1658720563,0.7355,0.996667,athlete
892f5a3660fffff,892f5a36613ffff,1658720563,1520547162,14.4434,0.178668,athlete
892f5a3660fffff,892f5a3661bffff,1658720563,1520547162,13.0136,0.272052,athlete
892f5a3660fffff,892f5a36623ffff,1658720563,1075380045,13.2525,0.255516,athlete
892f5a3660fffff,892f5a36627ffff,1658720563,2862866543,18.6911,0.01053,athlete
892f5a3660fffff,892f5a3662bffff,1658720563,1304351798,11.8842,0.354163,athlete
892f5a3660fffff,892f5a3662fffff,1658720563,380476702,17.8832,0.027386,athlete
892f5a3660fffff,892f5a36633ffff,1658720563,1075380077,9.9142,0.506738,athlete
892f5a3660fffff,892f5a36637ffff,1658720563,2321360661,19.0917,0.00508,athlete
892f5a3660fffff,892f5a3663bffff,1658720563,12438051358,7.5585,0.687092,athlete
892f5a3660fffff,892f5a36643ffff,1658720563,1520857952,16.4994,0.073703,athlete
892f5a3660fffff,892f5a36647ffff,1658720563,295413512,12.0068,0.344985,athlete
892f5a3660fffff,892f5a3664fffff,1658720563,475762598,17.1723,0.048517,athlete
892f5a3660fffff,892f5a36653ffff,1658720563,1520857592,19.169,0.004254,athlete
892f5a3660fffff,892f5a36657ffff,1658720563,10548487822,14.7803,0.158857,athlete
892f5a3660fffff,892f5a36663ffff,1658720563,318826549,12.4584,0.311679,athlete
892f5a3660fffff,892f5a36667ffff,1658720563,1304352208,13.6006,0.232046,athlete
892f5a3660fffff,892f5a3666bffff,1658720563,2199562412,19.0137,0.005989,athlete
892f5a3660fffff,892f5a36673ffff,1658720563,861244781,7.868,0.664336,athlete
892f5a3660fffff,892f5a36677ffff,1658720563,318826498,8.427,0.622289,athlete
892f5a3660fffff,892f5a3667bffff,1658720563,978985095,14.3541,0.184074,athlete
892f5a36613ffff,892f5a36603ffff,1520547162,1520829774,13.7907,0.21956,athlete
892f5a36613ffff,892f5a36607ffff,1520547162,1304352847,18.0248,0.023873,athlete
892f5a36613ffff,892f5a3660bffff,1520547162,6282956810,11.677,0.369803,athlete
892f5a36613ffff,892f5a3660fffff,1520547162,1658720563,13.2858,0.253237,athlete
892f5a36613ffff,892f5a36613ffff,1520547162,1520547162,5.0383,0.851421,athlete
892f5a36613ffff,892f5a3661bffff,1520547162,1520547162,3.6085,0.921806,athlete
892f5a36613ffff,892f5a3663bffff,1520547162,12438051358,19.1158,0.004815,athlete
892f5a36613ffff,892f5a36647ffff,1520547162,295413512,17.5783,0.035743,athlete
892f5a36613ffff,892f5a36673ffff,1520547162,861244781,15.1282,0.139401,athlete
892f5a36613ffff,892f5a36677ffff,1520547162,318826498,17.7576,0.030698,athlete
892f5a3661bffff,892f5a36603ffff,1520547162,1520829774,12.361,0.318792,athlete
892f5a3661bffff,892f5a36607ffff,1520547162,1304352847,16.595,0.069828,athlete
892f5a3661bffff,892f5a3660bffff,1520547162,6282956810,10.2473,0.480585,athlete
892f5a3661bffff,892f5a3660fffff,1520547162,1658720563,11.8561,0.356282,athlete
892f5a3661bffff,892f5a36613ffff,1520547162,1520547162,3.6085,0.921806,athlete
892f5a3661bffff,892f5a3661bffff,1520547162,1520547162,2.1787,0.971004,athlete
892f5a3661bffff,892f5a3662bffff,1520547162,1304351798,19.7851,0.000285,athlete
892f5a3661bffff,892f5a3663bffff,1520547162,12438051358,17.686,0.032667,athlete
892f5a3661bffff,892f5a36647ffff,1520547162,295413512,16.1485,0.088748,athlete
892f5a3661bffff,892f5a36657ffff,1520547162,10548487822,18.922,0.007152,athlete
892f5a3661bffff,892f5a36673ffff,1520547162,861244781,13.6984,0.225595,athlete
892f5a3661bffff,892f5a36677ffff,1520547162,318826498,16.3278,0.0809,athlete
892f5a36623ffff,892f5a36053ffff,1075380045,1304352680,10.2334,0.481675,athlete
892f5a36623ffff,892f5a3605bffff,1075380045,2321419350,8.2318,0.637092,athlete
892f5a36623ffff,892f5a36283ffff,1075380045,1143784300,14.9836,0.147357,athlete
892f5a36623ffff,892f5a3628bffff,1075380045,1239449262,18.8693,0.007866,athlete
892f5a36623ffff,892f5a3628fffff,1075380045,1304643606,19.6341,0.000825,athlete
892f5a36623ffff,892f5a36293ffff,1075380045,2201592550,10.8889,0.430409,athlete
892f5a36623ffff,892f5a36297ffff,1075380045,1304643745,12.3146,0.322187,athlete
892f5a36623ffff,892f5a3629bffff,1075380045,1304643617,16.404,0.077666,athlete
892f5a36623ffff,892f5a36607ffff,1075380045,1304352847,10.233,0.481703,athlete
892f5a36623ffff,892f5a3660bffff,1075380045,6282956810,17.0892,0.051359,athlete
892f5a36623ffff,892f5a3660fffff,1075380045,1658720563,12.7121,0.293374,athlete
892f5a36623ffff,892f5a36623ffff,1075380045,1075380045,1.0879,0.992717,athlete
892f5a36623ffff,892f5a36627ffff,1075380045,2862866543,6.5265,0.75947,athlete
892f5a36623ffff,892f5a3662bffff,1075380045,1304351798,6.9566,0.730024,athlete
892f5a36623ffff,892f5a3662fffff,1075380045,380476702,7.1076,0.71943,athlete
892f5a36623ffff,892f5a36633ffff,1075380045,1075380077,5.1039,0.847734,athlete
892f5a36623ffff,892f5a36637ffff,1075380045,2321360661,6.9271,0.732082,athlete
892f5a36623ffff,892f5a3663bffff,1075380045,12438051358,7.4857,0.692378,athlete
892f5a36623ffff,892f5a36663ffff,1075380045,318826549,16.927,0.057129,athlete
892f5a36623ffff,892f5a36667ffff,1075380045,1304352208,12.939,0.277284,athlete
892f5a36623ffff,892f5a36673ffff,1075380045,861244781,16.8061,0.061616,athlete
892f5a36623ffff,892f5a36677ffff,1075380045,318826498,11.9479,0.349392,athlete
892f5a36627ffff,892f5a36053ffff,2862866543,1304352680,5.0652,0.849915,athlete
892f5a36627ffff,892f5a3605bffff,2862866543,2321419350,5.5661,0.820757,athlete
892f5a36627ffff,892f5a36283ffff,2862866543,1143784300,15.4107,0.124389,athlete
892f5a36627ffff,892f5a3628bffff,2862866543,1239449262,19.2963,0.003051,athlete
892f5a36627ffff,892f5a3628fffff,2862866543,1304643606,18.9368,0.006957,athlete
892f5a36627ffff,892f5a36293ffff,2862866543,2201592550,11.316,0.397374,athlete
892f5a36627ffff,892f5a36297ffff,2862866543,1304643745,11.2531,0.402215,athlete
892f5a36627ffff,892f5a3629bffff,2862866543,1304643617,16.8311,0.060674,athlete
892f5a36627ffff,892f5a36607ffff,2862866543,1304352847,15.9898,0.095963,athlete
892f5a36627ffff,892f5a3660fffff,2862866543,1658720563,18.4689,0.014391,athlete
892f5a36627ffff,892f5a36623ffff,2862866543,1075380045,6.8447,0.737795,athlete
892f5a36627ffff,892f5a36627ffff,2862866543,2862866543,0.5901,0.997854,athlete
892f5a36627ffff,892f5a3662bffff,2862866543,1304351798,9.9264,0.505782,athlete
892f5a36627ffff,892f5a3662fffff,2862866543,380476702,6.0461,0.790955,athlete
892f5a36627ffff,892f5a36633ffff,2862866543,1075380077,10.8607,0.432606,athlete
892f5a36627ffff,892f5a36637ffff,2862866543,2321360661,7.3084,0.705157,athlete
892f5a36627ffff,892f5a3663bffff,2862866543,12438051358,12.766,0.289529,athlete
892f5a36627ffff,892f5a36663ffff,2862866543,318826549,18.8996,0.007451,athlete
892f5a36627ffff,892f5a36667ffff,2862866543,1304352208,13.8938,0.212897,athlete
892f5a36627ffff,892f5a36673ffff,2862866543,861244781,19.7758,0.00031,athlete
892f5a36627ffff,892f5a36677ffff,2862866543,318826498,14.9176,0.151053,athlete
892f5a3662bffff,892f5a36053ffff,1304351798,1304352680,13.3619,0.248059,athlete
892f5a3662bffff,892f5a3605bffff,1304351798,2321419350,11.3119,0.397688,athlete
892f5a3662bffff,892f5a36283ffff,1304351798,1143784300,12.4996,0.308687,athlete
892f5a3662bffff,892f5a3628bffff,1304351798,1239449262,15.5914,0.115176,athlete
892f5a3662bffff,892f5a3628fffff,1304351798,1304643606,17.1501,0.049269,athlete
892f5a3662bffff,892f5a36293ffff,1304351798,2201592550,8.4049,0.623971,athlete
892f5a3662bffff,892f5a36297ffff,1304351798,1304643745,11.6475,0.372043,athlete
892f5a3662bffff,892f5a3629bffff,1304351798,1304643617,12.3657,0.318442,athlete
892f5a3662bffff,892f5a362c7ffff,1304351798,896901457,19.5265,0.001382,athlete
892f5a3662bffff,892f5a362d3ffff,1304351798,471978645,18.1238,0.021557,athlete
892f5a3662bffff,892f5a362d7ffff,1304351798,1239449343,17.4291,0.04022,athlete
892f5a3662bffff,892f5a36603ffff,1304351798,1520829774,17.9833,0.02488,athlete
892f5a3662bffff,892f5a36607ffff,1304351798,1304352847,10.018,0.498588,athlete
892f5a3662bffff,892f5a3660bffff,1304351798,6282956810,13.5328,0.236556,athlete
892f5a3662bffff,892f5a3660fffff,1304351798,1658720563,10.6227,0.451172,athlete
892f5a3662bffff,892f5a36623ffff,1304351798,1075380045,7.2285,0.710865,athlete
892f5a3662bffff,892f5a36627ffff,1304351798,2862866543,9.8046,0.515342,athlete
892f5a3662bffff,892f5a3662bffff,1304351798,1304351798,0.6543,0.997361,athlete
892f5a3662bffff,892f5a3662fffff,1304351798,380476702,8.3909,0.625036,athlete
892f5a3662bffff,892f5a36633ffff,1304351798,1075380077,9.5958,0.531722,athlete
892f5a3662bffff,892f5a36637ffff,1304351798,2321360661,10.8786,0.431216,athlete
892f5a3662bffff,892f5a3663bffff,1304351798,12438051358,5.386,0.831482,athlete
892f5a3662bffff,892f5a36647ffff,1304351798,295413512,15.4115,0.124349,athlete
892f5a3662bffff,892f5a3664fffff,1304351798,475762598,18.5941,0.012143,athlete
892f5a3662bffff,892f5a36657ffff,1304351798,10548487822,19.7993,0.000248,athlete
892f5a3662bffff,892f5a36663ffff,1304351798,318826549,10.6247,0.451014,athlete
892f5a3662bffff,892f5a36667ffff,1304351798,1304352208,6.9857,0.727996,athlete
892f5a3662bffff,892f5a3666bffff,1304351798,2199562412,16.2896,0.082544,athlete
892f5a3662bffff,892f5a36673ffff,1304351798,861244781,10.5038,0.460473,athlete
892f5a3662bffff,892f5a36677ffff,1304351798,318826498,5.6456,0.815947,athlete
892f5a3662bffff,892f5a3667bffff,1304351798,978985095,13.8651,0.214742,athlete
892f5a3662fffff,892f5a36053ffff,380476702,1304352680,9.0877,0.571408,athlete
892f5a3662fffff,892f5a3605bffff,380476702,2321419350,4.6286,0.873564,athlete
892f5a3662fffff,892f5a36213ffff,380476702,1239443735,19.6715,0.000665,athlete
892f5a3662fffff,892f5a36283ffff,380476702,1143784300,10.7693,0.439724,athlete
892f5a3662fffff,892f5a3628bffff,380476702,1239449262,14.655,0.166118,athlete
892f5a3662fffff,892f5a3628fffff,380476702,1304643606,15.0201,0.145333,athlete
892f5a3662fffff,892f5a36293ffff,380476702,2201592550,6.6746,0.749457,athlete
892f5a3662fffff,892f5a36297ffff,380476702,1304643745,7.3364,0.703146,athlete
892f5a3662fffff,892f5a3629bffff,380476702,1304643617,12.1897,0.331389,athlete
892f5a3662fffff,892f5a362c7ffff,380476702,896901457,19.3505,0.0026,athlete
892f5a3662fffff,892f5a362d3ffff,380476702,471978645,19.965,8e-06,athlete
892f5a3662fffff,892f5a362d7ffff,380476702,1239449343,17.2785,0.044996,athlete
892f5a3662fffff,892f5a36607ffff,380476702,1304352847,14.0997,0.199809,athlete
892f5a3662fffff,892f5a3660bffff,380476702,6282956810,19.7894,0.000274,athlete
892f5a3662fffff,892f5a3660fffff,380476702,1658720563,16.5788,0.070478,athlete
892f5a3662fffff,892f5a36623ffff,380476702,1075380045,7.0452,0.723828,athlete
892f5a3662fffff,892f5a36627ffff,380476702,2862866543,6.2657,0.77676,athlete
892f5a3662fffff,892f5a3662bffff,380476702,1304351798,7.5608,0.68692,athlete
892f5a3662fffff,892f5a3662fffff,380476702,380476702,1.4047,0.987877,athlete
892f5a3662fffff,892f5a36633ffff,380476702,1075380077,11.0612,0.41704,athlete
892f5a3662fffff,892f5a36637ffff,380476702,2321360661,9.3267,0.552779,athlete
892f5a3662fffff,892f5a3663bffff,380476702,12438051358,10.4807,0.462284,athlete
892f5a3662fffff,892f5a36663ffff,380476702,318826549,14.2582,0.189946,athlete
892f5a3662fffff,892f5a36667ffff,380476702,1304352208,9.2524,0.558581,athlete
892f5a3662fffff,892f5a3666bffff,380476702,2199562412,17.615,0.034679,athlete
892f5a3662fffff,892f5a36673ffff,380476702,861244781,16.0205,0.094545,athlete
892f5a3662fffff,892f5a36677ffff,380476702,318826498,11.0578,0.417299,athlete
892f5a3662fffff,892f5a3667bffff,380476702,978985095,17.4986,0.038101,athlete
892f5a36633ffff,892f5a36053ffff,1075380077,1304352680,14.3172,0.186328,athlete
892f5a36633ffff,892f5a3605bffff,1075380077,2321419350,12.3156,0.322114,athlete
892f5a36633ffff,892f5a36283ffff,1075380077,1143784300,18.5811,0.012368,athlete
892f5a36633ffff,892f5a36293ffff,1075380077,2201592550,14.4864,0.176089,athlete
892f5a36633ffff,892f5a36297ffff,1075380077,1304643745,16.3984,0.077902,athlete
892f5a36633ffff,892f5a36603ffff,1075380077,1520829774,16.892,0.058411,athlete
892f5a36633ffff,892f5a36607ffff,1075380077,1304352847,6.9219,0.732445,athlete
892f5a36633ffff,892f5a3660bffff,1075380077,6282956810,13.7781,0.220383,athlete
892f5a36633ffff,892f5a3660fffff,1075380077,1658720563,9.401,0.546975,athlete
892f5a36633ffff,892f5a36623ffff,1075380077,1075380045,5.1717,0.843889,athlete
892f5a36633ffff,892f5a36627ffff,1075380077,2862866543,10.6103,0.452139,athlete
892f5a36633ffff,892f5a3662bffff,1075380077,1304351798,9.1598,0.565796,athlete
892f5a36633ffff,892f5a3662fffff,1075380077,380476702,11.1914,0.40697,athlete
892f5a36633ffff,892f5a36633ffff,1075380077,1075380077,1.6835,0.982619,athlete
892f5a36633ffff,892f5a36637ffff,1075380077,2321360661,11.0109,0.420938,athlete
892f5a36633ffff,892f5a3663bffff,1075380077,12438051358,4.1746,0.896298,athlete
892f5a36633ffff,892f5a36647ffff,1075380077,295413512,18.5313,0.013247,athlete
892f5a36633ffff,892f5a36663ffff,1075380077,318826549,14.6035,0.169137,athlete
892f5a36633ffff,892f5a36667ffff,1075380077,1304352208,13.1939,0.259544,athlete
892f5a36633ffff,892f5a36673ffff,1075380077,861244781,13.6236,0.23052,athlete
892f5a36633ffff,892f5a36677ffff,1075380077,318826498,9.5995,0.531433,athlete
892f5a36633ffff,892f5a3667bffff,1075380077,978985095,17.8439,0.028402,athlete
892f5a36637ffff,892f5a36053ffff,2321360661,1304352680,11.1147,0.412899,athlete
892f5a36637ffff,892f5a3605bffff,2321360661,2321419350,9.1132,0.569427,athlete
892f5a36637ffff,892f5a36283ffff,2321360661,1143784300,18.9577,0.006686,athlete
892f5a36637ffff,892f5a36293ffff,2321360661,2201592550,14.8631,0.154133,athlete
892f5a36637ffff,892f5a36297ffff,2321360661,1304643745,14.8001,0.157718,athlete
892f5a36637ffff,892f5a36607ffff,2321360661,1304352847,16.5946,0.069846,athlete
892f5a36637ffff,892f5a3660fffff,2321360661,1658720563,19.0737,0.005283,athlete
892f5a36637ffff,892f5a36623ffff,2321360661,1075380045,7.4495,0.695001,athlete
892f5a36637ffff,892f5a36627ffff,2321360661,2862866543,7.4078,0.698008,athlete
892f5a36637ffff,892f5a3662bffff,2321360661,1304351798,11.3461,0.39506,athlete
892f5a36637ffff,892f5a3662fffff,2321360661,380476702,9.5931,0.531932,athlete
892f5a36637ffff,892f5a36633ffff,2321360661,1075380077,11.4655,0.385913,athlete
892f5a36637ffff,892f5a36637ffff,2321360661,2321360661,3.6268,0.921032,athlete
892f5a36637ffff,892f5a3663bffff,2321360661,12438051358,13.8473,0.215895,athlete
892f5a36637ffff,892f5a36667ffff,2321360661,1304352208,17.1578,0.049008,athlete
892f5a36637ffff,892f5a36677ffff,2321360661,318826498,16.3374,0.080493,athlete
892f5a3663bffff,892f5a36053ffff,12438051358,1304352680,16.7076,0.065389,athlete
892f5a3663bffff,892f5a3605bffff,12438051358,2321419350,14.6576,0.165963,athlete
892f5a3663bffff,892f5a36283ffff,12438051358,1143784300,16.5288,0.072503,athlete
892f5a3663bffff,892f5a36293ffff,12438051358,2201592550,12.4341,0.31345,athlete
892f5a3663bffff,892f5a36297ffff,12438051358,1304643745,15.6767,0.110931,athlete
892f5a3663bffff,892f5a3629bffff,12438051358,1304643617,17.1041,0.050844,athlete
892f5a3663bffff,892f5a362d3ffff,12438051358,471978645,19.0284,0.005812,athlete
892f5a3663bffff,892f5a36603ffff,12438051358,1520829774,15.4407,0.122837,athlete
892f5a3663bffff,892f5a36607ffff,12438051358,1304352847,5.4706,0.826477,athlete
892f5a3663bffff,892f5a3660bffff,12438051358,6282956810,12.3268,0.321295,athlete
892f5a3663bffff,892f5a3660fffff,12438051358,1658720563,7.9497,0.65826,athlete
892f5a3663bffff,892f5a3661bffff,12438051358,1520547162,19.2349,0.003607,athlete
892f5a3663bffff,892f5a36623ffff,12438051358,1075380045,8.374,0.626319,athlete
892f5a3663bffff,892f5a36627ffff,12438051358,2862866543,13.1503,0.26255,athlete
892f5a3663bffff,892f5a3662bffff,12438051358,1304351798,5.9577,0.796574,athlete
892f5a3663bffff,892f5a3662fffff,12438051358,380476702,11.9023,0.352804,athlete
892f5a3663bffff,892f5a36633ffff,12438051358,1075380077,5.142,0.845578,athlete
892f5a3663bffff,892f5a36637ffff,12438051358,2321360661,14.2132,0.192727,athlete
892f5a3663bffff,892f5a3663bffff,12438051358,12438051358,0.1485,0.999864,athlete
892f5a3663bffff,892f5a36647ffff,12438051358,295413512,15.198,0.135624,athlete
892f5a3663bffff,892f5a3664fffff,12438051358,475762598,19.2369,0.003587,athlete
892f5a3663bffff,892f5a36657ffff,12438051358,10548487822,19.5858,0.001058,athlete
892f5a3663bffff,892f5a36663ffff,12438051358,318826549,11.2675,0.401105,athlete
892f5a3663bffff,892f5a36667ffff,12438051358,1304352208,9.1678,0.565175,athlete
892f5a3663bffff,892f5a3666bffff,12438051358,2199562412,17.1942,0.047781,athlete
892f5a3663bffff,892f5a36673ffff,12438051358,861244781,10.2903,0.477207,athlete
892f5a3663bffff,892f5a36677ffff,12438051358,318826498,6.2635,0.776901,athlete
892f5a3663bffff,892f5a3667bffff,12438051358,978985095,14.508,0.174801,athlete
892f5a36643ffff,892f5a36603ffff,1520857952,1520829774,19.7433,0.000407,athlete
892f5a36643ffff,892f5a3660bffff,1520857952,6282956810,11.6674,0.370536,athlete
892f5a36643ffff,892f5a3660fffff,1520857952,1658720563,16.9016,0.058058,athlete
892f5a36643ffff,892f5a36643ffff,1520857952,1520857952,0.6903,0.997063,athlete
892f5a36643ffff,892f5a36647ffff,1520857952,295413512,9.8089,0.515006,athlete
892f5a36643ffff,892f5a3664bffff,1520857952,8364977378,15.9051,0.099919,athlete
892f5a36643ffff,892f5a3664fffff,1520857952,475762598,14.9744,0.147871,athlete
892f5a36643ffff,892f5a36653ffff,1520857952,1520857592,7.2328,0.710555,athlete
892f5a36643ffff,892f5a36657ffff,1520857952,10548487822,5.9175,0.799107,athlete
892f5a36643ffff,892f5a3665bffff,1520857952,475768206,10.708,0.444505,athlete
892f5a36643ffff,892f5a36663ffff,1520857952,318826549,18.7781,0.009182,athlete
892f5a36643ffff,892f5a3666bffff,1520857952,2199562412,18.8475,0.00817,athlete
892f5a36643ffff,892f5a36673ffff,1520857952,861244781,12.7678,0.289398,athlete
892f5a36643ffff,892f5a36677ffff,1520857952,318826498,19.533,0.001345,athlete
892f5a36643ffff,892f5a3667bffff,1520857952,978985095,13.9774,0.207545,athlete
892f5a36643ffff,892f5a366c3ffff,1520857952,10588174561,13.7423,0.222718,athlete
892f5a36643ffff,892f5a366c7ffff,1520857952,3265458964,18.7011,0.010372,athlete
892f5a36643ffff,892f5a366cbffff,1520857952,7374097405,12.3033,0.32302,athlete
892f5a36643ffff,892f5a366cfffff,1520857952,1485314845,11.9798,0.347,athlete
892f5a36643ffff,892f5a37587ffff,1520857952,475770391,19.447,0.001885,athlete
892f5a36643ffff,892f5a37597ffff,1520857952,13140663722,17.2186,0.046967,athlete
892f5a36643ffff,892f5a375b7ffff,1520857952,2890576069,19.33,0.002767,athlete
892f5a36643ffff,892f5aadb23ffff,1520857952,6206442559,15.182,0.136487,athlete
892f5a36643ffff,892f5aadb27ffff,1520857952,517549695,11.2658,0.401236,athlete
892f5a36643ffff,892f5aadb2bffff,1520857952,1986321871,18.0559,0.023134,athlete
892f5a36643ffff,892f5aadb2fffff,1520857952,5180913963,13.3381,0.249675,athlete
892f5a36643ffff,892f5aadb33ffff,1520857952,517548726,19.3473,0.002625,athlete
892f5a36643ffff,892f5aadb37ffff,1520857952,2393515085,16.0816,0.091756,athlete
892f5a36643ffff,892f5aadb3bffff,1520857952,13240346340,18.4282,0.015162,athlete
892f5a36647ffff,892f5a36293ffff,295413512,2201592550,19.6895,0.000595,athlete
892f5a36647ffff,892f5a3629bffff,295413512,1304643617,19.8793,9e-05,athlete
892f5a36647ffff,892f5a362d3ffff,295413512,471978645,16.1189,0.090074,athlete
892f5a36647ffff,892f5a362dbffff,295413512,471978558,19.8467,0.000145,athlete
892f5a36647ffff,892f5a36603ffff,295413512,1520829774,12.8941,0.280443,athlete
892f5a36647ffff,892f5a36607ffff,295413512,1304352847,14.4449,0.178579,athlete
892f5a36647ffff,892f5a3660bffff,295413512,6282956810,5.5854,0.819592,athlete
892f5a36647ffff,892f5a3660fffff,295413512,1658720563,9.9585,0.50326,athlete
892f5a36647ffff,892f5a36613ffff,295413512,1520547162,16.7815,0.062547,athlete
892f5a36647ffff,892f5a3661bffff,295413512,1520547162,15.3518,0.127461,athlete
892f5a36647ffff,892f5a3662bffff,295413512,1304351798,15.2939,0.130506,athlete
892f5a36647ffff,892f5a36633ffff,295413512,1075380077,17.8916,0.027171,athlete
892f5a36647ffff,892f5a3663bffff,295413512,12438051358,13.6722,0.227316,athlete
892f5a36647ffff,892f5a36643ffff,295413512,1520857952,8.2196,0.638015,athlete
892f5a36647ffff,892f5a36647ffff,295413512,295413512,0.8247,0.99581,athlete
892f5a36647ffff,892f5a3664bffff,295413512,8364977378,9.3692,0.54946,athlete
892f5a36647ffff,892f5a3664fffff,295413512,475762598,5.9902,0.794513,athlete
892f5a36647ffff,892f5a36653ffff,295413512,1520857592,10.8892,0.43039,athlete
892f5a36647ffff,892f5a36657ffff,295413512,10548487822,6.5005,0.761218,athlete
892f5a36647ffff,892f5a3665bffff,295413512,475768206,9.4074,0.546476,athlete
892f5a36647ffff,892f5a36663ffff,295413512,318826549,10.8175,0.435974,athlete
892f5a36647ffff,892f5a36667ffff,295413512,1304352208,14.8137,0.156941,athlete
892f5a36647ffff,892f5a3666bffff,295413512,2199562412,10.8869,0.430565,athlete
892f5a36647ffff,892f5a3666fffff,295413512,7263440604,18.149,0.020987,athlete
892f5a36647ffff,892f5a36673ffff,295413512,861244781,5.0715,0.849558,athlete
892f5a36647ffff,892f5a36677ffff,295413512,318826498,11.8367,0.357739,athlete
892f5a36647ffff,892f5a3667bffff,295413512,978985095,6.0168,0.792824,athlete
892f5a36647ffff,892f5a366c3ffff,295413512,10588174561,16.9456,0.056454,athlete
892f5a36647ffff,892f5a366c7ffff,295413512,3265458964,19.5575,0.001207,athlete
892f5a36647ffff,892f5a366cbffff,295413512,7374097405,16.3608,0.079495,athlete
892f5a36647ffff,892f5a366cfffff,295413512,1485314845,13.1073,0.265529,athlete
892f5a36647ffff,892f5a37583ffff,295413512,1813858066,19.3956,0.002252,athlete
892f5a36647ffff,892f5a37587ffff,295413512,475770391,15.7467,0.107503,athlete
892f5a36647ffff,892f5a37597ffff,295413512,13140663722,14.334,0.185301,athlete
892f5a36647ffff,892f5a375a3ffff,295413512,9954223273,19.8685,0.000107,athlete
892f5a36647ffff,892f5a375a7ffff,295413512,2327217335,15.4618,0.121754,athlete
892f5a36647ffff,892f5a375afffff,295413512,5506743143,19.2935,0.003076,athlete
892f5a36647ffff,892f5a375b3ffff,295413512,475758058,11.2746,0.400562,athlete
892f5a36647ffff,892f5a375b7ffff,295413512,2890576069,10.3458,0.472854,athlete
892f5a36647ffff,892f5a375bbffff,295413512,472359980,18.2035,0.019777,athlete
892f5a36647ffff,892f5aadb23ffff,295413512,6206442559,16.8309,0.060683,athlete
892f5a36647ffff,892f5aadb27ffff,295413512,517549695,12.9148,0.278989,athlete
892f5a36647ffff,892f5aadb2bffff,295413512,1986321871,19.7048,0.000537,athlete
892f5a36647ffff,892f5aadb2fffff,295413512,5180913963,14.9326,0.15021,athlete
892f5a36647ffff,892f5aadb37ffff,295413512,2393515085,17.7306,0.031435,athlete
892f5a3664bffff,892f5a3660bffff,8364977378,6282956810,15.662,0.111656,athlete
892f5a3664bffff,892f5a36643ffff,8364977378,1520857952,15.7152,0.109038,athlete
892f5a3664bffff,892f5a36647ffff,8364977378,295413512,10.9013,0.429446,athlete
892f5a3664bffff,892f5a3664bffff,8364977378,8364977378,0.6811,0.997141,athlete
892f5a3664bffff,892f5a3664fffff,8364977378,475762598,7.4866,0.692313,athlete
892f5a3664bffff,892f5a36653ffff,8364977378,1520857592,13.292,0.252817,athlete
892f5a3664bffff,892f5a36657ffff,8364977378,10548487822,16.1911,0.086855,athlete
892f5a3664bffff,892f5a3665bffff,8364977378,475768206,6.3843,0.768955,athlete
892f5a3664bffff,892f5a36663ffff,8364977378,318826549,16.6133,0.069098,athlete
892f5a3664bffff,892f5a3666bffff,8364977378,2199562412,16.2223,0.085479,athlete
892f5a3664bffff,892f5a36673ffff,8364977378,861244781,14.581,0.170467,athlete
892f5a3664bffff,892f5a36677ffff,8364977378,318826498,19.1003,0.004985,athlete
892f5a3664bffff,892f5a3667bffff,8364977378,978985095,11.8127,0.35955,athlete
892f5a3664bffff,892f5a366c3ffff,8364977378,10588174561,18.8413,0.00826,athlete
892f5a3664bffff,892f5a366cbffff,8364977378,7374097405,15.4167,0.124081,athlete
892f5a3664bffff,892f5a366cfffff,8364977378,1485314845,18.039,0.023534,athlete
892f5a3664bffff,892f5a366dbffff,8364977378,6277517902,19.4184,0.002085,athlete
892f5a3664bffff,892f5a37513ffff,8364977378,11538316379,19.3758,0.002401,athlete
892f5a3664bffff,892f5a37517ffff,8364977378,6283520292,16.8864,0.058617,athlete
892f5a3664bffff,892f5a37583ffff,8364977378,1813858066,14.198,0.193673,athlete
892f5a3664bffff,892f5a37587ffff,8364977378,475770391,9.0135,0.577166,athlete
892f5a3664bffff,892f5a3758fffff,8364977378,13736742284,14.2079,0.193058,athlete
892f5a3664bffff,892f5a37597ffff,8364977378,13140663722,8.0411,0.651437,athlete
892f5a3664bffff,892f5a3759bffff,8364977378,255995938,19.1709,0.004234,athlete
892f5a3664bffff,892f5a375a3ffff,8364977378,9954223273,17.441,0.039852,athlete
892f5a3664bffff,892f5a375a7ffff,8364977378,2327217335,17.3105,0.04396,athlete
892f5a3664bffff,892f5a375abffff,8364977378,582802728,17.9111,0.026677,athlete
892f5a3664bffff,892f5a375b3ffff,8364977378,475758058,5.9329,0.79814,athlete
892f5a3664bffff,892f5a375b7ffff,8364977378,2890576069,12.1945,0.331036,athlete
892f5a3664bffff,892f5a375bbffff,8364977378,472359980,13.3931,0.245944,athlete
892f5a3664bffff,892f5aadb23ffff,8364977378,6206442559,14.1387,0.197364,athlete
892f5a3664bffff,892f5aadb27ffff,8364977378,517549695,10.2361,0.481463,athlete
892f5a3664bffff,892f5aadb2bffff,8364977378,1986321871,16.746,0.063905,athlete
892f5a3664bffff,892f5aadb2fffff,8364977378,5180913963,11.3738,0.392934,athlete
892f5a3664bffff,892f5aadb33ffff,8364977378,517548726,18.3176,0.017359,athlete
892f5a3664bffff,892f5aadb37ffff,8364977378,2393515085,15.0519,0.143577,athlete
892f5a3664bffff,892f5aadb3bffff,8364977378,13240346340,17.385,0.041592,athlete
892f5a3664bffff,892f5aadbafffff,8364977378,307423619,19.6072,0.000951,athlete
892f5a3664fffff,892f5a36293ffff,475762598,2201592550,19.4904,0.001601,athlete
892f5a3664fffff,892f5a3629bffff,475762598,1304643617,19.3587,0.002535,athlete
892f5a3664fffff,892f5a362d3ffff,475762598,471978645,15.2323,0.133786,athlete
892f5a3664fffff,892f5a362d7ffff,475762598,1239449343,19.24,0.003559,athlete
892f5a3664fffff,892f5a362dbffff,475762598,471978558,18.96,0.006657,athlete
892f5a3664fffff,892f5a36603ffff,475762598,1520829774,17.4744,0.038832,athlete
892f5a3664fffff,892f5a36607ffff,475762598,1304352847,18.3169,0.017372,athlete
892f5a3664fffff,892f5a3660bffff,475762598,6282956810,10.1657,0.486985,athlete
892f5a3664fffff,892f5a3660fffff,475762598,1658720563,14.5388,0.172966,athlete
892f5a3664fffff,892f5a3661bffff,475762598,1520547162,19.9321,2.8e-05,athlete
892f5a3664fffff,892f5a3662bffff,475762598,1304351798,18.0164,0.024076,athlete
892f5a3664fffff,892f5a3663bffff,475762598,12438051358,16.8856,0.058647,athlete
892f5a3664fffff,892f5a36643ffff,475762598,1520857952,12.7999,0.287117,athlete
892f5a3664fffff,892f5a36647ffff,475762598,295413512,5.4319,0.828773,athlete
892f5a3664fffff,892f5a3664bffff,475762598,8364977378,6.2748,0.776163,athlete
892f5a3664fffff,892f5a3664fffff,475762598,475762598,0.2543,0.999601,athlete
892f5a3664fffff,892f5a36653ffff,475762598,1520857592,14.2796,0.188631,athlete
892f5a3664fffff,892f5a36657ffff,475762598,10548487822,11.0808,0.415525,athlete
892f5a3664fffff,892f5a3665bffff,475762598,475768206,8.5219,0.615047,athlete
892f5a3664fffff,892f5a36663ffff,475762598,318826549,10.2968,0.476698,athlete
892f5a3664fffff,892f5a36667ffff,475762598,1304352208,14.6147,0.168479,athlete
892f5a3664fffff,892f5a3666bffff,475762598,2199562412,10.0003,0.499974,athlete
892f5a3664fffff,892f5a3666fffff,475762598,7263440604,17.2623,0.045524,athlete
892f5a3664fffff,892f5a36673ffff,475762598,861244781,8.2645,0.634627,athlete
892f5a3664fffff,892f5a36677ffff,475762598,318826498,12.7838,0.288264,athlete
892f5a3664fffff,892f5a3667bffff,475762598,978985095,5.4962,0.824954,athlete
892f5a3664fffff,892f5a366c3ffff,475762598,10588174561,19.8289,0.000181,athlete
892f5a3664fffff,892f5a366cbffff,475762598,7374097405,16.4043,0.077657,athlete
892f5a3664fffff,892f5a366cfffff,475762598,1485314845,17.6876,0.032624,athlete
892f5a3664fffff,892f5a37517ffff,475762598,6283520292,18.2415,0.018955,athlete
892f5a3664fffff,892f5a37537ffff,475762598,5495728727,19.6859,0.000609,athlete
892f5a3664fffff,892f5a37583ffff,475762598,1813858066,16.4429,0.076041,athlete
892f5a3664fffff,892f5a37587ffff,475762598,475770391,12.6523,0.297666,athlete
892f5a3664fffff,892f5a3758fffff,475762598,13736742284,17.2056,0.047398,athlete
892f5a3664fffff,892f5a37597ffff,475762598,13140663722,11.3043,0.398276,athlete
892f5a3664fffff,892f5a375a3ffff,475762598,9954223273,16.2704,0.083376,athlete
892f5a3664fffff,892f5a375a7ffff,475762598,2327217335,12.8595,0.282891,athlete
892f5a3664fffff,892f5a375abffff,475762598,582802728,17.5664,0.03609,athlete
892f5a3664fffff,892f5a375afffff,475762598,5506743143,16.6913,0.066025,athlete
892f5a3664fffff,892f5a375b3ffff,475762598,475758058,6.4307,0.765874,athlete
892f5a3664fffff,892f5a375b7ffff,475762598,2890576069,7.7435,0.673534,athlete
892f5a3664fffff,892f5a375bbffff,475762598,472359980,13.0485,0.269619,athlete
892f5a3664fffff,892f5aadb23ffff,475762598,6206442559,15.9454,0.098025,athlete
892f5a3664fffff,892f5aadb27ffff,475762598,517549695,12.0293,0.343304,athlete
892f5a3664fffff,892f5aadb2bffff,475762598,1986321871,18.8193,0.008574,athlete
892f5a3664fffff,892f5aadb2fffff,475762598,5180913963,13.6188,0.230843,athlete
892f5a3664fffff,892f5aadb37ffff,475762598,2393515085,16.8451,0.060151,athlete
892f5a3664fffff,892f5aadb3bffff,475762598,13240346340,19.1917,0.004025,athlete
892f5a36653ffff,892f5a36603ffff,1520857592,1520829774,19.4079,0.002161,athlete
892f5a36653ffff,892f5a3660bffff,1520857592,6282956810,11.332,0.396147,athlete
892f5a36653ffff,892f5a3660fffff,1520857592,1658720563,16.5662,0.070985,athlete
892f5a36653ffff,892f5a36643ffff,1520857592,1520857952,4.559,0.877178,athlete
892f5a36653ffff,892f5a36647ffff,1520857592,295413512,9.4735,0.541303,athlete
892f5a36653ffff,892f5a3664bffff,1520857592,8364977378,11.5471,0.379682,athlete
892f5a36653ffff,892f5a3664fffff,1520857592,475762598,14.4431,0.178689,athlete
892f5a36653ffff,892f5a36653ffff,1520857592,1520857592,0.7341,0.99668,athlete
892f5a36653ffff,892f5a36657ffff,1520857592,10548487822,3.6332,0.920763,athlete
892f5a36653ffff,892f5a3665bffff,1520857592,475768206,6.3501,0.771214,athlete
892f5a36653ffff,892f5a36663ffff,1520857592,318826549,18.4427,0.014886,athlete
892f5a36653ffff,892f5a3666bffff,1520857592,2199562412,18.5122,0.013593,athlete
892f5a36653ffff,892f5a36673ffff,1520857592,861244781,12.4325,0.31357,athlete
892f5a36653ffff,892f5a36677ffff,1520857592,318826498,19.1976,0.003966,athlete
892f5a36653ffff,892f5a3667bffff,1520857592,978985095,13.642,0.229306,athlete
892f5a36653ffff,892f5a366c3ffff,1520857592,10588174561,7.2436,0.709788,athlete
892f5a36653ffff,892f5a366c7ffff,1520857592,3265458964,12.2023,0.330458,athlete
892f5a36653ffff,892f5a366cbffff,1520857592,7374097405,6.6588,0.750536,athlete
892f5a36653ffff,892f5a366cfffff,1520857592,1485314845,5.4811,0.825852,athlete
892f5a36653ffff,892f5a366dbffff,1520857592,6277517902,16.0902,0.091369,athlete
892f5a36653ffff,892f5a37583ffff,1520857592,1813858066,16.6806,0.066439,athlete
892f5a36653ffff,892f5a37587ffff,1520857592,475770391,15.089,0.141536,athlete
892f5a36653ffff,892f5a37597ffff,1520857592,13140663722,12.8606,0.282811,athlete
892f5a36653ffff,892f5a375b3ffff,1520857592,475758058,16.6837,0.06632,athlete
892f5a36653ffff,892f5a375b7ffff,1520857592,2890576069,18.9946,0.006223,athlete
892f5a36653ffff,892f5aadb07ffff,1520857592,9239285385,19.5231,0.001402,athlete
892f5a36653ffff,892f5aadb0fffff,1520857592,6206442994,18.1417,0.021152,athlete
892f5a36653ffff,892f5aadb23ffff,1520857592,6206442559,10.824,0.435463,athlete
892f5a36653ffff,892f5aadb27ffff,1520857592,517549695,6.9079,0.733418,athlete
892f5a36653ffff,892f5aadb2bffff,1520857592,1986321871,13.6979,0.225626,athlete
892f5a36653ffff,892f5aadb2fffff,1520857592,5180913963,8.9802,0.579755,athlete
892f5a36653ffff,892f5aadb33ffff,1520857592,517548726,14.9894,0.147037,athlete
892f5a36653ffff,892f5aadb37ffff,1520857592,2393515085,11.7237,0.36627,athlete
892f5a36653ffff,892f5aadb3bffff,1520857592,13240346340,14.0703,0.201659,athlete
892f5a36653ffff,892f5aadb67ffff,1520857592,305443506,19.5147,0.001452,athlete
892f5a36653ffff,892f5aadb77ffff,1520857592,2377135303,18.5595,0.012746,athlete
892f5a36653ffff,892f5aadbabffff,1520857592,307423640,18.8527,0.008097,athlete
892f5a36653ffff,892f5aadbafffff,1520857592,307423619,16.279,0.083004,athlete
892f5a36657ffff,892f5a36603ffff,10548487822,1520829774,16.7967,0.061971,athlete
892f5a36657ffff,892f5a36607ffff,10548487822,1304352847,18.6941,0.010483,athlete
892f5a36657ffff,892f5a3660bffff,10548487822,6282956810,8.7208,0.59979,athlete
892f5a36657ffff,892f5a3660fffff,10548487822,1658720563,13.9551,0.208969,athlete
892f5a36657ffff,892f5a3661bffff,10548487822,1520547162,19.2543,0.003426,athlete
892f5a36657ffff,892f5a3663bffff,10548487822,12438051358,18.422,0.015282,athlete
892f5a36657ffff,892f5a36643ffff,10548487822,1520857952,5.1721,0.843865,athlete
892f5a36657ffff,892f5a36647ffff,10548487822,295413512,6.8624,0.736573,athlete
892f5a36657ffff,892f5a3664bffff,10548487822,8364977378,15.4069,0.124589,athlete
892f5a36657ffff,892f5a3664fffff,10548487822,475762598,12.0279,0.343411,athlete
892f5a36657ffff,892f5a36653ffff,10548487822,1520857592,5.5677,0.82066,athlete
892f5a36657ffff,892f5a36657ffff,10548487822,10548487822,0.8262,0.995796,athlete
892f5a36657ffff,892f5a3665bffff,10548487822,475768206,11.1837,0.407564,athlete
892f5a36657ffff,892f5a36663ffff,10548487822,318826549,15.8315,0.10341,athlete
892f5a36657ffff,892f5a36667ffff,10548487822,1304352208,19.5714,0.001132,athlete
892f5a36657ffff,892f5a3666bffff,10548487822,2199562412,15.901,0.10011,athlete
892f5a36657ffff,892f5a36673ffff,10548487822,861244781,9.8213,0.514033,athlete
892f5a36657ffff,892f5a36677ffff,10548487822,318826498,16.5865,0.070171,athlete
892f5a36657ffff,892f5a3667bffff,10548487822,978985095,11.0309,0.419389,athlete
892f5a36657ffff,892f5a366c3ffff,10548487822,10588174561,11.6241,0.373823,athlete
892f5a36657ffff,892f5a366c7ffff,10548487822,3265458964,14.5258,0.173739,athlete
892f5a36657ffff,892f5a366cbffff,10548487822,7374097405,11.0393,0.418735,athlete
892f5a36657ffff,892f5a366cfffff,10548487822,1485314845,8.0755,0.648856,athlete
892f5a36657ffff,892f5a37587ffff,10548487822,475770391,19.9227,3.7e-05,athlete
892f5a36657ffff,892f5a37597ffff,10548487822,13140663722,17.6943,0.032437,athlete
892f5a36657ffff,892f5a375b3ffff,10548487822,475758058,17.3122,0.043904,athlete
892f5a36657ffff,892f5a375b7ffff,10548487822,2890576069,16.3834,0.078534,athlete
892f5a36657ffff,892f5aadb23ffff,10548487822,6206442559,15.6577,0.111873,athlete
892f5a36657ffff,892f5aadb27ffff,10548487822,517549695,11.7415,0.36492,athlete
892f5a36657ffff,892f5aadb2bffff,10548487822,1986321871,18.5316,0.013242,athlete
892f5a36657ffff,892f5aadb2fffff,10548487822,5180913963,13.8138,0.218062,athlete
892f5a36657ffff,892f5aadb33ffff,10548487822,517548726,19.823,0.000193,athlete
892f5a36657ffff,892f5aadb37ffff,10548487822,2393515085,16.5573,0.071344,athlete
892f5a36657ffff,892f5aadb3bffff,10548487822,13240346340,18.9039,0.007392,athlete
892f5a3665bffff,892f5a3660bffff,475768206,6282956810,14.8793,0.153215,athlete
892f5a3665bffff,892f5a3660fffff,475768206,1658720563,19.2523,0.003445,athlete
892f5a3665bffff,892f5a36643ffff,475768206,1520857952,10.1291,0.489858,athlete
892f5a3665bffff,892f5a36647ffff,475768206,295413512,10.1186,0.49069,athlete
892f5a3665bffff,892f5a3664bffff,475768206,8364977378,5.5906,0.819281,athlete
892f5a3665bffff,892f5a3664fffff,475768206,475762598,8.4865,0.61775,athlete
892f5a3665bffff,892f5a36653ffff,475768206,1520857592,7.7059,0.676304,athlete
892f5a3665bffff,892f5a36657ffff,475768206,10548487822,10.605,0.452558,athlete
892f5a3665bffff,892f5a3665bffff,475768206,475768206,0.3936,0.999045,athlete
892f5a3665bffff,892f5a36663ffff,475768206,318826549,17.6132,0.03473,athlete
892f5a3665bffff,892f5a3666bffff,475768206,2199562412,17.6827,0.032759,athlete
892f5a3665bffff,892f5a36673ffff,475768206,861244781,14.3654,0.18339,athlete
892f5a3665bffff,892f5a3667bffff,475768206,978985095,12.8126,0.286216,athlete
892f5a3665bffff,892f5a366c3ffff,475768206,10588174561,13.2552,0.255336,athlete
892f5a3665bffff,892f5a366c7ffff,475768206,3265458964,18.5246,0.013368,athlete
892f5a3665bffff,892f5a366cbffff,475768206,7374097405,9.8306,0.513306,athlete
892f5a3665bffff,892f5a366cfffff,475768206,1485314845,12.4529,0.312081,athlete
892f5a3665bffff,892f5a366dbffff,475768206,6277517902,13.7196,0.224201,athlete
892f5a3665bffff,892f5a37517ffff,475768206,6283520292,19.0476,0.005584,athlete
892f5a3665bffff,892f5a37583ffff,475768206,1813858066,11.967,0.347957,athlete
892f5a3665bffff,892f5a37587ffff,475768206,475770391,10.0909,0.492859,athlete
892f5a3665bffff,892f5a3758bffff,475768206,6281439102,19.1465,0.004487,athlete
892f5a3665bffff,892f5a3758fffff,475768206,13736742284,16.3094,0.08169,athlete
892f5a3665bffff,892f5a37593ffff,475768206,255996108,17.7266,0.031545,athlete
892f5a3665bffff,892f5a37597ffff,475768206,13140663722,7.8625,0.664741,athlete
892f5a3665bffff,892f5a3759bffff,475768206,255995938,16.94,0.056657,athlete
892f5a3665bffff,892f5a375b3ffff,475768206,475758058,10.7272,0.443012,athlete
892f5a3665bffff,892f5a375b7ffff,475768206,2890576069,15.9758,0.09661,athlete
892f5a3665bffff,892f5a375bbffff,475768206,472359980,15.7757,0.106096,athlete
892f5a3665bffff,892f5a375d7ffff,475768206,472447132,18.9512,0.006769,athlete
892f5a3665bffff,892f5aadb03ffff,475768206,4908207838,18.6361,0.01143,athlete
892f5a3665bffff,892f5aadb07ffff,475768206,9239285385,17.139,0.049646,athlete
892f5a3665bffff,892f5aadb0fffff,475768206,6206442994,15.7576,0.106971,athlete
892f5a3665bffff,892f5aadb23ffff,475768206,6206442559,8.44,0.621301,athlete
892f5a3665bffff,892f5aadb27ffff,475768206,517549695,4.5373,0.878292,athlete
892f5a3665bffff,892f5aadb2bffff,475768206,1986321871,11.3139,0.397539,athlete
892f5a3665bffff,892f5aadb2fffff,475768206,5180913963,6.4692,0.763307,athlete
892f5a3665bffff,892f5aadb33ffff,475768206,517548726,12.6188,0.30007,athlete
892f5a3665bffff,892f5aadb37ffff,475768206,2393515085,9.3531,0.550717,athlete
892f5a3665bffff,892f5aadb3bffff,475768206,13240346340,11.6863,0.369105,athlete
892f5a3665bffff,892f5aadb67ffff,475768206,305443506,17.1307,0.049932,athlete
892f5a3665bffff,892f5aadb6fffff,475768206,5422306027,19.7165,0.000496,athlete
892f5a3665bffff,892f5aadb77ffff,475768206,2377135303,16.1754,0.087547,athlete
892f5a3665bffff,892f5aadba3ffff,475768206,5158143495,18.4445,0.01485,athlete
892f5a3665bffff,892f5aadba7ffff,475768206,307423646,17.6332,0.034159,athlete
892f5a3665bffff,892f5aadbabffff,475768206,307423640,16.4822,0.074412,athlete
892f5a3665bffff,892f5aadbafffff,475768206,307423619,13.9085,0.211954,athlete
892f5a36663ffff,892f5a3605bffff,318826549,2321419350,16.3955,0.078025,athlete
892f5a36663ffff,892f5a36213ffff,318826549,1239443735,18.6054,0.01195,athlete
892f5a36663ffff,892f5a3621bffff,318826549,7878186387,17.8116,0.029253,athlete
892f5a36663ffff,892f5a36283ffff,318826549,1143784300,14.4534,0.178065,athlete
892f5a36663ffff,892f5a3628bffff,318826549,1239449262,14.3457,0.184585,athlete
892f5a36663ffff,892f5a3628fffff,318826549,1304643606,18.1217,0.021605,athlete
892f5a36663ffff,892f5a36293ffff,318826549,2201592550,11.0684,0.416482,athlete
892f5a36663ffff,892f5a36297ffff,318826549,1304643745,16.2621,0.083737,athlete
892f5a36663ffff,892f5a3629bffff,318826549,1304643617,10.4448,0.465093,athlete
892f5a36663ffff,892f5a362c3ffff,318826549,7946433661,13.4764,0.240334,athlete
892f5a36663ffff,892f5a362c7ffff,318826549,896901457,13.905,0.212177,athlete
892f5a36663ffff,892f5a362cbffff,318826549,472359869,16.7393,0.064161,athlete
892f5a36663ffff,892f5a362cfffff,318826549,2095799546,16.0809,0.091789,athlete
892f5a36663ffff,892f5a362d3ffff,318826549,471978645,8.9964,0.578494,athlete
892f5a36663ffff,892f5a362d7ffff,318826549,1239449343,10.7421,0.441849,athlete
892f5a36663ffff,892f5a362dbffff,318826549,471978558,14.9169,0.151093,athlete
892f5a36663ffff,892f5a36603ffff,318826549,1520829774,16.9496,0.056308,athlete
892f5a36663ffff,892f5a36607ffff,318826549,1304352847,11.666,0.370641,athlete
892f5a36663ffff,892f5a3660bffff,318826549,6282956810,10.5081,0.460137,athlete
892f5a36663ffff,892f5a3660fffff,318826549,1658720563,9.9831,0.501323,athlete
892f5a36663ffff,892f5a3661bffff,318826549,1520547162,19.4072,0.002166,athlete
892f5a36663ffff,892f5a36623ffff,318826549,1075380045,15.999,0.095536,athlete
892f5a36663ffff,892f5a36627ffff,318826549,2862866543,17.7715,0.030322,athlete
892f5a36663ffff,892f5a3662bffff,318826549,1304351798,9.5943,0.53184,athlete
892f5a36663ffff,892f5a3662fffff,318826549,380476702,13.1716,0.26108,athlete
892f5a36663ffff,892f5a36633ffff,318826549,1075380077,12.767,0.289456,athlete
892f5a36663ffff,892f5a36637ffff,318826549,2321360661,19.6528,0.000743,athlete
892f5a36663ffff,892f5a3663bffff,318826549,12438051358,8.4636,0.619503,athlete
892f5a36663ffff,892f5a36643ffff,318826549,1520857952,16.6431,0.067915,athlete
892f5a36663ffff,892f5a36647ffff,318826549,295413512,10.5361,0.457945,athlete
892f5a36663ffff,892f5a3664bffff,318826549,8364977378,15.8861,0.100814,athlete
892f5a36663ffff,892f5a3664fffff,318826549,475762598,10.8481,0.433585,athlete
892f5a36663ffff,892f5a36653ffff,318826549,1520857592,19.3127,0.002911,athlete
892f5a36663ffff,892f5a36657ffff,318826549,10548487822,14.924,0.150695,athlete
892f5a36663ffff,892f5a3665bffff,318826549,475768206,18.1332,0.021343,athlete
892f5a36663ffff,892f5a36663ffff,318826549,318826549,0.4471,0.998767,athlete
892f5a36663ffff,892f5a36667ffff,318826549,1304352208,6.1926,0.781519,athlete
892f5a36663ffff,892f5a3666bffff,318826549,2199562412,7.0573,0.722978,athlete
892f5a36663ffff,892f5a3666fffff,318826549,7263440604,10.9574,0.425087,athlete
892f5a36663ffff,892f5a36673ffff,318826549,861244781,5.5568,0.821316,athlete
892f5a36663ffff,892f5a36677ffff,318826549,318826498,4.3617,0.887166,athlete
892f5a36663ffff,892f5a3667bffff,318826549,978985095,5.7754,0.807977,athlete
892f5a36663ffff,892f5a375a3ffff,318826549,9954223273,19.8163,0.000208,athlete
892f5a36663ffff,892f5a375a7ffff,318826549,2327217335,13.218,0.257885,athlete
892f5a36663ffff,892f5a375afffff,318826549,5506743143,17.7794,0.030111,athlete
892f5a36663ffff,892f5a375b3ffff,318826549,475758058,14.7305,0.161728,athlete
892f5a36663ffff,892f5a375b7ffff,318826549,2890576069,11.2966,0.398871,athlete
892f5a36667ffff,892f5a36053ffff,1304352208,1304352680,17.0846,0.05152,athlete
892f5a36667ffff,892f5a3605bffff,1304352208,2321419350,11.6462,0.372142,athlete
892f5a36667ffff,892f5a36213ffff,1304352208,1239443735,16.6847,0.066282,athlete
892f5a36667ffff,892f5a3621bffff,1304352208,7878186387,19.6968,0.000567,athlete
892f5a36667ffff,892f5a36283ffff,1304352208,1143784300,8.7186,0.59996,athlete
892f5a36667ffff,892f5a3628bffff,1304352208,1239449262,11.7747,0.362416,athlete
892f5a36667ffff,892f5a3628fffff,1304352208,1304643606,13.3691,0.247568,athlete
892f5a36667ffff,892f5a36293ffff,1304352208,2201592550,5.2439,0.839753,athlete
892f5a36667ffff,892f5a36297ffff,1304352208,1304643745,10.841,0.434143,athlete
892f5a36667ffff,892f5a3629bffff,1304352208,1304643617,8.549,0.612974,athlete
892f5a36667ffff,892f5a362c3ffff,1304352208,7946433661,16.5978,0.069715,athlete
892f5a36667ffff,892f5a362c7ffff,1304352208,896901457,15.7098,0.109304,athlete
892f5a36667ffff,892f5a362cbffff,1304352208,472359869,19.8608,0.000119,athlete
892f5a36667ffff,892f5a362cfffff,1304352208,2095799546,19.2024,0.003919,athlete
892f5a36667ffff,892f5a362d3ffff,1304352208,471978645,12.1179,0.336712,athlete
892f5a36667ffff,892f5a362d7ffff,1304352208,1239449343,13.6124,0.231265,athlete
892f5a36667ffff,892f5a362dbffff,1304352208,471978558,18.0383,0.02355,athlete
892f5a36667ffff,892f5a36603ffff,1304352208,1520829774,18.3109,0.017497,athlete
892f5a36667ffff,892f5a36607ffff,1304352208,1304352847,11.9027,0.352777,athlete
892f5a36667ffff,892f5a3660bffff,1304352208,6282956810,13.0077,0.272468,athlete
892f5a36667ffff,892f5a3660fffff,1304352208,1658720563,10.9503,0.425642,athlete
892f5a36667ffff,892f5a36623ffff,1304352208,1075380045,12.3897,0.316689,athlete
892f5a36667ffff,892f5a36627ffff,1304352208,2862866543,14.0015,0.206009,athlete
892f5a36667ffff,892f5a3662bffff,1304352208,1304351798,5.8244,0.804939,athlete
892f5a36667ffff,892f5a3662fffff,1304352208,380476702,9.4016,0.546925,athlete
892f5a36667ffff,892f5a36633ffff,1304352208,1075380077,11.5741,0.377623,athlete
892f5a36667ffff,892f5a36637ffff,1304352208,2321360661,15.8829,0.100967,athlete
892f5a36667ffff,892f5a3663bffff,1304352208,12438051358,6.5806,0.755832,athlete
892f5a36667ffff,892f5a36643ffff,1304352208,1520857952,19.5318,0.001352,athlete
892f5a36667ffff,892f5a36647ffff,1304352208,295413512,13.4247,0.243809,athlete
892f5a36667ffff,892f5a3664bffff,1304352208,8364977378,19.5639,0.001172,athlete
892f5a36667ffff,892f5a3664fffff,1304352208,475762598,14.526,0.173727,athlete
892f5a36667ffff,892f5a36657ffff,1304352208,10548487822,17.8126,0.029225,athlete
892f5a36667ffff,892f5a36663ffff,1304352208,318826549,6.5566,0.75745,athlete
892f5a36667ffff,892f5a36667ffff,1304352208,1304352208,0.3681,0.999164,athlete
892f5a36667ffff,892f5a3666bffff,1304352208,2199562412,10.2837,0.477723,athlete
892f5a36667ffff,892f5a3666fffff,1304352208,7263440604,14.0789,0.201117,athlete
892f5a36667ffff,892f5a36673ffff,1304352208,861244781,8.4455,0.620881,athlete
892f5a36667ffff,892f5a36677ffff,1304352208,318826498,4.5221,0.879072,athlete
892f5a36667ffff,892f5a3667bffff,1304352208,978985095,9.797,0.515941,athlete
892f5a36667ffff,892f5a375a7ffff,1304352208,2327217335,16.6866,0.066208,athlete
892f5a36667ffff,892f5a375b3ffff,1304352208,475758058,19.3937,0.002266,athlete
892f5a36667ffff,892f5a375b7ffff,1304352208,2890576069,15.6838,0.110584,athlete
892f5a3666bffff,892f5a3605bffff,2199562412,2321419350,19.8493,0.00014,athlete
892f5a3666bffff,892f5a36213ffff,2199562412,1239443735,18.042,0.023464,athlete
892f5a3666bffff,892f5a3621bffff,2199562412,7878186387,17.0021,0.054422,athlete
892f5a3666bffff,892f5a36253ffff,2199562412,11512438978,19.5493,0.001252,athlete
892f5a3666bffff,892f5a36257ffff,2199562412,563748914,19.6221,0.00088,athlete
892f5a3666bffff,892f5a36283ffff,2199562412,1143784300,14.4589,0.177736,athlete
892f5a3666bffff,892f5a3628bffff,2199562412,1239449262,13.7823,0.22011,athlete
892f5a3666bffff,892f5a3628fffff,2199562412,1304643606,17.5583,0.036328,athlete
892f5a3666bffff,892f5a36293ffff,2199562412,2201592550,11.8394,0.357534,athlete
892f5a3666bffff,892f5a36297ffff,2199562412,1304643745,17.7967,0.029647,athlete
892f5a3666bffff,892f5a3629bffff,2199562412,1304643617,10.4503,0.464664,athlete
892f5a3666bffff,892f5a362c3ffff,2199562412,7946433661,11.9951,0.345858,athlete
892f5a3666bffff,892f5a362c7ffff,2199562412,896901457,13.1341,0.263674,athlete
892f5a3666bffff,892f5a362cbffff,2199562412,472359869,13.987,0.206935,athlete
892f5a3666bffff,892f5a362cfffff,2199562412,2095799546,14.9088,0.151549,athlete
892f5a3666bffff,892f5a362d3ffff,2199562412,471978645,6.1735,0.782758,athlete
892f5a3666bffff,892f5a362d7ffff,2199562412,1239449343,10.1787,0.485971,athlete
892f5a3666bffff,892f5a362dbffff,2199562412,471978558,10.4588,0.463994,athlete
892f5a3666bffff,892f5a36607ffff,2199562412,1304352847,17.1234,0.05018,athlete
892f5a3666bffff,892f5a3660bffff,2199562412,6282956810,13.1032,0.265812,athlete
892f5a3666bffff,892f5a3660fffff,2199562412,1658720563,15.4594,0.121875,athlete
892f5a3666bffff,892f5a3662bffff,2199562412,1304351798,14.2542,0.190195,athlete
892f5a3666bffff,892f5a3662fffff,2199562412,380476702,17.8308,0.028746,athlete
892f5a3666bffff,892f5a36633ffff,2199562412,1075380077,17.8329,0.028692,athlete
892f5a3666bffff,892f5a3663bffff,2199562412,12438051358,13.5294,0.236784,athlete
892f5a3666bffff,892f5a36643ffff,2199562412,1520857952,15.7374,0.107955,athlete
892f5a3666bffff,892f5a36647ffff,2199562412,295413512,9.6304,0.529013,athlete
892f5a3666bffff,892f5a3664bffff,2199562412,8364977378,13.7138,0.224581,athlete
892f5a3666bffff,892f5a3664fffff,2199562412,475762598,8.5253,0.614793,athlete
892f5a3666bffff,892f5a36653ffff,2199562412,1520857592,18.407,0.015572,athlete
892f5a3666bffff,892f5a36657ffff,2199562412,10548487822,14.0182,0.204949,athlete
892f5a3666bffff,892f5a3665bffff,2199562412,475768206,16.7929,0.062114,athlete
892f5a3666bffff,892f5a36663ffff,2199562412,318826549,6.4432,0.765041,athlete
892f5a3666bffff,892f5a36667ffff,2199562412,1304352208,9.2109,0.56182,athlete
892f5a3666bffff,892f5a3666bffff,2199562412,2199562412,0.5962,0.997809,athlete
892f5a3666bffff,892f5a3666fffff,2199562412,7263440604,7.8607,0.664877,athlete
892f5a3666bffff,892f5a36673ffff,2199562412,861244781,10.1025,0.491951,athlete
892f5a3666bffff,892f5a36677ffff,2199562412,318826498,9.3537,0.550676,athlete
892f5a3666bffff,892f5a3667bffff,2199562412,978985095,5.6654,0.81474,athlete
892f5a3666bffff,892f5a37527ffff,2199562412,9602267747,18.6215,0.011676,athlete
892f5a3666bffff,892f5a37533ffff,2199562412,9954179094,18.7894,0.009013,athlete
892f5a3666bffff,892f5a37537ffff,2199562412,5495728727,16.0125,0.094914,athlete
892f5a3666bffff,892f5a37587ffff,2199562412,475770391,18.4774,0.014232,athlete
892f5a3666bffff,892f5a37597ffff,2199562412,13140663722,19.2582,0.00339,athlete
892f5a3666bffff,892f5a375a3ffff,2199562412,9954223273,15.1693,0.137169,athlete
892f5a3666bffff,892f5a375a7ffff,2199562412,2327217335,8.4173,0.623027,athlete
892f5a3666bffff,892f5a375abffff,2199562412,582802728,18.5137,0.013565,athlete
892f5a3666bffff,892f5a375afffff,2199562412,5506743143,13.686,0.226408,athlete
892f5a3666bffff,892f5a375b3ffff,2199562412,475758058,11.0379,0.418843,athlete
892f5a3666bffff,892f5a375b7ffff,2199562412,2890576069,7.2032,0.712663,athlete
892f5a3666bffff,892f5a375bbffff,2199562412,472359980,16.729,0.064562,athlete
892f5a3666fffff,892f5a36283ffff,7263440604,1143784300,18.4497,0.014753,athlete
892f5a3666fffff,892f5a3628bffff,7263440604,1239449262,18.1265,0.021496,athlete
892f5a3666fffff,892f5a36293ffff,7263440604,2201592550,15.8018,0.104835,athlete
892f5a3666fffff,892f5a3629bffff,7263440604,1304643617,14.441,0.178811,athlete
892f5a3666fffff,892f5a362c3ffff,7263440604,7946433661,16.9992,0.054525,athlete
892f5a3666fffff,892f5a362c7ffff,7263440604,896901457,17.6857,0.032675,athlete
892f5a3666fffff,892f5a362cfffff,7263440604,2095799546,19.6037,0.000968,athlete
892f5a3666fffff,892f5a362d3ffff,7263440604,471978645,12.1426,0.334882,athlete
892f5a3666fffff,892f5a362d7ffff,7263440604,1239449343,14.5228,0.173915,athlete
892f5a3666fffff,892f5a362dbffff,7263440604,471978558,17.2902,0.044614,athlete
892f5a3666fffff,892f5a3660bffff,7263440604,6282956810,19.6522,0.000746,athlete
892f5a3666fffff,892f5a3660fffff,7263440604,1658720563,19.7236,0.000471,athlete
892f5a3666fffff,892f5a3662bffff,7263440604,1304351798,18.5184,0.01348,athlete
892f5a3666fffff,892f5a3663bffff,7263440604,12438051358,17.7936,0.02973,athlete
892f5a3666fffff,892f5a36647ffff,7263440604,295413512,17.3376,0.04309,athlete
892f5a3666fffff,892f5a3664fffff,7263440604,475762598,16.2325,0.085029,athlete
892f5a3666fffff,892f5a36663ffff,7263440604,318826549,10.7573,0.440664,athlete
892f5a3666fffff,892f5a36667ffff,7263440604,1304352208,13.475,0.240424,athlete
892f5a3666fffff,892f5a3666bffff,7263440604,2199562412,8.3035,0.63167,athlete
892f5a3666fffff,892f5a3666fffff,7263440604,7263440604,1.1177,0.992314,athlete
892f5a3666fffff,892f5a36673ffff,7263440604,861244781,14.7009,0.16344,athlete
892f5a3666fffff,892f5a36677ffff,7263440604,318826498,13.6178,0.230904,athlete
892f5a3666fffff,892f5a3667bffff,7263440604,978985095,13.3726,0.247332,athlete
892f5a3666fffff,892f5a375a7ffff,7263440604,2327217335,15.4696,0.121354,athlete
892f5a3666fffff,892f5a375b3ffff,7263440604,475758058,18.7452,0.009681,athlete
892f5a3666fffff,892f5a375b7ffff,7263440604,2890576069,14.9105,0.151455,athlete
892f5a36673ffff,892f5a36283ffff,861244781,1143784300,18.5564,0.0128,athlete
892f5a36673ffff,892f5a36293ffff,861244781,2201592550,15.0817,0.141941,athlete
892f5a36673ffff,892f5a3629bffff,861244781,1304643617,16.4243,0.076815,athlete
892f5a36673ffff,892f5a362c3ffff,861244781,7946433661,19.0995,0.004994,athlete
892f5a36673ffff,892f5a362c7ffff,861244781,896901457,19.786,0.000282,athlete
892f5a36673ffff,892f5a362d3ffff,861244781,471978645,14.6195,0.168196,athlete
892f5a36673ffff,892f5a362d7ffff,861244781,1239449343,16.6231,0.068709,athlete
892f5a36673ffff,892f5a36603ffff,861244781,1520829774,12.6385,0.298652,athlete
892f5a36673ffff,892f5a36607ffff,861244781,1304352847,10.7551,0.440835,athlete
892f5a36673ffff,892f5a3660bffff,861244781,6282956810,5.3914,0.831164,athlete
892f5a36673ffff,892f5a3660fffff,861244781,1658720563,7.393,0.699081,athlete
892f5a36673ffff,892f5a36613ffff,861244781,1520547162,16.5259,0.072619,athlete
892f5a36673ffff,892f5a3661bffff,861244781,1520547162,15.0962,0.141147,athlete
892f5a36673ffff,892f5a36623ffff,861244781,1075380045,17.5178,0.037526,athlete
892f5a36673ffff,892f5a3662bffff,861244781,1304351798,11.6041,0.375342,athlete
892f5a36673ffff,892f5a3662fffff,861244781,380476702,17.1849,0.048094,athlete
892f5a36673ffff,892f5a36633ffff,861244781,1075380077,14.2018,0.193434,athlete
892f5a36673ffff,892f5a3663bffff,861244781,12438051358,9.9824,0.501383,athlete
892f5a36673ffff,892f5a36643ffff,861244781,1520857952,12.5234,0.306965,athlete
892f5a36673ffff,892f5a36647ffff,861244781,295413512,6.4163,0.766829,athlete
892f5a36673ffff,892f5a3664bffff,861244781,8364977378,14.3026,0.187217,athlete
892f5a36673ffff,892f5a3664fffff,861244781,475762598,10.0488,0.49617,athlete
892f5a36673ffff,892f5a36653ffff,861244781,1520857592,15.1929,0.135896,athlete
892f5a36673ffff,892f5a36657ffff,861244781,10548487822,10.8042,0.437006,athlete
892f5a36673ffff,892f5a3665bffff,861244781,475768206,14.999,0.146502,athlete
892f5a36673ffff,892f5a36663ffff,861244781,318826549,6.8428,0.737929,athlete
892f5a36673ffff,892f5a36667ffff,861244781,1304352208,10.2059,0.483831,athlete
892f5a36673ffff,892f5a3666bffff,861244781,2199562412,12.461,0.311489,athlete
892f5a36673ffff,892f5a3666fffff,861244781,7263440604,16.5805,0.07041,athlete
892f5a36673ffff,892f5a36673ffff,861244781,861244781,0.4401,0.998806,athlete
892f5a36673ffff,892f5a36677ffff,861244781,318826498,7.3953,0.698915,athlete
892f5a36673ffff,892f5a3667bffff,861244781,978985095,6.9262,0.732141,athlete
892f5a36673ffff,892f5a366cfffff,861244781,1485314845,17.411,0.040779,athlete
892f5a36673ffff,892f5a37597ffff,861244781,13140663722,19.3321,0.002749,athlete
892f5a36673ffff,892f5a375a7ffff,861244781,2327217335,17.6353,0.034099,athlete
892f5a36673ffff,892f5a375b3ffff,861244781,475758058,15.7102,0.109286,athlete
892f5a36673ffff,892f5a375b7ffff,861244781,2890576069,14.0991,0.199844,athlete
892f5a36673ffff,892f5aadb27ffff,861244781,517549695,18.5064,0.013698,athlete
892f5a36677ffff,892f5a36053ffff,318826498,1304352680,18.4583,0.01459,athlete
892f5a36677ffff,892f5a3605bffff,318826498,2321419350,15.0481,0.143787,athlete
892f5a36677ffff,892f5a36283ffff,318826498,1143784300,13.7694,0.220948,athlete
892f5a36677ffff,892f5a3628bffff,318826498,1239449262,16.8255,0.060887,athlete
892f5a36677ffff,892f5a3628fffff,318826498,1304643606,18.4199,0.015321,athlete
892f5a36677ffff,892f5a36293ffff,318826498,2201592550,10.2947,0.476865,athlete
892f5a36677ffff,892f5a36297ffff,318826498,1304643745,15.0808,0.141989,athlete
892f5a36677ffff,892f5a3629bffff,318826498,1304643617,13.5998,0.232097,athlete
892f5a36677ffff,892f5a362c3ffff,318826498,7946433661,17.6768,0.032924,athlete
892f5a36677ffff,892f5a362c7ffff,318826498,896901457,18.0178,0.024042,athlete
892f5a36677ffff,892f5a362d3ffff,318826498,471978645,13.1969,0.259337,athlete
892f5a36677ffff,892f5a362d7ffff,318826498,1239449343,14.8549,0.154599,athlete
892f5a36677ffff,892f5a362dbffff,318826498,471978558,19.1173,0.004798,athlete
892f5a36677ffff,892f5a36603ffff,318826498,1520829774,14.1377,0.197425,athlete
892f5a36677ffff,892f5a36607ffff,318826498,1304352847,8.0151,0.653382,athlete
892f5a36677ffff,892f5a3660bffff,318826498,6282956810,9.6873,0.524549,athlete
892f5a36677ffff,892f5a3660fffff,318826498,1658720563,6.7772,0.742446,athlete
892f5a36677ffff,892f5a36613ffff,318826498,1520547162,18.0251,0.023865,athlete
892f5a36677ffff,892f5a3661bffff,318826498,1520547162,16.5954,0.069815,athlete
892f5a36677ffff,892f5a36623ffff,318826498,1075380045,12.0025,0.345308,athlete
892f5a36677ffff,892f5a36627ffff,318826498,2862866543,14.901,0.151986,athlete
892f5a36677ffff,892f5a3662bffff,318826498,1304351798,5.9098,0.799596,athlete
892f5a36677ffff,892f5a3662fffff,318826498,380476702,11.8242,0.358683,athlete
892f5a36677ffff,892f5a36633ffff,318826498,1075380077,8.7705,0.595968,athlete
892f5a36677ffff,892f5a36637ffff,318826498,2321360661,15.975,0.09665,athlete
892f5a36677ffff,892f5a3663bffff,318826498,12438051358,4.467,0.881881,athlete
892f5a36677ffff,892f5a36643ffff,318826498,1520857952,17.6196,0.034546,athlete
892f5a36677ffff,892f5a36647ffff,318826498,295413512,11.5126,0.382313,athlete
892f5a36677ffff,892f5a3664bffff,318826498,8364977378,18.2992,0.017738,athlete
892f5a36677ffff,892f5a3664fffff,318826498,475762598,13.2612,0.254922,athlete
892f5a36677ffff,892f5a36657ffff,318826498,10548487822,15.9005,0.100135,athlete
892f5a36677ffff,892f5a36663ffff,318826498,318826549,5.2918,0.836982,athlete
892f5a36677ffff,892f5a36667ffff,318826498,1304352208,5.4189,0.82954,athlete
892f5a36677ffff,892f5a3666bffff,318826498,2199562412,11.3627,0.393788,athlete
892f5a36677ffff,892f5a3666fffff,318826498,7263440604,15.1579,0.137788,athlete
892f5a36677ffff,892f5a36673ffff,318826498,861244781,6.605,0.754186,athlete
892f5a36677ffff,892f5a36677ffff,318826498,318826498,0.2453,0.999629,athlete
892f5a36677ffff,892f5a3667bffff,318826498,978985095,8.5322,0.61426,athlete
892f5a36677ffff,892f5a375a7ffff,318826498,2327217335,17.7656,0.030483,athlete
892f5a36677ffff,892f5a375b3ffff,318826498,475758058,18.129,0.02144,athlete
892f5a36677ffff,892f5a375b7ffff,318826498,2890576069,15.9615,0.097274,athlete
892f5a3667bffff,892f5a3605bffff,978985095,2321419350,19.6716,0.000665,athlete
892f5a3667bffff,892f5a36283ffff,978985095,1143784300,17.8193,0.029049,athlete
892f5a3667bffff,892f5a3628bffff,978985095,1239449262,18.0152,0.024105,athlete
892f5a3667bffff,892f5a36293ffff,978985095,2201592550,14.3445,0.184658,athlete
892f5a3667bffff,892f5a36297ffff,978985095,1304643745,19.5382,0.001315,athlete
892f5a3667bffff,892f5a3629bffff,978985095,1304643617,14.2128,0.192755,athlete
892f5a3667bffff,892f5a362c3ffff,978985095,7946433661,16.787,0.062338,athlete
892f5a3667bffff,892f5a362c7ffff,978985095,896901457,17.5744,0.035854,athlete
892f5a3667bffff,892f5a362cbffff,978985095,472359869,18.6293,0.011545,athlete
892f5a3667bffff,892f5a362cfffff,978985095,2095799546,19.4924,0.001588,athlete
892f5a3667bffff,892f5a362d3ffff,978985095,471978645,11.3734,0.39297,athlete
892f5a3667bffff,892f5a362d7ffff,978985095,1239449343,14.4115,0.180591,athlete
892f5a3667bffff,892f5a362dbffff,978985095,471978558,15.1011,0.140874,athlete
892f5a3667bffff,892f5a36603ffff,978985095,1520829774,16.0179,0.094668,athlete
892f5a3667bffff,892f5a36607ffff,978985095,1304352847,14.9421,0.149676,athlete
892f5a3667bffff,892f5a3660bffff,978985095,6282956810,8.7092,0.600689,athlete
892f5a3667bffff,892f5a3660fffff,978985095,1658720563,11.8155,0.359339,athlete
892f5a3667bffff,892f5a36613ffff,978985095,1520547162,19.9053,5.5e-05,athlete
892f5a3667bffff,892f5a3661bffff,978985095,1520547162,18.4755,0.014268,athlete
892f5a3667bffff,892f5a36623ffff,978985095,1075380045,19.2751,0.003238,athlete
892f5a3667bffff,892f5a3662bffff,978985095,1304351798,12.8704,0.282117,athlete
892f5a3667bffff,892f5a3662fffff,978985095,380476702,16.4477,0.07584,athlete
892f5a3667bffff,892f5a36633ffff,978985095,1075380077,16.0431,0.093509,athlete
892f5a3667bffff,892f5a3663bffff,978985095,12438051358,11.7397,0.365059,athlete
892f5a3667bffff,892f5a36643ffff,978985095,1520857952,11.3433,0.395275,athlete
892f5a3667bffff,892f5a36647ffff,978985095,295413512,5.2363,0.840188,athlete
892f5a3667bffff,892f5a3664bffff,978985095,8364977378,10.4609,0.463832,athlete
892f5a3667bffff,892f5a3664fffff,978985095,475762598,5.4229,0.829302,athlete
892f5a3667bffff,892f5a36653ffff,978985095,1520857592,14.0129,0.205287,athlete
892f5a3667bffff,892f5a36657ffff,978985095,10548487822,9.6242,0.529499,athlete
892f5a3667bffff,892f5a3665bffff,978985095,475768206,12.708,0.293668,athlete
892f5a3667bffff,892f5a36663ffff,978985095,318826549,5.1509,0.845076,athlete
892f5a3667bffff,892f5a36667ffff,978985095,1304352208,9.4688,0.541675,athlete
892f5a3667bffff,892f5a3666bffff,978985095,2199562412,6.1414,0.784834,athlete
892f5a3667bffff,892f5a3666fffff,978985095,7263440604,13.4035,0.245246,athlete
892f5a3667bffff,892f5a36673ffff,978985095,861244781,5.1431,0.845516,athlete
892f5a3667bffff,892f5a36677ffff,978985095,318826498,7.6378,0.681296,athlete
892f5a3667bffff,892f5a3667bffff,978985095,978985095,0.3502,0.999244,athlete
892f5a3667bffff,892f5a366cbffff,978985095,7374097405,19.4845,0.001638,athlete
892f5a3667bffff,892f5a366cfffff,978985095,1485314845,16.231,0.085095,athlete
892f5a3667bffff,892f5a37537ffff,978985095,5495728727,18.2703,0.018343,athlete
892f5a3667bffff,892f5a37587ffff,978985095,475770391,16.8384,0.060403,athlete
892f5a3667bffff,892f5a37597ffff,978985095,13140663722,15.4904,0.120287,athlete
892f5a3667bffff,892f5a375a3ffff,978985095,9954223273,17.3023,0.044225,athlete
892f5a3667bffff,892f5a375a7ffff,978985095,2327217335,11.3157,0.397402,athlete
892f5a3667bffff,892f5a375afffff,978985095,5506743143,15.2756,0.131475,athlete
892f5a3667bffff,892f5a375b3ffff,978985095,475758058,9.9469,0.504167,athlete
892f5a3667bffff,892f5a375b7ffff,978985095,2890576069,7.7795,0.670881,athlete
892f5a3667bffff,892f5a375bbffff,978985095,472359980,16.4988,0.07373,athlete
892f5a3667bffff,892f5aadb27ffff,978985095,517549695,16.2154,0.085781,athlete
892f5a3667bffff,892f5aadb2fffff,978985095,5180913963,17.8049,0.02943,athlete
892f5a366c3ffff,892f5a36643ffff,10588174561,1520857952,14.4592,0.177718,athlete
892f5a366c3ffff,892f5a36647ffff,10588174561,295413512,18.5475,0.012958,athlete
892f5a366c3ffff,892f5a3664bffff,10588174561,8364977378,19.3351,0.002724,athlete
892f5a366c3ffff,892f5a36653ffff,10588174561,1520857592,10.6343,0.450263,athlete
892f5a366c3ffff,892f5a36657ffff,10588174561,10548487822,12.9619,0.275672,athlete
892f5a366c3ffff,892f5a3665bffff,10588174561,475768206,14.1381,0.197402,athlete
892f5a366c3ffff,892f5a366c3ffff,10588174561,10588174561,0.0706,0.999969,athlete
892f5a366c3ffff,892f5a366c7ffff,10588174561,3265458964,10.39,0.469392,athlete
892f5a366c3ffff,892f5a366cbffff,10588174561,7374097405,6.6377,0.751965,athlete
892f5a366c3ffff,892f5a366cfffff,10588174561,1485314845,7.1468,0.716664,athlete
892f5a366c3ffff,892f5aadb23ffff,10588174561,6206442559,18.612,0.011836,athlete
892f5a366c3ffff,892f5aadb27ffff,10588174561,517549695,14.6959,0.163732,athlete
892f5a366c3ffff,892f5aadb2fffff,10588174561,5180913963,16.7682,0.063056,athlete
892f5a366c3ffff,892f5aadb37ffff,10588174561,2393515085,19.5117,0.00147,athlete
892f5a366c7ffff,892f5a36643ffff,3265458964,1520857952,18.1989,0.019878,athlete
892f5a366c7ffff,892f5a36647ffff,3265458964,295413512,19.9517,1.4e-05,athlete
892f5a366c7ffff,892f5a36653ffff,3265458964,1520857592,14.374,0.182865,athlete
892f5a366c7ffff,892f5a36657ffff,3265458964,10548487822,14.3972,0.181459,athlete
892f5a366c7ffff,892f5a3665bffff,3265458964,475768206,18.9949,0.006219,athlete
892f5a366c7ffff,892f5a366c3ffff,3265458964,10588174561,9.0748,0.572413,athlete
892f5a366c7ffff,892f5a366c7ffff,3265458964,3265458964,1.8907,0.978111,athlete
892f5a366c7ffff,892f5a366cbffff,3265458964,7374097405,12.9398,0.277227,athlete
892f5a366c7ffff,892f5a366cfffff,3265458964,1485314845,8.551,0.612825,athlete
892f5a366c7ffff,892f5aadb27ffff,3265458964,517549695,19.5527,0.001234,athlete
892f5a366cbffff,892f5a3660bffff,7374097405,6282956810,17.7889,0.029856,athlete
892f5a366cbffff,892f5a36643ffff,7374097405,1520857952,10.6666,0.447743,athlete
892f5a366cbffff,892f5a36647ffff,7374097405,295413512,15.9304,0.098729,athlete
892f5a366cbffff,892f5a3664bffff,7374097405,8364977378,13.9698,0.208032,athlete
892f5a366cbffff,892f5a3664fffff,7374097405,475762598,16.8657,0.059383,athlete
892f5a366cbffff,892f5a36653ffff,7374097405,1520857592,7.7624,0.672143,athlete
892f5a366cbffff,892f5a36657ffff,7374097405,10548487822,10.09,0.492929,athlete
892f5a366cbffff,892f5a3665bffff,7374097405,475768206,8.7727,0.595793,athlete
892f5a366cbffff,892f5a36673ffff,7374097405,861244781,18.8893,0.00759,athlete
892f5a366cbffff,892f5a366c3ffff,7374097405,10588174561,5.6153,0.817786,athlete
892f5a366cbffff,892f5a366c7ffff,7374097405,3265458964,12.7187,0.292903,athlete
892f5a366cbffff,892f5a366cbffff,7374097405,7374097405,1.2724,0.990047,athlete
892f5a366cbffff,892f5a366cfffff,7374097405,1485314845,7.8854,0.663046,athlete
892f5a366cbffff,892f5a366dbffff,7374097405,6277517902,18.5128,0.013581,athlete
892f5a366cbffff,892f5a37583ffff,7374097405,1813858066,19.1033,0.004952,athlete
892f5a366cbffff,892f5a37587ffff,7374097405,475770391,17.5117,0.03771,athlete
892f5a366cbffff,892f5a37597ffff,7374097405,13140663722,15.2833,0.13107,athlete
892f5a366cbffff,892f5a375b3ffff,7374097405,475758058,19.1063,0.004918,athlete
892f5a366cbffff,892f5aadb23ffff,7374097405,6206442559,13.2467,0.255918,athlete
892f5a366cbffff,892f5aadb27ffff,7374097405,517549695,9.3305,0.552483,athlete
892f5a366cbffff,892f5aadb2bffff,7374097405,1986321871,16.1206,0.089999,athlete
892f5a366cbffff,892f5aadb2fffff,7374097405,5180913963,11.4028,0.390713,athlete
892f5a366cbffff,892f5aadb33ffff,7374097405,517548726,17.412,0.040748,athlete
892f5a366cbffff,892f5aadb37ffff,7374097405,2393515085,14.1463,0.196888,athlete
892f5a366cbffff,892f5aadb3bffff,7374097405,13240346340,16.4929,0.07397,athlete
892f5a366cbffff,892f5aadbafffff,7374097405,307423619,18.7017,0.010362,athlete
892f5a366cfffff,892f5a3660bffff,1485314845,6282956810,13.4403,0.242761,athlete
892f5a366cfffff,892f5a3660fffff,1485314845,1658720563,18.6745,0.010798,athlete
892f5a366cfffff,892f5a36643ffff,1485314845,1520857952,9.829,0.513427,athlete
892f5a366cfffff,892f5a36647ffff,1485314845,295413512,11.5818,0.377039,athlete
892f5a366cfffff,892f5a3664bffff,1485314845,8364977378,16.8171,0.061199,athlete
892f5a366cfffff,892f5a3664fffff,1485314845,475762598,16.7473,0.063855,athlete
892f5a366cfffff,892f5a36653ffff,1485314845,1520857592,6.0041,0.793631,athlete
892f5a366cfffff,892f5a36657ffff,1485314845,10548487822,6.0273,0.792155,athlete
892f5a366cfffff,892f5a3665bffff,1485314845,475768206,11.6201,0.374125,athlete
892f5a366cfffff,892f5a36673ffff,1485314845,861244781,14.5407,0.172849,athlete
892f5a366cfffff,892f5a3667bffff,1485314845,978985095,15.7503,0.107326,athlete
892f5a366cfffff,892f5a366c3ffff,1485314845,10588174561,4.317,0.889378,athlete
892f5a366cfffff,892f5a366c7ffff,1485314845,3265458964,6.9024,0.7338,athlete
892f5a366cfffff,892f5a366cbffff,1485314845,7374097405,6.9305,0.731843,athlete
892f5a366cfffff,892f5a366cfffff,1485314845,1485314845,0.1811,0.999798,athlete
892f5a366cfffff,892f5a37597ffff,1485314845,13140663722,18.1307,0.021401,athlete
892f5a366cfffff,892f5aadb23ffff,1485314845,6206442559,16.094,0.091194,athlete
892f5a366cfffff,892f5aadb27ffff,1485314845,517549695,12.1779,0.332264,athlete
892f5a366cfffff,892f5aadb2bffff,1485314845,1986321871,18.9679,0.006556,athlete
892f5a366cfffff,892f5aadb2fffff,1485314845,5180913963,14.2502,0.190441,athlete
892f5a366cfffff,892f5aadb37ffff,1485314845,2393515085,16.9937,0.054721,athlete
892f5a366cfffff,892f5aadb3bffff,1485314845,13240346340,19.3403,0.002682,athlete
892f5a366dbffff,892f5a36643ffff,6277517902,1520857952,19.6218,0.000882,athlete
892f5a366dbffff,892f5a3664bffff,6277517902,8364977378,18.9314,0.007027,athlete
892f5a366dbffff,892f5a36653ffff,6277517902,1520857592,17.1986,0.047634,athlete
892f5a366dbffff,892f5a3665bffff,6277517902,475768206,13.7344,0.223236,athlete
892f5a366dbffff,892f5a366cbffff,6277517902,7374097405,19.3232,0.002823,athlete
892f5a366dbffff,892f5a366dbffff,6277517902,6277517902,0.5738,0.99797,athlete
892f5a366dbffff,892f5a37597ffff,6277517902,13140663722,19.7771,0.000306,athlete
892f5a366dbffff,892f5aadb03ffff,6277517902,4908207838,18.2429,0.018925,athlete
892f5a366dbffff,892f5aadb07ffff,6277517902,9239285385,12.8943,0.280436,athlete
892f5a366dbffff,892f5aadb0fffff,6277517902,6206442994,17.0377,0.053161,athlete
892f5a366dbffff,892f5aadb17ffff,6277517902,295399473,15.3126,0.12952,athlete
892f5a366dbffff,892f5aadb23ffff,6277517902,6206442559,11.4761,0.3851,athlete
892f5a366dbffff,892f5aadb27ffff,6277517902,517549695,9.2849,0.556047,athlete
892f5a366dbffff,892f5aadb2bffff,6277517902,1986321871,15.5733,0.116081,athlete
892f5a366dbffff,892f5aadb2fffff,6277517902,5180913963,13.3848,0.246507,athlete
892f5a366dbffff,892f5aadb33ffff,6277517902,517548726,9.5155,0.538015,athlete
892f5a366dbffff,892f5aadb37ffff,6277517902,2393515085,5.5239,0.823293,athlete
892f5a366dbffff,892f5aadb3bffff,6277517902,13240346340,14.1785,0.194882,athlete
892f5a366dbffff,892f5aadba3ffff,6277517902,5158143495,9.4142,0.545947,athlete
892f5a366dbffff,892f5aadba7ffff,6277517902,307423646,8.2036,0.639225,athlete
892f5a366dbffff,892f5aadbabffff,6277517902,307423640,8.7851,0.594839,athlete
892f5a366dbffff,892f5aadbafffff,6277517902,307423619,5.4568,0.827294,athlete
892f5a366dbffff,892f5aadbbbffff,6277517902,517470423,15.2198,0.134452,athlete
892f5a37083ffff,892f5a37083ffff,9605882522,9605882522,0.029,0.999995,athlete
892f5a37083ffff,892f5a37087ffff,9605882522,5109258744,6.011,0.793194,athlete
892f5a37083ffff,892f5a37093ffff,9605882522,3193716070,10.0812,0.493622,athlete
892f5a37083ffff,892f5a37097ffff,9605882522,1097931942,5.1071,0.847556,athlete
892f5a37083ffff,892f5a3709bffff,9605882522,1096527390,4.6685,0.871474,athlete
892f5a37083ffff,892f5a370b3ffff,9605882522,5091968417,11.4146,0.389806,athlete
892f5a37083ffff,892f5a370bbffff,9605882522,5091969121,10.7293,0.442849,athlete
892f5a37083ffff,892f5a3740bffff,9605882522,7951554811,18.7924,0.008969,athlete
892f5a37083ffff,892f5a3740fffff,9605882522,4506648481,17.9249,0.026328,athlete
892f5a37083ffff,892f5a37423ffff,9605882522,475369332,19.2226,0.003723,athlete
892f5a37083ffff,892f5a37427ffff,9605882522,7947429975,13.6866,0.226368,athlete
892f5a37083ffff,892f5a3742bffff,9605882522,6475403603,14.2799,0.18861,athlete
892f5a37083ffff,892f5a3742fffff,9605882522,2196826810,10.8229,0.435547,athlete
892f5a37083ffff,892f5a37437ffff,9605882522,6240815386,19.1606,0.00434,athlete
892f5a37083ffff,892f5a3743bffff,9605882522,6475813119,19.5897,0.001038,athlete
892f5a37083ffff,892f5a37463ffff,9605882522,8371949497,12.4785,0.310221,athlete
892f5a37083ffff,892f5a37467ffff,9605882522,1094679544,6.8556,0.737044,athlete
892f5a37083ffff,892f5a3746fffff,9605882522,7276074359,10.6559,0.448575,athlete
892f5a37083ffff,892f5a37473ffff,9605882522,1093856535,14.803,0.157556,athlete
892f5a37083ffff,892f5a37477ffff,9605882522,10933634351,12.2264,0.328679,athlete
892f5a37083ffff,892f5a3747bffff,9605882522,1093946899,16.2727,0.083275,athlete
892f5a37083ffff,892f5a37543ffff,9605882522,1097906783,15.4596,0.121868,athlete
892f5a37083ffff,892f5a37547ffff,9605882522,7966410040,18.6915,0.010524,athlete
892f5a37083ffff,892f5a3754bffff,9605882522,1097906906,9.6419,0.528109,athlete
892f5a37083ffff,892f5a3754fffff,9605882522,8908901051,16.3405,0.080358,athlete
892f5a37083ffff,892f5a37553ffff,9605882522,472382750,14.4559,0.17792,athlete
892f5a37083ffff,892f5a37557ffff,9605882522,2704049830,19.4244,0.002043,athlete
892f5a37083ffff,892f5a3755bffff,9605882522,1097906786,10.3875,0.469586,athlete
892f5a37083ffff,892f5a3757bffff,9605882522,1135821090,19.2364,0.003592,athlete
892f5a37083ffff,892f5a375cbffff,9605882522,2649421029,17.9146,0.026587,athlete
892f5a37083ffff,892f5a375cfffff,9605882522,472382799,19.8915,7.3e-05,athlete
892f5a37087ffff,892f5a37083ffff,5109258744,9605882522,4.957,0.855936,athlete
892f5a37087ffff,892f5a37087ffff,5109258744,5109258744,0.1606,0.999841,athlete
892f5a37087ffff,892f5a37093ffff,5109258744,3193716070,11.5544,0.379125,athlete
892f5a37087ffff,892f5a37097ffff,5109258744,1097931942,6.2925,0.775002,athlete
892f5a37087ffff,892f5a3709bffff,5109258744,1096527390,9.5965,0.531668,athlete
892f5a37087ffff,892f5a370a3ffff,5109258744,13056197936,19.6348,0.000823,athlete
892f5a37087ffff,892f5a370a7ffff,5109258744,2038377566,19.9791,3e-06,athlete
892f5a37087ffff,892f5a370b3ffff,5109258744,5091968417,6.545,0.75823,athlete
892f5a37087ffff,892f5a370b7ffff,5109258744,1135820964,15.3941,0.125252,athlete
892f5a37087ffff,892f5a370bbffff,5109258744,5091969121,5.8596,0.802741,athlete
892f5a37087ffff,892f5a37427ffff,5109258744,7947429975,14.9968,0.146623,athlete
892f5a37087ffff,892f5a3742bffff,5109258744,6475403603,15.7531,0.107188,athlete
892f5a37087ffff,892f5a3742fffff,5109258744,2196826810,12.1332,0.33558,athlete
892f5a37087ffff,892f5a37463ffff,5109258744,8371949497,17.4065,0.040921,athlete
892f5a37087ffff,892f5a37467ffff,5109258744,1094679544,11.7836,0.361745,athlete
892f5a37087ffff,892f5a3746fffff,5109258744,7276074359,15.5839,0.11555,athlete
892f5a37087ffff,892f5a37473ffff,5109258744,1093856535,19.731,0.000446,athlete
892f5a37087ffff,892f5a37477ffff,5109258744,10933634351,17.1544,0.049122,athlete
892f5a37087ffff,892f5a3750bffff,5109258744,4716326321,18.307,0.017576,athlete
892f5a37087ffff,892f5a3751bffff,5109258744,4716623608,19.857,0.000126,athlete
892f5a37087ffff,892f5a37543ffff,5109258744,1097906783,10.8488,0.433533,athlete
892f5a37087ffff,892f5a37547ffff,5109258744,7966410040,14.0808,0.200998,athlete
892f5a37087ffff,892f5a3754bffff,5109258744,1097906906,5.0312,0.851819,athlete
892f5a37087ffff,892f5a3754fffff,5109258744,8908901051,11.7298,0.36581,athlete
892f5a37087ffff,892f5a37553ffff,5109258744,472382750,14.5839,0.170294,athlete
892f5a37087ffff,892f5a37557ffff,5109258744,2704049830,15.4972,0.119939,athlete
892f5a37087ffff,892f5a3755bffff,5109258744,1097906786,11.4122,0.389995,athlete
892f5a37087ffff,892f5a3756bffff,5109258744,1127244318,17.3884,0.041485,athlete
892f5a37087ffff,892f5a37573ffff,5109258744,472382641,19.3232,0.002823,athlete
892f5a37087ffff,892f5a3757bffff,5109258744,1135821090,14.6257,0.167835,athlete
892f5a37087ffff,892f5a375cbffff,5109258744,2649421029,19.2248,0.003702,athlete
892f5a37087ffff,892f5a375cfffff,5109258744,472382799,19.2116,0.003829,athlete
892f5a37093ffff,892f5a37083ffff,3193716070,9605882522,10.4931,0.461308,athlete
892f5a37093ffff,892f5a37087ffff,3193716070,5109258744,13.4511,0.242034,athlete
892f5a37093ffff,892f5a37093ffff,3193716070,3193716070,1.5126,0.985954,athlete
892f5a37093ffff,892f5a37097ffff,3193716070,1097931942,7.227,0.710968,athlete
892f5a37093ffff,892f5a3709bffff,3193716070,1096527390,14.9921,0.146883,athlete
892f5a37093ffff,892f5a370b3ffff,3193716070,5091968417,16.2418,0.084624,athlete
892f5a37093ffff,892f5a370bbffff,3193716070,5091969121,18.5389,0.01311,athlete
892f5a37093ffff,892f5a37403ffff,3193716070,10155662310,19.7808,0.000296,athlete
892f5a37093ffff,892f5a37407ffff,3193716070,6743431386,17.3366,0.043122,athlete
892f5a37093ffff,892f5a3740bffff,3193716070,7951554811,17.7437,0.031075,athlete
892f5a37093ffff,892f5a3740fffff,3193716070,4506648481,13.8627,0.214902,athlete
892f5a37093ffff,892f5a37423ffff,3193716070,475369332,12.6224,0.299814,athlete
892f5a37093ffff,892f5a37427ffff,3193716070,7947429975,12.4176,0.314651,athlete
892f5a37093ffff,892f5a3742bffff,3193716070,6475403603,7.1193,0.718605,athlete
892f5a37093ffff,892f5a3742fffff,3193716070,2196826810,6.5803,0.75585,athlete
892f5a37093ffff,892f5a37433ffff,3193716070,9775221793,16.8439,0.060194,athlete
892f5a37093ffff,892f5a37437ffff,3193716070,6240815386,15.811,0.104392,athlete
892f5a37093ffff,892f5a3743bffff,3193716070,6475813119,14.2793,0.188646,athlete
892f5a37093ffff,892f5a37463ffff,3193716070,8371949497,12.675,0.296037,athlete
892f5a37093ffff,892f5a37467ffff,3193716070,1094679544,9.71,0.522767,athlete
892f5a37093ffff,892f5a3746fffff,3193716070,7276074359,13.4496,0.242134,athlete
892f5a37093ffff,892f5a37473ffff,3193716070,1093856535,13.7544,0.22193,athlete
892f5a37093ffff,892f5a37477ffff,3193716070,10933634351,11.1778,0.408022,athlete
892f5a37093ffff,892f5a3747bffff,3193716070,1093946899,15.2241,0.134221,athlete
892f5a37093ffff,892f5a37543ffff,3193716070,1097906783,16.1443,0.088936,athlete
892f5a37093ffff,892f5a37547ffff,3193716070,7966410040,19.8726,0.0001,athlete
892f5a37093ffff,892f5a3754bffff,3193716070,1097906906,10.5905,0.453686,athlete
892f5a37093ffff,892f5a3754fffff,3193716070,8908901051,18.2564,0.018637,athlete
892f5a37093ffff,892f5a37553ffff,3193716070,472382750,15.013,0.145725,athlete
892f5a37093ffff,892f5a37557ffff,3193716070,2704049830,19.9815,2e-06,athlete
892f5a37093ffff,892f5a3755bffff,3193716070,1097906786,10.9446,0.426082,athlete
892f5a37093ffff,892f5a375cbffff,3193716070,2649421029,18.2319,0.01916,athlete
892f5a37097ffff,892f5a37083ffff,1097931942,9605882522,3.9116,0.908549,athlete
892f5a37097ffff,892f5a37087ffff,1097931942,5109258744,6.8261,0.739077,athlete
892f5a37097ffff,892f5a37093ffff,1097931942,3193716070,5.7832,0.807494,athlete
892f5a37097ffff,892f5a37097ffff,1097931942,1097931942,0.4579,0.998707,athlete
892f5a37097ffff,892f5a3709bffff,1097931942,1096527390,8.5512,0.61281,athlete
892f5a37097ffff,892f5a370a3ffff,1097931942,13056197936,19.5963,0.001005,athlete
892f5a37097ffff,892f5a370a7ffff,1097931942,2038377566,19.9407,2.2e-05,athlete
892f5a37097ffff,892f5a370b3ffff,1097931942,5091968417,9.4727,0.541368,athlete
892f5a37097ffff,892f5a370b7ffff,1097931942,1135820964,15.3557,0.127257,athlete
892f5a37097ffff,892f5a370bbffff,1097931942,5091969121,11.7698,0.362782,athlete
892f5a37097ffff,892f5a3740fffff,1097931942,4506648481,17.4729,0.038878,athlete
892f5a37097ffff,892f5a37423ffff,1097931942,475369332,14.9246,0.150659,athlete
892f5a37097ffff,892f5a37427ffff,1097931942,7947429975,9.2256,0.56067,athlete
892f5a37097ffff,892f5a3742bffff,1097931942,6475403603,9.9819,0.501419,athlete
892f5a37097ffff,892f5a3742fffff,1097931942,2196826810,6.3619,0.770432,athlete
892f5a37097ffff,892f5a37433ffff,1097931942,9775221793,19.3586,0.002535,athlete
892f5a37097ffff,892f5a37437ffff,1097931942,6240815386,14.6996,0.163514,athlete
892f5a37097ffff,892f5a3743bffff,1097931942,6475813119,16.8431,0.060224,athlete
892f5a37097ffff,892f5a37463ffff,1097931942,8371949497,16.3611,0.079479,athlete
892f5a37097ffff,892f5a37467ffff,1097931942,1094679544,10.7382,0.44215,athlete
892f5a37097ffff,892f5a3746fffff,1097931942,7276074359,14.5386,0.172978,athlete
892f5a37097ffff,892f5a37473ffff,1097931942,1093856535,18.025,0.023869,athlete
892f5a37097ffff,892f5a37477ffff,1097931942,10933634351,15.4485,0.122439,athlete
892f5a37097ffff,892f5a3747bffff,1097931942,1093946899,19.4948,0.001574,athlete
892f5a37097ffff,892f5a3750bffff,1097931942,4716326321,18.2686,0.018378,athlete
892f5a37097ffff,892f5a3751bffff,1097931942,4716623608,18.8764,0.007768,athlete
892f5a37097ffff,892f5a37543ffff,1097931942,1097906783,10.8104,0.436525,athlete
892f5a37097ffff,892f5a37547ffff,1097931942,7966410040,14.0424,0.203422,athlete
892f5a37097ffff,892f5a3754bffff,1097931942,1097906906,4.9927,0.853957,athlete
892f5a37097ffff,892f5a3754fffff,1097931942,8908901051,11.6913,0.36872,athlete
892f5a37097ffff,892f5a37553ffff,1097931942,472382750,9.9169,0.50653,athlete
892f5a37097ffff,892f5a37557ffff,1097931942,2704049830,14.8854,0.152871,athlete
892f5a37097ffff,892f5a3755bffff,1097931942,1097906786,5.8485,0.803437,athlete
892f5a37097ffff,892f5a3756bffff,1097931942,1127244318,17.35,0.042697,athlete
892f5a37097ffff,892f5a37573ffff,1097931942,472382641,19.2848,0.003152,athlete
892f5a37097ffff,892f5a3757bffff,1097931942,1135821090,14.5872,0.170097,athlete
892f5a37097ffff,892f5a375c3ffff,1097931942,472447266,17.28,0.044946,athlete
892f5a37097ffff,892f5a375c7ffff,1097931942,1664033852,18.8154,0.008631,athlete
892f5a37097ffff,892f5a375cbffff,1097931942,2649421029,13.4536,0.241864,athlete
892f5a37097ffff,892f5a375cfffff,1097931942,472382799,15.3157,0.129357,athlete
892f5a37097ffff,892f5a375dbffff,1097931942,475368843,19.912,4.8e-05,athlete
892f5a3709bffff,892f5a37083ffff,1096527390,9605882522,4.2779,0.891299,athlete
892f5a3709bffff,892f5a37087ffff,1096527390,5109258744,10.0548,0.495698,athlete
892f5a3709bffff,892f5a37093ffff,1096527390,3193716070,13.8642,0.2148,athlete
892f5a3709bffff,892f5a37097ffff,1096527390,1097931942,9.1509,0.566492,athlete
892f5a3709bffff,892f5a3709bffff,1096527390,1096527390,1.9293,0.977215,athlete
892f5a3709bffff,892f5a370b3ffff,1096527390,5091968417,15.4584,0.121925,athlete
892f5a3709bffff,892f5a370bbffff,1096527390,5091969121,14.7731,0.159272,athlete
892f5a3709bffff,892f5a3740bffff,1096527390,7951554811,16.9205,0.057367,athlete
892f5a3709bffff,892f5a3740fffff,1096527390,4506648481,16.053,0.09306,athlete
892f5a3709bffff,892f5a37423ffff,1096527390,475369332,18.7847,0.009083,athlete
892f5a3709bffff,892f5a37427ffff,1096527390,7947429975,17.7304,0.031439,athlete
892f5a3709bffff,892f5a3742bffff,1096527390,6475403603,13.1157,0.264945,athlete
892f5a3709bffff,892f5a3742fffff,1096527390,2196826810,14.8667,0.153925,athlete
892f5a3709bffff,892f5a3743bffff,1096527390,6475813119,17.691,0.032529,athlete
892f5a3709bffff,892f5a37463ffff,1096527390,8371949497,10.6072,0.452383,athlete
892f5a3709bffff,892f5a37467ffff,1096527390,1094679544,4.9858,0.854342,athlete
892f5a3709bffff,892f5a3746fffff,1096527390,7276074359,8.7846,0.594876,athlete
892f5a3709bffff,892f5a37473ffff,1096527390,1093856535,12.9311,0.277841,athlete
892f5a3709bffff,892f5a37477ffff,1096527390,10933634351,10.3545,0.47217,athlete
892f5a3709bffff,892f5a3747bffff,1096527390,1093946899,14.4008,0.181237,athlete
892f5a3709bffff,892f5a37543ffff,1096527390,1097906783,19.5034,0.001521,athlete
892f5a3709bffff,892f5a3754bffff,1096527390,1097906906,13.6857,0.226427,athlete
892f5a3709bffff,892f5a37553ffff,1096527390,472382750,18.4997,0.013821,athlete
892f5a3709bffff,892f5a3755bffff,1096527390,1097906786,14.4313,0.179399,athlete
892f5a370a3ffff,892f5a370a3ffff,13056197936,13056197936,1.3973,0.988004,athlete
892f5a370a3ffff,892f5a370a7ffff,13056197936,2038377566,5.2151,0.84141,athlete
892f5a370a3ffff,892f5a370b3ffff,13056197936,5091968417,14.0356,0.203853,athlete
892f5a370a3ffff,892f5a370b7ffff,13056197936,1135820964,5.6499,0.815684,athlete
892f5a370a3ffff,892f5a370bbffff,13056197936,5091969121,18.6805,0.010701,athlete
892f5a370a3ffff,892f5a3718bffff,13056197936,666930532,19.0808,0.005203,athlete
892f5a370a3ffff,892f5a3719bffff,13056197936,1942852587,17.6812,0.032801,athlete
892f5a370a3ffff,892f5a371c3ffff,13056197936,581881619,13.1515,0.262465,athlete
892f5a370a3ffff,892f5a371c7ffff,13056197936,6383742435,18.9729,0.006493,athlete
892f5a370a3ffff,892f5a371d3ffff,13056197936,660528224,8.7452,0.597914,athlete
892f5a370a3ffff,892f5a371d7ffff,13056197936,1127244247,13.4194,0.244168,athlete
892f5a370a3ffff,892f5a3750bffff,13056197936,4716326321,19.6295,0.000846,athlete
892f5a370a3ffff,892f5a37543ffff,13056197936,1097906783,17.4868,0.038457,athlete
892f5a370a3ffff,892f5a37547ffff,13056197936,7966410040,15.0572,0.143283,athlete
892f5a370a3ffff,892f5a3754bffff,13056197936,1097906906,15.7328,0.108181,athlete
892f5a370a3ffff,892f5a3754fffff,13056197936,8908901051,12.9128,0.279126,athlete
892f5a370a3ffff,892f5a37563ffff,13056197936,6326922164,15.4336,0.123207,athlete
892f5a370a3ffff,892f5a37567ffff,13056197936,2865895571,19.3251,0.002807,athlete
892f5a370a3ffff,892f5a3756bffff,13056197936,1127244318,10.5198,0.459217,athlete
892f5a370a3ffff,892f5a3756fffff,13056197936,1127244105,13.4297,0.243476,athlete
892f5a370a3ffff,892f5a37573ffff,13056197936,472382641,15.422,0.123804,athlete
892f5a370a3ffff,892f5a37577ffff,13056197936,1706684673,18.939,0.006928,athlete
892f5a370a3ffff,892f5a3757bffff,13056197936,1135821090,11.4908,0.38398,athlete
892f5a370a7ffff,892f5a370a3ffff,2038377566,13056197936,4.5767,0.876263,athlete
892f5a370a7ffff,892f5a370a7ffff,2038377566,2038377566,0.787,0.996184,athlete
892f5a370a7ffff,892f5a370b3ffff,2038377566,5091968417,14.0912,0.200344,athlete
892f5a370a7ffff,892f5a370b7ffff,2038377566,1135820964,5.7055,0.812284,athlete
892f5a370a7ffff,892f5a370bbffff,2038377566,5091969121,18.7362,0.009821,athlete
892f5a370a7ffff,892f5a37113ffff,2038377566,1822152487,17.8853,0.027333,athlete
892f5a370a7ffff,892f5a37183ffff,2038377566,771032173,17.2797,0.044958,athlete
892f5a370a7ffff,892f5a3718bffff,2038377566,666930532,14.6528,0.166248,athlete
892f5a370a7ffff,892f5a37193ffff,2038377566,7865126998,19.0742,0.005278,athlete
892f5a370a7ffff,892f5a3719bffff,2038377566,1942852587,13.2532,0.255471,athlete
892f5a370a7ffff,892f5a371c3ffff,2038377566,581881619,8.7235,0.599586,athlete
892f5a370a7ffff,892f5a371c7ffff,2038377566,6383742435,14.5449,0.172604,athlete
892f5a370a7ffff,892f5a371d3ffff,2038377566,660528224,4.3172,0.889371,athlete
892f5a370a7ffff,892f5a371d7ffff,2038377566,1127244247,8.9914,0.578886,athlete
892f5a370a7ffff,892f5a3750bffff,2038377566,4716326321,19.0623,0.005414,athlete
892f5a370a7ffff,892f5a3750fffff,2038377566,472360248,18.6208,0.011688,athlete
892f5a370a7ffff,892f5a37543ffff,2038377566,1097906783,17.5425,0.036794,athlete
892f5a370a7ffff,892f5a37547ffff,2038377566,7966410040,15.1128,0.140235,athlete
892f5a370a7ffff,892f5a3754bffff,2038377566,1097906906,15.7884,0.105482,athlete
892f5a370a7ffff,892f5a3754fffff,2038377566,8908901051,12.9685,0.275215,athlete
892f5a370a7ffff,892f5a37563ffff,2038377566,6326922164,13.1636,0.261635,athlete
892f5a370a7ffff,892f5a37567ffff,2038377566,2865895571,14.897,0.152211,athlete
892f5a370a7ffff,892f5a3756bffff,2038377566,1127244318,6.0918,0.788029,athlete
892f5a370a7ffff,892f5a3756fffff,2038377566,1127244105,9.0016,0.57809,athlete
892f5a370a7ffff,892f5a37573ffff,2038377566,472382641,13.152,0.262433,athlete
892f5a370a7ffff,892f5a37577ffff,2038377566,1706684673,16.669,0.066896,athlete
892f5a370a7ffff,892f5a3757bffff,2038377566,1135821090,9.4894,0.540063,athlete
892f5a370b3ffff,892f5a37083ffff,5091968417,9605882522,10.1598,0.487452,athlete
892f5a370b3ffff,892f5a37087ffff,5091968417,5109258744,6.3722,0.769755,athlete
892f5a370b3ffff,892f5a37093ffff,5091968417,3193716070,16.6903,0.066061,athlete
892f5a370b3ffff,892f5a37097ffff,5091968417,1097931942,11.5242,0.381434,athlete
892f5a370b3ffff,892f5a3709bffff,5091968417,1096527390,14.7994,0.157764,athlete
892f5a370b3ffff,892f5a370a3ffff,5091968417,13056197936,15.1304,0.13928,athlete
892f5a370b3ffff,892f5a370a7ffff,5091968417,2038377566,15.4747,0.12109,athlete
892f5a370b3ffff,892f5a370b3ffff,5091968417,5091968417,0.3998,0.999014,athlete
892f5a370b3ffff,892f5a370b7ffff,5091968417,1135820964,10.8897,0.430349,athlete
892f5a370b3ffff,892f5a370bbffff,5091968417,5091969121,5.0448,0.851059,athlete
892f5a370b3ffff,892f5a371d3ffff,5091968417,660528224,19.0049,0.006096,athlete
892f5a370b3ffff,892f5a371d7ffff,5091968417,1127244247,19.1123,0.004853,athlete
892f5a370b3ffff,892f5a37427ffff,5091968417,7947429975,19.3122,0.002915,athlete
892f5a370b3ffff,892f5a3742fffff,5091968417,2196826810,16.7376,0.064229,athlete
892f5a370b3ffff,892f5a37467ffff,5091968417,1094679544,16.9864,0.054983,athlete
892f5a370b3ffff,892f5a3750bffff,5091968417,4716326321,14.653,0.166231,athlete
892f5a370b3ffff,892f5a3750fffff,5091968417,472360248,19.4262,0.002029,athlete
892f5a370b3ffff,892f5a3751bffff,5091968417,4716623608,18.9419,0.006891,athlete
892f5a370b3ffff,892f5a37543ffff,5091968417,1097906783,11.4632,0.386088,athlete
892f5a370b3ffff,892f5a37547ffff,5091968417,7966410040,10.0569,0.495532,athlete
892f5a370b3ffff,892f5a3754bffff,5091968417,1097906906,7.2964,0.706011,athlete
892f5a370b3ffff,892f5a3754fffff,5091968417,8908901051,7.2254,0.711083,athlete
892f5a370b3ffff,892f5a37553ffff,5091968417,472382750,16.8492,0.059999,athlete
892f5a370b3ffff,892f5a37557ffff,5091968417,2704049830,15.9707,0.096849,athlete
892f5a370b3ffff,892f5a3755bffff,5091968417,1097906786,14.6984,0.163588,athlete
892f5a370b3ffff,892f5a37563ffff,5091968417,6326922164,15.9879,0.096051,athlete
892f5a370b3ffff,892f5a3756bffff,5091968417,1127244318,12.884,0.281157,athlete
892f5a370b3ffff,892f5a3756fffff,5091968417,1127244105,17.1233,0.050185,athlete
892f5a370b3ffff,892f5a37573ffff,5091968417,472382641,14.8189,0.156648,athlete
892f5a370b3ffff,892f5a37577ffff,5091968417,1706684673,19.4933,0.001583,athlete
892f5a370b3ffff,892f5a3757bffff,5091968417,1135821090,10.1213,0.490474,athlete
892f5a370b7ffff,892f5a37083ffff,1135820964,9605882522,19.0124,0.006005,athlete
892f5a370b7ffff,892f5a37087ffff,1135820964,5109258744,15.2248,0.134187,athlete
892f5a370b7ffff,892f5a37097ffff,1135820964,1097931942,16.3329,0.080682,athlete
892f5a370b7ffff,892f5a370a3ffff,1135820964,13056197936,5.1572,0.844715,athlete
892f5a370b7ffff,892f5a370a7ffff,1135820964,2038377566,5.4451,0.82799,athlete
892f5a370b7ffff,892f5a370b3ffff,1135820964,5091968417,9.2524,0.558584,athlete
892f5a370b7ffff,892f5a370b7ffff,1135820964,1135820964,0.7586,0.996454,athlete
892f5a370b7ffff,892f5a370bbffff,1135820964,5091969121,13.8973,0.212669,athlete
892f5a370b7ffff,892f5a3718bffff,1135820964,666930532,18.699,0.010405,athlete
892f5a370b7ffff,892f5a3719bffff,1135820964,1942852587,16.9845,0.055051,athlete
892f5a370b7ffff,892f5a371c3ffff,1135820964,581881619,13.3816,0.246725,athlete
892f5a370b7ffff,892f5a371c7ffff,1135820964,6383742435,18.5911,0.012195,athlete
892f5a370b7ffff,892f5a371d3ffff,1135820964,660528224,8.9753,0.580136,athlete
892f5a370b7ffff,892f5a371d7ffff,1135820964,1127244247,13.0376,0.270378,athlete
892f5a370b7ffff,892f5a37503ffff,1135820964,6237227412,19.608,0.000948,athlete
892f5a370b7ffff,892f5a3750bffff,1135820964,4716326321,14.8463,0.155082,athlete
892f5a370b7ffff,892f5a3750fffff,1135820964,472360248,17.3099,0.043979,athlete
892f5a370b7ffff,892f5a3751bffff,1135820964,4716623608,19.7211,0.00048,athlete
892f5a370b7ffff,892f5a37543ffff,1135820964,1097906783,12.7037,0.293981,athlete
892f5a370b7ffff,892f5a37547ffff,1135820964,7966410040,10.274,0.478484,athlete
892f5a370b7ffff,892f5a3754bffff,1135820964,1097906906,10.9496,0.425697,athlete
892f5a370b7ffff,892f5a3754fffff,1135820964,8908901051,8.1296,0.644794,athlete
892f5a370b7ffff,892f5a37553ffff,1135820964,472382750,18.1142,0.021776,athlete
892f5a370b7ffff,892f5a37557ffff,1135820964,2704049830,17.1385,0.049664,athlete
892f5a370b7ffff,892f5a3755bffff,1135820964,1097906786,18.3515,0.01667,athlete
892f5a370b7ffff,892f5a37563ffff,1135820964,6326922164,13.6359,0.229708,athlete
892f5a370b7ffff,892f5a37567ffff,1135820964,2865895571,17.7297,0.031457,athlete
892f5a370b7ffff,892f5a3756bffff,1135820964,1127244318,8.9477,0.582271,athlete
892f5a370b7ffff,892f5a3756fffff,1135820964,1127244105,12.733,0.291887,athlete
892f5a370b7ffff,892f5a37573ffff,1135820964,472382641,12.6654,0.296726,athlete
892f5a370b7ffff,892f5a37577ffff,1135820964,1706684673,17.1414,0.049566,athlete
892f5a370b7ffff,892f5a3757bffff,1135820964,1135821090,7.9678,0.656913,athlete
892f5a370bbffff,892f5a37083ffff,5091969121,9605882522,9.7498,0.519642,athlete
892f5a370bbffff,892f5a37087ffff,5091969121,5109258744,5.9622,0.796287,athlete
892f5a370bbffff,892f5a37093ffff,5091969121,3193716070,17.3561,0.042504,athlete
892f5a370bbffff,892f5a37097ffff,5091969121,1097931942,12.0942,0.338474,athlete
892f5a370bbffff,892f5a3709bffff,5091969121,1096527390,14.3894,0.181929,athlete
892f5a370bbffff,892f5a370a3ffff,5091969121,13056197936,19.1401,0.004555,athlete
892f5a370bbffff,892f5a370a7ffff,5091969121,2038377566,19.4844,0.001639,athlete
892f5a370bbffff,892f5a370b3ffff,5091969121,5091968417,4.4094,0.884783,athlete
892f5a370bbffff,892f5a370b7ffff,5091969121,1135820964,14.8994,0.152079,athlete
892f5a370bbffff,892f5a370bbffff,5091969121,5091969121,3.4535,0.928216,athlete
892f5a370bbffff,892f5a3742fffff,5091969121,2196826810,17.9348,0.026079,athlete
892f5a370bbffff,892f5a37467ffff,5091969121,1094679544,16.5764,0.070574,athlete
892f5a370bbffff,892f5a3750bffff,5091969121,4716326321,18.6627,0.010991,athlete
892f5a370bbffff,892f5a37543ffff,5091969121,1097906783,14.2683,0.189323,athlete
892f5a370bbffff,892f5a37547ffff,5091969121,7966410040,14.0665,0.201895,athlete
892f5a370bbffff,892f5a3754bffff,5091969121,1097906906,9.0241,0.576346,athlete
892f5a370bbffff,892f5a3754fffff,5091969121,8908901051,11.2351,0.403606,athlete
892f5a370bbffff,892f5a37553ffff,5091969121,472382750,18.5768,0.012442,athlete
892f5a370bbffff,892f5a37557ffff,5091969121,2704049830,19.1888,0.004053,athlete
892f5a370bbffff,892f5a3755bffff,5091969121,1097906786,16.426,0.076744,athlete
892f5a370bbffff,892f5a37563ffff,5091969121,6326922164,19.9976,0.0,athlete
892f5a370bbffff,892f5a3756bffff,5091969121,1127244318,16.8937,0.058349,athlete
892f5a370bbffff,892f5a37573ffff,5091969121,472382641,18.8285,0.008441,athlete
892f5a370bbffff,892f5a3757bffff,5091969121,1135821090,14.131,0.197849,athlete
892f5a37107ffff,892f5a3624bffff,8514517700,1107512343,17.8881,0.027262,athlete
892f5a37107ffff,892f5a37107ffff,8514517700,8514517700,2.3887,0.965215,athlete
892f5a37107ffff,892f5a37113ffff,8514517700,1822152487,11.1652,0.408992,athlete
892f5a37107ffff,892f5a37117ffff,8514517700,11109216130,4.5976,0.875179,athlete
892f5a37107ffff,892f5a37183ffff,8514517700,771032173,14.8749,0.153462,athlete
892f5a37107ffff,892f5a37187ffff,8514517700,798894742,14.64,0.166993,athlete
892f5a37107ffff,892f5a3718bffff,8514517700,666930532,12.7472,0.290872,athlete
892f5a37107ffff,892f5a3718fffff,8514517700,6451601256,10.5157,0.459543,athlete
892f5a37107ffff,892f5a37193ffff,8514517700,7865126998,19.9577,1.1e-05,athlete
892f5a37107ffff,892f5a37197ffff,8514517700,839607167,19.8059,0.000232,athlete
892f5a37107ffff,892f5a3719bffff,8514517700,1942852587,16.8893,0.05851,athlete
892f5a37107ffff,892f5a371abffff,8514517700,695327660,5.8922,0.800702,athlete
892f5a37107ffff,892f5a371b3ffff,8514517700,659292988,13.735,0.223194,athlete
892f5a37107ffff,892f5a371bbffff,8514517700,2569654976,10.6351,0.450205,athlete
892f5a37107ffff,892f5a371c3ffff,8514517700,581881619,19.2495,0.00347,athlete
892f5a37107ffff,892f5a371c7ffff,8514517700,6383742435,14.5495,0.172327,athlete
892f5a37107ffff,892f5a371d7ffff,8514517700,1127244247,16.3504,0.079935,athlete
892f5a37113ffff,892f5a3624bffff,1822152487,1107512343,14.4823,0.176334,athlete
892f5a37113ffff,892f5a3625bffff,1822152487,764851982,17.3412,0.042977,athlete
892f5a37113ffff,892f5a370a7ffff,1822152487,2038377566,19.3933,0.002269,athlete
892f5a37113ffff,892f5a37107ffff,1822152487,8514517700,10.963,0.424653,athlete
892f5a37113ffff,892f5a37113ffff,1822152487,1822152487,0.428,0.99887,athlete
892f5a37113ffff,892f5a37117ffff,1822152487,11109216130,7.3439,0.702607,athlete
892f5a37113ffff,892f5a37183ffff,1822152487,771032173,9.3858,0.548167,athlete
892f5a37113ffff,892f5a37187ffff,1822152487,798894742,9.5551,0.534915,athlete
892f5a37113ffff,892f5a3718bffff,1822152487,666930532,7.258,0.708756,athlete
892f5a37113ffff,892f5a3718fffff,1822152487,6451601256,5.3782,0.83194,athlete
892f5a37113ffff,892f5a37193ffff,1822152487,7865126998,14.4685,0.177159,athlete
892f5a37113ffff,892f5a37197ffff,1822152487,839607167,14.7732,0.159267,athlete
892f5a37113ffff,892f5a3719bffff,1822152487,1942852587,11.4002,0.390913,athlete
892f5a37113ffff,892f5a371abffff,1822152487,695327660,10.4618,0.463759,athlete
892f5a37113ffff,892f5a371b3ffff,1822152487,659292988,13.5868,0.232964,athlete
892f5a37113ffff,892f5a371bbffff,1822152487,2569654976,8.9208,0.584355,athlete
892f5a37113ffff,892f5a371c3ffff,1822152487,581881619,12.2737,0.325196,athlete
892f5a37113ffff,892f5a371c7ffff,1822152487,6383742435,5.8639,0.802473,athlete
892f5a37113ffff,892f5a371d3ffff,1822152487,660528224,14.1469,0.19685,athlete
892f5a37113ffff,892f5a371d7ffff,1822152487,1127244247,9.3746,0.549039,athlete
892f5a37113ffff,892f5a3752bffff,1822152487,472360457,19.6049,0.000963,athlete
892f5a37113ffff,892f5a3752fffff,1822152487,10293242124,18.2034,0.019779,athlete
892f5a37113ffff,892f5a37567ffff,1822152487,2865895571,17.3991,0.041152,athlete
892f5a37113ffff,892f5a3756bffff,1822152487,1127244318,17.8926,0.027147,athlete
892f5a37113ffff,892f5a3756fffff,1822152487,1127244105,14.2731,0.189028,athlete
892f5a37117ffff,892f5a3624bffff,11109216130,1107512343,15.9274,0.098868,athlete
892f5a37117ffff,892f5a3625bffff,11109216130,764851982,19.1566,0.004381,athlete
892f5a37117ffff,892f5a37107ffff,11109216130,8514517700,5.0496,0.85079,athlete
892f5a37117ffff,892f5a37113ffff,11109216130,1822152487,7.9981,0.65465,athlete
892f5a37117ffff,892f5a37117ffff,11109216130,11109216130,0.7783,0.996269,athlete
892f5a37117ffff,892f5a37183ffff,11109216130,771032173,11.7078,0.367476,athlete
892f5a37117ffff,892f5a37187ffff,11109216130,798894742,11.4729,0.38535,athlete
892f5a37117ffff,892f5a3718bffff,11109216130,666930532,9.58,0.53296,athlete
892f5a37117ffff,892f5a3718fffff,11109216130,6451601256,7.3485,0.702276,athlete
892f5a37117ffff,892f5a37193ffff,11109216130,7865126998,16.7905,0.062205,athlete
892f5a37117ffff,892f5a37197ffff,11109216130,839607167,16.6388,0.068087,athlete
892f5a37117ffff,892f5a3719bffff,11109216130,1942852587,13.7222,0.224033,athlete
892f5a37117ffff,892f5a371abffff,11109216130,695327660,6.3825,0.769074,athlete
892f5a37117ffff,892f5a371b3ffff,11109216130,659292988,13.8607,0.215031,athlete
892f5a37117ffff,892f5a371bbffff,11109216130,2569654976,9.9936,0.500504,athlete
892f5a37117ffff,892f5a371c3ffff,11109216130,581881619,16.0824,0.091722,athlete
892f5a37117ffff,892f5a371c7ffff,11109216130,6383742435,11.3824,0.392277,athlete
892f5a37117ffff,892f5a371d3ffff,11109216130,660528224,17.9556,0.02556,athlete
892f5a37117ffff,892f5a371d7ffff,11109216130,1127244247,13.1833,0.260273,athlete
892f5a37117ffff,892f5a37567ffff,11109216130,2865895571,19.721,0.00048,athlete
892f5a37117ffff,892f5a3756fffff,11109216130,1127244105,18.0818,0.022525,athlete
892f5a37183ffff,892f5a36243ffff,771032173,822683298,15.304,0.129975,athlete
892f5a37183ffff,892f5a36247ffff,771032173,1942852414,19.5445,0.001279,athlete
892f5a37183ffff,892f5a3624bffff,771032173,1107512343,9.9159,0.506601,athlete
892f5a37183ffff,892f5a3624fffff,771032173,1800595808,16.1033,0.090777,athlete
892f5a37183ffff,892f5a36253ffff,771032173,11512438978,16.3082,0.081745,athlete
892f5a37183ffff,892f5a36257ffff,771032173,563748914,19.3422,0.002667,athlete
892f5a37183ffff,892f5a3625bffff,771032173,764851982,10.1209,0.490508,athlete
892f5a37183ffff,892f5a362cbffff,771032173,472359869,18.7308,0.009903,athlete
892f5a37183ffff,892f5a370a7ffff,771032173,2038377566,18.6941,0.010482,athlete
892f5a37183ffff,892f5a37107ffff,771032173,8514517700,15.8593,0.102087,athlete
892f5a37183ffff,892f5a37113ffff,771032173,1822152487,10.6489,0.449123,athlete
892f5a37183ffff,892f5a37117ffff,771032173,11109216130,12.2402,0.327664,athlete
892f5a37183ffff,892f5a37183ffff,771032173,771032173,0.4336,0.998841,athlete
892f5a37183ffff,892f5a37187ffff,771032173,798894742,5.6491,0.81573,athlete
892f5a37183ffff,892f5a3718bffff,771032173,666930532,4.5234,0.879006,athlete
892f5a37183ffff,892f5a3718fffff,771032173,6451601256,7.0487,0.723582,athlete
892f5a37183ffff,892f5a37193ffff,771032173,7865126998,5.5164,0.823745,athlete
892f5a37183ffff,892f5a37197ffff,771032173,839607167,6.953,0.730278,athlete
892f5a37183ffff,892f5a3719bffff,771032173,1942852587,5.4551,0.827399,athlete
892f5a37183ffff,892f5a371abffff,771032173,695327660,15.3133,0.12948,athlete
892f5a37183ffff,892f5a371b3ffff,771032173,659292988,11.1537,0.40988,athlete
892f5a37183ffff,892f5a371bbffff,771032173,2569654976,10.892,0.430173,athlete
892f5a37183ffff,892f5a371c3ffff,771032173,581881619,11.5745,0.377596,athlete
892f5a37183ffff,892f5a371c7ffff,771032173,6383742435,9.4155,0.545844,athlete
892f5a37183ffff,892f5a371d3ffff,771032173,660528224,13.4477,0.24226,athlete
892f5a37183ffff,892f5a371d7ffff,771032173,1127244247,8.6754,0.603284,athlete
892f5a37183ffff,892f5a3750fffff,771032173,472360248,19.5421,0.001293,athlete
892f5a37183ffff,892f5a37527ffff,771032173,9602267747,14.74,0.161179,athlete
892f5a37183ffff,892f5a3752bffff,771032173,472360457,11.0227,0.42002,athlete
892f5a37183ffff,892f5a3752fffff,771032173,10293242124,9.2512,0.558673,athlete
892f5a37183ffff,892f5a3753bffff,771032173,1094547495,17.7565,0.030729,athlete
892f5a37183ffff,892f5a37563ffff,771032173,6326922164,14.42,0.180078,athlete
892f5a37183ffff,892f5a37567ffff,771032173,2865895571,9.5013,0.539128,athlete
892f5a37183ffff,892f5a3756bffff,771032173,1127244318,15.8201,0.103956,athlete
892f5a37183ffff,892f5a3756fffff,771032173,1127244105,10.9171,0.42822,athlete
892f5a37183ffff,892f5a37573ffff,771032173,472382641,17.4881,0.038418,athlete
892f5a37183ffff,892f5a37577ffff,771032173,1706684673,14.1356,0.197559,athlete
892f5a37183ffff,892f5a3757bffff,771032173,1135821090,19.1009,0.004979,athlete
892f5a37187ffff,892f5a36243ffff,798894742,822683298,12.6145,0.300384,athlete
892f5a37187ffff,892f5a36247ffff,798894742,1942852414,15.7254,0.108542,athlete
892f5a37187ffff,892f5a3624bffff,798894742,1107512343,6.0969,0.787705,athlete
892f5a37187ffff,892f5a3624fffff,798894742,1800595808,12.2842,0.324425,athlete
892f5a37187ffff,892f5a36253ffff,798894742,11512438978,13.8968,0.212703,athlete
892f5a37187ffff,892f5a36257ffff,798894742,563748914,16.6912,0.066026,athlete
892f5a37187ffff,892f5a3625bffff,798894742,764851982,8.8048,0.593317,athlete
892f5a37187ffff,892f5a362cbffff,798894742,472359869,17.8302,0.028761,athlete
892f5a37187ffff,892f5a362cfffff,798894742,2095799546,17.354,0.042568,athlete
892f5a37187ffff,892f5a37107ffff,798894742,8514517700,15.5517,0.117174,athlete
892f5a37187ffff,892f5a37113ffff,798894742,1822152487,10.5473,0.457067,athlete
892f5a37187ffff,892f5a37117ffff,798894742,11109216130,11.9326,0.350535,athlete
892f5a37187ffff,892f5a37183ffff,798894742,771032173,5.5523,0.821592,athlete
892f5a37187ffff,892f5a37187ffff,798894742,798894742,1.0187,0.993612,athlete
892f5a37187ffff,892f5a3718bffff,798894742,666930532,9.6421,0.528096,athlete
892f5a37187ffff,892f5a3718fffff,798894742,6451601256,6.1368,0.785136,athlete
892f5a37187ffff,892f5a37193ffff,798894742,7865126998,8.5091,0.616024,athlete
892f5a37187ffff,892f5a37197ffff,798894742,839607167,6.287,0.775365,athlete
892f5a37187ffff,892f5a3719bffff,798894742,1942852587,9.6527,0.527267,athlete
892f5a37187ffff,892f5a371abffff,798894742,695327660,14.3162,0.186387,athlete
892f5a37187ffff,892f5a371b3ffff,798894742,659292988,7.3347,0.703274,athlete
892f5a37187ffff,892f5a371bbffff,798894742,2569654976,8.7619,0.596629,athlete
892f5a37187ffff,892f5a371c3ffff,798894742,581881619,16.6932,0.06595,athlete
892f5a37187ffff,892f5a371c7ffff,798894742,6383742435,13.7665,0.221141,athlete
892f5a37187ffff,892f5a371d3ffff,798894742,660528224,18.5664,0.012624,athlete
892f5a37187ffff,892f5a371d7ffff,798894742,1127244247,13.7941,0.219343,athlete
892f5a37187ffff,892f5a37527ffff,798894742,9602267747,14.5507,0.172261,athlete
892f5a37187ffff,892f5a3752bffff,798894742,472360457,14.2151,0.192607,athlete
892f5a37187ffff,892f5a3752fffff,798894742,10293242124,11.2854,0.399733,athlete
892f5a37187ffff,892f5a37563ffff,798894742,6326922164,17.6124,0.034753,athlete
892f5a37187ffff,892f5a37567ffff,798894742,2865895571,12.6937,0.294693,athlete
892f5a37187ffff,892f5a3756fffff,798894742,1127244105,15.6757,0.110981,athlete
892f5a37187ffff,892f5a37577ffff,798894742,1706684673,17.328,0.043397,athlete
892f5a3718bffff,892f5a36243ffff,666930532,822683298,18.8722,0.007825,athlete
892f5a3718bffff,892f5a3624bffff,666930532,1107512343,13.4842,0.239807,athlete
892f5a3718bffff,892f5a3624fffff,666930532,1800595808,19.6716,0.000665,athlete
892f5a3718bffff,892f5a36253ffff,666930532,11512438978,19.8764,9.4e-05,athlete
892f5a3718bffff,892f5a3625bffff,666930532,764851982,13.6891,0.226201,athlete
892f5a3718bffff,892f5a370a7ffff,666930532,2038377566,16.3425,0.080271,athlete
892f5a3718bffff,892f5a370b7ffff,666930532,1135820964,19.4457,0.001894,athlete
892f5a3718bffff,892f5a37107ffff,666930532,8514517700,13.1789,0.26058,athlete
892f5a3718bffff,892f5a37113ffff,666930532,1822152487,7.8105,0.668591,athlete
892f5a3718bffff,892f5a37117ffff,666930532,11109216130,9.5598,0.534547,athlete
892f5a3718bffff,892f5a37183ffff,666930532,771032173,4.0019,0.904422,athlete
892f5a3718bffff,892f5a37187ffff,666930532,798894742,9.2174,0.56131,athlete
892f5a3718bffff,892f5a3718bffff,666930532,666930532,0.2281,0.999679,athlete
892f5a3718bffff,892f5a3718fffff,666930532,6451601256,5.7477,0.809688,athlete
892f5a3718bffff,892f5a37193ffff,666930532,7865126998,9.0846,0.571644,athlete
892f5a3718bffff,892f5a37197ffff,666930532,839607167,10.5213,0.459104,athlete
892f5a3718bffff,892f5a3719bffff,666930532,1942852587,5.9412,0.797616,athlete
892f5a3718bffff,892f5a371abffff,666930532,695327660,12.6329,0.299056,athlete
892f5a3718bffff,892f5a371b3ffff,666930532,659292988,14.257,0.190023,athlete
892f5a3718bffff,892f5a371bbffff,666930532,2569654976,9.591,0.532101,athlete
892f5a3718bffff,892f5a371c3ffff,666930532,581881619,9.2229,0.560881,athlete
892f5a3718bffff,892f5a371c7ffff,666930532,6383742435,5.3839,0.831603,athlete
892f5a3718bffff,892f5a371d3ffff,666930532,660528224,11.0961,0.414334,athlete
892f5a3718bffff,892f5a371d7ffff,666930532,1127244247,6.3238,0.772946,athlete
892f5a3718bffff,892f5a37527ffff,666930532,9602267747,18.3082,0.017551,athlete
892f5a3718bffff,892f5a3752bffff,666930532,472360457,14.221,0.192245,athlete
892f5a3718bffff,892f5a3752fffff,666930532,10293242124,12.8195,0.285725,athlete
892f5a3718bffff,892f5a37563ffff,666930532,6326922164,15.1834,0.136409,athlete
892f5a3718bffff,892f5a37567ffff,666930532,2865895571,11.9401,0.349976,athlete
892f5a3718bffff,892f5a3756bffff,666930532,1127244318,14.8418,0.155341,athlete
892f5a3718bffff,892f5a3756fffff,666930532,1127244105,10.639,0.449897,athlete
892f5a3718bffff,892f5a37573ffff,666930532,472382641,18.2515,0.01874,athlete
892f5a3718bffff,892f5a37577ffff,666930532,1706684673,15.5862,0.115434,athlete
892f5a3718bffff,892f5a3757bffff,666930532,1135821090,18.9444,0.006858,athlete
892f5a3718fffff,892f5a36243ffff,6451601256,822683298,16.1947,0.086692,athlete
892f5a3718fffff,892f5a36247ffff,6451601256,1942852414,19.3056,0.002971,athlete
892f5a3718fffff,892f5a3624bffff,6451601256,1107512343,9.6771,0.525348,athlete
892f5a3718fffff,892f5a3624fffff,6451601256,1800595808,15.8645,0.10184,athlete
892f5a3718fffff,892f5a36253ffff,6451601256,11512438978,17.4771,0.038752,athlete
892f5a3718fffff,892f5a3625bffff,6451601256,764851982,12.3851,0.317025,athlete
892f5a3718fffff,892f5a370a7ffff,6451601256,2038377566,19.8714,0.000102,athlete
892f5a3718fffff,892f5a37107ffff,6451601256,8514517700,9.9999,0.500004,athlete
892f5a3718fffff,892f5a37113ffff,6451601256,1822152487,4.9956,0.853798,athlete
892f5a3718fffff,892f5a37117ffff,6451601256,11109216130,6.3809,0.769181,athlete
892f5a3718fffff,892f5a37183ffff,6451601256,771032173,5.5528,0.821561,athlete
892f5a3718fffff,892f5a37187ffff,6451601256,798894742,4.599,0.875106,athlete
892f5a3718fffff,892f5a3718bffff,6451601256,666930532,4.8311,0.862808,athlete
892f5a3718fffff,892f5a3718fffff,6451601256,6451601256,0.4221,0.998901,athlete
892f5a3718fffff,892f5a37193ffff,6451601256,7865126998,10.6206,0.451338,athlete
892f5a3718fffff,892f5a37197ffff,6451601256,839607167,9.8171,0.514363,athlete
892f5a3718fffff,892f5a3719bffff,6451601256,1942852587,7.7101,0.675993,athlete
892f5a3718fffff,892f5a371abffff,6451601256,695327660,8.9707,0.580487,athlete
892f5a3718fffff,892f5a371b3ffff,6451601256,659292988,8.9314,0.583535,athlete
892f5a3718fffff,892f5a371bbffff,6451601256,2569654976,4.2654,0.891908,athlete
892f5a3718fffff,892f5a371c3ffff,6451601256,581881619,12.7518,0.290542,athlete
892f5a3718fffff,892f5a371c7ffff,6451601256,6383742435,8.0518,0.650633,athlete
892f5a3718fffff,892f5a371d3ffff,6451601256,660528224,14.625,0.167872,athlete
892f5a3718fffff,892f5a371d7ffff,6451601256,1127244247,9.8527,0.511567,athlete
892f5a3718fffff,892f5a37527ffff,6451601256,9602267747,18.1309,0.021395,athlete
892f5a3718fffff,892f5a3752bffff,6451601256,472360457,15.9148,0.09946,athlete
892f5a3718fffff,892f5a3752fffff,6451601256,10293242124,14.3554,0.183993,athlete
892f5a3718fffff,892f5a37563ffff,6451601256,6326922164,16.9523,0.056208,athlete
892f5a3718fffff,892f5a37567ffff,6451601256,2865895571,13.709,0.224899,athlete
892f5a3718fffff,892f5a3756bffff,6451601256,1127244318,17.311,0.043945,athlete
892f5a3718fffff,892f5a3756fffff,6451601256,1127244105,12.4079,0.315358,athlete
892f5a3718fffff,892f5a37577ffff,6451601256,1706684673,17.3552,0.042533,athlete
892f5a37193ffff,892f5a36243ffff,7865126998,822683298,15.0805,0.142005,athlete
892f5a37193ffff,892f5a36247ffff,7865126998,1942852414,18.8764,0.007767,athlete
892f5a37193ffff,892f5a3624bffff,7865126998,1107512343,11.2384,0.403348,athlete
892f5a37193ffff,892f5a3624fffff,7865126998,1800595808,16.6886,0.066129,athlete
892f5a37193ffff,892f5a36253ffff,7865126998,11512438978,12.5141,0.307634,athlete
892f5a37193ffff,892f5a36257ffff,7865126998,563748914,17.508,0.03782,athlete
892f5a37193ffff,892f5a3625bffff,7865126998,764851982,9.5617,0.534395,athlete
892f5a37193ffff,892f5a362cbffff,7865126998,472359869,14.9368,0.149975,athlete
892f5a37193ffff,892f5a362cfffff,7865126998,2095799546,16.8994,0.05814,athlete
892f5a37193ffff,892f5a362dbffff,7865126998,471978558,19.4052,0.002181,athlete
892f5a37193ffff,892f5a37113ffff,7865126998,1822152487,15.9002,0.100148,athlete
892f5a37193ffff,892f5a37117ffff,7865126998,11109216130,17.4915,0.038316,athlete
892f5a37193ffff,892f5a37183ffff,7865126998,771032173,5.6849,0.813546,athlete
892f5a37193ffff,892f5a37187ffff,7865126998,798894742,8.4747,0.618651,athlete
892f5a37193ffff,892f5a3718bffff,7865126998,666930532,9.7747,0.51769,athlete
892f5a37193ffff,892f5a3718fffff,7865126998,6451601256,12.3,0.323263,athlete
892f5a37193ffff,892f5a37193ffff,7865126998,7865126998,0.223,0.999693,athlete
892f5a37193ffff,892f5a37197ffff,7865126998,839607167,7.7095,0.676042,athlete
892f5a37193ffff,892f5a3719bffff,7865126998,1942852587,6.5939,0.754931,athlete
892f5a37193ffff,892f5a371b3ffff,7865126998,659292988,12.4885,0.309492,athlete
892f5a37193ffff,892f5a371bbffff,7865126998,2569654976,15.5182,0.118872,athlete
892f5a37193ffff,892f5a371c3ffff,7865126998,581881619,14.1368,0.197484,athlete
892f5a37193ffff,892f5a371c7ffff,7865126998,6383742435,13.9344,0.210292,athlete
892f5a37193ffff,892f5a371d3ffff,7865126998,660528224,16.01,0.095029,athlete
892f5a37193ffff,892f5a371d7ffff,7865126998,1127244247,11.2377,0.403403,athlete
892f5a37193ffff,892f5a37507ffff,7865126998,9933084480,18.9493,0.006795,athlete
892f5a37193ffff,892f5a3750fffff,7865126998,472360248,16.6998,0.06569,athlete
892f5a37193ffff,892f5a37527ffff,7865126998,9602267747,10.9459,0.425981,athlete
892f5a37193ffff,892f5a3752bffff,7865126998,472360457,6.9795,0.728426,athlete
892f5a37193ffff,892f5a3752fffff,7865126998,10293242124,5.1695,0.844017,athlete
892f5a37193ffff,892f5a37533ffff,7865126998,9954179094,18.4102,0.015509,athlete
892f5a37193ffff,892f5a37537ffff,7865126998,5495728727,17.8447,0.028382,athlete
892f5a37193ffff,892f5a3753bffff,7865126998,1094547495,13.7133,0.224618,athlete
892f5a37193ffff,892f5a37563ffff,7865126998,6326922164,13.7377,0.223019,athlete
892f5a37193ffff,892f5a37567ffff,7865126998,2865895571,8.7016,0.601271,athlete
892f5a37193ffff,892f5a3756bffff,7865126998,1127244318,17.9648,0.025334,athlete
892f5a37193ffff,892f5a3756fffff,7865126998,1127244105,11.8488,0.356829,athlete
892f5a37193ffff,892f5a37573ffff,7865126998,472382641,16.8058,0.061628,athlete
892f5a37193ffff,892f5a37577ffff,7865126998,1706684673,12.4485,0.312398,athlete
892f5a37193ffff,892f5a3757bffff,7865126998,1135821090,18.4185,0.015349,athlete
892f5a37197ffff,892f5a3621bffff,839607167,7878186387,18.6389,0.011384,athlete
892f5a37197ffff,892f5a36243ffff,839607167,822683298,9.76,0.518844,athlete
892f5a37197ffff,892f5a36247ffff,839607167,1942852414,14.3315,0.185455,athlete
892f5a37197ffff,892f5a3624bffff,839607167,1107512343,7.8746,0.663845,athlete
892f5a37197ffff,892f5a3624fffff,839607167,1800595808,11.3681,0.393374,athlete
892f5a37197ffff,892f5a36253ffff,839607167,11512438978,11.0038,0.421488,athlete
892f5a37197ffff,892f5a36257ffff,839607167,563748914,13.7982,0.219074,athlete
892f5a37197ffff,892f5a3625bffff,839607167,764851982,4.8251,0.863132,athlete
892f5a37197ffff,892f5a362c7ffff,839607167,896901457,19.3526,0.002583,athlete
892f5a37197ffff,892f5a362cbffff,839607167,472359869,14.3299,0.185548,athlete
892f5a37197ffff,892f5a362cfffff,839607167,2095799546,14.461,0.177609,athlete
892f5a37197ffff,892f5a362dbffff,839607167,471978558,19.6697,0.000673,athlete
892f5a37197ffff,892f5a37113ffff,839607167,1822152487,15.0038,0.146235,athlete
892f5a37197ffff,892f5a37117ffff,839607167,11109216130,16.3891,0.078296,athlete
892f5a37197ffff,892f5a37183ffff,839607167,771032173,6.2363,0.778679,athlete
892f5a37197ffff,892f5a37187ffff,839607167,798894742,5.4752,0.8262,athlete
892f5a37197ffff,892f5a3718bffff,839607167,666930532,10.3261,0.474396,athlete
892f5a37197ffff,892f5a3718fffff,839607167,6451601256,10.5933,0.453474,athlete
892f5a37197ffff,892f5a37193ffff,839607167,7865126998,6.6493,0.751178,athlete
892f5a37197ffff,892f5a37197ffff,839607167,839607167,0.3893,0.999066,athlete
892f5a37197ffff,892f5a3719bffff,839607167,1942852587,9.2904,0.555617,athlete
892f5a37197ffff,892f5a371abffff,839607167,695327660,18.7533,0.009556,athlete
892f5a37197ffff,892f5a371b3ffff,839607167,659292988,9.1391,0.567408,athlete
892f5a37197ffff,892f5a371bbffff,839607167,2569654976,12.2861,0.324281,athlete
892f5a37197ffff,892f5a371c3ffff,839607167,581881619,16.8333,0.060594,athlete
892f5a37197ffff,892f5a371c7ffff,839607167,6383742435,15.2182,0.134539,athlete
892f5a37197ffff,892f5a371d3ffff,839607167,660528224,18.7065,0.010286,athlete
892f5a37197ffff,892f5a371d7ffff,839607167,1127244247,13.9342,0.210306,athlete
892f5a37197ffff,892f5a3750fffff,839607167,472360248,18.8145,0.008645,athlete
892f5a37197ffff,892f5a37527ffff,839607167,9602267747,10.3391,0.473383,athlete
892f5a37197ffff,892f5a3752bffff,839607167,472360457,10.7183,0.443704,athlete
892f5a37197ffff,892f5a3752fffff,839607167,10293242124,5.9544,0.796783,athlete
892f5a37197ffff,892f5a37537ffff,839607167,5495728727,18.1092,0.021891,athlete
892f5a37197ffff,892f5a3753bffff,839607167,1094547495,15.6939,0.110084,athlete
892f5a37197ffff,892f5a37563ffff,839607167,6326922164,16.5177,0.072957,athlete
892f5a37197ffff,892f5a37567ffff,839607167,2865895571,11.5989,0.375736,athlete
892f5a37197ffff,892f5a3756fffff,839607167,1127244105,14.5809,0.17047,athlete
892f5a37197ffff,892f5a37573ffff,839607167,472382641,19.5858,0.001058,athlete
892f5a37197ffff,892f5a37577ffff,839607167,1706684673,16.2332,0.084998,athlete
892f5a3719bffff,892f5a36243ffff,1942852587,822683298,19.2478,0.003486,athlete
892f5a3719bffff,892f5a3624bffff,1942852587,1107512343,14.2573,0.190005,athlete
892f5a3719bffff,892f5a36253ffff,1942852587,11512438978,17.6451,0.03382,athlete
892f5a3719bffff,892f5a3625bffff,1942852587,764851982,13.8564,0.215303,athlete
892f5a3719bffff,892f5a370a3ffff,1942852587,13056197936,18.4982,0.013848,athlete
892f5a3719bffff,892f5a370a7ffff,1942852587,2038377566,14.8992,0.152087,athlete
892f5a3719bffff,892f5a370b7ffff,1942852587,1135820964,17.8596,0.027994,athlete
892f5a3719bffff,892f5a37107ffff,1942852587,8514517700,18.5471,0.012966,athlete
892f5a3719bffff,892f5a37113ffff,1942852587,1822152487,12.8786,0.281542,athlete
892f5a3719bffff,892f5a37117ffff,1942852587,11109216130,14.928,0.150469,athlete
892f5a3719bffff,892f5a37183ffff,1942852587,771032173,6.0856,0.788427,athlete
892f5a3719bffff,892f5a37187ffff,1942852587,798894742,10.638,0.449972,athlete
892f5a3719bffff,892f5a3718bffff,1942852587,666930532,6.8351,0.738461,athlete
892f5a3719bffff,892f5a3718fffff,1942852587,6451601256,9.7365,0.520692,athlete
892f5a3719bffff,892f5a37193ffff,1942852587,7865126998,6.8804,0.735323,athlete
892f5a3719bffff,892f5a37197ffff,1942852587,839607167,10.7283,0.442922,athlete
892f5a3719bffff,892f5a3719bffff,1942852587,1942852587,0.133,0.999891,athlete
892f5a3719bffff,892f5a371abffff,1942852587,695327660,18.0011,0.024445,athlete
892f5a3719bffff,892f5a371b3ffff,1942852587,659292988,15.5074,0.119421,athlete
892f5a3719bffff,892f5a371bbffff,1942852587,2569654976,13.5798,0.23343,athlete
892f5a3719bffff,892f5a371c3ffff,1942852587,581881619,9.7406,0.520367,athlete
892f5a3719bffff,892f5a371c7ffff,1942852587,6383742435,9.5382,0.536238,athlete
892f5a3719bffff,892f5a371d3ffff,1942852587,660528224,10.3544,0.472178,athlete
892f5a3719bffff,892f5a371d7ffff,1942852587,1127244247,6.8415,0.738015,athlete
892f5a3719bffff,892f5a3750bffff,1942852587,4716326321,19.9804,2e-06,athlete
892f5a3719bffff,892f5a3750fffff,1942852587,472360248,16.6415,0.067977,athlete
892f5a3719bffff,892f5a37527ffff,1942852587,9602267747,16.0769,0.091972,athlete
892f5a3719bffff,892f5a3752bffff,1942852587,472360457,9.6045,0.531046,athlete
892f5a3719bffff,892f5a3752fffff,1942852587,10293242124,9.3139,0.553785,athlete
892f5a3719bffff,892f5a3753bffff,1942852587,1094547495,16.3382,0.080457,athlete
892f5a3719bffff,892f5a37547ffff,1942852587,7966410040,17.647,0.033766,athlete
892f5a3719bffff,892f5a37563ffff,1942852587,6326922164,11.1453,0.410535,athlete
892f5a3719bffff,892f5a37567ffff,1942852587,2865895571,7.8615,0.664813,athlete
892f5a3719bffff,892f5a3756bffff,1942852587,1127244318,11.5039,0.382982,athlete
892f5a3719bffff,892f5a3756fffff,1942852587,1127244105,6.6009,0.754463,athlete
892f5a3719bffff,892f5a37573ffff,1942852587,472382641,14.2134,0.192717,athlete
892f5a3719bffff,892f5a37577ffff,1942852587,1706684673,11.5481,0.37961,athlete
892f5a3719bffff,892f5a3757bffff,1942852587,1135821090,15.6065,0.114419,athlete
892f5a371abffff,892f5a3624bffff,695327660,1107512343,15.3442,0.127857,athlete
892f5a371abffff,892f5a37107ffff,695327660,8514517700,5.9207,0.798908,athlete
892f5a371abffff,892f5a37113ffff,695327660,1822152487,10.2786,0.478125,athlete
892f5a371abffff,892f5a37117ffff,695327660,11109216130,5.5777,0.82006,athlete
892f5a371abffff,892f5a37183ffff,695327660,771032173,13.9883,0.206853,athlete
892f5a371abffff,892f5a37187ffff,695327660,798894742,13.0432,0.269984,athlete
892f5a371abffff,892f5a3718bffff,695327660,666930532,11.8605,0.355945,athlete
892f5a371abffff,892f5a3718fffff,695327660,6451601256,8.9473,0.582305,athlete
892f5a371abffff,892f5a37193ffff,695327660,7865126998,19.071,0.005314,athlete
892f5a371abffff,892f5a37197ffff,695327660,839607167,18.2091,0.019653,athlete
892f5a371abffff,892f5a3719bffff,695327660,1942852587,16.0027,0.095367,athlete
892f5a371abffff,892f5a371abffff,695327660,695327660,2.6076,0.958639,athlete
892f5a371abffff,892f5a371b3ffff,695327660,659292988,11.1912,0.406992,athlete
892f5a371abffff,892f5a371bbffff,695327660,2569654976,8.0912,0.647682,athlete
892f5a371abffff,892f5a371c3ffff,695327660,581881619,18.3629,0.016441,athlete
892f5a371abffff,892f5a371c7ffff,695327660,6383742435,13.6629,0.227927,athlete
892f5a371abffff,892f5a371d7ffff,695327660,1127244247,15.4638,0.121649,athlete
892f5a371b3ffff,892f5a36243ffff,659292988,822683298,11.6105,0.374856,athlete
892f5a371b3ffff,892f5a36247ffff,659292988,1942852414,13.3659,0.247791,athlete
892f5a371b3ffff,892f5a3624bffff,659292988,1107512343,4.9911,0.854045,athlete
892f5a371b3ffff,892f5a3624fffff,659292988,1800595808,9.921,0.506205,athlete
892f5a371b3ffff,892f5a36253ffff,659292988,11512438978,15.1282,0.139397,athlete
892f5a371b3ffff,892f5a36257ffff,659292988,563748914,15.8154,0.104182,athlete
892f5a371b3ffff,892f5a3625bffff,659292988,764851982,10.1566,0.487699,athlete
892f5a371b3ffff,892f5a362cbffff,659292988,472359869,19.0616,0.005422,athlete
892f5a371b3ffff,892f5a362cfffff,659292988,2095799546,18.5855,0.012292,athlete
892f5a371b3ffff,892f5a37107ffff,659292988,8514517700,14.5095,0.17471,athlete
892f5a371b3ffff,892f5a37113ffff,659292988,1822152487,13.9451,0.209607,athlete
892f5a371b3ffff,892f5a37117ffff,659292988,11109216130,13.5058,0.238363,athlete
892f5a371b3ffff,892f5a37183ffff,659292988,771032173,9.9871,0.501017,athlete
892f5a371b3ffff,892f5a37187ffff,659292988,798894742,5.9671,0.795978,athlete
892f5a371b3ffff,892f5a3718bffff,659292988,666930532,13.9435,0.209708,athlete
892f5a371b3ffff,892f5a3718fffff,659292988,6451601256,9.5345,0.536525,athlete
892f5a371b3ffff,892f5a37193ffff,659292988,7865126998,11.557,0.378929,athlete
892f5a371b3ffff,892f5a37197ffff,659292988,839607167,8.6528,0.605023,athlete
892f5a371b3ffff,892f5a3719bffff,659292988,1942852587,13.8903,0.21312,athlete
892f5a371b3ffff,892f5a371abffff,659292988,695327660,11.9371,0.3502,athlete
892f5a371b3ffff,892f5a371b3ffff,659292988,659292988,0.1702,0.999821,athlete
892f5a371b3ffff,892f5a371bbffff,659292988,2569654976,5.6853,0.813521,athlete
892f5a371b3ffff,892f5a371c7ffff,659292988,6383742435,17.1642,0.04879,athlete
892f5a371b3ffff,892f5a371d7ffff,659292988,1127244247,18.2289,0.019225,athlete
892f5a371b3ffff,892f5a37527ffff,659292988,9602267747,15.7821,0.105786,athlete
892f5a371b3ffff,892f5a3752bffff,659292988,472360457,17.3187,0.043695,athlete
892f5a371b3ffff,892f5a3752fffff,659292988,10293242124,13.6511,0.228705,athlete
892f5a371b3ffff,892f5a37567ffff,659292988,2865895571,16.1989,0.08651,athlete
892f5a371b3ffff,892f5a3756fffff,659292988,1127244105,19.1808,0.004134,athlete
892f5a371bbffff,892f5a36243ffff,2569654976,822683298,15.6238,0.113554,athlete
892f5a371bbffff,892f5a36247ffff,2569654976,1942852414,17.3792,0.041775,athlete
892f5a371bbffff,892f5a3624bffff,2569654976,1107512343,9.0045,0.577872,athlete
892f5a371bbffff,892f5a3624fffff,2569654976,1800595808,13.9343,0.210297,athlete
892f5a371bbffff,892f5a36253ffff,2569654976,11512438978,19.1415,0.004539,athlete
892f5a371bbffff,892f5a36257ffff,2569654976,563748914,19.8287,0.000181,athlete
892f5a371bbffff,892f5a3625bffff,2569654976,764851982,14.17,0.195415,athlete
892f5a371bbffff,892f5a37107ffff,2569654976,8514517700,11.4661,0.385868,athlete
892f5a371bbffff,892f5a37113ffff,2569654976,1822152487,9.455,0.542752,athlete
892f5a371bbffff,892f5a37117ffff,2569654976,11109216130,9.9375,0.504912,athlete
892f5a371bbffff,892f5a37183ffff,2569654976,771032173,10.1685,0.486768,athlete
892f5a371bbffff,892f5a37187ffff,2569654976,798894742,8.4928,0.617274,athlete
892f5a371bbffff,892f5a3718bffff,2569654976,666930532,9.4534,0.542875,athlete
892f5a371bbffff,892f5a3718fffff,2569654976,6451601256,5.0444,0.851076,athlete
892f5a371bbffff,892f5a37193ffff,2569654976,7865126998,14.7301,0.161747,athlete
892f5a371bbffff,892f5a37197ffff,2569654976,839607167,12.0092,0.344803,athlete
892f5a371bbffff,892f5a3719bffff,2569654976,1942852587,12.3325,0.32088,athlete
892f5a371bbffff,892f5a371abffff,2569654976,695327660,8.8937,0.586453,athlete
892f5a371bbffff,892f5a371b3ffff,2569654976,659292988,5.8612,0.802641,athlete
892f5a371bbffff,892f5a371bbffff,2569654976,2569654976,0.2868,0.999493,athlete
892f5a371bbffff,892f5a371c3ffff,2569654976,581881619,17.3741,0.041933,athlete
892f5a371bbffff,892f5a371c7ffff,2569654976,6383742435,12.6741,0.296095,athlete
892f5a371bbffff,892f5a371d3ffff,2569654976,660528224,19.2474,0.00349,athlete
892f5a371bbffff,892f5a371d7ffff,2569654976,1127244247,14.475,0.176769,athlete
892f5a371bbffff,892f5a37527ffff,2569654976,9602267747,19.7954,0.000258,athlete
892f5a371bbffff,892f5a3752fffff,2569654976,10293242124,17.0076,0.054227,athlete
892f5a371bbffff,892f5a37567ffff,2569654976,2865895571,18.3313,0.017078,athlete
892f5a371bbffff,892f5a3756fffff,2569654976,1127244105,17.0303,0.053423,athlete
892f5a371c3ffff,892f5a370a3ffff,581881619,13056197936,14.4229,0.179903,athlete
892f5a371c3ffff,892f5a370a7ffff,581881619,2038377566,10.6332,0.450348,athlete
892f5a371c3ffff,892f5a370b7ffff,581881619,1135820964,15.175,0.136862,athlete
892f5a371c3ffff,892f5a37113ffff,581881619,1822152487,13.036,0.270491,athlete
892f5a371c3ffff,892f5a37117ffff,581881619,11109216130,17.9143,0.026595,athlete
892f5a371c3ffff,892f5a37183ffff,581881619,771032173,12.4304,0.313723,athlete
892f5a371c3ffff,892f5a37187ffff,581881619,798894742,17.6459,0.033797,athlete
892f5a371c3ffff,892f5a3718bffff,581881619,666930532,9.8035,0.515434,athlete
892f5a371c3ffff,892f5a3718fffff,581881619,6451601256,15.2708,0.131733,athlete
892f5a371c3ffff,892f5a37193ffff,581881619,7865126998,15.1932,0.13588,athlete
892f5a371c3ffff,892f5a37197ffff,581881619,839607167,18.9219,0.007153,athlete
892f5a371c3ffff,892f5a3719bffff,581881619,1942852587,10.3742,0.470626,athlete
892f5a371c3ffff,892f5a371bbffff,581881619,2569654976,19.1141,0.004834,athlete
892f5a371c3ffff,892f5a371c3ffff,581881619,581881619,2.7154,0.955203,athlete
892f5a371c3ffff,892f5a371c7ffff,581881619,6383742435,8.8404,0.590576,athlete
892f5a371c3ffff,892f5a371d3ffff,581881619,660528224,5.3868,0.831431,athlete
892f5a371c3ffff,892f5a371d7ffff,581881619,1127244247,4.8956,0.859305,athlete
892f5a371c3ffff,892f5a3752bffff,581881619,472360457,19.1784,0.004158,athlete
892f5a371c3ffff,892f5a3752fffff,581881619,10293242124,18.399,0.015728,athlete
892f5a371c3ffff,892f5a37563ffff,581881619,6326922164,15.3877,0.125584,athlete
892f5a371c3ffff,892f5a37567ffff,581881619,2865895571,14.1365,0.197502,athlete
892f5a371c3ffff,892f5a3756bffff,581881619,1127244318,12.751,0.290601,athlete
892f5a371c3ffff,892f5a3756fffff,581881619,1127244105,9.1942,0.563115,athlete
892f5a371c3ffff,892f5a37573ffff,581881619,472382641,19.3308,0.00276,athlete
892f5a371c3ffff,892f5a37577ffff,581881619,1706684673,17.7827,0.030023,athlete
892f5a371c3ffff,892f5a3757bffff,581881619,1135821090,16.8536,0.059835,athlete
892f5a371c7ffff,892f5a3624bffff,6383742435,1107512343,18.7487,0.009627,athlete
892f5a371c7ffff,892f5a3625bffff,6383742435,764851982,18.9536,0.006739,athlete
892f5a371c7ffff,892f5a370a3ffff,6383742435,13056197936,19.8754,9.6e-05,athlete
892f5a371c7ffff,892f5a370a7ffff,6383742435,2038377566,16.0857,0.091573,athlete
892f5a371c7ffff,892f5a370b7ffff,6383742435,1135820964,19.5064,0.001502,athlete
892f5a371c7ffff,892f5a37107ffff,6383742435,8514517700,16.1125,0.09036,athlete
892f5a371c7ffff,892f5a37113ffff,6383742435,1822152487,6.8381,0.738251,athlete
892f5a371c7ffff,892f5a37117ffff,6383742435,11109216130,12.4935,0.309133,athlete
892f5a371c7ffff,892f5a37183ffff,6383742435,771032173,9.2664,0.557493,athlete
892f5a371c7ffff,892f5a37187ffff,6383742435,798894742,14.2428,0.190896,athlete
892f5a371c7ffff,892f5a3718bffff,6383742435,666930532,5.5864,0.819535,athlete
892f5a371c7ffff,892f5a3718fffff,6383742435,6451601256,10.0659,0.494822,athlete
892f5a371c7ffff,892f5a37193ffff,6383742435,7865126998,13.9216,0.211114,athlete
892f5a371c7ffff,892f5a37197ffff,6383742435,839607167,15.7858,0.105608,athlete
892f5a371c7ffff,892f5a3719bffff,6383742435,1942852587,9.1407,0.567283,athlete
892f5a371c7ffff,892f5a371abffff,6383742435,695327660,15.6114,0.114175,athlete
892f5a371c7ffff,892f5a371b3ffff,6383742435,659292988,18.5752,0.01247,athlete
892f5a371c7ffff,892f5a371bbffff,6383742435,2569654976,13.9092,0.211905,athlete
892f5a371c7ffff,892f5a371c3ffff,6383742435,581881619,8.7444,0.597978,athlete
892f5a371c7ffff,892f5a371c7ffff,6383742435,6383742435,1.8239,0.979621,athlete
892f5a371c7ffff,892f5a371d3ffff,6383742435,660528224,10.8393,0.434274,athlete
892f5a371c7ffff,892f5a371d7ffff,6383742435,1127244247,6.3846,0.768936,athlete
892f5a371c7ffff,892f5a3752bffff,6383742435,472360457,17.9449,0.025827,athlete
892f5a371c7ffff,892f5a3752fffff,6383742435,10293242124,17.1273,0.050046,athlete
892f5a371c7ffff,892f5a37563ffff,6383742435,6326922164,17.4765,0.038769,athlete
892f5a371c7ffff,892f5a37567ffff,6383742435,2865895571,14.9203,0.150899,athlete
892f5a371c7ffff,892f5a3756bffff,6383742435,1127244318,14.9025,0.151901,athlete
892f5a371c7ffff,892f5a3756fffff,6383742435,1127244105,11.2831,0.399907,athlete
892f5a371c7ffff,892f5a37577ffff,6383742435,1706684673,18.5665,0.012622,athlete
892f5a371c7ffff,892f5a3757bffff,6383742435,1135821090,19.0051,0.006093,athlete
892f5a371d3ffff,892f5a370a3ffff,660528224,13056197936,9.6536,0.527194,athlete
892f5a371d3ffff,892f5a370a7ffff,660528224,2038377566,5.8639,0.802473,athlete
892f5a371d3ffff,892f5a370b3ffff,660528224,5091968417,19.1164,0.004808,athlete
892f5a371d3ffff,892f5a370b7ffff,660528224,1135820964,10.7527,0.44102,athlete
892f5a371d3ffff,892f5a37113ffff,660528224,1822152487,14.1856,0.194442,athlete
892f5a371d3ffff,892f5a37117ffff,660528224,11109216130,19.0639,0.005395,athlete
892f5a371d3ffff,892f5a37183ffff,660528224,771032173,13.58,0.233416,athlete
892f5a371d3ffff,892f5a37187ffff,660528224,798894742,18.7955,0.008923,athlete
892f5a371d3ffff,892f5a3718bffff,660528224,666930532,10.9531,0.425426,athlete
892f5a371d3ffff,892f5a3718fffff,660528224,6451601256,16.4204,0.07698,athlete
892f5a371d3ffff,892f5a37193ffff,660528224,7865126998,16.1708,0.087752,athlete
892f5a371d3ffff,892f5a3719bffff,660528224,1942852587,9.9584,0.503266,athlete
892f5a371d3ffff,892f5a371c3ffff,660528224,581881619,5.0238,0.852228,athlete
892f5a371d3ffff,892f5a371c7ffff,660528224,6383742435,10.8452,0.433814,athlete
892f5a371d3ffff,892f5a371d3ffff,660528224,660528224,0.6175,0.99765,athlete
892f5a371d3ffff,892f5a371d7ffff,660528224,1127244247,5.2917,0.836989,athlete
892f5a371d3ffff,892f5a3750fffff,660528224,472360248,19.4492,0.001871,athlete
892f5a371d3ffff,892f5a3752bffff,660528224,472360457,18.1518,0.020923,athlete
892f5a371d3ffff,892f5a3752fffff,660528224,10293242124,18.4308,0.015113,athlete
892f5a371d3ffff,892f5a37547ffff,660528224,7966410040,18.6946,0.010474,athlete
892f5a371d3ffff,892f5a3754fffff,660528224,8908901051,17.9937,0.024626,athlete
892f5a371d3ffff,892f5a37563ffff,660528224,6326922164,12.2917,0.323871,athlete
892f5a371d3ffff,892f5a37567ffff,660528224,2865895571,11.9937,0.345965,athlete
892f5a371d3ffff,892f5a3756bffff,660528224,1127244318,8.8502,0.589815,athlete
892f5a371d3ffff,892f5a3756fffff,660528224,1127244105,6.0983,0.787613,athlete
892f5a371d3ffff,892f5a37573ffff,660528224,472382641,16.0331,0.093971,athlete
892f5a371d3ffff,892f5a37577ffff,660528224,1706684673,15.3427,0.127934,athlete
892f5a371d3ffff,892f5a3757bffff,660528224,1135821090,13.096,0.266314,athlete
892f5a371d7ffff,892f5a3624bffff,1127244247,1107512343,19.0246,0.005858,athlete
892f5a371d7ffff,892f5a3625bffff,1127244247,764851982,19.1618,0.004328,athlete
892f5a371d7ffff,892f5a370a3ffff,1127244247,13056197936,15.008,0.146002,athlete
892f5a371d7ffff,892f5a370a7ffff,1127244247,2038377566,11.2663,0.401203,athlete
892f5a371d7ffff,892f5a370b3ffff,1127244247,5091968417,19.7165,0.000496,athlete
892f5a371d7ffff,892f5a370b7ffff,1127244247,1135820964,14.3694,0.183143,athlete
892f5a371d7ffff,892f5a37107ffff,1127244247,8514517700,18.6452,0.011279,athlete
892f5a371d7ffff,892f5a37113ffff,1127244247,1822152487,10.1478,0.488392,athlete
892f5a371d7ffff,892f5a37117ffff,1127244247,11109216130,15.0261,0.144997,athlete
892f5a371d7ffff,892f5a37183ffff,1127244247,771032173,9.5422,0.535925,athlete
892f5a371d7ffff,892f5a37187ffff,1127244247,798894742,14.7577,0.160154,athlete
892f5a371d7ffff,892f5a3718bffff,1127244247,666930532,6.9153,0.732903,athlete
892f5a371d7ffff,892f5a3718fffff,1127244247,6451601256,12.3826,0.317208,athlete
892f5a371d7ffff,892f5a37193ffff,1127244247,7865126998,12.3051,0.32289,athlete
892f5a371d7ffff,892f5a37197ffff,1127244247,839607167,16.0337,0.093942,athlete
892f5a371d7ffff,892f5a3719bffff,1127244247,1942852587,7.2521,0.70918,athlete
892f5a371d7ffff,892f5a371abffff,1127244247,695327660,18.144,0.021098,athlete
892f5a371d7ffff,892f5a371bbffff,1127244247,2569654976,16.2259,0.085319,athlete
892f5a371d7ffff,892f5a371c3ffff,1127244247,581881619,5.3278,0.834891,athlete
892f5a371d7ffff,892f5a371c7ffff,1127244247,6383742435,6.8074,0.740366,athlete
892f5a371d7ffff,892f5a371d3ffff,1127244247,660528224,6.0199,0.792629,athlete
892f5a371d7ffff,892f5a371d7ffff,1127244247,1127244247,0.3125,0.999398,athlete
892f5a371d7ffff,892f5a3750fffff,1127244247,472360248,19.325,0.002808,athlete
892f5a371d7ffff,892f5a3752bffff,1127244247,472360457,16.2902,0.082518,athlete
892f5a371d7ffff,892f5a3752fffff,1127244247,10293242124,15.5108,0.119245,athlete
892f5a371d7ffff,892f5a37547ffff,1127244247,7966410040,18.835,0.008349,athlete
892f5a371d7ffff,892f5a3754fffff,1127244247,8908901051,18.5938,0.012148,athlete
892f5a371d7ffff,892f5a37563ffff,1127244247,6326922164,12.1675,0.333033,athlete
892f5a371d7ffff,892f5a37567ffff,1127244247,2865895571,10.9163,0.428279,athlete
892f5a371d7ffff,892f5a3756bffff,1127244247,1127244318,9.5935,0.531903,athlete
892f5a371d7ffff,892f5a3756fffff,1127244247,1127244105,5.9741,0.795537,athlete
892f5a371d7ffff,892f5a37573ffff,1127244247,472382641,16.1734,0.087639,athlete
892f5a371d7ffff,892f5a37577ffff,1127244247,1706684673,14.5625,0.171559,athlete
892f5a371d7ffff,892f5a3757bffff,1127244247,1135821090,13.6961,0.225743,athlete
892f5a37403ffff,892f5a37093ffff,10155662310,3193716070,19.1019,0.004967,athlete
892f5a37403ffff,892f5a37403ffff,10155662310,10155662310,1.1572,0.991762,athlete
892f5a37403ffff,892f5a37407ffff,10155662310,6743431386,4.9328,0.857264,athlete
892f5a37403ffff,892f5a3740bffff,10155662310,7951554811,8.4816,0.618128,athlete
892f5a37403ffff,892f5a3740fffff,10155662310,4506648481,7.4378,0.695843,athlete
892f5a37403ffff,892f5a37417ffff,10155662310,475369115,5.1668,0.844171,athlete
892f5a37403ffff,892f5a37423ffff,10155662310,475369332,13.7168,0.224387,athlete
892f5a37403ffff,892f5a37427ffff,10155662310,7947429975,16.4752,0.0747,athlete
892f5a37403ffff,892f5a3742bffff,10155662310,6475403603,15.0267,0.144969,athlete
892f5a37403ffff,892f5a3742fffff,10155662310,2196826810,16.7181,0.064983,athlete
892f5a37403ffff,892f5a37433ffff,10155662310,9775221793,8.7337,0.598801,athlete
892f5a37403ffff,892f5a37437ffff,10155662310,6240815386,12.8337,0.284718,athlete
892f5a37403ffff,892f5a3743bffff,10155662310,6475813119,9.321,0.55323,athlete
892f5a37403ffff,892f5a37463ffff,10155662310,8371949497,14.6776,0.164795,athlete
892f5a37403ffff,892f5a37467ffff,10155662310,1094679544,16.8685,0.059279,athlete
892f5a37403ffff,892f5a3746fffff,10155662310,7276074359,19.2935,0.003076,athlete
892f5a37403ffff,892f5a37473ffff,10155662310,1093856535,11.9321,0.350572,athlete
892f5a37403ffff,892f5a37477ffff,10155662310,10933634351,14.4663,0.177292,athlete
892f5a37403ffff,892f5a3747bffff,10155662310,1093946899,14.5053,0.174958,athlete
892f5a37403ffff,892f5a37487ffff,10155662310,473169530,16.9629,0.055828,athlete
892f5a37403ffff,892f5a374a3ffff,10155662310,7942739530,14.3423,0.184795,athlete
892f5a37403ffff,892f5a374a7ffff,10155662310,9791542150,17.257,0.045697,athlete
892f5a37403ffff,892f5a374abffff,10155662310,475369013,10.9463,0.425954,athlete
892f5a37403ffff,892f5a374afffff,10155662310,475368981,12.6327,0.299071,athlete
892f5a37403ffff,892f5a374b3ffff,10155662310,11072417469,19.1773,0.004169,athlete
892f5a37403ffff,892f5a374b7ffff,10155662310,4511333938,19.6058,0.000958,athlete
892f5a37403ffff,892f5a374bbffff,10155662310,1665929771,10.7561,0.440759,athlete
892f5a37403ffff,892f5a375cbffff,10155662310,2649421029,17.7847,0.029967,athlete
892f5a37403ffff,892f5a375dbffff,10155662310,475368843,17.3652,0.042215,athlete
892f5a37403ffff,892f5aadb4bffff,10155662310,473169537,19.8313,0.000175,athlete
892f5a37407ffff,892f5a37093ffff,6743431386,3193716070,16.2416,0.084634,athlete
892f5a37407ffff,892f5a3709bffff,6743431386,1096527390,19.8692,0.000105,athlete
892f5a37407ffff,892f5a37403ffff,6743431386,10155662310,4.3296,0.888758,athlete
892f5a37407ffff,892f5a37407ffff,6743431386,6743431386,0.194,0.999768,athlete
892f5a37407ffff,892f5a3740bffff,6743431386,7951554811,6.9838,0.728129,athlete
892f5a37407ffff,892f5a3740fffff,6743431386,4506648481,5.6491,0.815731,athlete
892f5a37407ffff,892f5a37417ffff,6743431386,475369115,6.1415,0.78483,athlete
892f5a37407ffff,892f5a37423ffff,6743431386,475369332,10.7009,0.445064,athlete
892f5a37407ffff,892f5a37427ffff,6743431386,7947429975,13.3944,0.245856,athlete
892f5a37407ffff,892f5a3742bffff,6743431386,6475403603,12.0108,0.344689,athlete
892f5a37407ffff,892f5a3742fffff,6743431386,2196826810,13.7021,0.225348,athlete
892f5a37407ffff,892f5a37433ffff,6743431386,9775221793,4.0199,0.903587,athlete
892f5a37407ffff,892f5a37437ffff,6743431386,6240815386,8.1199,0.645522,athlete
892f5a37407ffff,892f5a3743bffff,6743431386,6475813119,6.3051,0.77418,athlete
892f5a37407ffff,892f5a37463ffff,6743431386,8371949497,13.1798,0.260512,athlete
892f5a37407ffff,892f5a37467ffff,6743431386,1094679544,14.5871,0.170104,athlete
892f5a37407ffff,892f5a3746fffff,6743431386,7276074359,17.7957,0.029675,athlete
892f5a37407ffff,892f5a37473ffff,6743431386,1093856535,10.4343,0.465917,athlete
892f5a37407ffff,892f5a37477ffff,6743431386,10933634351,12.9685,0.275212,athlete
892f5a37407ffff,892f5a3747bffff,6743431386,1093946899,13.0075,0.272478,athlete
892f5a37407ffff,892f5a37487ffff,6743431386,473169530,15.3863,0.125657,athlete
892f5a37407ffff,892f5a374a3ffff,6743431386,7942739530,11.9089,0.352314,athlete
892f5a37407ffff,892f5a374a7ffff,6743431386,9791542150,12.5182,0.30734,athlete
892f5a37407ffff,892f5a374abffff,6743431386,475369013,7.0937,0.720416,athlete
892f5a37407ffff,892f5a374afffff,6743431386,475368981,7.8938,0.662417,athlete
892f5a37407ffff,892f5a374b3ffff,6743431386,11072417469,16.9038,0.057977,athlete
892f5a37407ffff,892f5a374b7ffff,6743431386,4511333938,17.2898,0.044627,athlete
892f5a37407ffff,892f5a374bbffff,6743431386,1665929771,10.3309,0.474019,athlete
892f5a37407ffff,892f5a37553ffff,6743431386,472382750,18.1665,0.020594,athlete
892f5a37407ffff,892f5a37557ffff,6743431386,2704049830,19.633,0.000831,athlete
892f5a37407ffff,892f5a3755bffff,6743431386,1097906786,18.1534,0.020888,athlete
892f5a37407ffff,892f5a375c3ffff,6743431386,472447266,15.3372,0.128224,athlete
892f5a37407ffff,892f5a375cbffff,6743431386,2649421029,13.071,0.268053,athlete
892f5a37407ffff,892f5a375cfffff,6743431386,472382799,18.6909,0.010533,athlete
892f5a37407ffff,892f5a375d3ffff,6743431386,4717672327,19.0423,0.005647,athlete
892f5a37407ffff,892f5a375dbffff,6743431386,475368843,12.6514,0.297724,athlete
892f5a37407ffff,892f5aadb4bffff,6743431386,473169537,18.2548,0.018671,athlete
892f5a37407ffff,892f5aadb4fffff,6743431386,4511333552,19.6003,0.000985,athlete
892f5a37407ffff,892f5aadb6bffff,6743431386,472447041,18.534,0.013198,athlete
892f5a3740bffff,892f5a37083ffff,7951554811,9605882522,18.5569,0.012792,athlete
892f5a3740bffff,892f5a37093ffff,7951554811,3193716070,18.1198,0.021648,athlete
892f5a3740bffff,892f5a3709bffff,7951554811,1096527390,18.0552,0.023149,athlete
892f5a3740bffff,892f5a37403ffff,7951554811,10155662310,10.4338,0.465957,athlete
892f5a3740bffff,892f5a37407ffff,7951554811,6743431386,9.6217,0.529691,athlete
892f5a3740bffff,892f5a3740bffff,7951554811,7951554811,2.6402,0.957615,athlete
892f5a3740bffff,892f5a3740fffff,7951554811,4506648481,6.788,0.741702,athlete
892f5a3740bffff,892f5a37417ffff,7951554811,475369115,12.543,0.305545,athlete
892f5a3740bffff,892f5a37423ffff,7951554811,475369332,18.0917,0.022296,athlete
892f5a3740bffff,892f5a3742bffff,7951554811,6475403603,16.2169,0.085715,athlete
892f5a3740bffff,892f5a37433ffff,7951554811,9775221793,13.28,0.253637,athlete
892f5a3740bffff,892f5a37437ffff,7951554811,6240815386,17.38,0.041749,athlete
892f5a3740bffff,892f5a3743bffff,7951554811,6475813119,13.6958,0.225761,athlete
892f5a3740bffff,892f5a37463ffff,7951554811,8371949497,10.5822,0.454336,athlete
892f5a3740bffff,892f5a37467ffff,7951554811,1094679544,12.7731,0.289023,athlete
892f5a3740bffff,892f5a3746fffff,7951554811,7276074359,15.198,0.135621,athlete
892f5a3740bffff,892f5a37473ffff,7951554811,1093856535,7.8367,0.666656,athlete
892f5a3740bffff,892f5a37477ffff,7951554811,10933634351,10.3709,0.470887,athlete
892f5a3740bffff,892f5a3747bffff,7951554811,1093946899,10.4099,0.467828,athlete
892f5a3740bffff,892f5a374abffff,7951554811,475369013,16.4749,0.074713,athlete
892f5a3740bffff,892f5a374afffff,7951554811,475368981,17.2751,0.045107,athlete
892f5a3740bffff,892f5a374bbffff,7951554811,1665929771,18.1322,0.021365,athlete
892f5a3740fffff,892f5a37083ffff,4506648481,9605882522,17.8326,0.028699,athlete
892f5a3740fffff,892f5a37093ffff,4506648481,3193716070,15.4653,0.121574,athlete
892f5a3740fffff,892f5a3709bffff,4506648481,1096527390,17.3309,0.043304,athlete
892f5a3740fffff,892f5a37403ffff,4506648481,10155662310,9.087,0.571462,athlete
892f5a3740fffff,892f5a37407ffff,4506648481,6743431386,6.9469,0.730707,athlete
892f5a3740fffff,892f5a3740bffff,4506648481,7951554811,6.7488,0.744396,athlete
892f5a3740fffff,892f5a3740fffff,4506648481,4506648481,0.2496,0.999616,athlete
892f5a3740fffff,892f5a37417ffff,4506648481,475369115,11.1873,0.407287,athlete
892f5a3740fffff,892f5a37423ffff,4506648481,475369332,13.6496,0.228809,athlete
892f5a3740fffff,892f5a37427ffff,4506648481,7947429975,16.408,0.077501,athlete
892f5a3740fffff,892f5a3742bffff,4506648481,6475403603,11.444,0.387558,athlete
892f5a3740fffff,892f5a3742fffff,4506648481,2196826810,16.2992,0.08213,athlete
892f5a3740fffff,892f5a37433ffff,4506648481,9775221793,10.5631,0.455834,athlete
892f5a3740fffff,892f5a37437ffff,4506648481,6240815386,14.6631,0.165644,athlete
892f5a3740fffff,892f5a3743bffff,4506648481,6475813119,9.1162,0.569188,athlete
892f5a3740fffff,892f5a37463ffff,4506648481,8371949497,9.8579,0.51116,athlete
892f5a3740fffff,892f5a37467ffff,4506648481,1094679544,12.0488,0.341851,athlete
892f5a3740fffff,892f5a3746fffff,4506648481,7276074359,14.4737,0.176848,athlete
892f5a3740fffff,892f5a37473ffff,4506648481,1093856535,7.1455,0.716754,athlete
892f5a3740fffff,892f5a37477ffff,4506648481,10933634351,9.6466,0.527744,athlete
892f5a3740fffff,892f5a3747bffff,4506648481,1093946899,9.7187,0.522082,athlete
892f5a3740fffff,892f5a374a3ffff,4506648481,7942739530,18.5732,0.012505,athlete
892f5a3740fffff,892f5a374a7ffff,4506648481,9791542150,19.1825,0.004117,athlete
892f5a3740fffff,892f5a374abffff,4506648481,475369013,13.758,0.221693,athlete
892f5a3740fffff,892f5a374afffff,4506648481,475368981,14.5582,0.171816,athlete
892f5a3740fffff,892f5a374bbffff,4506648481,1665929771,16.7766,0.062735,athlete
892f5a3740fffff,892f5a375cbffff,4506648481,2649421029,19.6141,0.000918,athlete
892f5a3740fffff,892f5a375dbffff,4506648481,475368843,19.1946,0.003996,athlete
892f5a37417ffff,892f5a37403ffff,475369115,10155662310,6.0926,0.787975,athlete
892f5a37417ffff,892f5a37407ffff,475369115,6743431386,7.6677,0.679105,athlete
892f5a37417ffff,892f5a3740bffff,475369115,7951554811,11.3836,0.392186,athlete
892f5a37417ffff,892f5a3740fffff,475369115,4506648481,10.3398,0.473321,athlete
892f5a37417ffff,892f5a37417ffff,475369115,475369115,1.0348,0.993409,athlete
892f5a37417ffff,892f5a37423ffff,475369115,475369332,16.5854,0.070216,athlete
892f5a37417ffff,892f5a37427ffff,475369115,7947429975,19.3438,0.002654,athlete
892f5a37417ffff,892f5a3742bffff,475369115,6475403603,17.8952,0.027079,athlete
892f5a37417ffff,892f5a3742fffff,475369115,2196826810,19.5866,0.001054,athlete
892f5a37417ffff,892f5a37433ffff,475369115,9775221793,10.696,0.445446,athlete
892f5a37417ffff,892f5a37437ffff,475369115,6240815386,14.796,0.157955,athlete
892f5a37417ffff,892f5a3743bffff,475369115,6475813119,12.1895,0.331405,athlete
892f5a37417ffff,892f5a37463ffff,475369115,8371949497,17.5796,0.035703,athlete
892f5a37417ffff,892f5a37467ffff,475369115,1094679544,19.7705,0.000325,athlete
892f5a37417ffff,892f5a37473ffff,475369115,1093856535,14.8341,0.155779,athlete
892f5a37417ffff,892f5a37477ffff,475369115,10933634351,17.3683,0.042117,athlete
892f5a37417ffff,892f5a3747bffff,475369115,1093946899,17.4073,0.040894,athlete
892f5a37417ffff,892f5a37487ffff,475369115,473169530,12.8309,0.284916,athlete
892f5a37417ffff,892f5a374a3ffff,475369115,7942739530,11.9968,0.345733,athlete
892f5a37417ffff,892f5a374a7ffff,475369115,9791542150,15.9292,0.098787,athlete
892f5a37417ffff,892f5a374abffff,475369115,475369013,8.6008,0.609013,athlete
892f5a37417ffff,892f5a374afffff,475369115,475368981,12.2655,0.325802,athlete
892f5a37417ffff,892f5a374b3ffff,475369115,11072417469,15.0453,0.143938,athlete
892f5a37417ffff,892f5a374b7ffff,475369115,4511333938,15.6161,0.11394,athlete
892f5a37417ffff,892f5a374bbffff,475369115,1665929771,6.6241,0.75289,athlete
892f5a37417ffff,892f5a375cbffff,475369115,2649421029,19.747,0.000395,athlete
892f5a37417ffff,892f5a375dbffff,475369115,475368843,17.6171,0.034619,athlete
892f5a37417ffff,892f5aadb4bffff,475369115,473169537,15.6994,0.109815,athlete
892f5a37417ffff,892f5aadb4fffff,475369115,4511333552,17.7893,0.029845,athlete
892f5a37423ffff,892f5a37083ffff,475369332,9605882522,18.6447,0.011288,athlete
892f5a37423ffff,892f5a37093ffff,475369332,3193716070,12.13,0.33581,athlete
892f5a37423ffff,892f5a37097ffff,475369332,1097931942,15.3786,0.126059,athlete
892f5a37423ffff,892f5a3709bffff,475369332,1096527390,19.3907,0.002288,athlete
892f5a37423ffff,892f5a37403ffff,475369332,10155662310,14.2801,0.1886,athlete
892f5a37423ffff,892f5a37407ffff,475369332,6743431386,11.5749,0.377569,athlete
892f5a37423ffff,892f5a3740bffff,475369332,7951554811,16.3777,0.078776,athlete
892f5a37423ffff,892f5a3740fffff,475369332,4506648481,12.4201,0.314471,athlete
892f5a37423ffff,892f5a37417ffff,475369332,475369115,16.2893,0.082558,athlete
892f5a37423ffff,892f5a37423ffff,475369332,475369332,0.9067,0.994938,athlete
892f5a37423ffff,892f5a37427ffff,475369332,7947429975,7.9094,0.661263,athlete
892f5a37423ffff,892f5a3742bffff,475369332,6475403603,7.3474,0.702359,athlete
892f5a37423ffff,892f5a3742fffff,475369332,2196826810,8.3199,0.630429,athlete
892f5a37423ffff,892f5a37433ffff,475369332,9775221793,8.1492,0.643319,athlete
892f5a37423ffff,892f5a37437ffff,475369332,6240815386,6.2127,0.780215,athlete
892f5a37423ffff,892f5a3743bffff,475369332,6475813119,7.5382,0.688566,athlete
892f5a37423ffff,892f5a37463ffff,475369332,8371949497,16.8848,0.058676,athlete
892f5a37423ffff,892f5a37467ffff,475369332,1094679544,14.1086,0.199251,athlete
892f5a37423ffff,892f5a3746fffff,475369332,7276074359,17.8084,0.029337,athlete
892f5a37423ffff,892f5a37473ffff,475369332,1093856535,17.8996,0.026968,athlete
892f5a37423ffff,892f5a37477ffff,475369332,10933634351,15.323,0.128969,athlete
892f5a37423ffff,892f5a3747bffff,475369332,1093946899,19.3694,0.002451,athlete
892f5a37423ffff,892f5a374a3ffff,475369332,7942739530,14.9066,0.151669,athlete
892f5a37423ffff,892f5a374a7ffff,475369332,9791542150,14.3988,0.181361,athlete
892f5a37423ffff,892f5a374abffff,475369332,475369013,12.1333,0.335566,athlete
892f5a37423ffff,892f5a374afffff,475369332,475368981,10.5092,0.460046,athlete
892f5a37423ffff,892f5a374b7ffff,475369332,4511333938,19.567,0.001156,athlete
892f5a37423ffff,892f5a374bbffff,475369332,1665929771,17.0359,0.053225,athlete
892f5a37423ffff,892f5a37543ffff,475369332,1097906783,15.4491,0.122407,athlete
892f5a37423ffff,892f5a37547ffff,475369332,7966410040,19.0758,0.00526,athlete
892f5a37423ffff,892f5a3754bffff,475369332,1097906906,17.7191,0.03175,athlete
892f5a37423ffff,892f5a37553ffff,475369332,472382750,13.6583,0.228234,athlete
892f5a37423ffff,892f5a37557ffff,475369332,2704049830,17.7257,0.031567,athlete
892f5a37423ffff,892f5a3755bffff,475369332,1097906786,12.6034,0.30118,athlete
892f5a37423ffff,892f5a375c3ffff,475369332,472447266,13.43,0.243456,athlete
892f5a37423ffff,892f5a375c7ffff,475369332,1664033852,18.4199,0.015322,athlete
892f5a37423ffff,892f5a375cbffff,475369332,2649421029,11.1637,0.409109,athlete
892f5a37423ffff,892f5a375cfffff,475369332,472382799,16.7837,0.062464,athlete
892f5a37423ffff,892f5a375d3ffff,475369332,4717672327,18.069,0.022826,athlete
892f5a37423ffff,892f5a375dbffff,475369332,475368843,10.7442,0.441683,athlete
892f5a37423ffff,892f5aadb6bffff,475369332,472447041,18.9738,0.006482,athlete
892f5a37427ffff,892f5a37083ffff,7947429975,9605882522,13.4427,0.242602,athlete
892f5a37427ffff,892f5a37087ffff,7947429975,5109258744,16.3407,0.08035,athlete
892f5a37427ffff,892f5a37093ffff,7947429975,3193716070,11.4087,0.390262,athlete
892f5a37427ffff,892f5a37097ffff,7947429975,1097931942,9.9889,0.500869,athlete
892f5a37427ffff,892f5a3709bffff,7947429975,1096527390,18.0822,0.022516,athlete
892f5a37427ffff,892f5a370b3ffff,7947429975,5091968417,18.6725,0.010831,athlete
892f5a37427ffff,892f5a37403ffff,7947429975,10155662310,17.7349,0.031316,athlete
892f5a37427ffff,892f5a37407ffff,7947429975,6743431386,14.6201,0.16816,athlete
892f5a37427ffff,892f5a3740bffff,7947429975,7951554811,19.8325,0.000173,athlete
892f5a37427ffff,892f5a3740fffff,7947429975,4506648481,15.8749,0.101345,athlete
892f5a37427ffff,892f5a37417ffff,7947429975,475369115,19.7981,0.000252,athlete
892f5a37427ffff,892f5a37423ffff,7947429975,475369332,8.6704,0.603666,athlete
892f5a37427ffff,892f5a37427ffff,7947429975,7947429975,0.2005,0.999752,athlete
892f5a37427ffff,892f5a3742bffff,7947429975,6475403603,10.8022,0.437163,athlete
892f5a37427ffff,892f5a3742fffff,7947429975,2196826810,5.4841,0.82567,athlete
892f5a37427ffff,892f5a37433ffff,7947429975,9775221793,10.9326,0.427016,athlete
892f5a37427ffff,892f5a37437ffff,7947429975,6240815386,6.2336,0.778855,athlete
892f5a37427ffff,892f5a3743bffff,7947429975,6475813119,10.993,0.422326,athlete
892f5a37427ffff,892f5a37467ffff,7947429975,1094679544,17.5634,0.036178,athlete
892f5a37427ffff,892f5a37477ffff,7947429975,10933634351,18.7778,0.009186,athlete
892f5a37427ffff,892f5a374a3ffff,7947429975,7942739530,16.0817,0.091755,athlete
892f5a37427ffff,892f5a374a7ffff,7947429975,9791542150,15.2884,0.130799,athlete
892f5a37427ffff,892f5a374abffff,7947429975,475369013,14.5939,0.169702,athlete
892f5a37427ffff,892f5a374afffff,7947429975,475368981,11.6344,0.373038,athlete
892f5a37427ffff,892f5a374bbffff,7947429975,1665929771,18.2109,0.019616,athlete
892f5a37427ffff,892f5a3750bffff,7947429975,4716326321,16.4804,0.074485,athlete
892f5a37427ffff,892f5a3751bffff,7947429975,4716623608,17.0484,0.052782,athlete
892f5a37427ffff,892f5a37543ffff,7947429975,1097906783,9.4085,0.546387,athlete
892f5a37427ffff,892f5a37547ffff,7947429975,7966410040,13.0352,0.270544,athlete
892f5a37427ffff,892f5a3754bffff,7947429975,1097906906,11.6786,0.369687,athlete
892f5a37427ffff,892f5a3754fffff,7947429975,8908901051,15.5463,0.117447,athlete
892f5a37427ffff,892f5a37553ffff,7947429975,472382750,7.6177,0.682766,athlete
892f5a37427ffff,892f5a37557ffff,7947429975,2704049830,13.0914,0.266635,athlete
892f5a37427ffff,892f5a3755bffff,7947429975,1097906786,6.5629,0.757026,athlete
892f5a37427ffff,892f5a37563ffff,7947429975,6326922164,19.8114,0.000219,athlete
892f5a37427ffff,892f5a37573ffff,7947429975,472382641,18.4986,0.013841,athlete
892f5a37427ffff,892f5a3757bffff,7947429975,1135821090,16.9148,0.057574,athlete
892f5a37427ffff,892f5a375c3ffff,7947429975,472447266,11.0604,0.417102,athlete
892f5a37427ffff,892f5a375c7ffff,7947429975,1664033852,15.9573,0.097473,athlete
892f5a37427ffff,892f5a375cbffff,7947429975,2649421029,7.7193,0.675321,athlete
892f5a37427ffff,892f5a375cfffff,7947429975,472382799,12.7377,0.291549,athlete
892f5a37427ffff,892f5a375d3ffff,7947429975,4717672327,16.5671,0.070949,athlete
892f5a37427ffff,892f5a375d7ffff,7947429975,472447132,17.8588,0.028016,athlete
892f5a37427ffff,892f5a375dbffff,7947429975,475368843,11.6338,0.373085,athlete
892f5a37427ffff,892f5aadb6bffff,7947429975,472447041,19.8634,0.000115,athlete
892f5a37427ffff,892f5aadb6fffff,7947429975,5422306027,19.2627,0.00335,athlete
892f5a3742bffff,892f5a37083ffff,6475403603,9605882522,13.8711,0.21436,athlete
892f5a3742bffff,892f5a37087ffff,6475403603,5109258744,16.829,0.060754,athlete
892f5a3742bffff,892f5a37093ffff,6475403603,3193716070,6.7524,0.744146,athlete
892f5a3742bffff,892f5a37097ffff,6475403603,1097931942,10.6049,0.452561,athlete
892f5a3742bffff,892f5a3709bffff,6475403603,1096527390,13.5779,0.233551,athlete
892f5a3742bffff,892f5a370b3ffff,6475403603,5091968417,19.6197,0.000892,athlete
892f5a3742bffff,892f5a37403ffff,6475403603,10155662310,15.2089,0.135038,athlete
892f5a3742bffff,892f5a37407ffff,6475403603,6743431386,12.6399,0.298553,athlete
892f5a3742bffff,892f5a3740bffff,6475403603,7951554811,13.7928,0.219428,athlete
892f5a3742bffff,892f5a3740fffff,6475403603,4506648481,9.3586,0.550293,athlete
892f5a3742bffff,892f5a37417ffff,6475403603,475369115,17.2721,0.045206,athlete
892f5a3742bffff,892f5a37423ffff,6475403603,475369332,7.6408,0.68108,athlete
892f5a3742bffff,892f5a37427ffff,6475403603,7947429975,10.3165,0.475151,athlete
892f5a3742bffff,892f5a3742bffff,6475403603,6475403603,0.1529,0.999856,athlete
892f5a3742bffff,892f5a3742fffff,6475403603,2196826810,5.3063,0.836143,athlete
892f5a3742bffff,892f5a37433ffff,6475403603,9775221793,11.0316,0.419333,athlete
892f5a3742bffff,892f5a37437ffff,6475403603,6240815386,10.8295,0.435039,athlete
892f5a3742bffff,892f5a3743bffff,6475403603,6475813119,8.467,0.619242,athlete
892f5a3742bffff,892f5a37463ffff,6475403603,8371949497,11.0721,0.416197,athlete
892f5a3742bffff,892f5a37467ffff,6475403603,1094679544,8.2958,0.632253,athlete
892f5a3742bffff,892f5a3746fffff,6475403603,7276074359,11.9956,0.34582,athlete
892f5a3742bffff,892f5a37473ffff,6475403603,1093856535,12.0868,0.33902,athlete
892f5a3742bffff,892f5a37477ffff,6475403603,10933634351,9.5103,0.538425,athlete
892f5a3742bffff,892f5a3747bffff,6475403603,1093946899,13.5566,0.234972,athlete
892f5a3742bffff,892f5a374a3ffff,6475403603,7942739530,19.5234,0.001401,athlete
892f5a3742bffff,892f5a374a7ffff,6475403603,9791542150,19.0155,0.005966,athlete
892f5a3742bffff,892f5a374abffff,6475403603,475369013,15.1732,0.136962,athlete
892f5a3742bffff,892f5a374afffff,6475403603,475368981,15.126,0.139519,athlete
892f5a3742bffff,892f5a37543ffff,6475403603,1097906783,17.4626,0.039191,athlete
892f5a3742bffff,892f5a3754bffff,6475403603,1097906906,13.9685,0.208116,athlete
892f5a3742bffff,892f5a37553ffff,6475403603,472382750,15.6719,0.111171,athlete
892f5a3742bffff,892f5a3755bffff,6475403603,1097906786,13.8197,0.21768,athlete
892f5a3742bffff,892f5a375c3ffff,6475403603,472447266,18.0467,0.023351,athlete
892f5a3742bffff,892f5a375cbffff,6475403603,2649421029,15.7805,0.105864,athlete
892f5a3742bffff,892f5a375dbffff,6475403603,475368843,15.361,0.12698,athlete
892f5a3742fffff,892f5a37083ffff,2196826810,9605882522,10.7617,0.44032,athlete
892f5a3742fffff,892f5a37087ffff,2196826810,5109258744,13.7196,0.224201,athlete
892f5a3742fffff,892f5a37093ffff,2196826810,3193716070,6.4836,0.762345,athlete
892f5a3742fffff,892f5a37097ffff,2196826810,1097931942,7.47,0.693516,athlete
892f5a3742fffff,892f5a3709bffff,2196826810,1096527390,15.4013,0.124879,athlete
892f5a3742fffff,892f5a370b3ffff,2196826810,5091968417,16.4848,0.074306,athlete
892f5a3742fffff,892f5a370bbffff,2196826810,5091969121,18.7819,0.009124,athlete
892f5a3742fffff,892f5a37403ffff,2196826810,10155662310,17.8898,0.027218,athlete
892f5a3742fffff,892f5a37407ffff,2196826810,6743431386,15.3208,0.129087,athlete
892f5a3742fffff,892f5a3740bffff,2196826810,7951554811,18.7968,0.008904,athlete
892f5a3742fffff,892f5a3740fffff,2196826810,4506648481,14.3626,0.183559,athlete
892f5a3742fffff,892f5a37417ffff,2196826810,475369115,19.9529,1.4e-05,athlete
892f5a3742fffff,892f5a37423ffff,2196826810,475369332,9.2293,0.560382,athlete
892f5a3742fffff,892f5a37427ffff,2196826810,7947429975,6.6292,0.752541,athlete
892f5a3742fffff,892f5a3742bffff,2196826810,6475403603,6.1773,0.782514,athlete
892f5a3742fffff,892f5a3742fffff,2196826810,2196826810,0.2401,0.999644,athlete
892f5a3742fffff,892f5a37433ffff,2196826810,9775221793,13.6634,0.227897,athlete
892f5a3742fffff,892f5a37437ffff,2196826810,6240815386,11.7706,0.362724,athlete
892f5a3742fffff,892f5a3743bffff,2196826810,6475813119,11.1479,0.410334,athlete
892f5a3742fffff,892f5a37463ffff,2196826810,8371949497,16.9292,0.057048,athlete
892f5a3742fffff,892f5a37467ffff,2196826810,1094679544,14.1246,0.198247,athlete
892f5a3742fffff,892f5a3746fffff,2196826810,7276074359,17.8528,0.028172,athlete
892f5a3742fffff,892f5a37473ffff,2196826810,1093856535,17.944,0.02585,athlete
892f5a3742fffff,892f5a37477ffff,2196826810,10933634351,15.3674,0.126641,athlete
892f5a3742fffff,892f5a3747bffff,2196826810,1093946899,19.4137,0.002119,athlete
892f5a3742fffff,892f5a374abffff,2196826810,475369013,17.854,0.028139,athlete
892f5a3742fffff,892f5a374afffff,2196826810,475368981,16.7145,0.065121,athlete
892f5a3742fffff,892f5a3750bffff,2196826810,4716326321,19.4684,0.001742,athlete
892f5a3742fffff,892f5a37543ffff,2196826810,1097906783,12.3965,0.316191,athlete
892f5a3742fffff,892f5a37547ffff,2196826810,7966410040,16.0232,0.094422,athlete
892f5a3742fffff,892f5a3754bffff,2196826810,1097906906,10.2037,0.484005,athlete
892f5a3742fffff,892f5a3754fffff,2196826810,8908901051,17.8695,0.027738,athlete
892f5a3742fffff,892f5a37553ffff,2196826810,472382750,10.6057,0.452497,athlete
892f5a3742fffff,892f5a37557ffff,2196826810,2704049830,16.0794,0.091859,athlete
892f5a3742fffff,892f5a3755bffff,2196826810,1097906786,8.7536,0.597268,athlete
892f5a3742fffff,892f5a3757bffff,2196826810,1135821090,19.9028,5.8e-05,athlete
892f5a3742fffff,892f5a375c3ffff,2196826810,472447266,16.6667,0.066985,athlete
892f5a3742fffff,892f5a375c7ffff,2196826810,1664033852,19.2255,0.003696,athlete
892f5a3742fffff,892f5a375cbffff,2196826810,2649421029,13.3256,0.250526,athlete
892f5a3742fffff,892f5a375cfffff,2196826810,472382799,15.7257,0.108526,athlete
892f5a3742fffff,892f5a375dbffff,2196826810,475368843,16.9495,0.056312,athlete
892f5a37433ffff,892f5a37093ffff,9775221793,3193716070,15.698,0.109884,athlete
892f5a37433ffff,892f5a37097ffff,9775221793,1097931942,19.0869,0.005135,athlete
892f5a37433ffff,892f5a37403ffff,9775221793,10155662310,8.6313,0.606674,athlete
892f5a37433ffff,892f5a37407ffff,9775221793,6743431386,4.4956,0.880425,athlete
892f5a37433ffff,892f5a3740bffff,9775221793,7951554811,11.1121,0.413099,athlete
892f5a37433ffff,892f5a3740fffff,9775221793,4506648481,9.4572,0.542578,athlete
892f5a37433ffff,892f5a37417ffff,9775221793,475369115,10.1706,0.486599,athlete
892f5a37433ffff,892f5a37423ffff,9775221793,475369332,8.8022,0.593522,athlete
892f5a37433ffff,892f5a37427ffff,9775221793,7947429975,9.9213,0.50618,athlete
892f5a37433ffff,892f5a3742bffff,9775221793,6475403603,10.3418,0.47317,athlete
892f5a37433ffff,892f5a3742fffff,9775221793,2196826810,12.0282,0.343388,athlete
892f5a37433ffff,892f5a37433ffff,9775221793,9775221793,0.5468,0.998157,athlete
892f5a37433ffff,892f5a37437ffff,9775221793,6240815386,4.6468,0.872613,athlete
892f5a37433ffff,892f5a3743bffff,9775221793,6475813119,6.7854,0.74188,athlete
892f5a37433ffff,892f5a37463ffff,9775221793,8371949497,17.3082,0.044035,athlete
892f5a37433ffff,892f5a37467ffff,9775221793,1094679544,15.635,0.112999,athlete
892f5a37433ffff,892f5a3746fffff,9775221793,7276074359,19.3678,0.002464,athlete
892f5a37433ffff,892f5a37473ffff,9775221793,1093856535,14.5626,0.171552,athlete
892f5a37433ffff,892f5a37477ffff,9775221793,10933634351,16.8824,0.058764,athlete
892f5a37433ffff,892f5a3747bffff,9775221793,1093946899,17.1359,0.049755,athlete
892f5a37433ffff,892f5a37487ffff,9775221793,473169530,15.0573,0.143279,athlete
892f5a37433ffff,892f5a374a3ffff,9775221793,7942739530,9.259,0.558067,athlete
892f5a37433ffff,892f5a374a7ffff,9775221793,9791542150,9.5712,0.533654,athlete
892f5a37433ffff,892f5a374abffff,9775221793,475369013,5.0065,0.853191,athlete
892f5a37433ffff,892f5a374afffff,9775221793,475368981,4.9468,0.856493,athlete
892f5a37433ffff,892f5a374b3ffff,9775221793,11072417469,15.4846,0.120585,athlete
892f5a37433ffff,892f5a374b7ffff,9775221793,4511333938,14.7393,0.161215,athlete
892f5a37433ffff,892f5a374bbffff,9775221793,1665929771,10.4268,0.466502,athlete
892f5a37433ffff,892f5a3750bffff,9775221793,4716326321,19.4037,0.002192,athlete
892f5a37433ffff,892f5a3751bffff,9775221793,4716623608,18.6056,0.011946,athlete
892f5a37433ffff,892f5a37543ffff,9775221793,1097906783,18.8776,0.007751,athlete
892f5a37433ffff,892f5a37553ffff,9775221793,472382750,14.6934,0.163878,athlete
892f5a37433ffff,892f5a37557ffff,9775221793,2704049830,16.1599,0.08824,athlete
892f5a37433ffff,892f5a3755bffff,9775221793,1097906786,16.0319,0.094022,athlete
892f5a37433ffff,892f5a375c3ffff,9775221793,472447266,11.8641,0.355678,athlete
892f5a37433ffff,892f5a375c7ffff,9775221793,1664033852,16.854,0.059818,athlete
892f5a37433ffff,892f5a375cbffff,9775221793,2649421029,9.5978,0.531564,athlete
892f5a37433ffff,892f5a375cfffff,9775221793,472382799,15.2178,0.134558,athlete
892f5a37433ffff,892f5a375d3ffff,9775221793,4717672327,16.0953,0.091138,athlete
892f5a37433ffff,892f5a375d7ffff,9775221793,472447132,18.6625,0.010995,athlete
892f5a37433ffff,892f5a375dbffff,9775221793,475368843,9.1783,0.564355,athlete
892f5a37433ffff,892f5aadb4bffff,9775221793,473169537,17.9258,0.026306,athlete
892f5a37433ffff,892f5aadb4fffff,9775221793,4511333552,18.1811,0.020269,athlete
892f5a37433ffff,892f5aadb6bffff,9775221793,472447041,15.5871,0.115392,athlete
892f5a37433ffff,892f5aadb6fffff,9775221793,5422306027,19.055,0.005499,athlete
892f5a37433ffff,892f5aadb7bffff,9775221793,5025536627,19.6849,0.000612,athlete
892f5a37437ffff,892f5a37083ffff,6240815386,9605882522,18.3405,0.016892,athlete
892f5a37437ffff,892f5a37093ffff,6240815386,3193716070,15.5992,0.114784,athlete
892f5a37437ffff,892f5a37097ffff,6240815386,1097931942,14.8868,0.15279,athlete
892f5a37437ffff,892f5a37403ffff,6240815386,10155662310,12.5977,0.301589,athlete
892f5a37437ffff,892f5a37407ffff,6240815386,6743431386,8.4621,0.619613,athlete
892f5a37437ffff,892f5a3740bffff,6240815386,7951554811,15.0786,0.142109,athlete
892f5a37437ffff,892f5a3740fffff,6240815386,4506648481,13.4237,0.243879,athlete
892f5a37437ffff,892f5a37417ffff,6240815386,475369115,14.1371,0.197463,athlete
892f5a37437ffff,892f5a37423ffff,6240815386,475369332,6.6257,0.752779,athlete
892f5a37437ffff,892f5a37427ffff,6240815386,7947429975,5.3501,0.833586,athlete
892f5a37437ffff,892f5a3742bffff,6240815386,6475403603,10.9491,0.425736,athlete
892f5a37437ffff,892f5a3742fffff,6240815386,2196826810,10.382,0.470016,athlete
892f5a37437ffff,892f5a37433ffff,6240815386,9775221793,4.7746,0.865846,athlete
892f5a37437ffff,892f5a37437ffff,6240815386,6240815386,0.0756,0.999965,athlete
892f5a37437ffff,892f5a3743bffff,6240815386,6475813119,10.7519,0.441083,athlete
892f5a37437ffff,892f5a37467ffff,6240815386,1094679544,17.7103,0.031994,athlete
892f5a37437ffff,892f5a37473ffff,6240815386,1093856535,18.5291,0.013287,athlete
892f5a37437ffff,892f5a37477ffff,6240815386,10933634351,18.9247,0.007115,athlete
892f5a37437ffff,892f5a37487ffff,6240815386,473169530,15.8045,0.104705,athlete
892f5a37437ffff,892f5a374a3ffff,6240815386,7942739530,9.9237,0.505994,athlete
892f5a37437ffff,892f5a374a7ffff,6240815386,9791542150,9.1304,0.568086,athlete
892f5a37437ffff,892f5a374abffff,6240815386,475369013,8.4359,0.621609,athlete
892f5a37437ffff,892f5a374afffff,6240815386,475368981,5.4764,0.826129,athlete
892f5a37437ffff,892f5a374b3ffff,6240815386,11072417469,16.1758,0.08753,athlete
892f5a37437ffff,892f5a374b7ffff,6240815386,4511333938,14.2986,0.187467,athlete
892f5a37437ffff,892f5a374bbffff,6240815386,1665929771,12.0529,0.341546,athlete
892f5a37437ffff,892f5a3750bffff,6240815386,4716326321,15.1297,0.139319,athlete
892f5a37437ffff,892f5a37513ffff,6240815386,11538316379,18.3446,0.016809,athlete
892f5a37437ffff,892f5a3751bffff,6240815386,4716623608,14.5585,0.171795,athlete
892f5a37437ffff,892f5a37543ffff,6240815386,1097906783,14.3064,0.186988,athlete
892f5a37437ffff,892f5a37547ffff,6240815386,7966410040,17.3439,0.042889,athlete
892f5a37437ffff,892f5a3754bffff,6240815386,1097906906,16.5764,0.070574,athlete
892f5a37437ffff,892f5a37553ffff,6240815386,472382750,10.4193,0.467088,athlete
892f5a37437ffff,892f5a37557ffff,6240815386,2704049830,11.8858,0.354046,athlete
892f5a37437ffff,892f5a3755bffff,6240815386,1097906786,11.4607,0.386279,athlete
892f5a37437ffff,892f5a37573ffff,6240815386,472382641,19.4996,0.001544,athlete
892f5a37437ffff,892f5a3758bffff,6240815386,6281439102,18.9704,0.006525,athlete
892f5a37437ffff,892f5a375c3ffff,6240815386,472447266,7.817,0.66811,athlete
892f5a37437ffff,892f5a375c7ffff,6240815386,1664033852,12.807,0.286615,athlete
892f5a37437ffff,892f5a375cbffff,6240815386,2649421029,5.5508,0.82168,athlete
892f5a37437ffff,892f5a375cfffff,6240815386,472382799,10.9438,0.426146,athlete
892f5a37437ffff,892f5a375d3ffff,6240815386,4717672327,12.8006,0.28707,athlete
892f5a37437ffff,892f5a375d7ffff,6240815386,472447132,14.6154,0.168436,athlete
892f5a37437ffff,892f5a375dbffff,6240815386,475368843,5.4758,0.826166,athlete
892f5a37437ffff,892f5aadb4bffff,6240815386,473169537,18.673,0.010823,athlete
892f5a37437ffff,892f5aadb4fffff,6240815386,4511333552,18.8724,0.007823,athlete
892f5a37437ffff,892f5aadb6bffff,6240815386,472447041,13.7054,0.225133,athlete
892f5a37437ffff,892f5aadb6fffff,6240815386,5422306027,15.5591,0.116798,athlete
892f5a37437ffff,892f5aadb7bffff,6240815386,5025536627,19.2441,0.003521,athlete
892f5a3743bffff,892f5a37083ffff,6475813119,9605882522,18.2497,0.018778,athlete
892f5a3743bffff,892f5a37093ffff,6475813119,3193716070,13.7611,0.221492,athlete
892f5a3743bffff,892f5a37097ffff,6475813119,1097931942,17.1549,0.049105,athlete
892f5a3743bffff,892f5a3709bffff,6475813119,1096527390,17.915,0.026578,athlete
892f5a3743bffff,892f5a37403ffff,6475813119,10155662310,9.4411,0.543843,athlete
892f5a3743bffff,892f5a37407ffff,6475813119,6743431386,6.9315,0.731777,athlete
892f5a3743bffff,892f5a3740bffff,6475813119,7951554811,11.5387,0.380325,athlete
892f5a3743bffff,892f5a3740fffff,6475813119,4506648481,7.5811,0.685445,athlete
892f5a3743bffff,892f5a37417ffff,6475813119,475369115,11.5042,0.382955,athlete
892f5a3743bffff,892f5a37423ffff,6475813119,475369332,7.2557,0.708923,athlete
892f5a3743bffff,892f5a37427ffff,6475813119,7947429975,10.0141,0.498892,athlete
892f5a3743bffff,892f5a3742bffff,6475813119,6475403603,8.4049,0.623975,athlete
892f5a3743bffff,892f5a3742fffff,6475813119,2196826810,10.0962,0.492441,athlete
892f5a3743bffff,892f5a37433ffff,6475813119,9775221793,6.589,0.755265,athlete
892f5a3743bffff,892f5a37437ffff,6475813119,6240815386,10.4444,0.465128,athlete
892f5a3743bffff,892f5a3743bffff,6475813119,6475813119,0.5508,0.99813,athlete
892f5a3743bffff,892f5a37463ffff,6475813119,8371949497,15.4421,0.122764,athlete
892f5a3743bffff,892f5a37467ffff,6475813119,1094679544,12.6328,0.299061,athlete
892f5a3743bffff,892f5a3746fffff,6475813119,7276074359,16.3657,0.079287,athlete
892f5a3743bffff,892f5a37473ffff,6475813119,1093856535,13.2721,0.25418,athlete
892f5a3743bffff,892f5a37477ffff,6475813119,10933634351,13.8803,0.213763,athlete
892f5a3743bffff,892f5a3747bffff,6475813119,1093946899,15.8453,0.102753,athlete
892f5a3743bffff,892f5a374a3ffff,6475813119,7942739530,14.6491,0.166463,athlete
892f5a3743bffff,892f5a374a7ffff,6475813119,9791542150,15.2584,0.132393,athlete
892f5a3743bffff,892f5a374abffff,6475813119,475369013,9.8339,0.513048,athlete
892f5a3743bffff,892f5a374afffff,6475813119,475368981,10.634,0.450286,athlete
892f5a3743bffff,892f5a374bbffff,6475813119,1665929771,15.2542,0.132617,athlete
892f5a3743bffff,892f5a37543ffff,6475813119,1097906783,17.5538,0.036459,athlete
892f5a3743bffff,892f5a3754bffff,6475813119,1097906906,19.8239,0.000191,athlete
892f5a3743bffff,892f5a37553ffff,6475813119,472382750,15.763,0.106709,athlete
892f5a3743bffff,892f5a3755bffff,6475813119,1097906786,14.7082,0.16302,athlete
892f5a3743bffff,892f5a375c3ffff,6475813119,472447266,17.6616,0.033352,athlete
892f5a3743bffff,892f5a375cbffff,6475813119,2649421029,15.3954,0.125185,athlete
892f5a3743bffff,892f5a375dbffff,6475813119,475368843,14.9759,0.14779,athlete
892f5a37463ffff,892f5a37083ffff,8371949497,9605882522,13.2048,0.258796,athlete
892f5a37463ffff,892f5a37087ffff,8371949497,5109258744,18.9816,0.006383,athlete
892f5a37463ffff,892f5a37093ffff,8371949497,3193716070,13.1074,0.265523,athlete
892f5a37463ffff,892f5a37097ffff,8371949497,1097931942,18.0778,0.02262,athlete
892f5a37463ffff,892f5a3709bffff,8371949497,1096527390,12.2299,0.328426,athlete
892f5a37463ffff,892f5a37403ffff,8371949497,10155662310,16.9356,0.056817,athlete
892f5a37463ffff,892f5a37407ffff,8371949497,6743431386,15.5741,0.116041,athlete
892f5a37463ffff,892f5a3740bffff,8371949497,7951554811,10.927,0.427453,athlete
892f5a37463ffff,892f5a3740fffff,8371949497,4506648481,10.0818,0.493575,athlete
892f5a37463ffff,892f5a37417ffff,8371949497,475369115,19.0359,0.005723,athlete
892f5a37463ffff,892f5a37423ffff,8371949497,475369332,17.8486,0.028282,athlete
892f5a37463ffff,892f5a3742bffff,8371949497,6475403603,12.1796,0.332139,athlete
892f5a37463ffff,892f5a3742fffff,8371949497,2196826810,17.0348,0.053262,athlete
892f5a37463ffff,892f5a37433ffff,8371949497,9775221793,19.1904,0.004038,athlete
892f5a37463ffff,892f5a3743bffff,8371949497,6475813119,16.6589,0.067291,athlete
892f5a37463ffff,892f5a37463ffff,8371949497,8371949497,0.4225,0.998899,athlete
892f5a37463ffff,892f5a37467ffff,8371949497,1094679544,7.03,0.724893,athlete
892f5a37463ffff,892f5a3746fffff,8371949497,7276074359,6.6588,0.750536,athlete
892f5a37463ffff,892f5a37473ffff,8371949497,1093856535,6.6593,0.750499,athlete
892f5a37463ffff,892f5a37477ffff,8371949497,10933634351,5.5444,0.822063,athlete
892f5a37463ffff,892f5a3747bffff,8371949497,1093946899,7.5803,0.685497,athlete
892f5a37467ffff,892f5a37083ffff,1094679544,9605882522,7.1345,0.717534,athlete
892f5a37467ffff,892f5a37087ffff,1094679544,5109258744,12.9114,0.279228,athlete
892f5a37467ffff,892f5a37093ffff,1094679544,3193716070,9.8901,0.508634,athlete
892f5a37467ffff,892f5a37097ffff,1094679544,1097931942,12.0075,0.344932,athlete
892f5a37467ffff,892f5a3709bffff,1094679544,1096527390,6.1247,0.785913,athlete
892f5a37467ffff,892f5a370b3ffff,1094679544,5091968417,18.315,0.017411,athlete
892f5a37467ffff,892f5a370bbffff,1094679544,5091969121,17.6297,0.034259,athlete
892f5a37467ffff,892f5a37403ffff,1094679544,10155662310,18.6755,0.010783,athlete
892f5a37467ffff,892f5a37407ffff,1094679544,6743431386,16.2314,0.08508,athlete
892f5a37467ffff,892f5a3740bffff,1094679544,7951554811,12.7794,0.288576,athlete
892f5a37467ffff,892f5a3740fffff,1094679544,4506648481,11.9119,0.352087,athlete
892f5a37467ffff,892f5a37423ffff,1094679544,475369332,14.6704,0.165215,athlete
892f5a37467ffff,892f5a37427ffff,1094679544,7947429975,17.4288,0.040228,athlete
892f5a37467ffff,892f5a3742bffff,1094679544,6475403603,9.0015,0.578102,athlete
892f5a37467ffff,892f5a3742fffff,1094679544,2196826810,13.8567,0.215287,athlete
892f5a37467ffff,892f5a37433ffff,1094679544,9775221793,16.6201,0.068829,athlete
892f5a37467ffff,892f5a37437ffff,1094679544,6240815386,17.8591,0.028008,athlete
892f5a37467ffff,892f5a3743bffff,1094679544,6475813119,13.5767,0.233631,athlete
892f5a37467ffff,892f5a37463ffff,1094679544,8371949497,6.4655,0.763555,athlete
892f5a37467ffff,892f5a37467ffff,1094679544,1094679544,0.8426,0.995627,athlete
892f5a37467ffff,892f5a3746fffff,1094679544,7276074359,4.6429,0.872816,athlete
892f5a37467ffff,892f5a37473ffff,1094679544,1093856535,8.79,0.594461,athlete
892f5a37467ffff,892f5a37477ffff,1094679544,10933634351,6.2135,0.780167,athlete
892f5a37467ffff,892f5a3747bffff,1094679544,1093946899,10.2598,0.479603,athlete
892f5a37467ffff,892f5a374abffff,1094679544,475369013,19.8649,0.000113,athlete
892f5a37467ffff,892f5a3754bffff,1094679544,1097906906,16.5423,0.071953,athlete
892f5a37467ffff,892f5a3755bffff,1094679544,1097906786,17.2879,0.044691,athlete
892f5a3746fffff,892f5a37083ffff,7276074359,9605882522,10.3185,0.474994,athlete
892f5a3746fffff,892f5a37087ffff,7276074359,5109258744,16.0954,0.091132,athlete
892f5a3746fffff,892f5a37093ffff,7276074359,3193716070,13.0019,0.272871,athlete
892f5a3746fffff,892f5a37097ffff,7276074359,1097931942,15.1915,0.135972,athlete
892f5a3746fffff,892f5a3709bffff,7276074359,1096527390,9.3436,0.55146,athlete
892f5a3746fffff,892f5a37407ffff,7276074359,6743431386,18.7896,0.00901,athlete
892f5a3746fffff,892f5a3740bffff,7276074359,7951554811,14.1647,0.19574,athlete
892f5a3746fffff,892f5a3740fffff,7276074359,4506648481,13.2972,0.252459,athlete
892f5a3746fffff,892f5a37423ffff,7276074359,475369332,17.7431,0.031093,athlete
892f5a3746fffff,892f5a3742bffff,7276074359,6475403603,12.0741,0.339965,athlete
892f5a3746fffff,892f5a3742fffff,7276074359,2196826810,16.9293,0.057044,athlete
892f5a3746fffff,892f5a37433ffff,7276074359,9775221793,19.5968,0.001003,athlete
892f5a3746fffff,892f5a3743bffff,7276074359,6475813119,16.5535,0.071501,athlete
892f5a3746fffff,892f5a37463ffff,7276074359,8371949497,5.5951,0.819008,athlete
892f5a3746fffff,892f5a37467ffff,7276074359,1094679544,4.1438,0.897769,athlete
892f5a3746fffff,892f5a3746fffff,7276074359,7276074359,3.6584,0.919686,athlete
892f5a3746fffff,892f5a37473ffff,7276074359,1093856535,10.1543,0.487881,athlete
892f5a3746fffff,892f5a37477ffff,7276074359,10933634351,8.5931,0.609602,athlete
892f5a3746fffff,892f5a3747bffff,7276074359,1093946899,11.2853,0.39974,athlete
892f5a3746fffff,892f5a3754bffff,7276074359,1097906906,19.7263,0.000462,athlete
892f5a37473ffff,892f5a37083ffff,1093856535,9605882522,14.1404,0.19726,athlete
892f5a37473ffff,892f5a37087ffff,1093856535,5109258744,19.9173,4.2e-05,athlete
892f5a37473ffff,892f5a37093ffff,1093856535,3193716070,13.7033,0.225272,athlete
892f5a37473ffff,892f5a37097ffff,1093856535,1097931942,19.0134,0.005992,athlete
892f5a37473ffff,892f5a3709bffff,1093856535,1096527390,13.6387,0.229522,athlete
892f5a37473ffff,892f5a37403ffff,1093856535,10155662310,13.7389,0.222939,athlete
892f5a37473ffff,892f5a37407ffff,1093856535,6743431386,12.4362,0.3133,athlete
892f5a37473ffff,892f5a3740bffff,1093856535,7951554811,7.7198,0.675285,athlete
892f5a37473ffff,892f5a3740fffff,1093856535,4506648481,6.9438,0.730917,athlete
892f5a37473ffff,892f5a37417ffff,1093856535,475369115,15.8393,0.103041,athlete
892f5a37473ffff,892f5a37423ffff,1093856535,475369332,18.4445,0.014852,athlete
892f5a37473ffff,892f5a3742bffff,1093856535,6475403603,12.7755,0.288851,athlete
892f5a37473ffff,892f5a3742fffff,1093856535,2196826810,17.6307,0.034229,athlete
892f5a37473ffff,892f5a37433ffff,1093856535,9775221793,16.0524,0.093087,athlete
892f5a37473ffff,892f5a3743bffff,1093856535,6475813119,14.6055,0.169018,athlete
892f5a37473ffff,892f5a37463ffff,1093856535,8371949497,6.0855,0.788431,athlete
892f5a37473ffff,892f5a37467ffff,1093856535,1094679544,8.3566,0.627643,athlete
892f5a37473ffff,892f5a3746fffff,1093856535,7276074359,10.7647,0.440086,athlete
892f5a37473ffff,892f5a37473ffff,1093856535,1093856535,0.7289,0.996727,athlete
892f5a37473ffff,892f5a37477ffff,1093856535,10933634351,5.9544,0.796783,athlete
892f5a37473ffff,892f5a3747bffff,1093856535,1093946899,5.3542,0.833345,athlete
892f5a37473ffff,892f5a374abffff,1093856535,475369013,19.2473,0.003491,athlete
892f5a37477ffff,892f5a37083ffff,10933634351,9605882522,12.9303,0.277895,athlete
892f5a37477ffff,892f5a37087ffff,10933634351,5109258744,18.7072,0.010274,athlete
892f5a37477ffff,892f5a37093ffff,10933634351,3193716070,12.297,0.323484,athlete
892f5a37477ffff,892f5a37097ffff,10933634351,1097931942,17.8033,0.029472,athlete
892f5a37477ffff,892f5a3709bffff,10933634351,1096527390,12.4287,0.313846,athlete
892f5a37477ffff,892f5a37403ffff,10933634351,10155662310,16.8994,0.05814,athlete
892f5a37477ffff,892f5a37407ffff,10933634351,6743431386,15.5156,0.119001,athlete
892f5a37477ffff,892f5a3740bffff,10933634351,7951554811,10.8908,0.430266,athlete
892f5a37477ffff,892f5a3740fffff,10933634351,4506648481,10.0233,0.49817,athlete
892f5a37477ffff,892f5a37417ffff,10933634351,475369115,18.9997,0.006159,athlete
892f5a37477ffff,892f5a37423ffff,10933634351,475369332,16.8818,0.058789,athlete
892f5a37477ffff,892f5a37427ffff,10933634351,7947429975,19.6402,0.000798,athlete
892f5a37477ffff,892f5a3742bffff,10933634351,6475403603,11.2128,0.405321,athlete
892f5a37477ffff,892f5a3742fffff,10933634351,2196826810,16.068,0.092375,athlete
892f5a37477ffff,892f5a37433ffff,10933634351,9775221793,18.7355,0.009831,athlete
892f5a37477ffff,892f5a3743bffff,10933634351,6475813119,15.6921,0.110171,athlete
892f5a37477ffff,892f5a37463ffff,10933634351,8371949497,5.8867,0.801048,athlete
892f5a37477ffff,892f5a37467ffff,10933634351,1094679544,7.1465,0.716681,athlete
892f5a37477ffff,892f5a3746fffff,10933634351,7276074359,10.1463,0.488512,athlete
892f5a37477ffff,892f5a37473ffff,10933634351,1093856535,6.9014,0.733867,athlete
892f5a37477ffff,892f5a37477ffff,10933634351,10933634351,1.6255,0.98379,athlete
892f5a37477ffff,892f5a3747bffff,10933634351,1093946899,8.3712,0.626537,athlete
892f5a3747bffff,892f5a37083ffff,1093946899,9605882522,17.1152,0.050463,athlete
892f5a3747bffff,892f5a37093ffff,1093946899,3193716070,16.6781,0.066539,athlete
892f5a3747bffff,892f5a3709bffff,1093946899,1096527390,16.6135,0.069089,athlete
892f5a3747bffff,892f5a37403ffff,1093946899,10155662310,17.8477,0.028303,athlete
892f5a3747bffff,892f5a37407ffff,1093946899,6743431386,16.545,0.071845,athlete
892f5a3747bffff,892f5a3740bffff,1093946899,7951554811,11.8286,0.358351,athlete
892f5a3747bffff,892f5a3740fffff,1093946899,4506648481,11.0526,0.417702,athlete
892f5a3747bffff,892f5a37417ffff,1093946899,475369115,19.9481,1.7e-05,athlete
892f5a3747bffff,892f5a3742bffff,1093946899,6475403603,15.7503,0.107326,athlete
892f5a3747bffff,892f5a3743bffff,1093946899,6475813119,18.7143,0.010161,athlete
892f5a3747bffff,892f5a37463ffff,1093946899,8371949497,8.5364,0.613939,athlete
892f5a3747bffff,892f5a37467ffff,1093946899,1094679544,11.3314,0.396192,athlete
892f5a3747bffff,892f5a3746fffff,1093946899,7276074359,13.4569,0.24164,athlete
892f5a3747bffff,892f5a37473ffff,1093946899,1093856535,6.7906,0.741525,athlete
892f5a3747bffff,892f5a37477ffff,1093946899,10933634351,9.1151,0.569273,athlete
892f5a3747bffff,892f5a3747bffff,1093946899,1093946899,0.6002,0.99778,athlete
892f5a37487ffff,892f5a37403ffff,473169530,10155662310,17.557,0.036364,athlete
892f5a37487ffff,892f5a37407ffff,473169530,6743431386,16.1883,0.086978,athlete
892f5a37487ffff,892f5a37417ffff,473169530,475369115,12.6838,0.295404,athlete
892f5a37487ffff,892f5a37433ffff,473169530,9775221793,15.9443,0.098078,athlete
892f5a37487ffff,892f5a37437ffff,473169530,6240815386,16.8827,0.058755,athlete
892f5a37487ffff,892f5a37487ffff,473169530,473169530,2.542,0.960668,athlete
892f5a37487ffff,892f5a374a3ffff,473169530,7942739530,9.4881,0.540164,athlete
892f5a37487ffff,892f5a374a7ffff,473169530,9791542150,11.7936,0.360988,athlete
892f5a37487ffff,892f5a374abffff,473169530,475369013,11.7643,0.363201,athlete
892f5a37487ffff,892f5a374afffff,473169530,475368981,12.9829,0.2742,athlete
892f5a37487ffff,892f5a374b3ffff,473169530,11072417469,6.8177,0.739658,athlete
892f5a37487ffff,892f5a374b7ffff,473169530,4511333938,8.901,0.585891,athlete
892f5a37487ffff,892f5a374bbffff,473169530,1665929771,6.6646,0.750138,athlete
892f5a37487ffff,892f5a375c3ffff,473169530,472447266,19.9239,3.6e-05,athlete
892f5a37487ffff,892f5a375d3ffff,473169530,4717672327,17.8091,0.029318,athlete
892f5a37487ffff,892f5a375dbffff,473169530,475368843,17.8667,0.02781,athlete
892f5a37487ffff,892f5aadb43ffff,473169530,11065027594,13.6787,0.226887,athlete
892f5a37487ffff,892f5aadb47ffff,473169530,11061297136,13.4167,0.244348,athlete
892f5a37487ffff,892f5aadb4bffff,473169530,473169537,6.4058,0.767531,athlete
892f5a37487ffff,892f5aadb4fffff,473169530,4511333552,9.3947,0.547465,athlete
892f5a37487ffff,892f5aadb57ffff,473169530,4511339216,16.621,0.068792,athlete
892f5a37487ffff,892f5aadb6bffff,473169530,472447041,14.103,0.199599,athlete
892f5a37487ffff,892f5aadb6fffff,473169530,5422306027,19.0433,0.005636,athlete
892f5a37487ffff,892f5aadb73ffff,473169530,4870614084,18.2737,0.018271,athlete
892f5a37487ffff,892f5aadb7bffff,473169530,5025536627,14.1875,0.194321,athlete
892f5a374a3ffff,892f5a37403ffff,7942739530,10155662310,14.3651,0.183405,athlete
892f5a374a3ffff,892f5a37407ffff,7942739530,6743431386,12.6809,0.29561,athlete
892f5a374a3ffff,892f5a3740bffff,7942739530,7951554811,19.4208,0.002068,athlete
892f5a374a3ffff,892f5a3740fffff,7942739530,4506648481,17.7659,0.030474,athlete
892f5a374a3ffff,892f5a37417ffff,7942739530,475369115,11.5457,0.379792,athlete
892f5a374a3ffff,892f5a37423ffff,7942739530,475369332,15.3701,0.1265,athlete
892f5a374a3ffff,892f5a37427ffff,7942739530,7947429975,14.9711,0.148053,athlete
892f5a374a3ffff,892f5a3742bffff,7942739530,6475403603,19.1332,0.004628,athlete
892f5a374a3ffff,892f5a37433ffff,7942739530,9775221793,9.3382,0.551882,athlete
892f5a374a3ffff,892f5a37437ffff,7942739530,6240815386,9.7311,0.521114,athlete
892f5a374a3ffff,892f5a3743bffff,7942739530,6475813119,15.0964,0.141131,athlete
892f5a374a3ffff,892f5a37487ffff,7942739530,473169530,8.1277,0.644938,athlete
892f5a374a3ffff,892f5a374a3ffff,7942739530,7942739530,0.4694,0.998641,athlete
892f5a374a3ffff,892f5a374a7ffff,7942739530,9791542150,5.1407,0.845651,athlete
892f5a374a3ffff,892f5a374abffff,7942739530,475369013,6.6805,0.749057,athlete
892f5a374a3ffff,892f5a374afffff,7942739530,475368981,5.771,0.808252,athlete
892f5a374a3ffff,892f5a374b3ffff,7942739530,11072417469,6.8369,0.738333,athlete
892f5a374a3ffff,892f5a374b7ffff,7942739530,4511333938,7.1289,0.717927,athlete
892f5a374a3ffff,892f5a374bbffff,7942739530,1665929771,5.7017,0.812519,athlete
892f5a374a3ffff,892f5a37553ffff,7942739530,472382750,19.4505,0.001861,athlete
892f5a374a3ffff,892f5a375c3ffff,7942739530,472447266,13.2711,0.254246,athlete
892f5a374a3ffff,892f5a375c7ffff,7942739530,1664033852,18.8716,0.007834,athlete
892f5a374a3ffff,892f5a375cbffff,7942739530,2649421029,13.4291,0.243515,athlete
892f5a374a3ffff,892f5a375cfffff,7942739530,472382799,18.4939,0.013928,athlete
892f5a374a3ffff,892f5a375d3ffff,7942739530,4717672327,12.6254,0.299595,athlete
892f5a374a3ffff,892f5a375d7ffff,7942739530,472447132,15.9163,0.099392,athlete
892f5a374a3ffff,892f5a375dbffff,7942739530,475368843,9.562,0.534377,athlete
892f5a374a3ffff,892f5aadb43ffff,7942739530,11065027594,16.6489,0.067687,athlete
892f5a374a3ffff,892f5aadb47ffff,7942739530,11061297136,16.0465,0.093357,athlete
892f5a374a3ffff,892f5aadb4bffff,7942739530,473169537,10.9962,0.422078,athlete
892f5a374a3ffff,892f5aadb4fffff,7942739530,4511333552,9.5334,0.53661,athlete
892f5a374a3ffff,892f5aadb57ffff,7942739530,4511339216,19.5912,0.001031,athlete
892f5a374a3ffff,892f5aadb6bffff,7942739530,472447041,10.5352,0.458017,athlete
892f5a374a3ffff,892f5aadb6fffff,7942739530,5422306027,15.1028,0.140783,athlete
892f5a374a3ffff,892f5aadb73ffff,7942739530,4870614084,17.1317,0.049895,athlete
892f5a374a3ffff,892f5aadb7bffff,7942739530,5025536627,13.0456,0.269819,athlete
892f5a374a7ffff,892f5a37403ffff,9791542150,10155662310,17.8,0.029561,athlete
892f5a374a7ffff,892f5a37407ffff,9791542150,6743431386,13.6643,0.227834,athlete
892f5a374a7ffff,892f5a3740fffff,9791542150,4506648481,18.7259,0.00998,athlete
892f5a374a7ffff,892f5a37417ffff,9791542150,475369115,15.4628,0.121703,athlete
892f5a374a7ffff,892f5a37423ffff,9791542150,475369332,15.3013,0.130115,athlete
892f5a374a7ffff,892f5a37427ffff,9791542150,7947429975,14.7542,0.16036,athlete
892f5a374a7ffff,892f5a3742bffff,9791542150,6475403603,19.6246,0.000869,athlete
892f5a374a7ffff,892f5a3742fffff,9791542150,2196826810,19.7861,0.000282,athlete
892f5a374a7ffff,892f5a37433ffff,9791542150,9775221793,10.0987,0.492247,athlete
892f5a374a7ffff,892f5a37437ffff,9791542150,6240815386,9.5141,0.538126,athlete
892f5a374a7ffff,892f5a3743bffff,9791542150,6475813119,16.0541,0.093008,athlete
892f5a374a7ffff,892f5a37487ffff,9791542150,473169530,11.3312,0.396212,athlete
892f5a374a7ffff,892f5a374a3ffff,9791542150,7942739530,5.1374,0.84584,athlete
892f5a374a7ffff,892f5a374a7ffff,9791542150,9791542150,0.063,0.999975,athlete
892f5a374a7ffff,892f5a374abffff,9791542150,475369013,9.5506,0.535266,athlete
892f5a374a7ffff,892f5a374afffff,9791542150,475368981,5.2948,0.83681,athlete
892f5a374a7ffff,892f5a374b3ffff,9791542150,11072417469,9.4764,0.541079,athlete
892f5a374a7ffff,892f5a374b7ffff,9791542150,4511333938,5.2312,0.840484,athlete
892f5a374a7ffff,892f5a374bbffff,9791542150,1665929771,10.3278,0.474267,athlete
892f5a374a7ffff,892f5a37513ffff,9791542150,11538316379,19.4703,0.00173,athlete
892f5a374a7ffff,892f5a3751bffff,9791542150,4716623608,17.2152,0.047079,athlete
892f5a374a7ffff,892f5a37553ffff,9791542150,472382750,17.9832,0.024882,athlete
892f5a374a7ffff,892f5a37557ffff,9791542150,2704049830,19.3727,0.002426,athlete
892f5a374a7ffff,892f5a3758bffff,9791542150,6281439102,18.4095,0.015523,athlete
892f5a374a7ffff,892f5a37593ffff,9791542150,255996108,19.251,0.003457,athlete
892f5a374a7ffff,892f5a3759bffff,9791542150,255995938,16.1477,0.088784,athlete
892f5a374a7ffff,892f5a375c3ffff,9791542150,472447266,8.1934,0.639996,athlete
892f5a374a7ffff,892f5a375c7ffff,9791542150,1664033852,13.7938,0.219358,athlete
892f5a374a7ffff,892f5a375cbffff,9791542150,2649421029,11.0876,0.414994,athlete
892f5a374a7ffff,892f5a375cfffff,9791542150,472382799,14.3667,0.183305,athlete
892f5a374a7ffff,892f5a375d3ffff,9791542150,4717672327,7.5477,0.687875,athlete
892f5a374a7ffff,892f5a375d7ffff,9791542150,472447132,11.3208,0.397005,athlete
892f5a374a7ffff,892f5a375dbffff,9791542150,475368843,6.2412,0.77836,athlete
892f5a374a7ffff,892f5aadb0fffff,9791542150,6206442994,17.9847,0.024844,athlete
892f5a374a7ffff,892f5aadb43ffff,9791542150,11065027594,18.3109,0.017497,athlete
892f5a374a7ffff,892f5aadb47ffff,9791542150,11061297136,15.1807,0.136555,athlete
892f5a374a7ffff,892f5aadb4bffff,9791542150,473169537,14.1996,0.19357,athlete
892f5a374a7ffff,892f5aadb4fffff,9791542150,4511333552,11.5459,0.379776,athlete
892f5a374a7ffff,892f5aadb63ffff,9791542150,2375772172,16.8823,0.058768,athlete
892f5a374a7ffff,892f5aadb67ffff,9791542150,305443506,16.6553,0.067434,athlete
892f5a374a7ffff,892f5aadb6bffff,9791542150,472447041,6.0789,0.788857,athlete
892f5a374a7ffff,892f5aadb6fffff,9791542150,5422306027,10.5074,0.460192,athlete
892f5a374a7ffff,892f5aadb73ffff,9791542150,4870614084,14.2629,0.189661,athlete
892f5a374a7ffff,892f5aadb77ffff,9791542150,2377135303,19.2088,0.003856,athlete
892f5a374a7ffff,892f5aadb7bffff,9791542150,5025536627,10.1767,0.486122,athlete
892f5a374abffff,892f5a37093ffff,475369013,3193716070,19.845,0.000148,athlete
892f5a374abffff,892f5a37403ffff,475369013,10155662310,10.3915,0.469273,athlete
892f5a374abffff,892f5a37407ffff,475369013,6743431386,7.6277,0.682038,athlete
892f5a374abffff,892f5a3740bffff,475369013,7951554811,14.3675,0.183257,athlete
892f5a374abffff,892f5a3740fffff,475369013,4506648481,12.7127,0.293338,athlete
892f5a374abffff,892f5a37417ffff,475369013,475369115,7.5721,0.686101,athlete
892f5a374abffff,892f5a37423ffff,475369013,475369332,12.7463,0.290937,athlete
892f5a374abffff,892f5a37427ffff,475369013,7947429975,13.8654,0.214725,athlete
892f5a374abffff,892f5a3742bffff,475369013,6475403603,14.4888,0.175944,athlete
892f5a374abffff,892f5a3742fffff,475369013,2196826810,16.1752,0.087556,athlete
892f5a374abffff,892f5a37433ffff,475369013,9775221793,4.9449,0.856601,athlete
892f5a374abffff,892f5a37437ffff,475369013,6240815386,8.5909,0.609768,athlete
892f5a374abffff,892f5a3743bffff,475369013,6475813119,10.0432,0.496604,athlete
892f5a374abffff,892f5a37467ffff,475369013,1094679544,18.8928,0.007543,athlete
892f5a374abffff,892f5a37473ffff,475369013,1093856535,17.818,0.029081,athlete
892f5a374abffff,892f5a37487ffff,475369013,473169530,11.2916,0.399252,athlete
892f5a374abffff,892f5a374a3ffff,475369013,7942739530,6.3637,0.770317,athlete
892f5a374abffff,892f5a374a7ffff,475369013,9791542150,9.389,0.547917,athlete
892f5a374abffff,892f5a374abffff,475369013,475369013,0.7649,0.996396,athlete
892f5a374abffff,892f5a374afffff,475369013,475368981,4.7646,0.86638,athlete
892f5a374abffff,892f5a374b3ffff,475369013,11072417469,12.4143,0.314895,athlete
892f5a374abffff,892f5a374b7ffff,475369013,4511333938,12.6767,0.295912,athlete
892f5a374abffff,892f5a374bbffff,475369013,1665929771,6.2363,0.778682,athlete
892f5a374abffff,892f5a37553ffff,475369013,472382750,18.3838,0.016026,athlete
892f5a374abffff,892f5a37557ffff,475369013,2704049830,19.8503,0.000138,athlete
892f5a374abffff,892f5a3755bffff,475369013,1097906786,19.976,4e-06,athlete
892f5a374abffff,892f5a375c3ffff,475369013,472447266,14.9174,0.151065,athlete
892f5a374abffff,892f5a375cbffff,475369013,2649421029,13.1283,0.264076,athlete
892f5a374abffff,892f5a375cfffff,475369013,472382799,18.9083,0.007334,athlete
892f5a374abffff,892f5a375d3ffff,475369013,4717672327,15.9131,0.099542,athlete
892f5a374abffff,892f5a375d7ffff,475369013,472447132,19.6862,0.000607,athlete
892f5a374abffff,892f5a375dbffff,475369013,475368843,10.1163,0.49087,athlete
892f5a374abffff,892f5aadb4bffff,475369013,473169537,14.1601,0.19603,athlete
892f5a374abffff,892f5aadb4fffff,475369013,4511333552,15.1108,0.140346,athlete
892f5a374abffff,892f5aadb6bffff,475369013,472447041,15.4048,0.124693,athlete
892f5a374abffff,892f5aadb6fffff,475369013,5422306027,18.8728,0.007818,athlete
892f5a374abffff,892f5aadb7bffff,475369013,5025536627,18.5687,0.012583,athlete
892f5a374afffff,892f5a37093ffff,475368981,3193716070,19.8528,0.000134,athlete
892f5a374afffff,892f5a37097ffff,475368981,1097931942,19.8333,0.000171,athlete
892f5a374afffff,892f5a37403ffff,475368981,10155662310,12.6463,0.298094,athlete
892f5a374afffff,892f5a37407ffff,475368981,6743431386,8.5107,0.615906,athlete
892f5a374afffff,892f5a3740bffff,475368981,7951554811,15.2272,0.134059,athlete
892f5a374afffff,892f5a3740fffff,475368981,4506648481,13.5723,0.233928,athlete
892f5a374afffff,892f5a37417ffff,475368981,475369115,11.2041,0.405989,athlete
892f5a374afffff,892f5a37423ffff,475368981,475369332,10.7468,0.441478,athlete
892f5a374afffff,892f5a37427ffff,475368981,7947429975,10.2966,0.476714,athlete
892f5a374afffff,892f5a3742bffff,475368981,6475403603,14.74,0.161175,athlete
892f5a374afffff,892f5a3742fffff,475368981,2196826810,15.3285,0.128682,athlete
892f5a374afffff,892f5a37433ffff,475368981,9775221793,4.9451,0.856591,athlete
892f5a374afffff,892f5a37437ffff,475368981,6240815386,5.0565,0.8504,athlete
892f5a374afffff,892f5a3743bffff,475368981,6475813119,10.9005,0.429513,athlete
892f5a374afffff,892f5a37467ffff,475368981,1094679544,19.75,0.000385,athlete
892f5a374afffff,892f5a37473ffff,475368981,1093856535,18.6777,0.010747,athlete
892f5a374afffff,892f5a37487ffff,475368981,473169530,11.7655,0.363105,athlete
892f5a374afffff,892f5a374a3ffff,475368981,7942739530,5.6895,0.813262,athlete
892f5a374afffff,892f5a374a7ffff,475368981,9791542150,4.7654,0.866337,athlete
892f5a374afffff,892f5a374abffff,475368981,475369013,4.397,0.885409,athlete
892f5a374afffff,892f5a374afffff,475368981,475368981,0.1411,0.999877,athlete
892f5a374afffff,892f5a374b3ffff,475368981,11072417469,11.9582,0.348615,athlete
892f5a374afffff,892f5a374b7ffff,475368981,4511333938,9.9336,0.505214,athlete
892f5a374afffff,892f5a374bbffff,475368981,1665929771,8.0139,0.653469,athlete
892f5a374afffff,892f5a3750bffff,475368981,4716326321,19.4863,0.001627,athlete
892f5a374afffff,892f5a3751bffff,475368981,4716623608,17.4796,0.038676,athlete
892f5a374afffff,892f5a37543ffff,475368981,1097906783,19.0821,0.005188,athlete
892f5a374afffff,892f5a37553ffff,475368981,472382750,14.776,0.159104,athlete
892f5a374afffff,892f5a37557ffff,475368981,2704049830,16.2424,0.084595,athlete
892f5a374afffff,892f5a3755bffff,475368981,1097906786,16.4072,0.077532,athlete
892f5a374afffff,892f5a3759bffff,475368981,255995938,19.8895,7.5e-05,athlete
892f5a374afffff,892f5a375c3ffff,475368981,472447266,10.2939,0.476928,athlete
892f5a374afffff,892f5a375c7ffff,475368981,1664033852,15.7281,0.10841,athlete
892f5a374afffff,892f5a375cbffff,475368981,2649421029,9.3599,0.55019,athlete
892f5a374afffff,892f5a375cfffff,475368981,472382799,14.4246,0.179799,athlete
892f5a374afffff,892f5a375d3ffff,475368981,4717672327,11.2896,0.39941,athlete
892f5a374afffff,892f5a375d7ffff,475368981,472447132,15.0627,0.142983,athlete
892f5a374afffff,892f5a375dbffff,475368981,475368843,5.4927,0.825157,athlete
892f5a374afffff,892f5aadb47ffff,475368981,11061297136,19.8831,8.4e-05,athlete
892f5a374afffff,892f5aadb4bffff,475368981,473169537,14.634,0.167345,athlete
892f5a374afffff,892f5aadb4fffff,475368981,4511333552,14.6548,0.16613,athlete
892f5a374afffff,892f5aadb6bffff,475368981,472447041,10.7813,0.438789,athlete
892f5a374afffff,892f5aadb6fffff,475368981,5422306027,14.2492,0.1905,athlete
892f5a374afffff,892f5aadb73ffff,475368981,4870614084,18.9653,0.00659,athlete
892f5a374afffff,892f5aadb7bffff,475368981,5025536627,14.8791,0.153222,athlete
892f5a374b3ffff,892f5a37403ffff,11072417469,10155662310,18.7726,0.009264,athlete
892f5a374b3ffff,892f5a37407ffff,11072417469,6743431386,17.4038,0.041004,athlete
892f5a374b3ffff,892f5a37417ffff,11072417469,475369115,13.8993,0.212541,athlete
892f5a374b3ffff,892f5a37433ffff,11072417469,9775221793,15.8278,0.103588,athlete
892f5a374b3ffff,892f5a37437ffff,11072417469,6240815386,16.2207,0.08555,athlete
892f5a374b3ffff,892f5a37487ffff,11072417469,473169530,5.8188,0.805285,athlete
892f5a374b3ffff,892f5a374a3ffff,11072417469,7942739530,6.959,0.729861,athlete
892f5a374b3ffff,892f5a374a7ffff,11072417469,9791542150,8.6672,0.603915,athlete
892f5a374b3ffff,892f5a374abffff,11072417469,475369013,12.9798,0.274419,athlete
892f5a374b3ffff,892f5a374afffff,11072417469,475368981,12.2605,0.326165,athlete
892f5a374b3ffff,892f5a374b3ffff,11072417469,11072417469,0.3997,0.999015,athlete
892f5a374b3ffff,892f5a374b7ffff,11072417469,4511333938,5.7746,0.80803,athlete
892f5a374b3ffff,892f5a374bbffff,11072417469,1665929771,7.8802,0.663432,athlete
892f5a374b3ffff,892f5a375c3ffff,11072417469,472447266,16.7975,0.06194,athlete
892f5a374b3ffff,892f5a375cbffff,11072417469,2649421029,19.6918,0.000586,athlete
892f5a374b3ffff,892f5a375d3ffff,11072417469,4717672327,14.6827,0.1645,athlete
892f5a374b3ffff,892f5a375d7ffff,11072417469,472447132,17.5929,0.035317,athlete
892f5a374b3ffff,892f5a375dbffff,11072417469,475368843,14.8454,0.155138,athlete
892f5a374b3ffff,892f5aadb0bffff,11072417469,12954056341,19.7837,0.000288,athlete
892f5a374b3ffff,892f5aadb0fffff,11072417469,6206442994,19.1454,0.004499,athlete
892f5a374b3ffff,892f5aadb1bffff,11072417469,13313849470,18.0091,0.024252,athlete
892f5a374b3ffff,892f5aadb43ffff,11072417469,11065027594,11.575,0.377554,athlete
892f5a374b3ffff,892f5aadb47ffff,11072417469,11061297136,11.3131,0.397601,athlete
892f5a374b3ffff,892f5aadb4bffff,11072417469,473169537,6.4461,0.76485,athlete
892f5a374b3ffff,892f5aadb4fffff,11072417469,4511333552,6.0378,0.791488,athlete
892f5a374b3ffff,892f5aadb57ffff,11072417469,4511339216,14.5173,0.174243,athlete
892f5a374b3ffff,892f5aadb6bffff,11072417469,472447041,10.9767,0.423594,athlete
892f5a374b3ffff,892f5aadb6fffff,11072417469,5422306027,15.9169,0.099363,athlete
892f5a374b3ffff,892f5aadb73ffff,11072417469,4870614084,15.4554,0.12208,athlete
892f5a374b3ffff,892f5aadb7bffff,11072417469,5025536627,11.3693,0.393284,athlete
892f5a374b3ffff,892f5aadbcfffff,11072417469,473169641,19.2932,0.003078,athlete
892f5a374b7ffff,892f5a37403ffff,4511333938,10155662310,19.5329,0.001345,athlete
892f5a374b7ffff,892f5a37407ffff,4511333938,6743431386,17.8066,0.029385,athlete
892f5a374b7ffff,892f5a37417ffff,4511333938,475369115,15.2909,0.130667,athlete
892f5a374b7ffff,892f5a37423ffff,4511333938,475369332,19.9721,5e-06,athlete
892f5a374b7ffff,892f5a37427ffff,4511333938,7947429975,19.4249,0.002038,athlete
892f5a374b7ffff,892f5a37433ffff,4511333938,9775221793,14.4639,0.177438,athlete
892f5a374b7ffff,892f5a37437ffff,4511333938,6240815386,14.1849,0.194486,athlete
892f5a374b7ffff,892f5a37487ffff,4511333938,473169530,8.1216,0.645398,athlete
892f5a374b7ffff,892f5a374a3ffff,4511333938,7942739530,6.7524,0.744146,athlete
892f5a374b7ffff,892f5a374a7ffff,4511333938,9791542150,4.7338,0.868023,athlete
892f5a374b7ffff,892f5a374abffff,4511333938,475369013,12.3802,0.317383,athlete
892f5a374b7ffff,892f5a374afffff,4511333938,475368981,9.9656,0.502706,athlete
892f5a374b7ffff,892f5a374b3ffff,4511333938,11072417469,6.2668,0.776685,athlete
892f5a374b7ffff,892f5a374b7ffff,4511333938,4511333938,0.299,0.999449,athlete
892f5a374b7ffff,892f5a374bbffff,4511333938,1665929771,9.2717,0.557074,athlete
892f5a374b7ffff,892f5a3759bffff,4511333938,255995938,17.0715,0.051977,athlete
892f5a374b7ffff,892f5a375c3ffff,4511333938,472447266,12.8642,0.282562,athlete
892f5a374b7ffff,892f5a375c7ffff,4511333938,1664033852,18.1059,0.021968,athlete
892f5a374b7ffff,892f5a375cbffff,4511333938,2649421029,15.7584,0.106934,athlete
892f5a374b7ffff,892f5a375cfffff,4511333938,472382799,19.0375,0.005703,athlete
892f5a374b7ffff,892f5a375d3ffff,4511333938,4717672327,10.7493,0.441284,athlete
892f5a374b7ffff,892f5a375d7ffff,4511333938,472447132,13.5279,0.236884,athlete
892f5a374b7ffff,892f5a375dbffff,4511333938,475368843,10.912,0.428618,athlete
892f5a374b7ffff,892f5aadb0fffff,4511333938,6206442994,16.1231,0.089886,athlete
892f5a374b7ffff,892f5aadb43ffff,4511333938,11065027594,14.4301,0.179467,athlete
892f5a374b7ffff,892f5aadb47ffff,4511333938,11061297136,12.0324,0.343071,athlete
892f5a374b7ffff,892f5aadb4bffff,4511333938,473169537,10.5191,0.459275,athlete
892f5a374b7ffff,892f5aadb4fffff,4511333938,4511333552,6.8119,0.740054,athlete
892f5a374b7ffff,892f5aadb57ffff,4511333938,4511339216,17.2022,0.047513,athlete
892f5a374b7ffff,892f5aadb63ffff,4511333938,2375772172,17.8061,0.029396,athlete
892f5a374b7ffff,892f5aadb67ffff,4511333938,305443506,17.5791,0.035718,athlete
892f5a374b7ffff,892f5aadb6bffff,4511333938,472447041,6.7846,0.741938,athlete
892f5a374b7ffff,892f5aadb6fffff,4511333938,5422306027,11.7248,0.366186,athlete
892f5a374b7ffff,892f5aadb73ffff,4511333938,4870614084,12.4012,0.315848,athlete
892f5a374b7ffff,892f5aadb77ffff,4511333938,2377135303,19.2373,0.003584,athlete
892f5a374b7ffff,892f5aadb7bffff,4511333938,5025536627,8.3151,0.630793,athlete
892f5a374bbffff,892f5a37403ffff,1665929771,10155662310,11.6726,0.370144,athlete
892f5a374bbffff,892f5a37407ffff,1665929771,6743431386,11.2707,0.400862,athlete
892f5a374bbffff,892f5a3740bffff,1665929771,7951554811,16.9635,0.055805,athlete
892f5a374bbffff,892f5a3740fffff,1665929771,4506648481,15.9198,0.099228,athlete
892f5a374bbffff,892f5a37417ffff,1665929771,475369115,6.6147,0.753524,athlete
892f5a374bbffff,892f5a37423ffff,1665929771,475369332,18.386,0.015984,athlete
892f5a374bbffff,892f5a37427ffff,1665929771,7947429975,18.0417,0.02347,athlete
892f5a374bbffff,892f5a37433ffff,1665929771,9775221793,11.0267,0.419711,athlete
892f5a374bbffff,892f5a37437ffff,1665929771,6240815386,12.8016,0.286994,athlete
892f5a374bbffff,892f5a3743bffff,1665929771,6475813119,15.9326,0.098624,athlete
892f5a374bbffff,892f5a37487ffff,1665929771,473169530,6.8024,0.740712,athlete
892f5a374bbffff,892f5a374a3ffff,1665929771,7942739530,6.4483,0.764706,athlete
892f5a374bbffff,892f5a374a7ffff,1665929771,9791542150,10.886,0.430642,athlete
892f5a374bbffff,892f5a374abffff,1665929771,475369013,6.8467,0.737657,athlete
892f5a374bbffff,892f5a374afffff,1665929771,475368981,8.9019,0.585819,athlete
892f5a374bbffff,892f5a374b3ffff,1665929771,11072417469,9.0168,0.576913,athlete
892f5a374bbffff,892f5a374b7ffff,1665929771,4511333938,9.5875,0.532372,athlete
892f5a374bbffff,892f5a374bbffff,1665929771,1665929771,0.5956,0.997814,athlete
892f5a374bbffff,892f5a375c3ffff,1665929771,472447266,18.0927,0.022272,athlete
892f5a374bbffff,892f5a375cbffff,1665929771,2649421029,17.2655,0.04542,athlete
892f5a374bbffff,892f5a375d3ffff,1665929771,4717672327,18.3706,0.016287,athlete
892f5a374bbffff,892f5a375dbffff,1665929771,475368843,13.9777,0.207526,athlete
892f5a374bbffff,892f5aadb43ffff,1665929771,11065027594,16.9438,0.056517,athlete
892f5a374bbffff,892f5aadb47ffff,1665929771,11061297136,16.6818,0.066392,athlete
892f5a374bbffff,892f5aadb4bffff,1665929771,473169537,9.6709,0.525839,athlete
892f5a374bbffff,892f5aadb4fffff,1665929771,4511333552,11.7608,0.363464,athlete
892f5a374bbffff,892f5aadb57ffff,1665929771,4511339216,19.8861,8e-05,athlete
892f5a374bbffff,892f5aadb6bffff,1665929771,472447041,14.7896,0.15832,athlete
892f5a374bbffff,892f5aadb6fffff,1665929771,5422306027,19.7299,0.00045,athlete
892f5a374bbffff,892f5aadb7bffff,1665929771,5025536627,16.3757,0.078862,athlete
892f5a37503ffff,892f5a3625bffff,6237227412,764851982,18.8776,0.00775,athlete
892f5a37503ffff,892f5a362cbffff,6237227412,472359869,17.6575,0.033469,athlete
892f5a37503ffff,892f5a362dbffff,6237227412,471978558,18.2238,0.019334,athlete
892f5a37503ffff,892f5a370a7ffff,6237227412,2038377566,19.2248,0.003703,athlete
892f5a37503ffff,892f5a370b3ffff,6237227412,5091968417,17.8613,0.02795,athlete
892f5a37503ffff,892f5a370b7ffff,6237227412,1135820964,19.0699,0.005327,athlete
892f5a37503ffff,892f5a37193ffff,6237227412,7865126998,18.3765,0.01617,athlete
892f5a37503ffff,892f5a3719bffff,6237227412,1942852587,18.2634,0.018487,athlete
892f5a37503ffff,892f5a371d7ffff,6237227412,1127244247,19.9991,0.0,athlete
892f5a37503ffff,892f5a37503ffff,6237227412,6237227412,0.5845,0.997894,athlete
892f5a37503ffff,892f5a37507ffff,6237227412,9933084480,4.7653,0.866347,athlete
892f5a37503ffff,892f5a3750bffff,6237227412,4716326321,6.8292,0.738867,athlete
892f5a37503ffff,892f5a3750fffff,6237227412,472360248,4.4243,0.884036,athlete
892f5a37503ffff,892f5a37513ffff,6237227412,11538316379,6.8923,0.734498,athlete
892f5a37503ffff,892f5a37517ffff,6237227412,6283520292,7.004,0.726716,athlete
892f5a37503ffff,892f5a3751bffff,6237227412,4716623608,7.7867,0.670352,athlete
892f5a37503ffff,892f5a37527ffff,6237227412,9602267747,19.2993,0.003025,athlete
892f5a37503ffff,892f5a3752bffff,6237227412,472360457,13.5617,0.23463,athlete
892f5a37503ffff,892f5a3752fffff,6237227412,10293242124,15.1345,0.139055,athlete
892f5a37503ffff,892f5a37533ffff,6237227412,9954179094,9.5109,0.538376,athlete
892f5a37503ffff,892f5a37537ffff,6237227412,5495728727,12.8076,0.286567,athlete
892f5a37503ffff,892f5a3753bffff,6237227412,1094547495,9.7291,0.521273,athlete
892f5a37503ffff,892f5a37543ffff,6237227412,1097906783,14.272,0.189101,athlete
892f5a37503ffff,892f5a37547ffff,6237227412,7966410040,10.1771,0.486089,athlete
892f5a37503ffff,892f5a3754bffff,6237227412,1097906906,18.3864,0.015976,athlete
892f5a37503ffff,892f5a3754fffff,6237227412,8908901051,14.413,0.180501,athlete
892f5a37503ffff,892f5a37553ffff,6237227412,472382750,16.0662,0.092459,athlete
892f5a37503ffff,892f5a37557ffff,6237227412,2704049830,10.9172,0.42821,athlete
892f5a37503ffff,892f5a3755bffff,6237227412,1097906786,19.9674,7e-06,athlete
892f5a37503ffff,892f5a37563ffff,6237227412,6326922164,11.2358,0.403547,athlete
892f5a37503ffff,892f5a37567ffff,6237227412,2865895571,14.3616,0.183617,athlete
892f5a37503ffff,892f5a3756bffff,6237227412,1127244318,14.6284,0.167677,athlete
892f5a37503ffff,892f5a3756fffff,6237227412,1127244105,15.8758,0.101304,athlete
892f5a37503ffff,892f5a37573ffff,6237227412,472382641,7.3655,0.701056,athlete
892f5a37503ffff,892f5a37577ffff,6237227412,1706684673,9.7256,0.521547,athlete
892f5a37503ffff,892f5a3757bffff,6237227412,1135821090,11.7133,0.367059,athlete
892f5a37503ffff,892f5a37583ffff,6237227412,1813858066,16.6608,0.067218,athlete
892f5a37503ffff,892f5a37587ffff,6237227412,475770391,14.0673,0.201848,athlete
892f5a37503ffff,892f5a3758bffff,6237227412,6281439102,13.4711,0.240686,athlete
892f5a37503ffff,892f5a3758fffff,6237227412,13736742284,10.101,0.492067,athlete
892f5a37503ffff,892f5a37597ffff,6237227412,13140663722,19.3469,0.002628,athlete
892f5a37503ffff,892f5a3759bffff,6237227412,255995938,18.6406,0.011356,athlete
892f5a37503ffff,892f5a375a3ffff,6237227412,9954223273,19.237,0.003587,athlete
892f5a37503ffff,892f5a375a7ffff,6237227412,2327217335,17.8293,0.028785,athlete
892f5a37503ffff,892f5a375abffff,6237227412,582802728,8.9693,0.580599,athlete
892f5a37503ffff,892f5a375afffff,6237227412,5506743143,13.2638,0.254744,athlete
892f5a37503ffff,892f5a375b3ffff,6237227412,475758058,17.6554,0.033529,athlete
892f5a37503ffff,892f5a375bbffff,6237227412,472359980,11.9828,0.346775,athlete
892f5a37503ffff,892f5a375c3ffff,6237227412,472447266,14.5162,0.174309,athlete
892f5a37503ffff,892f5a375c7ffff,6237227412,1664033852,9.3872,0.548057,athlete
892f5a37503ffff,892f5a375cbffff,6237227412,2649421029,17.2682,0.045331,athlete
892f5a37503ffff,892f5a375cfffff,6237227412,472382799,12.6448,0.298202,athlete
892f5a37503ffff,892f5a375d3ffff,6237227412,4717672327,16.9269,0.057133,athlete
892f5a37503ffff,892f5a375d7ffff,6237227412,472447132,14.3895,0.181921,athlete
892f5a37503ffff,892f5aadb6fffff,6237227412,5422306027,18.3595,0.01651,athlete
892f5a37507ffff,892f5a36253ffff,9933084480,11512438978,17.9151,0.026574,athlete
892f5a37507ffff,892f5a3625bffff,9933084480,764851982,16.7752,0.06279,athlete
892f5a37507ffff,892f5a362c3ffff,9933084480,7946433661,16.7105,0.065276,athlete
892f5a37507ffff,892f5a362c7ffff,9933084480,896901457,19.5386,0.001313,athlete
892f5a37507ffff,892f5a362cbffff,9933084480,472359869,13.2859,0.253235,athlete
892f5a37507ffff,892f5a362cfffff,9933084480,2095799546,18.0533,0.023195,athlete
892f5a37507ffff,892f5a362d3ffff,9933084480,471978645,18.8483,0.00816,athlete
892f5a37507ffff,892f5a362dbffff,9933084480,471978558,13.8523,0.215573,athlete
892f5a37507ffff,892f5a3664bffff,9933084480,8364977378,19.9841,2e-06,athlete
892f5a37507ffff,892f5a3664fffff,9933084480,475762598,19.9443,1.9e-05,athlete
892f5a37507ffff,892f5a37193ffff,9933084480,7865126998,16.8418,0.060276,athlete
892f5a37507ffff,892f5a37197ffff,9933084480,839607167,19.8281,0.000182,athlete
892f5a37507ffff,892f5a3719bffff,9933084480,1942852587,18.7255,0.009987,athlete
892f5a37507ffff,892f5a37503ffff,9933084480,6237227412,5.8624,0.802565,athlete
892f5a37507ffff,892f5a37507ffff,9933084480,9933084480,0.3937,0.999044,athlete
892f5a37507ffff,892f5a3750bffff,9933084480,4716326321,10.4501,0.46468,athlete
892f5a37507ffff,892f5a3750fffff,9933084480,472360248,5.9352,0.797995,athlete
892f5a37507ffff,892f5a37513ffff,9933084480,11538316379,9.2497,0.558794,athlete
892f5a37507ffff,892f5a37517ffff,9933084480,6283520292,6.5238,0.759652,athlete
892f5a37507ffff,892f5a3751bffff,9933084480,4716623608,11.8781,0.354628,athlete
892f5a37507ffff,892f5a37527ffff,9933084480,9602267747,15.4339,0.123189,athlete
892f5a37507ffff,892f5a3752bffff,9933084480,472360457,11.8385,0.357601,athlete
892f5a37507ffff,892f5a3752fffff,9933084480,10293242124,13.3162,0.251168,athlete
892f5a37507ffff,892f5a37533ffff,9933084480,9954179094,5.159,0.844615,athlete
892f5a37507ffff,892f5a37537ffff,9933084480,5495728727,8.4361,0.6216,athlete
892f5a37507ffff,892f5a3753bffff,9933084480,1094547495,6.542,0.75843,athlete
892f5a37507ffff,892f5a37543ffff,9933084480,1097906783,17.2722,0.045201,athlete
892f5a37507ffff,892f5a37547ffff,9933084480,7966410040,13.3052,0.251915,athlete
892f5a37507ffff,892f5a3754fffff,9933084480,8908901051,17.5411,0.036835,athlete
892f5a37507ffff,892f5a37553ffff,9933084480,472382750,19.0664,0.005367,athlete
892f5a37507ffff,892f5a37557ffff,9933084480,2704049830,13.9175,0.211375,athlete
892f5a37507ffff,892f5a37563ffff,9933084480,6326922164,14.0489,0.203011,athlete
892f5a37507ffff,892f5a37567ffff,9933084480,2865895571,14.4475,0.178422,athlete
892f5a37507ffff,892f5a3756bffff,9933084480,1127244318,17.5491,0.036598,athlete
892f5a37507ffff,892f5a3756fffff,9933084480,1127244105,17.8967,0.027041,athlete
892f5a37507ffff,892f5a37573ffff,9933084480,472382641,10.2904,0.477197,athlete
892f5a37507ffff,892f5a37577ffff,9933084480,1706684673,9.8115,0.514806,athlete
892f5a37507ffff,892f5a3757bffff,9933084480,1135821090,14.6382,0.167101,athlete
892f5a37507ffff,892f5a37583ffff,9933084480,1813858066,18.9845,0.006348,athlete
892f5a37507ffff,892f5a37587ffff,9933084480,475770391,15.5644,0.116531,athlete
892f5a37507ffff,892f5a3758bffff,9933084480,6281439102,15.7949,0.10517,athlete
892f5a37507ffff,892f5a3758fffff,9933084480,13736742284,12.0421,0.342349,athlete
892f5a37507ffff,892f5a375a3ffff,9933084480,9954223273,14.8654,0.154001,athlete
892f5a37507ffff,892f5a375a7ffff,9933084480,2327217335,13.9077,0.212006,athlete
892f5a37507ffff,892f5a375abffff,9933084480,582802728,5.2196,0.841151,athlete
892f5a37507ffff,892f5a375afffff,9933084480,5506743143,8.9895,0.579032,athlete
892f5a37507ffff,892f5a375b3ffff,9933084480,475758058,16.2761,0.083132,athlete
892f5a37507ffff,892f5a375bbffff,9933084480,472359980,10.6035,0.452672,athlete
892f5a37507ffff,892f5a375c3ffff,9933084480,472447266,18.6076,0.011912,athlete
892f5a37507ffff,892f5a375c7ffff,9933084480,1664033852,13.4785,0.24019,athlete
892f5a37507ffff,892f5a375cfffff,9933084480,472382799,16.7284,0.064584,athlete
892f5a37507ffff,892f5a375d7ffff,9933084480,472447132,17.6736,0.033015,athlete
892f5a3750bffff,892f5a3625bffff,4716326321,764851982,19.3659,0.002478,athlete
892f5a3750bffff,892f5a37087ffff,4716326321,5109258744,18.11,0.021874,athlete
892f5a3750bffff,892f5a37097ffff,4716326321,1097931942,18.2216,0.019383,athlete
892f5a3750bffff,892f5a370a3ffff,4716326321,13056197936,18.9198,0.00718,athlete
892f5a3750bffff,892f5a370a7ffff,4716326321,2038377566,17.9656,0.025313,athlete
892f5a3750bffff,892f5a370b3ffff,4716326321,5091968417,12.1376,0.335253,athlete
892f5a3750bffff,892f5a370b7ffff,4716326321,1135820964,14.6792,0.164706,athlete
892f5a3750bffff,892f5a370bbffff,4716326321,5091969121,16.7825,0.062509,athlete
892f5a3750bffff,892f5a37193ffff,4716326321,7865126998,18.6959,0.010455,athlete
892f5a3750bffff,892f5a3719bffff,4716326321,1942852587,17.6867,0.032648,athlete
892f5a3750bffff,892f5a371d3ffff,4716326321,660528224,19.7675,0.000333,athlete
892f5a3750bffff,892f5a371d7ffff,4716326321,1127244247,19.3997,0.002221,athlete
892f5a3750bffff,892f5a37427ffff,4716326321,7947429975,15.8575,0.102171,athlete
892f5a3750bffff,892f5a3742fffff,4716326321,2196826810,17.8536,0.028151,athlete
892f5a3750bffff,892f5a37433ffff,4716326321,9775221793,19.1847,0.004095,athlete
892f5a3750bffff,892f5a37437ffff,4716326321,6240815386,14.4857,0.176131,athlete
892f5a3750bffff,892f5a374afffff,4716326321,475368981,19.6929,0.000582,athlete
892f5a3750bffff,892f5a37503ffff,4716326321,6237227412,7.5492,0.687768,athlete
892f5a3750bffff,892f5a37507ffff,4716326321,9933084480,10.756,0.440761,athlete
892f5a3750bffff,892f5a3750bffff,4716326321,4716326321,0.8274,0.995783,athlete
892f5a3750bffff,892f5a3750fffff,4716326321,472360248,6.1312,0.785492,athlete
892f5a3750bffff,892f5a37513ffff,4716326321,11538316379,10.5179,0.459367,athlete
892f5a3750bffff,892f5a37517ffff,4716326321,6283520292,13.646,0.229042,athlete
892f5a3750bffff,892f5a3751bffff,4716326321,4716623608,6.3609,0.770498,athlete
892f5a3750bffff,892f5a37527ffff,4716326321,9602267747,19.7876,0.000278,athlete
892f5a3750bffff,892f5a3752bffff,4716326321,472360457,13.8811,0.213716,athlete
892f5a3750bffff,892f5a3752fffff,4716326321,10293242124,15.6228,0.113605,athlete
892f5a3750bffff,892f5a37533ffff,4716326321,9954179094,15.5213,0.118711,athlete
892f5a3750bffff,892f5a37537ffff,4716326321,5495728727,18.5607,0.012724,athlete
892f5a3750bffff,892f5a3753bffff,4716326321,1094547495,10.8996,0.42958,athlete
892f5a3750bffff,892f5a37543ffff,4716326321,1097906783,8.4204,0.622792,athlete
892f5a3750bffff,892f5a37547ffff,4716326321,7966410040,4.4534,0.88257,athlete
892f5a3750bffff,892f5a3754bffff,4716326321,1097906906,12.5348,0.306135,athlete
892f5a3750bffff,892f5a3754fffff,4716326321,8908901051,8.6893,0.60222,athlete
892f5a3750bffff,892f5a37553ffff,4716326321,472382750,10.2146,0.483148,athlete
892f5a3750bffff,892f5a37557ffff,4716326321,2704049830,5.0657,0.849887,athlete
892f5a3750bffff,892f5a3755bffff,4716326321,1097906786,14.1159,0.198794,athlete
892f5a3750bffff,892f5a37563ffff,4716326321,6326922164,10.6591,0.448327,athlete
892f5a3750bffff,892f5a37567ffff,4716326321,2865895571,14.079,0.201112,athlete
892f5a3750bffff,892f5a3756bffff,4716326321,1127244318,13.3692,0.247564,athlete
892f5a3750bffff,892f5a3756fffff,4716326321,1127244105,15.2763,0.131439,athlete
892f5a3750bffff,892f5a37573ffff,4716326321,472382641,5.9027,0.800041,athlete
892f5a3750bffff,892f5a37577ffff,4716326321,1706684673,9.4429,0.543695,athlete
892f5a3750bffff,892f5a3757bffff,4716326321,1135821090,9.7271,0.521425,athlete
892f5a3750bffff,892f5a3758bffff,4716326321,6281439102,17.0528,0.052631,athlete
892f5a3750bffff,892f5a3758fffff,4716326321,13736742284,16.5214,0.072804,athlete
892f5a3750bffff,892f5a375abffff,4716326321,582802728,15.5687,0.116317,athlete
892f5a3750bffff,892f5a375afffff,4716326321,5506743143,19.1252,0.004713,athlete
892f5a3750bffff,892f5a375bbffff,4716326321,472359980,18.8007,0.008846,athlete
892f5a3750bffff,892f5a375c3ffff,4716326321,472447266,13.7174,0.224347,athlete
892f5a3750bffff,892f5a375c7ffff,4716326321,1664033852,11.6204,0.374105,athlete
892f5a3750bffff,892f5a375cbffff,4716326321,2649421029,11.8704,0.355204,athlete
892f5a3750bffff,892f5a375cfffff,4716326321,472382799,9.1853,0.563813,athlete
892f5a3750bffff,892f5a375d7ffff,4716326321,472447132,17.5276,0.037234,athlete
892f5a3750bffff,892f5a375dbffff,4716326321,475368843,18.8596,0.008001,athlete
892f5a3750fffff,892f5a36253ffff,472360248,11512438978,17.851,0.028219,athlete
892f5a3750fffff,892f5a3625bffff,472360248,764851982,15.1189,0.139908,athlete
892f5a3750fffff,892f5a362cbffff,472360248,472359869,17.9448,0.025828,athlete
892f5a3750fffff,892f5a362dbffff,472360248,471978558,18.5222,0.01341,athlete
892f5a3750fffff,892f5a370a3ffff,472360248,13056197936,19.1753,0.00419,athlete
892f5a3750fffff,892f5a370a7ffff,472360248,2038377566,16.9454,0.056461,athlete
892f5a3750fffff,892f5a370b3ffff,472360248,5091968417,16.2996,0.082115,athlete
892f5a3750fffff,892f5a370b7ffff,472360248,1135820964,17.4157,0.040635,athlete
892f5a3750fffff,892f5a37183ffff,472360248,771032173,17.7848,0.029965,athlete
892f5a3750fffff,892f5a3718bffff,472360248,666930532,19.8601,0.000121,athlete
892f5a3750fffff,892f5a37193ffff,472360248,7865126998,14.6177,0.1683,athlete
892f5a3750fffff,892f5a37197ffff,472360248,839607167,17.8877,0.027271,athlete
892f5a3750fffff,892f5a3719bffff,472360248,1942852587,14.8808,0.153128,athlete
892f5a3750fffff,892f5a371d3ffff,472360248,660528224,18.0906,0.022321,athlete
892f5a3750fffff,892f5a371d7ffff,472360248,1127244247,17.5076,0.037832,athlete
892f5a3750fffff,892f5a37437ffff,472360248,6240815386,18.6477,0.011238,athlete
892f5a3750fffff,892f5a37503ffff,472360248,6237227412,5.2763,0.837881,athlete
892f5a3750fffff,892f5a37507ffff,472360248,9933084480,6.2668,0.776688,athlete
892f5a3750fffff,892f5a3750bffff,472360248,4716326321,6.0249,0.792311,athlete
892f5a3750fffff,892f5a3750fffff,472360248,472360248,0.6655,0.99727,athlete
892f5a3750fffff,892f5a37513ffff,472360248,11538316379,11.3942,0.391374,athlete
892f5a3750fffff,892f5a37517ffff,472360248,6283520292,11.2937,0.399091,athlete
892f5a3750fffff,892f5a3751bffff,472360248,4716623608,10.8996,0.429578,athlete
892f5a3750fffff,892f5a37527ffff,472360248,9602267747,15.5405,0.117737,athlete
892f5a3750fffff,892f5a3752bffff,472360248,472360457,9.8029,0.515475,athlete
892f5a3750fffff,892f5a3752fffff,472360248,10293242124,11.3757,0.392789,athlete
892f5a3750fffff,892f5a37533ffff,472360248,9954179094,10.4583,0.464035,athlete
892f5a3750fffff,892f5a37537ffff,472360248,5495728727,13.095,0.26638,athlete
892f5a3750fffff,892f5a3753bffff,472360248,1094547495,6.5823,0.755717,athlete
892f5a3750fffff,892f5a37543ffff,472360248,1097906783,12.5824,0.302695,athlete
892f5a3750fffff,892f5a37547ffff,472360248,7966410040,8.6154,0.607891,athlete
892f5a3750fffff,892f5a3754bffff,472360248,1097906906,16.6968,0.065808,athlete
892f5a3750fffff,892f5a3754fffff,472360248,8908901051,12.8513,0.283475,athlete
892f5a3750fffff,892f5a37553ffff,472360248,472382750,14.3766,0.182706,athlete
892f5a3750fffff,892f5a37557ffff,472360248,2704049830,9.2277,0.560509,athlete
892f5a3750fffff,892f5a3755bffff,472360248,1097906786,18.2779,0.018183,athlete
892f5a3750fffff,892f5a37563ffff,472360248,6326922164,8.7792,0.595295,athlete
892f5a3750fffff,892f5a37567ffff,472360248,2865895571,10.6028,0.452725,athlete
892f5a3750fffff,892f5a3756bffff,472360248,1127244318,12.349,0.31967,athlete
892f5a3750fffff,892f5a3756fffff,472360248,1127244105,13.3302,0.25021,athlete
892f5a3750fffff,892f5a37573ffff,472360248,472382641,5.1631,0.844381,athlete
892f5a3750fffff,892f5a37577ffff,472360248,1706684673,5.9668,0.795999,athlete
892f5a3750fffff,892f5a3757bffff,472360248,1135821090,9.5108,0.538382,athlete
892f5a3750fffff,892f5a37587ffff,472360248,475770391,18.539,0.013109,athlete
892f5a3750fffff,892f5a3758bffff,472360248,6281439102,17.9428,0.025879,athlete
892f5a3750fffff,892f5a3758fffff,472360248,13736742284,14.5727,0.170955,athlete
892f5a3750fffff,892f5a375a3ffff,472360248,9954223273,19.5354,0.001331,athlete
892f5a3750fffff,892f5a375a7ffff,472360248,2327217335,18.5776,0.012428,athlete
892f5a3750fffff,892f5a375abffff,472360248,582802728,10.103,0.491914,athlete
892f5a3750fffff,892f5a375afffff,472360248,5506743143,13.6595,0.228154,athlete
892f5a3750fffff,892f5a375bbffff,472360248,472359980,15.7668,0.106525,athlete
892f5a3750fffff,892f5a375c3ffff,472360248,472447266,18.1566,0.020816,athlete
892f5a3750fffff,892f5a375c7ffff,472360248,1664033852,13.9322,0.210433,athlete
892f5a3750fffff,892f5a375cbffff,472360248,2649421029,16.0324,0.094002,athlete
892f5a3750fffff,892f5a375cfffff,472360248,472382799,13.6244,0.230469,athlete
892f5a3750fffff,892f5a375d7ffff,472360248,472447132,18.9345,0.006986,athlete
892f5a37513ffff,892f5a362cbffff,11538316379,472359869,19.415,0.002109,athlete
892f5a37513ffff,892f5a362dbffff,11538316379,471978558,19.9742,4e-06,athlete
892f5a37513ffff,892f5a3664bffff,11538316379,8364977378,18.2408,0.018969,athlete
892f5a37513ffff,892f5a3665bffff,11538316379,475768206,19.6821,0.000623,athlete
892f5a37513ffff,892f5a37427ffff,11538316379,7947429975,19.0044,0.006102,athlete
892f5a37513ffff,892f5a37437ffff,11538316379,6240815386,16.7838,0.06246,athlete
892f5a37513ffff,892f5a374a7ffff,11538316379,9791542150,17.6391,0.03399,athlete
892f5a37513ffff,892f5a374afffff,11538316379,475368981,19.4655,0.001761,athlete
892f5a37513ffff,892f5a37503ffff,11538316379,6237227412,6.4629,0.763729,athlete
892f5a37513ffff,892f5a37507ffff,11538316379,9933084480,8.6147,0.607942,athlete
892f5a37513ffff,892f5a3750bffff,11538316379,4716326321,9.9997,0.500026,athlete
892f5a37513ffff,892f5a3750fffff,11538316379,472360248,10.1962,0.484594,athlete
892f5a37513ffff,892f5a37513ffff,11538316379,11538316379,0.0257,0.999996,athlete
892f5a37513ffff,892f5a37517ffff,11538316379,6283520292,5.5281,0.823041,athlete
892f5a37513ffff,892f5a3751bffff,11538316379,4716623608,6.2382,0.778556,athlete
892f5a37513ffff,892f5a3752bffff,11538316379,472360457,19.3336,0.002737,athlete
892f5a37513ffff,892f5a37533ffff,11538316379,9954179094,12.7584,0.290068,athlete
892f5a37513ffff,892f5a37537ffff,11538316379,5495728727,14.7868,0.158485,athlete
892f5a37513ffff,892f5a3753bffff,11538316379,1094547495,14.2631,0.189644,athlete
892f5a37513ffff,892f5a37543ffff,11538316379,1097906783,14.6642,0.165579,athlete
892f5a37513ffff,892f5a37547ffff,11538316379,7966410040,13.5374,0.23625,athlete
892f5a37513ffff,892f5a3754bffff,11538316379,1097906906,18.1475,0.021021,athlete
892f5a37513ffff,892f5a3754fffff,11538316379,8908901051,17.7733,0.030275,athlete
892f5a37513ffff,892f5a37553ffff,11538316379,472382750,14.9345,0.150105,athlete
892f5a37513ffff,892f5a37557ffff,11538316379,2704049830,11.3145,0.397492,athlete
892f5a37513ffff,892f5a3755bffff,11538316379,1097906786,18.6142,0.0118,athlete
892f5a37513ffff,892f5a37563ffff,11538316379,6326922164,17.0563,0.052505,athlete
892f5a37513ffff,892f5a37573ffff,11538316379,472382641,13.235,0.256716,athlete
892f5a37513ffff,892f5a37577ffff,11538316379,1706684673,15.4974,0.119928,athlete
892f5a37513ffff,892f5a3757bffff,11538316379,1135821090,17.5828,0.035612,athlete
892f5a37513ffff,892f5a37583ffff,11538316379,1813858066,10.7102,0.444336,athlete
892f5a37513ffff,892f5a37587ffff,11538316379,475770391,12.2147,0.329544,athlete
892f5a37513ffff,892f5a3758bffff,11538316379,6281439102,7.1743,0.714711,athlete
892f5a37513ffff,892f5a3758fffff,11538316379,13736742284,6.0748,0.789118,athlete
892f5a37513ffff,892f5a37593ffff,11538316379,255996108,16.8768,0.058972,athlete
892f5a37513ffff,892f5a37597ffff,11538316379,13140663722,17.4944,0.03823,athlete
892f5a37513ffff,892f5a3759bffff,11538316379,255995938,12.3438,0.320049,athlete
892f5a37513ffff,892f5a375a7ffff,11538316379,2327217335,18.0039,0.024377,athlete
892f5a37513ffff,892f5a375abffff,11538316379,582802728,9.3841,0.548296,athlete
892f5a37513ffff,892f5a375afffff,11538316379,5506743143,13.1042,0.265741,athlete
892f5a37513ffff,892f5a375b3ffff,11538316379,475758058,16.4329,0.076459,athlete
892f5a37513ffff,892f5a375bbffff,11538316379,472359980,11.1739,0.408327,athlete
892f5a37513ffff,892f5a375c3ffff,11538316379,472447266,10.9087,0.428876,athlete
892f5a37513ffff,892f5a375c7ffff,11538316379,1664033852,5.7796,0.807717,athlete
892f5a37513ffff,892f5a375cbffff,11538316379,2649421029,13.7884,0.219709,athlete
892f5a37513ffff,892f5a375cfffff,11538316379,472382799,9.165,0.565391,athlete
892f5a37513ffff,892f5a375d3ffff,11538316379,4717672327,13.3193,0.250952,athlete
892f5a37513ffff,892f5a375d7ffff,11538316379,472447132,9.0531,0.574095,athlete
892f5a37513ffff,892f5a375dbffff,11538316379,475368843,17.1633,0.048822,athlete
892f5a37513ffff,892f5aadb2fffff,11538316379,5180913963,17.4778,0.038729,athlete
892f5a37513ffff,892f5aadb63ffff,11538316379,2375772172,17.4281,0.040249,athlete
892f5a37513ffff,892f5aadb67ffff,11538316379,305443506,15.8505,0.102505,athlete
892f5a37513ffff,892f5aadb6bffff,11538316379,472447041,15.2102,0.134967,athlete
892f5a37513ffff,892f5aadb6fffff,11538316379,5422306027,12.0627,0.340816,athlete
892f5a37513ffff,892f5aadb77ffff,11538316379,2377135303,19.7546,0.000371,athlete
892f5a37513ffff,892f5aadb7bffff,11538316379,5025536627,19.5251,0.001391,athlete
892f5a37517ffff,892f5a36253ffff,6283520292,11512438978,19.8397,0.000158,athlete
892f5a37517ffff,892f5a362c3ffff,6283520292,7946433661,18.3966,0.015774,athlete
892f5a37517ffff,892f5a362cbffff,6283520292,472359869,14.9889,0.147062,athlete
892f5a37517ffff,892f5a362cfffff,6283520292,2095799546,19.7492,0.000388,athlete
892f5a37517ffff,892f5a362d3ffff,6283520292,471978645,18.5896,0.012221,athlete
892f5a37517ffff,892f5a362dbffff,6283520292,471978558,14.8386,0.155525,athlete
892f5a37517ffff,892f5a3664bffff,6283520292,8364977378,15.5794,0.115779,athlete
892f5a37517ffff,892f5a3664fffff,6283520292,475762598,16.6441,0.067876,athlete
892f5a37517ffff,892f5a3665bffff,6283520292,475768206,18.3877,0.015949,athlete
892f5a37517ffff,892f5a37503ffff,6283520292,6237227412,6.1568,0.783843,athlete
892f5a37517ffff,892f5a37507ffff,6283520292,9933084480,5.1591,0.844611,athlete
892f5a37517ffff,892f5a3750bffff,6283520292,4716326321,12.0419,0.342365,athlete
892f5a37517ffff,892f5a3750fffff,6283520292,472360248,9.877,0.50966,athlete
892f5a37517ffff,892f5a37513ffff,6283520292,11538316379,4.387,0.885904,athlete
892f5a37517ffff,892f5a37517ffff,6283520292,6283520292,0.1824,0.999795,athlete
892f5a37517ffff,892f5a3751bffff,6283520292,4716623608,10.1308,0.489731,athlete
892f5a37517ffff,892f5a37527ffff,6283520292,9602267747,17.3585,0.042427,athlete
892f5a37517ffff,892f5a3752bffff,6283520292,472360457,16.2609,0.08379,athlete
892f5a37517ffff,892f5a3752fffff,6283520292,10293242124,17.7385,0.031216,athlete
892f5a37517ffff,892f5a37533ffff,6283520292,9954179094,8.3323,0.629485,athlete
892f5a37517ffff,892f5a37537ffff,6283520292,5495728727,10.3607,0.471689,athlete
892f5a37517ffff,892f5a3753bffff,6283520292,1094547495,10.9644,0.424547,athlete
892f5a37517ffff,892f5a37543ffff,6283520292,1097906783,18.5568,0.012794,athlete
892f5a37517ffff,892f5a37547ffff,6283520292,7966410040,15.5936,0.115066,athlete
892f5a37517ffff,892f5a3754fffff,6283520292,8908901051,19.8294,0.000179,athlete
892f5a37517ffff,892f5a37553ffff,6283520292,472382750,18.7886,0.009024,athlete
892f5a37517ffff,892f5a37557ffff,6283520292,2704049830,15.2071,0.135136,athlete
892f5a37517ffff,892f5a37563ffff,6283520292,6326922164,16.7744,0.062817,athlete
892f5a37517ffff,892f5a37567ffff,6283520292,2865895571,18.8699,0.007858,athlete
892f5a37517ffff,892f5a37573ffff,6283520292,472382641,12.9378,0.277371,athlete
892f5a37517ffff,892f5a37577ffff,6283520292,1706684673,14.2338,0.191451,athlete
892f5a37517ffff,892f5a3757bffff,6283520292,1135821090,17.2855,0.044768,athlete
892f5a37517ffff,892f5a37583ffff,6283520292,1813858066,14.1219,0.198417,athlete
892f5a37517ffff,892f5a37587ffff,6283520292,475770391,9.6779,0.525283,athlete
892f5a37517ffff,892f5a3758bffff,6283520292,6281439102,10.9322,0.427044,athlete
892f5a37517ffff,892f5a3758fffff,6283520292,13736742284,7.1795,0.714346,athlete
892f5a37517ffff,892f5a37597ffff,6283520292,13140663722,14.8329,0.155847,athlete
892f5a37517ffff,892f5a3759bffff,6283520292,255995938,16.1017,0.09085,athlete
892f5a37517ffff,892f5a375a3ffff,6283520292,9954223273,16.1755,0.087544,athlete
892f5a37517ffff,892f5a375a7ffff,6283520292,2327217335,13.0046,0.272685,athlete
892f5a37517ffff,892f5a375abffff,6283520292,582802728,4.5105,0.879664,athlete
892f5a37517ffff,892f5a375afffff,6283520292,5506743143,8.4391,0.62137,athlete
892f5a37517ffff,892f5a375b3ffff,6283520292,475758058,12.768,0.289389,athlete
892f5a37517ffff,892f5a375b7ffff,6283520292,2890576069,17.9743,0.025099,athlete
892f5a37517ffff,892f5a375bbffff,6283520292,472359980,6.1733,0.782774,athlete
892f5a37517ffff,892f5a375c3ffff,6283520292,472447266,14.6738,0.165019,athlete
892f5a37517ffff,892f5a375c7ffff,6283520292,1664033852,9.5448,0.535724,athlete
892f5a37517ffff,892f5a375cbffff,6283520292,2649421029,17.6426,0.03389,athlete
892f5a37517ffff,892f5a375cfffff,6283520292,472382799,13.0192,0.271662,athlete
892f5a37517ffff,892f5a375d3ffff,6283520292,4717672327,17.0845,0.051523,athlete
892f5a37517ffff,892f5a375d7ffff,6283520292,472447132,12.811,0.28633,athlete
892f5a37517ffff,892f5aadb67ffff,6283520292,305443506,19.6084,0.000946,athlete
892f5a37517ffff,892f5aadb6bffff,6283520292,472447041,18.9681,0.006554,athlete
892f5a37517ffff,892f5aadb6fffff,6283520292,5422306027,15.8206,0.103934,athlete
892f5a3751bffff,892f5a37087ffff,4716623608,5109258744,18.8719,0.007829,athlete
892f5a3751bffff,892f5a37097ffff,4716623608,1097931942,17.9118,0.026657,athlete
892f5a3751bffff,892f5a370b3ffff,4716623608,5091968417,16.1515,0.088615,athlete
892f5a3751bffff,892f5a370b7ffff,4716623608,1135820964,18.693,0.0105,athlete
892f5a3751bffff,892f5a37423ffff,4716623608,475369332,19.7919,0.000267,athlete
892f5a3751bffff,892f5a37427ffff,4716623608,7947429975,15.296,0.130397,athlete
892f5a3751bffff,892f5a3742fffff,4716623608,2196826810,17.2953,0.044451,athlete
892f5a3751bffff,892f5a37433ffff,4716623608,9775221793,17.9408,0.02593,athlete
892f5a3751bffff,892f5a37437ffff,4716623608,6240815386,13.6594,0.22816,athlete
892f5a3751bffff,892f5a374a7ffff,4716623608,9791542150,15.765,0.106612,athlete
892f5a3751bffff,892f5a374afffff,4716623608,475368981,16.341,0.080335,athlete
892f5a3751bffff,892f5a37503ffff,4716623608,6237227412,8.6925,0.601973,athlete
892f5a3751bffff,892f5a37507ffff,4716623608,9933084480,11.4869,0.384274,athlete
892f5a3751bffff,892f5a3750bffff,4716623608,4716326321,5.566,0.820767,athlete
892f5a3751bffff,892f5a3750fffff,4716623608,472360248,10.8698,0.431895,athlete
892f5a3751bffff,892f5a37513ffff,4716623608,11538316379,6.5901,0.755193,athlete
892f5a3751bffff,892f5a37517ffff,4716623608,6283520292,11.6234,0.373877,athlete
892f5a3751bffff,892f5a3751bffff,4716623608,4716623608,0.3021,0.999437,athlete
892f5a3751bffff,892f5a3752bffff,4716623608,472360457,18.5233,0.013391,athlete
892f5a3751bffff,892f5a37533ffff,4716623608,9954179094,16.2326,0.085026,athlete
892f5a3751bffff,892f5a37537ffff,4716623608,5495728727,19.5293,0.001366,athlete
892f5a3751bffff,892f5a3753bffff,4716623608,1094547495,15.6382,0.112837,athlete
892f5a3751bffff,892f5a37543ffff,4716623608,1097906783,9.0035,0.577944,athlete
892f5a3751bffff,892f5a37547ffff,4716623608,7966410040,8.4673,0.619219,athlete
892f5a3751bffff,892f5a3754bffff,4716623608,1097906906,12.4868,0.309618,athlete
892f5a3751bffff,892f5a3754fffff,4716623608,8908901051,12.7032,0.294017,athlete
892f5a3751bffff,892f5a37553ffff,4716623608,472382750,9.6912,0.524241,athlete
892f5a3751bffff,892f5a37557ffff,4716623608,2704049830,5.6538,0.815443,athlete
892f5a3751bffff,892f5a3755bffff,4716623608,1097906786,13.6631,0.227916,athlete
892f5a3751bffff,892f5a37563ffff,4716623608,6326922164,15.2238,0.13424,athlete
892f5a3751bffff,892f5a37567ffff,4716623608,2865895571,18.7212,0.010053,athlete
892f5a3751bffff,892f5a3756bffff,4716623608,1127244318,17.6946,0.032429,athlete
892f5a3751bffff,892f5a3756fffff,4716623608,1127244105,19.7494,0.000387,athlete
892f5a3751bffff,892f5a37573ffff,4716623608,472382641,10.2281,0.482092,athlete
892f5a3751bffff,892f5a37577ffff,4716623608,1706684673,14.0852,0.200721,athlete
892f5a3751bffff,892f5a3757bffff,4716623608,1135821090,13.741,0.222802,athlete
892f5a3751bffff,892f5a37583ffff,4716623608,1813858066,16.3428,0.08026,athlete
892f5a3751bffff,892f5a37587ffff,4716623608,475770391,18.049,0.023297,athlete
892f5a3751bffff,892f5a3758bffff,4716623608,6281439102,12.6767,0.295912,athlete
892f5a3751bffff,892f5a3758fffff,4716623608,13736742284,12.1454,0.334675,athlete
892f5a3751bffff,892f5a3759bffff,4716623608,255995938,17.4038,0.041003,athlete
892f5a3751bffff,892f5a375abffff,4716623608,582802728,15.4794,0.120851,athlete
892f5a3751bffff,892f5a375afffff,4716623608,5506743143,19.1995,0.003948,athlete
892f5a3751bffff,892f5a375bbffff,4716623608,472359980,17.0081,0.054208,athlete
892f5a3751bffff,892f5a375c3ffff,4716623608,472447266,7.9506,0.658191,athlete
892f5a3751bffff,892f5a375c7ffff,4716623608,1664033852,6.0064,0.793488,athlete
892f5a3751bffff,892f5a375cbffff,4716623608,2649421029,10.5383,0.45777,athlete
892f5a3751bffff,892f5a375cfffff,4716623608,472382799,5.6413,0.816205,athlete
892f5a3751bffff,892f5a375d3ffff,4716623608,4717672327,14.4837,0.176251,athlete
892f5a3751bffff,892f5a375d7ffff,4716623608,472447132,11.9463,0.349505,athlete
892f5a3751bffff,892f5a375dbffff,4716623608,475368843,14.0388,0.203646,athlete
892f5a3751bffff,892f5aadb6bffff,4716623608,472447041,18.3894,0.015917,athlete
892f5a3751bffff,892f5aadb6fffff,4716623608,5422306027,16.654,0.067487,athlete
892f5a37523ffff,892f5a37523ffff,1947574787,1947574787,0.0328,0.999993,athlete
892f5a37527ffff,892f5a36213ffff,9602267747,1239443735,17.2267,0.046697,athlete
892f5a37527ffff,892f5a3621bffff,9602267747,7878186387,13.0334,0.27067,athlete
892f5a37527ffff,892f5a36243ffff,9602267747,822683298,10.8793,0.431159,athlete
892f5a37527ffff,892f5a36247ffff,9602267747,1942852414,13.6342,0.22982,athlete
892f5a37527ffff,892f5a3624bffff,9602267747,1107512343,13.0642,0.268524,athlete
892f5a37527ffff,892f5a3624fffff,9602267747,1800595808,14.3173,0.186319,athlete
892f5a37527ffff,892f5a36253ffff,9602267747,11512438978,4.8032,0.864313,athlete
892f5a37527ffff,892f5a36257ffff,9602267747,563748914,9.6774,0.525329,athlete
892f5a37527ffff,892f5a3625bffff,9602267747,764851982,7.329,0.703677,athlete
892f5a37527ffff,892f5a3628bffff,9602267747,1239449262,19.4169,0.002096,athlete
892f5a37527ffff,892f5a362c3ffff,9602267747,7946433661,12.5247,0.306867,athlete
892f5a37527ffff,892f5a362c7ffff,9602267747,896901457,13.454,0.241838,athlete
892f5a37527ffff,892f5a362cbffff,9602267747,472359869,5.7579,0.809061,athlete
892f5a37527ffff,892f5a362cfffff,9602267747,2095799546,8.3635,0.627117,athlete
892f5a37527ffff,892f5a362d3ffff,9602267747,471978645,15.265,0.13204,athlete
892f5a37527ffff,892f5a362d7ffff,9602267747,1239449343,18.0321,0.023698,athlete
892f5a37527ffff,892f5a362dbffff,9602267747,471978558,10.9319,0.427073,athlete
892f5a37527ffff,892f5a37183ffff,9602267747,771032173,14.6273,0.167741,athlete
892f5a37527ffff,892f5a37187ffff,9602267747,798894742,14.4237,0.179856,athlete
892f5a37527ffff,892f5a3718bffff,9602267747,666930532,18.7171,0.010118,athlete
892f5a37527ffff,892f5a3718fffff,9602267747,6451601256,19.5417,0.001295,athlete
892f5a37527ffff,892f5a37193ffff,9602267747,7865126998,10.5987,0.453049,athlete
892f5a37527ffff,892f5a37197ffff,9602267747,839607167,11.3915,0.391581,athlete
892f5a37527ffff,892f5a3719bffff,9602267747,1942852587,15.2268,0.134076,athlete
892f5a37527ffff,892f5a371b3ffff,9602267747,659292988,17.3014,0.044252,athlete
892f5a37527ffff,892f5a371d7ffff,9602267747,1127244247,19.8706,0.000103,athlete
892f5a37527ffff,892f5a37507ffff,9602267747,9933084480,16.9085,0.057803,athlete
892f5a37527ffff,892f5a3750fffff,9602267747,472360248,17.2296,0.0466,athlete
892f5a37527ffff,892f5a37527ffff,9602267747,9602267747,0.4598,0.998696,athlete
892f5a37527ffff,892f5a3752bffff,9602267747,472360457,10.7424,0.441823,athlete
892f5a37527ffff,892f5a3752fffff,9602267747,10293242124,6.215,0.780067,athlete
892f5a37527ffff,892f5a37533ffff,9602267747,9954179094,13.7544,0.221925,athlete
892f5a37527ffff,892f5a37537ffff,9602267747,5495728727,9.3714,0.549291,athlete
892f5a37527ffff,892f5a3753bffff,9602267747,1094547495,14.1091,0.199221,athlete
892f5a37527ffff,892f5a37567ffff,9602267747,2865895571,15.4497,0.122373,athlete
892f5a37527ffff,892f5a37577ffff,9602267747,1706684673,16.1529,0.088551,athlete
892f5a37527ffff,892f5a375a7ffff,9602267747,2327217335,14.9155,0.151169,athlete
892f5a37527ffff,892f5a375abffff,9602267747,582802728,17.3165,0.043767,athlete
892f5a37527ffff,892f5a375afffff,9602267747,5506743143,13.7161,0.224435,athlete
892f5a3752bffff,892f5a36243ffff,472360457,822683298,15.9262,0.098926,athlete
892f5a3752bffff,892f5a36247ffff,472360457,1942852414,19.4406,0.001929,athlete
892f5a3752bffff,892f5a3624bffff,472360457,1107512343,15.3934,0.125287,athlete
892f5a3752bffff,892f5a3624fffff,472360457,1800595808,17.5343,0.037037,athlete
892f5a3752bffff,892f5a36253ffff,472360457,11512438978,13.0783,0.267544,athlete
892f5a3752bffff,892f5a36257ffff,472360457,563748914,18.0721,0.022751,athlete
892f5a3752bffff,892f5a3625bffff,472360457,764851982,10.3462,0.472825,athlete
892f5a3752bffff,892f5a362cbffff,472360457,472359869,15.0434,0.144047,athlete
892f5a3752bffff,892f5a362cfffff,472360457,2095799546,17.0571,0.052478,athlete
892f5a3752bffff,892f5a362dbffff,472360457,471978558,19.5118,0.00147,athlete
892f5a3752bffff,892f5a37183ffff,472360457,771032173,10.6427,0.449607,athlete
892f5a3752bffff,892f5a37187ffff,472360457,798894742,13.7889,0.219682,athlete
892f5a3752bffff,892f5a3718bffff,472360457,666930532,14.1301,0.197903,athlete
892f5a3752bffff,892f5a3718fffff,472360457,6451601256,16.8219,0.061021,athlete
892f5a3752bffff,892f5a37193ffff,472360457,7865126998,6.5319,0.759108,athlete
892f5a3752bffff,892f5a37197ffff,472360457,839607167,11.4887,0.384141,athlete
892f5a3752bffff,892f5a3719bffff,472360457,1942852587,8.943,0.582638,athlete
892f5a3752bffff,892f5a371b3ffff,472360457,659292988,17.8026,0.02949,athlete
892f5a3752bffff,892f5a371c3ffff,472360457,581881619,17.3325,0.043253,athlete
892f5a3752bffff,892f5a371c7ffff,472360457,6383742435,17.1301,0.04995,athlete
892f5a3752bffff,892f5a371d3ffff,472360457,660528224,18.2453,0.018872,athlete
892f5a3752bffff,892f5a371d7ffff,472360457,1127244247,14.4334,0.179269,athlete
892f5a3752bffff,892f5a37503ffff,472360457,6237227412,15.8069,0.104591,athlete
892f5a3752bffff,892f5a37507ffff,472360457,9933084480,13.3417,0.249434,athlete
892f5a3752bffff,892f5a3750bffff,472360457,4716326321,15.5223,0.118664,athlete
892f5a3752bffff,892f5a3750fffff,472360457,472360248,11.1961,0.406608,athlete
892f5a3752bffff,892f5a37517ffff,472360457,6283520292,18.701,0.010373,athlete
892f5a3752bffff,892f5a37527ffff,472360457,9602267747,11.0525,0.417714,athlete
892f5a3752bffff,892f5a3752bffff,472360457,472360457,0.1973,0.99976,athlete
892f5a3752bffff,892f5a3752fffff,472360457,10293242124,4.9767,0.854844,athlete
892f5a3752bffff,892f5a37533ffff,472360457,9954179094,12.8026,0.286923,athlete
892f5a3752bffff,892f5a37537ffff,472360457,5495728727,17.0871,0.051432,athlete
892f5a3752bffff,892f5a3753bffff,472360457,1094547495,8.1057,0.646594,athlete
892f5a3752bffff,892f5a37547ffff,472360457,7966410040,17.485,0.038513,athlete
892f5a3752bffff,892f5a37557ffff,472360457,2704049830,18.5405,0.013083,athlete
892f5a3752bffff,892f5a37563ffff,472360457,6326922164,12.6117,0.300585,athlete
892f5a3752bffff,892f5a37567ffff,472360457,2865895571,7.9407,0.658928,athlete
892f5a3752bffff,892f5a3756bffff,472360457,1127244318,18.256,0.018644,athlete
892f5a3752bffff,892f5a3756fffff,472360457,1127244105,12.9335,0.27767,athlete
892f5a3752bffff,892f5a37573ffff,472360457,472382641,12.2087,0.329985,athlete
892f5a3752bffff,892f5a37577ffff,472360457,1706684673,8.0641,0.649714,athlete
892f5a3752bffff,892f5a3757bffff,472360457,1135821090,17.2149,0.047089,athlete
892f5a3752bffff,892f5a375abffff,472360457,582802728,17.0145,0.05398,athlete
892f5a3752bffff,892f5a375afffff,472360457,5506743143,17.7844,0.029976,athlete
892f5a3752fffff,892f5a3621bffff,10293242124,7878186387,17.8218,0.028983,athlete
892f5a3752fffff,892f5a36243ffff,10293242124,822683298,11.333,0.396069,athlete
892f5a3752fffff,892f5a36247ffff,10293242124,1942852414,15.129,0.139358,athlete
892f5a3752fffff,892f5a3624bffff,10293242124,1107512343,10.781,0.438818,athlete
892f5a3752fffff,892f5a3624fffff,10293242124,1800595808,12.9411,0.277136,athlete
892f5a3752fffff,892f5a36253ffff,10293242124,11512438978,8.7667,0.596262,athlete
892f5a3752fffff,892f5a36257ffff,10293242124,563748914,13.7605,0.221528,athlete
892f5a3752fffff,892f5a3625bffff,10293242124,764851982,5.8143,0.805568,athlete
892f5a3752fffff,892f5a362c3ffff,10293242124,7946433661,17.8709,0.027703,athlete
892f5a3752fffff,892f5a362c7ffff,10293242124,896901457,18.2935,0.017855,athlete
892f5a3752fffff,892f5a362cbffff,10293242124,472359869,11.1893,0.407134,athlete
892f5a3752fffff,892f5a362cfffff,10293242124,2095799546,13.1519,0.262441,athlete
892f5a3752fffff,892f5a362dbffff,10293242124,471978558,15.6577,0.111869,athlete
892f5a3752fffff,892f5a37113ffff,10293242124,1822152487,19.51,0.00148,athlete
892f5a3752fffff,892f5a37183ffff,10293242124,771032173,9.2947,0.555283,athlete
892f5a3752fffff,892f5a37187ffff,10293242124,798894742,10.852,0.433282,athlete
892f5a3752fffff,892f5a3718bffff,10293242124,666930532,13.3845,0.246527,athlete
892f5a3752fffff,892f5a3718fffff,10293242124,6451601256,15.9098,0.099697,athlete
892f5a3752fffff,892f5a37193ffff,10293242124,7865126998,5.2173,0.841283,athlete
892f5a3752fffff,892f5a37197ffff,10293242124,839607167,6.8763,0.735612,athlete
892f5a3752fffff,892f5a3719bffff,10293242124,1942852587,9.4964,0.539508,athlete
892f5a3752fffff,892f5a371b3ffff,10293242124,659292988,14.8567,0.154496,athlete
892f5a3752fffff,892f5a371bbffff,10293242124,2569654976,17.8955,0.027073,athlete
892f5a3752fffff,892f5a371c3ffff,10293242124,581881619,17.0393,0.053104,athlete
892f5a3752fffff,892f5a371c7ffff,10293242124,6383742435,16.8369,0.060458,athlete
892f5a3752fffff,892f5a371d3ffff,10293242124,660528224,18.9125,0.007277,athlete
892f5a3752fffff,892f5a371d7ffff,10293242124,1127244247,14.1402,0.19727,athlete
892f5a3752fffff,892f5a37503ffff,10293242124,6237227412,17.8351,0.028632,athlete
892f5a3752fffff,892f5a37507ffff,10293242124,9933084480,15.0453,0.143938,athlete
892f5a3752fffff,892f5a3750bffff,10293242124,4716326321,17.7053,0.032131,athlete
892f5a3752fffff,892f5a3750fffff,10293242124,472360248,13.2244,0.257447,athlete
892f5a3752fffff,892f5a37527ffff,10293242124,9602267747,7.1985,0.713,athlete
892f5a3752fffff,892f5a3752bffff,10293242124,472360457,5.1282,0.846362,athlete
892f5a3752fffff,892f5a3752fffff,10293242124,10293242124,0.3643,0.999182,athlete
892f5a3752fffff,892f5a37533ffff,10293242124,9954179094,14.5063,0.174899,athlete
892f5a3752fffff,892f5a37537ffff,10293242124,5495728727,14.0972,0.199963,athlete
892f5a3752fffff,892f5a3753bffff,10293242124,1094547495,10.1038,0.491847,athlete
892f5a3752fffff,892f5a37563ffff,10293242124,6326922164,15.0005,0.146417,athlete
892f5a3752fffff,892f5a37567ffff,10293242124,2865895571,9.8118,0.514776,athlete
892f5a3752fffff,892f5a3756fffff,10293242124,1127244105,14.4516,0.178175,athlete
892f5a3752fffff,892f5a37573ffff,10293242124,472382641,15.809,0.104491,athlete
892f5a3752fffff,892f5a37577ffff,10293242124,1706684673,11.6643,0.37077,athlete
892f5a3752fffff,892f5a3757bffff,10293242124,1135821090,19.6814,0.000626,athlete
892f5a3752fffff,892f5a375a7ffff,10293242124,2327217335,19.6414,0.000793,athlete
892f5a3752fffff,892f5a375abffff,10293242124,582802728,18.7182,0.010101,athlete
892f5a3752fffff,892f5a375afffff,10293242124,5506743143,18.4419,0.0149,athlete
892f5a37533ffff,892f5a36213ffff,9954179094,1239443735,19.6328,0.000831,athlete
892f5a37533ffff,892f5a3621bffff,9954179094,7878186387,18.2349,0.019096,athlete
892f5a37533ffff,892f5a36243ffff,9954179094,822683298,19.8878,7.8e-05,athlete
892f5a37533ffff,892f5a36253ffff,9954179094,11512438978,14.1196,0.19856,athlete
892f5a37533ffff,892f5a36257ffff,9954179094,563748914,17.7696,0.030374,athlete
892f5a37533ffff,892f5a3625bffff,9954179094,764851982,15.466,0.121537,athlete
892f5a37533ffff,892f5a362c3ffff,9954179094,7946433661,12.9581,0.275945,athlete
892f5a37533ffff,892f5a362c7ffff,9954179094,896901457,15.7861,0.105592,athlete
892f5a37533ffff,892f5a362cbffff,9954179094,472359869,9.4904,0.539985,athlete
892f5a37533ffff,892f5a362cfffff,9954179094,2095799546,14.3009,0.187325,athlete
892f5a37533ffff,892f5a362d3ffff,9954179094,471978645,15.0959,0.141163,athlete
892f5a37533ffff,892f5a362d7ffff,9954179094,1239449343,18.6355,0.011441,athlete
892f5a37533ffff,892f5a362dbffff,9954179094,471978558,10.0998,0.492161,athlete
892f5a37533ffff,892f5a3666bffff,9954179094,2199562412,18.8007,0.008846,athlete
892f5a37533ffff,892f5a37193ffff,9954179094,7865126998,15.9434,0.09812,athlete
892f5a37533ffff,892f5a37197ffff,9954179094,839607167,18.9298,0.007048,athlete
892f5a37533ffff,892f5a3719bffff,9954179094,1942852587,18.5112,0.01361,athlete
892f5a37533ffff,892f5a37503ffff,9954179094,6237227412,10.2905,0.477191,athlete
892f5a37533ffff,892f5a37507ffff,9954179094,9933084480,4.8218,0.863311,athlete
892f5a37533ffff,892f5a3750bffff,9954179094,4716326321,14.8782,0.153276,athlete
892f5a37533ffff,892f5a3750fffff,9954179094,472360248,10.134,0.489474,athlete
892f5a37533ffff,892f5a37513ffff,9954179094,11538316379,12.3571,0.319078,athlete
892f5a37533ffff,892f5a37517ffff,9954179094,6283520292,9.0077,0.577622,athlete
892f5a37533ffff,892f5a3751bffff,9954179094,4716623608,16.3062,0.081831,athlete
892f5a37533ffff,892f5a37527ffff,9954179094,9602267747,11.6384,0.372738,athlete
892f5a37533ffff,892f5a3752bffff,9954179094,472360457,10.9402,0.426426,athlete
892f5a37533ffff,892f5a3752fffff,9954179094,10293242124,12.4178,0.314637,athlete
892f5a37533ffff,892f5a37533ffff,9954179094,9954179094,0.3091,0.999411,athlete
892f5a37533ffff,892f5a37537ffff,9954179094,5495728727,4.6405,0.872942,athlete
892f5a37533ffff,892f5a3753bffff,9954179094,1094547495,5.6437,0.816062,athlete
892f5a37533ffff,892f5a37547ffff,9954179094,7966410040,17.617,0.034621,athlete
892f5a37533ffff,892f5a37557ffff,9954179094,2704049830,18.2293,0.019216,athlete
892f5a37533ffff,892f5a37563ffff,9954179094,6326922164,16.5288,0.072503,athlete
892f5a37533ffff,892f5a37567ffff,9954179094,2865895571,14.7324,0.161615,athlete
892f5a37533ffff,892f5a3756fffff,9954179094,1127244105,18.9061,0.007363,athlete
892f5a37533ffff,892f5a37573ffff,9954179094,472382641,14.0517,0.202833,athlete
892f5a37533ffff,892f5a37577ffff,9954179094,1706684673,11.084,0.415273,athlete
892f5a37533ffff,892f5a3757bffff,9954179094,1135821090,18.5125,0.013588,athlete
892f5a37533ffff,892f5a37587ffff,9954179094,475770391,17.5373,0.036948,athlete
892f5a37533ffff,892f5a3758bffff,9954179094,6281439102,18.9022,0.007415,athlete
892f5a37533ffff,892f5a3758fffff,9954179094,13736742284,15.1495,0.138242,athlete
892f5a37533ffff,892f5a375a3ffff,9954179094,9954223273,12.6992,0.294297,athlete
892f5a37533ffff,892f5a375a7ffff,9954179094,2327217335,10.385,0.469783,athlete
892f5a37533ffff,892f5a375abffff,9954179094,582802728,6.2483,0.777898,athlete
892f5a37533ffff,892f5a375afffff,9954179094,5506743143,5.3378,0.834304,athlete
892f5a37533ffff,892f5a375b3ffff,9954179094,475758058,17.7421,0.031121,athlete
892f5a37533ffff,892f5a375b7ffff,9954179094,2890576069,16.9953,0.054663,athlete
892f5a37533ffff,892f5a375bbffff,9954179094,472359980,12.1277,0.335984,athlete
892f5a37533ffff,892f5a375c7ffff,9954179094,1664033852,17.5148,0.037618,athlete
892f5a37537ffff,892f5a36213ffff,5495728727,1239443735,16.3087,0.081721,athlete
892f5a37537ffff,892f5a3621bffff,5495728727,7878186387,14.9108,0.151437,athlete
892f5a37537ffff,892f5a36243ffff,5495728727,822683298,16.3588,0.079581,athlete
892f5a37537ffff,892f5a36247ffff,5495728727,1942852414,19.1137,0.004838,athlete
892f5a37537ffff,892f5a3624bffff,5495728727,1107512343,19.7729,0.000318,athlete
892f5a37537ffff,892f5a36253ffff,5495728727,11512438978,10.5905,0.453687,athlete
892f5a37537ffff,892f5a36257ffff,5495728727,563748914,14.2405,0.191038,athlete
892f5a37537ffff,892f5a3625bffff,5495728727,764851982,14.0377,0.203715,athlete
892f5a37537ffff,892f5a3628bffff,5495728727,1239449262,18.4249,0.015227,athlete
892f5a37537ffff,892f5a3629bffff,5495728727,1304643617,19.7145,0.000503,athlete
892f5a37537ffff,892f5a362c3ffff,5495728727,7946433661,9.74,0.520412,athlete
892f5a37537ffff,892f5a362c7ffff,5495728727,896901457,12.462,0.31142,athlete
892f5a37537ffff,892f5a362cbffff,5495728727,472359869,5.9613,0.796348,athlete
892f5a37537ffff,892f5a362cfffff,5495728727,2095799546,10.9767,0.423587,athlete
892f5a37537ffff,892f5a362d3ffff,5495728727,471978645,11.8779,0.354643,athlete
892f5a37537ffff,892f5a362d7ffff,5495728727,1239449343,15.4175,0.124039,athlete
892f5a37537ffff,892f5a362dbffff,5495728727,471978558,6.8818,0.735227,athlete
892f5a37537ffff,892f5a3666bffff,5495728727,2199562412,16.7849,0.062419,athlete
892f5a37537ffff,892f5a3667bffff,5495728727,978985095,19.5123,0.001467,athlete
892f5a37537ffff,892f5a37193ffff,5495728727,7865126998,17.0728,0.051929,athlete
892f5a37537ffff,892f5a37197ffff,5495728727,839607167,18.1002,0.022099,athlete
892f5a37537ffff,892f5a37503ffff,5495728727,6237227412,14.0375,0.203731,athlete
892f5a37537ffff,892f5a37507ffff,5495728727,9933084480,8.6486,0.605342,athlete
892f5a37537ffff,892f5a3750bffff,5495728727,4716326321,18.3757,0.016188,athlete
892f5a37537ffff,892f5a3750fffff,5495728727,472360248,13.0163,0.271863,athlete
892f5a37537ffff,892f5a37513ffff,5495728727,11538316379,15.1783,0.136684,athlete
892f5a37537ffff,892f5a37517ffff,5495728727,6283520292,11.8289,0.358325,athlete
892f5a37537ffff,892f5a37527ffff,5495728727,9602267747,8.1093,0.646322,athlete
892f5a37537ffff,892f5a3752bffff,5495728727,472360457,16.1256,0.089773,athlete
892f5a37537ffff,892f5a3752fffff,5495728727,10293242124,12.6892,0.295019,athlete
892f5a37537ffff,892f5a37533ffff,5495728727,9954179094,5.4945,0.825051,athlete
892f5a37537ffff,892f5a37537ffff,5495728727,5495728727,1.1115,0.992399,athlete
892f5a37537ffff,892f5a3753bffff,5495728727,1094547495,10.8291,0.435069,athlete
892f5a37537ffff,892f5a37567ffff,5495728727,2865895571,19.8087,0.000226,athlete
892f5a37537ffff,892f5a37573ffff,5495728727,472382641,17.5139,0.037644,athlete
892f5a37537ffff,892f5a37577ffff,5495728727,1706684673,15.1726,0.136991,athlete
892f5a37537ffff,892f5a3758fffff,5495728727,13736742284,17.9708,0.025187,athlete
892f5a37537ffff,892f5a375a3ffff,5495728727,9954223273,15.5205,0.118754,athlete
892f5a37537ffff,892f5a375a7ffff,5495728727,2327217335,8.5716,0.611244,athlete
892f5a37537ffff,892f5a375abffff,5495728727,582802728,9.0695,0.57282,athlete
892f5a37537ffff,892f5a375afffff,5495728727,5506743143,5.7377,0.810307,athlete
892f5a37537ffff,892f5a375b7ffff,5495728727,2890576069,16.0723,0.092178,athlete
892f5a37537ffff,892f5a375bbffff,5495728727,472359980,14.949,0.149293,athlete
892f5a3753bffff,892f5a36243ffff,1094547495,822683298,17.737,0.031257,athlete
892f5a3753bffff,892f5a3624bffff,1094547495,1107512343,17.8922,0.027156,athlete
892f5a3753bffff,892f5a3624fffff,1094547495,1800595808,19.3451,0.002643,athlete
892f5a3753bffff,892f5a36253ffff,1094547495,11512438978,14.8891,0.152656,athlete
892f5a3753bffff,892f5a36257ffff,1094547495,563748914,19.883,8.4e-05,athlete
892f5a3753bffff,892f5a3625bffff,1094547495,764851982,12.157,0.33381,athlete
892f5a3753bffff,892f5a362c3ffff,1094547495,7946433661,18.9774,0.006437,athlete
892f5a3753bffff,892f5a362cbffff,1094547495,472359869,15.5097,0.119303,athlete
892f5a3753bffff,892f5a362cfffff,1094547495,2095799546,18.5833,0.012329,athlete
892f5a3753bffff,892f5a362dbffff,1094547495,471978558,16.1192,0.090062,athlete
892f5a3753bffff,892f5a37183ffff,1094547495,771032173,16.2571,0.083955,athlete
892f5a3753bffff,892f5a37187ffff,1094547495,798894742,19.0003,0.006152,athlete
892f5a3753bffff,892f5a3718bffff,1094547495,666930532,19.6212,0.000885,athlete
892f5a3753bffff,892f5a37193ffff,1094547495,7865126998,12.0382,0.342643,athlete
892f5a3753bffff,892f5a37197ffff,1094547495,839607167,15.0246,0.145085,athlete
892f5a3753bffff,892f5a3719bffff,1094547495,1942852587,14.5573,0.171864,athlete
892f5a3753bffff,892f5a371d3ffff,1094547495,660528224,19.0851,0.005155,athlete
892f5a3753bffff,892f5a371d7ffff,1094547495,1127244247,17.2688,0.045312,athlete
892f5a3753bffff,892f5a37503ffff,1094547495,6237227412,10.4296,0.466287,athlete
892f5a3753bffff,892f5a37507ffff,1094547495,9933084480,6.9144,0.732964,athlete
892f5a3753bffff,892f5a3750bffff,1094547495,4716326321,10.3116,0.475533,athlete
892f5a3753bffff,892f5a3750fffff,1094547495,472360248,5.8188,0.805285,athlete
892f5a3753bffff,892f5a37513ffff,1094547495,11538316379,14.962,0.148565,athlete
892f5a3753bffff,892f5a37517ffff,1094547495,6283520292,12.2737,0.325195,athlete
892f5a3753bffff,892f5a3751bffff,1094547495,4716623608,15.1864,0.136247,athlete
892f5a3753bffff,892f5a37527ffff,1094547495,9602267747,12.5787,0.302962,athlete
892f5a3753bffff,892f5a3752bffff,1094547495,472360457,6.9863,0.727951,athlete
892f5a3753bffff,892f5a3752fffff,1094547495,10293242124,8.5126,0.615761,athlete
892f5a3753bffff,892f5a37533ffff,1094547495,9954179094,6.3787,0.769322,athlete
892f5a3753bffff,892f5a37537ffff,1094547495,5495728727,10.6599,0.448266,athlete
892f5a3753bffff,892f5a3753bffff,1094547495,1094547495,0.8201,0.995857,athlete
892f5a3753bffff,892f5a37543ffff,1094547495,1097906783,16.8692,0.059255,athlete
892f5a3753bffff,892f5a37547ffff,1094547495,7966410040,12.9022,0.279877,athlete
892f5a3753bffff,892f5a3754fffff,1094547495,8908901051,17.138,0.04968,athlete
892f5a3753bffff,892f5a37553ffff,1094547495,472382750,18.6634,0.01098,athlete
892f5a3753bffff,892f5a37557ffff,1094547495,2704049830,13.5145,0.237783,athlete
892f5a3753bffff,892f5a37563ffff,1094547495,6326922164,11.7204,0.366517,athlete
892f5a3753bffff,892f5a37567ffff,1094547495,2865895571,10.2717,0.478665,athlete
892f5a3753bffff,892f5a3756bffff,1094547495,1127244318,15.5632,0.116594,athlete
892f5a3753bffff,892f5a3756fffff,1094547495,1127244105,14.0977,0.199933,athlete
892f5a3753bffff,892f5a37573ffff,1094547495,472382641,9.3368,0.55199,athlete
892f5a3753bffff,892f5a37577ffff,1094547495,1706684673,6.2757,0.776108,athlete
892f5a3753bffff,892f5a3757bffff,1094547495,1135821090,13.7976,0.219114,athlete
892f5a3753bffff,892f5a3758fffff,1094547495,13736742284,17.792,0.029772,athlete
892f5a3753bffff,892f5a375a3ffff,1094547495,9954223273,18.7186,0.010095,athlete
892f5a3753bffff,892f5a375a7ffff,1094547495,2327217335,16.4043,0.077655,athlete
892f5a3753bffff,892f5a375abffff,1094547495,582802728,10.5873,0.453941,athlete
892f5a3753bffff,892f5a375afffff,1094547495,5506743143,11.3572,0.394214,athlete
892f5a3753bffff,892f5a375bbffff,1094547495,472359980,16.3534,0.079809,athlete
892f5a3753bffff,892f5a375c7ffff,1094547495,1664033852,18.7862,0.00906,athlete
892f5a3753bffff,892f5a375cfffff,1094547495,472382799,17.9112,0.026673,athlete
892f5a37543ffff,892f5a37083ffff,1097906783,9605882522,14.1684,0.195511,athlete
892f5a37543ffff,892f5a37087ffff,1097906783,5109258744,11.4455,0.387443,athlete
892f5a37543ffff,892f5a37093ffff,1097906783,3193716070,14.4486,0.178357,athlete
892f5a37543ffff,892f5a37097ffff,1097906783,1097931942,10.7415,0.441896,athlete
892f5a37543ffff,892f5a3709bffff,1097906783,1096527390,18.808,0.008739,athlete
892f5a37543ffff,892f5a370a3ffff,1097906783,13056197936,17.475,0.038816,athlete
892f5a37543ffff,892f5a370a7ffff,1097906783,2038377566,17.4661,0.039086,athlete
892f5a37543ffff,892f5a370b3ffff,1097906783,5091968417,10.3273,0.474308,athlete
892f5a37543ffff,892f5a370b7ffff,1097906783,1135820964,13.2343,0.256766,athlete
892f5a37543ffff,892f5a370bbffff,1097906783,5091969121,13.5343,0.236456,athlete
892f5a37543ffff,892f5a3719bffff,1097906783,1942852587,18.67,0.010872,athlete
892f5a37543ffff,892f5a371d3ffff,1097906783,660528224,19.6258,0.000864,athlete
892f5a37543ffff,892f5a371d7ffff,1097906783,1127244247,19.2784,0.003209,athlete
892f5a37543ffff,892f5a37423ffff,1097906783,475369332,14.6247,0.16789,athlete
892f5a37543ffff,892f5a37427ffff,1097906783,7947429975,8.7615,0.596656,athlete
892f5a37543ffff,892f5a3742bffff,1097906783,6475403603,16.3664,0.079256,athlete
892f5a37543ffff,892f5a3742fffff,1097906783,2196826810,10.5436,0.457358,athlete
892f5a37543ffff,892f5a37433ffff,1097906783,9775221793,18.8147,0.008641,athlete
892f5a37543ffff,892f5a37437ffff,1097906783,6240815386,14.1157,0.198805,athlete
892f5a37543ffff,892f5a3743bffff,1097906783,6475813119,16.9473,0.056392,athlete
892f5a37543ffff,892f5a374afffff,1097906783,475368981,19.3229,0.002825,athlete
892f5a37543ffff,892f5a37503ffff,1097906783,6237227412,15.4984,0.119879,athlete
892f5a37543ffff,892f5a37507ffff,1097906783,9933084480,18.7005,0.01038,athlete
892f5a37543ffff,892f5a3750bffff,1097906783,4716326321,8.9596,0.581351,athlete
892f5a37543ffff,892f5a3750fffff,1097906783,472360248,13.7789,0.220332,athlete
892f5a37543ffff,892f5a37513ffff,1097906783,11538316379,16.5475,0.071743,athlete
892f5a37543ffff,892f5a3751bffff,1097906783,4716623608,10.5096,0.46002,athlete
892f5a37543ffff,892f5a3753bffff,1097906783,1094547495,18.5472,0.012962,athlete
892f5a37543ffff,892f5a37543ffff,1097906783,1097906783,0.6204,0.997627,athlete
892f5a37543ffff,892f5a37547ffff,1097906783,7966410040,4.7334,0.868048,athlete
892f5a37543ffff,892f5a3754bffff,1097906783,1097906906,5.0604,0.850186,athlete
892f5a37543ffff,892f5a3754fffff,1097906783,8908901051,7.2444,0.709729,athlete
892f5a37543ffff,892f5a37553ffff,1097906783,472382750,6.031,0.791918,athlete
892f5a37543ffff,892f5a37557ffff,1097906783,2704049830,6.1291,0.785627,athlete
892f5a37543ffff,892f5a3755bffff,1097906783,1097906786,6.5981,0.754651,athlete
892f5a37543ffff,892f5a37563ffff,1097906783,6326922164,11.5095,0.38255,athlete
892f5a37543ffff,892f5a37567ffff,1097906783,2865895571,15.5026,0.119664,athlete
892f5a37543ffff,892f5a3756bffff,1097906783,1127244318,13.2275,0.257234,athlete
892f5a37543ffff,892f5a3756fffff,1097906783,1127244105,16.0352,0.093874,athlete
892f5a37543ffff,892f5a37573ffff,1097906783,472382641,10.1967,0.484554,athlete
892f5a37543ffff,892f5a37577ffff,1097906783,1706684673,14.9142,0.151241,athlete
892f5a37543ffff,892f5a3757bffff,1097906783,1135821090,8.6129,0.608079,athlete
892f5a37543ffff,892f5a375c3ffff,1097906783,472447266,14.9401,0.149788,athlete
892f5a37543ffff,892f5a375c7ffff,1097906783,1664033852,13.9077,0.212,athlete
892f5a37543ffff,892f5a375cbffff,1097906783,2649421029,11.7809,0.361948,athlete
892f5a37543ffff,892f5a375cfffff,1097906783,472382799,10.408,0.467979,athlete
892f5a37543ffff,892f5a375d7ffff,1097906783,472447132,19.6798,0.000632,athlete
892f5a37543ffff,892f5a375dbffff,1097906783,475368843,18.77,0.009303,athlete
892f5a37547ffff,892f5a37083ffff,7966410040,9605882522,17.9381,0.025998,athlete
892f5a37547ffff,892f5a37087ffff,7966410040,5109258744,14.1505,0.196631,athlete
892f5a37547ffff,892f5a37093ffff,7966410040,3193716070,18.3905,0.015895,athlete
892f5a37547ffff,892f5a37097ffff,7966410040,1097931942,14.6834,0.16446,athlete
892f5a37547ffff,892f5a370a3ffff,7966410040,13056197936,14.9603,0.148657,athlete
892f5a37547ffff,892f5a370a7ffff,7966410040,2038377566,14.9383,0.149889,athlete
892f5a37547ffff,892f5a370b3ffff,7966410040,5091968417,8.178,0.64115,athlete
892f5a37547ffff,892f5a370b7ffff,7966410040,1135820964,10.7196,0.4436,athlete
892f5a37547ffff,892f5a370bbffff,7966410040,5091969121,12.823,0.285476,athlete
892f5a37547ffff,892f5a37183ffff,7966410040,771032173,19.5185,0.001429,athlete
892f5a37547ffff,892f5a37193ffff,7966410040,7865126998,18.2039,0.019767,athlete
892f5a37547ffff,892f5a3719bffff,7966410040,1942852587,16.1422,0.089027,athlete
892f5a37547ffff,892f5a371c3ffff,7966410040,581881619,19.9825,2e-06,athlete
892f5a37547ffff,892f5a371d3ffff,7966410040,660528224,17.098,0.051055,athlete
892f5a37547ffff,892f5a371d7ffff,7966410040,1127244247,16.7506,0.06373,athlete
892f5a37547ffff,892f5a37423ffff,7966410040,475369332,18.8865,0.007629,athlete
892f5a37547ffff,892f5a37427ffff,7966410040,7947429975,13.0233,0.271375,athlete
892f5a37547ffff,892f5a3742fffff,7966410040,2196826810,14.8054,0.157419,athlete
892f5a37547ffff,892f5a37437ffff,7966410040,6240815386,17.6541,0.033564,athlete
892f5a37547ffff,892f5a37503ffff,7966410040,6237227412,12.0767,0.339777,athlete
892f5a37547ffff,892f5a37507ffff,7966410040,9933084480,15.1,0.140938,athlete
892f5a37547ffff,892f5a3750bffff,7966410040,4716326321,5.6718,0.814347,athlete
892f5a37547ffff,892f5a3750fffff,7966410040,472360248,10.0395,0.496901,athlete
892f5a37547ffff,892f5a37513ffff,7966410040,11538316379,15.3624,0.126905,athlete
892f5a37547ffff,892f5a37517ffff,7966410040,6283520292,18.4905,0.013991,athlete
892f5a37547ffff,892f5a3751bffff,7966410040,4716623608,10.5466,0.457125,athlete
892f5a37547ffff,892f5a3752bffff,7966410040,472360457,17.3101,0.043973,athlete
892f5a37547ffff,892f5a3752fffff,7966410040,10293242124,19.3807,0.002364,athlete
892f5a37547ffff,892f5a37533ffff,7966410040,9954179094,19.8322,0.000174,athlete
892f5a37547ffff,892f5a3753bffff,7966410040,1094547495,14.8078,0.157279,athlete
892f5a37547ffff,892f5a37543ffff,7966410040,1097906783,4.8822,0.860034,athlete
892f5a37547ffff,892f5a37547ffff,7966410040,7966410040,0.032,0.999994,athlete
892f5a37547ffff,892f5a3754bffff,7966410040,1097906906,8.9966,0.57848,athlete
892f5a37547ffff,892f5a3754fffff,7966410040,8908901051,4.7297,0.868239,athlete
892f5a37547ffff,892f5a37553ffff,7966410040,472382750,10.1707,0.486595,athlete
892f5a37547ffff,892f5a37557ffff,7966410040,2704049830,8.0506,0.650721,athlete
892f5a37547ffff,892f5a3755bffff,7966410040,1097906786,10.8598,0.432673,athlete
892f5a37547ffff,892f5a37563ffff,7966410040,6326922164,8.9817,0.579633,athlete
892f5a37547ffff,892f5a37567ffff,7966410040,2865895571,12.9748,0.274767,athlete
892f5a37547ffff,892f5a3756bffff,7966410040,1127244318,10.6997,0.445156,athlete
892f5a37547ffff,892f5a3756fffff,7966410040,1127244105,13.5074,0.238256,athlete
892f5a37547ffff,892f5a37573ffff,7966410040,472382641,6.5365,0.758804,athlete
892f5a37547ffff,892f5a37577ffff,7966410040,1706684673,12.3865,0.316927,athlete
892f5a37547ffff,892f5a3757bffff,7966410040,1135821090,6.0852,0.788455,athlete
892f5a37547ffff,892f5a375abffff,7966410040,582802728,19.4769,0.001687,athlete
892f5a37547ffff,892f5a375c3ffff,7966410040,472447266,17.6434,0.033867,athlete
892f5a37547ffff,892f5a375c7ffff,7966410040,1664033852,16.2465,0.084418,athlete
892f5a37547ffff,892f5a375cbffff,7966410040,2649421029,15.0388,0.144298,athlete
892f5a37547ffff,892f5a375cfffff,7966410040,472382799,13.1113,0.265251,athlete
892f5a3754bffff,892f5a37083ffff,1097906906,9605882522,9.2524,0.558581,athlete
892f5a3754bffff,892f5a37087ffff,1097906906,5109258744,6.5239,0.759649,athlete
892f5a3754bffff,892f5a37093ffff,1097906906,3193716070,9.5326,0.536677,athlete
892f5a3754bffff,892f5a37097ffff,1097906906,1097931942,5.8255,0.80487,athlete
892f5a3754bffff,892f5a3709bffff,1097906906,1096527390,13.892,0.213013,athlete
892f5a3754bffff,892f5a370a3ffff,1097906906,13056197936,15.7095,0.109317,athlete
892f5a3754bffff,892f5a370a7ffff,1097906906,2038377566,16.0539,0.09302,athlete
892f5a3754bffff,892f5a370b3ffff,1097906906,5091968417,7.1327,0.717663,athlete
892f5a3754bffff,892f5a370b7ffff,1097906906,1135820964,11.4689,0.385657,athlete
892f5a3754bffff,892f5a370bbffff,1097906906,5091969121,9.4592,0.542426,athlete
892f5a3754bffff,892f5a371d3ffff,1097906906,660528224,19.584,0.001067,athlete
892f5a3754bffff,892f5a371d7ffff,1097906906,1127244247,19.6914,0.000587,athlete
892f5a3754bffff,892f5a37423ffff,1097906906,475369332,18.0177,0.024044,athlete
892f5a3754bffff,892f5a37427ffff,1097906906,7947429975,12.1545,0.333998,athlete
892f5a3754bffff,892f5a3742bffff,1097906906,6475403603,13.7313,0.223436,athlete
892f5a3754bffff,892f5a3742fffff,1097906906,2196826810,9.5799,0.532974,athlete
892f5a3754bffff,892f5a37437ffff,1097906906,6240815386,17.5785,0.035735,athlete
892f5a3754bffff,892f5a37467ffff,1097906906,1094679544,16.079,0.091875,athlete
892f5a3754bffff,892f5a3746fffff,1097906906,7276074359,19.8794,9e-05,athlete
892f5a3754bffff,892f5a37477ffff,1097906906,10933634351,19.1978,0.003964,athlete
892f5a3754bffff,892f5a3750bffff,1097906906,4716326321,14.121,0.198469,athlete
892f5a3754bffff,892f5a3750fffff,1097906906,472360248,18.9404,0.00691,athlete
892f5a3754bffff,892f5a3751bffff,1097906906,4716623608,15.0655,0.14283,athlete
892f5a3754bffff,892f5a37543ffff,1097906906,1097906783,6.0783,0.788897,athlete
892f5a3754bffff,892f5a37547ffff,1097906906,7966410040,9.8948,0.50826,athlete
892f5a3754bffff,892f5a3754bffff,1097906906,1097906906,0.1387,0.999881,athlete
892f5a3754bffff,892f5a3754fffff,1097906906,8908901051,7.8045,0.669033,athlete
892f5a3754bffff,892f5a37553ffff,1097906906,472382750,9.6914,0.524224,athlete
892f5a3754bffff,892f5a37557ffff,1097906906,2704049830,10.6048,0.452572,athlete
892f5a3754bffff,892f5a3755bffff,1097906906,1097906786,7.5406,0.688389,athlete
892f5a3754bffff,892f5a37563ffff,1097906906,6326922164,16.567,0.070952,athlete
892f5a3754bffff,892f5a3756bffff,1097906906,1127244318,13.4632,0.241221,athlete
892f5a3754bffff,892f5a3756fffff,1097906906,1127244105,17.7024,0.032211,athlete
892f5a3754bffff,892f5a37573ffff,1097906906,472382641,15.3457,0.127779,athlete
892f5a3754bffff,892f5a3757bffff,1097906906,1135821090,10.7004,0.445098,athlete
892f5a3754bffff,892f5a375c3ffff,1097906906,472447266,18.8513,0.008118,athlete
892f5a3754bffff,892f5a375c7ffff,1097906906,1664033852,17.8189,0.029059,athlete
892f5a3754bffff,892f5a375cbffff,1097906906,2649421029,15.4964,0.119982,athlete
892f5a3754bffff,892f5a375cfffff,1097906906,472382799,14.3191,0.186207,athlete
892f5a3754fffff,892f5a37083ffff,8908901051,9605882522,15.3078,0.129775,athlete
892f5a3754fffff,892f5a37087ffff,8908901051,5109258744,11.5202,0.381739,athlete
892f5a3754fffff,892f5a37093ffff,8908901051,3193716070,16.6388,0.068084,athlete
892f5a3754fffff,892f5a37097ffff,8908901051,1097931942,12.6283,0.299387,athlete
892f5a3754fffff,892f5a3709bffff,8908901051,1096527390,19.9473,1.7e-05,athlete
892f5a3754fffff,892f5a370a3ffff,8908901051,13056197936,12.33,0.321058,athlete
892f5a3754fffff,892f5a370a7ffff,8908901051,2038377566,12.6743,0.296081,athlete
892f5a3754fffff,892f5a370b3ffff,8908901051,5091968417,5.5478,0.821863,athlete
892f5a3754fffff,892f5a370b7ffff,8908901051,1135820964,8.0893,0.64782,athlete
892f5a3754fffff,892f5a370bbffff,8908901051,5091969121,10.1927,0.484866,athlete
892f5a3754fffff,892f5a3719bffff,8908901051,1942852587,18.5745,0.012483,athlete
892f5a3754fffff,892f5a371c3ffff,8908901051,581881619,19.5438,0.001283,athlete
892f5a3754fffff,892f5a371d3ffff,8908901051,660528224,16.2045,0.086261,athlete
892f5a3754fffff,892f5a371d7ffff,8908901051,1127244247,16.3119,0.081583,athlete
892f5a3754fffff,892f5a37427ffff,8908901051,7947429975,14.7509,0.160545,athlete
892f5a3754fffff,892f5a3742fffff,8908901051,2196826810,16.533,0.072331,athlete
892f5a3754fffff,892f5a37503ffff,8908901051,6237227412,16.3385,0.080445,athlete
892f5a3754fffff,892f5a37507ffff,8908901051,9933084480,19.5235,0.0014,athlete
892f5a3754fffff,892f5a3750bffff,8908901051,4716326321,9.7996,0.515733,athlete
892f5a3754fffff,892f5a3750fffff,8908901051,472360248,14.4629,0.177495,athlete
892f5a3754fffff,892f5a37513ffff,8908901051,11538316379,19.4902,0.001602,athlete
892f5a3754fffff,892f5a3751bffff,8908901051,4716623608,14.0885,0.200514,athlete
892f5a3754fffff,892f5a3753bffff,8908901051,1094547495,19.2313,0.003641,athlete
892f5a3754fffff,892f5a37543ffff,8908901051,1097906783,6.6098,0.753855,athlete
892f5a3754fffff,892f5a37547ffff,8908901051,7966410040,4.9174,0.858113,athlete
892f5a3754fffff,892f5a3754bffff,8908901051,1097906906,7.245,0.709689,athlete
892f5a3754fffff,892f5a3754fffff,8908901051,8908901051,0.1378,0.999883,athlete
892f5a3754fffff,892f5a37553ffff,8908901051,472382750,12.0204,0.343967,athlete
892f5a3754fffff,892f5a37557ffff,8908901051,2704049830,11.1173,0.412698,athlete
892f5a3754fffff,892f5a3755bffff,8908901051,1097906786,12.5875,0.302329,athlete
892f5a3754fffff,892f5a37563ffff,8908901051,6326922164,11.3472,0.394978,athlete
892f5a3754fffff,892f5a37567ffff,8908901051,2865895571,15.441,0.122821,athlete
892f5a3754fffff,892f5a3756bffff,8908901051,1127244318,10.0837,0.493429,athlete
892f5a3754fffff,892f5a3756fffff,8908901051,1127244105,14.3229,0.185976,athlete
892f5a3754fffff,892f5a37573ffff,8908901051,472382641,10.1782,0.486007,athlete
892f5a3754fffff,892f5a37577ffff,8908901051,1706684673,14.8527,0.154724,athlete
892f5a3754fffff,892f5a3757bffff,8908901051,1135821090,7.3209,0.704258,athlete
892f5a3754fffff,892f5a375c7ffff,8908901051,1664033852,19.6315,0.000837,athlete
892f5a3754fffff,892f5a375cbffff,8908901051,2649421029,17.5047,0.037921,athlete
892f5a3754fffff,892f5a375cfffff,8908901051,472382799,16.1318,0.089496,athlete
892f5a37553ffff,892f5a37083ffff,472382750,9605882522,13.2882,0.253076,athlete
892f5a37553ffff,892f5a37087ffff,472382750,5109258744,15.8452,0.102759,athlete
892f5a37553ffff,892f5a37093ffff,472382750,3193716070,13.4688,0.240845,athlete
892f5a37553ffff,892f5a37097ffff,472382750,1097931942,9.8345,0.512999,athlete
892f5a37553ffff,892f5a3709bffff,472382750,1096527390,17.9278,0.026255,athlete
892f5a37553ffff,892f5a370b3ffff,472382750,5091968417,15.8713,0.101516,athlete
892f5a37553ffff,892f5a370b7ffff,472382750,1135820964,18.6151,0.011784,athlete
892f5a37553ffff,892f5a370bbffff,472382750,5091969121,18.7296,0.009922,athlete
892f5a37553ffff,892f5a37407ffff,472382750,6743431386,18.1143,0.021775,athlete
892f5a37553ffff,892f5a37423ffff,472382750,475369332,13.2315,0.256957,athlete
892f5a37553ffff,892f5a37427ffff,472382750,7947429975,7.3683,0.700855,athlete
892f5a37553ffff,892f5a3742bffff,472382750,6475403603,14.9732,0.147939,athlete
892f5a37553ffff,892f5a3742fffff,472382750,2196826810,9.1504,0.566531,athlete
892f5a37553ffff,892f5a37433ffff,472382750,9775221793,14.4268,0.179671,athlete
892f5a37553ffff,892f5a37437ffff,472382750,6240815386,9.7278,0.521375,athlete
892f5a37553ffff,892f5a3743bffff,472382750,6475813119,15.5541,0.117053,athlete
892f5a37553ffff,892f5a374a3ffff,472382750,7942739530,19.3822,0.002352,athlete
892f5a37553ffff,892f5a374a7ffff,472382750,9791542150,17.542,0.036809,athlete
892f5a37553ffff,892f5a374abffff,472382750,475369013,17.8945,0.027098,athlete
892f5a37553ffff,892f5a374afffff,472382750,475368981,14.935,0.150076,athlete
892f5a37553ffff,892f5a37503ffff,472382750,6237227412,17.106,0.050781,athlete
892f5a37553ffff,892f5a3750bffff,472382750,4716326321,10.5486,0.45697,athlete
892f5a37553ffff,892f5a3750fffff,472382750,472360248,15.6206,0.113713,athlete
892f5a37553ffff,892f5a37513ffff,472382750,11538316379,16.916,0.057531,athlete
892f5a37553ffff,892f5a3751bffff,472382750,4716623608,11.1166,0.412753,athlete
892f5a37553ffff,892f5a37543ffff,472382750,1097906783,6.4875,0.762086,athlete
892f5a37553ffff,892f5a37547ffff,472382750,7966410040,10.1142,0.491032,athlete
892f5a37553ffff,892f5a3754bffff,472382750,1097906906,9.46,0.542361,athlete
892f5a37553ffff,892f5a3754fffff,472382750,8908901051,12.6252,0.299608,athlete
892f5a37553ffff,892f5a37553ffff,472382750,472382750,0.3391,0.999291,athlete
892f5a37553ffff,892f5a37557ffff,472382750,2704049830,7.1595,0.715763,athlete
892f5a37553ffff,892f5a3755bffff,472382750,1097906786,5.6814,0.81376,athlete
892f5a37553ffff,892f5a37563ffff,472382750,6326922164,16.8904,0.058472,athlete
892f5a37553ffff,892f5a3756bffff,472382750,1127244318,18.6083,0.011899,athlete
892f5a37553ffff,892f5a37573ffff,472382750,472382641,14.9173,0.151068,athlete
892f5a37553ffff,892f5a37577ffff,472382750,1706684673,18.7744,0.009236,athlete
892f5a37553ffff,892f5a3757bffff,472382750,1135821090,13.9938,0.206503,athlete
892f5a37553ffff,892f5a3758bffff,472382750,6281439102,18.9943,0.006226,athlete
892f5a37553ffff,892f5a375c3ffff,472382750,472447266,11.1793,0.407909,athlete
892f5a37553ffff,892f5a375c7ffff,472382750,1664033852,11.4696,0.385604,athlete
892f5a37553ffff,892f5a375cbffff,472382750,2649421029,7.3528,0.701967,athlete
892f5a37553ffff,892f5a375cfffff,472382750,472382799,7.9698,0.656763,athlete
892f5a37553ffff,892f5a375d3ffff,472382750,4717672327,17.6994,0.032295,athlete
892f5a37553ffff,892f5a375d7ffff,472382750,472447132,16.0685,0.092352,athlete
892f5a37553ffff,892f5a375dbffff,472382750,475368843,14.342,0.18481,athlete
892f5a37557ffff,892f5a37083ffff,2704049830,9605882522,17.1499,0.049276,athlete
892f5a37557ffff,892f5a37087ffff,2704049830,5109258744,14.427,0.179657,athlete
892f5a37557ffff,892f5a37093ffff,2704049830,3193716070,17.4301,0.040189,athlete
892f5a37557ffff,892f5a37097ffff,2704049830,1097931942,13.723,0.223982,athlete
892f5a37557ffff,892f5a370b3ffff,2704049830,5091968417,13.3857,0.246447,athlete
892f5a37557ffff,892f5a370b7ffff,2704049830,1135820964,16.1296,0.089595,athlete
892f5a37557ffff,892f5a370bbffff,2704049830,5091969121,16.9563,0.056065,athlete
892f5a37557ffff,892f5a37407ffff,2704049830,6743431386,18.527,0.013325,athlete
892f5a37557ffff,892f5a37423ffff,2704049830,475369332,16.6906,0.066051,athlete
892f5a37557ffff,892f5a37427ffff,2704049830,7947429975,11.5123,0.382342,athlete
892f5a37557ffff,892f5a3742bffff,2704049830,6475403603,19.1401,0.004555,athlete
892f5a37557ffff,892f5a3742fffff,2704049830,2196826810,13.3173,0.251094,athlete
892f5a37557ffff,892f5a37433ffff,2704049830,9775221793,14.8394,0.155475,athlete
892f5a37557ffff,892f5a37437ffff,2704049830,6240815386,10.1404,0.48897,athlete
892f5a37557ffff,892f5a3743bffff,2704049830,6475813119,19.7209,0.00048,athlete
892f5a37557ffff,892f5a374a3ffff,2704049830,7942739530,19.7949,0.000259,athlete
892f5a37557ffff,892f5a374a7ffff,2704049830,9791542150,17.56,0.036278,athlete
892f5a37557ffff,892f5a374abffff,2704049830,475369013,18.3072,0.017573,athlete
892f5a37557ffff,892f5a374afffff,2704049830,475368981,15.3477,0.127675,athlete
892f5a37557ffff,892f5a37503ffff,2704049830,6237227412,10.7007,0.445078,athlete
892f5a37557ffff,892f5a37507ffff,2704049830,9933084480,13.9028,0.212315,athlete
892f5a37557ffff,892f5a3750bffff,2704049830,4716326321,4.1517,0.897391,athlete
892f5a37557ffff,892f5a3750fffff,2704049830,472360248,9.2154,0.56147,athlete
892f5a37557ffff,892f5a37513ffff,2704049830,11538316379,11.6272,0.373584,athlete
892f5a37557ffff,892f5a37517ffff,2704049830,6283520292,16.6606,0.067227,athlete
892f5a37557ffff,892f5a3751bffff,2704049830,4716623608,5.5141,0.823881,athlete
892f5a37557ffff,892f5a3752bffff,2704049830,472360457,16.5824,0.070333,athlete
892f5a37557ffff,892f5a3752fffff,2704049830,10293242124,18.653,0.011151,athlete
892f5a37557ffff,892f5a37533ffff,2704049830,9954179094,18.6681,0.010902,athlete
892f5a37557ffff,892f5a3753bffff,2704049830,1094547495,13.9837,0.207142,athlete
892f5a37557ffff,892f5a37543ffff,2704049830,1097906783,4.5586,0.877198,athlete
892f5a37557ffff,892f5a37547ffff,2704049830,7966410040,5.9875,0.794686,athlete
892f5a37557ffff,892f5a3754bffff,2704049830,1097906906,8.0419,0.651379,athlete
892f5a37557ffff,892f5a3754fffff,2704049830,8908901051,10.1397,0.489032,athlete
892f5a37557ffff,892f5a37553ffff,2704049830,472382750,5.6783,0.813949,athlete
892f5a37557ffff,892f5a37557ffff,2704049830,2704049830,0.5294,0.998272,athlete
892f5a37557ffff,892f5a3755bffff,2704049830,1097906786,9.5796,0.532996,athlete
892f5a37557ffff,892f5a37563ffff,2704049830,6326922164,13.2829,0.253438,athlete
892f5a37557ffff,892f5a37567ffff,2704049830,2865895571,16.7804,0.062592,athlete
892f5a37557ffff,892f5a3756bffff,2704049830,1127244318,15.7537,0.107161,athlete
892f5a37557ffff,892f5a3756fffff,2704049830,1127244105,17.8085,0.029333,athlete
892f5a37557ffff,892f5a37573ffff,2704049830,472382641,8.2872,0.632906,athlete
892f5a37557ffff,892f5a37577ffff,2704049830,1706684673,12.1443,0.334752,athlete
892f5a37557ffff,892f5a3757bffff,2704049830,1135821090,11.5082,0.382651,athlete
892f5a37557ffff,892f5a3758bffff,2704049830,6281439102,17.3153,0.043804,athlete
892f5a37557ffff,892f5a3758fffff,2704049830,13736742284,17.167,0.048695,athlete
892f5a37557ffff,892f5a375abffff,2704049830,582802728,18.6528,0.011154,athlete
892f5a37557ffff,892f5a375c3ffff,2704049830,472447266,10.3332,0.473842,athlete
892f5a37557ffff,892f5a375c7ffff,2704049830,1664033852,9.3008,0.554802,athlete
892f5a37557ffff,892f5a375cbffff,2704049830,2649421029,7.5251,0.689516,athlete
892f5a37557ffff,892f5a375cfffff,2704049830,472382799,5.8011,0.806387,athlete
892f5a37557ffff,892f5a375d3ffff,2704049830,4717672327,17.0956,0.051137,athlete
892f5a37557ffff,892f5a375d7ffff,2704049830,472447132,15.0729,0.142422,athlete
892f5a37557ffff,892f5a375dbffff,2704049830,475368843,14.5143,0.174422,athlete
892f5a37557ffff,892f5aadb6fffff,2704049830,5422306027,19.5176,0.001435,athlete
892f5a3755bffff,892f5a37083ffff,1097906786,9605882522,8.5733,0.61112,athlete
892f5a3755bffff,892f5a37087ffff,1097906786,5109258744,11.3876,0.391882,athlete
892f5a3755bffff,892f5a37093ffff,1097906786,3193716070,8.7538,0.597249,athlete
892f5a3755bffff,892f5a37097ffff,1097906786,1097931942,5.1195,0.846852,athlete
892f5a3755bffff,892f5a3709bffff,1097906786,1096527390,13.2128,0.258241,athlete
892f5a3755bffff,892f5a370b3ffff,1097906786,5091968417,12.9339,0.277642,athlete
892f5a3755bffff,892f5a370b7ffff,1097906786,1135820964,17.2701,0.045269,athlete
892f5a3755bffff,892f5a370bbffff,1097906786,5091969121,15.2604,0.132284,athlete
892f5a3755bffff,892f5a37407ffff,1097906786,6743431386,17.893,0.027136,athlete
892f5a3755bffff,892f5a3740fffff,1097906786,4506648481,18.6735,0.010815,athlete
892f5a3755bffff,892f5a37423ffff,1097906786,475369332,11.4691,0.385641,athlete
892f5a3755bffff,892f5a37427ffff,1097906786,7947429975,5.6059,0.818356,athlete
892f5a3755bffff,892f5a3742bffff,1097906786,6475403603,12.9308,0.27786,athlete
892f5a3755bffff,892f5a3742fffff,1097906786,2196826810,7.0957,0.720271,athlete
892f5a3755bffff,892f5a37433ffff,1097906786,9775221793,15.6921,0.110175,athlete
892f5a3755bffff,892f5a37437ffff,1097906786,6240815386,10.9931,0.422322,athlete
892f5a3755bffff,892f5a3743bffff,1097906786,6475813119,13.7916,0.219502,athlete
892f5a3755bffff,892f5a37463ffff,1097906786,8371949497,19.9162,4.3e-05,athlete
892f5a3755bffff,892f5a37467ffff,1097906786,1094679544,15.3999,0.124952,athlete
892f5a3755bffff,892f5a3746fffff,1097906786,7276074359,19.2002,0.00394,athlete
892f5a3755bffff,892f5a37477ffff,1097906786,10933634351,18.4191,0.015338,athlete
892f5a3755bffff,892f5a374a7ffff,1097906786,9791542150,19.3078,0.002953,athlete
892f5a3755bffff,892f5a374abffff,1097906786,475369013,19.1598,0.004349,athlete
892f5a3755bffff,892f5a374afffff,1097906786,475368981,16.2003,0.086448,athlete
892f5a3755bffff,892f5a37503ffff,1097906786,6237227412,19.9846,1e-06,athlete
892f5a3755bffff,892f5a3750bffff,1097906786,4716326321,13.4272,0.243641,athlete
892f5a3755bffff,892f5a3750fffff,1097906786,472360248,18.4993,0.013828,athlete
892f5a3755bffff,892f5a37513ffff,1097906786,11538316379,19.4035,0.002193,athlete
892f5a3755bffff,892f5a3751bffff,1097906786,4716623608,13.9953,0.206409,athlete
892f5a3755bffff,892f5a37543ffff,1097906786,1097906783,6.167,0.783181,athlete
892f5a3755bffff,892f5a37547ffff,1097906786,7966410040,9.8953,0.50822,athlete
892f5a3755bffff,892f5a3754bffff,1097906786,1097906906,5.94,0.797694,athlete
892f5a3755bffff,892f5a3754fffff,1097906786,8908901051,12.4064,0.315472,athlete
892f5a3755bffff,892f5a37553ffff,1097906786,472382750,4.8927,0.859464,athlete
892f5a3755bffff,892f5a37557ffff,1097906786,2704049830,10.0043,0.499666,athlete
892f5a3755bffff,892f5a3755bffff,1097906786,1097906786,0.8243,0.995815,athlete
892f5a3755bffff,892f5a37563ffff,1097906786,6326922164,16.6715,0.066797,athlete
892f5a3755bffff,892f5a3756bffff,1097906786,1127244318,18.3895,0.015915,athlete
892f5a3755bffff,892f5a37573ffff,1097906786,472382641,15.3587,0.127098,athlete
892f5a3755bffff,892f5a3757bffff,1097906786,1135821090,13.7749,0.220589,athlete
892f5a3755bffff,892f5a375c3ffff,1097906786,472447266,12.9451,0.276855,athlete
892f5a3755bffff,892f5a375c7ffff,1097906786,1664033852,13.8658,0.214696,athlete
892f5a3755bffff,892f5a375cbffff,1097906786,2649421029,9.1187,0.568998,athlete
892f5a3755bffff,892f5a375cfffff,1097906786,472382799,10.3661,0.471263,athlete
892f5a3755bffff,892f5a375d3ffff,1097906786,4717672327,19.4652,0.001763,athlete
892f5a3755bffff,892f5a375d7ffff,1097906786,472447132,17.8343,0.028653,athlete
892f5a3755bffff,892f5a375dbffff,1097906786,475368843,15.758,0.106954,athlete
892f5a37563ffff,892f5a3624bffff,6326922164,1107512343,18.4375,0.014984,athlete
892f5a37563ffff,892f5a3625bffff,6326922164,764851982,18.0367,0.023589,athlete
892f5a37563ffff,892f5a37087ffff,6326922164,5109258744,19.954,1.3e-05,athlete
892f5a37563ffff,892f5a370a3ffff,6326922164,13056197936,14.1498,0.196671,athlete
892f5a37563ffff,892f5a370a7ffff,6326922164,2038377566,11.9199,0.351486,athlete
892f5a37563ffff,892f5a370b3ffff,6326922164,5091968417,13.9816,0.207277,athlete
892f5a37563ffff,892f5a370b7ffff,6326922164,1135820964,13.3926,0.245983,athlete
892f5a37563ffff,892f5a370bbffff,6326922164,5091969121,18.6266,0.01159,athlete
892f5a37563ffff,892f5a37113ffff,6326922164,1822152487,19.532,0.00135,athlete
892f5a37563ffff,892f5a37183ffff,6326922164,771032173,12.3753,0.317745,athlete
892f5a37563ffff,892f5a37187ffff,6326922164,798894742,15.6739,0.111072,athlete
892f5a37563ffff,892f5a3718bffff,6326922164,666930532,13.9782,0.207494,athlete
892f5a37563ffff,892f5a3718fffff,6326922164,6451601256,16.8796,0.058869,athlete
892f5a37563ffff,892f5a37193ffff,6326922164,7865126998,11.0607,0.41708,athlete
892f5a37563ffff,892f5a37197ffff,6326922164,839607167,14.9086,0.15156,athlete
892f5a37563ffff,892f5a3719bffff,6326922164,1942852587,8.9989,0.578299,athlete
892f5a37563ffff,892f5a371b3ffff,6326922164,659292988,19.6876,0.000602,athlete
892f5a37563ffff,892f5a371c3ffff,6326922164,581881619,13.2881,0.253085,athlete
892f5a37563ffff,892f5a371c7ffff,6326922164,6383742435,16.1917,0.086829,athlete
892f5a37563ffff,892f5a371d3ffff,6326922164,660528224,10.6043,0.45261,athlete
892f5a37563ffff,892f5a371d7ffff,6326922164,1127244247,10.0562,0.495588,athlete
892f5a37563ffff,892f5a37427ffff,6326922164,7947429975,18.9529,0.006748,athlete
892f5a37563ffff,892f5a37503ffff,6326922164,6237227412,12.0204,0.343967,athlete
892f5a37563ffff,892f5a37507ffff,6326922164,9933084480,14.4636,0.177454,athlete
892f5a37563ffff,892f5a3750bffff,6326922164,4716326321,10.8065,0.436829,athlete
892f5a37563ffff,892f5a3750fffff,6326922164,472360248,9.034,0.57558,athlete
892f5a37563ffff,892f5a37513ffff,6326922164,11538316379,18.1383,0.021227,athlete
892f5a37563ffff,892f5a37517ffff,6326922164,6283520292,18.0378,0.023562,athlete
892f5a37563ffff,892f5a3751bffff,6326922164,4716623608,15.6812,0.110707,athlete
892f5a37563ffff,892f5a37527ffff,6326922164,9602267747,19.1697,0.004246,athlete
892f5a37563ffff,892f5a3752bffff,6326922164,472360457,11.2739,0.400614,athlete
892f5a37563ffff,892f5a3752fffff,6326922164,10293242124,13.1363,0.263518,athlete
892f5a37563ffff,892f5a37533ffff,6326922164,9954179094,17.3728,0.041976,athlete
892f5a37563ffff,892f5a3753bffff,6326922164,1094547495,11.9482,0.349369,athlete
892f5a37563ffff,892f5a37543ffff,6326922164,1097906783,10.8118,0.436413,athlete
892f5a37563ffff,892f5a37547ffff,6326922164,7966410040,8.2537,0.635439,athlete
892f5a37563ffff,892f5a3754bffff,6326922164,1097906906,14.9262,0.150568,athlete
892f5a37563ffff,892f5a3754fffff,6326922164,8908901051,10.6463,0.449326,athlete
892f5a37563ffff,892f5a37553ffff,6326922164,472382750,16.1649,0.088013,athlete
892f5a37563ffff,892f5a37557ffff,6326922164,2704049830,13.8247,0.217357,athlete
892f5a37563ffff,892f5a3755bffff,6326922164,1097906786,16.7894,0.062247,athlete
892f5a37563ffff,892f5a37563ffff,6326922164,6326922164,0.1827,0.999794,athlete
892f5a37563ffff,892f5a37567ffff,6326922164,2865895571,5.8316,0.804491,athlete
892f5a37563ffff,892f5a3756bffff,6326922164,1127244318,7.3235,0.704074,athlete
892f5a37563ffff,892f5a3756fffff,6326922164,1127244105,5.9328,0.798145,athlete
892f5a37563ffff,892f5a37573ffff,6326922164,472382641,4.9517,0.856227,athlete
892f5a37563ffff,892f5a37577ffff,6326922164,1706684673,6.3268,0.772748,athlete
892f5a37563ffff,892f5a3757bffff,6326922164,1135821090,6.3035,0.774281,athlete
892f5a37563ffff,892f5a375abffff,6326922164,582802728,18.4714,0.014344,athlete
892f5a37563ffff,892f5a375cfffff,6326922164,472382799,18.406,0.015591,athlete
892f5a37567ffff,892f5a36243ffff,2865895571,822683298,18.569,0.012579,athlete
892f5a37567ffff,892f5a3624bffff,2865895571,1107512343,13.8568,0.215282,athlete
892f5a37567ffff,892f5a36253ffff,2865895571,11512438978,15.9315,0.098678,athlete
892f5a37567ffff,892f5a3625bffff,2865895571,764851982,13.0502,0.269498,athlete
892f5a37567ffff,892f5a362cbffff,2865895571,472359869,18.3541,0.016617,athlete
892f5a37567ffff,892f5a370a3ffff,2865895571,13056197936,18.5229,0.013398,athlete
892f5a37567ffff,892f5a370a7ffff,2865895571,2038377566,14.9239,0.150697,athlete
892f5a37567ffff,892f5a370b3ffff,2865895571,5091968417,18.4138,0.01544,athlete
892f5a37567ffff,892f5a370b7ffff,2865895571,1135820964,17.8843,0.027358,athlete
892f5a37567ffff,892f5a37113ffff,2865895571,1822152487,16.408,0.077501,athlete
892f5a37567ffff,892f5a37117ffff,2865895571,11109216130,18.9047,0.007382,athlete
892f5a37567ffff,892f5a37183ffff,2865895571,771032173,7.7945,0.669774,athlete
892f5a37567ffff,892f5a37187ffff,2865895571,798894742,11.0931,0.414569,athlete
892f5a37567ffff,892f5a3718bffff,2865895571,666930532,10.8118,0.436416,athlete
892f5a37567ffff,892f5a3718fffff,2865895571,6451601256,13.7132,0.224624,athlete
892f5a37567ffff,892f5a37193ffff,2865895571,7865126998,6.4799,0.762593,athlete
892f5a37567ffff,892f5a37197ffff,2865895571,839607167,10.3278,0.474264,athlete
892f5a37567ffff,892f5a3719bffff,2865895571,1942852587,5.6779,0.813975,athlete
892f5a37567ffff,892f5a371b3ffff,2865895571,659292988,15.1069,0.140561,athlete
892f5a37567ffff,892f5a371bbffff,2865895571,2569654976,17.5565,0.036381,athlete
892f5a37567ffff,892f5a371c3ffff,2865895571,581881619,11.6912,0.36873,athlete
892f5a37567ffff,892f5a371c7ffff,2865895571,6383742435,13.0676,0.268289,athlete
892f5a37567ffff,892f5a371d3ffff,2865895571,660528224,10.6001,0.452941,athlete
892f5a37567ffff,892f5a371d7ffff,2865895571,1127244247,8.4593,0.619827,athlete
892f5a37567ffff,892f5a37503ffff,2865895571,6237227412,15.2179,0.134554,athlete
892f5a37567ffff,892f5a37507ffff,2865895571,9933084480,16.2084,0.086089,athlete
892f5a37567ffff,892f5a3750bffff,2865895571,4716326321,14.582,0.170403,athlete
892f5a37567ffff,892f5a3750fffff,2865895571,472360248,10.6072,0.452386,athlete
892f5a37567ffff,892f5a3751bffff,2865895571,4716623608,19.4568,0.001819,athlete
892f5a37567ffff,892f5a37527ffff,2865895571,9602267747,14.3633,0.183516,athlete
892f5a37567ffff,892f5a3752bffff,2865895571,472360457,6.4536,0.764347,athlete
892f5a37567ffff,892f5a3752fffff,2865895571,10293242124,7.6002,0.684044,athlete
892f5a37567ffff,892f5a37533ffff,2865895571,9954179094,15.7624,0.106741,athlete
892f5a37567ffff,892f5a3753bffff,2865895571,1094547495,10.2037,0.484002,athlete
892f5a37567ffff,892f5a37543ffff,2865895571,1097906783,15.1832,0.13642,athlete
892f5a37567ffff,892f5a37547ffff,2865895571,7966410040,12.6251,0.299617,athlete
892f5a37567ffff,892f5a3754bffff,2865895571,1097906906,19.2976,0.00304,athlete
892f5a37567ffff,892f5a3754fffff,2865895571,8908901051,15.0177,0.145464,athlete
892f5a37567ffff,892f5a37557ffff,2865895571,2704049830,17.6003,0.035105,athlete
892f5a37567ffff,892f5a37563ffff,2865895571,6326922164,6.1234,0.785998,athlete
892f5a37567ffff,892f5a37567ffff,2865895571,2865895571,0.2955,0.999462,athlete
892f5a37567ffff,892f5a3756bffff,2865895571,1127244318,11.5286,0.381097,athlete
892f5a37567ffff,892f5a3756fffff,2865895571,1127244105,5.2883,0.837188,athlete
892f5a37567ffff,892f5a37573ffff,2865895571,472382641,9.1915,0.563329,athlete
892f5a37567ffff,892f5a37577ffff,2865895571,1706684673,5.2007,0.842234,athlete
892f5a37567ffff,892f5a3757bffff,2865895571,1135821090,10.8042,0.437004,athlete
892f5a37567ffff,892f5a375abffff,2865895571,582802728,19.9709,5e-06,athlete
892f5a3756bffff,892f5a37087ffff,1127244318,5109258744,17.7822,0.030034,athlete
892f5a3756bffff,892f5a37097ffff,1127244318,1097931942,18.8904,0.007575,athlete
892f5a3756bffff,892f5a370a3ffff,1127244318,13056197936,9.1006,0.570402,athlete
892f5a3756bffff,892f5a370a7ffff,1127244318,2038377566,5.5016,0.824626,athlete
892f5a3756bffff,892f5a370b3ffff,1127244318,5091968417,11.8098,0.359762,athlete
892f5a3756bffff,892f5a370b7ffff,1127244318,1135820964,8.462,0.619621,athlete
892f5a3756bffff,892f5a370bbffff,1127244318,5091969121,16.4548,0.075545,athlete
892f5a3756bffff,892f5a37113ffff,1127244318,1822152487,17.2763,0.045068,athlete
892f5a3756bffff,892f5a37183ffff,1127244318,771032173,15.0405,0.144205,athlete
892f5a3756bffff,892f5a3718bffff,1127244318,666930532,14.0438,0.203334,athlete
892f5a3756bffff,892f5a3718fffff,1127244318,6451601256,17.8809,0.027445,athlete
892f5a3756bffff,892f5a37193ffff,1127244318,7865126998,15.8212,0.103903,athlete
892f5a3756bffff,892f5a37197ffff,1127244318,839607167,19.6691,0.000675,athlete
892f5a3756bffff,892f5a3719bffff,1127244318,1942852587,10.0002,0.499982,athlete
892f5a3756bffff,892f5a371c3ffff,1127244318,581881619,10.9696,0.424143,athlete
892f5a3756bffff,892f5a371c7ffff,1127244318,6383742435,13.9359,0.210196,athlete
892f5a3756bffff,892f5a371d3ffff,1127244318,660528224,7.3035,0.705505,athlete
892f5a3756bffff,892f5a371d7ffff,1127244318,1127244247,7.7377,0.673965,athlete
892f5a3756bffff,892f5a37503ffff,1127244318,6237227412,16.6705,0.066837,athlete
892f5a3756bffff,892f5a37507ffff,1127244318,9933084480,19.1137,0.004838,athlete
892f5a3756bffff,892f5a3750bffff,1127244318,4716326321,14.177,0.194977,athlete
892f5a3756bffff,892f5a3750fffff,1127244318,472360248,13.7354,0.223166,athlete
892f5a3756bffff,892f5a3751bffff,1127244318,4716623608,19.2376,0.003581,athlete
892f5a3756bffff,892f5a3752bffff,1127244318,472360457,17.8022,0.029501,athlete
892f5a3756bffff,892f5a3752fffff,1127244318,10293242124,18.0812,0.02254,athlete
892f5a3756bffff,892f5a3753bffff,1127244318,1094547495,17.1183,0.050355,athlete
892f5a3756bffff,892f5a37543ffff,1127244318,1097906783,13.4863,0.239666,athlete
892f5a3756bffff,892f5a37547ffff,1127244318,7966410040,10.9283,0.427353,athlete
892f5a3756bffff,892f5a3754bffff,1127244318,1097906906,13.5071,0.238278,athlete
892f5a3756bffff,892f5a3754fffff,1127244318,8908901051,10.6871,0.446138,athlete
892f5a3756bffff,892f5a37553ffff,1127244318,472382750,18.8395,0.008285,athlete
892f5a3756bffff,892f5a37557ffff,1127244318,2704049830,17.3023,0.044225,athlete
892f5a3756bffff,892f5a3755bffff,1127244318,1097906786,19.464,0.001771,athlete
892f5a3756bffff,892f5a37563ffff,1127244318,6326922164,8.2782,0.633586,athlete
892f5a3756bffff,892f5a37567ffff,1127244318,2865895571,11.6441,0.372306,athlete
892f5a3756bffff,892f5a3756bffff,1127244318,1127244318,0.9052,0.994954,athlete
892f5a3756bffff,892f5a3756fffff,1127244318,1127244105,5.7487,0.809628,athlete
892f5a3756bffff,892f5a37573ffff,1127244318,472382641,8.2667,0.634459,athlete
892f5a3756bffff,892f5a37577ffff,1127244318,1706684673,11.7837,0.361738,athlete
892f5a3756bffff,892f5a3757bffff,1127244318,1135821090,5.7894,0.807109,athlete
892f5a3756fffff,892f5a3624bffff,1127244105,1107512343,17.6631,0.033309,athlete
892f5a3756fffff,892f5a3625bffff,1127244105,764851982,17.2623,0.045525,athlete
892f5a3756fffff,892f5a370a3ffff,1127244105,13056197936,13.4484,0.242215,athlete
892f5a3756fffff,892f5a370a7ffff,1127244105,2038377566,9.8494,0.511826,athlete
892f5a3756fffff,892f5a370b3ffff,1127244105,5091968417,16.5771,0.070548,athlete
892f5a3756fffff,892f5a370b7ffff,1127244105,1135820964,12.8098,0.286415,athlete
892f5a3756fffff,892f5a37113ffff,1127244105,1822152487,14.4533,0.178073,athlete
892f5a3756fffff,892f5a37117ffff,1127244105,11109216130,18.552,0.012879,athlete
892f5a3756fffff,892f5a37183ffff,1127244105,771032173,10.52,0.459203,athlete
892f5a3756fffff,892f5a37187ffff,1127244105,798894742,14.835,0.155729,athlete
892f5a3756fffff,892f5a3718bffff,1127244105,666930532,10.459,0.463979,athlete
892f5a3756fffff,892f5a3718fffff,1127244105,6451601256,13.3604,0.248158,athlete
892f5a3756fffff,892f5a37193ffff,1127244105,7865126998,10.2863,0.477523,athlete
892f5a3756fffff,892f5a37197ffff,1127244105,839607167,14.1342,0.197647,athlete
892f5a3756fffff,892f5a3719bffff,1127244105,1942852587,5.4798,0.82593,athlete
892f5a3756fffff,892f5a371b3ffff,1127244105,659292988,18.9132,0.007268,athlete
892f5a3756fffff,892f5a371bbffff,1127244105,2569654976,17.2037,0.047462,athlete
892f5a3756fffff,892f5a371c3ffff,1127244105,581881619,8.2093,0.638791,athlete
892f5a3756fffff,892f5a371c7ffff,1127244105,6383742435,11.1129,0.413036,athlete
892f5a3756fffff,892f5a371d3ffff,1127244105,660528224,5.5256,0.823195,athlete
892f5a3756fffff,892f5a371d7ffff,1127244105,1127244247,4.9774,0.854804,athlete
892f5a3756fffff,892f5a37503ffff,1127244105,6237227412,18.3345,0.017013,athlete
892f5a3756fffff,892f5a37507ffff,1127244105,9933084480,19.4093,0.002151,athlete
892f5a3756fffff,892f5a3750bffff,1127244105,4716326321,17.0618,0.052315,athlete
892f5a3756fffff,892f5a3750fffff,1127244105,472360248,13.808,0.218438,athlete
892f5a3756fffff,892f5a37527ffff,1127244105,9602267747,19.3093,0.00294,athlete
892f5a3756fffff,892f5a3752bffff,1127244105,472360457,12.3947,0.316323,athlete
892f5a3756fffff,892f5a3752fffff,1127244105,10293242124,12.5463,0.305307,athlete
892f5a3756fffff,892f5a3753bffff,1127244105,1094547495,15.9919,0.095867,athlete
892f5a3756fffff,892f5a37543ffff,1127244105,1097906783,17.0116,0.054084,athlete
892f5a3756fffff,892f5a37547ffff,1127244105,7966410040,14.4535,0.178061,athlete
892f5a3756fffff,892f5a3754bffff,1127244105,1097906906,18.2743,0.018258,athlete
892f5a3756fffff,892f5a3754fffff,1127244105,8908901051,15.4543,0.122135,athlete
892f5a3756fffff,892f5a37563ffff,1127244105,6326922164,7.0475,0.723662,athlete
892f5a3756fffff,892f5a37567ffff,1127244105,2865895571,6.2366,0.778662,athlete
892f5a3756fffff,892f5a3756bffff,1127244105,1127244318,6.454,0.76432,athlete
892f5a3756fffff,892f5a3756fffff,1127244105,1127244105,0.2137,0.999718,athlete
892f5a3756fffff,892f5a37573ffff,1127244105,472382641,11.1515,0.410056,athlete
892f5a3756fffff,892f5a37577ffff,1127244105,1706684673,9.7016,0.523428,athlete
892f5a3756fffff,892f5a3757bffff,1127244105,1135821090,10.5567,0.456336,athlete
892f5a37573ffff,892f5a3625bffff,472382641,764851982,18.6547,0.011123,athlete
892f5a37573ffff,892f5a37087ffff,472382641,5109258744,19.3572,0.002547,athlete
892f5a37573ffff,892f5a37097ffff,472382641,1097931942,19.9292,3.1e-05,athlete
892f5a37573ffff,892f5a370a3ffff,472382641,13056197936,14.9461,0.149451,athlete
892f5a37573ffff,892f5a370a7ffff,472382641,2038377566,12.7162,0.293082,athlete
892f5a37573ffff,892f5a370b3ffff,472382641,5091968417,13.3848,0.246511,athlete
892f5a37573ffff,892f5a370b7ffff,472382641,1135820964,13.9335,0.210349,athlete
892f5a37573ffff,892f5a370bbffff,472382641,5091969121,18.0297,0.023755,athlete
892f5a37573ffff,892f5a37183ffff,472382641,771032173,16.1151,0.090246,athlete
892f5a37573ffff,892f5a37187ffff,472382641,798894742,19.4137,0.002119,athlete
892f5a37573ffff,892f5a3718bffff,472382641,666930532,17.718,0.03178,athlete
892f5a37573ffff,892f5a37193ffff,472382641,7865126998,14.8005,0.1577,athlete
892f5a37573ffff,892f5a37197ffff,472382641,839607167,18.6484,0.011227,athlete
892f5a37573ffff,892f5a3719bffff,472382641,1942852587,12.7387,0.291474,athlete
892f5a37573ffff,892f5a371c3ffff,472382641,581881619,17.4026,0.041042,athlete
892f5a37573ffff,892f5a371c7ffff,472382641,6383742435,19.9738,4e-06,athlete
892f5a37573ffff,892f5a371d3ffff,472382641,660528224,14.5181,0.174196,athlete
892f5a37573ffff,892f5a371d7ffff,472382641,1127244247,14.1707,0.195369,athlete
892f5a37573ffff,892f5a37427ffff,472382641,7947429975,18.2692,0.018366,athlete
892f5a37573ffff,892f5a37437ffff,472382641,6240815386,19.1455,0.004498,athlete
892f5a37573ffff,892f5a37503ffff,472382641,6237227412,9.1553,0.566148,athlete
892f5a37573ffff,892f5a37507ffff,472382641,9933084480,11.624,0.373833,athlete
892f5a37573ffff,892f5a3750bffff,472382641,4716326321,6.5636,0.756978,athlete
892f5a37573ffff,892f5a3750fffff,472382641,472360248,6.3254,0.77284,athlete
892f5a37573ffff,892f5a37513ffff,472382641,11538316379,15.1686,0.137208,athlete
892f5a37573ffff,892f5a37517ffff,472382641,6283520292,15.1982,0.135614,athlete
892f5a37573ffff,892f5a3751bffff,472382641,4716623608,11.6242,0.373815,athlete
892f5a37573ffff,892f5a37527ffff,472382641,9602267747,19.0763,0.005254,athlete
892f5a37573ffff,892f5a3752bffff,472382641,472360457,11.681,0.369504,athlete
892f5a37573ffff,892f5a3752fffff,472382641,10293242124,14.8504,0.154852,athlete
892f5a37573ffff,892f5a37533ffff,472382641,9954179094,15.8024,0.104807,athlete
892f5a37573ffff,892f5a37537ffff,472382641,5495728727,18.7549,0.009532,athlete
892f5a37573ffff,892f5a3753bffff,472382641,1094547495,10.5324,0.458236,athlete
892f5a37573ffff,892f5a37543ffff,472382641,1097906783,10.1281,0.489942,athlete
892f5a37573ffff,892f5a37547ffff,472382641,7966410040,5.9295,0.798352,athlete
892f5a37573ffff,892f5a3754bffff,472382641,1097906906,14.2425,0.190917,athlete
892f5a37573ffff,892f5a3754fffff,472382641,8908901051,9.9716,0.502233,athlete
892f5a37573ffff,892f5a37553ffff,472382641,472382750,14.5229,0.17391,athlete
892f5a37573ffff,892f5a37557ffff,472382641,2704049830,9.6889,0.524426,athlete
892f5a37573ffff,892f5a3755bffff,472382641,1097906786,16.1057,0.090667,athlete
892f5a37573ffff,892f5a37563ffff,472382641,6326922164,5.649,0.815737,athlete
892f5a37573ffff,892f5a37567ffff,472382641,2865895571,9.5714,0.53364,athlete
892f5a37573ffff,892f5a3756bffff,472382641,1127244318,8.1198,0.645532,athlete
892f5a37573ffff,892f5a3756fffff,472382641,1127244105,10.1746,0.486286,athlete
892f5a37573ffff,892f5a37573ffff,472382641,472382641,0.6533,0.99737,athlete
892f5a37573ffff,892f5a37577ffff,472382641,1706684673,7.2429,0.709838,athlete
892f5a37573ffff,892f5a3757bffff,472382641,1135821090,6.0286,0.79207,athlete
892f5a37573ffff,892f5a3758fffff,472382641,13736742284,18.4772,0.014237,athlete
892f5a37573ffff,892f5a375abffff,472382641,582802728,15.7629,0.106717,athlete
892f5a37573ffff,892f5a375afffff,472382641,5506743143,19.3194,0.002855,athlete
892f5a37573ffff,892f5a375bbffff,472382641,472359980,19.9145,4.5e-05,athlete
892f5a37573ffff,892f5a375c3ffff,472382641,472447266,18.8811,0.007702,athlete
892f5a37573ffff,892f5a375c7ffff,472382641,1664033852,17.3241,0.043521,athlete
892f5a37573ffff,892f5a375cbffff,472382641,2649421029,16.5302,0.072447,athlete
892f5a37573ffff,892f5a375cfffff,472382641,472382799,14.349,0.184384,athlete
892f5a37577ffff,892f5a36243ffff,1706684673,822683298,19.4455,0.001896,athlete
892f5a37577ffff,892f5a3624bffff,1706684673,1107512343,18.1021,0.022054,athlete
892f5a37577ffff,892f5a36253ffff,1706684673,11512438978,16.5976,0.069726,athlete
892f5a37577ffff,892f5a3625bffff,1706684673,764851982,13.8655,0.21472,athlete
892f5a37577ffff,892f5a362cbffff,1706684673,472359869,18.278,0.01818,athlete
892f5a37577ffff,892f5a370a3ffff,1706684673,13056197936,17.8961,0.027056,athlete
892f5a37577ffff,892f5a370a7ffff,1706684673,2038377566,15.6662,0.111449,athlete
892f5a37577ffff,892f5a370b3ffff,1706684673,5091968417,17.6383,0.034013,athlete
892f5a37577ffff,892f5a370b7ffff,1706684673,1135820964,17.1389,0.049652,athlete
892f5a37577ffff,892f5a37113ffff,1706684673,1822152487,19.7113,0.000514,athlete
892f5a37577ffff,892f5a37183ffff,1706684673,771032173,12.0399,0.342516,athlete
892f5a37577ffff,892f5a37187ffff,1706684673,798894742,15.3385,0.128158,athlete
892f5a37577ffff,892f5a3718bffff,1706684673,666930532,14.1151,0.19884,athlete
892f5a37577ffff,892f5a3718fffff,1706684673,6451601256,17.0166,0.053908,athlete
892f5a37577ffff,892f5a37193ffff,1706684673,7865126998,10.7253,0.44316,athlete
892f5a37577ffff,892f5a37197ffff,1706684673,839607167,14.5732,0.170927,athlete
892f5a37577ffff,892f5a3719bffff,1706684673,1942852587,9.1359,0.56766,athlete
892f5a37577ffff,892f5a371b3ffff,1706684673,659292988,19.3522,0.002586,athlete
892f5a37577ffff,892f5a371c3ffff,1706684673,581881619,14.9946,0.146748,athlete
892f5a37577ffff,892f5a371c7ffff,1706684673,6383742435,16.3709,0.079063,athlete
892f5a37577ffff,892f5a371d3ffff,1706684673,660528224,13.5789,0.233484,athlete
892f5a37577ffff,892f5a371d7ffff,1706684673,1127244247,11.7627,0.363321,athlete
892f5a37577ffff,892f5a37503ffff,1706684673,6237227412,10.2391,0.481226,athlete
892f5a37577ffff,892f5a37507ffff,1706684673,9933084480,11.2296,0.404028,athlete
892f5a37577ffff,892f5a3750bffff,1706684673,4716326321,9.6032,0.531144,athlete
892f5a37577ffff,892f5a3750fffff,1706684673,472360248,5.6283,0.816994,athlete
892f5a37577ffff,892f5a37513ffff,1706684673,11538316379,16.357,0.079655,athlete
892f5a37577ffff,892f5a37517ffff,1706684673,6283520292,16.2565,0.083982,athlete
892f5a37577ffff,892f5a3751bffff,1706684673,4716623608,14.478,0.176593,athlete
892f5a37577ffff,892f5a37527ffff,1706684673,9602267747,14.2871,0.188167,athlete
892f5a37577ffff,892f5a3752bffff,1706684673,472360457,6.5831,0.75566,athlete
892f5a37577ffff,892f5a3752fffff,1706684673,10293242124,9.9095,0.507111,athlete
892f5a37577ffff,892f5a37533ffff,1706684673,9954179094,12.0967,0.338286,athlete
892f5a37577ffff,892f5a37537ffff,1706684673,5495728727,15.3098,0.129664,athlete
892f5a37577ffff,892f5a3753bffff,1706684673,1094547495,6.6721,0.749631,athlete
892f5a37577ffff,892f5a37543ffff,1706684673,1097906783,14.4077,0.180822,athlete
892f5a37577ffff,892f5a37547ffff,1706684673,7966410040,11.5659,0.378248,athlete
892f5a37577ffff,892f5a3754bffff,1706684673,1097906906,18.5221,0.013413,athlete
892f5a37577ffff,892f5a3754fffff,1706684673,8908901051,14.2422,0.190934,athlete
892f5a37577ffff,892f5a37553ffff,1706684673,472382750,17.7704,0.030353,athlete
892f5a37577ffff,892f5a37557ffff,1706684673,2704049830,12.6214,0.299883,athlete
892f5a37577ffff,892f5a37563ffff,1706684673,6326922164,6.8234,0.739265,athlete
892f5a37577ffff,892f5a37567ffff,1706684673,2865895571,4.8579,0.861356,athlete
892f5a37577ffff,892f5a3756bffff,1706684673,1127244318,11.0698,0.416372,athlete
892f5a37577ffff,892f5a3756fffff,1706684673,1127244105,8.5916,0.609714,athlete
892f5a37577ffff,892f5a37573ffff,1706684673,472382641,6.2897,0.775187,athlete
892f5a37577ffff,892f5a37577ffff,1706684673,1706684673,0.2219,0.999696,athlete
892f5a37577ffff,892f5a3757bffff,1706684673,1135821090,10.0287,0.497745,athlete
892f5a37577ffff,892f5a3758fffff,1706684673,13736742284,19.5355,0.00133,athlete
892f5a37577ffff,892f5a375abffff,1706684673,582802728,15.0479,0.143794,athlete
892f5a37577ffff,892f5a375afffff,1706684673,5506743143,16.0071,0.095163,athlete
892f5a37577ffff,892f5a375c7ffff,1706684673,1664033852,18.895,0.007513,athlete
892f5a37577ffff,892f5a375cbffff,1706684673,2649421029,19.4261,0.00203,athlete
892f5a37577ffff,892f5a375cfffff,1706684673,472382799,17.2028,0.047494,athlete
892f5a3757bffff,892f5a37083ffff,1135821090,9605882522,19.1674,0.00427,athlete
892f5a3757bffff,892f5a37087ffff,1135821090,5109258744,15.3798,0.125998,athlete
892f5a3757bffff,892f5a37097ffff,1135821090,1097931942,16.4879,0.074176,athlete
892f5a3757bffff,892f5a370a3ffff,1135821090,13056197936,10.6869,0.446154,athlete
892f5a3757bffff,892f5a370a7ffff,1135821090,2038377566,9.3238,0.553006,athlete
892f5a3757bffff,892f5a370b3ffff,1135821090,5091968417,9.4074,0.546479,athlete
892f5a3757bffff,892f5a370b7ffff,1135821090,1135820964,8.8912,0.586646,athlete
892f5a3757bffff,892f5a370bbffff,1135821090,5091969121,14.0523,0.202792,athlete
892f5a3757bffff,892f5a37183ffff,1135821090,771032173,17.4035,0.041013,athlete
892f5a3757bffff,892f5a3718bffff,1135821090,666930532,18.2297,0.019208,athlete
892f5a3757bffff,892f5a37193ffff,1135821090,7865126998,16.0889,0.091426,athlete
892f5a3757bffff,892f5a37197ffff,1135821090,839607167,19.9368,2.5e-05,athlete
892f5a3757bffff,892f5a3719bffff,1135821090,1942852587,14.0272,0.204383,athlete
892f5a3757bffff,892f5a371c3ffff,1135821090,581881619,15.1555,0.137916,athlete
892f5a3757bffff,892f5a371c7ffff,1135821090,6383742435,18.1218,0.021603,athlete
892f5a3757bffff,892f5a371d3ffff,1135821090,660528224,12.082,0.339376,athlete
892f5a3757bffff,892f5a371d7ffff,1135821090,1127244247,11.9236,0.351207,athlete
892f5a3757bffff,892f5a37427ffff,1135821090,7947429975,17.0934,0.051215,athlete
892f5a3757bffff,892f5a3742fffff,1135821090,2196826810,18.8755,0.00778,athlete
892f5a3757bffff,892f5a37503ffff,1135821090,6237227412,13.6937,0.225906,athlete
892f5a3757bffff,892f5a37507ffff,1135821090,9933084480,16.1623,0.088131,athlete
892f5a3757bffff,892f5a3750bffff,1135821090,4716326321,10.6079,0.452331,athlete
892f5a3757bffff,892f5a3750fffff,1135821090,472360248,10.8638,0.432367,athlete
892f5a3757bffff,892f5a37513ffff,1135821090,11538316379,19.707,0.00053,athlete
892f5a3757bffff,892f5a37517ffff,1135821090,6283520292,19.7365,0.000428,athlete
892f5a3757bffff,892f5a3751bffff,1135821090,4716623608,15.4826,0.120684,athlete
892f5a3757bffff,892f5a3752bffff,1135821090,472360457,16.3022,0.082003,athlete
892f5a3757bffff,892f5a3752fffff,1135821090,10293242124,18.1646,0.020637,athlete
892f5a3757bffff,892f5a3753bffff,1135821090,1094547495,15.4466,0.122533,athlete
892f5a3757bffff,892f5a37543ffff,1135821090,1097906783,8.9523,0.581916,athlete
892f5a3757bffff,892f5a37547ffff,1135821090,7966410040,6.3942,0.768297,athlete
892f5a3757bffff,892f5a3754bffff,1135821090,1097906906,11.1046,0.413682,athlete
892f5a3757bffff,892f5a3754fffff,1135821090,8908901051,8.2846,0.6331,athlete
892f5a3757bffff,892f5a37553ffff,1135821090,472382750,14.3054,0.187046,athlete
892f5a3757bffff,892f5a37557ffff,1135821090,2704049830,13.2587,0.255095,athlete
892f5a3757bffff,892f5a3755bffff,1135821090,1097906786,14.9299,0.150359,athlete
892f5a3757bffff,892f5a37563ffff,1135821090,6326922164,6.766,0.743214,athlete
892f5a3757bffff,892f5a37567ffff,1135821090,2865895571,10.8598,0.432676,athlete
892f5a3757bffff,892f5a3756bffff,1135821090,1127244318,5.6954,0.812905,athlete
892f5a3757bffff,892f5a3756fffff,1135821090,1127244105,9.9346,0.505135,athlete
892f5a3757bffff,892f5a37573ffff,1135821090,472382641,6.2192,0.779791,athlete
892f5a3757bffff,892f5a37577ffff,1135821090,1706684673,10.2714,0.478689,athlete
892f5a3757bffff,892f5a3757bffff,1135821090,1135821090,0.4707,0.998634,athlete
892f5a3757bffff,892f5a375cbffff,1135821090,2649421029,19.754,0.000373,athlete
892f5a3757bffff,892f5a375cfffff,1135821090,472382799,18.2074,0.019691,athlete
892f5a37583ffff,892f5a36643ffff,1813858066,1520857952,19.0515,0.00554,athlete
892f5a37583ffff,892f5a36647ffff,1813858066,295413512,18.5871,0.012263,athlete
892f5a37583ffff,892f5a3664bffff,1813858066,8364977378,12.5866,0.30239,athlete
892f5a37583ffff,892f5a3664fffff,1813858066,475762598,15.5568,0.116917,athlete
892f5a37583ffff,892f5a36653ffff,1813858066,1520857592,16.6282,0.068504,athlete
892f5a37583ffff,892f5a36657ffff,1813858066,10548487822,19.5273,0.001378,athlete
892f5a37583ffff,892f5a3665bffff,1813858066,475768206,10.9314,0.42711,athlete
892f5a37583ffff,892f5a3667bffff,1813858066,978985095,19.8828,8.5e-05,athlete
892f5a37583ffff,892f5a366cbffff,1813858066,7374097405,18.7529,0.009563,athlete
892f5a37583ffff,892f5a374a7ffff,1813858066,9791542150,18.7458,0.009672,athlete
892f5a37583ffff,892f5a37503ffff,1813858066,6237227412,16.5011,0.073634,athlete
892f5a37583ffff,892f5a37507ffff,1813858066,9933084480,18.0247,0.023876,athlete
892f5a37583ffff,892f5a3750bffff,1813858066,4716326321,19.7414,0.000413,athlete
892f5a37583ffff,892f5a37513ffff,1813858066,11538316379,10.4696,0.463152,athlete
892f5a37583ffff,892f5a37517ffff,1813858066,6283520292,14.4975,0.175427,athlete
892f5a37583ffff,892f5a3751bffff,1813858066,4716623608,15.6228,0.113603,athlete
892f5a37583ffff,892f5a37583ffff,1813858066,1813858066,0.2413,0.999641,athlete
892f5a37583ffff,892f5a37587ffff,1813858066,475770391,13.5584,0.234849,athlete
892f5a37583ffff,892f5a3758bffff,1813858066,6281439102,8.4405,0.621261,athlete
892f5a37583ffff,892f5a3758fffff,1813858066,13736742284,7.6548,0.680053,athlete
892f5a37583ffff,892f5a37593ffff,1813858066,255996108,12.4742,0.310529,athlete
892f5a37583ffff,892f5a37597ffff,1813858066,13140663722,12.319,0.321866,athlete
892f5a37583ffff,892f5a3759bffff,1813858066,255995938,7.9412,0.658894,athlete
892f5a37583ffff,892f5a375abffff,1813858066,582802728,17.2521,0.04586,athlete
892f5a37583ffff,892f5a375b3ffff,1813858066,475758058,17.5953,0.035248,athlete
892f5a37583ffff,892f5a375bbffff,1813858066,472359980,12.5176,0.307384,athlete
892f5a37583ffff,892f5a375c3ffff,1813858066,472447266,13.639,0.229505,athlete
892f5a37583ffff,892f5a375c7ffff,1813858066,1664033852,13.2419,0.256246,athlete
892f5a37583ffff,892f5a375cbffff,1813858066,2649421029,18.3389,0.016925,athlete
892f5a37583ffff,892f5a375cfffff,1813858066,472382799,15.9393,0.098313,athlete
892f5a37583ffff,892f5a375d3ffff,1813858066,4717672327,14.3321,0.185416,athlete
892f5a37583ffff,892f5a375d7ffff,1813858066,472447132,9.58,0.532965,athlete
892f5a37583ffff,892f5a375dbffff,1813858066,475368843,19.9023,5.9e-05,athlete
892f5a37583ffff,892f5aadb03ffff,1813858066,4908207838,19.2833,0.003165,athlete
892f5a37583ffff,892f5aadb07ffff,1813858066,9239285385,17.9163,0.026545,athlete
892f5a37583ffff,892f5aadb0fffff,1813858066,6206442994,16.2403,0.084688,athlete
892f5a37583ffff,892f5aadb23ffff,1813858066,6206442559,13.2991,0.252329,athlete
892f5a37583ffff,892f5aadb27ffff,1813858066,517549695,12.2704,0.325442,athlete
892f5a37583ffff,892f5aadb2bffff,1813858066,1986321871,10.5463,0.457145,athlete
892f5a37583ffff,892f5aadb2fffff,1813858066,5180913963,8.1793,0.641053,athlete
892f5a37583ffff,892f5aadb33ffff,1813858066,517548726,17.7713,0.030327,athlete
892f5a37583ffff,892f5aadb37ffff,1813858066,2393515085,15.6919,0.110182,athlete
892f5a37583ffff,892f5aadb3bffff,1813858066,13240346340,12.4635,0.311311,athlete
892f5a37583ffff,892f5aadb63ffff,1813858066,2375772172,13.5263,0.236992,athlete
892f5a37583ffff,892f5aadb67ffff,1813858066,305443506,11.4479,0.38726,athlete
892f5a37583ffff,892f5aadb6bffff,1813858066,472447041,15.4303,0.123373,athlete
892f5a37583ffff,892f5aadb6fffff,1813858066,5422306027,10.5347,0.458056,athlete
892f5a37583ffff,892f5aadb77ffff,1813858066,2377135303,15.4079,0.124535,athlete
892f5a37583ffff,892f5aadb7bffff,1813858066,5025536627,17.6218,0.034485,athlete
892f5a37587ffff,892f5a36643ffff,475770391,1520857952,18.9412,0.0069,athlete
892f5a37587ffff,892f5a36647ffff,475770391,295413512,17.1935,0.047804,athlete
892f5a37587ffff,892f5a3664bffff,475770391,8364977378,8.3776,0.626046,athlete
892f5a37587ffff,892f5a3664fffff,475770391,475762598,13.656,0.228384,athlete
892f5a37587ffff,892f5a36653ffff,475770391,1520857592,16.5179,0.072946,athlete
892f5a37587ffff,892f5a36657ffff,475770391,10548487822,19.417,0.002095,athlete
892f5a37587ffff,892f5a3665bffff,475770391,475768206,10.1195,0.490612,athlete
892f5a37587ffff,892f5a3666bffff,475770391,2199562412,19.8672,0.000109,athlete
892f5a37587ffff,892f5a3667bffff,475770391,978985095,17.8299,0.028769,athlete
892f5a37587ffff,892f5a366cbffff,475770391,7374097405,18.6426,0.011323,athlete
892f5a37587ffff,892f5a37503ffff,475770391,6237227412,13.7485,0.22231,athlete
892f5a37587ffff,892f5a37507ffff,475770391,9933084480,14.2218,0.192196,athlete
892f5a37587ffff,892f5a3750bffff,475770391,4716326321,19.2365,0.003591,athlete
892f5a37587ffff,892f5a3750fffff,475770391,472360248,17.44,0.039883,athlete
892f5a37587ffff,892f5a37513ffff,475770391,11538316379,12.0904,0.338757,athlete
892f5a37587ffff,892f5a37517ffff,475770391,6283520292,9.6606,0.526642,athlete
892f5a37587ffff,892f5a3751bffff,475770391,4716623608,17.8341,0.02866,athlete
892f5a37587ffff,892f5a37533ffff,475770391,9954179094,16.9669,0.055683,athlete
892f5a37587ffff,892f5a37537ffff,475770391,5495728727,18.9952,0.006215,athlete
892f5a37587ffff,892f5a37583ffff,475770391,1813858066,13.9969,0.206305,athlete
892f5a37587ffff,892f5a37587ffff,475770391,475770391,0.5025,0.998443,athlete
892f5a37587ffff,892f5a3758bffff,475770391,6281439102,13.0974,0.266215,athlete
892f5a37587ffff,892f5a3758fffff,475770391,13736742284,6.9224,0.732408,athlete
892f5a37587ffff,892f5a37597ffff,475770391,13140663722,6.4501,0.764584,athlete
892f5a37587ffff,892f5a3759bffff,475770391,255995938,17.2194,0.04694,athlete
892f5a37587ffff,892f5a375a3ffff,475770391,9954223273,15.66,0.111758,athlete
892f5a37587ffff,892f5a375a7ffff,475770391,2327217335,17.1808,0.048232,athlete
892f5a37587ffff,892f5a375abffff,475770391,582802728,11.2949,0.398997,athlete
892f5a37587ffff,892f5a375afffff,475770391,5506743143,15.7235,0.108635,athlete
892f5a37587ffff,892f5a375b3ffff,475770391,475758058,8.4638,0.619488,athlete
892f5a37587ffff,892f5a375b7ffff,475770391,2890576069,15.8394,0.103033,athlete
892f5a37587ffff,892f5a375bbffff,475770391,472359980,6.3887,0.768665,athlete
892f5a37587ffff,892f5a375c7ffff,475770391,1664033852,15.6867,0.11044,athlete
892f5a37587ffff,892f5a375cfffff,475770391,472382799,19.1611,0.004335,athlete
892f5a37587ffff,892f5a375d7ffff,475770391,472447132,16.5001,0.073675,athlete
892f5a37587ffff,892f5aadb23ffff,475770391,6206442559,16.3701,0.0791,athlete
892f5a37587ffff,892f5aadb27ffff,475770391,517549695,13.1311,0.263881,athlete
892f5a37587ffff,892f5aadb2bffff,475770391,1986321871,18.1154,0.021749,athlete
892f5a37587ffff,892f5aadb2fffff,475770391,5180913963,12.7433,0.291152,athlete
892f5a37587ffff,892f5aadb37ffff,475770391,2393515085,17.9469,0.025777,athlete
892f5a37587ffff,892f5aadb3bffff,475770391,13240346340,19.483,0.001648,athlete
892f5a37587ffff,892f5aadb6fffff,475770391,5422306027,19.1919,0.004023,athlete
892f5a3758bffff,892f5a3664bffff,6281439102,8364977378,18.4139,0.015439,athlete
892f5a3758bffff,892f5a3665bffff,6281439102,475768206,18.044,0.023416,athlete
892f5a3758bffff,892f5a37427ffff,6281439102,7947429975,18.8455,0.0082,athlete
892f5a3758bffff,892f5a37437ffff,6281439102,6240815386,16.5724,0.070738,athlete
892f5a3758bffff,892f5a374a7ffff,6281439102,9791542150,15.9444,0.098074,athlete
892f5a3758bffff,892f5a374afffff,6281439102,475368981,19.254,0.003429,athlete
892f5a3758bffff,892f5a374b7ffff,6281439102,4511333938,18.363,0.016439,athlete
892f5a3758bffff,892f5a37503ffff,6281439102,6237227412,13.2293,0.257109,athlete
892f5a3758bffff,892f5a37507ffff,6281439102,9933084480,15.0012,0.14638,athlete
892f5a3758bffff,892f5a3750bffff,6281439102,4716326321,16.1754,0.087547,athlete
892f5a3758bffff,892f5a3750fffff,6281439102,472360248,16.9626,0.055839,athlete
892f5a3758bffff,892f5a37513ffff,6281439102,11538316379,7.0156,0.7259,athlete
892f5a3758bffff,892f5a37517ffff,6281439102,6283520292,11.9146,0.351885,athlete
892f5a3758bffff,892f5a3751bffff,6281439102,4716623608,11.8935,0.35347,athlete
892f5a3758bffff,892f5a37533ffff,6281439102,9954179094,19.1449,0.004504,athlete
892f5a3758bffff,892f5a37543ffff,6281439102,1097906783,19.2958,0.003056,athlete
892f5a3758bffff,892f5a37547ffff,6281439102,7966410040,19.7132,0.000507,athlete
892f5a3758bffff,892f5a37553ffff,6281439102,472382750,16.2491,0.084306,athlete
892f5a3758bffff,892f5a37557ffff,6281439102,2704049830,16.025,0.094342,athlete
892f5a3758bffff,892f5a3755bffff,6281439102,1097906786,18.8838,0.007665,athlete
892f5a3758bffff,892f5a37583ffff,6281439102,1813858066,8.7943,0.594133,athlete
892f5a3758bffff,892f5a37587ffff,6281439102,475770391,12.3878,0.31683,athlete
892f5a3758bffff,892f5a3758bffff,6281439102,6281439102,0.3805,0.999107,athlete
892f5a3758bffff,892f5a3758fffff,6281439102,13736742284,6.5237,0.759662,athlete
892f5a3758bffff,892f5a37593ffff,6281439102,255996108,14.752,0.160485,athlete
892f5a3758bffff,892f5a37597ffff,6281439102,13140663722,17.6674,0.033188,athlete
892f5a3758bffff,892f5a3759bffff,6281439102,255995938,10.2189,0.482807,athlete
892f5a3758bffff,892f5a375abffff,6281439102,582802728,15.7706,0.106343,athlete
892f5a3758bffff,892f5a375afffff,6281439102,5506743143,18.9775,0.006435,athlete
892f5a3758bffff,892f5a375b3ffff,6281439102,475758058,16.6059,0.069392,athlete
892f5a3758bffff,892f5a375bbffff,6281439102,472359980,11.3469,0.395,athlete
892f5a3758bffff,892f5a375c3ffff,6281439102,472447266,10.5324,0.458231,athlete
892f5a3758bffff,892f5a375c7ffff,6281439102,1664033852,8.0612,0.64993,athlete
892f5a3758bffff,892f5a375cbffff,6281439102,2649421029,13.577,0.233616,athlete
892f5a3758bffff,892f5a375cfffff,6281439102,472382799,11.0191,0.420305,athlete
892f5a3758bffff,892f5a375d3ffff,6281439102,4717672327,11.5307,0.380935,athlete
892f5a3758bffff,892f5a375d7ffff,6281439102,472447132,6.9283,0.732001,athlete
892f5a3758bffff,892f5a375dbffff,6281439102,475368843,16.9518,0.056228,athlete
892f5a3758bffff,892f5aadb27ffff,6281439102,517549695,19.7764,0.000308,athlete
892f5a3758bffff,892f5aadb2bffff,6281439102,1986321871,18.3019,0.017681,athlete
892f5a3758bffff,892f5aadb2fffff,6281439102,5180913963,15.6854,0.110505,athlete
892f5a3758bffff,892f5aadb63ffff,6281439102,2375772172,15.3033,0.13001,athlete
892f5a3758bffff,892f5aadb67ffff,6281439102,305443506,13.7256,0.223808,athlete
892f5a3758bffff,892f5aadb6bffff,6281439102,472447041,13.0854,0.267051,athlete
892f5a3758bffff,892f5aadb6fffff,6281439102,5422306027,9.9379,0.504881,athlete
892f5a3758bffff,892f5aadb77ffff,6281439102,2377135303,17.6298,0.034256,athlete
892f5a3758bffff,892f5aadb7bffff,6281439102,5025536627,17.4002,0.041116,athlete
892f5a3758fffff,892f5a362dbffff,13736742284,471978558,19.9157,4.4e-05,athlete
892f5a3758fffff,892f5a3664bffff,13736742284,8364977378,12.9513,0.27642,athlete
892f5a3758fffff,892f5a3664fffff,13736742284,475762598,15.2049,0.135254,athlete
892f5a3758fffff,892f5a3665bffff,13736742284,475768206,15.7597,0.106872,athlete
892f5a3758fffff,892f5a3667bffff,13736742284,978985095,19.3788,0.002379,athlete
892f5a3758fffff,892f5a374a7ffff,13736742284,9791542150,19.5246,0.001393,athlete
892f5a3758fffff,892f5a37503ffff,13736742284,6237227412,9.5754,0.533323,athlete
892f5a3758fffff,892f5a37507ffff,13736742284,9933084480,10.6865,0.446188,athlete
892f5a3758fffff,892f5a3750bffff,13736742284,4716326321,14.6909,0.164021,athlete
892f5a3758fffff,892f5a3750fffff,13736742284,472360248,13.2956,0.252569,athlete
892f5a3758fffff,892f5a37513ffff,13736742284,11538316379,5.648,0.815799,athlete
892f5a3758fffff,892f5a37517ffff,13736742284,6283520292,7.1819,0.714172,athlete
892f5a3758fffff,892f5a3751bffff,13736742284,4716623608,11.2827,0.399941,athlete
892f5a3758fffff,892f5a37533ffff,13736742284,9954179094,14.8302,0.156002,athlete
892f5a3758fffff,892f5a37537ffff,13736742284,5495728727,16.6527,0.067536,athlete
892f5a3758fffff,892f5a3753bffff,13736742284,1094547495,16.4918,0.074016,athlete
892f5a3758fffff,892f5a37543ffff,13736742284,1097906783,19.5912,0.001031,athlete
892f5a3758fffff,892f5a37547ffff,13736742284,7966410040,18.2287,0.01923,athlete
892f5a3758fffff,892f5a37553ffff,13736742284,472382750,18.7044,0.010319,athlete
892f5a3758fffff,892f5a37557ffff,13736742284,2704049830,16.2415,0.084638,athlete
892f5a3758fffff,892f5a37573ffff,13736742284,472382641,16.3564,0.079681,athlete
892f5a3758fffff,892f5a37577ffff,13736742284,1706684673,18.5969,0.012095,athlete
892f5a3758fffff,892f5a37583ffff,13736742284,1813858066,7.8072,0.668838,athlete
892f5a3758fffff,892f5a37587ffff,13736742284,475770391,6.9252,0.732214,athlete
892f5a3758fffff,892f5a3758bffff,13736742284,6281439102,6.9077,0.73343,athlete
892f5a3758fffff,892f5a3758fffff,13736742284,13736742284,0.3166,0.999382,athlete
892f5a3758fffff,892f5a37593ffff,13736742284,255996108,15.6252,0.113484,athlete
892f5a3758fffff,892f5a37597ffff,13736742284,13140663722,12.2048,0.330273,athlete
892f5a3758fffff,892f5a3759bffff,13736742284,255995938,11.0922,0.414641,athlete
892f5a3758fffff,892f5a375a3ffff,13736742284,9954223273,15.9064,0.099856,athlete
892f5a3758fffff,892f5a375a7ffff,13736742284,2327217335,17.4272,0.040279,athlete
892f5a3758fffff,892f5a375abffff,13736742284,582802728,10.0063,0.499505,athlete
892f5a3758fffff,892f5a375afffff,13736742284,5506743143,12.8326,0.284795,athlete
892f5a3758fffff,892f5a375b3ffff,13736742284,475758058,11.1433,0.410684,athlete
892f5a3758fffff,892f5a375b7ffff,13736742284,2890576069,16.8673,0.059324,athlete
892f5a3758fffff,892f5a375bbffff,13736742284,472359980,5.8843,0.801193,athlete
892f5a3758fffff,892f5a375c3ffff,13736742284,472447266,13.9952,0.206413,athlete
892f5a3758fffff,892f5a375c7ffff,13736742284,1664033852,9.4605,0.54232,athlete
892f5a3758fffff,892f5a375cbffff,13736742284,2649421029,17.5584,0.036325,athlete
892f5a3758fffff,892f5a375cfffff,13736742284,472382799,12.935,0.277568,athlete
892f5a3758fffff,892f5a375d3ffff,13736742284,4717672327,15.1109,0.140341,athlete
892f5a3758fffff,892f5a375d7ffff,13736742284,472447132,10.274,0.478489,athlete
892f5a3758fffff,892f5aadb23ffff,13736742284,6206442559,19.6946,0.000575,athlete
892f5a3758fffff,892f5aadb27ffff,13736742284,517549695,18.6658,0.01094,athlete
892f5a3758fffff,892f5aadb2bffff,13736742284,1986321871,17.1914,0.047875,athlete
892f5a3758fffff,892f5aadb2fffff,13736742284,5180913963,14.5748,0.170831,athlete
892f5a3758fffff,892f5aadb3bffff,13736742284,13240346340,19.1086,0.004894,athlete
892f5a3758fffff,892f5aadb63ffff,13736742284,2375772172,16.6773,0.066571,athlete
892f5a3758fffff,892f5aadb67ffff,13736742284,305443506,14.5989,0.169411,athlete
892f5a3758fffff,892f5aadb6bffff,13736742284,472447041,16.4311,0.076533,athlete
892f5a3758fffff,892f5aadb6fffff,13736742284,5422306027,12.9657,0.275407,athlete
892f5a3758fffff,892f5aadb77ffff,13736742284,2377135303,18.7976,0.008891,athlete
892f5a37593ffff,892f5a36653ffff,255996108,1520857592,19.6723,0.000662,athlete
892f5a37593ffff,892f5a3665bffff,255996108,475768206,16.0201,0.094566,athlete
892f5a37593ffff,892f5a374a7ffff,255996108,9791542150,18.4525,0.0147,athlete
892f5a37593ffff,892f5a374b7ffff,255996108,4511333938,19.4577,0.001813,athlete
892f5a37593ffff,892f5a37513ffff,255996108,11538316379,17.8918,0.027167,athlete
892f5a37593ffff,892f5a37583ffff,255996108,1813858066,15.1754,0.136838,athlete
892f5a37593ffff,892f5a3758bffff,255996108,6281439102,16.062,0.092649,athlete
892f5a37593ffff,892f5a3758fffff,255996108,13736742284,16.0665,0.092445,athlete
892f5a37593ffff,892f5a37593ffff,255996108,255996108,0.2758,0.999531,athlete
892f5a37593ffff,892f5a3759bffff,255996108,255995938,7.1765,0.714561,athlete
892f5a37593ffff,892f5a375c3ffff,255996108,472447266,16.7731,0.062869,athlete
892f5a37593ffff,892f5a375c7ffff,255996108,1664033852,17.683,0.032752,athlete
892f5a37593ffff,892f5a375cfffff,255996108,472382799,19.7189,0.000487,athlete
892f5a37593ffff,892f5a375d3ffff,255996108,4717672327,14.4593,0.177716,athlete
892f5a37593ffff,892f5a375d7ffff,255996108,472447132,12.8937,0.280473,athlete
892f5a37593ffff,892f5aadb03ffff,255996108,4908207838,16.942,0.056582,athlete
892f5a37593ffff,892f5aadb07ffff,255996108,9239285385,15.575,0.115998,athlete
892f5a37593ffff,892f5aadb0fffff,255996108,6206442994,13.8991,0.212558,athlete
892f5a37593ffff,892f5aadb23ffff,255996108,6206442559,11.8766,0.354739,athlete
892f5a37593ffff,892f5aadb27ffff,255996108,517549695,15.0958,0.141167,athlete
892f5a37593ffff,892f5aadb2bffff,255996108,1986321871,7.1607,0.715679,athlete
892f5a37593ffff,892f5aadb2fffff,255996108,5180913963,13.5044,0.238455,athlete
892f5a37593ffff,892f5aadb33ffff,255996108,517548726,15.8113,0.10438,athlete
892f5a37593ffff,892f5aadb37ffff,255996108,2393515085,15.762,0.106759,athlete
892f5a37593ffff,892f5aadb3bffff,255996108,13240346340,10.1222,0.4904,athlete
892f5a37593ffff,892f5aadb63ffff,255996108,2375772172,9.4078,0.546441,athlete
892f5a37593ffff,892f5aadb67ffff,255996108,305443506,4.4818,0.881131,athlete
892f5a37593ffff,892f5aadb6bffff,255996108,472447041,14.2051,0.193233,athlete
892f5a37593ffff,892f5aadb6fffff,255996108,5422306027,9.1777,0.564405,athlete
892f5a37593ffff,892f5aadb73ffff,255996108,4870614084,19.5005,0.001538,athlete
892f5a37593ffff,892f5aadb77ffff,255996108,2377135303,8.2839,0.633158,athlete
892f5a37593ffff,892f5aadb7bffff,255996108,5025536627,16.2056,0.086213,athlete
892f5a37593ffff,892f5aadbabffff,255996108,307423640,19.4062,0.002174,athlete
892f5a37597ffff,892f5a3660bffff,13140663722,6282956810,18.0276,0.023807,athlete
892f5a37597ffff,892f5a36643ffff,13140663722,1520857952,15.0006,0.146413,athlete
892f5a37597ffff,892f5a36647ffff,13140663722,295413512,13.2669,0.254534,athlete
892f5a37597ffff,892f5a3664bffff,13140663722,8364977378,6.3908,0.768522,athlete
892f5a37597ffff,892f5a3664fffff,13140663722,475762598,10.2365,0.48143,athlete
892f5a37597ffff,892f5a36653ffff,13140663722,1520857592,12.5774,0.303059,athlete
892f5a37597ffff,892f5a36657ffff,13140663722,10548487822,15.4764,0.121002,athlete
892f5a37597ffff,892f5a3665bffff,13140663722,475768206,6.179,0.782405,athlete
892f5a37597ffff,892f5a36663ffff,13140663722,318826549,19.3632,0.002499,athlete
892f5a37597ffff,892f5a3666bffff,13140663722,2199562412,19.4327,0.001984,athlete
892f5a37597ffff,892f5a36673ffff,13140663722,861244781,17.2673,0.04536,athlete
892f5a37597ffff,892f5a3667bffff,13140663722,978985095,14.5625,0.171556,athlete
892f5a37597ffff,892f5a366c3ffff,13140663722,10588174561,18.1266,0.021493,athlete
892f5a37597ffff,892f5a366cbffff,13140663722,7374097405,14.702,0.163376,athlete
892f5a37597ffff,892f5a366cfffff,13140663722,1485314845,17.3244,0.043514,athlete
892f5a37597ffff,892f5a366dbffff,13140663722,6277517902,18.3728,0.016244,athlete
892f5a37597ffff,892f5a37503ffff,13140663722,6237227412,17.895,0.027086,athlete
892f5a37597ffff,892f5a37507ffff,13140663722,9933084480,18.3682,0.016335,athlete
892f5a37597ffff,892f5a37513ffff,13140663722,11538316379,16.2368,0.084842,athlete
892f5a37597ffff,892f5a37517ffff,13140663722,6283520292,13.8071,0.2185,athlete
892f5a37597ffff,892f5a37583ffff,13140663722,1813858066,11.3717,0.393102,athlete
892f5a37597ffff,892f5a37587ffff,13140663722,475770391,4.8503,0.861767,athlete
892f5a37597ffff,892f5a3758bffff,13140663722,6281439102,17.2438,0.046131,athlete
892f5a37597ffff,892f5a3758fffff,13140663722,13736742284,11.0688,0.416448,athlete
892f5a37597ffff,892f5a37597ffff,13140663722,13140663722,0.5201,0.998332,athlete
892f5a37597ffff,892f5a3759bffff,13140663722,255995938,16.3446,0.080183,athlete
892f5a37597ffff,892f5a375a3ffff,13140663722,9954223273,19.8064,0.000231,athlete
892f5a37597ffff,892f5a375abffff,13140663722,582802728,15.4414,0.122805,athlete
892f5a37597ffff,892f5a375afffff,13140663722,5506743143,19.8699,0.000104,athlete
892f5a37597ffff,892f5a375b3ffff,13140663722,475758058,10.0047,0.49963,athlete
892f5a37597ffff,892f5a375b7ffff,13140663722,2890576069,16.2663,0.083554,athlete
892f5a37597ffff,892f5a375bbffff,13140663722,472359980,10.5351,0.458024,athlete
892f5a37597ffff,892f5a375c7ffff,13140663722,1664033852,19.8331,0.000172,athlete
892f5a37597ffff,892f5a375d7ffff,13140663722,472447132,18.3559,0.016582,athlete
892f5a37597ffff,892f5aadb0fffff,13140663722,6206442994,19.2965,0.00305,athlete
892f5a37597ffff,892f5aadb23ffff,13140663722,6206442559,12.2817,0.324611,athlete
892f5a37597ffff,892f5aadb27ffff,13140663722,517549695,9.1905,0.563405,athlete
892f5a37597ffff,892f5aadb2bffff,13140663722,1986321871,14.027,0.204396,athlete
892f5a37597ffff,892f5aadb2fffff,13140663722,5180913963,8.6548,0.604866,athlete
892f5a37597ffff,892f5aadb33ffff,13140663722,517548726,16.7539,0.063604,athlete
892f5a37597ffff,892f5aadb37ffff,13140663722,2393515085,14.0063,0.205706,athlete
892f5a37597ffff,892f5aadb3bffff,13140663722,13240346340,15.3946,0.125227,athlete
892f5a37597ffff,892f5aadb67ffff,13140663722,305443506,19.8438,0.000151,athlete
892f5a37597ffff,892f5aadb6fffff,13140663722,5422306027,19.1211,0.004757,athlete
892f5a37597ffff,892f5aadb77ffff,13140663722,2377135303,18.8886,0.007601,athlete
892f5a37597ffff,892f5aadbafffff,13140663722,307423619,18.5616,0.012708,athlete
892f5a3759bffff,892f5a3664bffff,255995938,8364977378,19.2274,0.003677,athlete
892f5a3759bffff,892f5a3665bffff,255995938,475768206,17.5722,0.035921,athlete
892f5a3759bffff,892f5a37437ffff,255995938,6240815386,18.9056,0.00737,athlete
892f5a3759bffff,892f5a374a3ffff,255995938,7942739530,19.716,0.000497,athlete
892f5a3759bffff,892f5a374a7ffff,255995938,9791542150,14.8403,0.155426,athlete
892f5a3759bffff,892f5a374afffff,255995938,475368981,19.2774,0.003218,athlete
892f5a3759bffff,892f5a374b7ffff,255995938,4511333938,15.8455,0.102743,athlete
892f5a3759bffff,892f5a37503ffff,255995938,6237227412,18.2857,0.01802,athlete
892f5a3759bffff,892f5a37513ffff,255995938,11538316379,12.3813,0.317305,athlete
892f5a3759bffff,892f5a37517ffff,255995938,6283520292,17.1439,0.049482,athlete
892f5a3759bffff,892f5a3751bffff,255995938,4716623608,16.7135,0.065162,athlete
892f5a3759bffff,892f5a37553ffff,255995938,472382750,19.2801,0.003193,athlete
892f5a3759bffff,892f5a37557ffff,255995938,2704049830,19.2144,0.003803,athlete
892f5a3759bffff,892f5a37583ffff,255995938,1813858066,9.665,0.526301,athlete
892f5a3759bffff,892f5a37587ffff,255995938,475770391,16.2048,0.086247,athlete
892f5a3759bffff,892f5a3758bffff,255995938,6281439102,10.5515,0.456738,athlete
892f5a3759bffff,892f5a3758fffff,255995938,13736742284,10.556,0.456388,athlete
892f5a3759bffff,892f5a37593ffff,255995938,255996108,6.199,0.781106,athlete
892f5a3759bffff,892f5a37597ffff,255995938,13140663722,18.9598,0.00666,athlete
892f5a3759bffff,892f5a3759bffff,255995938,255995938,1.666,0.982977,athlete
892f5a3759bffff,892f5a375abffff,255995938,582802728,19.8985,6.4e-05,athlete
892f5a3759bffff,892f5a375bbffff,255995938,472359980,15.164,0.137459,athlete
892f5a3759bffff,892f5a375c3ffff,255995938,472447266,11.7267,0.366043,athlete
892f5a3759bffff,892f5a375c7ffff,255995938,1664033852,12.1725,0.332665,athlete
892f5a3759bffff,892f5a375cbffff,255995938,2649421029,16.608,0.069309,athlete
892f5a3759bffff,892f5a375cfffff,255995938,472382799,14.2084,0.193023,athlete
892f5a3759bffff,892f5a375d3ffff,255995938,4717672327,10.8471,0.433667,athlete
892f5a3759bffff,892f5a375d7ffff,255995938,472447132,7.3833,0.69978,athlete
892f5a3759bffff,892f5a375dbffff,255995938,475368843,16.7501,0.063747,athlete
892f5a3759bffff,892f5aadb07ffff,255995938,9239285385,19.0507,0.005548,athlete
892f5a3759bffff,892f5aadb0fffff,255995938,6206442994,17.3748,0.041912,athlete
892f5a3759bffff,892f5aadb23ffff,255995938,6206442559,15.3523,0.127432,athlete
892f5a3759bffff,892f5aadb27ffff,255995938,517549695,18.5715,0.012534,athlete
892f5a3759bffff,892f5aadb2bffff,255995938,1986321871,10.6364,0.450098,athlete
892f5a3759bffff,892f5aadb2fffff,255995938,5180913963,14.8201,0.156576,athlete
892f5a3759bffff,892f5aadb33ffff,255995938,517548726,19.287,0.003132,athlete
892f5a3759bffff,892f5aadb37ffff,255995938,2393515085,19.2377,0.00358,athlete
892f5a3759bffff,892f5aadb3bffff,255995938,13240346340,13.598,0.232221,athlete
892f5a3759bffff,892f5aadb47ffff,255995938,11061297136,18.0034,0.024389,athlete
892f5a3759bffff,892f5aadb4fffff,255995938,4511333552,16.9882,0.054917,athlete
892f5a3759bffff,892f5aadb63ffff,255995938,2375772172,7.2511,0.709253,athlete
892f5a3759bffff,892f5aadb67ffff,255995938,305443506,5.1727,0.843835,athlete
892f5a3759bffff,892f5aadb6bffff,255995938,472447041,10.5929,0.453503,athlete
892f5a3759bffff,892f5aadb6fffff,255995938,5422306027,5.5655,0.820795,athlete
892f5a3759bffff,892f5aadb73ffff,255995938,4870614084,16.5387,0.072101,athlete
892f5a3759bffff,892f5aadb77ffff,255995938,2377135303,9.3714,0.549288,athlete
892f5a3759bffff,892f5aadb7bffff,255995938,5025536627,12.5934,0.301901,athlete
892f5a375a3ffff,892f5a3629bffff,9954223273,1304643617,19.0098,0.006036,athlete
892f5a375a3ffff,892f5a362c3ffff,9954223273,7946433661,16.9556,0.056092,athlete
892f5a375a3ffff,892f5a362cbffff,9954223273,472359869,17.1896,0.047936,athlete
892f5a375a3ffff,892f5a362d3ffff,9954223273,471978645,14.5056,0.17494,athlete
892f5a375a3ffff,892f5a362d7ffff,9954223273,1239449343,18.7382,0.009789,athlete
892f5a375a3ffff,892f5a362dbffff,9954223273,471978558,13.7577,0.221714,athlete
892f5a375a3ffff,892f5a36647ffff,9954223273,295413512,18.4309,0.015111,athlete
892f5a375a3ffff,892f5a3664bffff,9954223273,8364977378,14.9521,0.149118,athlete
892f5a375a3ffff,892f5a3664fffff,9954223273,475762598,14.8764,0.153377,athlete
892f5a375a3ffff,892f5a3666bffff,9954223273,2199562412,14.8325,0.155872,athlete
892f5a375a3ffff,892f5a3667bffff,9954223273,978985095,16.0036,0.095326,athlete
892f5a375a3ffff,892f5a37503ffff,9954223273,6237227412,19.0379,0.005699,athlete
892f5a375a3ffff,892f5a37507ffff,9954223273,9933084480,13.6491,0.22884,athlete
892f5a375a3ffff,892f5a3750fffff,9954223273,472360248,18.0278,0.023802,athlete
892f5a375a3ffff,892f5a37513ffff,9954223273,11538316379,19.882,8.6e-05,athlete
892f5a375a3ffff,892f5a37517ffff,9954223273,6283520292,16.2089,0.086066,athlete
892f5a375a3ffff,892f5a37527ffff,9954223273,9602267747,19.9599,1e-05,athlete
892f5a375a3ffff,892f5a37533ffff,9954223273,9954179094,12.1952,0.330982,athlete
892f5a375a3ffff,892f5a37537ffff,9954223273,5495728727,14.1075,0.199318,athlete
892f5a375a3ffff,892f5a3753bffff,9954223273,1094547495,17.5298,0.03717,athlete
892f5a375a3ffff,892f5a37587ffff,9954223273,475770391,16.1039,0.090749,athlete
892f5a375a3ffff,892f5a3758fffff,9954223273,13736742284,16.3476,0.080058,athlete
892f5a375a3ffff,892f5a375a3ffff,9954223273,9954223273,0.3592,0.999204,athlete
892f5a375a3ffff,892f5a375a7ffff,9954223273,2327217335,6.6192,0.753225,athlete
892f5a375a3ffff,892f5a375abffff,9954223273,582802728,12.8634,0.282614,athlete
892f5a375a3ffff,892f5a375afffff,9954223273,5506743143,9.6632,0.526441,athlete
892f5a375a3ffff,892f5a375b3ffff,9954223273,475758058,12.1649,0.333225,athlete
892f5a375a3ffff,892f5a375b7ffff,9954223273,2890576069,11.6424,0.372433,athlete
892f5a375a3ffff,892f5a375bbffff,9954223273,472359980,11.4354,0.388216,athlete
892f5a375a7ffff,892f5a36213ffff,2327217335,1239443735,18.9638,0.006609,athlete
892f5a375a7ffff,892f5a3621bffff,2327217335,7878186387,17.5658,0.036107,athlete
892f5a375a7ffff,892f5a36253ffff,2327217335,11512438978,15.9356,0.098485,athlete
892f5a375a7ffff,892f5a36257ffff,2327217335,563748914,19.097,0.005022,athlete
892f5a375a7ffff,892f5a3625bffff,2327217335,764851982,19.5165,0.001441,athlete
892f5a375a7ffff,892f5a36283ffff,2327217335,1143784300,16.6697,0.06687,athlete
892f5a375a7ffff,892f5a3628bffff,2327217335,1239449262,15.993,0.095814,athlete
892f5a375a7ffff,892f5a3628fffff,2327217335,1304643606,19.769,0.000329,athlete
892f5a375a7ffff,892f5a36293ffff,2327217335,2201592550,18.4488,0.01477,athlete
892f5a375a7ffff,892f5a3629bffff,2327217335,1304643617,12.661,0.297036,athlete
892f5a375a7ffff,892f5a362c3ffff,2327217335,7946433661,10.5837,0.45422,athlete
892f5a375a7ffff,892f5a362c7ffff,2327217335,896901457,14.7993,0.157767,athlete
892f5a375a7ffff,892f5a362cbffff,2327217335,472359869,10.8177,0.435953,athlete
892f5a375a7ffff,892f5a362cfffff,2327217335,2095799546,14.9644,0.148432,athlete
892f5a375a7ffff,892f5a362d3ffff,2327217335,471978645,8.1266,0.645025,athlete
892f5a375a7ffff,892f5a362d7ffff,2327217335,1239449343,12.3894,0.316713,athlete
892f5a375a7ffff,892f5a362dbffff,2327217335,471978558,7.3858,0.699595,athlete
892f5a375a7ffff,892f5a3660bffff,2327217335,6282956810,18.6258,0.011604,athlete
892f5a375a7ffff,892f5a36647ffff,2327217335,295413512,14.7728,0.159285,athlete
892f5a375a7ffff,892f5a3664bffff,2327217335,8364977378,15.6469,0.112405,athlete
892f5a375a7ffff,892f5a3664fffff,2327217335,475762598,12.6259,0.299558,athlete
892f5a375a7ffff,892f5a36657ffff,2327217335,10548487822,19.5408,0.0013,athlete
892f5a375a7ffff,892f5a36663ffff,2327217335,318826549,14.107,0.199348,athlete
892f5a375a7ffff,892f5a36667ffff,2327217335,1304352208,17.1742,0.048453,athlete
892f5a375a7ffff,892f5a3666bffff,2327217335,2199562412,8.663,0.604235,athlete
892f5a375a7ffff,892f5a3666fffff,2327217335,7263440604,15.9275,0.098866,athlete
892f5a375a7ffff,892f5a36673ffff,2327217335,861244781,15.6251,0.113492,athlete
892f5a375a7ffff,892f5a36677ffff,2327217335,318826498,17.317,0.043751,athlete
892f5a375a7ffff,892f5a3667bffff,2327217335,978985095,11.1879,0.40724,athlete
892f5a375a7ffff,892f5a37503ffff,2327217335,6237227412,19.3923,0.002276,athlete
892f5a375a7ffff,892f5a37507ffff,2327217335,9933084480,14.9371,0.149957,athlete
892f5a375a7ffff,892f5a3750fffff,2327217335,472360248,19.3048,0.002978,athlete
892f5a375a7ffff,892f5a37513ffff,2327217335,11538316379,19.6152,0.000913,athlete
892f5a375a7ffff,892f5a37517ffff,2327217335,6283520292,15.4883,0.120393,athlete
892f5a375a7ffff,892f5a37527ffff,2327217335,9602267747,13.5881,0.232878,athlete
892f5a375a7ffff,892f5a3752fffff,2327217335,10293242124,18.1679,0.020562,athlete
892f5a375a7ffff,892f5a37533ffff,2327217335,9954179094,11.8859,0.354042,athlete
892f5a375a7ffff,892f5a37537ffff,2327217335,5495728727,9.1692,0.56507,athlete
892f5a375a7ffff,892f5a3753bffff,2327217335,1094547495,17.1376,0.049695,athlete
892f5a375a7ffff,892f5a37587ffff,2327217335,475770391,18.4219,0.015284,athlete
892f5a375a7ffff,892f5a3758fffff,2327217335,13736742284,18.6655,0.010945,athlete
892f5a375a7ffff,892f5a375a3ffff,2327217335,9954223273,8.1918,0.640114,athlete
892f5a375a7ffff,892f5a375a7ffff,2327217335,2327217335,0.0983,0.99994,athlete
892f5a375a7ffff,892f5a375abffff,2327217335,582802728,11.6606,0.371054,athlete
892f5a375a7ffff,892f5a375afffff,2327217335,5506743143,6.9292,0.731935,athlete
892f5a375a7ffff,892f5a375b3ffff,2327217335,475758058,12.971,0.275037,athlete
892f5a375a7ffff,892f5a375b7ffff,2327217335,2890576069,7.9843,0.655678,athlete
892f5a375a7ffff,892f5a375bbffff,2327217335,472359980,13.3775,0.247,athlete
892f5a375abffff,892f5a36253ffff,582802728,11512438978,17.5967,0.035207,athlete
892f5a375abffff,892f5a3625bffff,582802728,764851982,19.7321,0.000443,athlete
892f5a375abffff,892f5a362c3ffff,582802728,7946433661,15.5097,0.1193,athlete
892f5a375abffff,892f5a362c7ffff,582802728,896901457,18.924,0.007125,athlete
892f5a375abffff,892f5a362cbffff,582802728,472359869,12.6785,0.295784,athlete
892f5a375abffff,892f5a362cfffff,582802728,2095799546,17.4387,0.039923,athlete
892f5a375abffff,892f5a362d3ffff,582802728,471978645,15.3533,0.127383,athlete
892f5a375abffff,892f5a362d7ffff,582802728,1239449343,19.7019,0.000548,athlete
892f5a375abffff,892f5a362dbffff,582802728,471978558,11.9517,0.349106,athlete
892f5a375abffff,892f5a3664bffff,582802728,8364977378,15.4948,0.120061,athlete
892f5a375abffff,892f5a3664fffff,582802728,475762598,15.4191,0.123952,athlete
892f5a375abffff,892f5a3666bffff,582802728,2199562412,18.184,0.020205,athlete
892f5a375abffff,892f5a3667bffff,582802728,978985095,19.5931,0.001021,athlete
892f5a375abffff,892f5a37193ffff,582802728,7865126998,19.7987,0.00025,athlete
892f5a375abffff,892f5a37503ffff,582802728,6237227412,8.7198,0.599871,athlete
892f5a375abffff,892f5a37507ffff,582802728,9933084480,4.4167,0.884418,athlete
892f5a375abffff,892f5a3750bffff,582802728,4716326321,14.3932,0.181698,athlete
892f5a375abffff,892f5a3750fffff,582802728,472360248,9.0419,0.574963,athlete
892f5a375abffff,892f5a37513ffff,582802728,11538316379,8.9426,0.582666,athlete
892f5a375abffff,892f5a37517ffff,582802728,6283520292,4.9659,0.855443,athlete
892f5a375abffff,892f5a3751bffff,582802728,4716623608,14.6858,0.164319,athlete
892f5a375abffff,892f5a37527ffff,582802728,9602267747,15.1155,0.140092,athlete
892f5a375abffff,892f5a3752bffff,582802728,472360457,14.7955,0.157986,athlete
892f5a375abffff,892f5a3752fffff,582802728,10293242124,16.2731,0.08326,athlete
892f5a375abffff,892f5a37533ffff,582802728,9954179094,6.1412,0.784848,athlete
892f5a375abffff,892f5a37537ffff,582802728,5495728727,8.1176,0.645695,athlete
892f5a375abffff,892f5a3753bffff,582802728,1094547495,9.4989,0.539312,athlete
892f5a375abffff,892f5a37547ffff,582802728,7966410040,16.9918,0.05479,athlete
892f5a375abffff,892f5a37557ffff,582802728,2704049830,17.6041,0.034994,athlete
892f5a375abffff,892f5a37563ffff,582802728,6326922164,17.1556,0.049082,athlete
892f5a375abffff,892f5a37567ffff,582802728,2865895571,17.4044,0.040985,athlete
892f5a375abffff,892f5a37573ffff,582802728,472382641,13.5395,0.236112,athlete
892f5a375abffff,892f5a37577ffff,582802728,1706684673,12.7684,0.289359,athlete
892f5a375abffff,892f5a3757bffff,582802728,1135821090,17.8872,0.027283,athlete
892f5a375abffff,892f5a37583ffff,582802728,1813858066,18.507,0.013687,athlete
892f5a375abffff,892f5a37587ffff,582802728,475770391,11.7465,0.364541,athlete
892f5a375abffff,892f5a3758bffff,582802728,6281439102,15.4878,0.120421,athlete
892f5a375abffff,892f5a3758fffff,582802728,13736742284,11.0164,0.420513,athlete
892f5a375abffff,892f5a37597ffff,582802728,13140663722,16.9015,0.058062,athlete
892f5a375abffff,892f5a375a3ffff,582802728,9954223273,13.3129,0.251389,athlete
892f5a375abffff,892f5a375a7ffff,582802728,2327217335,9.7683,0.518197,athlete
892f5a375abffff,892f5a375abffff,582802728,582802728,0.1574,0.999847,athlete
892f5a375abffff,892f5a375afffff,582802728,5506743143,4.8686,0.860776,athlete
892f5a375abffff,892f5a375b3ffff,582802728,475758058,11.8644,0.355658,athlete
892f5a375abffff,892f5a375b7ffff,582802728,2890576069,15.3484,0.127634,athlete
892f5a375abffff,892f5a375bbffff,582802728,472359980,6.1918,0.781574,athlete
892f5a375abffff,892f5a375c3ffff,582802728,472447266,19.2294,0.003659,athlete
892f5a375abffff,892f5a375c7ffff,582802728,1664033852,14.1003,0.19977,athlete
892f5a375abffff,892f5a375cfffff,582802728,472382799,17.5748,0.035845,athlete
892f5a375abffff,892f5a375d7ffff,582802728,472447132,17.3665,0.042173,athlete
892f5a375afffff,892f5a36213ffff,5506743143,1239443735,18.789,0.009019,athlete
892f5a375afffff,892f5a3621bffff,5506743143,7878186387,17.391,0.041404,athlete
892f5a375afffff,892f5a36243ffff,5506743143,822683298,19.5394,0.001308,athlete
892f5a375afffff,892f5a36253ffff,5506743143,11512438978,14.1945,0.193891,athlete
892f5a375afffff,892f5a36257ffff,5506743143,563748914,17.4211,0.040466,athlete
892f5a375afffff,892f5a3625bffff,5506743143,764851982,17.6417,0.033917,athlete
892f5a375afffff,892f5a3628bffff,5506743143,1239449262,18.657,0.011084,athlete
892f5a375afffff,892f5a3629bffff,5506743143,1304643617,18.1751,0.020403,athlete
892f5a375afffff,892f5a362c3ffff,5506743143,7946433661,11.1192,0.412548,athlete
892f5a375afffff,892f5a362c7ffff,5506743143,896901457,14.9422,0.149669,athlete
892f5a375afffff,892f5a362cbffff,5506743143,472359869,9.1419,0.567193,athlete
892f5a375afffff,892f5a362cfffff,5506743143,2095799546,13.8318,0.216898,athlete
892f5a375afffff,892f5a362d3ffff,5506743143,471978645,10.7506,0.441187,athlete
892f5a375afffff,892f5a362d7ffff,5506743143,1239449343,15.0992,0.14098,athlete
892f5a375afffff,892f5a362dbffff,5506743143,471978558,7.5678,0.686408,athlete
892f5a375afffff,892f5a36647ffff,5506743143,295413512,19.1803,0.004139,athlete
892f5a375afffff,892f5a3664bffff,5506743143,8364977378,19.1534,0.004415,athlete
892f5a375afffff,892f5a3664fffff,5506743143,475762598,17.0334,0.053311,athlete
892f5a375afffff,892f5a36663ffff,5506743143,318826549,19.472,0.001718,athlete
892f5a375afffff,892f5a3666bffff,5506743143,2199562412,14.028,0.204329,athlete
892f5a375afffff,892f5a3667bffff,5506743143,978985095,15.8977,0.100267,athlete
892f5a375afffff,892f5a37503ffff,5506743143,6237227412,13.1491,0.262631,athlete
892f5a375afffff,892f5a37507ffff,5506743143,9933084480,8.7229,0.599632,athlete
892f5a375afffff,892f5a3750bffff,5506743143,4716326321,18.461,0.01454,athlete
892f5a375afffff,892f5a3750fffff,5506743143,472360248,13.1016,0.265922,athlete
892f5a375afffff,892f5a37513ffff,5506743143,11538316379,13.372,0.247377,athlete
892f5a375afffff,892f5a37517ffff,5506743143,6283520292,9.2451,0.559149,athlete
892f5a375afffff,892f5a3751bffff,5506743143,4716623608,19.1152,0.004822,athlete
892f5a375afffff,892f5a37527ffff,5506743143,9602267747,11.7132,0.367062,athlete
892f5a375afffff,892f5a3752bffff,5506743143,472360457,16.1729,0.087659,athlete
892f5a375afffff,892f5a3752fffff,5506743143,10293242124,16.2931,0.082395,athlete
892f5a375afffff,892f5a37533ffff,5506743143,9954179094,5.6972,0.812795,athlete
892f5a375afffff,892f5a37537ffff,5506743143,5495728727,4.7667,0.866272,athlete
892f5a375afffff,892f5a3753bffff,5506743143,1094547495,10.8764,0.431385,athlete
892f5a375afffff,892f5a37567ffff,5506743143,2865895571,19.9651,7e-06,athlete
892f5a375afffff,892f5a37573ffff,5506743143,472382641,17.5992,0.035136,athlete
892f5a375afffff,892f5a37577ffff,5506743143,1706684673,15.3753,0.126231,athlete
892f5a375afffff,892f5a37587ffff,5506743143,475770391,16.1107,0.090445,athlete
892f5a375afffff,892f5a3758bffff,5506743143,6281439102,19.9171,4.2e-05,athlete
892f5a375afffff,892f5a3758fffff,5506743143,13736742284,14.2626,0.189674,athlete
892f5a375afffff,892f5a375a3ffff,5506743143,9954223273,10.4326,0.466053,athlete
892f5a375afffff,892f5a375a7ffff,5506743143,2327217335,5.6123,0.817968,athlete
892f5a375afffff,892f5a375abffff,5506743143,582802728,5.2014,0.842194,athlete
892f5a375afffff,892f5a375afffff,5506743143,5506743143,0.1887,0.99978,athlete
892f5a375afffff,892f5a375b3ffff,5506743143,475758058,15.7335,0.108144,athlete
892f5a375afffff,892f5a375b7ffff,5506743143,2890576069,12.3918,0.316535,athlete
892f5a375afffff,892f5a375bbffff,5506743143,472359980,10.5559,0.456394,athlete
892f5a375afffff,892f5a375c7ffff,5506743143,1664033852,18.5297,0.013276,athlete
892f5a375b3ffff,892f5a362d3ffff,475758058,471978645,17.3371,0.043107,athlete
892f5a375b3ffff,892f5a362dbffff,475758058,471978558,19.8788,9.1e-05,athlete
892f5a375b3ffff,892f5a3660bffff,475758058,6282956810,15.4277,0.123507,athlete
892f5a375b3ffff,892f5a3660fffff,475758058,1658720563,19.8008,0.000245,athlete
892f5a375b3ffff,892f5a36643ffff,475758058,1520857952,18.0619,0.022991,athlete
892f5a375b3ffff,892f5a36647ffff,475758058,295413512,10.6939,0.445608,athlete
892f5a375b3ffff,892f5a3664bffff,475758058,8364977378,4.4098,0.884766,athlete
892f5a375b3ffff,892f5a3664fffff,475758058,475762598,5.894,0.800586,athlete
892f5a375b3ffff,892f5a36653ffff,475758058,1520857592,16.7515,0.063695,athlete
892f5a375b3ffff,892f5a36657ffff,475758058,10548487822,16.3428,0.080262,athlete
892f5a375b3ffff,892f5a3665bffff,475758058,475768206,9.6216,0.529703,athlete
892f5a375b3ffff,892f5a36663ffff,475758058,318826549,14.8686,0.153819,athlete
892f5a375b3ffff,892f5a36667ffff,475758058,1304352208,19.1865,0.004077,athlete
892f5a375b3ffff,892f5a3666bffff,475758058,2199562412,12.1052,0.337657,athlete
892f5a375b3ffff,892f5a3666fffff,475758058,7263440604,19.3672,0.002468,athlete
892f5a375b3ffff,892f5a36673ffff,475758058,861244781,13.5265,0.23698,athlete
892f5a375b3ffff,892f5a36677ffff,475758058,318826498,17.3556,0.04252,athlete
892f5a375b3ffff,892f5a3667bffff,475758058,978985095,10.0679,0.494664,athlete
892f5a375b3ffff,892f5a366cbffff,475758058,7374097405,18.8761,0.007771,athlete
892f5a375b3ffff,892f5a37503ffff,475758058,6237227412,18.1928,0.020012,athlete
892f5a375b3ffff,892f5a37507ffff,475758058,9933084480,16.3002,0.082087,athlete
892f5a375b3ffff,892f5a37513ffff,475758058,11538316379,16.8396,0.060357,athlete
892f5a375b3ffff,892f5a37517ffff,475758058,6283520292,13.1051,0.265683,athlete
892f5a375b3ffff,892f5a37533ffff,475758058,9954179094,18.1642,0.020645,athlete
892f5a375b3ffff,892f5a37583ffff,475758058,1813858066,17.4353,0.04003,athlete
892f5a375b3ffff,892f5a37587ffff,475758058,475770391,8.1413,0.643916,athlete
892f5a375b3ffff,892f5a3758bffff,475758058,6281439102,17.8466,0.028332,athlete
892f5a375b3ffff,892f5a3758fffff,475758058,13736742284,11.6716,0.370214,athlete
892f5a375b3ffff,892f5a37597ffff,475758058,13140663722,10.7734,0.439407,athlete
892f5a375b3ffff,892f5a375a3ffff,475758058,9954223273,13.242,0.256237,athlete
892f5a375b3ffff,892f5a375a7ffff,475758058,2327217335,13.1934,0.259578,athlete
892f5a375b3ffff,892f5a375abffff,475758058,582802728,12.6799,0.29568,athlete
892f5a375b3ffff,892f5a375afffff,475758058,5506743143,16.2591,0.08387,athlete
892f5a375b3ffff,892f5a375b3ffff,475758058,475758058,0.7018,0.996965,athlete
892f5a375b3ffff,892f5a375b7ffff,475758058,2890576069,8.0774,0.648714,athlete
892f5a375b3ffff,892f5a375bbffff,475758058,472359980,8.162,0.642358,athlete
892f5a375b3ffff,892f5aadb23ffff,475758058,6206442559,17.376,0.041874,athlete
892f5a375b3ffff,892f5aadb27ffff,475758058,517549695,13.4734,0.240536,athlete
892f5a375b3ffff,892f5aadb2bffff,475758058,1986321871,19.9833,2e-06,athlete
892f5a375b3ffff,892f5aadb2fffff,475758058,5180913963,14.6111,0.168688,athlete
892f5a375b3ffff,892f5aadb37ffff,475758058,2393515085,18.2892,0.017946,athlete
892f5a375b7ffff,892f5a3628bffff,2890576069,1239449262,19.3257,0.002802,athlete
892f5a375b7ffff,892f5a36293ffff,2890576069,2201592550,16.9443,0.056499,athlete
892f5a375b7ffff,892f5a3629bffff,2890576069,1304643617,15.9937,0.095784,athlete
892f5a375b7ffff,892f5a362c3ffff,2890576069,7946433661,16.8124,0.061377,athlete
892f5a375b7ffff,892f5a362c7ffff,2890576069,896901457,18.6748,0.010794,athlete
892f5a375b7ffff,892f5a362cbffff,2890576069,472359869,16.9672,0.055672,athlete
892f5a375b7ffff,892f5a362d3ffff,2890576069,471978645,11.7143,0.366983,athlete
892f5a375b7ffff,892f5a362d7ffff,2890576069,1239449343,15.722,0.108706,athlete
892f5a375b7ffff,892f5a362dbffff,2890576069,471978558,13.6145,0.231124,athlete
892f5a375b7ffff,892f5a3660bffff,2890576069,6282956810,13.3355,0.249853,athlete
892f5a375b7ffff,892f5a3660fffff,2890576069,1658720563,17.5643,0.03615,athlete
892f5a375b7ffff,892f5a3662bffff,2890576069,1304351798,18.6946,0.010475,athlete
892f5a375b7ffff,892f5a3663bffff,2890576069,12438051358,17.5638,0.036165,athlete
892f5a375b7ffff,892f5a36643ffff,2890576069,1520857952,15.9697,0.096896,athlete
892f5a375b7ffff,892f5a36647ffff,2890576069,295413512,8.6017,0.608944,athlete
892f5a375b7ffff,892f5a3664bffff,2890576069,8364977378,9.4758,0.541128,athlete
892f5a375b7ffff,892f5a3664fffff,2890576069,475762598,6.4548,0.764271,athlete
892f5a375b7ffff,892f5a36653ffff,2890576069,1520857592,18.6393,0.011378,athlete
892f5a375b7ffff,892f5a36657ffff,2890576069,10548487822,14.2505,0.190421,athlete
892f5a375b7ffff,892f5a3665bffff,2890576069,475768206,14.6875,0.164218,athlete
892f5a375b7ffff,892f5a36663ffff,2890576069,318826549,10.975,0.423721,athlete
892f5a375b7ffff,892f5a36667ffff,2890576069,1304352208,14.9638,0.148463,athlete
892f5a375b7ffff,892f5a3666bffff,2890576069,2199562412,6.4823,0.762431,athlete
892f5a375b7ffff,892f5a3666fffff,2890576069,7263440604,13.7443,0.222584,athlete
892f5a375b7ffff,892f5a36673ffff,2890576069,861244781,10.6115,0.452047,athlete
892f5a375b7ffff,892f5a36677ffff,2890576069,318826498,13.462,0.241301,athlete
892f5a375b7ffff,892f5a3667bffff,2890576069,978985095,6.1744,0.782704,athlete
892f5a375b7ffff,892f5a37507ffff,2890576069,9933084480,18.9121,0.007282,athlete
892f5a375b7ffff,892f5a37517ffff,2890576069,6283520292,17.1204,0.050283,athlete
892f5a375b7ffff,892f5a37527ffff,2890576069,9602267747,19.7376,0.000425,athlete
892f5a375b7ffff,892f5a37533ffff,2890576069,9954179094,15.8643,0.101848,athlete
892f5a375b7ffff,892f5a37537ffff,2890576069,5495728727,13.7555,0.221856,athlete
892f5a375b7ffff,892f5a37587ffff,2890576069,475770391,14.2394,0.19111,athlete
892f5a375b7ffff,892f5a3758fffff,2890576069,13736742284,16.6598,0.067257,athlete
892f5a375b7ffff,892f5a37597ffff,2890576069,13140663722,15.8394,0.103036,athlete
892f5a375b7ffff,892f5a375a3ffff,2890576069,9954223273,11.3359,0.395847,athlete
892f5a375b7ffff,892f5a375a7ffff,2890576069,2327217335,6.9291,0.73194,athlete
892f5a375b7ffff,892f5a375abffff,2890576069,582802728,15.3202,0.129116,athlete
892f5a375b7ffff,892f5a375afffff,2890576069,5506743143,10.7609,0.440382,athlete
892f5a375b7ffff,892f5a375b3ffff,2890576069,475758058,6.7998,0.740889,athlete
892f5a375b7ffff,892f5a375b7ffff,2890576069,2890576069,0.4708,0.998633,athlete
892f5a375b7ffff,892f5a375bbffff,2890576069,472359980,11.9524,0.349052,athlete
892f5a375b7ffff,892f5aadb27ffff,2890576069,517549695,18.2298,0.019205,athlete
892f5a375b7ffff,892f5aadb2fffff,2890576069,5180913963,19.6771,0.000643,athlete
892f5a375bbffff,892f5a362c3ffff,472359980,7946433661,19.8295,0.000179,athlete
892f5a375bbffff,892f5a362cbffff,472359980,472359869,18.9655,0.006587,athlete
892f5a375bbffff,892f5a362d3ffff,472359980,471978645,19.4609,0.001792,athlete
892f5a375bbffff,892f5a362dbffff,472359980,471978558,16.6316,0.068369,athlete
892f5a375bbffff,892f5a36647ffff,472359980,295413512,16.2648,0.08362,athlete
892f5a375bbffff,892f5a3664bffff,472359980,8364977378,11.5046,0.382923,athlete
892f5a375bbffff,892f5a3664fffff,472359980,475762598,11.4649,0.385959,athlete
892f5a375bbffff,892f5a3665bffff,472359980,475768206,15.7306,0.108287,athlete
892f5a375bbffff,892f5a3666bffff,472359980,2199562412,17.1185,0.05035,athlete
892f5a375bbffff,892f5a36673ffff,472359980,861244781,19.0974,0.005017,athlete
892f5a375bbffff,892f5a3667bffff,472359980,978985095,15.6388,0.112806,athlete
892f5a375bbffff,892f5a37503ffff,472359980,6237227412,12.1512,0.334245,athlete
892f5a375bbffff,892f5a37507ffff,472359980,9933084480,10.423,0.466805,athlete
892f5a375bbffff,892f5a3750bffff,472359980,4716326321,17.9181,0.026499,athlete
892f5a375bbffff,892f5a3750fffff,472359980,472360248,15.3157,0.129358,athlete
892f5a375bbffff,892f5a37513ffff,472359980,11538316379,10.6395,0.449857,athlete
892f5a375bbffff,892f5a37517ffff,472359980,6283520292,6.4348,0.7656,athlete
892f5a375bbffff,892f5a3751bffff,472359980,4716623608,16.3832,0.078544,athlete
892f5a375bbffff,892f5a37533ffff,472359980,9954179094,12.6752,0.296022,athlete
892f5a375bbffff,892f5a37537ffff,472359980,5495728727,14.5666,0.171317,athlete
892f5a375bbffff,892f5a3753bffff,472359980,1094547495,15.8615,0.10198,athlete
892f5a375bbffff,892f5a37573ffff,472359980,472382641,18.5088,0.013654,athlete
892f5a375bbffff,892f5a37577ffff,472359980,1706684673,19.131,0.004651,athlete
892f5a375bbffff,892f5a37583ffff,472359980,1813858066,13.8214,0.217569,athlete
892f5a375bbffff,892f5a37587ffff,472359980,475770391,7.0208,0.725538,athlete
892f5a375bbffff,892f5a3758bffff,472359980,6281439102,12.9219,0.278485,athlete
892f5a375bbffff,892f5a3758fffff,472359980,13736742284,6.7469,0.744522,athlete
892f5a375bbffff,892f5a37597ffff,472359980,13140663722,12.1758,0.332422,athlete
892f5a375bbffff,892f5a3759bffff,472359980,255995938,17.1155,0.050454,athlete
892f5a375bbffff,892f5a375a3ffff,472359980,9954223273,11.1607,0.409341,athlete
892f5a375bbffff,892f5a375a7ffff,472359980,2327217335,12.4996,0.308685,athlete
892f5a375bbffff,892f5a375abffff,472359980,582802728,6.8027,0.740692,athlete
892f5a375bbffff,892f5a375afffff,472359980,5506743143,10.7465,0.441504,athlete
892f5a375bbffff,892f5a375b3ffff,472359980,475758058,7.7966,0.669618,athlete
892f5a375bbffff,892f5a375b7ffff,472359980,2890576069,12.8036,0.286857,athlete
892f5a375bbffff,892f5a375bbffff,472359980,472359980,0.4839,0.998556,athlete
892f5a375bbffff,892f5a375c7ffff,472359980,1664033852,15.5112,0.119227,athlete
892f5a375bbffff,892f5a375cfffff,472359980,472382799,18.9856,0.006334,athlete
892f5a375bbffff,892f5a375d7ffff,472359980,472447132,16.3246,0.081037,athlete
892f5a375bbffff,892f5aadb27ffff,472359980,517549695,18.7421,0.009728,athlete
892f5a375bbffff,892f5aadb2fffff,472359980,5180913963,18.4689,0.01439,athlete
892f5a375bbffff,892f5aadb6fffff,472359980,5422306027,19.0164,0.005956,athlete
892f5a375c3ffff,892f5a37097ffff,472447266,1097931942,16.8756,0.059016,athlete
892f5a375c3ffff,892f5a37407ffff,472447266,6743431386,16.4244,0.076814,athlete
892f5a375c3ffff,892f5a37423ffff,472447266,475369332,14.588,0.170053,athlete
892f5a375c3ffff,892f5a37427ffff,472447266,7947429975,10.7286,0.442903,athlete
892f5a375c3ffff,892f5a3742bffff,472447266,6475403603,18.9113,0.007293,athlete
892f5a375c3ffff,892f5a3742fffff,472447266,2196826810,15.7197,0.108819,athlete
892f5a375c3ffff,892f5a37433ffff,472447266,9775221793,12.7368,0.291609,athlete
892f5a375c3ffff,892f5a37437ffff,472447266,6240815386,8.4555,0.620121,athlete
892f5a375c3ffff,892f5a3743bffff,472447266,6475813119,18.7141,0.010165,athlete
892f5a375c3ffff,892f5a37487ffff,472447266,473169530,19.718,0.00049,athlete
892f5a375c3ffff,892f5a374a3ffff,472447266,7942739530,13.166,0.261467,athlete
892f5a375c3ffff,892f5a374a7ffff,472447266,9791542150,8.4499,0.620544,athlete
892f5a375c3ffff,892f5a374abffff,472447266,475369013,14.3323,0.185405,athlete
892f5a375c3ffff,892f5a374afffff,472447266,475368981,10.0764,0.493998,athlete
892f5a375c3ffff,892f5a374b3ffff,472447266,11072417469,17.8633,0.0279,athlete
892f5a375c3ffff,892f5a374b7ffff,472447266,4511333938,13.6181,0.230889,athlete
892f5a375c3ffff,892f5a374bbffff,472447266,1665929771,16.4279,0.076664,athlete
892f5a375c3ffff,892f5a37503ffff,472447266,6237227412,16.6691,0.066893,athlete
892f5a375c3ffff,892f5a37507ffff,472447266,9933084480,19.4635,0.001774,athlete
892f5a375c3ffff,892f5a3750bffff,472447266,4716326321,14.3123,0.186624,athlete
892f5a375c3ffff,892f5a3750fffff,472447266,472360248,19.5566,0.001212,athlete
892f5a375c3ffff,892f5a37513ffff,472447266,11538316379,12.9625,0.275632,athlete
892f5a375c3ffff,892f5a37517ffff,472447266,6283520292,17.9476,0.02576,athlete
892f5a375c3ffff,892f5a3751bffff,472447266,4716623608,9.4202,0.545475,athlete
892f5a375c3ffff,892f5a37543ffff,472447266,1097906783,14.7458,0.16084,athlete
892f5a375c3ffff,892f5a37547ffff,472447266,7966410040,16.9331,0.056905,athlete
892f5a375c3ffff,892f5a3754bffff,472447266,1097906906,18.2291,0.019221,athlete
892f5a375c3ffff,892f5a37553ffff,472447266,472382750,11.1467,0.410427,athlete
892f5a375c3ffff,892f5a37557ffff,472447266,2704049830,11.475,0.385187,athlete
892f5a375c3ffff,892f5a3755bffff,472447266,1097906786,13.4496,0.242136,athlete
892f5a375c3ffff,892f5a37573ffff,472447266,472382641,18.8545,0.008073,athlete
892f5a375c3ffff,892f5a37583ffff,472447266,1813858066,17.1525,0.049188,athlete
892f5a375c3ffff,892f5a3758bffff,472447266,6281439102,12.741,0.291314,athlete
892f5a375c3ffff,892f5a3758fffff,472447266,13736742284,16.2885,0.082595,athlete
892f5a375c3ffff,892f5a37593ffff,472447266,255996108,17.8793,0.027486,athlete
892f5a375c3ffff,892f5a3759bffff,472447266,255995938,13.3463,0.249121,athlete
892f5a375c3ffff,892f5a375c3ffff,472447266,472447266,0.1375,0.999883,athlete
892f5a375c3ffff,892f5a375c7ffff,472447266,1664033852,7.2861,0.706752,athlete
892f5a375c3ffff,892f5a375cbffff,472447266,2649421029,5.4601,0.827102,athlete
892f5a375c3ffff,892f5a375cfffff,472447266,472382799,6.4691,0.763316,athlete
892f5a375c3ffff,892f5a375d3ffff,472447266,4717672327,7.2196,0.711499,athlete
892f5a375c3ffff,892f5a375d7ffff,472447266,472447132,6.9359,0.73147,athlete
892f5a375c3ffff,892f5a375dbffff,472447266,475368843,7.125,0.718204,athlete
892f5a375c3ffff,892f5aadb2bffff,472447266,1986321871,19.343,0.002661,athlete
892f5a375c3ffff,892f5aadb4fffff,472447266,4511333552,19.9328,2.8e-05,athlete
892f5a375c3ffff,892f5aadb63ffff,472447266,2375772172,15.7515,0.10727,athlete
892f5a375c3ffff,892f5aadb67ffff,472447266,305443506,15.5244,0.118553,athlete
892f5a375c3ffff,892f5aadb6bffff,472447266,472447041,11.298,0.398757,athlete
892f5a375c3ffff,892f5aadb6fffff,472447266,5422306027,9.6415,0.528139,athlete
892f5a375c3ffff,892f5aadb77ffff,472447266,2377135303,18.0779,0.022616,athlete
892f5a375c3ffff,892f5aadb7bffff,472447266,5025536627,17.3434,0.042905,athlete
892f5a375c7ffff,892f5a37097ffff,1664033852,1097931942,18.1571,0.020804,athlete
892f5a375c7ffff,892f5a37423ffff,1664033852,475369332,18.7423,0.009725,athlete
892f5a375c7ffff,892f5a37427ffff,1664033852,7947429975,14.8304,0.155992,athlete
892f5a375c7ffff,892f5a3742fffff,1664033852,2196826810,17.3688,0.042102,athlete
892f5a375c7ffff,892f5a37433ffff,1664033852,9775221793,16.8912,0.058441,athlete
892f5a375c7ffff,892f5a37437ffff,1664033852,6240815386,12.6098,0.300718,athlete
892f5a375c7ffff,892f5a374a3ffff,1664033852,7942739530,18.8316,0.008398,athlete
892f5a375c7ffff,892f5a374a7ffff,1664033852,9791542150,13.7572,0.221745,athlete
892f5a375c7ffff,892f5a374abffff,1664033852,475369013,19.5473,0.001263,athlete
892f5a375c7ffff,892f5a374afffff,1664033852,475368981,15.2915,0.130635,athlete
892f5a375c7ffff,892f5a374b7ffff,1664033852,4511333938,18.4268,0.01519,athlete
892f5a375c7ffff,892f5a37503ffff,1664033852,6237227412,10.7814,0.438783,athlete
892f5a375c7ffff,892f5a37507ffff,1664033852,9933084480,13.5759,0.233688,athlete
892f5a375c7ffff,892f5a3750bffff,1664033852,4716326321,11.6389,0.372695,athlete
892f5a375c7ffff,892f5a3750fffff,1664033852,472360248,14.4744,0.176805,athlete
892f5a375c7ffff,892f5a37513ffff,1664033852,11538316379,7.0749,0.721741,athlete
892f5a375c7ffff,892f5a37517ffff,1664033852,6283520292,12.0599,0.341024,athlete
892f5a375c7ffff,892f5a3751bffff,1664033852,4716623608,6.4363,0.7655,athlete
892f5a375c7ffff,892f5a37533ffff,1664033852,9954179094,18.3215,0.017278,athlete
892f5a375c7ffff,892f5a3753bffff,1664033852,1094547495,19.124,0.004726,athlete
892f5a375c7ffff,892f5a37543ffff,1664033852,1097906783,13.2677,0.254474,athlete
892f5a375c7ffff,892f5a37547ffff,1664033852,7966410040,14.5884,0.170028,athlete
892f5a375c7ffff,892f5a3754bffff,1664033852,1097906906,16.751,0.063713,athlete
892f5a375c7ffff,892f5a3754fffff,1664033852,8908901051,18.8243,0.008503,athlete
892f5a375c7ffff,892f5a37553ffff,1664033852,472382750,11.3243,0.396739,athlete
892f5a375c7ffff,892f5a37557ffff,1664033852,2704049830,9.9969,0.500241,athlete
892f5a375c7ffff,892f5a3755bffff,1664033852,1097906786,14.4402,0.178863,athlete
892f5a375c7ffff,892f5a37573ffff,1664033852,472382641,16.3492,0.079988,athlete
892f5a375c7ffff,892f5a37577ffff,1664033852,1706684673,19.7757,0.00031,athlete
892f5a375c7ffff,892f5a3757bffff,1664033852,1135821090,19.8621,0.000117,athlete
892f5a375c7ffff,892f5a37583ffff,1664033852,1813858066,14.8667,0.153924,athlete
892f5a375c7ffff,892f5a37587ffff,1664033852,475770391,16.8027,0.061743,athlete
892f5a375c7ffff,892f5a3758bffff,1664033852,6281439102,9.6727,0.525697,athlete
892f5a375c7ffff,892f5a3758fffff,1664033852,13736742284,10.8991,0.429618,athlete
892f5a375c7ffff,892f5a37593ffff,1664033852,255996108,17.4906,0.038342,athlete
892f5a375c7ffff,892f5a3759bffff,1664033852,255995938,12.9576,0.275977,athlete
892f5a375c7ffff,892f5a375abffff,1664033852,582802728,15.9159,0.099409,athlete
892f5a375c7ffff,892f5a375afffff,1664033852,5506743143,19.636,0.000817,athlete
892f5a375c7ffff,892f5a375bbffff,1664033852,472359980,15.7619,0.106764,athlete
892f5a375c7ffff,892f5a375c3ffff,1664033852,472447266,6.9011,0.733891,athlete
892f5a375c7ffff,892f5a375c7ffff,1664033852,1664033852,0.5877,0.997871,athlete
892f5a375c7ffff,892f5a375cbffff,1664033852,2649421029,9.6144,0.530264,athlete
892f5a375c7ffff,892f5a375cfffff,1664033852,472382799,4.991,0.854052,athlete
892f5a375c7ffff,892f5a375d3ffff,1664033852,4717672327,10.0374,0.497059,athlete
892f5a375c7ffff,892f5a375d7ffff,1664033852,472447132,7.5001,0.691335,athlete
892f5a375c7ffff,892f5a375dbffff,1664033852,475368843,12.9893,0.273757,athlete
892f5a375c7ffff,892f5aadb63ffff,1664033852,2375772172,17.8224,0.028966,athlete
892f5a375c7ffff,892f5aadb67ffff,1664033852,305443506,16.4643,0.075152,athlete
892f5a375c7ffff,892f5aadb6bffff,1664033852,472447041,13.9431,0.209734,athlete
892f5a375c7ffff,892f5aadb6fffff,1664033852,5422306027,12.2077,0.330061,athlete
892f5a375c7ffff,892f5aadb7bffff,1664033852,5025536627,19.9096,5e-05,athlete
892f5a375cbffff,892f5a37083ffff,2649421029,9605882522,16.0749,0.092061,athlete
892f5a375cbffff,892f5a37087ffff,2649421029,5109258744,18.973,0.006492,athlete
892f5a375cbffff,892f5a37093ffff,2649421029,3193716070,16.2311,0.085093,athlete
892f5a375cbffff,892f5a37097ffff,2649421029,1097931942,12.6212,0.299899,athlete
892f5a375cbffff,892f5a37403ffff,2649421029,10155662310,17.4465,0.039685,athlete
892f5a375cbffff,892f5a37407ffff,2649421029,6743431386,13.3109,0.25153,athlete
892f5a375cbffff,892f5a3740bffff,2649421029,7951554811,19.9273,3.3e-05,athlete
892f5a375cbffff,892f5a3740fffff,2649421029,4506648481,18.2724,0.018297,athlete
892f5a375cbffff,892f5a37417ffff,2649421029,475369115,18.9859,0.006331,athlete
892f5a375cbffff,892f5a37423ffff,2649421029,475369332,11.4745,0.385227,athlete
892f5a375cbffff,892f5a37427ffff,2649421029,7947429975,6.7446,0.744682,athlete
892f5a375cbffff,892f5a3742bffff,2649421029,6475403603,15.7978,0.105028,athlete
892f5a375cbffff,892f5a3742fffff,2649421029,2196826810,11.4653,0.38593,athlete
892f5a375cbffff,892f5a37433ffff,2649421029,9775221793,9.6233,0.529565,athlete
892f5a375cbffff,892f5a37437ffff,2649421029,6240815386,4.9296,0.85744,athlete
892f5a375cbffff,892f5a3743bffff,2649421029,6475813119,15.6006,0.114712,athlete
892f5a375cbffff,892f5a37487ffff,2649421029,473169530,19.8098,0.000223,athlete
892f5a375cbffff,892f5a374a3ffff,2649421029,7942739530,12.9319,0.277785,athlete
892f5a375cbffff,892f5a374a7ffff,2649421029,9791542150,10.5105,0.459944,athlete
892f5a375cbffff,892f5a374abffff,2649421029,475369013,12.8207,0.285643,athlete
892f5a375cbffff,892f5a374afffff,2649421029,475368981,8.994,0.578685,athlete
892f5a375cbffff,892f5a374b3ffff,2649421029,11072417469,19.2994,0.003025,athlete
892f5a375cbffff,892f5a374b7ffff,2649421029,4511333938,15.6787,0.110832,athlete
892f5a375cbffff,892f5a374bbffff,2649421029,1665929771,16.1938,0.086733,athlete
892f5a375cbffff,892f5a37503ffff,2649421029,6237227412,18.2313,0.019173,athlete
892f5a375cbffff,892f5a3750bffff,2649421029,4716326321,11.6739,0.37004,athlete
892f5a375cbffff,892f5a3750fffff,2649421029,472360248,16.746,0.063906,athlete
892f5a375cbffff,892f5a37513ffff,2649421029,11538316379,14.8894,0.152641,athlete
892f5a375cbffff,892f5a37517ffff,2649421029,6283520292,19.8745,9.7e-05,athlete
892f5a375cbffff,892f5a3751bffff,2649421029,4716623608,11.1033,0.413778,athlete
892f5a375cbffff,892f5a37543ffff,2649421029,1097906783,11.2697,0.400937,athlete
892f5a375cbffff,892f5a37547ffff,2649421029,7966410040,13.8882,0.213256,athlete
892f5a375cbffff,892f5a3754bffff,2649421029,1097906906,14.3108,0.186714,athlete
892f5a375cbffff,892f5a3754fffff,2649421029,8908901051,17.4075,0.040891,athlete
892f5a375cbffff,892f5a37553ffff,2649421029,472382750,6.9636,0.729538,athlete
892f5a375cbffff,892f5a37557ffff,2649421029,2704049830,8.4301,0.622056,athlete
892f5a375cbffff,892f5a3755bffff,2649421029,1097906786,9.1952,0.563044,athlete
892f5a375cbffff,892f5a37573ffff,2649421029,472382641,16.0438,0.093478,athlete
892f5a375cbffff,892f5a37577ffff,2649421029,1706684673,19.9009,6.1e-05,athlete
892f5a375cbffff,892f5a3757bffff,2649421029,1135821090,18.776,0.009213,athlete
892f5a375cbffff,892f5a3758bffff,2649421029,6281439102,15.5152,0.119024,athlete
892f5a375cbffff,892f5a3758fffff,2649421029,13736742284,18.7137,0.010172,athlete
892f5a375cbffff,892f5a3759bffff,2649421029,255995938,17.5507,0.03655,athlete
892f5a375cbffff,892f5a375c3ffff,2649421029,472447266,4.4759,0.881429,athlete
892f5a375cbffff,892f5a375c7ffff,2649421029,1664033852,9.3518,0.550823,athlete
892f5a375cbffff,892f5a375cbffff,2649421029,2649421029,0.0681,0.999971,athlete
892f5a375cbffff,892f5a375cfffff,2649421029,472382799,7.3338,0.703332,athlete
892f5a375cbffff,892f5a375d3ffff,2649421029,4717672327,10.668,0.447634,athlete
892f5a375cbffff,892f5a375d7ffff,2649421029,472447132,11.2743,0.400583,athlete
892f5a375cbffff,892f5a375dbffff,2649421029,475368843,7.0572,0.722981,athlete
892f5a375cbffff,892f5aadb63ffff,2649421029,2375772172,19.4735,0.001709,athlete
892f5a375cbffff,892f5aadb67ffff,2649421029,305443506,19.2464,0.003499,athlete
892f5a375cbffff,892f5aadb6bffff,2649421029,472447041,15.02,0.145336,athlete
892f5a375cbffff,892f5aadb6fffff,2649421029,5422306027,13.3635,0.24795,athlete
892f5a375cfffff,892f5a37083ffff,472382799,9605882522,17.3853,0.041581,athlete
892f5a375cfffff,892f5a37087ffff,472382799,5109258744,18.693,0.0105,athlete
892f5a375cfffff,892f5a37093ffff,472382799,3193716070,17.5659,0.036104,athlete
892f5a375cfffff,892f5a37097ffff,472382799,1097931942,13.9316,0.210469,athlete
892f5a375cfffff,892f5a370b3ffff,472382799,5091968417,18.2084,0.019669,athlete
892f5a375cfffff,892f5a37407ffff,472382799,6743431386,17.8594,0.028,athlete
892f5a375cfffff,892f5a37423ffff,472382799,475369332,16.023,0.094432,athlete
892f5a375cfffff,892f5a37427ffff,472382799,7947429975,10.8447,0.433853,athlete
892f5a375cfffff,892f5a3742bffff,472382799,6475403603,18.9664,0.006576,athlete
892f5a375cfffff,892f5a3742fffff,472382799,2196826810,13.1436,0.263017,athlete
892f5a375cfffff,892f5a37433ffff,472382799,9775221793,14.1719,0.195295,athlete
892f5a375cfffff,892f5a37437ffff,472382799,6240815386,9.4729,0.541353,athlete
892f5a375cfffff,892f5a3743bffff,472382799,6475813119,19.5472,0.001264,athlete
892f5a375cfffff,892f5a374a3ffff,472382799,7942739530,16.9762,0.055348,athlete
892f5a375cfffff,892f5a374a7ffff,472382799,9791542150,12.6614,0.297008,athlete
892f5a375cfffff,892f5a374abffff,472382799,475369013,17.4717,0.038916,athlete
892f5a375cfffff,892f5a374afffff,472382799,475368981,13.2158,0.258034,athlete
892f5a375cfffff,892f5a374b7ffff,472382799,4511333938,17.8296,0.028777,athlete
892f5a375cfffff,892f5a37503ffff,472382799,6237227412,13.2918,0.252828,athlete
892f5a375cfffff,892f5a37507ffff,472382799,9933084480,16.0863,0.091544,athlete
892f5a375cfffff,892f5a3750bffff,472382799,4716326321,8.3911,0.62502,athlete
892f5a375cfffff,892f5a3750fffff,472382799,472360248,13.6354,0.229743,athlete
892f5a375cfffff,892f5a37513ffff,472382799,11538316379,9.5853,0.532548,athlete
892f5a375cfffff,892f5a37517ffff,472382799,6283520292,14.5703,0.171095,athlete
892f5a375cfffff,892f5a3751bffff,472382799,4716623608,5.5174,0.823681,athlete
892f5a375cfffff,892f5a3753bffff,472382799,1094547495,18.4038,0.015635,athlete
892f5a375cfffff,892f5a37543ffff,472382799,1097906783,8.8246,0.59179,athlete
892f5a375cfffff,892f5a37547ffff,472382799,7966410040,11.0119,0.420857,athlete
892f5a375cfffff,892f5a3754bffff,472382799,1097906906,12.3079,0.322683,athlete
892f5a375cfffff,892f5a3754fffff,472382799,8908901051,14.9624,0.148543,athlete
892f5a375cfffff,892f5a37553ffff,472382799,472382750,6.8812,0.735271,athlete
892f5a375cfffff,892f5a37557ffff,472382799,2704049830,5.5538,0.821499,athlete
892f5a375cfffff,892f5a3755bffff,472382799,1097906786,10.0662,0.4948,athlete
892f5a375cfffff,892f5a37563ffff,472382799,6326922164,17.9289,0.026226,athlete
892f5a375cfffff,892f5a37573ffff,472382799,472382641,12.9332,0.277689,athlete
892f5a375cfffff,892f5a37577ffff,472382799,1706684673,16.7904,0.062212,athlete
892f5a375cfffff,892f5a3757bffff,472382799,1135821090,16.3309,0.080768,athlete
892f5a375cfffff,892f5a37583ffff,472382799,1813858066,17.3772,0.041838,athlete
892f5a375cfffff,892f5a37587ffff,472382799,475770391,19.3132,0.002907,athlete
892f5a375cfffff,892f5a3758bffff,472382799,6281439102,12.3198,0.321807,athlete
892f5a375cfffff,892f5a3758fffff,472382799,13736742284,13.4096,0.244834,athlete
892f5a375cfffff,892f5a37593ffff,472382799,255996108,19.8102,0.000222,athlete
892f5a375cfffff,892f5a3759bffff,472382799,255995938,15.2772,0.131392,athlete
892f5a375cfffff,892f5a375abffff,472382799,582802728,18.4263,0.015198,athlete
892f5a375cfffff,892f5a375bbffff,472382799,472359980,18.2723,0.018299,athlete
892f5a375cfffff,892f5a375c3ffff,472382799,472447266,5.08,0.849082,athlete
892f5a375cfffff,892f5a375c7ffff,472382799,1664033852,4.0476,0.902298,athlete
892f5a375cfffff,892f5a375cbffff,472382799,2649421029,6.8299,0.738814,athlete
892f5a375cfffff,892f5a375cfffff,472382799,472382799,0.5479,0.998149,athlete
892f5a375cfffff,892f5a375d3ffff,472382799,4717672327,11.8425,0.357306,athlete
892f5a375cfffff,892f5a375d7ffff,472382799,472447132,9.8197,0.514159,athlete
892f5a375cfffff,892f5a375dbffff,472382799,475368843,10.9352,0.426811,athlete
892f5a375cfffff,892f5aadb67ffff,472382799,305443506,18.7839,0.009095,athlete
892f5a375cfffff,892f5aadb6bffff,472382799,472447041,15.9209,0.099172,athlete
892f5a375cfffff,892f5aadb6fffff,472382799,5422306027,14.2644,0.189564,athlete
892f5a375d3ffff,892f5a37407ffff,4717672327,6743431386,17.4805,0.038648,athlete
892f5a375d3ffff,892f5a37417ffff,4717672327,475369115,19.2839,0.00316,athlete
892f5a375d3ffff,892f5a37423ffff,4717672327,475369332,15.9209,0.099174,athlete
892f5a375d3ffff,892f5a37427ffff,4717672327,7947429975,12.8083,0.286521,athlete
892f5a375d3ffff,892f5a3742fffff,4717672327,2196826810,17.8402,0.0285,athlete
892f5a375d3ffff,892f5a37433ffff,4717672327,9775221793,13.9149,0.211542,athlete
892f5a375d3ffff,892f5a37437ffff,4717672327,6240815386,9.7884,0.516617,athlete
892f5a375d3ffff,892f5a3743bffff,4717672327,6475813119,19.8703,0.000104,athlete
892f5a375d3ffff,892f5a37487ffff,4717672327,473169530,15.9886,0.096019,athlete
892f5a375d3ffff,892f5a374a3ffff,4717672327,7942739530,10.1331,0.489548,athlete
892f5a375d3ffff,892f5a374a7ffff,4717672327,9791542150,5.0587,0.850278,athlete
892f5a375d3ffff,892f5a374abffff,4717672327,475369013,13.3668,0.247729,athlete
892f5a375d3ffff,892f5a374afffff,4717672327,475368981,9.1109,0.569601,athlete
892f5a375d3ffff,892f5a374b3ffff,4717672327,11072417469,14.1338,0.19767,athlete
892f5a375d3ffff,892f5a374b7ffff,4717672327,4511333938,9.4874,0.540213,athlete
892f5a375d3ffff,892f5a374bbffff,4717672327,1665929771,14.8108,0.157111,athlete
892f5a375d3ffff,892f5a37503ffff,4717672327,6237227412,17.0908,0.051304,athlete
892f5a375d3ffff,892f5a37507ffff,4717672327,9933084480,19.8853,8.1e-05,athlete
892f5a375d3ffff,892f5a3750bffff,4717672327,4716326321,18.2255,0.019299,athlete
892f5a375d3ffff,892f5a37513ffff,4717672327,11538316379,13.1422,0.263109,athlete
892f5a375d3ffff,892f5a37517ffff,4717672327,6283520292,18.0412,0.023482,athlete
892f5a375d3ffff,892f5a3751bffff,4717672327,4716623608,13.0758,0.267716,athlete
892f5a375d3ffff,892f5a37543ffff,4717672327,1097906783,18.8475,0.008171,athlete
892f5a375d3ffff,892f5a37553ffff,4717672327,472382750,15.1665,0.137323,athlete
892f5a375d3ffff,892f5a37557ffff,4717672327,2704049830,15.5767,0.115912,athlete
892f5a375d3ffff,892f5a3755bffff,4717672327,1097906786,17.398,0.041184,athlete
892f5a375d3ffff,892f5a37583ffff,4717672327,1813858066,15.1868,0.136228,athlete
892f5a375d3ffff,892f5a3758bffff,4717672327,6281439102,11.5366,0.380486,athlete
892f5a375d3ffff,892f5a3758fffff,4717672327,13736742284,15.084,0.14181,athlete
892f5a375d3ffff,892f5a37593ffff,4717672327,255996108,12.9673,0.275299,athlete
892f5a375d3ffff,892f5a3759bffff,4717672327,255995938,9.3379,0.551906,athlete
892f5a375d3ffff,892f5a375bbffff,4717672327,472359980,19.8017,0.000243,athlete
892f5a375d3ffff,892f5a375c3ffff,4717672327,472447266,4.7665,0.866278,athlete
892f5a375d3ffff,892f5a375c7ffff,4717672327,1664033852,8.8071,0.59314,athlete
892f5a375d3ffff,892f5a375cbffff,4717672327,2649421029,8.2709,0.634137,athlete
892f5a375d3ffff,892f5a375cfffff,4717672327,472382799,10.5708,0.45523,athlete
892f5a375d3ffff,892f5a375d3ffff,4717672327,4717672327,0.645,0.997436,athlete
892f5a375d3ffff,892f5a375d7ffff,4717672327,472447132,4.4479,0.882847,athlete
892f5a375d3ffff,892f5a375dbffff,4717672327,475368843,6.5917,0.755078,athlete
892f5a375d3ffff,892f5aadb0fffff,4717672327,6206442994,19.3971,0.00224,athlete
892f5a375d3ffff,892f5aadb23ffff,4717672327,6206442559,18.906,0.007365,athlete
892f5a375d3ffff,892f5aadb2bffff,4717672327,1986321871,14.1901,0.19416,athlete
892f5a375d3ffff,892f5aadb3bffff,4717672327,13240346340,17.1517,0.049216,athlete
892f5a375d3ffff,892f5aadb47ffff,4717672327,11061297136,16.9124,0.057661,athlete
892f5a375d3ffff,892f5aadb4bffff,4717672327,473169537,18.8571,0.008036,athlete
892f5a375d3ffff,892f5aadb4fffff,4717672327,4511333552,15.3611,0.126974,athlete
892f5a375d3ffff,892f5aadb63ffff,4717672327,2375772172,10.5986,0.453054,athlete
892f5a375d3ffff,892f5aadb67ffff,4717672327,305443506,10.3716,0.470831,athlete
892f5a375d3ffff,892f5aadb6bffff,4717672327,472447041,5.4508,0.827654,athlete
892f5a375d3ffff,892f5aadb6fffff,4717672327,5422306027,4.4887,0.880779,athlete
892f5a375d3ffff,892f5aadb73ffff,4717672327,4870614084,15.6753,0.111002,athlete
892f5a375d3ffff,892f5aadb77ffff,4717672327,2377135303,12.9251,0.278262,athlete
892f5a375d3ffff,892f5aadb7bffff,4717672327,5025536627,11.5891,0.376482,athlete
892f5a375d7ffff,892f5a3665bffff,472447132,475768206,19.4905,0.001601,athlete
892f5a375d7ffff,892f5a37423ffff,472447132,475369332,19.231,0.003643,athlete
892f5a375d7ffff,892f5a37427ffff,472447132,7947429975,15.7966,0.105085,athlete
892f5a375d7ffff,892f5a3742fffff,472447132,2196826810,19.1431,0.004522,athlete
892f5a375d7ffff,892f5a37433ffff,472447132,9775221793,17.3799,0.041753,athlete
892f5a375d7ffff,892f5a37437ffff,472447132,6240815386,13.0985,0.26614,athlete
892f5a375d7ffff,892f5a37487ffff,472447132,473169530,18.9146,0.00725,athlete
892f5a375d7ffff,892f5a374a3ffff,472447132,7942739530,14.8609,0.154255,athlete
892f5a375d7ffff,892f5a374a7ffff,472447132,9791542150,9.7865,0.516764,athlete
892f5a375d7ffff,892f5a374abffff,472447132,475369013,18.0946,0.022229,athlete
892f5a375d7ffff,892f5a374afffff,472447132,475368981,13.8387,0.216447,athlete
892f5a375d7ffff,892f5a374b3ffff,472447132,11072417469,17.0598,0.052384,athlete
892f5a375d7ffff,892f5a374b7ffff,472447132,4511333938,12.3961,0.316221,athlete
892f5a375d7ffff,892f5a374bbffff,472447132,1665929771,19.3632,0.0025,athlete
892f5a375d7ffff,892f5a37503ffff,472447132,6237227412,15.1567,0.137852,athlete
892f5a375d7ffff,892f5a37507ffff,472447132,9933084480,17.8252,0.028892,athlete
892f5a375d7ffff,892f5a3750bffff,472447132,4716326321,16.5456,0.071819,athlete
892f5a375d7ffff,892f5a3750fffff,472447132,472360248,18.8497,0.008139,athlete
892f5a375d7ffff,892f5a37513ffff,472447132,11538316379,9.8397,0.51259,athlete
892f5a375d7ffff,892f5a37517ffff,472447132,6283520292,14.7386,0.161256,athlete
892f5a375d7ffff,892f5a3751bffff,472447132,4716623608,11.396,0.391238,athlete
892f5a375d7ffff,892f5a37543ffff,472447132,1097906783,17.1677,0.048673,athlete
892f5a375d7ffff,892f5a37547ffff,472447132,7966410040,19.355,0.002564,athlete
892f5a375d7ffff,892f5a37553ffff,472447132,472382750,13.9626,0.208487,athlete
892f5a375d7ffff,892f5a37557ffff,472447132,2704049830,13.8969,0.212699,athlete
892f5a375d7ffff,892f5a3755bffff,472447132,1097906786,16.5974,0.069733,athlete
892f5a375d7ffff,892f5a37583ffff,472447132,1813858066,11.4776,0.384989,athlete
892f5a375d7ffff,892f5a37587ffff,472447132,475770391,17.188,0.047989,athlete
892f5a375d7ffff,892f5a3758bffff,472447132,6281439102,7.8735,0.663923,athlete
892f5a375d7ffff,892f5a3758fffff,472447132,13736742284,11.4295,0.388667,athlete
892f5a375d7ffff,892f5a37593ffff,472447132,255996108,11.9647,0.348131,athlete
892f5a375d7ffff,892f5a3759bffff,472447132,255995938,7.4317,0.696289,athlete
892f5a375d7ffff,892f5a375abffff,472447132,582802728,18.5946,0.012134,athlete
892f5a375d7ffff,892f5a375bbffff,472447132,472359980,16.1471,0.088808,athlete
892f5a375d7ffff,892f5a375c3ffff,472447132,472447266,5.2055,0.841957,athlete
892f5a375d7ffff,892f5a375c7ffff,472447132,1664033852,6.873,0.735836,athlete
892f5a375d7ffff,892f5a375cbffff,472447132,2649421029,10.5281,0.45857,athlete
892f5a375d7ffff,892f5a375cfffff,472447132,472382799,8.8909,0.586665,athlete
892f5a375d7ffff,892f5a375d3ffff,472447132,4717672327,5.3728,0.832254,athlete
892f5a375d7ffff,892f5a375d7ffff,472447132,472447132,0.5095,0.998399,athlete
892f5a375d7ffff,892f5a375dbffff,472447132,475368843,10.943,0.426204,athlete
892f5a375d7ffff,892f5aadb23ffff,472447132,6206442559,19.7572,0.000364,athlete
892f5a375d7ffff,892f5aadb2bffff,472447132,1986321871,15.0413,0.144162,athlete
892f5a375d7ffff,892f5aadb2fffff,472447132,5180913963,16.7384,0.064196,athlete
892f5a375d7ffff,892f5aadb3bffff,472447132,13240346340,18.0028,0.024404,athlete
892f5a375d7ffff,892f5aadb47ffff,472447132,11061297136,18.495,0.013907,athlete
892f5a375d7ffff,892f5aadb4fffff,472447132,4511333552,17.0288,0.053475,athlete
892f5a375d7ffff,892f5aadb63ffff,472447132,2375772172,11.4498,0.387117,athlete
892f5a375d7ffff,892f5aadb67ffff,472447132,305443506,10.6953,0.445501,athlete
892f5a375d7ffff,892f5aadb6bffff,472447132,472447041,7.1185,0.718663,athlete
892f5a375d7ffff,892f5aadb6fffff,472447132,5422306027,5.3831,0.831649,athlete
892f5a375d7ffff,892f5aadb73ffff,472447132,4870614084,17.0303,0.053423,athlete
892f5a375d7ffff,892f5aadb77ffff,472447132,2377135303,13.7763,0.220503,athlete
892f5a375d7ffff,892f5aadb7bffff,472447132,5025536627,13.085,0.267075,athlete
892f5a375dbffff,892f5a37097ffff,475368843,1097931942,19.1388,0.004568,athlete
892f5a375dbffff,892f5a37403ffff,475368843,10155662310,17.0503,0.052716,athlete
892f5a375dbffff,892f5a37407ffff,475368843,6743431386,12.9147,0.278992,athlete
892f5a375dbffff,892f5a3740bffff,475368843,7951554811,19.5312,0.001355,athlete
892f5a375dbffff,892f5a3740fffff,475368843,4506648481,17.8763,0.027563,athlete
892f5a375dbffff,892f5a37417ffff,475368843,475369115,16.0338,0.093937,athlete
892f5a375dbffff,892f5a37423ffff,475368843,475369332,11.0783,0.415712,athlete
892f5a375dbffff,892f5a37427ffff,475368843,7947429975,10.2091,0.48358,athlete
892f5a375dbffff,892f5a3742bffff,475368843,6475403603,15.4017,0.124857,athlete
892f5a375dbffff,892f5a3742fffff,475368843,2196826810,15.241,0.133319,athlete
892f5a375dbffff,892f5a37433ffff,475368843,9775221793,9.2178,0.561277,athlete
892f5a375dbffff,892f5a37437ffff,475368843,6240815386,5.2911,0.837021,athlete
892f5a375dbffff,892f5a3743bffff,475368843,6475813119,15.2045,0.135274,athlete
892f5a375dbffff,892f5a37487ffff,475368843,473169530,15.7866,0.105566,athlete
892f5a375dbffff,892f5a374a3ffff,475368843,7942739530,8.9087,0.585293,athlete
892f5a375dbffff,892f5a374a7ffff,475368843,9791542150,4.9861,0.854324,athlete
892f5a375dbffff,892f5a374abffff,475368843,475369013,9.2266,0.560593,athlete
892f5a375dbffff,892f5a374afffff,475368843,475368981,4.9708,0.855173,athlete
892f5a375dbffff,892f5a374b3ffff,475368843,11072417469,14.3995,0.18132,athlete
892f5a375dbffff,892f5a374b7ffff,475368843,4511333938,10.1543,0.487885,athlete
892f5a375dbffff,892f5a374bbffff,475368843,1665929771,12.1706,0.332804,athlete
892f5a375dbffff,892f5a3750bffff,475368843,4716326321,18.1915,0.02004,athlete
892f5a375dbffff,892f5a37513ffff,475368843,11538316379,18.4914,0.013972,athlete
892f5a375dbffff,892f5a3751bffff,475368843,4716623608,14.7053,0.163184,athlete
892f5a375dbffff,892f5a37543ffff,475368843,1097906783,17.7873,0.029899,athlete
892f5a375dbffff,892f5a37553ffff,475368843,472382750,13.4812,0.240013,athlete
892f5a375dbffff,892f5a37557ffff,475368843,2704049830,14.9476,0.149367,athlete
892f5a375dbffff,892f5a3755bffff,475368843,1097906786,15.7127,0.109161,athlete
892f5a375dbffff,892f5a3758bffff,475368843,6281439102,19.1172,0.0048,athlete
892f5a375dbffff,892f5a3759bffff,475368843,255995938,17.3492,0.042722,athlete
892f5a375dbffff,892f5a375c3ffff,475368843,472447266,6.835,0.738466,athlete
892f5a375dbffff,892f5a375c7ffff,475368843,1664033852,12.9538,0.276244,athlete
892f5a375dbffff,892f5a375cbffff,475368843,2649421029,6.5856,0.755492,athlete
892f5a375dbffff,892f5a375cfffff,475368843,472382799,11.6504,0.371826,athlete
892f5a375dbffff,892f5a375d3ffff,475368843,4717672327,8.6563,0.604754,athlete
892f5a375dbffff,892f5a375d7ffff,475368843,472447132,12.4592,0.311624,athlete
892f5a375dbffff,892f5a375dbffff,475368843,475368843,0.2307,0.999672,athlete
892f5a375dbffff,892f5aadb4bffff,475368843,473169537,18.6551,0.011116,athlete
892f5a375dbffff,892f5aadb4fffff,475368843,4511333552,16.469,0.074958,athlete
892f5a375dbffff,892f5aadb63ffff,475368843,2375772172,18.505,0.013724,athlete
892f5a375dbffff,892f5aadb67ffff,475368843,305443506,18.2779,0.018181,athlete
892f5a375dbffff,892f5aadb6bffff,475368843,472447041,9.5611,0.534441,athlete
892f5a375dbffff,892f5aadb6fffff,475368843,5422306027,12.13,0.335812,athlete
892f5a375dbffff,892f5aadb73ffff,475368843,4870614084,19.1859,0.004082,athlete
892f5a375dbffff,892f5aadb7bffff,475368843,5025536627,15.0998,0.140948,athlete
892f5aadb03ffff,892f5a3665bffff,4908207838,475768206,18.2867,0.017998,athlete
892f5aadb03ffff,892f5a366dbffff,4908207838,6277517902,18.1883,0.020111,athlete
892f5aadb03ffff,892f5a374b7ffff,4908207838,4511333938,19.9356,2.6e-05,athlete
892f5aadb03ffff,892f5a37593ffff,4908207838,255996108,18.4166,0.015386,athlete
892f5aadb03ffff,892f5aadb03ffff,4908207838,4908207838,0.7692,0.996355,athlete
892f5aadb03ffff,892f5aadb07ffff,4908207838,9239285385,5.9219,0.79883,athlete
892f5aadb03ffff,892f5aadb0bffff,4908207838,12954056341,8.3516,0.628024,athlete
892f5aadb03ffff,892f5aadb0fffff,4908207838,6206442994,5.73,0.810779,athlete
892f5aadb03ffff,892f5aadb13ffff,4908207838,4908207183,7.3635,0.701205,athlete
892f5aadb03ffff,892f5aadb17ffff,4908207838,295399473,5.7544,0.809273,athlete
892f5aadb03ffff,892f5aadb1bffff,4908207838,13313849470,6.493,0.761718,athlete
892f5aadb03ffff,892f5aadb23ffff,4908207838,6206442559,13.248,0.255826,athlete
892f5aadb03ffff,892f5aadb27ffff,4908207838,517549695,17.3624,0.042304,athlete
892f5aadb03ffff,892f5aadb2bffff,4908207838,1986321871,12.0039,0.345197,athlete
892f5aadb03ffff,892f5aadb2fffff,4908207838,5180913963,16.511,0.073228,athlete
892f5aadb03ffff,892f5aadb33ffff,4908207838,517548726,11.1094,0.413311,athlete
892f5aadb03ffff,892f5aadb37ffff,4908207838,2393515085,15.1011,0.140874,athlete
892f5aadb03ffff,892f5aadb3bffff,4908207838,13240346340,7.5891,0.68486,athlete
892f5aadb03ffff,892f5aadb43ffff,4908207838,11065027594,14.6253,0.167858,athlete
892f5aadb03ffff,892f5aadb47ffff,4908207838,11061297136,10.9943,0.422228,athlete
892f5aadb03ffff,892f5aadb4fffff,4908207838,4511333552,16.7101,0.06529,athlete
892f5aadb03ffff,892f5aadb57ffff,4908207838,4511339216,9.5573,0.534741,athlete
892f5aadb03ffff,892f5aadb67ffff,4908207838,305443506,17.8207,0.029011,athlete
892f5aadb03ffff,892f5aadb6bffff,4908207838,472447041,19.8044,0.000236,athlete
892f5aadb03ffff,892f5aadb73ffff,4908207838,4870614084,10.652,0.448883,athlete
892f5aadb03ffff,892f5aadb77ffff,4908207838,2377135303,16.8655,0.059391,athlete
892f5aadb03ffff,892f5aadb7bffff,4908207838,5025536627,14.5385,0.172984,athlete
892f5aadb03ffff,892f5aadb83ffff,4908207838,499192381,14.2626,0.189679,athlete
892f5aadb03ffff,892f5aadb8bffff,4908207838,3900871904,10.8368,0.434469,athlete
892f5aadb03ffff,892f5aadb8fffff,4908207838,1809615766,12.1605,0.333552,athlete
892f5aadb03ffff,892f5aadba3ffff,4908207838,5158143495,15.1873,0.136202,athlete
892f5aadb03ffff,892f5aadba7ffff,4908207838,307423646,16.5359,0.072215,athlete
892f5aadb03ffff,892f5aadbabffff,4908207838,307423640,9.7591,0.518916,athlete
892f5aadb03ffff,892f5aadbafffff,4908207838,307423619,14.1599,0.196039,athlete
892f5aadb03ffff,892f5aadbbbffff,4908207838,517470423,16.5311,0.072409,athlete
892f5aadb03ffff,892f5aadbc7ffff,4908207838,1510879897,9.5597,0.534553,athlete
892f5aadb03ffff,892f5aadbcfffff,4908207838,473169641,10.0969,0.492389,athlete
892f5aadb07ffff,892f5a3665bffff,9239285385,475768206,17.739,0.031205,athlete
892f5aadb07ffff,892f5a366dbffff,9239285385,6277517902,13.3732,0.247292,athlete
892f5aadb07ffff,892f5a37593ffff,9239285385,255996108,18.2211,0.019393,athlete
892f5aadb07ffff,892f5aadb03ffff,9239285385,4908207838,7.317,0.704541,athlete
892f5aadb07ffff,892f5aadb07ffff,9239285385,9239285385,0.9395,0.994565,athlete
892f5aadb07ffff,892f5aadb0bffff,9239285385,12954056341,14.2465,0.190668,athlete
892f5aadb07ffff,892f5aadb0fffff,9239285385,6206442994,6.5024,0.761088,athlete
892f5aadb07ffff,892f5aadb13ffff,9239285385,4908207183,13.7699,0.220918,athlete
892f5aadb07ffff,892f5aadb17ffff,9239285385,295399473,9.4946,0.539651,athlete
892f5aadb07ffff,892f5aadb1bffff,9239285385,13313849470,12.6453,0.298168,athlete
892f5aadb07ffff,892f5aadb23ffff,9239285385,6206442559,10.7874,0.438319,athlete
892f5aadb07ffff,892f5aadb27ffff,9239285385,517549695,15.5945,0.115018,athlete
892f5aadb07ffff,892f5aadb2bffff,9239285385,1986321871,11.8085,0.359866,athlete
892f5aadb07ffff,892f5aadb2fffff,9239285385,5180913963,16.1183,0.090101,athlete
892f5aadb07ffff,892f5aadb33ffff,9239285385,517548726,9.3693,0.549453,athlete
892f5aadb07ffff,892f5aadb37ffff,9239285385,2393515085,12.3973,0.316136,athlete
892f5aadb07ffff,892f5aadb3bffff,9239285385,13240346340,7.0896,0.720703,athlete
892f5aadb07ffff,892f5aadb47ffff,9239285385,11061297136,15.9892,0.09599,athlete
892f5aadb07ffff,892f5aadb57ffff,9239285385,4511339216,15.7096,0.109315,athlete
892f5aadb07ffff,892f5aadb67ffff,9239285385,305443506,17.6252,0.034385,athlete
892f5aadb07ffff,892f5aadb73ffff,9239285385,4870614084,12.2455,0.327272,athlete
892f5aadb07ffff,892f5aadb77ffff,9239285385,2377135303,16.67,0.066855,athlete
892f5aadb07ffff,892f5aadb7bffff,9239285385,5025536627,16.6012,0.06958,athlete
892f5aadb07ffff,892f5aadb83ffff,9239285385,499192381,18.6401,0.011364,athlete
892f5aadb07ffff,892f5aadb8bffff,9239285385,3900871904,17.3265,0.043447,athlete
892f5aadb07ffff,892f5aadb8fffff,9239285385,1809615766,16.5381,0.072125,athlete
892f5aadb07ffff,892f5aadba3ffff,9239285385,5158143495,10.3722,0.470785,athlete
892f5aadb07ffff,892f5aadba7ffff,9239285385,307423646,11.7208,0.366489,athlete
892f5aadb07ffff,892f5aadbabffff,9239285385,307423640,4.944,0.856648,athlete
892f5aadb07ffff,892f5aadbafffff,9239285385,307423619,9.3449,0.551364,athlete
892f5aadb07ffff,892f5aadbbbffff,9239285385,517470423,12.4803,0.310089,athlete
892f5aadb07ffff,892f5aadbc7ffff,9239285385,1510879897,15.912,0.099592,athlete
892f5aadb07ffff,892f5aadbcfffff,9239285385,473169641,16.2492,0.084301,athlete
892f5aadb0bffff,892f5a374b3ffff,12954056341,11072417469,19.6791,0.000635,athlete
892f5aadb0bffff,892f5aadb03ffff,12954056341,4908207838,7.5938,0.684515,athlete
892f5aadb0bffff,892f5aadb07ffff,12954056341,9239285385,12.0171,0.344214,athlete
892f5aadb0bffff,892f5aadb0bffff,12954056341,12954056341,1.0015,0.993826,athlete
892f5aadb0bffff,892f5aadb0fffff,12954056341,6206442994,10.6287,0.450703,athlete
892f5aadb0bffff,892f5aadb13ffff,12954056341,4908207183,9.4031,0.546808,athlete
892f5aadb0bffff,892f5aadb17ffff,12954056341,295399473,11.8688,0.355325,athlete
892f5aadb0bffff,892f5aadb1bffff,12954056341,13313849470,4.7036,0.869623,athlete
892f5aadb0bffff,892f5aadb23ffff,12954056341,6206442559,19.3432,0.002659,athlete
892f5aadb0bffff,892f5aadb2bffff,12954056341,1986321871,18.0991,0.022124,athlete
892f5aadb0bffff,892f5aadb33ffff,12954056341,517548726,17.2045,0.047435,athlete
892f5aadb0bffff,892f5aadb3bffff,12954056341,13240346340,13.6842,0.226524,athlete
892f5aadb0bffff,892f5aadb43ffff,12954056341,11065027594,12.6305,0.299229,athlete
892f5aadb0bffff,892f5aadb47ffff,12954056341,11061297136,10.7374,0.442216,athlete
892f5aadb0bffff,892f5aadb4bffff,12954056341,473169537,18.5206,0.013439,athlete
892f5aadb0bffff,892f5aadb4fffff,12954056341,4511333552,16.2581,0.083911,athlete
892f5aadb0bffff,892f5aadb57ffff,12954056341,4511339216,7.5626,0.686794,athlete
892f5aadb0bffff,892f5aadb73ffff,12954056341,4870614084,13.7943,0.21933,athlete
892f5aadb0bffff,892f5aadb7bffff,12954056341,5025536627,17.0564,0.052502,athlete
892f5aadb0bffff,892f5aadb83ffff,12954056341,499192381,16.4193,0.077025,athlete
892f5aadb0bffff,892f5aadb8bffff,12954056341,3900871904,11.5398,0.380242,athlete
892f5aadb0bffff,892f5aadb8fffff,12954056341,1809615766,15.5105,0.119262,athlete
892f5aadb0bffff,892f5aadbabffff,12954056341,307423640,15.8543,0.102325,athlete
892f5aadb0bffff,892f5aadbc7ffff,12954056341,1510879897,8.9757,0.580105,athlete
892f5aadb0bffff,892f5aadbcfffff,12954056341,473169641,8.1787,0.641102,athlete
892f5aadb0fffff,892f5a36653ffff,6206442994,1520857592,19.639,0.000804,athlete
892f5aadb0fffff,892f5a3665bffff,6206442994,475768206,15.9867,0.096105,athlete
892f5aadb0fffff,892f5a366dbffff,6206442994,6277517902,16.8975,0.058211,athlete
892f5aadb0fffff,892f5a374a7ffff,6206442994,9791542150,17.8819,0.02742,athlete
892f5aadb0fffff,892f5a374b3ffff,6206442994,11072417469,19.9159,4.4e-05,athlete
892f5aadb0fffff,892f5a374b7ffff,6206442994,4511333938,16.0968,0.09107,athlete
892f5aadb0fffff,892f5a37583ffff,6206442994,1813858066,19.6279,0.000854,athlete
892f5aadb0fffff,892f5a37593ffff,6206442994,255996108,16.1053,0.090686,athlete
892f5aadb0fffff,892f5aadb03ffff,6206442994,4908207838,5.7814,0.807608,athlete
892f5aadb0fffff,892f5aadb07ffff,6206442994,9239285385,5.525,0.823228,athlete
892f5aadb0fffff,892f5aadb0bffff,6206442994,12954056341,11.27,0.400914,athlete
892f5aadb0fffff,892f5aadb0fffff,6206442994,6206442994,0.3878,0.999073,athlete
892f5aadb0fffff,892f5aadb13ffff,6206442994,4908207183,12.3757,0.317716,athlete
892f5aadb0fffff,892f5aadb17ffff,6206442994,295399473,9.6834,0.524852,athlete
892f5aadb0fffff,892f5aadb1bffff,6206442994,13313849470,9.6688,0.526003,athlete
892f5aadb0fffff,892f5aadb23ffff,6206442994,6206442559,11.0226,0.420029,athlete
892f5aadb0fffff,892f5aadb27ffff,6206442994,517549695,15.0624,0.142996,athlete
892f5aadb0fffff,892f5aadb2bffff,6206442994,1986321871,9.6926,0.524133,athlete
892f5aadb0fffff,892f5aadb2fffff,6206442994,5180913963,14.1997,0.193564,athlete
892f5aadb0fffff,892f5aadb33ffff,6206442994,517548726,9.8157,0.514473,athlete
892f5aadb0fffff,892f5aadb37ffff,6206442994,2393515085,13.1532,0.262351,athlete
892f5aadb0fffff,892f5aadb3bffff,6206442994,13240346340,5.3972,0.830822,athlete
892f5aadb0fffff,892f5aadb43ffff,6206442994,11065027594,15.0569,0.1433,athlete
892f5aadb0fffff,892f5aadb47ffff,6206442994,11061297136,9.8746,0.509851,athlete
892f5aadb0fffff,892f5aadb4bffff,6206442994,473169537,19.4235,0.002049,athlete
892f5aadb0fffff,892f5aadb4fffff,6206442994,4511333552,14.8714,0.15366,athlete
892f5aadb0fffff,892f5aadb57ffff,6206442994,4511339216,12.0458,0.342071,athlete
892f5aadb0fffff,892f5aadb63ffff,6206442994,2375772172,18.6794,0.01072,athlete
892f5aadb0fffff,892f5aadb67ffff,6206442994,305443506,15.5094,0.119318,athlete
892f5aadb0fffff,892f5aadb6bffff,6206442994,472447041,15.9656,0.097085,athlete
892f5aadb0fffff,892f5aadb6fffff,6206442994,5422306027,17.5352,0.037008,athlete
892f5aadb0fffff,892f5aadb73ffff,6206442994,4870614084,6.1309,0.785516,athlete
892f5aadb0fffff,892f5aadb77ffff,6206442994,2377135303,14.5542,0.172052,athlete
892f5aadb0fffff,892f5aadb7bffff,6206442994,5025536627,10.4866,0.461821,athlete
892f5aadb0fffff,892f5aadb83ffff,6206442994,499192381,18.3213,0.017283,athlete
892f5aadb0fffff,892f5aadb8bffff,6206442994,3900871904,15.849,0.102576,athlete
892f5aadb0fffff,892f5aadb8fffff,6206442994,1809615766,16.2192,0.085612,athlete
892f5aadb0fffff,892f5aadba3ffff,6206442994,5158143495,13.8964,0.212727,athlete
892f5aadb0fffff,892f5aadba7ffff,6206442994,307423646,15.245,0.133104,athlete
892f5aadb0fffff,892f5aadbabffff,6206442994,307423640,8.4683,0.619145,athlete
892f5aadb0fffff,892f5aadbafffff,6206442994,307423619,12.8691,0.282213,athlete
892f5aadb0fffff,892f5aadbbbffff,6206442994,517470423,16.0045,0.095283,athlete
892f5aadb0fffff,892f5aadbc7ffff,6206442994,1510879897,13.9408,0.209882,athlete
892f5aadb0fffff,892f5aadbcfffff,6206442994,473169641,13.2727,0.254137,athlete
892f5aadb13ffff,892f5aadb03ffff,4908207183,4908207838,7.3116,0.704925,athlete
892f5aadb13ffff,892f5aadb07ffff,4908207183,9239285385,11.9325,0.350542,athlete
892f5aadb13ffff,892f5aadb0bffff,4908207183,12954056341,9.2652,0.557585,athlete
892f5aadb13ffff,892f5aadb0fffff,4908207183,6206442994,11.7406,0.364993,athlete
892f5aadb13ffff,892f5aadb13ffff,4908207183,4908207183,1.0814,0.992803,athlete
892f5aadb13ffff,892f5aadb17ffff,4908207183,295399473,7.5498,0.687724,athlete
892f5aadb13ffff,892f5aadb1bffff,4908207183,13313849470,7.3585,0.70156,athlete
892f5aadb13ffff,892f5aadb23ffff,4908207183,6206442559,19.2586,0.003387,athlete
892f5aadb13ffff,892f5aadb2bffff,4908207183,1986321871,18.0145,0.024121,athlete
892f5aadb13ffff,892f5aadb33ffff,4908207183,517548726,17.1199,0.0503,athlete
892f5aadb13ffff,892f5aadb3bffff,4908207183,13240346340,13.5996,0.232111,athlete
892f5aadb13ffff,892f5aadb43ffff,4908207183,11065027594,15.4908,0.120268,athlete
892f5aadb13ffff,892f5aadb47ffff,4908207183,11061297136,13.5976,0.232243,athlete
892f5aadb13ffff,892f5aadb4fffff,4908207183,4511333552,19.1184,0.004787,athlete
892f5aadb13ffff,892f5aadb57ffff,4908207183,4511339216,10.4228,0.466817,athlete
892f5aadb13ffff,892f5aadb73ffff,4908207183,4870614084,15.9771,0.096551,athlete
892f5aadb13ffff,892f5aadb7bffff,4908207183,5025536627,19.8636,0.000115,athlete
892f5aadb13ffff,892f5aadb83ffff,4908207183,499192381,8.7724,0.595816,athlete
892f5aadb13ffff,892f5aadb8bffff,4908207183,3900871904,5.4382,0.828398,athlete
892f5aadb13ffff,892f5aadb8fffff,4908207183,1809615766,7.357,0.701671,athlete
892f5aadb13ffff,892f5aadba3ffff,4908207183,5158143495,18.5554,0.012817,athlete
892f5aadb13ffff,892f5aadba7ffff,4908207183,307423646,19.904,5.7e-05,athlete
892f5aadb13ffff,892f5aadbabffff,4908207183,307423640,13.1273,0.264144,athlete
892f5aadb13ffff,892f5aadbafffff,4908207183,307423619,17.5281,0.03722,athlete
892f5aadb13ffff,892f5aadbbbffff,4908207183,517470423,19.0031,0.006118,athlete
892f5aadb13ffff,892f5aadbc7ffff,4908207183,1510879897,4.3081,0.889815,athlete
892f5aadb13ffff,892f5aadbcfffff,4908207183,473169641,9.7784,0.517404,athlete
892f5aadb17ffff,892f5a366dbffff,295399473,6277517902,15.8259,0.103679,athlete
892f5aadb17ffff,892f5aadb03ffff,295399473,4908207838,5.3681,0.832529,athlete
892f5aadb17ffff,892f5aadb07ffff,295399473,9239285385,9.6215,0.529707,athlete
892f5aadb17ffff,892f5aadb0bffff,295399473,12954056341,12.3762,0.31768,athlete
892f5aadb17ffff,892f5aadb0fffff,295399473,6206442994,10.3158,0.475211,athlete
892f5aadb17ffff,892f5aadb13ffff,295399473,4908207183,7.9917,0.655127,athlete
892f5aadb17ffff,892f5aadb17ffff,295399473,295399473,1.4684,0.986757,athlete
892f5aadb17ffff,892f5aadb1bffff,295399473,13313849470,10.4695,0.46316,athlete
892f5aadb17ffff,892f5aadb23ffff,295399473,6206442559,16.5294,0.072478,athlete
892f5aadb17ffff,892f5aadb27ffff,295399473,517549695,19.2138,0.003808,athlete
892f5aadb17ffff,892f5aadb2bffff,295399473,1986321871,16.5897,0.070042,athlete
892f5aadb17ffff,892f5aadb33ffff,295399473,517548726,11.822,0.358846,athlete
892f5aadb17ffff,892f5aadb37ffff,295399473,2393515085,15.7138,0.10911,athlete
892f5aadb17ffff,892f5aadb3bffff,295399473,13240346340,11.962,0.34833,athlete
892f5aadb17ffff,892f5aadb43ffff,295399473,11065027594,18.6017,0.012012,athlete
892f5aadb17ffff,892f5aadb47ffff,295399473,11061297136,15.5932,0.115082,athlete
892f5aadb17ffff,892f5aadb57ffff,295399473,4511339216,13.5338,0.236492,athlete
892f5aadb17ffff,892f5aadb73ffff,295399473,4870614084,15.251,0.132787,athlete
892f5aadb17ffff,892f5aadb7bffff,295399473,5025536627,19.1375,0.004582,athlete
892f5aadb17ffff,892f5aadb83ffff,295399473,499192381,11.3476,0.394947,athlete
892f5aadb17ffff,892f5aadb8bffff,295399473,3900871904,10.6484,0.449165,athlete
892f5aadb17ffff,892f5aadb8fffff,295399473,1809615766,9.2456,0.559115,athlete
892f5aadb17ffff,892f5aadba3ffff,295399473,5158143495,12.8249,0.285344,athlete
892f5aadb17ffff,892f5aadba7ffff,295399473,307423646,14.1735,0.195195,athlete
892f5aadb17ffff,892f5aadbabffff,295399473,307423640,7.3967,0.69881,athlete
892f5aadb17ffff,892f5aadbafffff,295399473,307423619,11.7975,0.36069,athlete
892f5aadb17ffff,892f5aadbbbffff,295399473,517470423,13.2725,0.254148,athlete
892f5aadb17ffff,892f5aadbc7ffff,295399473,1510879897,10.8727,0.431669,athlete
892f5aadb17ffff,892f5aadbcfffff,295399473,473169641,14.0734,0.201463,athlete
892f5aadb1bffff,892f5a37487ffff,13313849470,473169530,19.2263,0.003688,athlete
892f5aadb1bffff,892f5a374b3ffff,13313849470,11072417469,18.0418,0.023468,athlete
892f5aadb1bffff,892f5a374b7ffff,13313849470,4511333938,19.5697,0.001142,athlete
892f5aadb1bffff,892f5aadb03ffff,13313849470,4908207838,6.2522,0.777642,athlete
892f5aadb1bffff,892f5aadb07ffff,13313849470,9239285385,10.788,0.43827,athlete
892f5aadb1bffff,892f5aadb0bffff,13313849470,12954056341,5.1589,0.844618,athlete
892f5aadb1bffff,892f5aadb0fffff,13313849470,6206442994,9.5058,0.538772,athlete
892f5aadb1bffff,892f5aadb13ffff,13313849470,4908207183,7.7403,0.673776,athlete
892f5aadb1bffff,892f5aadb17ffff,13313849470,295399473,10.4082,0.467963,athlete
892f5aadb1bffff,892f5aadb1bffff,13313849470,13313849470,0.5696,0.998,athlete
892f5aadb1bffff,892f5aadb23ffff,13313849470,6206442559,18.114,0.02178,athlete
892f5aadb1bffff,892f5aadb2bffff,13313849470,1986321871,16.87,0.059226,athlete
892f5aadb1bffff,892f5aadb33ffff,13313849470,517548726,15.9754,0.09663,athlete
892f5aadb1bffff,892f5aadb37ffff,13313849470,2393515085,19.9672,7e-06,athlete
892f5aadb1bffff,892f5aadb3bffff,13313849470,13240346340,12.4551,0.311921,athlete
892f5aadb1bffff,892f5aadb43ffff,13313849470,11065027594,10.9932,0.422314,athlete
892f5aadb1bffff,892f5aadb47ffff,13313849470,11061297136,9.1,0.570449,athlete
892f5aadb1bffff,892f5aadb4bffff,13313849470,473169537,16.8833,0.058733,athlete
892f5aadb1bffff,892f5aadb4fffff,13313849470,4511333552,14.6208,0.168122,athlete
892f5aadb1bffff,892f5aadb57ffff,13313849470,4511339216,5.9252,0.798625,athlete
892f5aadb1bffff,892f5aadb73ffff,13313849470,4870614084,12.6714,0.29629,athlete
892f5aadb1bffff,892f5aadb7bffff,13313849470,5025536627,15.6344,0.113028,athlete
892f5aadb1bffff,892f5aadb83ffff,13313849470,499192381,14.3641,0.183467,athlete
892f5aadb1bffff,892f5aadb8bffff,13313849470,3900871904,9.4845,0.540441,athlete
892f5aadb1bffff,892f5aadb8fffff,13313849470,1809615766,13.4552,0.241754,athlete
892f5aadb1bffff,892f5aadbabffff,13313849470,307423640,14.6251,0.167866,athlete
892f5aadb1bffff,892f5aadbafffff,13313849470,307423619,19.026,0.005841,athlete
892f5aadb1bffff,892f5aadbc7ffff,13313849470,1510879897,6.9204,0.732547,athlete
892f5aadb1bffff,892f5aadbcfffff,13313849470,473169641,6.4648,0.763602,athlete
892f5aadb23ffff,892f5a36643ffff,6206442559,1520857952,13.1796,0.260526,athlete
892f5aadb23ffff,892f5a36647ffff,6206442559,295413512,16.8716,0.059164,athlete
892f5aadb23ffff,892f5a3664bffff,6206442559,8364977378,12.1887,0.331468,athlete
892f5aadb23ffff,892f5a3664fffff,6206442559,475762598,15.1588,0.137738,athlete
892f5aadb23ffff,892f5a36653ffff,6206442559,1520857592,10.7564,0.440732,athlete
892f5aadb23ffff,892f5a36657ffff,6206442559,10548487822,13.6555,0.228419,athlete
892f5aadb23ffff,892f5a3665bffff,6206442559,475768206,7.1467,0.716673,athlete
892f5aadb23ffff,892f5a3667bffff,6206442559,978985095,19.4849,0.001636,athlete
892f5aadb23ffff,892f5a366c3ffff,6206442559,10588174561,16.3057,0.081853,athlete
892f5aadb23ffff,892f5a366cbffff,6206442559,7374097405,12.8811,0.281368,athlete
892f5aadb23ffff,892f5a366cfffff,6206442559,1485314845,15.5034,0.119624,athlete
892f5aadb23ffff,892f5a366dbffff,6206442559,6277517902,10.1044,0.491801,athlete
892f5aadb23ffff,892f5a37583ffff,6206442559,1813858066,13.5915,0.232651,athlete
892f5aadb23ffff,892f5a37587ffff,6206442559,475770391,14.1495,0.196692,athlete
892f5aadb23ffff,892f5a3758fffff,6206442559,13736742284,19.7131,0.000508,athlete
892f5aadb23ffff,892f5a37593ffff,6206442559,255996108,12.1837,0.331838,athlete
892f5aadb23ffff,892f5a37597ffff,6206442559,13140663722,11.9211,0.3514,athlete
892f5aadb23ffff,892f5a3759bffff,6206442559,255995938,16.3288,0.080857,athlete
892f5aadb23ffff,892f5a375b3ffff,6206442559,475758058,17.1973,0.047675,athlete
892f5aadb23ffff,892f5a375bbffff,6206442559,472359980,19.8342,0.00017,athlete
892f5aadb23ffff,892f5aadb03ffff,6206442559,4908207838,12.201,0.330558,athlete
892f5aadb23ffff,892f5aadb07ffff,6206442559,9239285385,9.0443,0.57478,athlete
892f5aadb23ffff,892f5aadb0bffff,6206442559,12954056341,19.0472,0.00559,athlete
892f5aadb23ffff,892f5aadb0fffff,6206442559,6206442994,9.381,0.548539,athlete
892f5aadb23ffff,892f5aadb13ffff,6206442559,4908207183,18.7953,0.008926,athlete
892f5aadb23ffff,892f5aadb17ffff,6206442559,295399473,15.1849,0.136328,athlete
892f5aadb23ffff,892f5aadb1bffff,6206442559,13313849470,17.4459,0.039702,athlete
892f5aadb23ffff,892f5aadb23ffff,6206442559,6206442559,0.1951,0.999765,athlete
892f5aadb23ffff,892f5aadb27ffff,6206442559,517549695,5.2098,0.84171,athlete
892f5aadb23ffff,892f5aadb2bffff,6206442559,1986321871,5.771,0.80825,athlete
892f5aadb23ffff,892f5aadb2fffff,6206442559,5180913963,5.526,0.82317,athlete
892f5aadb23ffff,892f5aadb33ffff,6206442559,517548726,4.6673,0.871541,athlete
892f5aadb23ffff,892f5aadb37ffff,6206442559,2393515085,5.5956,0.818976,athlete
892f5aadb23ffff,892f5aadb3bffff,6206442559,13240346340,5.1972,0.842436,athlete
892f5aadb23ffff,892f5aadb47ffff,6206442559,11061297136,18.7262,0.009976,athlete
892f5aadb23ffff,892f5aadb63ffff,6206442559,2375772172,14.7577,0.160153,athlete
892f5aadb23ffff,892f5aadb67ffff,6206442559,305443506,11.5878,0.376585,athlete
892f5aadb23ffff,892f5aadb6fffff,6206442559,5422306027,16.0785,0.091898,athlete
892f5aadb23ffff,892f5aadb73ffff,6206442559,4870614084,14.9825,0.147421,athlete
892f5aadb23ffff,892f5aadb77ffff,6206442559,2377135303,10.6326,0.4504,athlete
892f5aadb23ffff,892f5aadb7bffff,6206442559,5025536627,19.3382,0.002699,athlete
892f5aadb23ffff,892f5aadba3ffff,6206442559,5158143495,13.6221,0.230623,athlete
892f5aadb23ffff,892f5aadba7ffff,6206442559,307423646,12.8107,0.286349,athlete
892f5aadb23ffff,892f5aadbabffff,6206442559,307423640,9.2686,0.557319,athlete
892f5aadb23ffff,892f5aadbafffff,6206442559,307423619,9.086,0.571539,athlete
892f5aadb23ffff,892f5aadbbbffff,6206442559,517470423,16.8048,0.061664,athlete
892f5aadb27ffff,892f5a3660bffff,517549695,6282956810,18.8323,0.008387,athlete
892f5aadb27ffff,892f5a36643ffff,517549695,1520857952,10.6577,0.448438,athlete
892f5aadb27ffff,892f5a36647ffff,517549695,295413512,14.4952,0.175562,athlete
892f5aadb27ffff,892f5a3664bffff,517549695,8364977378,9.9673,0.502571,athlete
892f5aadb27ffff,892f5a3664fffff,517549695,475762598,12.8632,0.282628,athlete
892f5aadb27ffff,892f5a36653ffff,517549695,1520857592,8.2344,0.636896,athlete
892f5aadb27ffff,892f5a36657ffff,517549695,10548487822,11.1335,0.411445,athlete
892f5aadb27ffff,892f5a3665bffff,517549695,475768206,4.7702,0.86608,athlete
892f5aadb27ffff,892f5a36673ffff,517549695,861244781,18.742,0.00973,athlete
892f5aadb27ffff,892f5a3667bffff,517549695,978985095,17.1893,0.047946,athlete
892f5aadb27ffff,892f5a366c3ffff,517549695,10588174561,13.7837,0.220019,athlete
892f5aadb27ffff,892f5a366c7ffff,517549695,3265458964,19.0531,0.005521,athlete
892f5aadb27ffff,892f5a366cbffff,517549695,7374097405,10.3591,0.471812,athlete
892f5aadb27ffff,892f5a366cfffff,517549695,1485314845,12.9814,0.274305,athlete
892f5aadb27ffff,892f5a366dbffff,517549695,6277517902,9.5031,0.53899,athlete
892f5aadb27ffff,892f5a37583ffff,517549695,1813858066,13.259,0.255072,athlete
892f5aadb27ffff,892f5a37587ffff,517549695,475770391,13.4373,0.24296,athlete
892f5aadb27ffff,892f5a3758fffff,517549695,13736742284,19.3807,0.002364,athlete
892f5aadb27ffff,892f5a37593ffff,517549695,255996108,16.5648,0.071041,athlete
892f5aadb27ffff,892f5a37597ffff,517549695,13140663722,11.2089,0.405621,athlete
892f5aadb27ffff,892f5a3759bffff,517549695,255995938,18.232,0.019159,athlete
892f5aadb27ffff,892f5a375b3ffff,517549695,475758058,15.1038,0.140727,athlete
892f5aadb27ffff,892f5a375bbffff,517549695,472359980,19.1221,0.004747,athlete
892f5aadb27ffff,892f5aadb03ffff,517549695,4908207838,17.4744,0.038833,athlete
892f5aadb27ffff,892f5aadb07ffff,517549695,9239285385,14.3942,0.18164,athlete
892f5aadb27ffff,892f5aadb0fffff,517549695,6206442994,14.5959,0.169586,athlete
892f5aadb27ffff,892f5aadb17ffff,517549695,295399473,18.5902,0.01221,athlete
892f5aadb27ffff,892f5aadb23ffff,517549695,6206442559,6.2768,0.776034,athlete
892f5aadb27ffff,892f5aadb27ffff,517549695,517549695,0.3208,0.999365,athlete
892f5aadb27ffff,892f5aadb2bffff,517549695,1986321871,10.1522,0.488051,athlete
892f5aadb27ffff,892f5aadb2fffff,517549695,5180913963,5.5585,0.821215,athlete
892f5aadb27ffff,892f5aadb33ffff,517549695,517548726,8.4023,0.624173,athlete
892f5aadb27ffff,892f5aadb37ffff,517549695,2393515085,5.1366,0.845888,athlete
892f5aadb27ffff,892f5aadb3bffff,517549695,13240346340,10.4848,0.461958,athlete
892f5aadb27ffff,892f5aadb63ffff,517549695,2375772172,19.1389,0.004567,athlete
892f5aadb27ffff,892f5aadb67ffff,517549695,305443506,15.9689,0.09693,athlete
892f5aadb27ffff,892f5aadb77ffff,517549695,2377135303,15.0137,0.145685,athlete
892f5aadb27ffff,892f5aadba3ffff,517549695,5158143495,14.228,0.191814,athlete
892f5aadb27ffff,892f5aadba7ffff,517549695,307423646,13.4166,0.244358,athlete
892f5aadb27ffff,892f5aadbabffff,517549695,307423640,12.2656,0.325792,athlete
892f5aadb27ffff,892f5aadbafffff,517549695,307423619,9.6919,0.52419,athlete
892f5aadb27ffff,892f5aadbbbffff,517549695,517470423,19.2637,0.003341,athlete
892f5aadb2bffff,892f5a36643ffff,1986321871,1520857952,15.9404,0.098261,athlete
892f5aadb2bffff,892f5a36647ffff,1986321871,295413512,19.5899,0.001037,athlete
892f5aadb2bffff,892f5a3664bffff,1986321871,8364977378,14.8037,0.157516,athlete
892f5aadb2bffff,892f5a3664fffff,1986321871,475762598,17.7738,0.03026,athlete
892f5aadb2bffff,892f5a36653ffff,1986321871,1520857592,13.5172,0.237602,athlete
892f5aadb2bffff,892f5a36657ffff,1986321871,10548487822,16.4162,0.077155,athlete
892f5aadb2bffff,892f5a3665bffff,1986321871,475768206,9.8649,0.510608,athlete
892f5aadb2bffff,892f5a366c3ffff,1986321871,10588174561,19.0664,0.005367,athlete
892f5aadb2bffff,892f5a366cbffff,1986321871,7374097405,15.6418,0.112658,athlete
892f5aadb2bffff,892f5a366cfffff,1986321871,1485314845,18.2642,0.018472,athlete
892f5aadb2bffff,892f5a366dbffff,1986321871,6277517902,14.1156,0.198812,athlete
892f5aadb2bffff,892f5a37583ffff,1986321871,1813858066,11.9852,0.346599,athlete
892f5aadb2bffff,892f5a37587ffff,1986321871,475770391,16.7645,0.063198,athlete
892f5aadb2bffff,892f5a3758bffff,1986321871,6281439102,19.3623,0.002507,athlete
892f5aadb2bffff,892f5a3758fffff,1986321871,13736742284,18.5766,0.012446,athlete
892f5aadb2bffff,892f5a37593ffff,1986321871,255996108,7.4182,0.697261,athlete
892f5aadb2bffff,892f5a37597ffff,1986321871,13140663722,14.5361,0.173128,athlete
892f5aadb2bffff,892f5a3759bffff,1986321871,255995938,11.5634,0.378443,athlete
892f5aadb2bffff,892f5a375b3ffff,1986321871,475758058,19.8123,0.000217,athlete
892f5aadb2bffff,892f5a375c3ffff,1986321871,472447266,19.3893,0.002299,athlete
892f5aadb2bffff,892f5a375d3ffff,1986321871,4717672327,16.5946,0.069845,athlete
892f5aadb2bffff,892f5a375d7ffff,1986321871,472447132,16.1504,0.088662,athlete
892f5aadb2bffff,892f5aadb03ffff,1986321871,4908207838,10.7869,0.438356,athlete
892f5aadb2bffff,892f5aadb07ffff,1986321871,9239285385,9.4198,0.545503,athlete
892f5aadb2bffff,892f5aadb0bffff,1986321871,12954056341,17.7043,0.032158,athlete
892f5aadb2bffff,892f5aadb0fffff,1986321871,6206442994,7.7439,0.673508,athlete
892f5aadb2bffff,892f5aadb13ffff,1986321871,4908207183,17.3812,0.041712,athlete
892f5aadb2bffff,892f5aadb17ffff,1986321871,295399473,14.6228,0.168003,athlete
892f5aadb2bffff,892f5aadb1bffff,1986321871,13313849470,16.1031,0.090786,athlete
892f5aadb2bffff,892f5aadb23ffff,1986321871,6206442559,5.7214,0.811307,athlete
892f5aadb2bffff,892f5aadb27ffff,1986321871,517549695,8.9406,0.58282,athlete
892f5aadb2bffff,892f5aadb2bffff,1986321871,1986321871,1.0055,0.993776,athlete
892f5aadb2bffff,892f5aadb2fffff,1986321871,5180913963,7.3493,0.702225,athlete
892f5aadb2bffff,892f5aadb33ffff,1986321871,517548726,9.6561,0.526996,athlete
892f5aadb2bffff,892f5aadb37ffff,1986321871,2393515085,9.6068,0.53086,athlete
892f5aadb2bffff,892f5aadb3bffff,1986321871,13240346340,3.9671,0.906023,athlete
892f5aadb2bffff,892f5aadb47ffff,1986321871,11061297136,17.0891,0.051365,athlete
892f5aadb2bffff,892f5aadb57ffff,1986321871,4511339216,19.1674,0.00427,athlete
892f5aadb2bffff,892f5aadb63ffff,1986321871,2375772172,9.9923,0.500607,athlete
892f5aadb2bffff,892f5aadb67ffff,1986321871,305443506,6.8223,0.73934,athlete
892f5aadb2bffff,892f5aadb6bffff,1986321871,472447041,16.3404,0.080363,athlete
892f5aadb2bffff,892f5aadb6fffff,1986321871,5422306027,11.313,0.397605,athlete
892f5aadb2bffff,892f5aadb73ffff,1986321871,4870614084,13.3454,0.249183,athlete
892f5aadb2bffff,892f5aadb77ffff,1986321871,2377135303,5.8671,0.802273,athlete
892f5aadb2bffff,892f5aadb7bffff,1986321871,5025536627,17.1377,0.049693,athlete
892f5aadb2bffff,892f5aadba3ffff,1986321871,5158143495,18.4678,0.014411,athlete
892f5aadb2bffff,892f5aadba7ffff,1986321871,307423646,17.6565,0.033498,athlete
892f5aadb2bffff,892f5aadbabffff,1986321871,307423640,13.251,0.255621,athlete
892f5aadb2bffff,892f5aadbafffff,1986321871,307423619,13.9317,0.210461,athlete
892f5aadb2bffff,892f5aadbc7ffff,1986321871,1510879897,19.3387,0.002695,athlete
892f5aadb2bffff,892f5aadbcfffff,1986321871,473169641,19.707,0.000529,athlete
892f5aadb2fffff,892f5a3660bffff,5180913963,6282956810,19.9976,0.0,athlete
892f5aadb2fffff,892f5a36643ffff,5180913963,1520857952,11.823,0.358773,athlete
892f5aadb2fffff,892f5a36647ffff,5180913963,295413512,15.4163,0.124097,athlete
892f5aadb2fffff,892f5a3664bffff,5180913963,8364977378,9.6417,0.528123,athlete
892f5aadb2fffff,892f5a3664fffff,5180913963,475762598,12.6119,0.300571,athlete
892f5aadb2fffff,892f5a36653ffff,5180913963,1520857592,9.3997,0.547075,athlete
892f5aadb2fffff,892f5a36657ffff,5180913963,10548487822,12.2988,0.323351,athlete
892f5aadb2fffff,892f5a3665bffff,5180913963,475768206,5.6914,0.813151,athlete
892f5aadb2fffff,892f5a36673ffff,5180913963,861244781,19.6427,0.000787,athlete
892f5aadb2fffff,892f5a3667bffff,5180913963,978985095,16.9379,0.056731,athlete
892f5aadb2fffff,892f5a366c3ffff,5180913963,10588174561,14.949,0.149291,athlete
892f5aadb2fffff,892f5a366cbffff,5180913963,7374097405,11.5244,0.381415,athlete
892f5aadb2fffff,892f5a366cfffff,5180913963,1485314845,14.1467,0.196863,athlete
892f5aadb2fffff,892f5a366dbffff,5180913963,6277517902,12.9722,0.274955,athlete
892f5aadb2fffff,892f5a37513ffff,5180913963,11538316379,18.1265,0.021495,athlete
892f5aadb2fffff,892f5a37583ffff,5180913963,1813858066,9.1901,0.563437,athlete
892f5aadb2fffff,892f5a37587ffff,5180913963,475770391,11.6025,0.375462,athlete
892f5aadb2fffff,892f5a3758bffff,5180913963,6281439102,16.383,0.078551,athlete
892f5aadb2fffff,892f5a3758fffff,5180913963,13736742284,15.3118,0.129564,athlete
892f5aadb2fffff,892f5a37593ffff,5180913963,255996108,12.7357,0.291691,athlete
892f5aadb2fffff,892f5a37597ffff,5180913963,13140663722,9.3741,0.549077,athlete
892f5aadb2fffff,892f5a3759bffff,5180913963,255995938,14.1631,0.195843,athlete
892f5aadb2fffff,892f5a375b3ffff,5180913963,475758058,14.6504,0.166385,athlete
892f5aadb2fffff,892f5a375bbffff,5180913963,472359980,17.2873,0.04471,athlete
892f5aadb2fffff,892f5a375d7ffff,5180913963,472447132,16.1743,0.087596,athlete
892f5aadb2fffff,892f5aadb03ffff,5180913963,4908207838,14.6172,0.16833,athlete
892f5aadb2fffff,892f5aadb07ffff,5180913963,9239285385,13.1434,0.26303,athlete
892f5aadb2fffff,892f5aadb0fffff,5180913963,6206442994,11.5925,0.376224,athlete
892f5aadb2fffff,892f5aadb17ffff,5180913963,295399473,18.4531,0.014687,athlete
892f5aadb2fffff,892f5aadb1bffff,5180913963,13313849470,19.9334,2.7e-05,athlete
892f5aadb2fffff,892f5aadb23ffff,5180913963,6206442559,6.0706,0.789386,athlete
892f5aadb2fffff,892f5aadb27ffff,5180913963,517549695,5.0419,0.851221,athlete
892f5aadb2fffff,892f5aadb2bffff,5180913963,1986321871,6.323,0.772999,athlete
892f5aadb2fffff,892f5aadb2fffff,5180913963,5180913963,0.9508,0.994433,athlete
892f5aadb2fffff,892f5aadb33ffff,5180913963,517548726,10.5428,0.457417,athlete
892f5aadb2fffff,892f5aadb37ffff,5180913963,2393515085,8.4634,0.619515,athlete
892f5aadb2fffff,892f5aadb3bffff,5180913963,13240346340,7.6906,0.677428,athlete
892f5aadb2fffff,892f5aadb63ffff,5180913963,2375772172,15.3098,0.129669,athlete
892f5aadb2fffff,892f5aadb67ffff,5180913963,305443506,12.1398,0.335087,athlete
892f5aadb2fffff,892f5aadb6fffff,5180913963,5422306027,16.6305,0.068414,athlete
892f5aadb2fffff,892f5aadb73ffff,5180913963,4870614084,17.194,0.047788,athlete
892f5aadb2fffff,892f5aadb77ffff,5180913963,2377135303,11.1846,0.407499,athlete
892f5aadb2fffff,892f5aadba3ffff,5180913963,5158143495,17.4254,0.040335,athlete
892f5aadb2fffff,892f5aadba7ffff,5180913963,307423646,16.614,0.06907,athlete
892f5aadb2fffff,892f5aadbabffff,5180913963,307423640,15.1442,0.138532,athlete
892f5aadb2fffff,892f5aadbafffff,5180913963,307423619,12.8893,0.280787,athlete
892f5aadb33ffff,892f5a36643ffff,517548726,1520857952,17.4834,0.038562,athlete
892f5aadb33ffff,892f5a3664bffff,517548726,8364977378,16.7854,0.062402,athlete
892f5aadb33ffff,892f5a3664fffff,517548726,475762598,19.6813,0.000626,athlete
892f5aadb33ffff,892f5a36653ffff,517548726,1520857592,15.0601,0.143123,athlete
892f5aadb33ffff,892f5a36657ffff,517548726,10548487822,17.9592,0.025472,athlete
892f5aadb33ffff,892f5a3665bffff,517548726,475768206,11.5883,0.376543,athlete
892f5aadb33ffff,892f5a366cbffff,517548726,7374097405,17.1848,0.048096,athlete
892f5aadb33ffff,892f5a366cfffff,517548726,1485314845,19.8071,0.000229,athlete
892f5aadb33ffff,892f5a366dbffff,517548726,6277517902,8.9418,0.582731,athlete
892f5aadb33ffff,892f5a37583ffff,517548726,1813858066,18.3805,0.016091,athlete
892f5aadb33ffff,892f5a37587ffff,517548726,475770391,18.9385,0.006935,athlete
892f5aadb33ffff,892f5a37593ffff,517548726,255996108,16.5557,0.071411,athlete
892f5aadb33ffff,892f5a37597ffff,517548726,13140663722,16.7101,0.065293,athlete
892f5aadb33ffff,892f5aadb03ffff,517548726,4908207838,11.4975,0.383468,athlete
892f5aadb33ffff,892f5aadb07ffff,517548726,9239285385,8.0511,0.650685,athlete
892f5aadb33ffff,892f5aadb0bffff,517548726,12954056341,18.4225,0.015272,athlete
892f5aadb33ffff,892f5aadb0fffff,517548726,6206442994,8.8892,0.586801,athlete
892f5aadb33ffff,892f5aadb13ffff,517548726,4908207183,16.9089,0.057789,athlete
892f5aadb33ffff,892f5aadb17ffff,517548726,295399473,11.1193,0.412539,athlete
892f5aadb33ffff,892f5aadb1bffff,517548726,13313849470,16.8213,0.061045,athlete
892f5aadb33ffff,892f5aadb23ffff,517548726,6206442559,4.9841,0.854437,athlete
892f5aadb33ffff,892f5aadb27ffff,517548726,517549695,7.7305,0.674493,athlete
892f5aadb33ffff,892f5aadb2bffff,517548726,1986321871,10.143,0.48877,athlete
892f5aadb33ffff,892f5aadb2fffff,517548726,5180913963,10.315,0.475271,athlete
892f5aadb33ffff,892f5aadb33ffff,517548726,517548726,0.053,0.999983,athlete
892f5aadb33ffff,892f5aadb37ffff,517548726,2393515085,4.5333,0.8785,athlete
892f5aadb33ffff,892f5aadb3bffff,517548726,13240346340,5.8689,0.802161,athlete
892f5aadb33ffff,892f5aadb47ffff,517548726,11061297136,18.2371,0.019048,athlete
892f5aadb33ffff,892f5aadb57ffff,517548726,4511339216,19.8856,8.1e-05,athlete
892f5aadb33ffff,892f5aadb63ffff,517548726,2375772172,19.1298,0.004664,athlete
892f5aadb33ffff,892f5aadb67ffff,517548726,305443506,15.9598,0.097356,athlete
892f5aadb33ffff,892f5aadb73ffff,517548726,4870614084,14.4934,0.175668,athlete
892f5aadb33ffff,892f5aadb77ffff,517548726,2377135303,15.0046,0.146193,athlete
892f5aadb33ffff,892f5aadb7bffff,517548726,5025536627,18.8492,0.008148,athlete
892f5aadb33ffff,892f5aadb8bffff,517548726,3900871904,19.5656,0.001164,athlete
892f5aadb33ffff,892f5aadb8fffff,517548726,1809615766,18.1628,0.020677,athlete
892f5aadb33ffff,892f5aadba3ffff,517548726,5158143495,9.0738,0.572487,athlete
892f5aadb33ffff,892f5aadba7ffff,517548726,307423646,8.7047,0.601033,athlete
892f5aadb33ffff,892f5aadbabffff,517548726,307423640,5.158,0.844668,athlete
892f5aadb33ffff,892f5aadbafffff,517548726,307423619,5.1182,0.84693,athlete
892f5aadb33ffff,892f5aadbbbffff,517548726,517470423,12.3342,0.320754,athlete
892f5aadb33ffff,892f5aadbc7ffff,517548726,1510879897,19.661,0.000709,athlete
892f5aadb37ffff,892f5a36643ffff,2393515085,1520857952,15.2012,0.135449,athlete
892f5aadb37ffff,892f5a36647ffff,2393515085,295413512,19.0388,0.005688,athlete
892f5aadb37ffff,892f5a3664bffff,2393515085,8364977378,14.5108,0.174629,athlete
892f5aadb37ffff,892f5a3664fffff,2393515085,475762598,17.4068,0.040911,athlete
892f5aadb37ffff,892f5a36653ffff,2393515085,1520857592,12.778,0.288674,athlete
892f5aadb37ffff,892f5a36657ffff,2393515085,10548487822,15.6771,0.110913,athlete
892f5aadb37ffff,892f5a3665bffff,2393515085,475768206,9.3138,0.553789,athlete
892f5aadb37ffff,892f5a366c3ffff,2393515085,10588174561,18.3273,0.017161,athlete
892f5aadb37ffff,892f5a366cbffff,2393515085,7374097405,14.9027,0.151893,athlete
892f5aadb37ffff,892f5a366cfffff,2393515085,1485314845,17.525,0.037312,athlete
892f5aadb37ffff,892f5a366dbffff,2393515085,6277517902,5.2761,0.83789,athlete
892f5aadb37ffff,892f5a37583ffff,2393515085,1813858066,16.3404,0.080365,athlete
892f5aadb37ffff,892f5a37587ffff,2393515085,475770391,16.8983,0.058178,athlete
892f5aadb37ffff,892f5a37593ffff,2393515085,255996108,16.8788,0.058897,athlete
892f5aadb37ffff,892f5a37597ffff,2393515085,13140663722,14.6699,0.165245,athlete
892f5aadb37ffff,892f5a375b3ffff,2393515085,475758058,19.6474,0.000767,athlete
892f5aadb37ffff,892f5aadb03ffff,2393515085,4908207838,14.8484,0.154967,athlete
892f5aadb37ffff,892f5aadb07ffff,2393515085,9239285385,11.3632,0.393751,athlete
892f5aadb37ffff,892f5aadb0fffff,2393515085,6206442994,12.0916,0.338663,athlete
892f5aadb37ffff,892f5aadb17ffff,2393515085,295399473,14.7623,0.159891,athlete
892f5aadb37ffff,892f5aadb23ffff,2393515085,6206442559,6.369,0.769968,athlete
892f5aadb37ffff,892f5aadb27ffff,2393515085,517549695,4.9756,0.854907,athlete
892f5aadb37ffff,892f5aadb2bffff,2393515085,1986321871,10.4662,0.46342,athlete
892f5aadb37ffff,892f5aadb2fffff,2393515085,5180913963,8.2776,0.63363,athlete
892f5aadb37ffff,892f5aadb33ffff,2393515085,517548726,5.1509,0.845077,athlete
892f5aadb37ffff,892f5aadb37ffff,2393515085,2393515085,0.4167,0.998929,athlete
892f5aadb37ffff,892f5aadb3bffff,2393515085,13240346340,9.0713,0.572679,athlete
892f5aadb37ffff,892f5aadb63ffff,2393515085,2375772172,19.4529,0.001845,athlete
892f5aadb37ffff,892f5aadb67ffff,2393515085,305443506,16.283,0.082833,athlete
892f5aadb37ffff,892f5aadb73ffff,2393515085,4870614084,17.6959,0.032392,athlete
892f5aadb37ffff,892f5aadb77ffff,2393515085,2377135303,15.3277,0.128722,athlete
892f5aadb37ffff,892f5aadba3ffff,2393515085,5158143495,9.8426,0.512362,athlete
892f5aadb37ffff,892f5aadba7ffff,2393515085,307423646,9.0312,0.575794,athlete
892f5aadb37ffff,892f5aadbabffff,2393515085,307423640,8.2852,0.633054,athlete
892f5aadb37ffff,892f5aadbafffff,2393515085,307423619,5.3065,0.836128,athlete
892f5aadb37ffff,892f5aadbbbffff,2393515085,517470423,15.1795,0.136618,athlete
892f5aadb3bffff,892f5a36643ffff,13240346340,1520857952,17.5245,0.037327,athlete
892f5aadb3bffff,892f5a3664bffff,13240346340,8364977378,16.491,0.074048,athlete
892f5aadb3bffff,892f5a3664fffff,13240346340,475762598,19.4612,0.00179,athlete
892f5aadb3bffff,892f5a36653ffff,13240346340,1520857592,15.1013,0.140868,athlete
892f5aadb3bffff,892f5a36657ffff,13240346340,10548487822,18.0003,0.024464,athlete
892f5aadb3bffff,892f5a3665bffff,13240346340,475768206,11.449,0.387175,athlete
892f5aadb3bffff,892f5a366cbffff,13240346340,7374097405,17.2259,0.046723,athlete
892f5aadb3bffff,892f5a366cfffff,13240346340,1485314845,19.8483,0.000142,athlete
892f5aadb3bffff,892f5a366dbffff,13240346340,6277517902,14.3574,0.183874,athlete
892f5aadb3bffff,892f5a37583ffff,13240346340,1813858066,15.2996,0.130203,athlete
892f5aadb3bffff,892f5a37587ffff,13240346340,475770391,18.4518,0.014712,athlete
892f5aadb3bffff,892f5a37593ffff,13240346340,255996108,11.7771,0.362236,athlete
892f5aadb3bffff,892f5a37597ffff,13240346340,13140663722,16.2234,0.085429,athlete
892f5aadb3bffff,892f5a3759bffff,13240346340,255995938,15.9222,0.099112,athlete
892f5aadb3bffff,892f5aadb03ffff,13240346340,4908207838,7.6493,0.680455,athlete
892f5aadb3bffff,892f5aadb07ffff,13240346340,9239285385,6.0983,0.787614,athlete
892f5aadb3bffff,892f5aadb0bffff,13240346340,12954056341,14.4955,0.175544,athlete
892f5aadb3bffff,892f5aadb0fffff,13240346340,6206442994,4.8293,0.862903,athlete
892f5aadb3bffff,892f5aadb13ffff,13240346340,4908207183,14.2436,0.190847,athlete
892f5aadb3bffff,892f5aadb17ffff,13240346340,295399473,11.4707,0.385516,athlete
892f5aadb3bffff,892f5aadb1bffff,13240346340,13313849470,12.8943,0.280435,athlete
892f5aadb3bffff,892f5aadb23ffff,13240346340,6206442559,6.3044,0.77422,athlete
892f5aadb3bffff,892f5aadb27ffff,13240346340,517549695,10.5247,0.458835,athlete
892f5aadb3bffff,892f5aadb2bffff,13240346340,1986321871,5.3644,0.83275,athlete
892f5aadb3bffff,892f5aadb2fffff,13240346340,5180913963,9.7264,0.521482,athlete
892f5aadb3bffff,892f5aadb33ffff,13240346340,517548726,6.7986,0.740975,athlete
892f5aadb3bffff,892f5aadb37ffff,13240346340,2393515085,9.498,0.539386,athlete
892f5aadb3bffff,892f5aadb3bffff,13240346340,13240346340,0.6455,0.997432,athlete
892f5aadb3bffff,892f5aadb43ffff,13240346340,11065027594,19.3568,0.002549,athlete
892f5aadb3bffff,892f5aadb47ffff,13240346340,11061297136,14.1745,0.195131,athlete
892f5aadb3bffff,892f5aadb4fffff,13240346340,4511333552,19.1713,0.00423,athlete
892f5aadb3bffff,892f5aadb57ffff,13240346340,4511339216,15.9586,0.097413,athlete
892f5aadb3bffff,892f5aadb63ffff,13240346340,2375772172,14.3511,0.184255,athlete
892f5aadb3bffff,892f5aadb67ffff,13240346340,305443506,11.1812,0.407763,athlete
892f5aadb3bffff,892f5aadb6fffff,13240346340,5422306027,15.6719,0.11117,athlete
892f5aadb3bffff,892f5aadb73ffff,13240346340,4870614084,10.4308,0.466191,athlete
892f5aadb3bffff,892f5aadb77ffff,13240346340,2377135303,10.2259,0.482258,athlete
892f5aadb3bffff,892f5aadb7bffff,13240346340,5025536627,14.7865,0.158499,athlete
892f5aadb3bffff,892f5aadb8bffff,13240346340,3900871904,17.7169,0.03181,athlete
892f5aadb3bffff,892f5aadb8fffff,13240346340,1809615766,18.021,0.023964,athlete
892f5aadb3bffff,892f5aadba3ffff,13240346340,5158143495,15.3576,0.127156,athlete
892f5aadb3bffff,892f5aadba7ffff,13240346340,307423646,15.4502,0.122347,athlete
892f5aadb3bffff,892f5aadbabffff,13240346340,307423640,9.9294,0.505542,athlete
892f5aadb3bffff,892f5aadbafffff,13240346340,307423619,11.8637,0.355706,athlete
892f5aadb3bffff,892f5aadbbbffff,13240346340,517470423,17.4657,0.039098,athlete
892f5aadb3bffff,892f5aadbc7ffff,13240346340,1510879897,16.1202,0.090013,athlete
892f5aadb3bffff,892f5aadbcfffff,13240346340,473169641,16.4982,0.073755,athlete
892f5aadb43ffff,892f5a37487ffff,11065027594,473169530,13.282,0.253502,athlete
892f5aadb43ffff,892f5a374a3ffff,11065027594,7942739530,16.7622,0.063284,athlete
892f5aadb43ffff,892f5a374a7ffff,11065027594,9791542150,17.8983,0.027001,athlete
892f5aadb43ffff,892f5a374b3ffff,11065027594,11072417469,12.0974,0.338234,athlete
892f5aadb43ffff,892f5a374b7ffff,11065027594,4511333938,13.6254,0.230407,athlete
892f5aadb43ffff,892f5a374bbffff,11065027594,1665929771,15.7958,0.105123,athlete
892f5aadb43ffff,892f5aadb03ffff,11065027594,4908207838,14.3824,0.182354,athlete
892f5aadb43ffff,892f5aadb07ffff,11065027594,9239285385,18.8585,0.008016,athlete
892f5aadb43ffff,892f5aadb0bffff,11065027594,12954056341,12.7658,0.289546,athlete
892f5aadb43ffff,892f5aadb0fffff,11065027594,6206442994,14.44,0.178873,athlete
892f5aadb43ffff,892f5aadb13ffff,11065027594,4908207183,16.0728,0.092159,athlete
892f5aadb43ffff,892f5aadb17ffff,11065027594,295399473,18.5384,0.01312,athlete
892f5aadb43ffff,892f5aadb1bffff,11065027594,13313849470,10.9911,0.422473,athlete
892f5aadb43ffff,892f5aadb3bffff,11065027594,13240346340,19.2785,0.003207,athlete
892f5aadb43ffff,892f5aadb43ffff,11065027594,11065027594,0.5479,0.998149,athlete
892f5aadb43ffff,892f5aadb47ffff,11065027594,11061297136,6.4179,0.766722,athlete
892f5aadb43ffff,892f5aadb4bffff,11065027594,473169537,10.9389,0.426526,athlete
892f5aadb43ffff,892f5aadb4fffff,11065027594,4511333552,8.706,0.600932,athlete
892f5aadb43ffff,892f5aadb57ffff,11065027594,4511339216,6.7025,0.747559,athlete
892f5aadb43ffff,892f5aadb6bffff,11065027594,472447041,17.175,0.048427,athlete
892f5aadb43ffff,892f5aadb6fffff,11065027594,5422306027,18.8786,0.007737,athlete
892f5aadb43ffff,892f5aadb73ffff,11065027594,4870614084,11.8719,0.355094,athlete
892f5aadb43ffff,892f5aadb7bffff,11065027594,5025536627,11.9179,0.351634,athlete
892f5aadb43ffff,892f5aadb8bffff,11065027594,3900871904,17.8272,0.028839,athlete
892f5aadb43ffff,892f5aadbc7ffff,11065027594,1510879897,15.2631,0.13214,athlete
892f5aadb43ffff,892f5aadbcfffff,11065027594,473169641,12.1883,0.331499,athlete
892f5aadb47ffff,892f5a37487ffff,11061297136,473169530,12.8417,0.28415,athlete
892f5aadb47ffff,892f5a374a3ffff,11061297136,7942739530,15.9378,0.098384,athlete
892f5aadb47ffff,892f5a374a7ffff,11061297136,9791542150,13.9192,0.211267,athlete
892f5aadb47ffff,892f5a374afffff,11061297136,475368981,19.1509,0.004441,athlete
892f5aadb47ffff,892f5a374b3ffff,11061297136,11072417469,11.6572,0.371311,athlete
892f5aadb47ffff,892f5a374b7ffff,11061297136,4511333938,10.9536,0.425385,athlete
892f5aadb47ffff,892f5a374bbffff,11061297136,1665929771,15.3556,0.12726,athlete
892f5aadb47ffff,892f5a3759bffff,11061297136,255995938,19.0643,0.005391,athlete
892f5aadb47ffff,892f5a375d3ffff,11061297136,4717672327,18.4537,0.014676,athlete
892f5aadb47ffff,892f5a375d7ffff,11061297136,472447132,19.2879,0.003125,athlete
892f5aadb47ffff,892f5aadb03ffff,11061297136,4908207838,11.6174,0.374333,athlete
892f5aadb47ffff,892f5aadb07ffff,11061297136,9239285385,14.4733,0.176871,athlete
892f5aadb47ffff,892f5aadb0bffff,11061297136,12954056341,11.2207,0.40471,athlete
892f5aadb47ffff,892f5aadb0fffff,11061297136,6206442994,9.3361,0.552048,athlete
892f5aadb47ffff,892f5aadb13ffff,11061297136,4908207183,14.6262,0.167802,athlete
892f5aadb47ffff,892f5aadb17ffff,11061297136,295399473,16.4299,0.076583,athlete
892f5aadb47ffff,892f5aadb1bffff,11061297136,13313849470,9.5445,0.535741,athlete
892f5aadb47ffff,892f5aadb23ffff,11061297136,6206442559,19.8001,0.000247,athlete
892f5aadb47ffff,892f5aadb2bffff,11061297136,1986321871,18.4701,0.014369,athlete
892f5aadb47ffff,892f5aadb33ffff,11061297136,517548726,18.764,0.009394,athlete
892f5aadb47ffff,892f5aadb3bffff,11061297136,13240346340,14.1746,0.195122,athlete
892f5aadb47ffff,892f5aadb43ffff,11061297136,11065027594,6.892,0.734518,athlete
892f5aadb47ffff,892f5aadb47ffff,11061297136,11061297136,0.1845,0.99979,athlete
892f5aadb47ffff,892f5aadb4bffff,11061297136,473169537,10.4987,0.460875,athlete
892f5aadb47ffff,892f5aadb4fffff,11061297136,4511333552,7.4906,0.692022,athlete
892f5aadb47ffff,892f5aadb57ffff,11061297136,4511339216,6.0528,0.790528,athlete
892f5aadb47ffff,892f5aadb63ffff,11061297136,2375772172,18.2675,0.018401,athlete
892f5aadb47ffff,892f5aadb67ffff,11061297136,305443506,19.572,0.00113,athlete
892f5aadb47ffff,892f5aadb6bffff,11061297136,472447041,12.5943,0.301837,athlete
892f5aadb47ffff,892f5aadb6fffff,11061297136,5422306027,14.298,0.187504,athlete
892f5aadb47ffff,892f5aadb73ffff,11061297136,4870614084,6.5305,0.759205,athlete
892f5aadb47ffff,892f5aadb77ffff,11061297136,2377135303,19.0246,0.005857,athlete
892f5aadb47ffff,892f5aadb7bffff,11061297136,5025536627,7.3284,0.703722,athlete
892f5aadb47ffff,892f5aadb8bffff,11061297136,3900871904,16.3807,0.078651,athlete
892f5aadb47ffff,892f5aadbabffff,11061297136,307423640,17.4166,0.040606,athlete
892f5aadb47ffff,892f5aadbc7ffff,11061297136,1510879897,13.8166,0.217883,athlete
892f5aadb47ffff,892f5aadbcfffff,11061297136,473169641,10.8287,0.435096,athlete
892f5aadb4bffff,892f5a37403ffff,473169537,10155662310,19.1144,0.00483,athlete
892f5aadb4bffff,892f5a37407ffff,473169537,6743431386,17.7456,0.031024,athlete
892f5aadb4bffff,892f5a37417ffff,473169537,475369115,14.2411,0.191002,athlete
892f5aadb4bffff,892f5a37433ffff,473169537,9775221793,17.5016,0.038011,athlete
892f5aadb4bffff,892f5a37437ffff,473169537,6240815386,18.44,0.014936,athlete
892f5aadb4bffff,892f5a37487ffff,473169537,473169530,5.7081,0.812126,athlete
892f5aadb4bffff,892f5a374a3ffff,473169537,7942739530,11.0454,0.418264,athlete
892f5aadb4bffff,892f5a374a7ffff,473169537,9791542150,13.3509,0.248806,athlete
892f5aadb4bffff,892f5a374abffff,473169537,475369013,13.3216,0.250798,athlete
892f5aadb4bffff,892f5a374afffff,473169537,475368981,14.5403,0.172878,athlete
892f5aadb4bffff,892f5a374b3ffff,473169537,11072417469,6.3907,0.768528,athlete
892f5aadb4bffff,892f5a374b7ffff,473169537,4511333938,9.894,0.508328,athlete
892f5aadb4bffff,892f5a374bbffff,473169537,1665929771,8.222,0.637839,athlete
892f5aadb4bffff,892f5a375d3ffff,473169537,4717672327,19.3664,0.002474,athlete
892f5aadb4bffff,892f5a375dbffff,473169537,475368843,19.4241,0.002045,athlete
892f5aadb4bffff,892f5aadb0bffff,473169537,12954056341,19.3272,0.002789,athlete
892f5aadb4bffff,892f5aadb0fffff,473169537,6206442994,19.1957,0.003985,athlete
892f5aadb4bffff,892f5aadb1bffff,473169537,13313849470,17.5526,0.036496,athlete
892f5aadb4bffff,892f5aadb43ffff,473169537,11065027594,11.1186,0.4126,athlete
892f5aadb4bffff,892f5aadb47ffff,473169537,11061297136,10.8566,0.432927,athlete
892f5aadb4bffff,892f5aadb4bffff,473169537,473169537,1.0845,0.992762,athlete
892f5aadb4bffff,892f5aadb4fffff,473169537,4511333552,7.0426,0.72401,athlete
892f5aadb4bffff,892f5aadb57ffff,473169537,4511339216,14.0608,0.202256,athlete
892f5aadb4bffff,892f5aadb6bffff,473169537,472447041,15.6604,0.111738,athlete
892f5aadb4bffff,892f5aadb6fffff,473169537,5422306027,18.5502,0.012909,athlete
892f5aadb4bffff,892f5aadb73ffff,473169537,4870614084,15.7135,0.109123,athlete
892f5aadb4bffff,892f5aadb7bffff,473169537,5025536627,11.6274,0.373575,athlete
892f5aadb4bffff,892f5aadbcfffff,473169537,473169641,18.8368,0.008324,athlete
892f5aadb4fffff,892f5a37407ffff,4511333552,6743431386,19.6099,0.000938,athlete
892f5aadb4fffff,892f5a37417ffff,4511333552,475369115,16.1054,0.090679,athlete
892f5aadb4fffff,892f5a37433ffff,4511333552,9775221793,17.7368,0.031264,athlete
892f5aadb4fffff,892f5a37437ffff,4511333552,6240815386,18.1297,0.021423,athlete
892f5aadb4fffff,892f5a37487ffff,4511333552,473169530,8.5302,0.614417,athlete
892f5aadb4fffff,892f5a374a3ffff,4511333552,7942739530,8.868,0.588439,athlete
892f5aadb4fffff,892f5a374a7ffff,4511333552,9791542150,10.0041,0.499679,athlete
892f5aadb4fffff,892f5a374abffff,4511333552,475369013,14.9679,0.148235,athlete
892f5aadb4fffff,892f5a374afffff,4511333552,475368981,14.1696,0.195439,athlete
892f5aadb4fffff,892f5a374b3ffff,4511333552,11072417469,5.2503,0.839386,athlete
892f5aadb4fffff,892f5a374b7ffff,4511333552,4511333938,5.7311,0.810709,athlete
892f5aadb4fffff,892f5a374bbffff,4511333552,1665929771,10.0863,0.493223,athlete
892f5aadb4fffff,892f5a3759bffff,4511333552,255995938,16.9972,0.054597,athlete
892f5aadb4fffff,892f5a375c3ffff,4511333552,472447266,18.1344,0.021316,athlete
892f5aadb4fffff,892f5a375d3ffff,4511333552,4717672327,15.9459,0.098004,athlete
892f5aadb4fffff,892f5a375d7ffff,4511333552,472447132,16.8052,0.06165,athlete
892f5aadb4fffff,892f5a375dbffff,4511333552,475368843,16.1822,0.087245,athlete
892f5aadb4fffff,892f5aadb03ffff,4511333552,4908207838,16.0218,0.094486,athlete
892f5aadb4fffff,892f5aadb07ffff,4511333552,9239285385,18.4506,0.014736,athlete
892f5aadb4fffff,892f5aadb0bffff,4511333552,12954056341,15.9231,0.099073,athlete
892f5aadb4fffff,892f5aadb0fffff,4511333552,6206442994,13.3133,0.251361,athlete
892f5aadb4fffff,892f5aadb13ffff,4511333552,4908207183,19.23,0.003652,athlete
892f5aadb4fffff,892f5aadb1bffff,4511333552,13313849470,14.1484,0.19676,athlete
892f5aadb4fffff,892f5aadb3bffff,4511333552,13240346340,18.1519,0.020921,athlete
892f5aadb4fffff,892f5aadb43ffff,4511333552,11065027594,7.9417,0.65886,athlete
892f5aadb4fffff,892f5aadb47ffff,4511333552,11061297136,6.8071,0.740389,athlete
892f5aadb4fffff,892f5aadb4bffff,4511333552,473169537,6.5869,0.755404,athlete
892f5aadb4fffff,892f5aadb4fffff,4511333552,4511333552,0.2057,0.999739,athlete
892f5aadb4fffff,892f5aadb57ffff,4511333552,4511339216,10.6566,0.44852,athlete
892f5aadb4fffff,892f5aadb63ffff,4511333552,2375772172,16.4763,0.074654,athlete
892f5aadb4fffff,892f5aadb67ffff,4511333552,305443506,17.5049,0.037914,athlete
892f5aadb4fffff,892f5aadb6bffff,4511333552,472447041,10.1116,0.491233,athlete
892f5aadb4fffff,892f5aadb6fffff,4511333552,5422306027,12.046,0.34206,athlete
892f5aadb4fffff,892f5aadb73ffff,4511333552,4870614084,9.6234,0.529561,athlete
892f5aadb4fffff,892f5aadb77ffff,4511333552,2377135303,17.2334,0.046474,athlete
892f5aadb4fffff,892f5aadb7bffff,4511333552,5025536627,5.5373,0.822493,athlete
892f5aadb4fffff,892f5aadbc7ffff,4511333552,1510879897,18.4204,0.015313,athlete
892f5aadb4fffff,892f5aadbcfffff,4511333552,473169641,15.4326,0.123259,athlete
892f5aadb57ffff,892f5a37487ffff,4511339216,473169530,16.2019,0.086378,athlete
892f5aadb57ffff,892f5a374a3ffff,4511339216,7942739530,19.6821,0.000623,athlete
892f5aadb57ffff,892f5a374a7ffff,4511339216,9791542150,19.8102,0.000222,athlete
892f5aadb57ffff,892f5a374b3ffff,4511339216,11072417469,15.0173,0.145487,athlete
892f5aadb57ffff,892f5a374b7ffff,4511339216,4511333938,16.5452,0.071834,athlete
892f5aadb57ffff,892f5a374bbffff,4511339216,1665929771,18.7157,0.010139,athlete
892f5aadb57ffff,892f5aadb03ffff,4511339216,4908207838,9.2845,0.55608,athlete
892f5aadb57ffff,892f5aadb07ffff,4511339216,9239285385,13.8202,0.217645,athlete
892f5aadb57ffff,892f5aadb0bffff,4511339216,12954056341,8.0862,0.648055,athlete
892f5aadb57ffff,892f5aadb0fffff,4511339216,6206442994,11.6755,0.369924,athlete
892f5aadb57ffff,892f5aadb13ffff,4511339216,4908207183,10.9748,0.423736,athlete
892f5aadb57ffff,892f5aadb17ffff,4511339216,295399473,13.4405,0.24275,athlete
892f5aadb57ffff,892f5aadb1bffff,4511339216,13313849470,5.8932,0.80064,athlete
892f5aadb57ffff,892f5aadb2bffff,4511339216,1986321871,19.9022,5.9e-05,athlete
892f5aadb57ffff,892f5aadb33ffff,4511339216,517548726,19.0077,0.006062,athlete
892f5aadb57ffff,892f5aadb3bffff,4511339216,13240346340,15.4874,0.120442,athlete
892f5aadb57ffff,892f5aadb43ffff,4511339216,11065027594,6.7394,0.745033,athlete
892f5aadb57ffff,892f5aadb47ffff,4511339216,11061297136,6.0755,0.789073,athlete
892f5aadb57ffff,892f5aadb4bffff,4511339216,473169537,13.8588,0.215151,athlete
892f5aadb57ffff,892f5aadb4fffff,4511339216,4511333552,11.5963,0.375937,athlete
892f5aadb57ffff,892f5aadb57ffff,4511339216,4511339216,0.3725,0.999144,athlete
892f5aadb57ffff,892f5aadb6bffff,4511339216,472447041,18.3601,0.016497,athlete
892f5aadb57ffff,892f5aadb73ffff,4511339216,4870614084,10.3925,0.469195,athlete
892f5aadb57ffff,892f5aadb7bffff,4511339216,5025536627,13.0942,0.266438,athlete
892f5aadb57ffff,892f5aadb83ffff,4511339216,499192381,17.6088,0.034857,athlete
892f5aadb57ffff,892f5aadb8bffff,4511339216,3900871904,12.7293,0.292148,athlete
892f5aadb57ffff,892f5aadb8fffff,4511339216,1809615766,16.7,0.065684,athlete
892f5aadb57ffff,892f5aadbabffff,4511339216,307423640,17.6574,0.033471,athlete
892f5aadb57ffff,892f5aadbc7ffff,4511339216,1510879897,10.1652,0.487029,athlete
892f5aadb57ffff,892f5aadbcfffff,4511339216,473169641,5.8583,0.802823,athlete
892f5aadb63ffff,892f5a3665bffff,2375772172,475768206,17.6245,0.034408,athlete
892f5aadb63ffff,892f5a374a7ffff,2375772172,9791542150,16.0935,0.091219,athlete
892f5aadb63ffff,892f5a374b7ffff,2375772172,4511333938,16.5419,0.071971,athlete
892f5aadb63ffff,892f5a37513ffff,2375772172,11538316379,18.282,0.018096,athlete
892f5aadb63ffff,892f5a37583ffff,2375772172,1813858066,15.7791,0.105932,athlete
892f5aadb63ffff,892f5a3758bffff,2375772172,6281439102,16.4285,0.076639,athlete
892f5aadb63ffff,892f5a3758fffff,2375772172,13736742284,16.6701,0.066853,athlete
892f5aadb63ffff,892f5a37593ffff,2375772172,255996108,9.3231,0.553065,athlete
892f5aadb63ffff,892f5a3759bffff,2375772172,255995938,7.8651,0.664549,athlete
892f5aadb63ffff,892f5a375c3ffff,2375772172,472447266,14.895,0.152327,athlete
892f5aadb63ffff,892f5a375c7ffff,2375772172,1664033852,17.4795,0.038679,athlete
892f5aadb63ffff,892f5a375cbffff,2375772172,2649421029,18.6413,0.011344,athlete
892f5aadb63ffff,892f5a375cfffff,2375772172,472382799,19.5154,0.001448,athlete
892f5aadb63ffff,892f5a375d3ffff,2375772172,4717672327,12.1003,0.338021,athlete
892f5aadb63ffff,892f5a375d7ffff,2375772172,472447132,11.6561,0.371395,athlete
892f5aadb63ffff,892f5a375dbffff,2375772172,475368843,18.0033,0.024391,athlete
892f5aadb63ffff,892f5aadb03ffff,2375772172,4908207838,18.5464,0.012977,athlete
892f5aadb63ffff,892f5aadb07ffff,2375772172,9239285385,17.1794,0.048278,athlete
892f5aadb63ffff,892f5aadb0fffff,2375772172,6206442994,15.5034,0.119622,athlete
892f5aadb63ffff,892f5aadb23ffff,2375772172,6206442559,13.4809,0.240028,athlete
892f5aadb63ffff,892f5aadb27ffff,2375772172,517549695,16.7002,0.065678,athlete
892f5aadb63ffff,892f5aadb2bffff,2375772172,1986321871,8.7651,0.596385,athlete
892f5aadb63ffff,892f5aadb2fffff,2375772172,5180913963,15.1088,0.140457,athlete
892f5aadb63ffff,892f5aadb33ffff,2375772172,517548726,17.4156,0.040636,athlete
892f5aadb63ffff,892f5aadb37ffff,2375772172,2393515085,17.3664,0.042178,athlete
892f5aadb63ffff,892f5aadb3bffff,2375772172,13240346340,11.7266,0.366049,athlete
892f5aadb63ffff,892f5aadb47ffff,2375772172,11061297136,17.0162,0.053921,athlete
892f5aadb63ffff,892f5aadb4fffff,2375772172,4511333552,16.1691,0.087829,athlete
892f5aadb63ffff,892f5aadb63ffff,2375772172,2375772172,0.1587,0.999845,athlete
892f5aadb63ffff,892f5aadb67ffff,2375772172,305443506,6.3326,0.772367,athlete
892f5aadb63ffff,892f5aadb6bffff,2375772172,472447041,11.8461,0.357033,athlete
892f5aadb63ffff,892f5aadb6fffff,2375772172,5422306027,6.8187,0.739588,athlete
892f5aadb63ffff,892f5aadb73ffff,2375772172,4870614084,15.3965,0.125127,athlete
892f5aadb63ffff,892f5aadb77ffff,2375772172,2377135303,6.8832,0.735129,athlete
892f5aadb63ffff,892f5aadb7bffff,2375772172,5025536627,11.4513,0.387003,athlete
892f5aadb67ffff,892f5a36653ffff,305443506,1520857592,18.9789,0.006418,athlete
892f5aadb67ffff,892f5a3665bffff,305443506,475768206,15.3266,0.128779,athlete
892f5aadb67ffff,892f5a366dbffff,305443506,6277517902,19.5773,0.001102,athlete
892f5aadb67ffff,892f5a374a7ffff,305443506,9791542150,16.2377,0.084803,athlete
892f5aadb67ffff,892f5a374b7ffff,305443506,4511333938,17.2429,0.046163,athlete
892f5aadb67ffff,892f5a37513ffff,305443506,11538316379,16.8548,0.059788,athlete
892f5aadb67ffff,892f5a37583ffff,305443506,1813858066,14.1385,0.197375,athlete
892f5aadb67ffff,892f5a3758bffff,305443506,6281439102,15.0251,0.145056,athlete
892f5aadb67ffff,892f5a3758fffff,305443506,13736742284,15.0296,0.144809,athlete
892f5aadb67ffff,892f5a37593ffff,305443506,255996108,4.4818,0.881131,athlete
892f5aadb67ffff,892f5a37597ffff,305443506,13140663722,19.9978,0.0,athlete
892f5aadb67ffff,892f5a3759bffff,305443506,255995938,6.1395,0.784956,athlete
892f5aadb67ffff,892f5a375bbffff,305443506,472359980,19.6375,0.00081,athlete
892f5aadb67ffff,892f5a375c3ffff,305443506,472447266,14.5583,0.171808,athlete
892f5aadb67ffff,892f5a375c7ffff,305443506,1664033852,16.2392,0.084738,athlete
892f5aadb67ffff,892f5a375cbffff,305443506,2649421029,18.7855,0.009071,athlete
892f5aadb67ffff,892f5a375cfffff,305443506,472382799,18.2751,0.018241,athlete
892f5aadb67ffff,892f5a375d3ffff,305443506,4717672327,12.2445,0.327349,athlete
892f5aadb67ffff,892f5a375d7ffff,305443506,472447132,10.9311,0.427135,athlete
892f5aadb67ffff,892f5a375dbffff,305443506,475368843,18.1475,0.021019,athlete
892f5aadb67ffff,892f5aadb03ffff,305443506,4908207838,16.2486,0.084326,athlete
892f5aadb67ffff,892f5aadb07ffff,305443506,9239285385,14.8816,0.153085,athlete
892f5aadb67ffff,892f5aadb0fffff,305443506,6206442994,13.2056,0.258736,athlete
892f5aadb67ffff,892f5aadb23ffff,305443506,6206442559,11.1831,0.407611,athlete
892f5aadb67ffff,892f5aadb27ffff,305443506,517549695,14.4023,0.181146,athlete
892f5aadb67ffff,892f5aadb2bffff,305443506,1986321871,6.4672,0.763439,athlete
892f5aadb67ffff,892f5aadb2fffff,305443506,5180913963,12.811,0.28633,athlete
892f5aadb67ffff,892f5aadb33ffff,305443506,517548726,15.1178,0.139964,athlete
892f5aadb67ffff,892f5aadb37ffff,305443506,2393515085,15.0685,0.14266,athlete
892f5aadb67ffff,892f5aadb3bffff,305443506,13240346340,9.4288,0.544802,athlete
892f5aadb67ffff,892f5aadb47ffff,305443506,11061297136,19.4008,0.002213,athlete
892f5aadb67ffff,892f5aadb4fffff,305443506,4511333552,18.3856,0.01599,athlete
892f5aadb67ffff,892f5aadb63ffff,305443506,2375772172,6.4165,0.766821,athlete
892f5aadb67ffff,892f5aadb67ffff,305443506,305443506,0.7204,0.996802,athlete
892f5aadb67ffff,892f5aadb6bffff,305443506,472447041,11.9903,0.346218,athlete
892f5aadb67ffff,892f5aadb6fffff,305443506,5422306027,6.9629,0.729587,athlete
892f5aadb67ffff,892f5aadb73ffff,305443506,4870614084,17.9361,0.026048,athlete
892f5aadb67ffff,892f5aadb77ffff,305443506,2377135303,5.2182,0.841233,athlete
892f5aadb67ffff,892f5aadb7bffff,305443506,5025536627,13.9908,0.206691,athlete
892f5aadb67ffff,892f5aadbabffff,305443506,307423640,18.7127,0.010187,athlete
892f5aadb67ffff,892f5aadbafffff,305443506,307423619,19.3935,0.002268,athlete
892f5aadb6bffff,892f5a37407ffff,472447041,6743431386,18.2924,0.01788,athlete
892f5aadb6bffff,892f5a37417ffff,472447041,475369115,18.8039,0.0088,athlete
892f5aadb6bffff,892f5a37423ffff,472447041,475369332,19.2444,0.003517,athlete
892f5aadb6bffff,892f5a37427ffff,472447041,7947429975,18.2384,0.019021,athlete
892f5aadb6bffff,892f5a37433ffff,472447041,9775221793,14.7267,0.161944,athlete
892f5aadb6bffff,892f5a37437ffff,472447041,6240815386,13.4572,0.241622,athlete
892f5aadb6bffff,892f5a37487ffff,472447041,473169530,12.3361,0.320613,athlete
892f5aadb6bffff,892f5a374a3ffff,472447041,7942739530,9.5667,0.534003,athlete
892f5aadb6bffff,892f5a374a7ffff,472447041,9791542150,4.691,0.870289,athlete
892f5aadb6bffff,892f5a374abffff,472447041,475369013,14.1786,0.194875,athlete
892f5aadb6bffff,892f5a374afffff,472447041,475368981,9.9228,0.506065,athlete
892f5aadb6bffff,892f5a374b3ffff,472447041,11072417469,10.4813,0.462232,athlete
892f5aadb6bffff,892f5a374b7ffff,472447041,4511333938,5.8177,0.805356,athlete
892f5aadb6bffff,892f5a374bbffff,472447041,1665929771,12.7847,0.288198,athlete
892f5aadb6bffff,892f5a37513ffff,472447041,11538316379,16.1203,0.090009,athlete
892f5aadb6bffff,892f5a3751bffff,472447041,4716623608,17.9014,0.026921,athlete
892f5aadb6bffff,892f5a37583ffff,472447041,1813858066,17.3141,0.043845,athlete
892f5aadb6bffff,892f5a3758bffff,472447041,6281439102,14.1542,0.196397,athlete
892f5aadb6bffff,892f5a3758fffff,472447041,13736742284,17.7102,0.031996,athlete
892f5aadb6bffff,892f5a37593ffff,472447041,255996108,14.1274,0.198071,athlete
892f5aadb6bffff,892f5a3759bffff,472447041,255995938,11.0241,0.419914,athlete
892f5aadb6bffff,892f5a375c3ffff,472447041,472447266,10.1966,0.48456,athlete
892f5aadb6bffff,892f5a375c7ffff,472447041,1664033852,13.3605,0.248155,athlete
892f5aadb6bffff,892f5a375cbffff,472447041,2649421029,13.701,0.225423,athlete
892f5aadb6bffff,892f5a375cfffff,472447041,472382799,15.3964,0.125129,athlete
892f5aadb6bffff,892f5a375d3ffff,472447041,4717672327,6.3478,0.771365,athlete
892f5aadb6bffff,892f5a375d7ffff,472447041,472447132,7.1869,0.713817,athlete
892f5aadb6bffff,892f5a375dbffff,472447041,475368843,9.7395,0.520457,athlete
892f5aadb6bffff,892f5aadb03ffff,472447041,4908207838,19.4345,0.001971,athlete
892f5aadb6bffff,892f5aadb07ffff,472447041,9239285385,19.6236,0.000874,athlete
892f5aadb6bffff,892f5aadb0fffff,472447041,6206442994,14.4864,0.176091,athlete
892f5aadb6bffff,892f5aadb2bffff,472447041,1986321871,15.3503,0.127539,athlete
892f5aadb6bffff,892f5aadb3bffff,472447041,13240346340,18.3118,0.017477,athlete
892f5aadb6bffff,892f5aadb43ffff,472447041,11065027594,16.0687,0.092343,athlete
892f5aadb6bffff,892f5aadb47ffff,472447041,11061297136,12.0017,0.345364,athlete
892f5aadb6bffff,892f5aadb4bffff,472447041,473169537,15.2046,0.13527,athlete
892f5aadb6bffff,892f5aadb4fffff,472447041,4511333552,10.4503,0.464662,athlete
892f5aadb6bffff,892f5aadb57ffff,472447041,4511339216,17.5611,0.036245,athlete
892f5aadb6bffff,892f5aadb63ffff,472447041,2375772172,11.7588,0.363617,athlete
892f5aadb6bffff,892f5aadb67ffff,472447041,305443506,11.5318,0.380854,athlete
892f5aadb6bffff,892f5aadb6bffff,472447041,472447041,0.4436,0.998787,athlete
892f5aadb6bffff,892f5aadb6fffff,472447041,5422306027,5.3838,0.831608,athlete
892f5aadb6bffff,892f5aadb73ffff,472447041,4870614084,10.7645,0.440098,athlete
892f5aadb6bffff,892f5aadb77ffff,472447041,2377135303,14.0853,0.200717,athlete
892f5aadb6bffff,892f5aadb7bffff,472447041,5025536627,6.6784,0.749202,athlete
892f5aadb6fffff,892f5a3665bffff,5422306027,475768206,18.9123,0.00728,athlete
892f5aadb6fffff,892f5a37423ffff,5422306027,475369332,19.602,0.000977,athlete
892f5aadb6fffff,892f5a37427ffff,5422306027,7947429975,16.4894,0.074117,athlete
892f5aadb6fffff,892f5a37433ffff,5422306027,9775221793,17.7508,0.030882,athlete
892f5aadb6fffff,892f5a37437ffff,5422306027,6240815386,13.4695,0.240799,athlete
892f5aadb6fffff,892f5a37487ffff,5422306027,473169530,17.2206,0.0469,athlete
892f5aadb6fffff,892f5a374a3ffff,5422306027,7942739530,14.4512,0.1782,athlete
892f5aadb6fffff,892f5a374a7ffff,5422306027,9791542150,9.5755,0.533314,athlete
892f5aadb6fffff,892f5a374abffff,5422306027,475369013,18.0898,0.02234,athlete
892f5aadb6fffff,892f5a374afffff,5422306027,475368981,13.8339,0.216758,athlete
892f5aadb6fffff,892f5a374b3ffff,5422306027,11072417469,15.3658,0.126725,athlete
892f5aadb6fffff,892f5a374b7ffff,5422306027,4511333938,10.7021,0.444965,athlete
892f5aadb6fffff,892f5a374bbffff,5422306027,1665929771,17.6692,0.033139,athlete
892f5aadb6fffff,892f5a37503ffff,5422306027,6237227412,18.6501,0.011198,athlete
892f5aadb6fffff,892f5a37513ffff,5422306027,11538316379,12.4312,0.313663,athlete
892f5aadb6fffff,892f5a37517ffff,5422306027,6283520292,17.3301,0.04333,athlete
892f5aadb6fffff,892f5a3751bffff,5422306027,4716623608,15.9088,0.099743,athlete
892f5aadb6fffff,892f5a37553ffff,5422306027,472382750,18.4755,0.014268,athlete
892f5aadb6fffff,892f5a37557ffff,5422306027,2704049830,18.4097,0.015519,athlete
892f5aadb6fffff,892f5a37583ffff,5422306027,1813858066,12.0167,0.344245,athlete
892f5aadb6fffff,892f5a37587ffff,5422306027,475770391,18.5565,0.012798,athlete
892f5aadb6fffff,892f5a3758bffff,5422306027,6281439102,10.5777,0.454689,athlete
892f5aadb6fffff,892f5a3758fffff,5422306027,13736742284,12.9077,0.279486,athlete
892f5aadb6fffff,892f5a37593ffff,5422306027,255996108,8.83,0.591373,athlete
892f5aadb6fffff,892f5a3759bffff,5422306027,255995938,5.7267,0.810981,athlete
892f5aadb6fffff,892f5a375bbffff,5422306027,472359980,17.5157,0.03759,athlete
892f5aadb6fffff,892f5a375c3ffff,5422306027,472447266,8.3841,0.625554,athlete
892f5aadb6fffff,892f5a375c7ffff,5422306027,1664033852,11.3679,0.393394,athlete
892f5aadb6fffff,892f5a375cbffff,5422306027,2649421029,11.952,0.349081,athlete
892f5aadb6fffff,892f5a375cfffff,5422306027,472382799,13.4038,0.245222,athlete
892f5aadb6fffff,892f5a375d3ffff,5422306027,4717672327,5.368,0.832536,athlete
892f5aadb6fffff,892f5a375d7ffff,5422306027,472447132,5.1943,0.842599,athlete
892f5aadb6fffff,892f5a375dbffff,5422306027,475368843,11.314,0.397528,athlete
892f5aadb6fffff,892f5aadb03ffff,5422306027,4908207838,19.8342,0.000169,athlete
892f5aadb6fffff,892f5aadb07ffff,5422306027,9239285385,18.4672,0.014423,athlete
892f5aadb6fffff,892f5aadb0fffff,5422306027,6206442994,15.5247,0.11854,athlete
892f5aadb6fffff,892f5aadb23ffff,5422306027,6206442559,14.7688,0.159518,athlete
892f5aadb6fffff,892f5aadb27ffff,5422306027,517549695,17.988,0.024764,athlete
892f5aadb6fffff,892f5aadb2bffff,5422306027,1986321871,10.0529,0.495846,athlete
892f5aadb6fffff,892f5aadb2fffff,5422306027,5180913963,16.3966,0.077978,athlete
892f5aadb6fffff,892f5aadb33ffff,5422306027,517548726,18.7035,0.010333,athlete
892f5aadb6fffff,892f5aadb37ffff,5422306027,2393515085,18.6542,0.011131,athlete
892f5aadb6fffff,892f5aadb3bffff,5422306027,13240346340,13.0144,0.271995,athlete
892f5aadb6fffff,892f5aadb43ffff,5422306027,11065027594,17.3346,0.043187,athlete
892f5aadb6fffff,892f5aadb47ffff,5422306027,11061297136,13.2676,0.254485,athlete
892f5aadb6fffff,892f5aadb4bffff,5422306027,473169537,17.5481,0.036628,athlete
892f5aadb6fffff,892f5aadb4fffff,5422306027,4511333552,12.1701,0.33284,athlete
892f5aadb6fffff,892f5aadb57ffff,5422306027,4511339216,18.7331,0.009867,athlete
892f5aadb6fffff,892f5aadb63ffff,5422306027,2375772172,6.4614,0.763829,athlete
892f5aadb6fffff,892f5aadb67ffff,5422306027,305443506,6.2344,0.778805,athlete
892f5aadb6fffff,892f5aadb6bffff,5422306027,472447041,5.3281,0.834871,athlete
892f5aadb6fffff,892f5aadb6fffff,5422306027,5422306027,0.0865,0.999954,athlete
892f5aadb6fffff,892f5aadb73ffff,5422306027,4870614084,11.8028,0.36029,athlete
892f5aadb6fffff,892f5aadb77ffff,5422306027,2377135303,8.7879,0.594625,athlete
892f5aadb6fffff,892f5aadb7bffff,5422306027,5025536627,7.8576,0.665105,athlete
892f5aadb73ffff,892f5a37487ffff,4870614084,473169530,17.8216,0.028986,athlete
892f5aadb73ffff,892f5a374a3ffff,4870614084,7942739530,15.8426,0.10288,athlete
892f5aadb73ffff,892f5a374a7ffff,4870614084,9791542150,13.1649,0.261545,athlete
892f5aadb73ffff,892f5a374afffff,4870614084,475368981,18.3966,0.015775,athlete
892f5aadb73ffff,892f5a374b3ffff,4870614084,11072417469,15.5319,0.118173,athlete
892f5aadb73ffff,892f5a374b7ffff,4870614084,4511333938,11.3798,0.39248,athlete
892f5aadb73ffff,892f5a374bbffff,4870614084,1665929771,18.5548,0.012829,athlete
892f5aadb73ffff,892f5a3759bffff,4870614084,255995938,17.2494,0.045949,athlete
892f5aadb73ffff,892f5a375d3ffff,4870614084,4717672327,17.108,0.050709,athlete
892f5aadb73ffff,892f5a375d7ffff,4870614084,472447132,17.6684,0.03316,athlete
892f5aadb73ffff,892f5a375dbffff,4870614084,475368843,19.343,0.00266,athlete
892f5aadb73ffff,892f5aadb03ffff,4870614084,4908207838,10.5311,0.458336,athlete
892f5aadb73ffff,892f5aadb07ffff,4870614084,9239285385,10.6211,0.451297,athlete
892f5aadb73ffff,892f5aadb0bffff,4870614084,12954056341,13.1833,0.260273,athlete
892f5aadb73ffff,892f5aadb0fffff,4870614084,6206442994,5.4838,0.825688,athlete
892f5aadb73ffff,892f5aadb13ffff,4870614084,4908207183,15.5041,0.119588,athlete
892f5aadb73ffff,892f5aadb17ffff,4870614084,295399473,14.7795,0.1589,athlete
892f5aadb73ffff,892f5aadb1bffff,4870614084,13313849470,11.5821,0.37702,athlete
892f5aadb73ffff,892f5aadb23ffff,4870614084,6206442559,15.9304,0.098729,athlete
892f5aadb73ffff,892f5aadb27ffff,4870614084,517549695,19.9702,5e-06,athlete
892f5aadb73ffff,892f5aadb2bffff,4870614084,1986321871,14.6004,0.169321,athlete
892f5aadb73ffff,892f5aadb2fffff,4870614084,5180913963,19.1075,0.004906,athlete
892f5aadb73ffff,892f5aadb33ffff,4870614084,517548726,14.9118,0.15138,athlete
892f5aadb73ffff,892f5aadb37ffff,4870614084,2393515085,18.0784,0.022605,athlete
892f5aadb73ffff,892f5aadb3bffff,4870614084,13240346340,10.305,0.476058,athlete
892f5aadb73ffff,892f5aadb43ffff,4870614084,11065027594,11.1976,0.406495,athlete
892f5aadb73ffff,892f5aadb47ffff,4870614084,11061297136,5.9769,0.795359,athlete
892f5aadb73ffff,892f5aadb4bffff,4870614084,473169537,15.4786,0.120892,athlete
892f5aadb73ffff,892f5aadb4fffff,4870614084,4511333552,10.4874,0.461756,athlete
892f5aadb73ffff,892f5aadb57ffff,4870614084,4511339216,9.4806,0.540747,athlete
892f5aadb73ffff,892f5aadb63ffff,4870614084,2375772172,16.2597,0.083844,athlete
892f5aadb73ffff,892f5aadb67ffff,4870614084,305443506,17.757,0.030714,athlete
892f5aadb73ffff,892f5aadb6bffff,4870614084,472447041,11.2486,0.402564,athlete
892f5aadb73ffff,892f5aadb6fffff,4870614084,5422306027,12.5606,0.30427,athlete
892f5aadb73ffff,892f5aadb73ffff,4870614084,4870614084,0.5318,0.998256,athlete
892f5aadb73ffff,892f5aadb77ffff,4870614084,2377135303,17.0168,0.053901,athlete
892f5aadb73ffff,892f5aadb7bffff,4870614084,5025536627,5.7696,0.808339,athlete
892f5aadb73ffff,892f5aadb8bffff,4870614084,3900871904,18.4182,0.015355,athlete
892f5aadb73ffff,892f5aadba3ffff,4870614084,5158143495,18.9925,0.006248,athlete
892f5aadb73ffff,892f5aadbabffff,4870614084,307423640,13.5643,0.234455,athlete
892f5aadb73ffff,892f5aadbafffff,4870614084,307423619,17.9652,0.025324,athlete
892f5aadb73ffff,892f5aadbc7ffff,4870614084,1510879897,15.8541,0.102334,athlete
892f5aadb73ffff,892f5aadbcfffff,4870614084,473169641,14.0709,0.20162,athlete
892f5aadb77ffff,892f5a3664bffff,2377135303,8364977378,19.2249,0.003701,athlete
892f5aadb77ffff,892f5a36653ffff,2377135303,1520857592,17.9384,0.025989,athlete
892f5aadb77ffff,892f5a3665bffff,2377135303,475768206,14.2862,0.188227,athlete
892f5aadb77ffff,892f5a366dbffff,2377135303,6277517902,18.5368,0.013148,athlete
892f5aadb77ffff,892f5a374a7ffff,2377135303,9791542150,18.7747,0.009233,athlete
892f5aadb77ffff,892f5a374b7ffff,2377135303,4511333938,18.2618,0.018522,athlete
892f5aadb77ffff,892f5a37583ffff,2377135303,1813858066,16.4064,0.077566,athlete
892f5aadb77ffff,892f5a3758bffff,2377135303,6281439102,18.847,0.008178,athlete
892f5aadb77ffff,892f5a3758fffff,2377135303,13736742284,18.8514,0.008115,athlete
892f5aadb77ffff,892f5a37593ffff,2377135303,255996108,8.4736,0.618742,athlete
892f5aadb77ffff,892f5a37597ffff,2377135303,13140663722,18.9573,0.006691,athlete
892f5aadb77ffff,892f5a3759bffff,2377135303,255995938,9.9614,0.503029,athlete
892f5aadb77ffff,892f5a375c3ffff,2377135303,472447266,17.7874,0.029897,athlete
892f5aadb77ffff,892f5a375d3ffff,2377135303,4717672327,14.9927,0.146855,athlete
892f5aadb77ffff,892f5a375d7ffff,2377135303,472447132,14.5485,0.172392,athlete
892f5aadb77ffff,892f5aadb03ffff,2377135303,4908207838,15.2081,0.135079,athlete
892f5aadb77ffff,892f5aadb07ffff,2377135303,9239285385,13.8411,0.216295,athlete
892f5aadb77ffff,892f5aadb0fffff,2377135303,6206442994,12.1651,0.333209,athlete
892f5aadb77ffff,892f5aadb17ffff,2377135303,295399473,19.044,0.005626,athlete
892f5aadb77ffff,892f5aadb23ffff,2377135303,6206442559,10.1427,0.488796,athlete
892f5aadb77ffff,892f5aadb27ffff,2377135303,517549695,13.3619,0.248061,athlete
892f5aadb77ffff,892f5aadb2bffff,2377135303,1986321871,5.4268,0.829076,athlete
892f5aadb77ffff,892f5aadb2fffff,2377135303,5180913963,11.7705,0.362731,athlete
892f5aadb77ffff,892f5aadb33ffff,2377135303,517548726,14.0774,0.201214,athlete
892f5aadb77ffff,892f5aadb37ffff,2377135303,2393515085,14.0281,0.204326,athlete
892f5aadb77ffff,892f5aadb3bffff,2377135303,13240346340,8.3883,0.625233,athlete
892f5aadb77ffff,892f5aadb47ffff,2377135303,11061297136,18.7361,0.009822,athlete
892f5aadb77ffff,892f5aadb4fffff,2377135303,4511333552,17.889,0.027238,athlete
892f5aadb77ffff,892f5aadb63ffff,2377135303,2375772172,7.5102,0.690604,athlete
892f5aadb77ffff,892f5aadb67ffff,2377135303,305443506,5.4048,0.830374,athlete
892f5aadb77ffff,892f5aadb6bffff,2377135303,472447041,14.7385,0.161266,athlete
892f5aadb77ffff,892f5aadb6fffff,2377135303,5422306027,9.7111,0.522683,athlete
892f5aadb77ffff,892f5aadb73ffff,2377135303,4870614084,17.1164,0.050421,athlete
892f5aadb77ffff,892f5aadb77ffff,2377135303,2377135303,0.2523,0.999607,athlete
892f5aadb77ffff,892f5aadb7bffff,2377135303,5025536627,13.1712,0.261111,athlete
892f5aadb77ffff,892f5aadbabffff,2377135303,307423640,17.6723,0.033053,athlete
892f5aadb77ffff,892f5aadbafffff,2377135303,307423619,18.353,0.01664,athlete
892f5aadb7bffff,892f5a37417ffff,5025536627,475369115,18.8895,0.007588,athlete
892f5aadb7bffff,892f5a37433ffff,5025536627,9775221793,17.5161,0.037578,athlete
892f5aadb7bffff,892f5a37437ffff,5025536627,6240815386,16.9315,0.056966,athlete
892f5aadb7bffff,892f5a37487ffff,5025536627,473169530,12.3992,0.315993,athlete
892f5aadb7bffff,892f5a374a3ffff,5025536627,7942739530,10.1582,0.48758,athlete
892f5aadb7bffff,892f5a374a7ffff,5025536627,9791542150,7.4804,0.692762,athlete
892f5aadb7bffff,892f5a374abffff,5025536627,475369013,15.786,0.105599,athlete
892f5aadb7bffff,892f5a374afffff,5025536627,475368981,12.7122,0.293373,athlete
892f5aadb7bffff,892f5a374b3ffff,5025536627,11072417469,9.8475,0.511979,athlete
892f5aadb7bffff,892f5a374b7ffff,5025536627,4511333938,5.6953,0.812909,athlete
892f5aadb7bffff,892f5a374bbffff,5025536627,1665929771,12.8703,0.282127,athlete
892f5aadb7bffff,892f5a37513ffff,5025536627,11538316379,19.6125,0.000926,athlete
892f5aadb7bffff,892f5a37583ffff,5025536627,1813858066,18.35,0.016699,athlete
892f5aadb7bffff,892f5a3758bffff,5025536627,6281439102,17.759,0.030659,athlete
892f5aadb7bffff,892f5a3758fffff,5025536627,13736742284,19.241,0.003549,athlete
892f5aadb7bffff,892f5a37593ffff,5025536627,255996108,15.1172,0.139997,athlete
892f5aadb7bffff,892f5a3759bffff,5025536627,255995938,12.0139,0.344453,athlete
892f5aadb7bffff,892f5a375c3ffff,5025536627,472447266,15.2724,0.131648,athlete
892f5aadb7bffff,892f5a375c7ffff,5025536627,1664033852,18.4312,0.015104,athlete
892f5aadb7bffff,892f5a375cbffff,5025536627,2649421029,18.505,0.013724,athlete
892f5aadb7bffff,892f5a375d3ffff,5025536627,4717672327,11.4236,0.389122,athlete
892f5aadb7bffff,892f5a375d7ffff,5025536627,472447132,12.2577,0.326375,athlete
892f5aadb7bffff,892f5a375dbffff,5025536627,475368843,13.6586,0.228213,athlete
892f5aadb7bffff,892f5aadb03ffff,5025536627,4908207838,12.8412,0.284185,athlete
892f5aadb7bffff,892f5aadb07ffff,5025536627,9239285385,13.0303,0.270885,athlete
892f5aadb7bffff,892f5aadb0bffff,5025536627,12954056341,15.4934,0.120132,athlete
892f5aadb7bffff,892f5aadb0fffff,5025536627,6206442994,7.8931,0.662472,athlete
892f5aadb7bffff,892f5aadb13ffff,5025536627,4908207183,17.8142,0.029182,athlete
892f5aadb7bffff,892f5aadb17ffff,5025536627,295399473,17.1888,0.047963,athlete
892f5aadb7bffff,892f5aadb1bffff,5025536627,13313849470,13.8922,0.212999,athlete
892f5aadb7bffff,892f5aadb23ffff,5025536627,6206442559,18.3571,0.016558,athlete
892f5aadb7bffff,892f5aadb2bffff,5025536627,1986321871,15.5811,0.115691,athlete
892f5aadb7bffff,892f5aadb33ffff,5025536627,517548726,17.321,0.043622,athlete
892f5aadb7bffff,892f5aadb3bffff,5025536627,13240346340,12.7316,0.291981,athlete
892f5aadb7bffff,892f5aadb43ffff,5025536627,11065027594,9.7457,0.519968,athlete
892f5aadb7bffff,892f5aadb47ffff,5025536627,11061297136,5.65,0.815675,athlete
892f5aadb7bffff,892f5aadb4bffff,5025536627,473169537,10.0783,0.493853,athlete
892f5aadb7bffff,892f5aadb4fffff,5025536627,4511333552,4.803,0.864325,athlete
892f5aadb7bffff,892f5aadb57ffff,5025536627,4511339216,11.1015,0.413916,athlete
892f5aadb7bffff,892f5aadb63ffff,5025536627,2375772172,11.0242,0.419906,athlete
892f5aadb7bffff,892f5aadb67ffff,5025536627,305443506,12.5216,0.307095,athlete
892f5aadb7bffff,892f5aadb6bffff,5025536627,472447041,5.5641,0.820878,athlete
892f5aadb7bffff,892f5aadb6fffff,5025536627,5422306027,7.2678,0.70806,athlete
892f5aadb7bffff,892f5aadb73ffff,5025536627,4870614084,4.1712,0.896458,athlete
892f5aadb7bffff,892f5aadb77ffff,5025536627,2377135303,11.7813,0.361915,athlete
892f5aadb7bffff,892f5aadb7bffff,5025536627,5025536627,0.0851,0.999955,athlete
892f5aadb7bffff,892f5aadbabffff,5025536627,307423640,15.9736,0.096714,athlete
892f5aadb7bffff,892f5aadbc7ffff,5025536627,1510879897,18.1642,0.020645,athlete
892f5aadb7bffff,892f5aadbcfffff,5025536627,473169641,15.6918,0.110186,athlete
892f5aadb83ffff,892f5aadb03ffff,499192381,4908207838,11.9425,0.349795,athlete
892f5aadb83ffff,892f5aadb07ffff,499192381,9239285385,16.2902,0.082519,athlete
892f5aadb83ffff,892f5aadb0bffff,499192381,12954056341,15.6467,0.112416,athlete
892f5aadb83ffff,892f5aadb0fffff,499192381,6206442994,16.9033,0.057996,athlete
892f5aadb83ffff,892f5aadb13ffff,499192381,4908207183,7.5546,0.687374,athlete
892f5aadb83ffff,892f5aadb17ffff,499192381,295399473,9.3241,0.552988,athlete
892f5aadb83ffff,892f5aadb1bffff,499192381,13313849470,13.366,0.247783,athlete
892f5aadb83ffff,892f5aadb33ffff,499192381,517548726,19.6776,0.000641,athlete
892f5aadb83ffff,892f5aadb3bffff,499192381,13240346340,18.6307,0.011521,athlete
892f5aadb83ffff,892f5aadb47ffff,499192381,11061297136,19.8176,0.000205,athlete
892f5aadb83ffff,892f5aadb57ffff,499192381,4511339216,16.6428,0.067929,athlete
892f5aadb83ffff,892f5aadb83ffff,499192381,499192381,2.5149,0.961492,athlete
892f5aadb83ffff,892f5aadb8bffff,499192381,3900871904,4.2198,0.894121,athlete
892f5aadb83ffff,892f5aadb8fffff,499192381,1809615766,8.8881,0.586884,athlete
892f5aadb83ffff,892f5aadbabffff,499192381,307423640,15.2523,0.132714,athlete
892f5aadb83ffff,892f5aadbafffff,499192381,307423619,19.6532,0.000742,athlete
892f5aadb83ffff,892f5aadbc7ffff,499192381,1510879897,9.586,0.532493,athlete
892f5aadb83ffff,892f5aadbcfffff,499192381,473169641,15.0562,0.143338,athlete
892f5aadb8bffff,892f5aadb03ffff,3900871904,4908207838,10.4042,0.468275,athlete
892f5aadb8bffff,892f5aadb07ffff,3900871904,9239285385,15.0251,0.145056,athlete
892f5aadb8bffff,892f5aadb0bffff,3900871904,12954056341,12.0352,0.342866,athlete
892f5aadb8bffff,892f5aadb0fffff,3900871904,6206442994,14.8332,0.155833,athlete
892f5aadb8bffff,892f5aadb13ffff,3900871904,4908207183,5.3701,0.832414,athlete
892f5aadb8bffff,892f5aadb17ffff,3900871904,295399473,9.8519,0.511633,athlete
892f5aadb8bffff,892f5aadb1bffff,3900871904,13313849470,9.5247,0.537299,athlete
892f5aadb8bffff,892f5aadb3bffff,3900871904,13240346340,16.6922,0.065987,athlete
892f5aadb8bffff,892f5aadb43ffff,3900871904,11065027594,17.8694,0.027741,athlete
892f5aadb8bffff,892f5aadb47ffff,3900871904,11061297136,15.9763,0.096589,athlete
892f5aadb8bffff,892f5aadb57ffff,3900871904,4511339216,12.8015,0.287007,athlete
892f5aadb8bffff,892f5aadb73ffff,3900871904,4870614084,18.971,0.006517,athlete
892f5aadb8bffff,892f5aadb83ffff,3900871904,499192381,5.4427,0.828135,athlete
892f5aadb8bffff,892f5aadb8bffff,3900871904,3900871904,0.2924,0.999473,athlete
892f5aadb8bffff,892f5aadb8fffff,3900871904,1809615766,9.4159,0.545809,athlete
892f5aadb8bffff,892f5aadbabffff,3900871904,307423640,15.7801,0.10588,athlete
892f5aadb8bffff,892f5aadbc7ffff,3900871904,1510879897,5.6586,0.815153,athlete
892f5aadb8bffff,892f5aadbcfffff,3900871904,473169641,11.1288,0.411807,athlete
892f5aadb8fffff,892f5aadb03ffff,1809615766,4908207838,12.2699,0.325478,athlete
892f5aadb8fffff,892f5aadb07ffff,1809615766,9239285385,16.6176,0.068927,athlete
892f5aadb8fffff,892f5aadb0bffff,1809615766,12954056341,16.6607,0.067223,athlete
892f5aadb8fffff,892f5aadb0fffff,1809615766,6206442994,17.2307,0.046565,athlete
892f5aadb8fffff,892f5aadb13ffff,1809615766,4908207183,8.5686,0.61148,athlete
892f5aadb8fffff,892f5aadb17ffff,1809615766,295399473,9.6515,0.52736,athlete
892f5aadb8fffff,892f5aadb1bffff,1809615766,13313849470,14.754,0.160368,athlete
892f5aadb8fffff,892f5aadb3bffff,1809615766,13240346340,18.9581,0.006681,athlete
892f5aadb8fffff,892f5aadb57ffff,1809615766,4511339216,17.8183,0.029074,athlete
892f5aadb8fffff,892f5aadb83ffff,1809615766,499192381,11.3176,0.397256,athlete
892f5aadb8fffff,892f5aadb8bffff,1809615766,3900871904,10.6183,0.451513,athlete
892f5aadb8fffff,892f5aadb8fffff,1809615766,1809615766,2.2792,0.968297,athlete
892f5aadb8fffff,892f5aadbabffff,1809615766,307423640,15.5797,0.11576,athlete
892f5aadb8fffff,892f5aadbafffff,1809615766,307423619,19.9806,2e-06,athlete
892f5aadb8fffff,892f5aadbc7ffff,1809615766,1510879897,11.2347,0.403633,athlete
892f5aadb8fffff,892f5aadbcfffff,1809615766,473169641,16.7049,0.065493,athlete
892f5aadba3ffff,892f5a3665bffff,5158143495,475768206,18.8302,0.008417,athlete
892f5aadba3ffff,892f5a366dbffff,5158143495,6277517902,10.1785,0.485981,athlete
892f5aadba3ffff,892f5aadb03ffff,5158143495,4908207838,15.581,0.115695,athlete
892f5aadba3ffff,892f5aadb07ffff,5158143495,9239285385,10.2324,0.481752,athlete
892f5aadba3ffff,892f5aadb0fffff,5158143495,6206442994,14.3758,0.182753,athlete
892f5aadba3ffff,892f5aadb13ffff,5158143495,4908207183,18.4403,0.01493,athlete
892f5aadba3ffff,892f5aadb17ffff,5158143495,295399473,12.6507,0.297775,athlete
892f5aadba3ffff,892f5aadb23ffff,5158143495,6206442559,14.3005,0.187347,athlete
892f5aadba3ffff,892f5aadb27ffff,5158143495,517549695,14.492,0.175754,athlete
892f5aadba3ffff,892f5aadb2bffff,5158143495,1986321871,19.4594,0.001801,athlete
892f5aadba3ffff,892f5aadb2fffff,5158143495,5180913963,17.794,0.029718,athlete
892f5aadba3ffff,892f5aadb33ffff,5158143495,517548726,9.3695,0.549441,athlete
892f5aadba3ffff,892f5aadb37ffff,5158143495,2393515085,10.442,0.46531,athlete
892f5aadba3ffff,892f5aadb3bffff,5158143495,13240346340,15.1853,0.136306,athlete
892f5aadba3ffff,892f5aadb8fffff,5158143495,1809615766,19.6942,0.000577,athlete
892f5aadba3ffff,892f5aadba3ffff,5158143495,5158143495,1.2946,0.989697,athlete
892f5aadba3ffff,892f5aadba7ffff,5158143495,307423646,5.2292,0.840596,athlete
892f5aadba3ffff,892f5aadbabffff,5158143495,307423640,4.9805,0.854634,athlete
892f5aadba3ffff,892f5aadbafffff,5158143495,307423619,5.3647,0.832732,athlete
892f5aadba3ffff,892f5aadbbbffff,5158143495,517470423,7.4953,0.691686,athlete
892f5aadba7ffff,892f5a3665bffff,307423646,475768206,18.7455,0.009676,athlete
892f5aadba7ffff,892f5a366dbffff,307423646,6277517902,9.7635,0.518567,athlete
892f5aadba7ffff,892f5aadb03ffff,307423646,4908207838,18.2442,0.018897,athlete
892f5aadba7ffff,892f5aadb07ffff,307423646,9239285385,12.8955,0.280344,athlete
892f5aadba7ffff,892f5aadb0fffff,307423646,6206442994,17.039,0.053115,athlete
892f5aadba7ffff,892f5aadb17ffff,307423646,295399473,15.3139,0.129451,athlete
892f5aadba7ffff,892f5aadb23ffff,307423646,6206442559,14.8499,0.15488,athlete
892f5aadba7ffff,892f5aadb27ffff,307423646,517549695,14.4073,0.180848,athlete
892f5aadba7ffff,892f5aadb2bffff,307423646,1986321871,19.8979,6.4e-05,athlete
892f5aadba7ffff,892f5aadb2fffff,307423646,5180913963,17.7093,0.03202,athlete
892f5aadba7ffff,892f5aadb33ffff,307423646,517548726,9.9188,0.506374,athlete
892f5aadba7ffff,892f5aadb37ffff,307423646,2393515085,10.3573,0.471951,athlete
892f5aadba7ffff,892f5aadb3bffff,307423646,13240346340,15.7347,0.108087,athlete
892f5aadba7ffff,892f5aadba3ffff,307423646,5158143495,5.9559,0.796689,athlete
892f5aadba7ffff,892f5aadba7ffff,307423646,307423646,3.781,0.914376,athlete
892f5aadba7ffff,892f5aadbabffff,307423646,307423640,7.6521,0.680255,athlete
892f5aadba7ffff,892f5aadbafffff,307423646,307423619,5.2799,0.83767,athlete
892f5aadba7ffff,892f5aadbbbffff,307423646,517470423,11.7615,0.363409,athlete
892f5aadbabffff,892f5a3665bffff,307423640,475768206,17.7119,0.031948,athlete
892f5aadbabffff,892f5a366dbffff,307423640,6277517902,9.8243,0.513796,athlete
892f5aadbabffff,892f5aadb03ffff,307423640,4908207838,10.8603,0.432634,athlete
892f5aadbabffff,892f5aadb07ffff,307423640,9239285385,5.5117,0.824024,athlete
892f5aadbabffff,892f5aadb0bffff,307423640,12954056341,17.8684,0.027768,athlete
892f5aadbabffff,892f5aadb0fffff,307423640,6206442994,9.6551,0.527071,athlete
892f5aadbabffff,892f5aadb13ffff,307423640,4908207183,13.7197,0.224199,athlete
892f5aadbabffff,892f5aadb17ffff,307423640,295399473,7.9301,0.659724,athlete
892f5aadbabffff,892f5aadb1bffff,307423640,13313849470,15.9617,0.097268,athlete
892f5aadbabffff,892f5aadb23ffff,307423640,6206442559,11.1182,0.412628,athlete
892f5aadbabffff,892f5aadb27ffff,307423640,517549695,13.3737,0.247261,athlete
892f5aadbabffff,892f5aadb2bffff,307423640,1986321871,15.367,0.126665,athlete
892f5aadbabffff,892f5aadb2fffff,307423640,5180913963,16.4491,0.075782,athlete
892f5aadbabffff,892f5aadb33ffff,307423640,517548726,6.3895,0.768611,athlete
892f5aadbabffff,892f5aadb37ffff,307423640,2393515085,9.8529,0.511553,athlete
892f5aadbabffff,892f5aadb3bffff,307423640,13240346340,10.6481,0.449187,athlete
892f5aadbabffff,892f5aadb47ffff,307423640,11061297136,19.1419,0.004535,athlete
892f5aadbabffff,892f5aadb57ffff,307423640,4511339216,19.026,0.005841,athlete
892f5aadbabffff,892f5aadb73ffff,307423640,4870614084,15.3982,0.125035,athlete
892f5aadbabffff,892f5aadb7bffff,307423640,5025536627,19.754,0.000373,athlete
892f5aadbabffff,892f5aadb83ffff,307423640,499192381,17.0756,0.051834,athlete
892f5aadbabffff,892f5aadb8bffff,307423640,3900871904,16.3763,0.078835,athlete
892f5aadbabffff,892f5aadb8fffff,307423640,1809615766,14.9735,0.147921,athlete
892f5aadbabffff,892f5aadba3ffff,307423640,5158143495,5.688,0.813358,athlete
892f5aadbabffff,892f5aadba7ffff,307423640,307423646,7.046,0.723772,athlete
892f5aadbabffff,892f5aadbabffff,307423640,307423640,0.2598,0.999584,athlete
892f5aadbabffff,892f5aadbafffff,307423640,307423619,5.6855,0.813506,athlete
892f5aadbabffff,892f5aadbbbffff,307423640,517470423,7.7961,0.669659,athlete
892f5aadbabffff,892f5aadbc7ffff,307423640,1510879897,16.4717,0.074846,athlete
892f5aadbabffff,892f5aadbcfffff,307423640,473169641,19.5656,0.001164,athlete
892f5aadbafffff,892f5a36643ffff,307423619,1520857952,19.8254,0.000188,athlete
892f5aadbafffff,892f5a3664bffff,307423619,8364977378,19.135,0.004608,athlete
892f5aadbafffff,892f5a36653ffff,307423619,1520857592,17.4022,0.041054,athlete
892f5aadbafffff,892f5a3665bffff,307423619,475768206,13.938,0.210061,athlete
892f5aadbafffff,892f5a366cbffff,307423619,7374097405,19.5269,0.00138,athlete
892f5aadbafffff,892f5a366dbffff,307423619,6277517902,5.5129,0.823951,athlete
892f5aadbafffff,892f5a37597ffff,307423619,13140663722,19.2941,0.003071,athlete
892f5aadbafffff,892f5aadb03ffff,307423619,4908207838,14.1243,0.198267,athlete
892f5aadbafffff,892f5aadb07ffff,307423619,9239285385,8.7757,0.595568,athlete
892f5aadbafffff,892f5aadb0fffff,307423619,6206442994,12.9191,0.278685,athlete
892f5aadbafffff,892f5aadb13ffff,307423619,4908207183,16.9836,0.055083,athlete
892f5aadbafffff,892f5aadb17ffff,307423619,295399473,11.194,0.406773,athlete
892f5aadbafffff,892f5aadb1bffff,307423619,13313849470,19.2256,0.003694,athlete
892f5aadbafffff,892f5aadb23ffff,307423619,6206442559,10.2162,0.483022,athlete
892f5aadbafffff,892f5aadb27ffff,307423619,517549695,9.5998,0.531413,athlete
892f5aadbafffff,892f5aadb2bffff,307423619,1986321871,15.0904,0.141464,athlete
892f5aadbafffff,892f5aadb2fffff,307423619,5180913963,12.9018,0.279902,athlete
892f5aadbafffff,892f5aadb33ffff,307423619,517548726,5.5053,0.82441,athlete
892f5aadbafffff,892f5aadb37ffff,307423619,2393515085,5.5498,0.821739,athlete
892f5aadbafffff,892f5aadb3bffff,307423619,13240346340,11.3211,0.396983,athlete
892f5aadbafffff,892f5aadb73ffff,307423619,4870614084,18.6622,0.010999,athlete
892f5aadbafffff,892f5aadb77ffff,307423619,2377135303,19.9519,1.4e-05,athlete
892f5aadbafffff,892f5aadb8bffff,307423619,3900871904,19.6403,0.000798,athlete
892f5aadbafffff,892f5aadb8fffff,307423619,1809615766,18.2375,0.019041,athlete
892f5aadbafffff,892f5aadba3ffff,307423619,5158143495,5.0085,0.853079,athlete
892f5aadbafffff,892f5aadba7ffff,307423619,307423646,4.1972,0.895214,athlete
892f5aadbafffff,892f5aadbabffff,307423619,307423640,4.544,0.877949,athlete
892f5aadbafffff,892f5aadbafffff,307423619,307423619,0.4724,0.998624,athlete
892f5aadbafffff,892f5aadbbbffff,307423619,517470423,10.5411,0.45755,athlete
892f5aadbafffff,892f5aadbc7ffff,307423619,1510879897,19.7356,0.000431,athlete
892f5aadbbbffff,892f5a366dbffff,517470423,6277517902,14.7433,0.160986,athlete
892f5aadbbbffff,892f5aadb03ffff,517470423,4908207838,14.7757,0.159117,athlete
892f5aadbbbffff,892f5aadb07ffff,517470423,9239285385,11.4195,0.389433,athlete
892f5aadbbbffff,892f5aadb0fffff,517470423,6206442994,15.5629,0.116605,athlete
892f5aadbbbffff,892f5aadb13ffff,517470423,4908207183,17.4915,0.038315,athlete
892f5aadbbbffff,892f5aadb17ffff,517470423,295399473,11.8455,0.35708,athlete
892f5aadbbbffff,892f5aadb1bffff,517470423,13313849470,19.8771,9.3e-05,athlete
892f5aadbbbffff,892f5aadb23ffff,517470423,6206442559,16.6928,0.065965,athlete
892f5aadbbbffff,892f5aadb27ffff,517470423,517549695,18.3459,0.016782,athlete
892f5aadbbbffff,892f5aadb33ffff,517470423,517548726,11.7617,0.363393,athlete
892f5aadbbbffff,892f5aadb37ffff,517470423,2393515085,14.7726,0.1593,athlete
892f5aadbbbffff,892f5aadb3bffff,517470423,13240346340,16.5559,0.071403,athlete
892f5aadbbbffff,892f5aadb8fffff,517470423,1809615766,18.7454,0.009678,athlete
892f5aadbbbffff,892f5aadba3ffff,517470423,5158143495,6.7501,0.744304,athlete
892f5aadbbbffff,892f5aadba7ffff,517470423,307423646,9.8853,0.509008,athlete
892f5aadbbbffff,892f5aadbabffff,517470423,307423640,6.1676,0.783141,athlete
892f5aadbbbffff,892f5aadbafffff,517470423,307423619,9.8485,0.511896,athlete
892f5aadbbbffff,892f5aadbbbffff,517470423,517470423,1.9346,0.977089,athlete
892f5aadbc7ffff,892f5aadb03ffff,1510879897,4908207838,9.2891,0.555715,athlete
892f5aadbc7ffff,892f5aadb07ffff,1510879897,9239285385,13.91,0.211853,athlete
892f5aadbc7ffff,892f5aadb0bffff,1510879897,12954056341,10.141,0.488929,athlete
892f5aadbc7ffff,892f5aadb0fffff,1510879897,6206442994,13.7181,0.224302,athlete
892f5aadbc7ffff,892f5aadb13ffff,1510879897,4908207183,4.5158,0.879397,athlete
892f5aadbc7ffff,892f5aadb17ffff,1510879897,295399473,10.4719,0.462974,athlete
892f5aadbc7ffff,892f5aadb1bffff,1510879897,13313849470,7.6304,0.681837,athlete
892f5aadbc7ffff,892f5aadb2bffff,1510879897,1986321871,19.992,0.0,athlete
892f5aadbc7ffff,892f5aadb33ffff,1510879897,517548726,19.0975,0.005016,athlete
892f5aadbc7ffff,892f5aadb3bffff,1510879897,13240346340,15.5772,0.115889,athlete
892f5aadbc7ffff,892f5aadb43ffff,1510879897,11065027594,15.9752,0.096639,athlete
892f5aadbc7ffff,892f5aadb47ffff,1510879897,11061297136,14.0821,0.200917,athlete
892f5aadbc7ffff,892f5aadb4fffff,1510879897,4511333552,19.6028,0.000973,athlete
892f5aadbc7ffff,892f5aadb57ffff,1510879897,4511339216,10.9073,0.428986,athlete
892f5aadbc7ffff,892f5aadb73ffff,1510879897,4870614084,17.4579,0.039337,athlete
892f5aadbc7ffff,892f5aadb83ffff,1510879897,499192381,11.1396,0.410975,athlete
892f5aadbc7ffff,892f5aadb8bffff,1510879897,3900871904,6.26,0.77713,athlete
892f5aadbc7ffff,892f5aadb8fffff,1510879897,1809615766,10.2308,0.481881,athlete
892f5aadbc7ffff,892f5aadbabffff,1510879897,307423640,15.3727,0.126365,athlete
892f5aadbc7ffff,892f5aadbafffff,1510879897,307423619,19.7735,0.000316,athlete
892f5aadbc7ffff,892f5aadbc7ffff,1510879897,1510879897,3.0228,0.944688,athlete
892f5aadbc7ffff,892f5aadbcfffff,1510879897,473169641,9.1661,0.565304,athlete
892f5aadbcfffff,892f5aadb03ffff,473169641,4908207838,10.0496,0.496108,athlete
892f5aadbcfffff,892f5aadb07ffff,473169641,9239285385,14.5853,0.170209,athlete
892f5aadbcfffff,892f5aadb0bffff,473169641,12954056341,8.862,0.588907,athlete
892f5aadbcfffff,892f5aadb0fffff,473169641,6206442994,13.3032,0.252052,athlete
892f5aadbcfffff,892f5aadb13ffff,473169641,4908207183,11.3561,0.394292,athlete
892f5aadbcfffff,892f5aadb17ffff,473169641,295399473,14.2056,0.193202,athlete
892f5aadbcfffff,892f5aadb1bffff,473169641,13313849470,6.6583,0.750572,athlete
892f5aadbcfffff,892f5aadb33ffff,473169641,517548726,19.7728,0.000318,athlete
892f5aadbcfffff,892f5aadb3bffff,473169641,13240346340,16.2525,0.084157,athlete
892f5aadbcfffff,892f5aadb43ffff,473169641,11065027594,13.5022,0.238603,athlete
892f5aadbcfffff,892f5aadb47ffff,473169641,11061297136,11.8208,0.358938,athlete
892f5aadbcfffff,892f5aadb4bffff,473169641,473169537,19.604,0.000967,athlete
892f5aadbcfffff,892f5aadb4fffff,473169641,4511333552,17.3415,0.042966,athlete
892f5aadbcfffff,892f5aadb57ffff,473169641,4511339216,7.1353,0.717476,athlete
892f5aadbcfffff,892f5aadb73ffff,473169641,4870614084,15.6534,0.112083,athlete
892f5aadbcfffff,892f5aadb7bffff,473169641,5025536627,18.3551,0.016597,athlete
892f5aadbcfffff,892f5aadb83ffff,473169641,499192381,17.9799,0.024961,athlete
892f5aadbcfffff,892f5aadb8bffff,473169641,3900871904,13.1004,0.266007,athlete
892f5aadbcfffff,892f5aadb8fffff,473169641,1809615766,17.0711,0.051989,athlete
892f5aadbcfffff,892f5aadbabffff,473169641,307423640,18.4225,0.015272,athlete
892f5aadbcfffff,892f5aadbc7ffff,473169641,1510879897,10.5363,0.45793,athlete
892f5aadbcfffff,892f5aadbcfffff,473169641,473169641,2.4672,0.96292,athlete
