source_h3_id,target_h3_id,source_node_id,target_node_id,time_min,alpha_20,profile_key
89a8ac89227ffff,89a8ac89227ffff,4471899907,4471899907,1.4791,0.986565,athlete
89a8ac89227ffff,89a8ac8922bffff,4471899907,4471899904,14.092,0.200291,athlete
89a8ac89227ffff,89a8ac8922fffff,4471899907,4032034265,9.502,0.539073,athlete
89a8ac89227ffff,89a8ac89343ffff,4471899907,4471973406,9.5389,0.53618,athlete
89a8ac89227ffff,89a8ac8934bffff,4471899907,5267685479,14.3685,0.183198,athlete
89a8ac89227ffff,89a8ac8934fffff,4471899907,3005607838,15.4382,0.122965,athlete
89a8ac89227ffff,89a8ac89353ffff,4471899907,3005630750,6.9243,0.732276,athlete
89a8ac89227ffff,89a8ac89357ffff,4471899907,3005630751,11.2121,0.405378,athlete
89a8ac89227ffff,89a8ac8935bffff,4471899907,3874217941,6.5065,0.760812,athlete
89a8ac89227ffff,89a8acc6c83ffff,4471899907,3874217907,16.5571,0.071353,athlete
89a8ac89227ffff,89a8acc6c87ffff,4471899907,4471893673,15.1394,0.138788,athlete
89a8ac89227ffff,89a8acc6c8fffff,4471899907,3005607847,18.2097,0.019642,athlete
89a8ac89227ffff,89a8acc6c97ffff,4471899907,2332075036,11.406,0.390465,athlete
89a8ac89227ffff,89a8acc6cb3ffff,4471899907,3005607817,17.7453,0.031031,athlete
89a8ac89227ffff,89a8acc6cbbffff,4471899907,4471844854,18.663,0.010986,athlete
89a8ac8922bffff,89a8ac89227ffff,4471899904,4471899907,12.6803,0.295651,athlete
89a8ac8922bffff,89a8ac8922bffff,4471899904,4471899904,6.0504,0.790679,athlete
89a8ac8922bffff,89a8ac8922fffff,4471899904,4032034265,4.424,0.884053,athlete
89a8ac8922bffff,89a8ac89343ffff,4471899904,4471973406,14.9618,0.148577,athlete
89a8ac8922bffff,89a8ac8934bffff,4471899904,5267685479,16.0449,0.093428,athlete
89a8ac8922bffff,89a8ac89353ffff,4471899904,3005630750,16.2663,0.083556,athlete
89a8ac8922bffff,89a8ac89357ffff,4471899904,3005630751,19.5351,0.001333,athlete
89a8ac8922bffff,89a8ac8935bffff,4471899904,3874217941,10.6872,0.446132,athlete
89a8ac8922bffff,89a8acc6c83ffff,4471899904,3874217907,12.3334,0.320809,athlete
89a8ac8922bffff,89a8acc6c87ffff,4471899904,4471893673,13.8381,0.216485,athlete
89a8ac8922bffff,89a8acc6c8bffff,4471899904,2332075083,19.6763,0.000646,athlete
89a8ac8922bffff,89a8acc6c8fffff,4471899904,3005607847,16.9084,0.057809,athlete
89a8ac8922bffff,89a8acc6c97ffff,4471899904,2332075036,10.1048,0.491773,athlete
89a8ac8922bffff,89a8acc6cb3ffff,4471899904,3005607817,19.4218,0.002061,athlete
89a8ac8922fffff,89a8ac89227ffff,4032034265,4471899907,8.3832,0.625626,athlete
89a8ac8922fffff,89a8ac8922bffff,4032034265,4471899904,4.7168,0.868925,athlete
89a8ac8922fffff,89a8ac8922fffff,4032034265,4032034265,0.1268,0.999901,athlete
89a8ac8922fffff,89a8ac89343ffff,4032034265,4471973406,10.6646,0.4479,athlete
89a8ac8922fffff,89a8ac8934bffff,4032034265,5267685479,12.2094,0.329935,athlete
89a8ac8922fffff,89a8ac8934fffff,4032034265,3005607838,16.5639,0.07108,athlete
89a8ac8922fffff,89a8ac89353ffff,4032034265,3005630750,11.9691,0.347802,athlete
89a8ac8922fffff,89a8ac89357ffff,4032034265,3005630751,15.2379,0.133484,athlete
89a8ac8922fffff,89a8ac8935bffff,4032034265,3874217941,6.39,0.768575,athlete
89a8ac8922fffff,89a8acc6c13ffff,4032034265,2332074930,17.8696,0.027737,athlete
89a8ac8922fffff,89a8acc6c17ffff,4032034265,2332075028,17.2721,0.045204,athlete
89a8ac8922fffff,89a8acc6c83ffff,4032034265,3874217907,9.2368,0.5598,athlete
89a8ac8922fffff,89a8acc6c87ffff,4032034265,4471893673,10.7415,0.441895,athlete
89a8ac8922fffff,89a8acc6c8bffff,4032034265,2332075083,16.5797,0.070445,athlete
89a8ac8922fffff,89a8acc6c8fffff,4032034265,3005607847,13.8117,0.218196,athlete
89a8ac8922fffff,89a8acc6c97ffff,4032034265,2332075036,7.0081,0.726428,athlete
89a8ac8922fffff,89a8acc6cb3ffff,4032034265,3005607817,15.5863,0.115432,athlete
89a8ac8922fffff,89a8acc6cbbffff,4032034265,4471844854,16.5039,0.073519,athlete
89a8ac89263ffff,89a8ac89263ffff,3874217829,3874217829,4.7214,0.868683,athlete
89a8ac89263ffff,89a8ac89267ffff,3874217829,3411230702,17.0127,0.054043,athlete
89a8ac89263ffff,89a8ac8926bffff,3874217829,3874217830,4.9027,0.858913,athlete
89a8ac89263ffff,89a8ac8926fffff,3874217829,4451110980,6.7733,0.742715,athlete
89a8ac89263ffff,89a8acc61a3ffff,3874217829,4471533321,17.9377,0.026007,athlete
89a8ac89263ffff,89a8acc61a7ffff,3874217829,4471533321,15.9767,0.096569,athlete
89a8ac89263ffff,89a8acc61afffff,3874217829,4471533321,17.9681,0.025252,athlete
89a8ac89263ffff,89a8acc61b7ffff,3874217829,3874217822,10.0208,0.498364,athlete
89a8ac89263ffff,89a8acc6c13ffff,3874217829,2332074930,19.6936,0.000579,athlete
89a8ac89263ffff,89a8acc6c1bffff,3874217829,7886951227,19.9523,1.4e-05,athlete
89a8ac89263ffff,89a8acc6c8bffff,3874217829,2332075083,15.9545,0.097602,athlete
89a8ac89263ffff,89a8acc6c8fffff,3874217829,3005607847,19.7854,0.000284,athlete
89a8ac89263ffff,89a8acc6c93ffff,3874217829,3411230699,18.9242,0.007122,athlete
89a8ac89263ffff,89a8acc6c9bffff,3874217829,3219028043,14.9051,0.151754,athlete
89a8ac89263ffff,89a8acc6cc3ffff,3874217829,3107402660,13.1857,0.260106,athlete
89a8ac89263ffff,89a8acc6cc7ffff,3874217829,3409300606,16.9641,0.055784,athlete
89a8ac89263ffff,89a8acc6ccbffff,3874217829,3082292208,19.0446,0.00562,athlete
89a8ac89263ffff,89a8acc6ccfffff,3874217829,3874217785,18.3415,0.016872,athlete
89a8ac89263ffff,89a8acc6cd3ffff,3874217829,3398796275,15.6146,0.114016,athlete
89a8ac89263ffff,89a8acc6cd7ffff,3874217829,3398798243,10.7197,0.443595,athlete
89a8ac89263ffff,89a8acc6cdbffff,3874217829,3874217836,15.7449,0.107588,athlete
89a8ac89267ffff,89a8ac89263ffff,3411230702,3874217829,19.5083,0.001491,athlete
89a8ac89267ffff,89a8ac89267ffff,3411230702,3411230702,2.8674,0.950134,athlete
89a8ac89267ffff,89a8ac8926bffff,3411230702,3874217830,16.6816,0.066401,athlete
89a8ac89267ffff,89a8ac8926fffff,3411230702,4451110980,15.4817,0.120731,athlete
89a8ac89267ffff,89a8acc6c13ffff,3411230702,2332074930,16.3507,0.079924,athlete
89a8ac89267ffff,89a8acc6c17ffff,3411230702,2332075028,19.414,0.002116,athlete
89a8ac89267ffff,89a8acc6c1bffff,3411230702,7886951227,18.0892,0.022354,athlete
89a8ac89267ffff,89a8acc6c8bffff,3411230702,2332075083,14.0914,0.200329,athlete
89a8ac89267ffff,89a8acc6c8fffff,3411230702,3005607847,16.4425,0.076057,athlete
89a8ac89267ffff,89a8acc6c93ffff,3411230702,3411230699,8.0804,0.64849,athlete
89a8ac89267ffff,89a8acc6c9bffff,3411230702,3219028043,10.3972,0.468825,athlete
89a8ac89267ffff,89a8acc6cc3ffff,3411230702,3107402660,16.266,0.083569,athlete
89a8ac89267ffff,89a8acc6cc7ffff,3411230702,3409300606,15.101,0.140882,athlete
89a8ac89267ffff,89a8acc6ccfffff,3411230702,3874217785,18.4297,0.015133,athlete
89a8ac89267ffff,89a8acc6cd7ffff,3411230702,3398798243,10.4104,0.467786,athlete
89a8ac8926bffff,89a8ac89263ffff,3874217830,3874217829,5.5896,0.819341,athlete
89a8ac8926bffff,89a8ac89267ffff,3874217830,3411230702,14.7246,0.16207,athlete
89a8ac8926bffff,89a8ac8926bffff,3874217830,3874217830,1.3523,0.988762,athlete
89a8ac8926bffff,89a8ac8926fffff,3874217830,4451110980,4.4851,0.880963,athlete
89a8ac8926bffff,89a8acc6137ffff,3874217830,3082292208,18.7156,0.010142,athlete
89a8ac8926bffff,89a8acc61a3ffff,3874217830,4471533321,15.6495,0.112276,athlete
89a8ac8926bffff,89a8acc61a7ffff,3874217830,4471533321,13.6885,0.226242,athlete
89a8ac8926bffff,89a8acc61afffff,3874217830,4471533321,15.6799,0.110773,athlete
89a8ac8926bffff,89a8acc61b7ffff,3874217830,3874217822,6.4704,0.763229,athlete
89a8ac8926bffff,89a8acc6c13ffff,3874217830,2332074930,17.4054,0.040954,athlete
89a8ac8926bffff,89a8acc6c1bffff,3874217830,7886951227,17.6641,0.033282,athlete
89a8ac8926bffff,89a8acc6c57ffff,3874217830,3513038267,19.4192,0.00208,athlete
89a8ac8926bffff,89a8acc6c8bffff,3874217830,2332075083,13.6663,0.227702,athlete
89a8ac8926bffff,89a8acc6c8fffff,3874217830,3005607847,17.4972,0.038144,athlete
89a8ac8926bffff,89a8acc6c93ffff,3874217830,3411230699,16.636,0.068196,athlete
89a8ac8926bffff,89a8acc6c9bffff,3874217830,3219028043,12.6169,0.300205,athlete
89a8ac8926bffff,89a8acc6cc3ffff,3874217830,3107402660,10.8975,0.42974,athlete
89a8ac8926bffff,89a8acc6cc7ffff,3874217830,3409300606,14.6759,0.164895,athlete
89a8ac8926bffff,89a8acc6ccbffff,3874217830,3082292208,16.7564,0.063507,athlete
89a8ac8926bffff,89a8acc6ccfffff,3874217830,3874217785,16.0533,0.093046,athlete
89a8ac8926bffff,89a8acc6cd3ffff,3874217830,3398796275,13.3264,0.250473,athlete
89a8ac8926bffff,89a8acc6cd7ffff,3874217830,3398798243,8.4315,0.621945,athlete
89a8ac8926bffff,89a8acc6cdbffff,3874217830,3874217836,13.4568,0.241652,athlete
89a8ac8926fffff,89a8ac89263ffff,4451110980,3874217829,8.1868,0.640494,athlete
89a8ac8926fffff,89a8ac89267ffff,4451110980,3411230702,14.3996,0.18131,athlete
89a8ac8926fffff,89a8ac8926bffff,4451110980,3874217830,5.3601,0.833001,athlete
89a8ac8926fffff,89a8ac8926fffff,4451110980,4451110980,0.2812,0.999512,athlete
89a8ac8926fffff,89a8acc6137ffff,4451110980,3082292208,18.3907,0.015892,athlete
89a8ac8926fffff,89a8acc61a3ffff,4451110980,4471533321,15.3246,0.128887,athlete
89a8ac8926fffff,89a8acc61a7ffff,4451110980,4471533321,13.3636,0.247943,athlete
89a8ac8926fffff,89a8acc61afffff,4451110980,4471533321,15.355,0.127291,athlete
89a8ac8926fffff,89a8acc61b7ffff,4451110980,3874217822,10.4782,0.462481,athlete
89a8ac8926fffff,89a8acc6c13ffff,4451110980,2332074930,17.0805,0.051662,athlete
89a8ac8926fffff,89a8acc6c1bffff,4451110980,7886951227,17.3392,0.043041,athlete
89a8ac8926fffff,89a8acc6c57ffff,4451110980,3513038267,19.0942,0.005052,athlete
89a8ac8926fffff,89a8acc6c8bffff,4451110980,2332075083,13.3414,0.24945,athlete
89a8ac8926fffff,89a8acc6c8fffff,4451110980,3005607847,17.1723,0.048517,athlete
89a8ac8926fffff,89a8acc6c93ffff,4451110980,3411230699,16.3111,0.081619,athlete
89a8ac8926fffff,89a8acc6c9bffff,4451110980,3219028043,12.292,0.323848,athlete
89a8ac8926fffff,89a8acc6cc3ffff,4451110980,3107402660,10.5726,0.455086,athlete
89a8ac8926fffff,89a8acc6cc7ffff,4451110980,3409300606,14.351,0.184263,athlete
89a8ac8926fffff,89a8acc6ccbffff,4451110980,3082292208,16.4315,0.076516,athlete
89a8ac8926fffff,89a8acc6ccfffff,4451110980,3874217785,15.7284,0.108396,athlete
89a8ac8926fffff,89a8acc6cd3ffff,4451110980,3398796275,13.0015,0.272902,athlete
89a8ac8926fffff,89a8acc6cd7ffff,4451110980,3398798243,8.1066,0.646524,athlete
89a8ac8926fffff,89a8acc6cdbffff,4451110980,3874217836,13.1318,0.263828,athlete
89a8ac89343ffff,89a8ac89227ffff,4471973406,4471899907,11.8592,0.356042,athlete
89a8ac89343ffff,89a8ac8922bffff,4471973406,4471899904,17.2366,0.046369,athlete
89a8ac89343ffff,89a8ac8922fffff,4471973406,4032034265,12.6466,0.298072,athlete
89a8ac89343ffff,89a8ac89343ffff,4471973406,4471973406,2.2236,0.96981,athlete
89a8ac89343ffff,89a8ac89347ffff,4471973406,3005607825,16.8651,0.059407,athlete
89a8ac89343ffff,89a8ac8934bffff,4471973406,5267685479,8.4373,0.621503,athlete
89a8ac89343ffff,89a8ac8934fffff,4471973406,3005607838,8.1229,0.645302,athlete
89a8ac89343ffff,89a8ac89353ffff,4471973406,3005630750,6.5661,0.756811,athlete
89a8ac89343ffff,89a8ac89357ffff,4471973406,3005630751,9.1753,0.564592,athlete
89a8ac89343ffff,89a8ac8935bffff,4471973406,3874217941,6.5583,0.757336,athlete
89a8ac89343ffff,89a8ac8937bffff,4471973406,3005607825,15.9247,0.098998,athlete
89a8ac89343ffff,89a8acc6c17ffff,4471973406,2332075028,17.9459,0.025802,athlete
89a8ac89343ffff,89a8acc6c83ffff,4471973406,3874217907,17.8904,0.027201,athlete
89a8ac89343ffff,89a8acc6c87ffff,4471973406,4471893673,15.0765,0.142224,athlete
89a8ac89343ffff,89a8acc6c8bffff,4471973406,2332075083,19.7431,0.000407,athlete
89a8ac89343ffff,89a8acc6c8fffff,4471973406,3005607847,15.1249,0.139581,athlete
89a8ac89343ffff,89a8acc6c97ffff,4471973406,2332075036,12.4387,0.313114,athlete
89a8ac89343ffff,89a8acc6cabffff,4471973406,4451063632,17.4958,0.038187,athlete
89a8ac89343ffff,89a8acc6cb3ffff,4471973406,3005607817,11.1455,0.410516,athlete
89a8ac89343ffff,89a8acc6cb7ffff,4471973406,3005607840,13.9642,0.208389,athlete
89a8ac89343ffff,89a8acc6cbbffff,4471973406,4471844854,13.8663,0.214666,athlete
89a8ac89347ffff,89a8ac89343ffff,3005607825,4471973406,10.9239,0.427693,athlete
89a8ac89347ffff,89a8ac89347ffff,3005607825,3005607825,6.3044,0.77422,athlete
89a8ac89347ffff,89a8ac8934bffff,3005607825,5267685479,16.8931,0.058371,athlete
89a8ac89347ffff,89a8ac8934fffff,3005607825,3005607838,7.0141,0.72601,athlete
89a8ac89347ffff,89a8ac89353ffff,3005607825,3005630750,15.2664,0.131967,athlete
89a8ac89347ffff,89a8ac89357ffff,3005607825,3005630751,17.8756,0.027582,athlete
89a8ac89347ffff,89a8ac8935bffff,3005607825,3874217941,15.2586,0.132381,athlete
89a8ac89347ffff,89a8ac8937bffff,3005607825,3005607825,5.364,0.832772,athlete
89a8ac89347ffff,89a8acc6c37ffff,3005607825,8370861913,16.5538,0.071486,athlete
89a8ac89347ffff,89a8acc6cb3ffff,3005607825,3005607817,12.2078,0.330053,athlete
89a8ac89347ffff,89a8acc6cb7ffff,3005607825,3005607840,8.9305,0.583603,athlete
89a8ac89347ffff,89a8acc6cbbffff,3005607825,4471844854,18.9322,0.007017,athlete
89a8ac89347ffff,89a8acc6ddbffff,3005607825,8370942543,18.4245,0.015234,athlete
89a8ac8934bffff,89a8ac89227ffff,5267685479,4471899907,17.4978,0.038127,athlete
89a8ac8934bffff,89a8ac8922fffff,5267685479,4032034265,16.246,0.08444,athlete
89a8ac8934bffff,89a8ac89343ffff,5267685479,4471973406,10.4325,0.466056,athlete
89a8ac8934bffff,89a8ac8934bffff,5267685479,5267685479,1.0196,0.993601,athlete
89a8ac8934bffff,89a8ac8934fffff,5267685479,3005607838,14.3509,0.184269,athlete
89a8ac8934bffff,89a8ac89353ffff,5267685479,3005630750,13.1967,0.259349,athlete
89a8ac8934bffff,89a8ac89357ffff,5267685479,3005630751,15.8059,0.104637,athlete
89a8ac8934bffff,89a8ac8935bffff,5267685479,3874217941,11.8889,0.353816,athlete
89a8ac8934bffff,89a8acc6c13ffff,5267685479,2332074930,17.1636,0.048811,athlete
89a8ac8934bffff,89a8acc6c17ffff,5267685479,2332075028,14.6946,0.163809,athlete
89a8ac8934bffff,89a8acc6c33ffff,5267685479,2726180592,18.1957,0.019947,athlete
89a8ac8934bffff,89a8acc6c83ffff,5267685479,3874217907,18.0046,0.024361,athlete
89a8ac8934bffff,89a8acc6c87ffff,5267685479,4471893673,17.1288,0.049996,athlete
89a8ac8934bffff,89a8acc6c8bffff,5267685479,2332075083,16.4918,0.074019,athlete
89a8ac8934bffff,89a8acc6c8fffff,5267685479,3005607847,11.8735,0.354968,athlete
89a8ac8934bffff,89a8acc6c97ffff,5267685479,2332075036,14.491,0.175814,athlete
89a8ac8934bffff,89a8acc6cabffff,5267685479,4451063632,14.2445,0.190794,athlete
89a8ac8934bffff,89a8acc6cb3ffff,5267685479,3005607817,8.167,0.641982,athlete
89a8ac8934bffff,89a8acc6cb7ffff,5267685479,3005607840,19.369,0.002454,athlete
89a8ac8934bffff,89a8acc6cbbffff,5267685479,4471844854,10.615,0.451774,athlete
89a8ac8934fffff,89a8ac89227ffff,3005607838,4471899907,14.7328,0.16159,athlete
89a8ac8934fffff,89a8ac8922fffff,3005607838,4032034265,15.5202,0.118769,athlete
89a8ac8934fffff,89a8ac89343ffff,3005607838,4471973406,5.0972,0.848116,athlete
89a8ac8934fffff,89a8ac89347ffff,3005607838,3005607825,9.9296,0.505531,athlete
89a8ac8934fffff,89a8ac8934bffff,3005607838,5267685479,11.3109,0.397767,athlete
89a8ac8934fffff,89a8ac8934fffff,3005607838,3005607838,1.1874,0.991329,athlete
89a8ac8934fffff,89a8ac89353ffff,3005607838,3005630750,9.4397,0.543952,athlete
89a8ac8934fffff,89a8ac89357ffff,3005607838,3005630751,12.0489,0.341845,athlete
89a8ac8934fffff,89a8ac8935bffff,3005607838,3874217941,9.4319,0.544561,athlete
89a8ac8934fffff,89a8ac8937bffff,3005607838,3005607825,8.9891,0.57906,athlete
89a8ac8934fffff,89a8acc6c17ffff,3005607838,2332075028,17.6201,0.034532,athlete
89a8ac8934fffff,89a8acc6c87ffff,3005607838,4471893673,17.9501,0.025698,athlete
89a8ac8934fffff,89a8acc6c8bffff,3005607838,2332075083,19.4173,0.002093,athlete
89a8ac8934fffff,89a8acc6c8fffff,3005607838,3005607847,14.7991,0.157779,athlete
89a8ac8934fffff,89a8acc6c97ffff,3005607838,2332075036,15.3123,0.129534,athlete
89a8ac8934fffff,89a8acc6cabffff,3005607838,4451063632,17.17,0.048594,athlete
89a8ac8934fffff,89a8acc6cb3ffff,3005607838,3005607817,6.8162,0.739764,athlete
89a8ac8934fffff,89a8acc6cb7ffff,3005607838,3005607840,7.0286,0.724989,athlete
89a8ac8934fffff,89a8acc6cbbffff,3005607838,4471844854,13.5405,0.236041,athlete
89a8ac89353ffff,89a8ac89227ffff,3005630750,4471899907,10.2016,0.484168,athlete
89a8ac89353ffff,89a8ac8922fffff,3005630750,4032034265,16.1395,0.089151,athlete
89a8ac89353ffff,89a8ac89343ffff,3005630750,4471973406,8.9042,0.585637,athlete
89a8ac89353ffff,89a8ac8934bffff,3005630750,5267685479,13.8036,0.218726,athlete
89a8ac89353ffff,89a8ac8934fffff,3005630750,3005607838,14.8035,0.157524,athlete
89a8ac89353ffff,89a8ac89353ffff,3005630750,3005630750,0.6707,0.997228,athlete
89a8ac89353ffff,89a8ac89357ffff,3005630750,3005630751,4.9585,0.855852,athlete
89a8ac89353ffff,89a8ac8935bffff,3005630750,3874217941,9.8992,0.507918,athlete
89a8ac89353ffff,89a8acc6c87ffff,3005630750,4471893673,19.3788,0.002378,athlete
89a8ac89353ffff,89a8acc6c97ffff,3005630750,2332075036,16.741,0.064097,athlete
89a8ac89353ffff,89a8acc6cb3ffff,3005630750,3005607817,17.1804,0.048243,athlete
89a8ac89353ffff,89a8acc6cbbffff,3005630750,4471844854,19.2326,0.003629,athlete
89a8ac89357ffff,89a8ac89227ffff,3005630751,4471899907,13.6529,0.228585,athlete
89a8ac89357ffff,89a8ac8922fffff,3005630751,4032034265,19.027,0.005828,athlete
89a8ac89357ffff,89a8ac89343ffff,3005630751,4471973406,10.9824,0.423151,athlete
89a8ac89357ffff,89a8ac8934bffff,3005630751,5267685479,15.8817,0.101022,athlete
89a8ac89357ffff,89a8ac8934fffff,3005630751,3005607838,16.8817,0.058793,athlete
89a8ac89357ffff,89a8ac89353ffff,3005630751,3005630750,4.122,0.898801,athlete
89a8ac89357ffff,89a8ac89357ffff,3005630751,3005630751,5.6981,0.812736,athlete
89a8ac89357ffff,89a8ac8935bffff,3005630751,3874217941,12.9387,0.277304,athlete
89a8ac89357ffff,89a8acc6c97ffff,3005630751,2332075036,18.8192,0.008577,athlete
89a8ac89357ffff,89a8acc6cb3ffff,3005630751,3005607817,19.2586,0.003387,athlete
89a8ac8935bffff,89a8ac89227ffff,3874217941,4471899907,7.5637,0.686711,athlete
89a8ac8935bffff,89a8ac8922bffff,3874217941,4471899904,13.3737,0.247257,athlete
89a8ac8935bffff,89a8ac8922fffff,3874217941,4032034265,8.7837,0.594947,athlete
89a8ac8935bffff,89a8ac89343ffff,3874217941,4471973406,6.2249,0.779422,athlete
89a8ac8935bffff,89a8ac8934bffff,3874217941,5267685479,9.8242,0.513809,athlete
89a8ac8935bffff,89a8ac8934fffff,3874217941,3005607838,12.1242,0.336244,athlete
89a8ac8935bffff,89a8ac89353ffff,3874217941,3005630750,7.5649,0.68662,athlete
89a8ac8935bffff,89a8ac89357ffff,3874217941,3005630751,10.5785,0.45463,athlete
89a8ac8935bffff,89a8ac8935bffff,3874217941,3874217941,0.7681,0.996365,athlete
89a8ac8935bffff,89a8ac8937bffff,3874217941,3005607825,19.926,3.4e-05,athlete
89a8ac8935bffff,89a8acc6c17ffff,3874217941,2332075028,18.7654,0.009373,athlete
89a8ac8935bffff,89a8acc6c83ffff,3874217941,3874217907,14.5807,0.170485,athlete
89a8ac8935bffff,89a8acc6c87ffff,3874217941,4471893673,12.0468,0.342003,athlete
89a8ac8935bffff,89a8acc6c8fffff,3874217941,3005607847,15.9326,0.098627,athlete
89a8ac8935bffff,89a8acc6c97ffff,3874217941,2332075036,9.1289,0.5682,athlete
89a8ac8935bffff,89a8acc6cabffff,3874217941,4451063632,18.3153,0.017405,athlete
89a8ac8935bffff,89a8acc6cb3ffff,3874217941,3005607817,13.201,0.259054,athlete
89a8ac8935bffff,89a8acc6cb7ffff,3874217941,3005607840,17.9655,0.025316,athlete
89a8ac8935bffff,89a8acc6cbbffff,3874217941,4471844854,14.6858,0.164317,athlete
89a8ac8936bffff,89a8ac8936bffff,6764284470,6764284470,7.95,0.658236,athlete
89a8ac8936bffff,89a8acc6c33ffff,6764284470,2726180592,16.8615,0.05954,athlete
89a8ac8936bffff,89a8acc6c37ffff,6764284470,8370861913,19.9247,3.5e-05,athlete
89a8ac8936bffff,89a8acc6ca3ffff,6764284470,6764284642,10.3751,0.470559,athlete
89a8ac8936bffff,89a8acc6ca7ffff,6764284470,6764284470,5.3271,0.83493,athlete
89a8ac8936bffff,89a8acc6cabffff,6764284470,4451063632,17.1201,0.050296,athlete
89a8ac8936bffff,89a8acc6cafffff,6764284470,6764284385,10.7507,0.441179,athlete
89a8ac8937bffff,89a8ac89227ffff,3005607825,4471899907,19.6191,0.000895,athlete
89a8ac8937bffff,89a8ac89343ffff,3005607825,4471973406,9.9834,0.501301,athlete
89a8ac8937bffff,89a8ac89347ffff,3005607825,3005607825,5.364,0.832772,athlete
89a8ac8937bffff,89a8ac8934bffff,3005607825,5267685479,15.9527,0.097688,athlete
89a8ac8937bffff,89a8ac8934fffff,3005607825,3005607838,6.0736,0.789195,athlete
89a8ac8937bffff,89a8ac89353ffff,3005607825,3005630750,14.3259,0.185792,athlete
89a8ac8937bffff,89a8ac89357ffff,3005607825,3005630751,16.9351,0.056832,athlete
89a8ac8937bffff,89a8ac8935bffff,3005607825,3874217941,14.3181,0.186268,athlete
89a8ac8937bffff,89a8ac8937bffff,3005607825,3005607825,4.4236,0.884075,athlete
89a8ac8937bffff,89a8acc6c33ffff,3005607825,2726180592,19.491,0.001598,athlete
89a8ac8937bffff,89a8acc6c37ffff,3005607825,8370861913,15.6134,0.114073,athlete
89a8ac8937bffff,89a8acc6c8fffff,3005607825,3005607847,19.2503,0.003463,athlete
89a8ac8937bffff,89a8acc6cb3ffff,3005607825,3005607817,11.2674,0.401116,athlete
89a8ac8937bffff,89a8acc6cb7ffff,3005607825,3005607840,7.9901,0.65525,athlete
89a8ac8937bffff,89a8acc6cbbffff,3005607825,4471844854,17.9918,0.024672,athlete
89a8ac8937bffff,89a8acc6dd3ffff,3005607825,8371222445,19.4343,0.001973,athlete
89a8ac8937bffff,89a8acc6ddbffff,3005607825,8370942543,17.484,0.038542,athlete
89a8acc6103ffff,89a8acc6103ffff,12852398667,12852398667,1.2419,0.990516,athlete
89a8acc6103ffff,89a8acc6107ffff,12852398667,3880606193,3.6993,0.917935,athlete
89a8acc6103ffff,89a8acc610bffff,12852398667,3880606164,7.4333,0.696169,athlete
89a8acc6103ffff,89a8acc610fffff,12852398667,3880606201,6.5046,0.760943,athlete
89a8acc6103ffff,89a8acc6113ffff,12852398667,3126579970,12.1236,0.336289,athlete
89a8acc6103ffff,89a8acc6117ffff,12852398667,3880606198,6.4139,0.766988,athlete
89a8acc6103ffff,89a8acc611bffff,12852398667,3880606035,9.3914,0.547728,athlete
89a8acc6103ffff,89a8acc612bffff,12852398667,3880662273,18.8465,0.008185,athlete
89a8acc6103ffff,89a8acc6133ffff,12852398667,3880606193,7.3106,0.705,athlete
89a8acc6103ffff,89a8acc613bffff,12852398667,3880661497,14.4189,0.180146,athlete
89a8acc6103ffff,89a8acc6163ffff,12852398667,3880605998,14.8519,0.154769,athlete
89a8acc6103ffff,89a8acc6167ffff,12852398667,3880662263,17.4706,0.038948,athlete
89a8acc6103ffff,89a8acc6173ffff,12852398667,3880661530,10.8251,0.435379,athlete
89a8acc6103ffff,89a8acc6177ffff,12852398667,3880662275,14.6699,0.165246,athlete
89a8acc6103ffff,89a8acc61abffff,12852398667,3880606193,6.8651,0.736383,athlete
89a8acc6103ffff,89a8acc61bbffff,12852398667,3880606198,9.8477,0.511957,athlete
89a8acc6107ffff,89a8acc6103ffff,3880606193,12852398667,5.1679,0.844108,athlete
89a8acc6107ffff,89a8acc6107ffff,3880606193,3880606193,2.754,0.953941,athlete
89a8acc6107ffff,89a8acc610bffff,3880606193,3880606164,8.4179,0.622981,athlete
89a8acc6107ffff,89a8acc610fffff,3880606193,3880606201,5.5592,0.821172,athlete
89a8acc6107ffff,89a8acc6113ffff,3880606193,3126579970,13.1082,0.265467,athlete
89a8acc6107ffff,89a8acc6117ffff,3880606193,3880606198,5.4686,0.826594,athlete
89a8acc6107ffff,89a8acc611bffff,3880606193,3880606035,10.376,0.470488,athlete
89a8acc6107ffff,89a8acc612bffff,3880606193,3880662273,17.9012,0.026927,athlete
89a8acc6107ffff,89a8acc6133ffff,3880606193,3880606193,6.3653,0.770213,athlete
89a8acc6107ffff,89a8acc613bffff,3880606193,3880661497,13.4736,0.240522,athlete
89a8acc6107ffff,89a8acc6163ffff,3880606193,3880605998,13.9065,0.212078,athlete
89a8acc6107ffff,89a8acc6167ffff,3880606193,3880662263,16.5253,0.072645,athlete
89a8acc6107ffff,89a8acc616fffff,3880606193,8356539506,19.2241,0.003709,athlete
89a8acc6107ffff,89a8acc6173ffff,3880606193,3880661530,9.8798,0.509442,athlete
89a8acc6107ffff,89a8acc6177ffff,3880606193,3880662275,13.7246,0.223877,athlete
89a8acc6107ffff,89a8acc61abffff,3880606193,3880606193,5.9198,0.798966,athlete
89a8acc6107ffff,89a8acc61bbffff,3880606193,3880606198,8.9024,0.585777,athlete
89a8acc610bffff,89a8acc6103ffff,3880606164,12852398667,11.2869,0.399615,athlete
89a8acc610bffff,89a8acc6107ffff,3880606164,3880606193,12.033,0.343026,athlete
89a8acc610bffff,89a8acc610bffff,3880606164,3880606164,0.7179,0.996824,athlete
89a8acc610bffff,89a8acc610fffff,3880606164,3880606201,6.1208,0.786165,athlete
89a8acc610bffff,89a8acc6113ffff,3880606164,3126579970,10.5049,0.460386,athlete
89a8acc610bffff,89a8acc6117ffff,3880606164,3880606198,14.7477,0.160732,athlete
89a8acc610bffff,89a8acc611bffff,3880606164,3880606035,6.6366,0.752045,athlete
89a8acc610bffff,89a8acc612bffff,3880606164,3880662273,14.3859,0.18214,athlete
89a8acc610bffff,89a8acc6133ffff,3880606164,3880606193,15.6443,0.112533,athlete
89a8acc610bffff,89a8acc613bffff,3880606164,3880661497,11.4928,0.383827,athlete
89a8acc610bffff,89a8acc6163ffff,3880606164,3880605998,9.7727,0.517847,athlete
89a8acc610bffff,89a8acc6167ffff,3880606164,3880662263,13.0101,0.272301,athlete
89a8acc610bffff,89a8acc616fffff,3880606164,8356539506,15.7088,0.109352,athlete
89a8acc610bffff,89a8acc6173ffff,3880606164,3880661530,5.3806,0.831796,athlete
89a8acc610bffff,89a8acc6177ffff,3880606164,3880662275,10.2093,0.483561,athlete
89a8acc610bffff,89a8acc61abffff,3880606164,3880606193,15.1989,0.135576,athlete
89a8acc610bffff,89a8acc61bbffff,3880606164,3880606198,18.1815,0.02026,athlete
89a8acc610bffff,89a8acc6e93ffff,3880606164,2331878534,18.5939,0.012147,athlete
89a8acc610bffff,89a8acc6e9bffff,3880606164,2648495024,19.1586,0.004361,athlete
89a8acc610fffff,89a8acc6103ffff,3880606201,12852398667,11.109,0.413336,athlete
89a8acc610fffff,89a8acc6107ffff,3880606201,3880606193,8.6951,0.601769,athlete
89a8acc610fffff,89a8acc610bffff,3880606201,3880606164,5.8291,0.804644,athlete
89a8acc610fffff,89a8acc610fffff,3880606201,3880606201,0.755,0.996488,athlete
89a8acc610fffff,89a8acc6113ffff,3880606201,3126579970,15.6161,0.113938,athlete
89a8acc610fffff,89a8acc6117ffff,3880606201,3880606198,11.4098,0.390179,athlete
89a8acc610fffff,89a8acc611bffff,3880606201,3880606035,11.7478,0.36445,athlete
89a8acc610fffff,89a8acc612bffff,3880606201,3880662273,13.0969,0.266247,athlete
89a8acc610fffff,89a8acc6133ffff,3880606201,3880606193,12.3064,0.322791,athlete
89a8acc610fffff,89a8acc613bffff,3880606201,3880661497,8.6693,0.60375,athlete
89a8acc610fffff,89a8acc6163ffff,3880606201,3880605998,9.1023,0.570272,athlete
89a8acc610fffff,89a8acc6167ffff,3880606201,3880662263,11.7211,0.366468,athlete
89a8acc610fffff,89a8acc616fffff,3880606201,8356539506,14.4198,0.18009,athlete
89a8acc610fffff,89a8acc6173ffff,3880606201,3880661530,5.0755,0.849334,athlete
89a8acc610fffff,89a8acc6177ffff,3880606201,3880662275,8.9203,0.58439,athlete
89a8acc610fffff,89a8acc61abffff,3880606201,3880606193,11.861,0.355914,athlete
89a8acc610fffff,89a8acc61bbffff,3880606201,3880606198,14.8436,0.155239,athlete
89a8acc610fffff,89a8acc6e93ffff,3880606201,2331878534,17.3049,0.044141,athlete
89a8acc610fffff,89a8acc6e9bffff,3880606201,2648495024,17.8696,0.027736,athlete
89a8acc6113ffff,89a8acc6103ffff,3126579970,12852398667,13.2441,0.256097,athlete
89a8acc6113ffff,89a8acc6107ffff,3126579970,3880606193,13.9902,0.20673,athlete
89a8acc6113ffff,89a8acc610bffff,3126579970,3880606164,7.8145,0.668296,athlete
89a8acc6113ffff,89a8acc610fffff,3126579970,3880606201,13.2174,0.257927,athlete
89a8acc6113ffff,89a8acc6113ffff,3126579970,3126579970,3.4527,0.92825,athlete
89a8acc6113ffff,89a8acc6117ffff,3126579970,3880606198,16.7049,0.065495,athlete
89a8acc6113ffff,89a8acc611bffff,3126579970,3880606035,7.9071,0.661431,athlete
89a8acc6113ffff,89a8acc6133ffff,3126579970,3880606193,17.6015,0.035068,athlete
89a8acc6113ffff,89a8acc613bffff,3126579970,3880661497,18.5894,0.012224,athlete
89a8acc6113ffff,89a8acc6163ffff,3126579970,3880605998,16.8693,0.05925,athlete
89a8acc6113ffff,89a8acc6173ffff,3126579970,3880661530,12.4772,0.310312,athlete
89a8acc6113ffff,89a8acc6177ffff,3126579970,3880662275,17.306,0.044106,athlete
89a8acc6113ffff,89a8acc61abffff,3126579970,3880606193,17.156,0.049067,athlete
89a8acc6117ffff,89a8acc6103ffff,3880606198,12852398667,7.1028,0.719772,athlete
89a8acc6117ffff,89a8acc6107ffff,3880606198,3880606193,4.6889,0.870403,athlete
89a8acc6117ffff,89a8acc610bffff,3880606198,3880606164,10.3528,0.472303,athlete
89a8acc6117ffff,89a8acc610fffff,3880606198,3880606201,7.4942,0.691765,athlete
89a8acc6117ffff,89a8acc6113ffff,3880606198,3126579970,15.0431,0.144061,athlete
89a8acc6117ffff,89a8acc6117ffff,3880606198,3880606198,4.7363,0.86789,athlete
89a8acc6117ffff,89a8acc611bffff,3880606198,3880606035,12.3109,0.322463,athlete
89a8acc6117ffff,89a8acc612bffff,3880606198,3880662273,19.8361,0.000166,athlete
89a8acc6117ffff,89a8acc6133ffff,3880606198,3880606193,8.3002,0.631924,athlete
89a8acc6117ffff,89a8acc613bffff,3880606198,3880661497,15.4085,0.124504,athlete
89a8acc6117ffff,89a8acc6163ffff,3880606198,3880605998,15.8414,0.102936,athlete
89a8acc6117ffff,89a8acc6167ffff,3880606198,3880662263,18.4602,0.014554,athlete
89a8acc6117ffff,89a8acc6173ffff,3880606198,3880661530,11.8147,0.359398,athlete
89a8acc6117ffff,89a8acc6177ffff,3880606198,3880662275,15.6595,0.111782,athlete
89a8acc6117ffff,89a8acc61abffff,3880606198,3880606193,7.8547,0.66532,athlete
89a8acc6117ffff,89a8acc61bbffff,3880606198,3880606198,8.1701,0.641748,athlete
89a8acc611bffff,89a8acc6103ffff,3880606035,12852398667,12.445,0.31266,athlete
89a8acc611bffff,89a8acc6107ffff,3880606035,3880606193,13.1911,0.259736,athlete
89a8acc611bffff,89a8acc610bffff,3880606035,3880606164,6.259,0.777198,athlete
89a8acc611bffff,89a8acc610fffff,3880606035,3880606201,11.6619,0.370954,athlete
89a8acc611bffff,89a8acc6113ffff,3880606035,3126579970,9.265,0.557602,athlete
89a8acc611bffff,89a8acc6117ffff,3880606035,3880606198,15.9058,0.099886,athlete
89a8acc611bffff,89a8acc611bffff,3880606035,3880606035,0.5128,0.998379,athlete
89a8acc611bffff,89a8acc612bffff,3880606035,3880662273,19.927,3.3e-05,athlete
89a8acc611bffff,89a8acc6133ffff,3880606035,3880606193,16.8024,0.061756,athlete
89a8acc611bffff,89a8acc613bffff,3880606035,3880661497,17.0339,0.053295,athlete
89a8acc611bffff,89a8acc6163ffff,3880606035,3880605998,15.3138,0.129456,athlete
89a8acc611bffff,89a8acc6167ffff,3880606035,3880662263,18.5511,0.012893,athlete
89a8acc611bffff,89a8acc6173ffff,3880606035,3880661530,10.9217,0.427862,athlete
89a8acc611bffff,89a8acc6177ffff,3880606035,3880662275,15.7504,0.10732,athlete
89a8acc611bffff,89a8acc61abffff,3880606035,3880606193,16.3569,0.079658,athlete
89a8acc611bffff,89a8acc61bbffff,3880606035,3880606198,19.3396,0.002688,athlete
89a8acc6123ffff,89a8acc6123ffff,3934579932,3934579932,4.912,0.858404,athlete
89a8acc6123ffff,89a8acc6127ffff,3934579932,3880605752,16.213,0.085888,athlete
89a8acc6123ffff,89a8acc612bffff,3934579932,3880662273,12.9565,0.276054,athlete
89a8acc6123ffff,89a8acc612fffff,3934579932,11115395648,4.4819,0.881122,athlete
89a8acc6123ffff,89a8acc6167ffff,3934579932,3880662263,14.4661,0.177307,athlete
89a8acc6123ffff,89a8acc6177ffff,3934579932,3880662275,15.9261,0.098932,athlete
89a8acc6123ffff,89a8acc6c4bffff,3934579932,3425557950,17.1761,0.048388,athlete
89a8acc6123ffff,89a8acc6c53ffff,3934579932,3425558243,19.5678,0.001152,athlete
89a8acc6123ffff,89a8acc6c5bffff,3934579932,5653229020,15.9322,0.098646,athlete
89a8acc6123ffff,89a8acc6e83ffff,3934579932,2331878544,18.6732,0.010821,athlete
89a8acc6123ffff,89a8acc6e87ffff,3934579932,2648494986,19.8286,0.000181,athlete
89a8acc6123ffff,89a8acc6e93ffff,3934579932,2331878534,15.6691,0.111305,athlete
89a8acc6123ffff,89a8acc6e97ffff,3934579932,2331878569,14.3281,0.18566,athlete
89a8acc6123ffff,89a8acc6e9bffff,3934579932,2648495024,18.345,0.016801,athlete
89a8acc6127ffff,89a8acc6127ffff,3880605752,3880605752,1.5463,0.985323,athlete
89a8acc6127ffff,89a8acc612bffff,3880605752,3880662273,12.6167,0.300221,athlete
89a8acc6127ffff,89a8acc612fffff,3880605752,11115395648,19.5075,0.001495,athlete
89a8acc6127ffff,89a8acc6163ffff,3880605752,3880605998,19.497,0.00156,athlete
89a8acc6127ffff,89a8acc6167ffff,3880605752,3880662263,13.8999,0.212507,athlete
89a8acc6127ffff,89a8acc616fffff,3880605752,8356539506,19.1303,0.004659,athlete
89a8acc6127ffff,89a8acc6177ffff,3880605752,3880662275,15.5863,0.115431,athlete
89a8acc6127ffff,89a8acc6c0bffff,3880605752,3380581987,16.7814,0.062553,athlete
89a8acc6127ffff,89a8acc6c13ffff,3880605752,2332074930,18.1651,0.020625,athlete
89a8acc6127ffff,89a8acc6c17ffff,3880605752,2332075028,19.9376,2.4e-05,athlete
89a8acc6127ffff,89a8acc6c1bffff,3880605752,7886951227,12.586,0.302434,athlete
89a8acc6127ffff,89a8acc6c43ffff,3880605752,3425558055,12.7907,0.287772,athlete
89a8acc6127ffff,89a8acc6c47ffff,3880605752,5653257029,13.236,0.256647,athlete
89a8acc6127ffff,89a8acc6c4bffff,3880605752,3425557950,11.6149,0.374523,athlete
89a8acc6127ffff,89a8acc6c4fffff,3880605752,2955259222,16.0294,0.094136,athlete
89a8acc6127ffff,89a8acc6c53ffff,3880605752,3425558243,14.0065,0.205693,athlete
89a8acc6127ffff,89a8acc6c57ffff,3880605752,3513038267,9.5453,0.535685,athlete
89a8acc6127ffff,89a8acc6c5bffff,3880605752,5653229020,10.3709,0.470883,athlete
89a8acc6127ffff,89a8acc6c73ffff,3880605752,2336108293,19.2885,0.00312,athlete
89a8acc6127ffff,89a8acc6c7bffff,3880605752,2955259207,18.0799,0.022569,athlete
89a8acc6127ffff,89a8acc6c8bffff,3880605752,2332075083,19.9378,2.4e-05,athlete
89a8acc6127ffff,89a8acc6cc3ffff,3880605752,3107402660,13.8166,0.217883,athlete
89a8acc6127ffff,89a8acc6cc7ffff,3880605752,3409300606,14.6153,0.168441,athlete
89a8acc6127ffff,89a8acc6ccfffff,3880605752,3874217785,10.6364,0.450099,athlete
89a8acc6127ffff,89a8acc6cd7ffff,3880605752,3398798243,18.4019,0.015671,athlete
89a8acc6127ffff,89a8acc6cdbffff,3880605752,3874217836,19.4723,0.001717,athlete
89a8acc6127ffff,89a8acc6e83ffff,3880605752,2331878544,13.1119,0.265208,athlete
89a8acc6127ffff,89a8acc6e87ffff,3880605752,2648494986,14.2674,0.189383,athlete
89a8acc6127ffff,89a8acc6e8bffff,3880605752,4439551769,19.2463,0.0035,athlete
89a8acc6127ffff,89a8acc6e93ffff,3880605752,2331878534,10.1079,0.491526,athlete
89a8acc6127ffff,89a8acc6e97ffff,3880605752,2331878569,8.7669,0.596246,athlete
89a8acc6127ffff,89a8acc6e9bffff,3880605752,2648495024,16.0297,0.094126,athlete
89a8acc6127ffff,89a8acc6eb3ffff,3880605752,3501190741,19.5004,0.001539,athlete
89a8acc612bffff,89a8acc610bffff,3880662273,3880606164,13.3173,0.251089,athlete
89a8acc612bffff,89a8acc610fffff,3880662273,3880606201,12.6075,0.300883,athlete
89a8acc612bffff,89a8acc611bffff,3880662273,3880606035,19.1478,0.004473,athlete
89a8acc612bffff,89a8acc6123ffff,3880662273,3934579932,17.667,0.0332,athlete
89a8acc612bffff,89a8acc6127ffff,3880662273,3880605752,12.6526,0.297643,athlete
89a8acc612bffff,89a8acc612bffff,3880662273,3880662273,1.7538,0.981146,athlete
89a8acc612bffff,89a8acc612fffff,3880662273,11115395648,16.9195,0.057404,athlete
89a8acc612bffff,89a8acc613bffff,3880662273,3880661497,16.4583,0.075401,athlete
89a8acc612bffff,89a8acc6163ffff,3880662273,3880605998,9.3069,0.554328,athlete
89a8acc612bffff,89a8acc6167ffff,3880662273,3880662263,4.629,0.873545,athlete
89a8acc612bffff,89a8acc616fffff,3880662273,8356539506,10.7974,0.43754,athlete
89a8acc612bffff,89a8acc6173ffff,3880662273,3880661530,9.7861,0.5168,athlete
89a8acc612bffff,89a8acc6177ffff,3880662273,3880662275,4.7234,0.868577,athlete
89a8acc612bffff,89a8acc6c43ffff,3880662273,3425558055,18.0022,0.024418,athlete
89a8acc612bffff,89a8acc6c4bffff,3880662273,3425557950,13.6157,0.231044,athlete
89a8acc612bffff,89a8acc6c4fffff,3880662273,2955259222,18.8245,0.0085,athlete
89a8acc612bffff,89a8acc6c53ffff,3880662273,3425558243,16.0074,0.095152,athlete
89a8acc612bffff,89a8acc6c5bffff,3880662273,5653229020,12.3718,0.318,athlete
89a8acc612bffff,89a8acc6e83ffff,3880662273,2331878544,11.8245,0.358658,athlete
89a8acc612bffff,89a8acc6e87ffff,3880662273,2648494986,16.2682,0.083472,athlete
89a8acc612bffff,89a8acc6e8bffff,3880662273,4439551769,16.8191,0.061125,athlete
89a8acc612bffff,89a8acc6e93ffff,3880662273,2331878534,7.9432,0.658747,athlete
89a8acc612bffff,89a8acc6e97ffff,3880662273,2331878569,10.7677,0.439851,athlete
89a8acc612bffff,89a8acc6e9bffff,3880662273,2648495024,8.5079,0.616117,athlete
89a8acc612bffff,89a8acc6ed7ffff,3880662273,4452336172,14.4223,0.179942,athlete
89a8acc612fffff,89a8acc6123ffff,11115395648,3934579932,5.8827,0.801297,athlete
89a8acc612fffff,89a8acc6127ffff,11115395648,3880605752,16.8661,0.059368,athlete
89a8acc612fffff,89a8acc612bffff,11115395648,3880662273,13.6097,0.231445,athlete
89a8acc612fffff,89a8acc612fffff,11115395648,11115395648,0.9115,0.994884,athlete
89a8acc612fffff,89a8acc6167ffff,11115395648,3880662263,15.1192,0.139887,athlete
89a8acc612fffff,89a8acc6177ffff,11115395648,3880662275,16.5792,0.070462,athlete
89a8acc612fffff,89a8acc6c4bffff,11115395648,3425557950,17.8293,0.028786,athlete
89a8acc612fffff,89a8acc6c5bffff,11115395648,5653229020,16.5853,0.070217,athlete
89a8acc612fffff,89a8acc6e83ffff,11115395648,2331878544,19.3263,0.002797,athlete
89a8acc612fffff,89a8acc6e93ffff,11115395648,2331878534,16.3223,0.081137,athlete
89a8acc612fffff,89a8acc6e97ffff,11115395648,2331878569,14.9812,0.14749,athlete
89a8acc612fffff,89a8acc6e9bffff,11115395648,2648495024,18.9982,0.006178,athlete
89a8acc6133ffff,89a8acc6103ffff,3880606193,12852398667,8.7792,0.595296,athlete
89a8acc6133ffff,89a8acc6107ffff,3880606193,3880606193,6.3653,0.770213,athlete
89a8acc6133ffff,89a8acc610bffff,3880606193,3880606164,12.0292,0.34331,athlete
89a8acc6133ffff,89a8acc610fffff,3880606193,3880606201,9.1705,0.564961,athlete
89a8acc6133ffff,89a8acc6113ffff,3880606193,3126579970,16.7195,0.064928,athlete
89a8acc6133ffff,89a8acc6117ffff,3880606193,3880606198,9.0799,0.572011,athlete
89a8acc6133ffff,89a8acc611bffff,3880606193,3880606035,13.9873,0.206917,athlete
89a8acc6133ffff,89a8acc6133ffff,3880606193,3880606193,9.9766,0.501841,athlete
89a8acc6133ffff,89a8acc613bffff,3880606193,3880661497,17.0849,0.05151,athlete
89a8acc6133ffff,89a8acc6163ffff,3880606193,3880605998,17.5178,0.037526,athlete
89a8acc6133ffff,89a8acc6173ffff,3880606193,3880661530,13.4911,0.239349,athlete
89a8acc6133ffff,89a8acc6177ffff,3880606193,3880662275,17.3359,0.043146,athlete
89a8acc6133ffff,89a8acc61abffff,3880606193,3880606193,9.5311,0.536794,athlete
89a8acc6133ffff,89a8acc61bbffff,3880606193,3880606198,12.5137,0.307663,athlete
89a8acc6137ffff,89a8ac8926bffff,3082292208,3874217830,17.5358,0.036991,athlete
89a8acc6137ffff,89a8ac8926fffff,3082292208,4451110980,16.3359,0.080555,athlete
89a8acc6137ffff,89a8acc6137ffff,3082292208,3082292208,7.2964,0.706012,athlete
89a8acc6137ffff,89a8acc6c13ffff,3082292208,2332074930,19.2058,0.003886,athlete
89a8acc6137ffff,89a8acc6c1bffff,3082292208,7886951227,15.8965,0.100321,athlete
89a8acc6137ffff,89a8acc6c57ffff,3082292208,3513038267,16.1867,0.087048,athlete
89a8acc6137ffff,89a8acc6c8bffff,3082292208,2332075083,16.4374,0.076271,athlete
89a8acc6137ffff,89a8acc6cc3ffff,3082292208,3107402660,7.4387,0.695783,athlete
89a8acc6137ffff,89a8acc6cc7ffff,3082292208,3409300606,12.3026,0.323071,athlete
89a8acc6137ffff,89a8acc6ccbffff,3082292208,3082292208,5.3373,0.834336,athlete
89a8acc6137ffff,89a8acc6ccfffff,3082292208,3874217785,12.8208,0.285633,athlete
89a8acc6137ffff,89a8acc6cd3ffff,3082292208,3398796275,10.8094,0.436598,athlete
89a8acc6137ffff,89a8acc6cd7ffff,3082292208,3398798243,12.4568,0.311799,athlete
89a8acc6137ffff,89a8acc6cdbffff,3082292208,3874217836,6.2383,0.77855,athlete
89a8acc613bffff,89a8acc6103ffff,3880661497,12852398667,17.6652,0.033252,athlete
89a8acc613bffff,89a8acc6107ffff,3880661497,3880606193,15.2513,0.132772,athlete
89a8acc613bffff,89a8acc610bffff,3880661497,3880606164,9.8429,0.512336,athlete
89a8acc613bffff,89a8acc610fffff,3880661497,3880606201,7.3111,0.704959,athlete
89a8acc613bffff,89a8acc6113ffff,3880661497,3126579970,19.6299,0.000845,athlete
89a8acc613bffff,89a8acc6117ffff,3880661497,3880606198,17.9659,0.025306,athlete
89a8acc613bffff,89a8acc611bffff,3880661497,3880606035,15.7616,0.10678,athlete
89a8acc613bffff,89a8acc612bffff,3880661497,3880662273,15.7925,0.105284,athlete
89a8acc613bffff,89a8acc6133ffff,3880661497,3880606193,18.8626,0.007959,athlete
89a8acc613bffff,89a8acc613bffff,3880661497,3880661497,3.5743,0.923244,athlete
89a8acc613bffff,89a8acc6163ffff,3880661497,3880605998,11.7979,0.360666,athlete
89a8acc613bffff,89a8acc6167ffff,3880661497,3880662263,14.4166,0.180283,athlete
89a8acc613bffff,89a8acc616fffff,3880661497,8356539506,17.1154,0.050456,athlete
89a8acc613bffff,89a8acc6173ffff,3880661497,3880661530,7.9483,0.658364,athlete
89a8acc613bffff,89a8acc6177ffff,3880661497,3880662275,11.6159,0.374445,athlete
89a8acc613bffff,89a8acc61abffff,3880661497,3880606193,18.4171,0.015376,athlete
89a8acc6163ffff,89a8acc6103ffff,3880605998,12852398667,19.8299,0.000179,athlete
89a8acc6163ffff,89a8acc6107ffff,3880605998,3880606193,17.4159,0.040627,athlete
89a8acc6163ffff,89a8acc610bffff,3880605998,3880606164,10.013,0.498976,athlete
89a8acc6163ffff,89a8acc610fffff,3880605998,3880606201,9.4758,0.541122,athlete
89a8acc6163ffff,89a8acc6113ffff,3880605998,3126579970,19.7118,0.000512,athlete
89a8acc6163ffff,89a8acc611bffff,3880605998,3880606035,15.8435,0.102838,athlete
89a8acc6163ffff,89a8acc6127ffff,3880605998,3880605752,19.9556,1.2e-05,athlete
89a8acc6163ffff,89a8acc612bffff,3880605998,3880662273,10.4224,0.466847,athlete
89a8acc6163ffff,89a8acc613bffff,3880605998,3880661497,13.3266,0.25046,athlete
89a8acc6163ffff,89a8acc6163ffff,3880605998,3880605998,2.4946,0.962101,athlete
89a8acc6163ffff,89a8acc6167ffff,3880605998,3880662263,6.531,0.75917,athlete
89a8acc6163ffff,89a8acc616fffff,3880605998,8356539506,8.4993,0.616776,athlete
89a8acc6163ffff,89a8acc6173ffff,3880605998,3880661530,4.9425,0.856733,athlete
89a8acc6163ffff,89a8acc6177ffff,3880605998,3880662275,6.2458,0.778058,athlete
89a8acc6163ffff,89a8acc6c5bffff,3880605998,5653229020,19.0004,0.00615,athlete
89a8acc6163ffff,89a8acc6e83ffff,3880605998,2331878544,15.968,0.096972,athlete
89a8acc6163ffff,89a8acc6e93ffff,3880605998,2331878534,12.0867,0.339028,athlete
89a8acc6163ffff,89a8acc6e97ffff,3880605998,2331878569,16.9483,0.056355,athlete
89a8acc6163ffff,89a8acc6e9bffff,3880605998,2648495024,12.0777,0.3397,athlete
89a8acc6163ffff,89a8acc6ed7ffff,3880605998,4452336172,15.6703,0.111247,athlete
89a8acc6167ffff,89a8acc610bffff,3880662263,3880606164,13.6902,0.226132,athlete
89a8acc6167ffff,89a8acc610fffff,3880662263,3880606201,12.9804,0.274376,athlete
89a8acc6167ffff,89a8acc611bffff,3880662263,3880606035,19.5207,0.001417,athlete
89a8acc6167ffff,89a8acc6127ffff,3880662263,3880605752,15.021,0.145285,athlete
89a8acc6167ffff,89a8acc612bffff,3880662263,3880662273,5.7952,0.806749,athlete
89a8acc6167ffff,89a8acc612fffff,3880662263,11115395648,19.5953,0.00101,athlete
89a8acc6167ffff,89a8acc613bffff,3880662263,3880661497,16.8312,0.060673,athlete
89a8acc6167ffff,89a8acc6163ffff,3880662263,3880605998,6.7874,0.741744,athlete
89a8acc6167ffff,89a8acc6167ffff,3880662263,3880662263,1.0214,0.993579,athlete
89a8acc6167ffff,89a8acc616fffff,3880662263,8356539506,7.2722,0.707746,athlete
89a8acc6167ffff,89a8acc6173ffff,3880662263,3880661530,9.219,0.561184,athlete
89a8acc6167ffff,89a8acc6177ffff,3880662263,3880662275,6.3172,0.773379,athlete
89a8acc6167ffff,89a8acc6c43ffff,3880662263,3425558055,19.1212,0.004756,athlete
89a8acc6167ffff,89a8acc6c4bffff,3880662263,3425557950,14.7347,0.161481,athlete
89a8acc6167ffff,89a8acc6c4fffff,3880662263,2955259222,19.9435,2e-05,athlete
89a8acc6167ffff,89a8acc6c53ffff,3880662263,3425558243,17.1264,0.050079,athlete
89a8acc6167ffff,89a8acc6c5bffff,3880662263,5653229020,13.4908,0.239368,athlete
89a8acc6167ffff,89a8acc6e83ffff,3880662263,2331878544,10.4865,0.461829,athlete
89a8acc6167ffff,89a8acc6e87ffff,3880662263,2648494986,16.8956,0.058278,athlete
89a8acc6167ffff,89a8acc6e8bffff,3880662263,4439551769,15.4811,0.120762,athlete
89a8acc6167ffff,89a8acc6e93ffff,3880662263,2331878534,6.6052,0.754172,athlete
89a8acc6167ffff,89a8acc6e97ffff,3880662263,2331878569,11.4667,0.385819,athlete
89a8acc6167ffff,89a8acc6e9bffff,3880662263,2648495024,7.1699,0.715026,athlete
89a8acc6167ffff,89a8acc6ed7ffff,3880662263,4452336172,13.0843,0.267128,athlete
89a8acc616fffff,89a8acc610bffff,8356539506,3880606164,15.2007,0.135477,athlete
89a8acc616fffff,89a8acc610fffff,8356539506,3880606201,14.4909,0.175818,athlete
89a8acc616fffff,89a8acc6127ffff,8356539506,3880605752,19.1808,0.004134,athlete
89a8acc616fffff,89a8acc612bffff,8356539506,3880662273,10.9026,0.429348,athlete
89a8acc616fffff,89a8acc613bffff,8356539506,3880661497,18.3417,0.016868,athlete
89a8acc616fffff,89a8acc6163ffff,8356539506,3880605998,8.2979,0.632095,athlete
89a8acc616fffff,89a8acc6167ffff,8356539506,3880662263,6.8144,0.739885,athlete
89a8acc616fffff,89a8acc616fffff,8356539506,8356539506,0.7576,0.996464,athlete
89a8acc616fffff,89a8acc6173ffff,8356539506,3880661530,10.7295,0.442828,athlete
89a8acc616fffff,89a8acc6177ffff,8356539506,3880662275,8.7794,0.59528,athlete
89a8acc616fffff,89a8acc6c4bffff,8356539506,3425557950,17.1255,0.05011,athlete
89a8acc616fffff,89a8acc6c5bffff,8356539506,5653229020,16.5567,0.071372,athlete
89a8acc616fffff,89a8acc6e83ffff,8356539506,2331878544,9.0897,0.571255,athlete
89a8acc616fffff,89a8acc6e87ffff,8356539506,2648494986,16.0509,0.093154,athlete
89a8acc616fffff,89a8acc6e8bffff,8356539506,4439551769,13.1509,0.262506,athlete
89a8acc616fffff,89a8acc6e93ffff,8356539506,2331878534,8.6055,0.608648,athlete
89a8acc616fffff,89a8acc6e97ffff,8356539506,2331878569,13.4671,0.240957,athlete
89a8acc616fffff,89a8acc6e9bffff,8356539506,2648495024,4.8397,0.862341,athlete
89a8acc616fffff,89a8acc6ed7ffff,8356539506,4452336172,8.215,0.638362,athlete
89a8acc6173ffff,89a8acc6103ffff,3880661530,12852398667,16.3598,0.079536,athlete
89a8acc6173ffff,89a8acc6107ffff,3880661530,3880606193,14.2484,0.190553,athlete
89a8acc6173ffff,89a8acc610bffff,3880661530,3880606164,5.7908,0.807023,athlete
89a8acc6173ffff,89a8acc610fffff,3880661530,3880606201,6.3083,0.773968,athlete
89a8acc6173ffff,89a8acc6113ffff,3880661530,3126579970,15.4896,0.120327,athlete
89a8acc6173ffff,89a8acc6117ffff,3880661530,3880606198,16.963,0.055822,athlete
89a8acc6173ffff,89a8acc611bffff,3880661530,3880606035,11.6213,0.374039,athlete
89a8acc6173ffff,89a8acc612bffff,3880661530,3880662273,11.3773,0.39267,athlete
89a8acc6173ffff,89a8acc6133ffff,3880661530,3880606193,17.8597,0.027993,athlete
89a8acc6173ffff,89a8acc613bffff,3880661530,3880661497,10.5106,0.459938,athlete
89a8acc6173ffff,89a8acc6163ffff,3880661530,3880605998,4.9744,0.854972,athlete
89a8acc6173ffff,89a8acc6167ffff,3880661530,3880662263,9.0108,0.577382,athlete
89a8acc6173ffff,89a8acc616fffff,3880661530,8356539506,10.9791,0.423407,athlete
89a8acc6173ffff,89a8acc6173ffff,3880661530,3880661530,0.5608,0.998061,athlete
89a8acc6173ffff,89a8acc6177ffff,3880661530,3880662275,7.2007,0.71284,athlete
89a8acc6173ffff,89a8acc61abffff,3880661530,3880606193,17.4142,0.04068,athlete
89a8acc6173ffff,89a8acc6e83ffff,3880661530,2331878544,18.4478,0.014788,athlete
89a8acc6173ffff,89a8acc6e93ffff,3880661530,2331878534,14.5665,0.171323,athlete
89a8acc6173ffff,89a8acc6e97ffff,3880661530,2331878569,18.8732,0.007812,athlete
89a8acc6173ffff,89a8acc6e9bffff,3880661530,2648495024,14.5574,0.171858,athlete
89a8acc6173ffff,89a8acc6ed7ffff,3880661530,4452336172,18.1501,0.020962,athlete
89a8acc6177ffff,89a8acc6103ffff,3880662275,12852398667,19.0589,0.005453,athlete
89a8acc6177ffff,89a8acc6107ffff,3880662275,3880606193,16.645,0.06784,athlete
89a8acc6177ffff,89a8acc610bffff,3880662275,3880606164,9.4147,0.545905,athlete
89a8acc6177ffff,89a8acc610fffff,3880662275,3880606201,8.7049,0.601016,athlete
89a8acc6177ffff,89a8acc6113ffff,3880662275,3126579970,19.1135,0.00484,athlete
89a8acc6177ffff,89a8acc6117ffff,3880662275,3880606198,19.3597,0.002527,athlete
89a8acc6177ffff,89a8acc611bffff,3880662275,3880606035,15.2451,0.133098,athlete
89a8acc6177ffff,89a8acc6127ffff,3880662275,3880605752,16.0754,0.092038,athlete
89a8acc6177ffff,89a8acc612bffff,3880662275,3880662273,5.4524,0.827559,athlete
89a8acc6177ffff,89a8acc613bffff,3880662275,3880661497,12.5556,0.304628,athlete
89a8acc6177ffff,89a8acc6163ffff,3880662275,3880605998,5.4043,0.830404,athlete
89a8acc6177ffff,89a8acc6167ffff,3880662275,3880662263,5.1664,0.844192,athlete
89a8acc6177ffff,89a8acc616fffff,3880662275,8356539506,8.3404,0.628874,athlete
89a8acc6177ffff,89a8acc6173ffff,3880662275,3880661530,5.8834,0.801251,athlete
89a8acc6177ffff,89a8acc6177ffff,3880662275,3880662275,0.8208,0.99585,athlete
89a8acc6177ffff,89a8acc61abffff,3880662275,3880606193,19.8108,0.000221,athlete
89a8acc6177ffff,89a8acc6c4bffff,3880662275,3425557950,17.0386,0.05313,athlete
89a8acc6177ffff,89a8acc6c53ffff,3880662275,3425558243,19.4302,0.002001,athlete
89a8acc6177ffff,89a8acc6c5bffff,3880662275,5653229020,15.7946,0.105182,athlete
89a8acc6177ffff,89a8acc6e83ffff,3880662275,2331878544,14.6315,0.167491,athlete
89a8acc6177ffff,89a8acc6e87ffff,3880662275,2648494986,19.6911,0.000589,athlete
89a8acc6177ffff,89a8acc6e8bffff,3880662275,4439551769,19.6262,0.000862,athlete
89a8acc6177ffff,89a8acc6e93ffff,3880662275,2331878534,10.7502,0.441215,athlete
89a8acc6177ffff,89a8acc6e97ffff,3880662275,2331878569,14.1905,0.194134,athlete
89a8acc6177ffff,89a8acc6e9bffff,3880662275,2648495024,11.315,0.397456,athlete
89a8acc6177ffff,89a8acc6ed7ffff,3880662275,4452336172,15.5114,0.119216,athlete
89a8acc61a3ffff,89a8ac89263ffff,4471533321,3874217829,15.1926,0.135916,athlete
89a8acc61a3ffff,89a8ac8926bffff,4471533321,3874217830,12.3659,0.318433,athlete
89a8acc61a3ffff,89a8ac8926fffff,4471533321,4451110980,11.166,0.408937,athlete
89a8acc61a3ffff,89a8acc61a3ffff,4471533321,4471533321,5.6786,0.813934,athlete
89a8acc61a3ffff,89a8acc61a7ffff,4471533321,4471533321,3.7176,0.917144,athlete
89a8acc61a3ffff,89a8acc61afffff,4471533321,4471533321,5.7089,0.812073,athlete
89a8acc61a3ffff,89a8acc61b7ffff,4471533321,3874217822,17.484,0.038544,athlete
89a8acc61a3ffff,89a8acc6c8bffff,4471533321,2332075083,18.7984,0.00888,athlete
89a8acc61a3ffff,89a8acc6c9bffff,4471533321,3219028043,18.8639,0.007941,athlete
89a8acc61a3ffff,89a8acc6cc3ffff,4471533321,3107402660,15.9642,0.097152,athlete
89a8acc61a3ffff,89a8acc6cc7ffff,4471533321,3409300606,19.808,0.000227,athlete
89a8acc61a3ffff,89a8acc6cd3ffff,4471533321,3398796275,18.393,0.015845,athlete
89a8acc61a3ffff,89a8acc6cd7ffff,4471533321,3398798243,13.4982,0.238875,athlete
89a8acc61a3ffff,89a8acc6cdbffff,4471533321,3874217836,18.5234,0.01339,athlete
89a8acc61a7ffff,89a8ac89263ffff,4471533321,3874217829,13.2316,0.256953,athlete
89a8acc61a7ffff,89a8ac89267ffff,4471533321,3411230702,19.0105,0.006028,athlete
89a8acc61a7ffff,89a8ac8926bffff,4471533321,3874217830,10.4049,0.468222,athlete
89a8acc61a7ffff,89a8ac8926fffff,4471533321,4451110980,9.205,0.562279,athlete
89a8acc61a7ffff,89a8acc61a3ffff,4471533321,4471533321,3.7176,0.917144,athlete
89a8acc61a7ffff,89a8acc61a7ffff,4471533321,4471533321,1.7566,0.981087,athlete
89a8acc61a7ffff,89a8acc61afffff,4471533321,4471533321,3.748,0.915824,athlete
89a8acc61a7ffff,89a8acc61b7ffff,4471533321,3874217822,15.523,0.118628,athlete
89a8acc61a7ffff,89a8acc6c8bffff,4471533321,2332075083,16.8374,0.060438,athlete
89a8acc61a7ffff,89a8acc6c9bffff,4471533321,3219028043,16.9029,0.058012,athlete
89a8acc61a7ffff,89a8acc6cc3ffff,4471533321,3107402660,14.0032,0.205905,athlete
89a8acc61a7ffff,89a8acc6cc7ffff,4471533321,3409300606,17.847,0.028322,athlete
89a8acc61a7ffff,89a8acc6ccbffff,4471533321,3082292208,19.862,0.000117,athlete
89a8acc61a7ffff,89a8acc6ccfffff,4471533321,3874217785,19.1589,0.004357,athlete
89a8acc61a7ffff,89a8acc6cd3ffff,4471533321,3398796275,16.432,0.076494,athlete
89a8acc61a7ffff,89a8acc6cd7ffff,4471533321,3398798243,11.5372,0.380441,athlete
89a8acc61a7ffff,89a8acc6cdbffff,4471533321,3874217836,16.5624,0.07114,athlete
89a8acc61abffff,89a8acc6103ffff,3880606193,12852398667,8.3337,0.62938,athlete
89a8acc61abffff,89a8acc6107ffff,3880606193,3880606193,5.9198,0.798966,athlete
89a8acc61abffff,89a8acc610bffff,3880606193,3880606164,11.5838,0.376891,athlete
89a8acc61abffff,89a8acc610fffff,3880606193,3880606201,8.7251,0.599464,athlete
89a8acc61abffff,89a8acc6113ffff,3880606193,3126579970,16.274,0.08322,athlete
89a8acc61abffff,89a8acc6117ffff,3880606193,3880606198,8.6345,0.606429,athlete
89a8acc61abffff,89a8acc611bffff,3880606193,3880606035,13.5418,0.235957,athlete
89a8acc61abffff,89a8acc6133ffff,3880606193,3880606193,9.5311,0.536794,athlete
89a8acc61abffff,89a8acc613bffff,3880606193,3880661497,16.6394,0.068061,athlete
89a8acc61abffff,89a8acc6163ffff,3880606193,3880605998,17.0724,0.051945,athlete
89a8acc61abffff,89a8acc6167ffff,3880606193,3880662263,19.6911,0.000588,athlete
89a8acc61abffff,89a8acc6173ffff,3880606193,3880661530,13.0456,0.269819,athlete
89a8acc61abffff,89a8acc6177ffff,3880606193,3880662275,16.8904,0.05847,athlete
89a8acc61abffff,89a8acc61abffff,3880606193,3880606193,9.0856,0.571568,athlete
89a8acc61abffff,89a8acc61bbffff,3880606193,3880606198,12.0683,0.340402,athlete
89a8acc61afffff,89a8ac89263ffff,4471533321,3874217829,15.2229,0.134285,athlete
89a8acc61afffff,89a8ac8926bffff,4471533321,3874217830,12.3963,0.316211,athlete
89a8acc61afffff,89a8ac8926fffff,4471533321,4451110980,11.1963,0.406592,athlete
89a8acc61afffff,89a8acc61a3ffff,4471533321,4471533321,5.7089,0.812073,athlete
89a8acc61afffff,89a8acc61a7ffff,4471533321,4471533321,3.748,0.915824,athlete
89a8acc61afffff,89a8acc61afffff,4471533321,4471533321,5.7393,0.810205,athlete
89a8acc61afffff,89a8acc61b7ffff,4471533321,3874217822,17.5143,0.03763,athlete
89a8acc61afffff,89a8acc6c8bffff,4471533321,2332075083,18.8288,0.008438,athlete
89a8acc61afffff,89a8acc6c9bffff,4471533321,3219028043,18.8942,0.007523,athlete
89a8acc61afffff,89a8acc6cc3ffff,4471533321,3107402660,15.9946,0.095743,athlete
89a8acc61afffff,89a8acc6cc7ffff,4471533321,3409300606,19.8384,0.000161,athlete
89a8acc61afffff,89a8acc6cd3ffff,4471533321,3398796275,18.4234,0.015255,athlete
89a8acc61afffff,89a8acc6cd7ffff,4471533321,3398798243,13.5285,0.236842,athlete
89a8acc61afffff,89a8acc6cdbffff,4471533321,3874217836,18.5538,0.012847,athlete
89a8acc61b7ffff,89a8ac89263ffff,3874217822,3874217829,9.2158,0.561436,athlete
89a8acc61b7ffff,89a8ac89267ffff,3874217822,3411230702,18.3508,0.016685,athlete
89a8acc61b7ffff,89a8ac8926bffff,3874217822,3874217830,4.9785,0.854745,athlete
89a8acc61b7ffff,89a8ac8926fffff,3874217822,4451110980,8.1113,0.646174,athlete
89a8acc61b7ffff,89a8acc61a3ffff,3874217822,4471533321,19.2757,0.003232,athlete
89a8acc61b7ffff,89a8acc61a7ffff,3874217822,4471533321,17.3147,0.043823,athlete
89a8acc61b7ffff,89a8acc61afffff,3874217822,4471533321,19.3061,0.002967,athlete
89a8acc61b7ffff,89a8acc61b7ffff,3874217822,3874217822,4.6726,0.871258,athlete
89a8acc61b7ffff,89a8acc6c8bffff,3874217822,2332075083,17.2925,0.04454,athlete
89a8acc61b7ffff,89a8acc6c9bffff,3874217822,3219028043,16.2431,0.084564,athlete
89a8acc61b7ffff,89a8acc6cc3ffff,3874217822,3107402660,14.5237,0.17386,athlete
89a8acc61b7ffff,89a8acc6cc7ffff,3874217822,3409300606,18.3021,0.017678,athlete
89a8acc61b7ffff,89a8acc6ccfffff,3874217822,3874217785,19.6795,0.000634,athlete
89a8acc61b7ffff,89a8acc6cd3ffff,3874217822,3398796275,16.9526,0.0562,athlete
89a8acc61b7ffff,89a8acc6cd7ffff,3874217822,3398798243,12.0577,0.341186,athlete
89a8acc61b7ffff,89a8acc6cdbffff,3874217822,3874217836,17.083,0.051577,athlete
89a8acc61bbffff,89a8acc6103ffff,3880606198,12852398667,10.5366,0.457906,athlete
89a8acc61bbffff,89a8acc6107ffff,3880606198,3880606193,8.1227,0.645318,athlete
89a8acc61bbffff,89a8acc610bffff,3880606198,3880606164,13.7866,0.219827,athlete
89a8acc61bbffff,89a8acc610fffff,3880606198,3880606201,10.928,0.427376,athlete
89a8acc61bbffff,89a8acc6113ffff,3880606198,3126579970,18.4769,0.014242,athlete
89a8acc61bbffff,89a8acc6117ffff,3880606198,3880606198,8.1701,0.641748,athlete
89a8acc61bbffff,89a8acc611bffff,3880606198,3880606035,15.7447,0.1076,athlete
89a8acc61bbffff,89a8acc6133ffff,3880606198,3880606193,11.734,0.365492,athlete
89a8acc61bbffff,89a8acc613bffff,3880606198,3880661497,18.8423,0.008245,athlete
89a8acc61bbffff,89a8acc6163ffff,3880606198,3880605998,19.2752,0.003237,athlete
89a8acc61bbffff,89a8acc6173ffff,3880606198,3880661530,15.2485,0.13292,athlete
89a8acc61bbffff,89a8acc6177ffff,3880606198,3880662275,19.0933,0.005063,athlete
89a8acc61bbffff,89a8acc61abffff,3880606198,3880606193,11.2885,0.399491,athlete
89a8acc61bbffff,89a8acc61bbffff,3880606198,3880606198,11.6039,0.375358,athlete
89a8acc6803ffff,89a8acc6803ffff,11378803034,11378803034,9.5577,0.53471,athlete
89a8acc6803ffff,89a8acc6813ffff,11378803034,11378803035,12.0792,0.339588,athlete
89a8acc6803ffff,89a8acc681bffff,11378803034,11378803034,6.2107,0.780347,athlete
89a8acc6803ffff,89a8acc6853ffff,11378803034,3507851533,15.8626,0.101929,athlete
89a8acc6803ffff,89a8acc6857ffff,11378803034,3507851199,16.3881,0.078339,athlete
89a8acc6803ffff,89a8acc68c3ffff,11378803034,3509282844,18.8993,0.007455,athlete
89a8acc6803ffff,89a8acc68cfffff,11378803034,3507851207,12.7447,0.291051,athlete
89a8acc6803ffff,89a8acc68dbffff,11378803034,2955259009,19.9403,2.2e-05,athlete
89a8acc6803ffff,89a8acc6e27ffff,11378803034,3082243611,19.3449,0.002645,athlete
89a8acc6813ffff,89a8acc6803ffff,11378803035,11378803034,10.339,0.473391,athlete
89a8acc6813ffff,89a8acc6813ffff,11378803035,11378803035,6.796,0.741155,athlete
89a8acc6813ffff,89a8acc681bffff,11378803035,11378803034,6.9919,0.727559,athlete
89a8acc6813ffff,89a8acc6853ffff,11378803035,3507851533,14.8959,0.152277,athlete
89a8acc6813ffff,89a8acc6857ffff,11378803035,3507851199,15.4214,0.123838,athlete
89a8acc6813ffff,89a8acc68c3ffff,11378803035,3509282844,17.9326,0.026134,athlete
89a8acc6813ffff,89a8acc68cfffff,11378803035,3507851207,11.7779,0.362169,athlete
89a8acc6813ffff,89a8acc68d3ffff,11378803035,2955259026,19.2927,0.003082,athlete
89a8acc6813ffff,89a8acc68dbffff,11378803035,2955259009,18.9736,0.006484,athlete
89a8acc6813ffff,89a8acc6e27ffff,11378803035,3082243611,18.3782,0.016137,athlete
89a8acc6817ffff,89a8acc6817ffff,4442536027,4442536027,5.4877,0.825457,athlete
89a8acc6817ffff,89a8acc6887ffff,4442536027,2726185489,16.2422,0.084607,athlete
89a8acc6817ffff,89a8acc6893ffff,4442536027,2335474678,18.969,0.006542,athlete
89a8acc6817ffff,89a8acc6897ffff,4442536027,2726185454,15.0764,0.14223,athlete
89a8acc6817ffff,89a8acc68abffff,4442536027,4442536027,4.7588,0.866691,athlete
89a8acc6817ffff,89a8acc68b3ffff,4442536027,2726185479,12.6733,0.296156,athlete
89a8acc6817ffff,89a8acc68b7ffff,4442536027,4442799069,19.7512,0.000382,athlete
89a8acc6817ffff,89a8acc68bbffff,4442536027,3930322448,6.5999,0.754525,athlete
89a8acc6817ffff,89a8acc6d43ffff,4442536027,2335474594,17.8755,0.027584,athlete
89a8acc6817ffff,89a8acc6d4bffff,4442536027,4442800000,17.5877,0.035468,athlete
89a8acc6817ffff,89a8acc6d4fffff,4442536027,4442799076,14.6562,0.166045,athlete
89a8acc681bffff,89a8acc6803ffff,11378803034,11378803034,6.2107,0.780347,athlete
89a8acc681bffff,89a8acc6813ffff,11378803034,11378803035,8.7322,0.598917,athlete
89a8acc681bffff,89a8acc681bffff,11378803034,11378803034,2.8637,0.950262,athlete
89a8acc681bffff,89a8acc6843ffff,11378803034,3082243627,18.7276,0.009953,athlete
89a8acc681bffff,89a8acc6853ffff,11378803034,3507851533,12.5156,0.307529,athlete
89a8acc681bffff,89a8acc6857ffff,11378803034,3507851199,13.0411,0.270137,athlete
89a8acc681bffff,89a8acc68c3ffff,11378803034,3509282844,15.5523,0.117143,athlete
89a8acc681bffff,89a8acc68cfffff,11378803034,3507851207,9.3976,0.547239,athlete
89a8acc681bffff,89a8acc68d3ffff,11378803034,2955259026,16.9124,0.057661,athlete
89a8acc681bffff,89a8acc68dbffff,11378803034,2955259009,16.5933,0.069896,athlete
89a8acc681bffff,89a8acc6e27ffff,11378803034,3082243611,15.9979,0.095589,athlete
89a8acc6843ffff,89a8acc6843ffff,3082243627,3082243627,4.9879,0.854227,athlete
89a8acc6843ffff,89a8acc6853ffff,3082243627,3507851533,7.9646,0.657152,athlete
89a8acc6843ffff,89a8acc6857ffff,3082243627,3507851199,15.9497,0.097826,athlete
89a8acc6843ffff,89a8acc685bffff,3082243627,3082247660,19.653,0.000743,athlete
89a8acc6843ffff,89a8acc68c3ffff,3082243627,3509282844,15.3646,0.126787,athlete
89a8acc6843ffff,89a8acc68cfffff,3082243627,3507851207,12.4805,0.310072,athlete
89a8acc6843ffff,89a8acc68d3ffff,3082243627,2955259026,16.5605,0.071218,athlete
89a8acc6843ffff,89a8acc68dbffff,3082243627,2955259009,16.2413,0.084643,athlete
89a8acc6843ffff,89a8acc6e27ffff,3082243627,3082243611,11.4469,0.387337,athlete
89a8acc6843ffff,89a8acc6e2fffff,3082243627,2639739558,18.3338,0.017027,athlete
89a8acc6853ffff,89a8acc681bffff,3507851533,11378803034,18.2409,0.018967,athlete
89a8acc6853ffff,89a8acc6843ffff,3507851533,3082243627,9.0826,0.571803,athlete
89a8acc6853ffff,89a8acc6853ffff,3507851533,3507851533,0.7063,0.996926,athlete
89a8acc6853ffff,89a8acc6857ffff,3507851533,3507851199,10.8557,0.432997,athlete
89a8acc6853ffff,89a8acc685bffff,3507851533,3082247660,13.833,0.21682,athlete
89a8acc6853ffff,89a8acc68c3ffff,3507851533,3509282844,10.2706,0.478752,athlete
89a8acc6853ffff,89a8acc68c7ffff,3507851533,7950894106,15.5204,0.11876,athlete
89a8acc6853ffff,89a8acc68cbffff,3507851533,6770713434,16.2414,0.084642,athlete
89a8acc6853ffff,89a8acc68cfffff,3507851533,3507851207,7.3865,0.699546,athlete
89a8acc6853ffff,89a8acc68d3ffff,3507851533,2955259026,11.4664,0.385842,athlete
89a8acc6853ffff,89a8acc68d7ffff,3507851533,2955259012,16.5457,0.071815,athlete
89a8acc6853ffff,89a8acc68dbffff,3507851533,2955259009,11.1473,0.410376,athlete
89a8acc6853ffff,89a8acc6a93ffff,3507851533,2639739558,15.5681,0.116344,athlete
89a8acc6853ffff,89a8acc6a97ffff,3507851533,2639739558,14.8156,0.156833,athlete
89a8acc6853ffff,89a8acc6c6bffff,3507851533,965038276,16.5378,0.072138,athlete
89a8acc6853ffff,89a8acc6c7bffff,3507851533,2955259207,19.7502,0.000385,athlete
89a8acc6853ffff,89a8acc6e27ffff,3507851533,3082243611,5.6269,0.817083,athlete
89a8acc6853ffff,89a8acc6e2bffff,3507851533,2639739303,17.0805,0.05166,athlete
89a8acc6853ffff,89a8acc6e2fffff,3507851533,2639739558,12.5138,0.307656,athlete
89a8acc6853ffff,89a8acc6e33ffff,3507851533,2639739488,19.6007,0.000983,athlete
89a8acc6853ffff,89a8acc6e37ffff,3507851533,4441055873,15.166,0.13735,athlete
89a8acc6853ffff,89a8acc6e77ffff,3507851533,6994114774,19.9491,1.6e-05,athlete
89a8acc6853ffff,89a8acc6ea7ffff,3507851533,3411176963,17.9316,0.02616,athlete
89a8acc6853ffff,89a8acc6eafffff,3507851533,2955259142,18.2231,0.019351,athlete
89a8acc6857ffff,89a8acc6803ffff,3507851199,11378803034,19.0734,0.005286,athlete
89a8acc6857ffff,89a8acc6813ffff,3507851199,11378803035,19.847,0.000144,athlete
89a8acc6857ffff,89a8acc681bffff,3507851199,11378803034,15.7264,0.108491,athlete
89a8acc6857ffff,89a8acc6843ffff,3507851199,3082243627,14.202,0.193421,athlete
89a8acc6857ffff,89a8acc6853ffff,3507851199,3507851533,7.99,0.655257,athlete
89a8acc6857ffff,89a8acc6857ffff,3507851199,3507851199,2.6434,0.957512,athlete
89a8acc6857ffff,89a8acc685bffff,3507851199,3082247660,19.6784,0.000638,athlete
89a8acc6857ffff,89a8acc68c3ffff,3507851199,3509282844,11.0267,0.419712,athlete
89a8acc6857ffff,89a8acc68c7ffff,3507851199,7950894106,16.2764,0.083115,athlete
89a8acc6857ffff,89a8acc68cbffff,3507851199,6770713434,17.1618,0.048873,athlete
89a8acc6857ffff,89a8acc68cfffff,3507851199,3507851207,3.4545,0.928175,athlete
89a8acc6857ffff,89a8acc68d3ffff,3507851199,2955259026,12.3868,0.316899,athlete
89a8acc6857ffff,89a8acc68d7ffff,3507851199,2955259012,17.4613,0.039232,athlete
89a8acc6857ffff,89a8acc68dbffff,3507851199,2955259009,12.0677,0.340441,athlete
89a8acc6857ffff,89a8acc6c6bffff,3507851199,965038276,17.4582,0.039328,athlete
89a8acc6857ffff,89a8acc6e27ffff,3507851199,3082243611,11.4723,0.385394,athlete
89a8acc6857ffff,89a8acc6e2fffff,3507851199,2639739558,18.3592,0.016514,athlete
89a8acc6857ffff,89a8acc6e37ffff,3507851199,4441055873,16.0864,0.091541,athlete
89a8acc6857ffff,89a8acc6ea7ffff,3507851199,3411176963,18.852,0.008108,athlete
89a8acc6857ffff,89a8acc6eafffff,3507851199,2955259142,19.1435,0.004519,athlete
89a8acc685bffff,89a8acc6843ffff,3082247660,3082243627,18.1131,0.021801,athlete
89a8acc685bffff,89a8acc6853ffff,3082247660,3507851533,11.1751,0.408232,athlete
89a8acc685bffff,89a8acc6857ffff,3082247660,3507851199,19.8862,8e-05,athlete
89a8acc685bffff,89a8acc685bffff,3082247660,3082247660,1.8355,0.979361,athlete
89a8acc685bffff,89a8acc68c3ffff,3082247660,3509282844,19.3011,0.00301,athlete
89a8acc685bffff,89a8acc68cfffff,3082247660,3507851207,16.417,0.077121,athlete
89a8acc685bffff,89a8acc6a93ffff,3082247660,2639739558,15.6863,0.110457,athlete
89a8acc685bffff,89a8acc6a97ffff,3082247660,2639739558,14.9338,0.150141,athlete
89a8acc685bffff,89a8acc6e27ffff,3082247660,3082243611,9.1005,0.570413,athlete
89a8acc685bffff,89a8acc6e2bffff,3082247660,2639739303,19.3964,0.002246,athlete
89a8acc685bffff,89a8acc6e2fffff,3082247660,2639739558,12.632,0.299121,athlete
89a8acc6883ffff,89a8acc6883ffff,2336033967,2336033967,2.3307,0.966866,athlete
89a8acc6883ffff,89a8acc6887ffff,2336033967,2726185489,14.455,0.177969,athlete
89a8acc6883ffff,89a8acc688fffff,2336033967,4442536032,18.9943,0.006226,athlete
89a8acc6883ffff,89a8acc6893ffff,2336033967,2335474678,6.067,0.789617,athlete
89a8acc6883ffff,89a8acc6897ffff,2336033967,2726185454,9.5318,0.536741,athlete
89a8acc6883ffff,89a8acc689bffff,2336033967,2336034103,18.3884,0.015935,athlete
89a8acc6883ffff,89a8acc68b3ffff,2336033967,2726185479,15.7076,0.109414,athlete
89a8acc6883ffff,89a8acc68bbffff,2336033967,3930322448,17.6819,0.032783,athlete
89a8acc6883ffff,89a8acc6c0fffff,2336033967,2332043156,18.7484,0.009631,athlete
89a8acc6883ffff,89a8acc6c23ffff,2336033967,2726180683,13.3083,0.251703,athlete
89a8acc6883ffff,89a8acc6c27ffff,2336033967,2335292922,15.8783,0.101183,athlete
89a8acc6883ffff,89a8acc6c2bffff,2336033967,2335474641,10.5619,0.455922,athlete
89a8acc6883ffff,89a8acc6c2fffff,2336033967,2335474575,9.3372,0.551962,athlete
89a8acc6883ffff,89a8acc6c33ffff,2336033967,2726180592,18.8539,0.008081,athlete
89a8acc6883ffff,89a8acc6c3bffff,2336033967,3380582097,16.0638,0.092567,athlete
89a8acc6883ffff,89a8acc6c63ffff,2336033967,2336034012,16.1735,0.087632,athlete
89a8acc6883ffff,89a8acc6c67ffff,2336033967,4438325149,13.2706,0.254281,athlete
89a8acc6883ffff,89a8acc6c77ffff,2336033967,2332075047,14.9945,0.146754,athlete
89a8acc6883ffff,89a8acc6d4fffff,2336033967,4442799076,17.3133,0.043869,athlete
89a8acc6883ffff,89a8acc6d5bffff,2336033967,7546069758,17.3662,0.042182,athlete
89a8acc6887ffff,89a8acc6817ffff,2726185489,4442536027,12.2043,0.330317,athlete
89a8acc6887ffff,89a8acc6883ffff,2726185489,2336033967,13.5899,0.232758,athlete
89a8acc6887ffff,89a8acc6887ffff,2726185489,2726185489,0.8215,0.995843,athlete
89a8acc6887ffff,89a8acc688fffff,2726185489,4442536032,5.3607,0.832963,athlete
89a8acc6887ffff,89a8acc6893ffff,2726185489,2335474678,8.7841,0.594915,athlete
89a8acc6887ffff,89a8acc6897ffff,2726185489,2726185454,4.9757,0.854902,athlete
89a8acc6887ffff,89a8acc68a3ffff,2726185489,7839382319,18.7298,0.00992,athlete
89a8acc6887ffff,89a8acc68abffff,2726185489,4442536027,11.4753,0.385162,athlete
89a8acc6887ffff,89a8acc68b3ffff,2726185489,2726185479,5.778,0.80782,athlete
89a8acc6887ffff,89a8acc68b7ffff,2726185489,4442799069,16.1084,0.090548,athlete
89a8acc6887ffff,89a8acc68bbffff,2726185489,3930322448,7.7523,0.67289,athlete
89a8acc6887ffff,89a8acc6c23ffff,2726185489,2726180683,16.0254,0.094321,athlete
89a8acc6887ffff,89a8acc6c27ffff,2726185489,2335292922,18.5954,0.01212,athlete
89a8acc6887ffff,89a8acc6c2bffff,2726185489,2335474641,13.279,0.253702,athlete
89a8acc6887ffff,89a8acc6c2fffff,2726185489,2335474575,12.0543,0.341441,athlete
89a8acc6887ffff,89a8acc6c3bffff,2726185489,3380582097,18.7809,0.00914,athlete
89a8acc6887ffff,89a8acc6c63ffff,2726185489,2336034012,18.8906,0.007573,athlete
89a8acc6887ffff,89a8acc6c67ffff,2726185489,4438325149,15.9877,0.096062,athlete
89a8acc6887ffff,89a8acc6c77ffff,2726185489,2332075047,17.7116,0.031958,athlete
89a8acc6887ffff,89a8acc6d43ffff,2726185489,2335474594,14.2327,0.191524,athlete
89a8acc6887ffff,89a8acc6d47ffff,2726185489,4442799997,19.7587,0.000359,athlete
89a8acc6887ffff,89a8acc6d4bffff,2726185489,4442800000,13.9448,0.209623,athlete
89a8acc6887ffff,89a8acc6d4fffff,2726185489,4442799076,11.0134,0.420745,athlete
89a8acc6887ffff,89a8acc6d57ffff,2726185489,4442800008,18.9152,0.007241,athlete
89a8acc688bffff,89a8acc6883ffff,2336034045,2336033967,17.8944,0.027101,athlete
89a8acc688bffff,89a8acc688bffff,2336034045,2336034045,6.7582,0.743745,athlete
89a8acc688bffff,89a8acc6893ffff,2336034045,2335474678,9.9547,0.503555,athlete
89a8acc688bffff,89a8acc6897ffff,2336034045,2726185454,16.2392,0.084736,athlete
89a8acc688bffff,89a8acc689bffff,2336034045,2336034103,6.3956,0.768205,athlete
89a8acc688bffff,89a8acc6c0fffff,2336034045,2332043156,19.7743,0.000314,athlete
89a8acc688bffff,89a8acc6c23ffff,2336034045,2726180683,16.8016,0.061786,athlete
89a8acc688bffff,89a8acc6c2bffff,2336034045,2335474641,12.3576,0.31904,athlete
89a8acc688bffff,89a8acc6c2fffff,2336034045,2335474575,13.9431,0.209737,athlete
89a8acc688bffff,89a8acc6c3bffff,2336034045,3380582097,17.113,0.050538,athlete
89a8acc688bffff,89a8acc6c63ffff,2336034045,2336034012,15.5656,0.116471,athlete
89a8acc688bffff,89a8acc6c67ffff,2336034045,4438325149,11.8301,0.358238,athlete
89a8acc688bffff,89a8acc6c6fffff,2336034045,2336108624,17.927,0.026273,athlete
89a8acc688bffff,89a8acc6c77ffff,2336034045,2332075047,14.9833,0.147374,athlete
89a8acc688fffff,89a8acc6817ffff,4442536032,4442536027,15.8155,0.104177,athlete
89a8acc688fffff,89a8acc6883ffff,4442536032,2336033967,17.4599,0.039274,athlete
89a8acc688fffff,89a8acc6887ffff,4442536032,2726185489,4.6915,0.870264,athlete
89a8acc688fffff,89a8acc688fffff,4442536032,4442536032,5.9598,0.79644,athlete
89a8acc688fffff,89a8acc6893ffff,4442536032,2335474678,12.6542,0.297529,athlete
89a8acc688fffff,89a8acc6897ffff,4442536032,2726185454,8.8457,0.590161,athlete
89a8acc688fffff,89a8acc68abffff,4442536032,4442536027,15.0866,0.141671,athlete
89a8acc688fffff,89a8acc68b3ffff,4442536032,2726185479,9.3892,0.547898,athlete
89a8acc688fffff,89a8acc68b7ffff,4442536032,4442799069,19.9081,5.2e-05,athlete
89a8acc688fffff,89a8acc68bbffff,4442536032,3930322448,11.3635,0.393725,athlete
89a8acc688fffff,89a8acc6c23ffff,4442536032,2726180683,19.8955,6.7e-05,athlete
89a8acc688fffff,89a8acc6c2bffff,4442536032,2335474641,17.1491,0.049304,athlete
89a8acc688fffff,89a8acc6c2fffff,4442536032,2335474575,15.9243,0.099013,athlete
89a8acc688fffff,89a8acc6c67ffff,4442536032,4438325149,19.8577,0.000125,athlete
89a8acc688fffff,89a8acc6d43ffff,4442536032,2335474594,18.0324,0.023691,athlete
89a8acc688fffff,89a8acc6d4bffff,4442536032,4442800000,17.7446,0.031051,athlete
89a8acc688fffff,89a8acc6d4fffff,4442536032,4442799076,14.8132,0.156974,athlete
89a8acc6893ffff,89a8acc6883ffff,2335474678,2336033967,8.8619,0.58891,athlete
89a8acc6893ffff,89a8acc6887ffff,2335474678,2726185489,12.4442,0.312717,athlete
89a8acc6893ffff,89a8acc688bffff,2335474678,2336034045,15.1993,0.135555,athlete
89a8acc6893ffff,89a8acc688fffff,2335474678,4442536032,16.9834,0.055089,athlete
89a8acc6893ffff,89a8acc6893ffff,2335474678,2335474678,0.5278,0.998283,athlete
89a8acc6893ffff,89a8acc6897ffff,2335474678,2726185454,7.1736,0.714762,athlete
89a8acc6893ffff,89a8acc689bffff,2335474678,2336034103,13.1636,0.261634,athlete
89a8acc6893ffff,89a8acc68abffff,2335474678,4442536027,19.3941,0.002263,athlete
89a8acc6893ffff,89a8acc68b3ffff,2335474678,2726185479,13.6967,0.225707,athlete
89a8acc6893ffff,89a8acc68bbffff,2335474678,3930322448,15.671,0.111213,athlete
89a8acc6893ffff,89a8acc6c03ffff,2335474678,4439701589,17.2345,0.046439,athlete
89a8acc6893ffff,89a8acc6c07ffff,2335474678,2336108543,16.674,0.066698,athlete
89a8acc6893ffff,89a8acc6c0fffff,2335474678,2332043156,13.2092,0.258493,athlete
89a8acc6893ffff,89a8acc6c23ffff,2335474678,2726180683,7.769,0.671655,athlete
89a8acc6893ffff,89a8acc6c27ffff,2335474678,2335292922,11.3719,0.393085,athlete
89a8acc6893ffff,89a8acc6c2bffff,2335474678,2335474641,5.0227,0.852293,athlete
89a8acc6893ffff,89a8acc6c2fffff,2335474678,2335474575,4.8308,0.862826,athlete
89a8acc6893ffff,89a8acc6c33ffff,2335474678,2726180592,13.3146,0.251275,athlete
89a8acc6893ffff,89a8acc6c37ffff,2335474678,8370861913,18.3306,0.017093,athlete
89a8acc6893ffff,89a8acc6c3bffff,2335474678,3380582097,10.5245,0.458852,athlete
89a8acc6893ffff,89a8acc6c63ffff,2335474678,2336034012,10.9487,0.425768,athlete
89a8acc6893ffff,89a8acc6c67ffff,2335474678,4438325149,8.0457,0.651091,athlete
89a8acc6893ffff,89a8acc6c6bffff,2335474678,965038276,19.9941,0.0,athlete
89a8acc6893ffff,89a8acc6c6fffff,2335474678,2336108624,17.8113,0.029261,athlete
89a8acc6893ffff,89a8acc6c73ffff,2335474678,2336108293,15.2993,0.130223,athlete
89a8acc6893ffff,89a8acc6c77ffff,2335474678,2332075047,9.4552,0.542737,athlete
89a8acc6893ffff,89a8acc6c7bffff,2335474678,2955259207,17.9576,0.02551,athlete
89a8acc6893ffff,89a8acc6cabffff,2335474678,4451063632,18.3992,0.015723,athlete
89a8acc6893ffff,89a8acc6d43ffff,2335474678,2335474594,18.5217,0.01342,athlete
89a8acc6893ffff,89a8acc6d4bffff,2335474678,4442800000,18.2339,0.019117,athlete
89a8acc6893ffff,89a8acc6d4fffff,2335474678,4442799076,15.3024,0.130056,athlete
89a8acc6893ffff,89a8acc6d53ffff,2335474678,2335292974,15.981,0.096369,athlete
89a8acc6893ffff,89a8acc6d5bffff,2335474678,7546069758,12.8598,0.28287,athlete
89a8acc6893ffff,89a8acc6dcfffff,2335474678,2335293007,17.5116,0.037711,athlete
89a8acc6897ffff,89a8acc6817ffff,2726185454,4442536027,14.9364,0.149996,athlete
89a8acc6897ffff,89a8acc6883ffff,2726185454,2336033967,10.8726,0.431681,athlete
89a8acc6897ffff,89a8acc6887ffff,2726185454,2726185489,7.262,0.708473,athlete
89a8acc6897ffff,89a8acc688fffff,2726185454,4442536032,11.8013,0.360409,athlete
89a8acc6897ffff,89a8acc6893ffff,2726185454,2335474678,5.7196,0.811421,athlete
89a8acc6897ffff,89a8acc6897ffff,2726185454,2726185454,1.7923,0.980316,athlete
89a8acc6897ffff,89a8acc689bffff,2726185454,2336034103,18.3404,0.016895,athlete
89a8acc6897ffff,89a8acc68a3ffff,2726185454,7839382319,17.7182,0.031775,athlete
89a8acc6897ffff,89a8acc68abffff,2726185454,4442536027,14.2075,0.193082,athlete
89a8acc6897ffff,89a8acc68b3ffff,2726185454,2726185479,8.5101,0.615951,athlete
89a8acc6897ffff,89a8acc68b7ffff,2726185454,4442799069,15.0968,0.141114,athlete
89a8acc6897ffff,89a8acc68bbffff,2726185454,3930322448,10.4844,0.46199,athlete
89a8acc6897ffff,89a8acc6c0fffff,2726185454,2332043156,18.401,0.01569,athlete
89a8acc6897ffff,89a8acc6c23ffff,2726185454,2726180683,12.9609,0.275749,athlete
89a8acc6897ffff,89a8acc6c27ffff,2726185454,2335292922,15.5308,0.118228,athlete
89a8acc6897ffff,89a8acc6c2bffff,2726185454,2335474641,10.2145,0.483159,athlete
89a8acc6897ffff,89a8acc6c2fffff,2726185454,2335474575,8.9897,0.579014,athlete
89a8acc6897ffff,89a8acc6c33ffff,2726185454,2726180592,18.5064,0.013698,athlete
89a8acc6897ffff,89a8acc6c3bffff,2726185454,3380582097,15.7163,0.108985,athlete
89a8acc6897ffff,89a8acc6c63ffff,2726185454,2336034012,16.1254,0.08978,athlete
89a8acc6897ffff,89a8acc6c67ffff,2726185454,4438325149,13.2225,0.257577,athlete
89a8acc6897ffff,89a8acc6c77ffff,2726185454,2332075047,14.647,0.166584,athlete
89a8acc6897ffff,89a8acc6d43ffff,2726185454,2335474594,13.2211,0.257675,athlete
89a8acc6897ffff,89a8acc6d47ffff,2726185454,4442799997,18.7471,0.009652,athlete
89a8acc6897ffff,89a8acc6d4bffff,2726185454,4442800000,12.9333,0.277688,athlete
89a8acc6897ffff,89a8acc6d4fffff,2726185454,4442799076,10.0018,0.49986,athlete
89a8acc6897ffff,89a8acc6d57ffff,2726185454,4442800008,17.9036,0.026865,athlete
89a8acc6897ffff,89a8acc6d5bffff,2726185454,7546069758,17.0188,0.05383,athlete
89a8acc689bffff,89a8acc6883ffff,2336034103,2336033967,15.3303,0.128588,athlete
89a8acc689bffff,89a8acc6887ffff,2336034103,2726185489,18.9125,0.007277,athlete
89a8acc689bffff,89a8acc688bffff,2336034103,2336034045,5.7545,0.809271,athlete
89a8acc689bffff,89a8acc6893ffff,2336034103,2335474678,7.3906,0.699248,athlete
89a8acc689bffff,89a8acc6897ffff,2336034103,2726185454,13.6751,0.227124,athlete
89a8acc689bffff,89a8acc689bffff,2336034103,2336034103,0.4454,0.998777,athlete
89a8acc689bffff,89a8acc6c03ffff,2336034103,4439701589,19.0492,0.005566,athlete
89a8acc689bffff,89a8acc6c0fffff,2336034103,2332043156,15.811,0.104391,athlete
89a8acc689bffff,89a8acc6c23ffff,2336034103,2726180683,14.2375,0.191224,athlete
89a8acc689bffff,89a8acc6c27ffff,2336034103,2335292922,17.9201,0.026449,athlete
89a8acc689bffff,89a8acc6c2bffff,2336034103,2335474641,9.7935,0.516218,athlete
89a8acc689bffff,89a8acc6c2fffff,2336034103,2335474575,11.379,0.392542,athlete
89a8acc689bffff,89a8acc6c33ffff,2336034103,2726180592,18.7088,0.01025,athlete
89a8acc689bffff,89a8acc6c3bffff,2336034103,3380582097,14.5489,0.172365,athlete
89a8acc689bffff,89a8acc6c63ffff,2336034103,2336034012,10.0419,0.496711,athlete
89a8acc689bffff,89a8acc6c67ffff,2336034103,4438325149,6.3063,0.774095,athlete
89a8acc689bffff,89a8acc6c6bffff,2336034103,965038276,19.0873,0.00513,athlete
89a8acc689bffff,89a8acc6c6fffff,2336034103,2336108624,12.4033,0.315695,athlete
89a8acc689bffff,89a8acc6c73ffff,2336034103,2336108293,14.735,0.161468,athlete
89a8acc689bffff,89a8acc6c77ffff,2336034103,2332075047,10.5784,0.454635,athlete
89a8acc689bffff,89a8acc6c7bffff,2336034103,2955259207,17.0509,0.052698,athlete
89a8acc689bffff,89a8acc6d5bffff,2336034103,7546069758,19.408,0.00216,athlete
89a8acc68a3ffff,89a8acc6887ffff,7839382319,2726185489,18.679,0.010726,athlete
89a8acc68a3ffff,89a8acc6893ffff,7839382319,2335474678,18.8149,0.008639,athlete
89a8acc68a3ffff,89a8acc6897ffff,7839382319,2726185454,14.9222,0.150793,athlete
89a8acc68a3ffff,89a8acc68a3ffff,7839382319,7839382319,1.6577,0.983144,athlete
89a8acc68a3ffff,89a8acc68abffff,7839382319,4442536027,19.5001,0.00154,athlete
89a8acc68a3ffff,89a8acc68b3ffff,7839382319,2726185479,15.3459,0.127766,athlete
89a8acc68a3ffff,89a8acc68b7ffff,7839382319,4442799069,14.4258,0.179728,athlete
89a8acc68a3ffff,89a8acc68bbffff,7839382319,3930322448,16.102,0.090834,athlete
89a8acc68a3ffff,89a8acc6d43ffff,7839382319,2335474594,13.9197,0.211236,athlete
89a8acc68a3ffff,89a8acc6d47ffff,7839382319,4442799997,19.4457,0.001894,athlete
89a8acc68a3ffff,89a8acc6d4bffff,7839382319,4442800000,13.6318,0.229979,athlete
89a8acc68a3ffff,89a8acc6d4fffff,7839382319,4442799076,10.7004,0.445104,athlete
89a8acc68a3ffff,89a8acc6d57ffff,7839382319,4442800008,18.6022,0.012003,athlete
89a8acc68abffff,89a8acc6817ffff,4442536027,4442536027,4.7588,0.866691,athlete
89a8acc68abffff,89a8acc6887ffff,4442536027,2726185489,15.5133,0.119121,athlete
89a8acc68abffff,89a8acc688fffff,4442536027,4442536032,19.8978,6.4e-05,athlete
89a8acc68abffff,89a8acc6893ffff,4442536027,2335474678,18.2401,0.018983,athlete
89a8acc68abffff,89a8acc6897ffff,4442536027,2726185454,14.3475,0.184478,athlete
89a8acc68abffff,89a8acc68abffff,4442536027,4442536027,4.0299,0.903124,athlete
89a8acc68abffff,89a8acc68b3ffff,4442536027,2726185479,11.9444,0.349652,athlete
89a8acc68abffff,89a8acc68b7ffff,4442536027,4442799069,19.0223,0.005885,athlete
89a8acc68abffff,89a8acc68bbffff,4442536027,3930322448,5.871,0.802027,athlete
89a8acc68abffff,89a8acc6d43ffff,4442536027,2335474594,17.1466,0.049388,athlete
89a8acc68abffff,89a8acc6d4bffff,4442536027,4442800000,16.8588,0.059641,athlete
89a8acc68abffff,89a8acc6d4fffff,4442536027,4442799076,13.9273,0.210745,athlete
89a8acc68b3ffff,89a8acc6817ffff,2726185479,4442536027,10.309,0.475737,athlete
89a8acc68b3ffff,89a8acc6883ffff,2726185479,2336033967,15.9756,0.09662,athlete
89a8acc68b3ffff,89a8acc6887ffff,2726185479,2726185489,7.4516,0.694847,athlete
89a8acc68b3ffff,89a8acc688fffff,2726185479,4442536032,11.8361,0.357781,athlete
89a8acc68b3ffff,89a8acc6893ffff,2726185479,2335474678,11.1699,0.408636,athlete
89a8acc68b3ffff,89a8acc6897ffff,2726185479,2726185454,7.3614,0.701353,athlete
89a8acc68b3ffff,89a8acc68a3ffff,2726185479,7839382319,17.0231,0.053676,athlete
89a8acc68b3ffff,89a8acc68abffff,2726185479,4442536027,9.5801,0.532953,athlete
89a8acc68b3ffff,89a8acc68b3ffff,2726185479,2726185479,3.8827,0.909853,athlete
89a8acc68b3ffff,89a8acc68b7ffff,2726185479,4442799069,14.4017,0.181187,athlete
89a8acc68b3ffff,89a8acc68bbffff,2726185479,3930322448,5.8571,0.802899,athlete
89a8acc68b3ffff,89a8acc6c23ffff,2726185479,2726180683,18.4111,0.015491,athlete
89a8acc68b3ffff,89a8acc6c2bffff,2726185479,2335474641,15.6648,0.111521,athlete
89a8acc68b3ffff,89a8acc6c2fffff,2726185479,2335474575,14.44,0.178872,athlete
89a8acc68b3ffff,89a8acc6c67ffff,2726185479,4438325149,18.3734,0.016232,athlete
89a8acc68b3ffff,89a8acc6d43ffff,2726185479,2335474594,12.526,0.306775,athlete
89a8acc68b3ffff,89a8acc6d47ffff,2726185479,4442799997,18.052,0.023226,athlete
89a8acc68b3ffff,89a8acc6d4bffff,2726185479,4442800000,12.2382,0.327814,athlete
89a8acc68b3ffff,89a8acc6d4fffff,2726185479,4442799076,9.3067,0.554345,athlete
89a8acc68b3ffff,89a8acc6d57ffff,2726185479,4442800008,17.2086,0.047301,athlete
89a8acc68b7ffff,89a8acc6817ffff,4442799069,4442536027,17.8013,0.029524,athlete
89a8acc68b7ffff,89a8acc6887ffff,4442799069,2726185489,16.2513,0.084211,athlete
89a8acc68b7ffff,89a8acc6893ffff,4442799069,2335474678,16.3872,0.078377,athlete
89a8acc68b7ffff,89a8acc6897ffff,4442799069,2726185454,12.4945,0.309058,athlete
89a8acc68b7ffff,89a8acc68a3ffff,4442799069,7839382319,14.6195,0.168195,athlete
89a8acc68b7ffff,89a8acc68abffff,4442799069,4442536027,17.0724,0.051943,athlete
89a8acc68b7ffff,89a8acc68b3ffff,4442799069,2726185479,12.9182,0.278745,athlete
89a8acc68b7ffff,89a8acc68b7ffff,4442799069,4442799069,1.6118,0.984061,athlete
89a8acc68b7ffff,89a8acc68bbffff,4442799069,3930322448,13.6743,0.227178,athlete
89a8acc68b7ffff,89a8acc6c2fffff,4442799069,2335474575,19.6573,0.000724,athlete
89a8acc68b7ffff,89a8acc6d43ffff,4442799069,2335474594,11.4919,0.383893,athlete
89a8acc68b7ffff,89a8acc6d47ffff,4442799069,4442799997,17.0179,0.053859,athlete
89a8acc68b7ffff,89a8acc6d4bffff,4442799069,4442800000,11.2041,0.405991,athlete
89a8acc68b7ffff,89a8acc6d4fffff,4442799069,4442799076,8.2727,0.634007,athlete
89a8acc68b7ffff,89a8acc6d57ffff,4442799069,4442800008,16.1745,0.087588,athlete
89a8acc68bbffff,89a8acc6817ffff,3930322448,4442536027,6.1011,0.787431,athlete
89a8acc68bbffff,89a8acc6883ffff,3930322448,2336033967,18.824,0.008507,athlete
89a8acc68bbffff,89a8acc6887ffff,3930322448,2726185489,11.2914,0.399269,athlete
89a8acc68bbffff,89a8acc688fffff,3930322448,4442536032,15.6759,0.110971,athlete
89a8acc68bbffff,89a8acc6893ffff,3930322448,2335474678,14.0182,0.204949,athlete
89a8acc68bbffff,89a8acc6897ffff,3930322448,2726185454,10.1256,0.490137,athlete
89a8acc68bbffff,89a8acc68a3ffff,3930322448,7839382319,17.4218,0.040445,athlete
89a8acc68bbffff,89a8acc68abffff,3930322448,4442536027,5.3722,0.832291,athlete
89a8acc68bbffff,89a8acc68b3ffff,3930322448,2726185479,7.7225,0.675083,athlete
89a8acc68bbffff,89a8acc68b7ffff,3930322448,4442799069,14.8004,0.157703,athlete
89a8acc68bbffff,89a8acc68bbffff,3930322448,3930322448,1.6491,0.983317,athlete
89a8acc68bbffff,89a8acc6c2bffff,3930322448,2335474641,18.5132,0.013575,athlete
89a8acc68bbffff,89a8acc6c2fffff,3930322448,2335474575,17.2884,0.044673,athlete
89a8acc68bbffff,89a8acc6d43ffff,3930322448,2335474594,12.9247,0.278289,athlete
89a8acc68bbffff,89a8acc6d47ffff,3930322448,4442799997,18.4507,0.014733,athlete
89a8acc68bbffff,89a8acc6d4bffff,3930322448,4442800000,12.6369,0.29877,athlete
89a8acc68bbffff,89a8acc6d4fffff,3930322448,4442799076,9.7054,0.523127,athlete
89a8acc68bbffff,89a8acc6d57ffff,3930322448,4442800008,17.6073,0.034901,athlete
89a8acc68c3ffff,89a8acc681bffff,3509282844,11378803034,18.8235,0.008514,athlete
89a8acc68c3ffff,89a8acc6843ffff,3509282844,3082243627,14.0427,0.203404,athlete
89a8acc68c3ffff,89a8acc6853ffff,3509282844,3507851533,7.8306,0.667105,athlete
89a8acc68c3ffff,89a8acc6857ffff,3509282844,3507851199,11.4383,0.387996,athlete
89a8acc68c3ffff,89a8acc685bffff,3509282844,3082247660,19.519,0.001426,athlete
89a8acc68c3ffff,89a8acc68c3ffff,3509282844,3509282844,2.1474,0.971823,athlete
89a8acc68c3ffff,89a8acc68c7ffff,3509282844,7950894106,10.0158,0.498762,athlete
89a8acc68c3ffff,89a8acc68cbffff,3509282844,6770713434,14.1512,0.196584,athlete
89a8acc68c3ffff,89a8acc68cfffff,3509282844,3507851207,7.9691,0.656814,athlete
89a8acc68c3ffff,89a8acc68d3ffff,3509282844,2955259026,7.4751,0.693147,athlete
89a8acc68c3ffff,89a8acc68d7ffff,3509282844,2955259012,12.2679,0.325625,athlete
89a8acc68c3ffff,89a8acc68dbffff,3509282844,2955259009,8.5344,0.614097,athlete
89a8acc68c3ffff,89a8acc6c6bffff,3509282844,965038276,12.8622,0.282701,athlete
89a8acc68c3ffff,89a8acc6c73ffff,3509282844,2336108293,19.8331,0.000172,athlete
89a8acc68c3ffff,89a8acc6c7bffff,3509282844,2955259207,17.1287,0.049998,athlete
89a8acc68c3ffff,89a8acc6e27ffff,3509282844,3082243611,11.3129,0.397612,athlete
89a8acc68c3ffff,89a8acc6e2fffff,3509282844,2639739558,18.1999,0.019856,athlete
89a8acc68c3ffff,89a8acc6e33ffff,3509282844,2639739488,17.5106,0.037743,athlete
89a8acc68c3ffff,89a8acc6e37ffff,3509282844,4441055873,13.0758,0.267716,athlete
89a8acc68c3ffff,89a8acc6ea7ffff,3509282844,3411176963,15.3186,0.129202,athlete
89a8acc68c3ffff,89a8acc6eabffff,3509282844,2403004414,19.7009,0.000552,athlete
89a8acc68c3ffff,89a8acc6eafffff,3509282844,2955259142,15.6101,0.114239,athlete
89a8acc68c7ffff,89a8acc6843ffff,7950894106,3082243627,16.8539,0.059823,athlete
89a8acc68c7ffff,89a8acc6853ffff,7950894106,3507851533,10.6419,0.449674,athlete
89a8acc68c7ffff,89a8acc6857ffff,7950894106,3507851199,14.2495,0.190482,athlete
89a8acc68c7ffff,89a8acc68c3ffff,7950894106,3509282844,7.5773,0.685722,athlete
89a8acc68c7ffff,89a8acc68c7ffff,7950894106,7950894106,1.8692,0.978602,athlete
89a8acc68c7ffff,89a8acc68cbffff,7950894106,6770713434,16.9624,0.055844,athlete
89a8acc68c7ffff,89a8acc68cfffff,7950894106,3507851207,10.7804,0.438864,athlete
89a8acc68c7ffff,89a8acc68d3ffff,7950894106,2955259026,10.2863,0.477519,athlete
89a8acc68c7ffff,89a8acc68d7ffff,7950894106,2955259012,15.0791,0.14208,athlete
89a8acc68c7ffff,89a8acc68dbffff,7950894106,2955259009,11.3456,0.395102,athlete
89a8acc68c7ffff,89a8acc6c6bffff,7950894106,965038276,15.6734,0.111093,athlete
89a8acc68c7ffff,89a8acc6c7bffff,7950894106,2955259207,19.94,2.2e-05,athlete
89a8acc68c7ffff,89a8acc6e27ffff,7950894106,3082243611,14.1242,0.198274,athlete
89a8acc68c7ffff,89a8acc6e37ffff,7950894106,4441055873,15.887,0.100769,athlete
89a8acc68c7ffff,89a8acc6ea7ffff,7950894106,3411176963,18.1299,0.021419,athlete
89a8acc68c7ffff,89a8acc6eafffff,7950894106,2955259142,18.4213,0.015294,athlete
89a8acc68cbffff,89a8acc6853ffff,6770713434,3507851533,17.6815,0.032793,athlete
89a8acc68cbffff,89a8acc68c3ffff,6770713434,3509282844,17.5137,0.037649,athlete
89a8acc68cbffff,89a8acc68cbffff,6770713434,6770713434,0.4391,0.998811,athlete
89a8acc68cbffff,89a8acc68cfffff,6770713434,3507851207,17.9843,0.024853,athlete
89a8acc68cbffff,89a8acc68d3ffff,6770713434,2955259026,11.2364,0.4035,athlete
89a8acc68cbffff,89a8acc68d7ffff,6770713434,2955259012,16.3157,0.08142,athlete
89a8acc68cbffff,89a8acc68dbffff,6770713434,2955259009,7.4947,0.691724,athlete
89a8acc68cbffff,89a8acc6c6bffff,6770713434,965038276,16.3077,0.081763,athlete
89a8acc68cbffff,89a8acc6c7bffff,6770713434,2955259207,19.5202,0.001419,athlete
89a8acc68cbffff,89a8acc6e07ffff,6770713434,3107399819,19.714,0.000505,athlete
89a8acc68cbffff,89a8acc6e23ffff,6770713434,4439995409,15.1592,0.137716,athlete
89a8acc68cbffff,89a8acc6e33ffff,6770713434,2639739488,12.5915,0.302037,athlete
89a8acc68cbffff,89a8acc6e37ffff,6770713434,4441055873,5.7849,0.807389,athlete
89a8acc68cbffff,89a8acc6ea3ffff,6770713434,2955259166,19.1566,0.004381,athlete
89a8acc68cbffff,89a8acc6ea7ffff,6770713434,3411176963,14.7388,0.161243,athlete
89a8acc68cbffff,89a8acc6eabffff,6770713434,2403004414,14.7819,0.158764,athlete
89a8acc68cbffff,89a8acc6eafffff,6770713434,2955259142,12.5869,0.302373,athlete
89a8acc68cfffff,89a8acc6803ffff,3507851207,11378803034,16.8041,0.061693,athlete
89a8acc68cfffff,89a8acc6813ffff,3507851207,11378803035,17.5776,0.035763,athlete
89a8acc68cfffff,89a8acc681bffff,3507851207,11378803034,13.457,0.241634,athlete
89a8acc68cfffff,89a8acc6843ffff,3507851207,3082243627,11.9326,0.350531,athlete
89a8acc68cfffff,89a8acc6853ffff,3507851207,3507851533,5.7206,0.811357,athlete
89a8acc68cfffff,89a8acc6857ffff,3507851207,3507851199,4.8286,0.862945,athlete
89a8acc68cfffff,89a8acc685bffff,3507851207,3082247660,17.409,0.040842,athlete
89a8acc68cfffff,89a8acc68c3ffff,3507851207,3509282844,8.7573,0.596982,athlete
89a8acc68cfffff,89a8acc68c7ffff,3507851207,7950894106,14.0071,0.205659,athlete
89a8acc68cfffff,89a8acc68cbffff,3507851207,6770713434,14.8924,0.152473,athlete
89a8acc68cfffff,89a8acc68cfffff,3507851207,3507851207,1.1852,0.991361,athlete
89a8acc68cfffff,89a8acc68d3ffff,3507851207,2955259026,10.1175,0.490775,athlete
89a8acc68cfffff,89a8acc68d7ffff,3507851207,2955259012,15.1919,0.13595,athlete
89a8acc68cfffff,89a8acc68dbffff,3507851207,2955259009,9.7984,0.515835,athlete
89a8acc68cfffff,89a8acc6a93ffff,3507851207,2639739558,19.1442,0.004511,athlete
89a8acc68cfffff,89a8acc6a97ffff,3507851207,2639739558,18.3917,0.015872,athlete
89a8acc68cfffff,89a8acc6c6bffff,3507851207,965038276,15.1888,0.13612,athlete
89a8acc68cfffff,89a8acc6c7bffff,3507851207,2955259207,18.4012,0.015684,athlete
89a8acc68cfffff,89a8acc6e27ffff,3507851207,3082243611,9.2029,0.562439,athlete
89a8acc68cfffff,89a8acc6e2fffff,3507851207,2639739558,16.0899,0.091384,athlete
89a8acc68cfffff,89a8acc6e33ffff,3507851207,2639739488,18.2518,0.018735,athlete
89a8acc68cfffff,89a8acc6e37ffff,3507851207,4441055873,13.817,0.217855,athlete
89a8acc68cfffff,89a8acc6ea7ffff,3507851207,3411176963,16.5826,0.070326,athlete
89a8acc68cfffff,89a8acc6eafffff,3507851207,2955259142,16.8741,0.059073,athlete
89a8acc68d3ffff,89a8acc6843ffff,2955259026,3082243627,19.5925,0.001024,athlete
89a8acc68d3ffff,89a8acc6853ffff,2955259026,3507851533,13.3804,0.246805,athlete
89a8acc68d3ffff,89a8acc6857ffff,2955259026,3507851199,16.9881,0.054922,athlete
89a8acc68d3ffff,89a8acc68c3ffff,2955259026,3509282844,11.3831,0.392227,athlete
89a8acc68d3ffff,89a8acc68c7ffff,2955259026,7950894106,16.6328,0.068323,athlete
89a8acc68d3ffff,89a8acc68cbffff,2955259026,6770713434,11.9668,0.347976,athlete
89a8acc68d3ffff,89a8acc68cfffff,2955259026,3507851207,13.5189,0.237486,athlete
89a8acc68d3ffff,89a8acc68d3ffff,2955259026,2955259026,1.037,0.993381,athlete
89a8acc68d3ffff,89a8acc68d7ffff,2955259026,2955259012,6.1375,0.78509,athlete
89a8acc68d3ffff,89a8acc68dbffff,2955259026,2955259009,5.7446,0.809881,athlete
89a8acc68d3ffff,89a8acc6c0bffff,2955259026,3380581987,18.6887,0.010569,athlete
89a8acc68d3ffff,89a8acc6c0fffff,2955259026,2332043156,19.3241,0.002816,athlete
89a8acc68d3ffff,89a8acc6c43ffff,2955259026,3425558055,19.6247,0.000869,athlete
89a8acc68d3ffff,89a8acc6c47ffff,2955259026,5653257029,16.8998,0.058125,athlete
89a8acc68d3ffff,89a8acc6c4fffff,2955259026,2955259222,16.0733,0.092136,athlete
89a8acc68d3ffff,89a8acc6c57ffff,2955259026,3513038267,19.3553,0.002562,athlete
89a8acc68d3ffff,89a8acc6c63ffff,2955259026,2336034012,17.0875,0.051418,athlete
89a8acc68d3ffff,89a8acc6c6bffff,2955259026,965038276,6.4241,0.766313,athlete
89a8acc68d3ffff,89a8acc6c73ffff,2955259026,2336108293,13.3951,0.245814,athlete
89a8acc68d3ffff,89a8acc6c77ffff,2955259026,2332075047,15.7566,0.107021,athlete
89a8acc68d3ffff,89a8acc6c7bffff,2955259026,2955259207,10.6907,0.445862,athlete
89a8acc68d3ffff,89a8acc6e27ffff,2955259026,3082243611,16.8627,0.059495,athlete
89a8acc68d3ffff,89a8acc6e33ffff,2955259026,2639739488,15.1263,0.1395,athlete
89a8acc68d3ffff,89a8acc6e37ffff,2955259026,4441055873,10.8914,0.430221,athlete
89a8acc68d3ffff,89a8acc6ea3ffff,2955259026,2955259166,16.9046,0.057947,athlete
89a8acc68d3ffff,89a8acc6ea7ffff,2955259026,3411176963,9.3934,0.54757,athlete
89a8acc68d3ffff,89a8acc6eabffff,2955259026,2403004414,17.0525,0.05264,athlete
89a8acc68d3ffff,89a8acc6eafffff,2955259026,2955259142,11.6223,0.37396,athlete
89a8acc68d3ffff,89a8acc6eb3ffff,2955259026,3501190741,19.5758,0.00111,athlete
89a8acc68d3ffff,89a8acc6eb7ffff,2955259026,2955259190,14.9753,0.147823,athlete
89a8acc68d7ffff,89a8acc6853ffff,2955259012,3507851533,16.9328,0.056917,athlete
89a8acc68d7ffff,89a8acc68c3ffff,2955259012,3509282844,14.9355,0.150048,athlete
89a8acc68d7ffff,89a8acc68cbffff,2955259012,6770713434,15.5192,0.11882,athlete
89a8acc68d7ffff,89a8acc68cfffff,2955259012,3507851207,17.0713,0.051982,athlete
89a8acc68d7ffff,89a8acc68d3ffff,2955259012,2955259026,4.5894,0.875604,athlete
89a8acc68d7ffff,89a8acc68d7ffff,2955259012,2955259012,2.392,0.96512,athlete
89a8acc68d7ffff,89a8acc68dbffff,2955259012,2955259009,9.297,0.555102,athlete
89a8acc68d7ffff,89a8acc6c0fffff,2955259012,2332043156,19.1836,0.004106,athlete
89a8acc68d7ffff,89a8acc6c2bffff,2955259012,2335474641,19.8807,8.8e-05,athlete
89a8acc68d7ffff,89a8acc6c47ffff,2955259012,5653257029,18.5817,0.012357,athlete
89a8acc68d7ffff,89a8acc6c4fffff,2955259012,2955259222,19.4825,0.001651,athlete
89a8acc68d7ffff,89a8acc6c63ffff,2955259012,2336034012,16.947,0.0564,athlete
89a8acc68d7ffff,89a8acc6c6bffff,2955259012,965038276,9.8333,0.513089,athlete
89a8acc68d7ffff,89a8acc6c73ffff,2955259012,2336108293,13.2546,0.255375,athlete
89a8acc68d7ffff,89a8acc6c77ffff,2955259012,2332075047,15.6161,0.113937,athlete
89a8acc68d7ffff,89a8acc6c7bffff,2955259012,2955259207,14.0202,0.204823,athlete
89a8acc68d7ffff,89a8acc6e33ffff,2955259012,2639739488,18.6788,0.01073,athlete
89a8acc68d7ffff,89a8acc6e37ffff,2955259012,4441055873,14.4438,0.178646,athlete
89a8acc68d7ffff,89a8acc6ea7ffff,2955259012,3411176963,12.8945,0.280419,athlete
89a8acc68d7ffff,89a8acc6eafffff,2955259012,2955259142,15.1747,0.136878,athlete
89a8acc68d7ffff,89a8acc6eb7ffff,2955259012,2955259190,18.3845,0.016013,athlete
89a8acc68dbffff,89a8acc6843ffff,2955259009,3082243627,19.116,0.004813,athlete
89a8acc68dbffff,89a8acc6853ffff,2955259009,3507851533,12.9039,0.279755,athlete
89a8acc68dbffff,89a8acc6857ffff,2955259009,3507851199,16.6759,0.066625,athlete
89a8acc68dbffff,89a8acc68c3ffff,2955259009,3509282844,12.1213,0.336461,athlete
89a8acc68dbffff,89a8acc68c7ffff,2955259009,7950894106,17.371,0.042031,athlete
89a8acc68dbffff,89a8acc68cbffff,2955259009,6770713434,8.0513,0.65067,athlete
89a8acc68dbffff,89a8acc68cfffff,2955259009,3507851207,13.2067,0.25866,athlete
89a8acc68dbffff,89a8acc68d3ffff,2955259009,2955259026,5.2766,0.837864,athlete
89a8acc68dbffff,89a8acc68d7ffff,2955259009,2955259012,10.365,0.471352,athlete
89a8acc68dbffff,89a8acc68dbffff,2955259009,2955259009,0.3668,0.99917,athlete
89a8acc68dbffff,89a8acc6c43ffff,2955259009,3425558055,19.4611,0.001791,athlete
89a8acc68dbffff,89a8acc6c47ffff,2955259009,5653257029,17.9818,0.024915,athlete
89a8acc68dbffff,89a8acc6c4fffff,2955259009,2955259222,15.9097,0.099703,athlete
89a8acc68dbffff,89a8acc6c6bffff,2955259009,965038276,10.3087,0.475767,athlete
89a8acc68dbffff,89a8acc6c73ffff,2955259009,2336108293,17.6346,0.034118,athlete
89a8acc68dbffff,89a8acc6c77ffff,2955259009,2332075047,19.9962,0.0,athlete
89a8acc68dbffff,89a8acc6c7bffff,2955259009,2955259207,12.8831,0.281225,athlete
89a8acc68dbffff,89a8acc6e03ffff,2955259009,4438518283,19.2893,0.003113,athlete
89a8acc68dbffff,89a8acc6e07ffff,2955259009,3107399819,16.6068,0.069359,athlete
89a8acc68dbffff,89a8acc6e0bffff,2955259009,5268450220,19.8,0.000247,athlete
89a8acc68dbffff,89a8acc6e0fffff,2955259009,9511225456,17.9222,0.026396,athlete
89a8acc68dbffff,89a8acc6e23ffff,2955259009,4439995409,17.4357,0.040018,athlete
89a8acc68dbffff,89a8acc6e27ffff,2955259009,3082243611,16.3862,0.078417,athlete
89a8acc68dbffff,89a8acc6e2bffff,2955259009,2639739303,17.9012,0.026926,athlete
89a8acc68dbffff,89a8acc6e33ffff,2955259009,2639739488,9.7485,0.519745,athlete
89a8acc68dbffff,89a8acc6e37ffff,2955259009,4441055873,6.606,0.754112,athlete
89a8acc68dbffff,89a8acc6e3bffff,2955259009,6994114527,19.5792,0.001092,athlete
89a8acc68dbffff,89a8acc6e77ffff,2955259009,6994114774,19.3685,0.002458,athlete
89a8acc68dbffff,89a8acc6ea3ffff,2955259009,2955259166,14.0123,0.205329,athlete
89a8acc68dbffff,89a8acc6ea7ffff,2955259009,3411176963,7.6109,0.683267,athlete
89a8acc68dbffff,89a8acc6eabffff,2955259009,2403004414,11.6747,0.369981,athlete
89a8acc68dbffff,89a8acc6eafffff,2955259009,2955259142,7.4425,0.695506,athlete
89a8acc68dbffff,89a8acc6eb3ffff,2955259009,3501190741,17.3815,0.041701,athlete
89a8acc68dbffff,89a8acc6eb7ffff,2955259009,2955259190,14.8116,0.15706,athlete
89a8acc68dbffff,89a8acc6ebbffff,2955259009,2648475715,17.5177,0.037531,athlete
89a8acc6a93ffff,89a8acc6853ffff,2639739558,3507851533,14.8719,0.153632,athlete
89a8acc6a93ffff,89a8acc685bffff,2639739558,3082247660,18.2401,0.018984,athlete
89a8acc6a93ffff,89a8acc6a93ffff,2639739558,2639739558,7.3863,0.699559,athlete
89a8acc6a93ffff,89a8acc6a97ffff,2639739558,2639739558,6.6338,0.75223,athlete
89a8acc6a93ffff,89a8acc6e27ffff,2639739558,3082243611,8.7212,0.599763,athlete
89a8acc6a93ffff,89a8acc6e2bffff,2639739558,2639739303,16.0451,0.093419,athlete
89a8acc6a93ffff,89a8acc6e2fffff,2639739558,2639739558,4.332,0.888637,athlete
89a8acc6a93ffff,89a8acc6e33ffff,2639739558,2639739488,19.8267,0.000185,athlete
89a8acc6a93ffff,89a8acc6e77ffff,2639739558,6994114774,18.9137,0.007261,athlete
89a8acc6a97ffff,89a8acc6853ffff,2639739558,3507851533,14.1194,0.198572,athlete
89a8acc6a97ffff,89a8acc685bffff,2639739558,3082247660,17.4876,0.038433,athlete
89a8acc6a97ffff,89a8acc68cfffff,2639739558,3507851207,19.3614,0.002514,athlete
89a8acc6a97ffff,89a8acc6a93ffff,2639739558,2639739558,6.6338,0.75223,athlete
89a8acc6a97ffff,89a8acc6a97ffff,2639739558,2639739558,5.8813,0.801381,athlete
89a8acc6a97ffff,89a8acc6e27ffff,2639739558,3082243611,7.9687,0.656845,athlete
89a8acc6a97ffff,89a8acc6e2bffff,2639739558,2639739303,15.2926,0.130575,athlete
89a8acc6a97ffff,89a8acc6e2fffff,2639739558,2639739558,3.5795,0.923023,athlete
89a8acc6a97ffff,89a8acc6e33ffff,2639739558,2639739488,19.0742,0.005278,athlete
89a8acc6a97ffff,89a8acc6e77ffff,2639739558,6994114774,18.1612,0.020712,athlete
89a8acc6a9bffff,89a8acc6a9bffff,11378069599,11378069599,1.6854,0.98258,athlete
89a8acc6a9bffff,89a8acc6e03ffff,11378069599,4438518283,17.7853,0.029952,athlete
89a8acc6a9bffff,89a8acc6e07ffff,11378069599,3107399819,19.9621,9e-06,athlete
89a8acc6a9bffff,89a8acc6e0bffff,11378069599,5268450220,18.1416,0.021153,athlete
89a8acc6a9bffff,89a8acc6e0fffff,11378069599,9511225456,16.2475,0.084373,athlete
89a8acc6a9bffff,89a8acc6e2bffff,11378069599,2639739303,12.7498,0.290687,athlete
89a8acc6a9bffff,89a8acc6e33ffff,11378069599,2639739488,17.6008,0.035088,athlete
89a8acc6a9bffff,89a8acc6e3bffff,11378069599,6994114527,12.4472,0.312494,athlete
89a8acc6a9bffff,89a8acc6e63ffff,11378069599,2639739375,16.6256,0.068608,athlete
89a8acc6a9bffff,89a8acc6e67ffff,11378069599,13229907438,18.7883,0.00903,athlete
89a8acc6a9bffff,89a8acc6e6fffff,11378069599,7886908967,17.6806,0.03282,athlete
89a8acc6a9bffff,89a8acc6e73ffff,11378069599,6994114573,15.7296,0.108335,athlete
89a8acc6a9bffff,89a8acc6e77ffff,11378069599,6994114774,9.0222,0.576493,athlete
89a8acc6c03ffff,89a8acc6893ffff,4439701589,2335474678,16.1036,0.090763,athlete
89a8acc6c03ffff,89a8acc6c03ffff,4439701589,4439701589,1.0219,0.993572,athlete
89a8acc6c03ffff,89a8acc6c07ffff,4439701589,2336108543,5.5381,0.822442,athlete
89a8acc6c03ffff,89a8acc6c0bffff,4439701589,3380581987,7.5029,0.691128,athlete
89a8acc6c03ffff,89a8acc6c0fffff,4439701589,2332043156,6.2547,0.777477,athlete
89a8acc6c03ffff,89a8acc6c13ffff,4439701589,2332074930,9.7015,0.523437,athlete
89a8acc6c03ffff,89a8acc6c17ffff,4439701589,2332075028,8.2155,0.638328,athlete
89a8acc6c03ffff,89a8acc6c1bffff,4439701589,7886951227,11.4077,0.390339,athlete
89a8acc6c03ffff,89a8acc6c23ffff,4439701589,2726180683,13.4229,0.243934,athlete
89a8acc6c03ffff,89a8acc6c27ffff,4439701589,2335292922,17.3869,0.041531,athlete
89a8acc6c03ffff,89a8acc6c2bffff,4439701589,2335474641,12.5984,0.301543,athlete
89a8acc6c03ffff,89a8acc6c2fffff,4439701589,2335474575,15.8203,0.103949,athlete
89a8acc6c03ffff,89a8acc6c33ffff,4439701589,2726180592,12.8916,0.280622,athlete
89a8acc6c03ffff,89a8acc6c37ffff,4439701589,8370861913,17.9076,0.026764,athlete
89a8acc6c03ffff,89a8acc6c3bffff,4439701589,3380582097,8.4576,0.619957,athlete
89a8acc6c03ffff,89a8acc6c43ffff,4439701589,3425558055,16.5248,0.072664,athlete
89a8acc6c03ffff,89a8acc6c47ffff,4439701589,5653257029,12.4733,0.310595,athlete
89a8acc6c03ffff,89a8acc6c4fffff,4439701589,2955259222,17.3094,0.043995,athlete
89a8acc6c03ffff,89a8acc6c53ffff,4439701589,3425558243,19.512,0.001468,athlete
89a8acc6c03ffff,89a8acc6c57ffff,4439701589,3513038267,12.4407,0.312966,athlete
89a8acc6c03ffff,89a8acc6c63ffff,4439701589,2336034012,14.2503,0.190435,athlete
89a8acc6c03ffff,89a8acc6c67ffff,4439701589,4438325149,15.1934,0.135872,athlete
89a8acc6c03ffff,89a8acc6c6bffff,4439701589,965038276,18.0364,0.023597,athlete
89a8acc6c03ffff,89a8acc6c73ffff,4439701589,2336108293,10.3373,0.473523,athlete
89a8acc6c03ffff,89a8acc6c77ffff,4439701589,2332075047,9.4949,0.539626,athlete
89a8acc6c03ffff,89a8acc6c7bffff,4439701589,2955259207,15.1429,0.138602,athlete
89a8acc6c03ffff,89a8acc6c83ffff,4439701589,3874217907,17.9579,0.025503,athlete
89a8acc6c03ffff,89a8acc6c8bffff,4439701589,2332075083,14.4022,0.181153,athlete
89a8acc6c03ffff,89a8acc6c8fffff,4439701589,3005607847,11.6086,0.374998,athlete
89a8acc6c03ffff,89a8acc6cabffff,4439701589,4451063632,10.7023,0.44495,athlete
89a8acc6c03ffff,89a8acc6cbbffff,4439701589,4471844854,13.0216,0.271496,athlete
89a8acc6c03ffff,89a8acc6cc3ffff,4439701589,3107402660,19.5383,0.001315,athlete
89a8acc6c03ffff,89a8acc6cc7ffff,4439701589,3409300606,15.3232,0.128961,athlete
89a8acc6c03ffff,89a8acc6ccfffff,4439701589,3874217785,16.6389,0.06808,athlete
89a8acc6c03ffff,89a8acc6cd7ffff,4439701589,3398798243,18.3225,0.017258,athlete
89a8acc6c03ffff,89a8acc6d5bffff,4439701589,7546069758,19.5669,0.001157,athlete
89a8acc6c07ffff,89a8acc6893ffff,2336108543,2335474678,16.3,0.082097,athlete
89a8acc6c07ffff,89a8acc6c03ffff,2336108543,4439701589,5.9309,0.798266,athlete
89a8acc6c07ffff,89a8acc6c07ffff,2336108543,2336108543,0.9484,0.994461,athlete
89a8acc6c07ffff,89a8acc6c0bffff,2336108543,3380581987,10.7606,0.440405,athlete
89a8acc6c07ffff,89a8acc6c0fffff,2336108543,2332043156,7.9775,0.656189,athlete
89a8acc6c07ffff,89a8acc6c13ffff,2336108543,2332074930,10.0093,0.499273,athlete
89a8acc6c07ffff,89a8acc6c17ffff,2336108543,2332075028,8.5233,0.614946,athlete
89a8acc6c07ffff,89a8acc6c1bffff,2336108543,7886951227,11.7155,0.366892,athlete
89a8acc6c07ffff,89a8acc6c23ffff,2336108543,2726180683,9.8905,0.508598,athlete
89a8acc6c07ffff,89a8acc6c27ffff,2336108543,2335292922,13.7761,0.220516,athlete
89a8acc6c07ffff,89a8acc6c2bffff,2336108543,2335474641,12.7948,0.287481,athlete
89a8acc6c07ffff,89a8acc6c2fffff,2336108543,2335474575,15.2663,0.131971,athlete
89a8acc6c07ffff,89a8acc6c33ffff,2336108543,2726180592,8.302,0.631788,athlete
89a8acc6c07ffff,89a8acc6c37ffff,2336108543,8370861913,13.318,0.251046,athlete
89a8acc6c07ffff,89a8acc6c3bffff,2336108543,3380582097,8.654,0.604927,athlete
89a8acc6c07ffff,89a8acc6c43ffff,2336108543,3425558055,19.7825,0.000292,athlete
89a8acc6c07ffff,89a8acc6c47ffff,2336108543,5653257029,15.207,0.135141,athlete
89a8acc6c07ffff,89a8acc6c4fffff,2336108543,2955259222,19.3453,0.002641,athlete
89a8acc6c07ffff,89a8acc6c57ffff,2336108543,3513038267,15.6984,0.109864,athlete
89a8acc6c07ffff,89a8acc6c63ffff,2336108543,2336034012,15.9731,0.096739,athlete
89a8acc6c07ffff,89a8acc6c67ffff,2336108543,4438325149,15.6181,0.113841,athlete
89a8acc6c07ffff,89a8acc6c6bffff,2336108543,965038276,19.7591,0.000358,athlete
89a8acc6c07ffff,89a8acc6c73ffff,2336108543,2336108293,12.06,0.341014,athlete
89a8acc6c07ffff,89a8acc6c77ffff,2336108543,2332075047,9.9196,0.506314,athlete
89a8acc6c07ffff,89a8acc6c7bffff,2336108543,2955259207,16.8656,0.059386,athlete
89a8acc6c07ffff,89a8acc6c83ffff,2336108543,3874217907,18.2657,0.018439,athlete
89a8acc6c07ffff,89a8acc6c8bffff,2336108543,2332075083,14.71,0.162913,athlete
89a8acc6c07ffff,89a8acc6c8fffff,2336108543,3005607847,11.9164,0.351748,athlete
89a8acc6c07ffff,89a8acc6ca3ffff,2336108543,6764284642,18.6661,0.010936,athlete
89a8acc6c07ffff,89a8acc6cabffff,2336108543,4451063632,11.0101,0.420997,athlete
89a8acc6c07ffff,89a8acc6cafffff,2336108543,6764284385,17.1,0.050987,athlete
89a8acc6c07ffff,89a8acc6cbbffff,2336108543,4471844854,13.3294,0.25027,athlete
89a8acc6c07ffff,89a8acc6cc3ffff,2336108543,3107402660,19.8461,0.000146,athlete
89a8acc6c07ffff,89a8acc6cc7ffff,2336108543,3409300606,15.631,0.113198,athlete
89a8acc6c07ffff,89a8acc6ccfffff,2336108543,3874217785,16.9547,0.056123,athlete
89a8acc6c07ffff,89a8acc6cd7ffff,2336108543,3398798243,18.6303,0.011528,athlete
89a8acc6c07ffff,89a8acc6d53ffff,2336108543,2335292974,19.5877,0.001048,athlete
89a8acc6c07ffff,89a8acc6d5bffff,2336108543,7546069758,17.9211,0.026424,athlete
89a8acc6c07ffff,89a8acc6dc3ffff,2336108543,8370861869,18.678,0.010742,athlete
89a8acc6c07ffff,89a8acc6dcbffff,2336108543,8370861883,17.1366,0.049728,athlete
89a8acc6c07ffff,89a8acc6ddbffff,2336108543,8370942543,19.4292,0.002008,athlete
89a8acc6c0bffff,89a8acc6127ffff,3380581987,3880605752,18.1597,0.020746,athlete
89a8acc6c0bffff,89a8acc6893ffff,3380581987,2335474678,19.2321,0.003633,athlete
89a8acc6c0bffff,89a8acc68d3ffff,3380581987,2955259026,18.5663,0.012626,athlete
89a8acc6c0bffff,89a8acc6c03ffff,3380581987,4439701589,6.3782,0.76936,athlete
89a8acc6c0bffff,89a8acc6c07ffff,3380581987,2336108543,9.8164,0.514419,athlete
89a8acc6c0bffff,89a8acc6c0bffff,3380581987,3380581987,0.6034,0.997756,athlete
89a8acc6c0bffff,89a8acc6c0fffff,3380581987,2332043156,9.2483,0.558902,athlete
89a8acc6c0bffff,89a8acc6c13ffff,3380581987,2332074930,14.0883,0.200527,athlete
89a8acc6c0bffff,89a8acc6c17ffff,3380581987,2332075028,12.6023,0.301262,athlete
89a8acc6c0bffff,89a8acc6c1bffff,3380581987,7886951227,10.2783,0.47815,athlete
89a8acc6c0bffff,89a8acc6c23ffff,3380581987,2726180683,17.6375,0.034035,athlete
89a8acc6c0bffff,89a8acc6c2bffff,3380581987,2335474641,15.8333,0.103324,athlete
89a8acc6c0bffff,89a8acc6c2fffff,3380581987,2335474575,19.1346,0.004612,athlete
89a8acc6c0bffff,89a8acc6c33ffff,3380581987,2726180592,17.1699,0.048598,athlete
89a8acc6c0bffff,89a8acc6c3bffff,3380581987,3380582097,12.6723,0.296231,athlete
89a8acc6c0bffff,89a8acc6c43ffff,3380581987,3425558055,11.3232,0.396822,athlete
89a8acc6c0bffff,89a8acc6c47ffff,3380581987,5653257029,7.3114,0.704941,athlete
89a8acc6c0bffff,89a8acc6c4bffff,3380581987,3425557950,15.448,0.122462,athlete
89a8acc6c0bffff,89a8acc6c4fffff,3380581987,2955259222,12.1474,0.33452,athlete
89a8acc6c0bffff,89a8acc6c53ffff,3380581987,3425558243,14.3104,0.186741,athlete
89a8acc6c0bffff,89a8acc6c57ffff,3380581987,3513038267,7.2391,0.710106,athlete
89a8acc6c0bffff,89a8acc6c5bffff,3380581987,5653229020,19.1041,0.004943,athlete
89a8acc6c0bffff,89a8acc6c63ffff,3380581987,2336034012,15.8948,0.100404,athlete
89a8acc6c0bffff,89a8acc6c67ffff,3380581987,4438325149,17.5539,0.036456,athlete
89a8acc6c0bffff,89a8acc6c6bffff,3380581987,965038276,13.3781,0.246964,athlete
89a8acc6c0bffff,89a8acc6c73ffff,3380581987,2336108293,9.0797,0.572031,athlete
89a8acc6c0bffff,89a8acc6c77ffff,3380581987,2332075047,11.8555,0.356325,athlete
89a8acc6c0bffff,89a8acc6c7bffff,3380581987,2955259207,10.1783,0.485994,athlete
89a8acc6c0bffff,89a8acc6c8bffff,3380581987,2332075083,17.4046,0.04098,athlete
89a8acc6c0bffff,89a8acc6c8fffff,3380581987,3005607847,15.9954,0.095702,athlete
89a8acc6c0bffff,89a8acc6cabffff,3380581987,4451063632,15.0891,0.141531,athlete
89a8acc6c0bffff,89a8acc6cbbffff,3380581987,4471844854,17.4084,0.040862,athlete
89a8acc6c0bffff,89a8acc6cc3ffff,3380581987,3107402660,16.1023,0.090821,athlete
89a8acc6c0bffff,89a8acc6cc7ffff,3380581987,3409300606,14.1938,0.193932,athlete
89a8acc6c0bffff,89a8acc6ccfffff,3380581987,3874217785,11.4373,0.38807,athlete
89a8acc6c0bffff,89a8acc6cd7ffff,3380581987,3398798243,19.0072,0.006068,athlete
89a8acc6c0bffff,89a8acc6e97ffff,3380581987,2331878569,19.8859,8e-05,athlete
89a8acc6c0bffff,89a8acc6eb3ffff,3380581987,3501190741,19.9137,4.6e-05,athlete
89a8acc6c0bffff,89a8acc6eb7ffff,3380581987,2955259190,16.6113,0.069179,athlete
89a8acc6c0fffff,89a8acc6883ffff,2332043156,2336033967,19.5109,0.001475,athlete
89a8acc6c0fffff,89a8acc6893ffff,2332043156,2335474678,11.5713,0.377839,athlete
89a8acc6c0fffff,89a8acc6897ffff,2332043156,2726185454,17.8558,0.028094,athlete
89a8acc6c0fffff,89a8acc68d3ffff,2332043156,2955259026,19.215,0.003796,athlete
89a8acc6c0fffff,89a8acc6c03ffff,2332043156,4439701589,5.4833,0.825721,athlete
89a8acc6c0fffff,89a8acc6c07ffff,2332043156,2336108543,6.8207,0.739454,athlete
89a8acc6c0fffff,89a8acc6c0bffff,2332043156,3380581987,9.5903,0.532152,athlete
89a8acc6c0fffff,89a8acc6c0fffff,2332043156,2332043156,0.78,0.996252,athlete
89a8acc6c0fffff,89a8acc6c13ffff,2332043156,2332074930,11.0925,0.414612,athlete
89a8acc6c0fffff,89a8acc6c17ffff,2332043156,2332075028,9.6065,0.530882,athlete
89a8acc6c0fffff,89a8acc6c1bffff,2332043156,7886951227,12.7988,0.287199,athlete
89a8acc6c0fffff,89a8acc6c23ffff,2332043156,2726180683,9.481,0.540717,athlete
89a8acc6c0fffff,89a8acc6c27ffff,2332043156,2335292922,13.445,0.242441,athlete
89a8acc6c0fffff,89a8acc6c2bffff,2332043156,2335474641,8.1725,0.64157,athlete
89a8acc6c0fffff,89a8acc6c2fffff,2332043156,2335474575,11.4738,0.38528,athlete
89a8acc6c0fffff,89a8acc6c33ffff,2332043156,2726180592,10.5251,0.458802,athlete
89a8acc6c0fffff,89a8acc6c37ffff,2332043156,8370861913,15.5412,0.117706,athlete
89a8acc6c0fffff,89a8acc6c3bffff,2332043156,3380582097,4.6496,0.872466,athlete
89a8acc6c0fffff,89a8acc6c43ffff,2332043156,3425558055,14.0671,0.201858,athlete
89a8acc6c0fffff,89a8acc6c47ffff,2332043156,5653257029,9.4746,0.541216,athlete
89a8acc6c0fffff,89a8acc6c4bffff,2332043156,3425557950,17.1272,0.050052,athlete
89a8acc6c0fffff,89a8acc6c4fffff,2332043156,2955259222,13.613,0.231227,athlete
89a8acc6c0fffff,89a8acc6c53ffff,2332043156,3425558243,17.5946,0.035269,athlete
89a8acc6c0fffff,89a8acc6c57ffff,2332043156,3513038267,11.9301,0.350721,athlete
89a8acc6c0fffff,89a8acc6c63ffff,2332043156,2336034012,10.2407,0.481099,athlete
89a8acc6c0fffff,89a8acc6c67ffff,2332043156,4438325149,10.2273,0.482153,athlete
89a8acc6c0fffff,89a8acc6c6bffff,2332043156,965038276,14.0268,0.204408,athlete
89a8acc6c0fffff,89a8acc6c6fffff,2332043156,2336108624,17.2332,0.046482,athlete
89a8acc6c0fffff,89a8acc6c73ffff,2332043156,2336108293,6.3277,0.772691,athlete
89a8acc6c0fffff,89a8acc6c77ffff,2332043156,2332075047,4.5288,0.878728,athlete
89a8acc6c0fffff,89a8acc6c7bffff,2332043156,2955259207,11.1333,0.411461,athlete
89a8acc6c0fffff,89a8acc6c83ffff,2332043156,3874217907,19.349,0.002612,athlete
89a8acc6c0fffff,89a8acc6c8bffff,2332043156,2332075083,15.7933,0.105245,athlete
89a8acc6c0fffff,89a8acc6c8fffff,2332043156,3005607847,12.9997,0.273026,athlete
89a8acc6c0fffff,89a8acc6cabffff,2332043156,4451063632,12.0934,0.338531,athlete
89a8acc6c0fffff,89a8acc6cafffff,2332043156,6764284385,19.3232,0.002823,athlete
89a8acc6c0fffff,89a8acc6cbbffff,2332043156,4471844854,14.4126,0.180523,athlete
89a8acc6c0fffff,89a8acc6cc7ffff,2332043156,3409300606,16.7143,0.065131,athlete
89a8acc6c0fffff,89a8acc6ccfffff,2332043156,3874217785,16.1283,0.089651,athlete
89a8acc6c0fffff,89a8acc6cd7ffff,2332043156,3398798243,19.7136,0.000506,athlete
89a8acc6c0fffff,89a8acc6d53ffff,2332043156,2335292974,18.7009,0.010375,athlete
89a8acc6c0fffff,89a8acc6d5bffff,2332043156,7546069758,15.5796,0.115765,athlete
89a8acc6c0fffff,89a8acc6dcbffff,2332043156,8370861883,19.3598,0.002526,athlete
89a8acc6c0fffff,89a8acc6eb7ffff,2332043156,2955259190,17.5662,0.036095,athlete
89a8acc6c13ffff,89a8ac89267ffff,2332074930,3411230702,17.232,0.046523,athlete
89a8acc6c13ffff,89a8ac8926bffff,2332074930,3874217830,19.4852,0.001634,athlete
89a8acc6c13ffff,89a8ac8926fffff,2332074930,4451110980,18.2853,0.018028,athlete
89a8acc6c13ffff,89a8ac8934bffff,2332074930,5267685479,19.0053,0.006091,athlete
89a8acc6c13ffff,89a8acc6c03ffff,2332074930,4439701589,9.8063,0.515212,athlete
89a8acc6c13ffff,89a8acc6c07ffff,2332074930,2336108543,9.5157,0.538001,athlete
89a8acc6c13ffff,89a8acc6c0bffff,2332074930,3380581987,15.4622,0.12173,athlete
89a8acc6c13ffff,89a8acc6c0fffff,2332074930,2332043156,11.9688,0.347825,athlete
89a8acc6c13ffff,89a8acc6c13ffff,2332074930,2332074930,1.3346,0.989052,athlete
89a8acc6c13ffff,89a8acc6c17ffff,2332074930,2332075028,5.2665,0.838449,athlete
89a8acc6c13ffff,89a8acc6c1bffff,2332074930,7886951227,6.4528,0.7644,athlete
89a8acc6c13ffff,89a8acc6c23ffff,2332074930,2726180683,18.4578,0.0146,athlete
89a8acc6c13ffff,89a8acc6c2bffff,2332074930,2335474641,18.3124,0.017464,athlete
89a8acc6c13ffff,89a8acc6c33ffff,2332074930,2726180592,13.2482,0.255811,athlete
89a8acc6c13ffff,89a8acc6c37ffff,2332074930,8370861913,19.9718,5e-06,athlete
89a8acc6c13ffff,89a8acc6c3bffff,2332074930,3380582097,14.1717,0.195307,athlete
89a8acc6c13ffff,89a8acc6c43ffff,2332074930,3425558055,15.8485,0.1026,athlete
89a8acc6c13ffff,89a8acc6c47ffff,2332074930,5653257029,15.2309,0.133858,athlete
89a8acc6c13ffff,89a8acc6c4fffff,2332074930,2955259222,19.0872,0.00513,athlete
89a8acc6c13ffff,89a8acc6c53ffff,2332074930,3425558243,18.8357,0.008339,athlete
89a8acc6c13ffff,89a8acc6c57ffff,2332074930,3513038267,11.2264,0.404274,athlete
89a8acc6c13ffff,89a8acc6c63ffff,2332074930,2336034012,19.9643,8e-06,athlete
89a8acc6c13ffff,89a8acc6c73ffff,2332074930,2336108293,16.0513,0.093135,athlete
89a8acc6c13ffff,89a8acc6c77ffff,2332074930,2332075047,15.209,0.135033,athlete
89a8acc6c13ffff,89a8acc6c7bffff,2332074930,2955259207,19.4877,0.001618,athlete
89a8acc6c13ffff,89a8acc6c83ffff,2332074930,3874217907,12.1346,0.335471,athlete
89a8acc6c13ffff,89a8acc6c87ffff,2332074930,4471893673,15.4493,0.122394,athlete
89a8acc6c13ffff,89a8acc6c8bffff,2332074930,2332075083,6.0354,0.791639,athlete
89a8acc6c13ffff,89a8acc6c8fffff,2332074930,3005607847,6.1998,0.781053,athlete
89a8acc6c13ffff,89a8acc6c93ffff,2332074930,3411230699,19.1434,0.004519,athlete
89a8acc6c13ffff,89a8acc6c97ffff,2332074930,2332075036,17.8538,0.028144,athlete
89a8acc6c13ffff,89a8acc6c9bffff,2332074930,3219028043,14.8893,0.152646,athlete
89a8acc6c13ffff,89a8acc6cabffff,2332074930,4451063632,10.2208,0.482659,athlete
89a8acc6c13ffff,89a8acc6cb3ffff,2332074930,3005607817,16.2873,0.082645,athlete
89a8acc6c13ffff,89a8acc6cbbffff,2332074930,4471844854,9.6055,0.530963,athlete
89a8acc6c13ffff,89a8acc6cc3ffff,2332074930,3107402660,12.4888,0.309468,athlete
89a8acc6c13ffff,89a8acc6cc7ffff,2332074930,3409300606,8.2738,0.633923,athlete
89a8acc6c13ffff,89a8acc6ccbffff,2332074930,3082292208,19.7964,0.000256,athlete
89a8acc6c13ffff,89a8acc6ccfffff,2332074930,3874217785,11.4675,0.385758,athlete
89a8acc6c13ffff,89a8acc6cd3ffff,2332074930,3398796275,19.1645,0.0043,athlete
89a8acc6c13ffff,89a8acc6cd7ffff,2332074930,3398798243,9.9557,0.503481,athlete
89a8acc6c13ffff,89a8acc6cdbffff,2332074930,3874217836,18.1446,0.021085,athlete
89a8acc6c17ffff,89a8ac89267ffff,2332075028,3411230702,19.9492,1.6e-05,athlete
89a8acc6c17ffff,89a8ac8934bffff,2332075028,5267685479,16.6401,0.068034,athlete
89a8acc6c17ffff,89a8acc6893ffff,2332075028,2335474678,19.5215,0.001412,athlete
89a8acc6c17ffff,89a8acc6c03ffff,2332075028,4439701589,7.5101,0.690606,athlete
89a8acc6c17ffff,89a8acc6c07ffff,2332075028,2336108543,7.2195,0.711499,athlete
89a8acc6c17ffff,89a8acc6c0bffff,2332075028,3380581987,13.1661,0.261461,athlete
89a8acc6c17ffff,89a8acc6c0fffff,2332075028,2332043156,9.6726,0.5257,athlete
89a8acc6c17ffff,89a8acc6c13ffff,2332075028,2332074930,4.5674,0.876746,athlete
89a8acc6c17ffff,89a8acc6c17ffff,2332075028,2332075028,0.5707,0.997993,athlete
89a8acc6c17ffff,89a8acc6c1bffff,2332075028,7886951227,7.7166,0.675518,athlete
89a8acc6c17ffff,89a8acc6c23ffff,2332075028,2726180683,14.215,0.192614,athlete
89a8acc6c17ffff,89a8acc6c27ffff,2332075028,2335292922,18.1006,0.02209,athlete
89a8acc6c17ffff,89a8acc6c2bffff,2332075028,2335474641,16.0163,0.094741,athlete
89a8acc6c17ffff,89a8acc6c2fffff,2332075028,2335474575,19.2382,0.003576,athlete
89a8acc6c17ffff,89a8acc6c33ffff,2332075028,2726180592,8.5656,0.611705,athlete
89a8acc6c17ffff,89a8acc6c37ffff,2332075028,8370861913,15.2892,0.130755,athlete
89a8acc6c17ffff,89a8acc6c3bffff,2332075028,3380582097,11.8755,0.354818,athlete
89a8acc6c17ffff,89a8acc6c43ffff,2332075028,3425558055,17.1122,0.050564,athlete
89a8acc6c17ffff,89a8acc6c47ffff,2332075028,5653257029,16.2315,0.085075,athlete
89a8acc6c17ffff,89a8acc6c57ffff,2332075028,3513038267,12.4901,0.309373,athlete
89a8acc6c17ffff,89a8acc6c63ffff,2332075028,2336034012,17.6682,0.033167,athlete
89a8acc6c17ffff,89a8acc6c67ffff,2332075028,4438325149,18.6113,0.011849,athlete
89a8acc6c17ffff,89a8acc6c73ffff,2332075028,2336108293,13.7552,0.221877,athlete
89a8acc6c17ffff,89a8acc6c77ffff,2332075028,2332075047,12.9128,0.279125,athlete
89a8acc6c17ffff,89a8acc6c7bffff,2332075028,2955259207,18.5608,0.012723,athlete
89a8acc6c17ffff,89a8acc6c83ffff,2332075028,3874217907,12.4687,0.31093,athlete
89a8acc6c17ffff,89a8acc6c87ffff,2332075028,4471893673,13.3352,0.249874,athlete
89a8acc6c17ffff,89a8acc6c8bffff,2332075028,2332075083,9.0697,0.57281,athlete
89a8acc6c17ffff,89a8acc6c8fffff,2332075028,3005607847,4.0857,0.900516,athlete
89a8acc6c17ffff,89a8acc6c97ffff,2332075028,2332075036,15.7397,0.107843,athlete
89a8acc6c17ffff,89a8acc6c9bffff,2332075028,3219028043,17.6066,0.034921,athlete
89a8acc6c17ffff,89a8acc6ca3ffff,2332075028,6764284642,16.9627,0.055834,athlete
89a8acc6c17ffff,89a8acc6cabffff,2332075028,4451063632,5.5382,0.822435,athlete
89a8acc6c17ffff,89a8acc6cafffff,2332075028,6764284385,15.3966,0.125121,athlete
89a8acc6c17ffff,89a8acc6cb3ffff,2332075028,3005607817,13.9222,0.211075,athlete
89a8acc6c17ffff,89a8acc6cbbffff,2332075028,4471844854,6.2387,0.778524,athlete
89a8acc6c17ffff,89a8acc6cc3ffff,2332075028,3107402660,14.4875,0.176024,athlete
89a8acc6c17ffff,89a8acc6cc7ffff,2332075028,3409300606,10.2724,0.478612,athlete
89a8acc6c17ffff,89a8acc6ccfffff,2332075028,3874217785,12.7313,0.292005,athlete
89a8acc6c17ffff,89a8acc6cd7ffff,2332075028,3398798243,12.9899,0.27371,athlete
89a8acc6c17ffff,89a8acc6dcbffff,2332075028,8370861883,19.1079,0.004901,athlete
89a8acc6c1bffff,89a8ac89267ffff,7886951227,3411230702,17.3084,0.044029,athlete
89a8acc6c1bffff,89a8ac8926bffff,7886951227,3874217830,18.8403,0.008273,athlete
89a8acc6c1bffff,89a8ac8926fffff,7886951227,4451110980,17.6404,0.033952,athlete
89a8acc6c1bffff,89a8acc6127ffff,7886951227,3880605752,14.2107,0.192882,athlete
89a8acc6c1bffff,89a8acc6137ffff,7886951227,3082292208,17.686,0.032666,athlete
89a8acc6c1bffff,89a8acc6c03ffff,7886951227,4439701589,10.2083,0.483646,athlete
89a8acc6c1bffff,89a8acc6c07ffff,7886951227,2336108543,9.9177,0.506466,athlete
89a8acc6c1bffff,89a8acc6c0bffff,7886951227,3380581987,10.6758,0.447021,athlete
89a8acc6c1bffff,89a8acc6c0fffff,7886951227,2332043156,12.3708,0.318075,athlete
89a8acc6c1bffff,89a8acc6c13ffff,7886951227,2332074930,6.0451,0.79102,athlete
89a8acc6c1bffff,89a8acc6c17ffff,7886951227,2332075028,7.8176,0.668066,athlete
89a8acc6c1bffff,89a8acc6c1bffff,7886951227,7886951227,0.2888,0.999486,athlete
89a8acc6c1bffff,89a8acc6c23ffff,7886951227,2726180683,18.8597,0.007999,athlete
89a8acc6c1bffff,89a8acc6c2bffff,7886951227,2335474641,18.7144,0.01016,athlete
89a8acc6c1bffff,89a8acc6c33ffff,7886951227,2726180592,13.6769,0.22701,athlete
89a8acc6c1bffff,89a8acc6c3bffff,7886951227,3380582097,14.5737,0.170899,athlete
89a8acc6c1bffff,89a8acc6c43ffff,7886951227,3425558055,9.6844,0.524776,athlete
89a8acc6c1bffff,89a8acc6c47ffff,7886951227,5653257029,9.0668,0.573028,athlete
89a8acc6c1bffff,89a8acc6c4bffff,7886951227,3425557950,14.7855,0.158555,athlete
89a8acc6c1bffff,89a8acc6c4fffff,7886951227,2955259222,12.9232,0.278398,athlete
89a8acc6c1bffff,89a8acc6c53ffff,7886951227,3425558243,12.6716,0.296278,athlete
89a8acc6c1bffff,89a8acc6c57ffff,7886951227,3513038267,5.0623,0.850076,athlete
89a8acc6c1bffff,89a8acc6c5bffff,7886951227,5653229020,17.4653,0.039109,athlete
89a8acc6c1bffff,89a8acc6c63ffff,7886951227,2336034012,19.998,0.0,athlete
89a8acc6c1bffff,89a8acc6c6bffff,7886951227,965038276,17.4813,0.038624,athlete
89a8acc6c1bffff,89a8acc6c73ffff,7886951227,2336108293,13.1829,0.260299,athlete
89a8acc6c1bffff,89a8acc6c77ffff,7886951227,2332075047,15.611,0.114195,athlete
89a8acc6c1bffff,89a8acc6c7bffff,7886951227,2955259207,14.2816,0.188508,athlete
89a8acc6c1bffff,89a8acc6c83ffff,7886951227,3874217907,14.4345,0.179208,athlete
89a8acc6c1bffff,89a8acc6c87ffff,7886951227,4471893673,18.0925,0.022277,athlete
89a8acc6c1bffff,89a8acc6c8bffff,7886951227,2332075083,8.0999,0.647028,athlete
89a8acc6c1bffff,89a8acc6c8fffff,7886951227,3005607847,9.93,0.505497,athlete
89a8acc6c1bffff,89a8acc6c93ffff,7886951227,3411230699,19.2198,0.00375,athlete
89a8acc6c1bffff,89a8acc6c9bffff,7886951227,3219028043,15.2007,0.135475,athlete
89a8acc6c1bffff,89a8acc6cabffff,7886951227,4451063632,10.7585,0.440565,athlete
89a8acc6c1bffff,89a8acc6cb3ffff,7886951227,3005607817,18.9305,0.007039,athlete
89a8acc6c1bffff,89a8acc6cbbffff,7886951227,4471844854,12.6237,0.299717,athlete
89a8acc6c1bffff,89a8acc6cc3ffff,7886951227,3107402660,8.4193,0.622873,athlete
89a8acc6c1bffff,89a8acc6cc7ffff,7886951227,3409300606,4.2043,0.894872,athlete
89a8acc6c1bffff,89a8acc6ccbffff,7886951227,3082292208,15.7269,0.108469,athlete
89a8acc6c1bffff,89a8acc6ccfffff,7886951227,3874217785,5.528,0.823049,athlete
89a8acc6c1bffff,89a8acc6cd3ffff,7886951227,3398796275,15.5061,0.119484,athlete
89a8acc6c1bffff,89a8acc6cd7ffff,7886951227,3398798243,9.3108,0.554021,athlete
89a8acc6c1bffff,89a8acc6cdbffff,7886951227,3874217836,14.0751,0.201355,athlete
89a8acc6c1bffff,89a8acc6e87ffff,7886951227,2648494986,19.69,0.000593,athlete
89a8acc6c1bffff,89a8acc6e97ffff,7886951227,2331878569,19.2234,0.003716,athlete
89a8acc6c1bffff,89a8acc6eb7ffff,7886951227,2955259190,18.1525,0.020908,athlete
89a8acc6c23ffff,89a8acc6883ffff,2726180683,2336033967,16.45,0.075747,athlete
89a8acc6c23ffff,89a8acc6893ffff,2726180683,2335474678,8.1681,0.641902,athlete
89a8acc6c23ffff,89a8acc6897ffff,2726180683,2726185454,14.7617,0.159927,athlete
89a8acc6c23ffff,89a8acc6c03ffff,2726180683,4439701589,14.4684,0.17717,athlete
89a8acc6c23ffff,89a8acc6c07ffff,2726180683,2336108543,9.6822,0.524952,athlete
89a8acc6c23ffff,89a8acc6c0bffff,2726180683,3380581987,19.4943,0.001577,athlete
89a8acc6c23ffff,89a8acc6c0fffff,2726180683,2332043156,11.4611,0.386252,athlete
89a8acc6c23ffff,89a8acc6c13ffff,2726180683,2332074930,18.743,0.009715,athlete
89a8acc6c23ffff,89a8acc6c17ffff,2726180683,2332075028,15.4354,0.123113,athlete
89a8acc6c23ffff,89a8acc6c23ffff,2726180683,2726180683,0.7772,0.996279,athlete
89a8acc6c23ffff,89a8acc6c27ffff,2726180683,2335292922,6.8449,0.73778,athlete
89a8acc6c23ffff,89a8acc6c2bffff,2726180683,2335474641,6.8223,0.739342,athlete
89a8acc6c23ffff,89a8acc6c2fffff,2726180683,2335474575,6.1529,0.784091,athlete
89a8acc6c23ffff,89a8acc6c33ffff,2726180683,2726180592,6.3227,0.773018,athlete
89a8acc6c23ffff,89a8acc6c37ffff,2726180683,8370861913,11.3387,0.39563,athlete
89a8acc6c23ffff,89a8acc6c3bffff,2726180683,3380582097,6.9742,0.728798,athlete
89a8acc6c23ffff,89a8acc6c63ffff,2726180683,2336034012,16.6053,0.069417,athlete
89a8acc6c23ffff,89a8acc6c67ffff,2726180683,4438325149,15.1027,0.140788,athlete
89a8acc6c23ffff,89a8acc6c73ffff,2726180683,2336108293,15.3165,0.129315,athlete
89a8acc6c23ffff,89a8acc6c77ffff,2726180683,2332075047,10.454,0.464376,athlete
89a8acc6c23ffff,89a8acc6c7bffff,2726180683,2955259207,19.6088,0.000944,athlete
89a8acc6c23ffff,89a8acc6c8fffff,2726180683,3005607847,17.6852,0.032689,athlete
89a8acc6c23ffff,89a8acc6ca3ffff,2726180683,6764284642,16.6868,0.066198,athlete
89a8acc6c23ffff,89a8acc6cabffff,2726180683,4451063632,11.4073,0.390365,athlete
89a8acc6c23ffff,89a8acc6cafffff,2726180683,6764284385,15.1207,0.139806,athlete
89a8acc6c23ffff,89a8acc6cbbffff,2726180683,4471844854,15.9598,0.097354,athlete
89a8acc6c23ffff,89a8acc6d53ffff,2726180683,2335292974,12.6566,0.297358,athlete
89a8acc6c23ffff,89a8acc6d5bffff,2726180683,7546069758,9.833,0.513115,athlete
89a8acc6c23ffff,89a8acc6dc3ffff,2726180683,8370861869,16.6987,0.065733,athlete
89a8acc6c23ffff,89a8acc6dcbffff,2726180683,8370861883,15.1574,0.137814,athlete
89a8acc6c23ffff,89a8acc6dcfffff,2726180683,2335293007,14.1872,0.194344,athlete
89a8acc6c23ffff,89a8acc6ddbffff,2726180683,8370942543,17.45,0.039579,athlete
89a8acc6c27ffff,89a8acc6883ffff,2335292922,2336033967,18.9497,0.006789,athlete
89a8acc6c27ffff,89a8acc6893ffff,2335292922,2335474678,11.8802,0.35447,athlete
89a8acc6c27ffff,89a8acc6897ffff,2335292922,2726185454,17.2614,0.045554,athlete
89a8acc6c27ffff,89a8acc6c03ffff,2335292922,4439701589,18.5387,0.013115,athlete
89a8acc6c27ffff,89a8acc6c07ffff,2335292922,2336108543,13.689,0.226208,athlete
89a8acc6c27ffff,89a8acc6c0fffff,2335292922,2332043156,15.2524,0.132711,athlete
89a8acc6c27ffff,89a8acc6c17ffff,2335292922,2332075028,19.4422,0.001918,athlete
89a8acc6c27ffff,89a8acc6c23ffff,2335292922,2726180683,6.8939,0.734389,athlete
89a8acc6c27ffff,89a8acc6c27ffff,2335292922,2335292922,0.3471,0.999257,athlete
89a8acc6c27ffff,89a8acc6c2bffff,2335292922,2335474641,10.5457,0.457197,athlete
89a8acc6c27ffff,89a8acc6c2fffff,2335292922,2335474575,6.7077,0.747201,athlete
89a8acc6c27ffff,89a8acc6c33ffff,2335292922,2726180592,10.3296,0.474125,athlete
89a8acc6c27ffff,89a8acc6c37ffff,2335292922,8370861913,15.3456,0.127783,athlete
89a8acc6c27ffff,89a8acc6c3bffff,2335292922,3380582097,11.8287,0.358344,athlete
89a8acc6c27ffff,89a8acc6c67ffff,2335292922,4438325149,18.8255,0.008485,athlete
89a8acc6c27ffff,89a8acc6c73ffff,2335292922,2336108293,19.1078,0.004902,athlete
89a8acc6c27ffff,89a8acc6c77ffff,2335292922,2332075047,14.2198,0.192321,athlete
89a8acc6c27ffff,89a8acc6cabffff,2335292922,4451063632,15.4142,0.124206,athlete
89a8acc6c27ffff,89a8acc6cafffff,2335292922,6764284385,19.1276,0.004687,athlete
89a8acc6c27ffff,89a8acc6cbbffff,2335292922,4471844854,19.9667,7e-06,athlete
89a8acc6c27ffff,89a8acc6d53ffff,2335292922,2335292974,6.703,0.747525,athlete
89a8acc6c27ffff,89a8acc6d5bffff,2335292922,7546069758,6.1333,0.78536,athlete
89a8acc6c27ffff,89a8acc6dcbffff,2335292922,8370861883,19.1643,0.004302,athlete
89a8acc6c27ffff,89a8acc6dcfffff,2335292922,2335293007,8.2336,0.636959,athlete
89a8acc6c2bffff,89a8acc6883ffff,2335474641,2336033967,13.1348,0.263621,athlete
89a8acc6c2bffff,89a8acc6887ffff,2335474641,2726185489,16.7171,0.065021,athlete
89a8acc6c2bffff,89a8acc688bffff,2335474641,2336034045,17.3865,0.041544,athlete
89a8acc6c2bffff,89a8acc6893ffff,2335474641,2335474678,4.8071,0.864103,athlete
89a8acc6c2bffff,89a8acc6897ffff,2335474641,2726185454,11.453,0.386872,athlete
89a8acc6c2bffff,89a8acc689bffff,2335474641,2336034103,15.3508,0.127509,athlete
89a8acc6c2bffff,89a8acc68b3ffff,2335474641,2726185479,17.9696,0.025215,athlete
89a8acc6c2bffff,89a8acc68bbffff,2335474641,3930322448,19.9439,1.9e-05,athlete
89a8acc6c2bffff,89a8acc6c03ffff,2335474641,4439701589,13.227,0.257269,athlete
89a8acc6c2bffff,89a8acc6c07ffff,2335474641,2336108543,12.8496,0.283591,athlete
89a8acc6c2bffff,89a8acc6c0bffff,2335474641,3380581987,17.0798,0.051685,athlete
89a8acc6c2bffff,89a8acc6c0fffff,2335474641,2332043156,9.2016,0.56254,athlete
89a8acc6c2bffff,89a8acc6c13ffff,2335474641,2332074930,18.8362,0.008331,athlete
89a8acc6c2bffff,89a8acc6c17ffff,2335474641,2332075028,17.3502,0.042689,athlete
89a8acc6c2bffff,89a8acc6c23ffff,2335474641,2726180683,5.696,0.812866,athlete
89a8acc6c2bffff,89a8acc6c27ffff,2335474641,2335292922,9.6601,0.526687,athlete
89a8acc6c2bffff,89a8acc6c2bffff,2335474641,2335474641,0.3263,0.999344,athlete
89a8acc6c2bffff,89a8acc6c2fffff,2335474641,2335474575,3.6276,0.921,athlete
89a8acc6c2bffff,89a8acc6c33ffff,2335474641,2726180592,9.4902,0.539999,athlete
89a8acc6c2bffff,89a8acc6c37ffff,2335474641,8370861913,14.5062,0.174907,athlete
89a8acc6c2bffff,89a8acc6c3bffff,2335474641,3380582097,6.517,0.760112,athlete
89a8acc6c2bffff,89a8acc6c47ffff,2335474641,5653257029,16.279,0.083003,athlete
89a8acc6c2bffff,89a8acc6c4fffff,2335474641,2955259222,18.7199,0.010075,athlete
89a8acc6c2bffff,89a8acc6c57ffff,2335474641,3513038267,18.7345,0.009846,athlete
89a8acc6c2bffff,89a8acc6c63ffff,2335474641,2336034012,11.3624,0.393814,athlete
89a8acc6c2bffff,89a8acc6c67ffff,2335474641,4438325149,9.7835,0.517004,athlete
89a8acc6c2bffff,89a8acc6c6bffff,2335474641,965038276,16.4023,0.077739,athlete
89a8acc6c2bffff,89a8acc6c6fffff,2335474641,2336108624,18.3549,0.016602,athlete
89a8acc6c2bffff,89a8acc6c73ffff,2335474641,2336108293,11.2917,0.399241,athlete
89a8acc6c2bffff,89a8acc6c77ffff,2335474641,2332075047,5.4477,0.827839,athlete
89a8acc6c2bffff,89a8acc6c7bffff,2335474641,2955259207,14.3659,0.183358,athlete
89a8acc6c2bffff,89a8acc6ca3ffff,2335474641,6764284642,19.8543,0.000131,athlete
89a8acc6c2bffff,89a8acc6cabffff,2335474641,4451063632,14.5748,0.170831,athlete
89a8acc6c2bffff,89a8acc6cafffff,2335474641,6764284385,18.2882,0.017967,athlete
89a8acc6c2bffff,89a8acc6cbbffff,2335474641,4471844854,19.1273,0.004691,athlete
89a8acc6c2bffff,89a8acc6d4fffff,2335474641,4442799076,19.5754,0.001112,athlete
89a8acc6c2bffff,89a8acc6d53ffff,2335474641,2335292974,14.6206,0.168133,athlete
89a8acc6c2bffff,89a8acc6d5bffff,2335474641,7546069758,11.4994,0.383327,athlete
89a8acc6c2bffff,89a8acc6dc3ffff,2335474641,8370861869,19.8662,0.00011,athlete
89a8acc6c2bffff,89a8acc6dcbffff,2335474641,8370861883,18.3249,0.01721,athlete
89a8acc6c2bffff,89a8acc6dcfffff,2335474641,2335293007,16.1512,0.088626,athlete
89a8acc6c2fffff,89a8acc6883ffff,2335474575,2336033967,12.9418,0.27709,athlete
89a8acc6c2fffff,89a8acc6887ffff,2335474575,2726185489,16.524,0.072698,athlete
89a8acc6c2fffff,89a8acc6893ffff,2335474575,2335474678,5.8722,0.801953,athlete
89a8acc6c2fffff,89a8acc6897ffff,2335474575,2726185454,11.2535,0.402188,athlete
89a8acc6c2fffff,89a8acc689bffff,2335474575,2336034103,17.9974,0.024536,athlete
89a8acc6c2fffff,89a8acc68b3ffff,2335474575,2726185479,17.7765,0.030188,athlete
89a8acc6c2fffff,89a8acc68bbffff,2335474575,3930322448,19.7508,0.000383,athlete
89a8acc6c2fffff,89a8acc6c03ffff,2335474575,4439701589,17.5924,0.035331,athlete
89a8acc6c2fffff,89a8acc6c07ffff,2335474575,2336108543,15.444,0.12267,athlete
89a8acc6c2fffff,89a8acc6c0fffff,2335474575,2332043156,13.6466,0.229006,athlete
89a8acc6c2fffff,89a8acc6c23ffff,2335474575,2726180683,6.539,0.758635,athlete
89a8acc6c2fffff,89a8acc6c27ffff,2335474575,2335292922,7.1348,0.717512,athlete
89a8acc6c2fffff,89a8acc6c2bffff,2335474575,2335474641,4.7712,0.86603,athlete
89a8acc6c2fffff,89a8acc6c2fffff,2335474575,2335474575,0.5937,0.997827,athlete
89a8acc6c2fffff,89a8acc6c33ffff,2335474575,2726180592,12.0845,0.339192,athlete
89a8acc6c2fffff,89a8acc6c37ffff,2335474575,8370861913,17.1005,0.050968,athlete
89a8acc6c2fffff,89a8acc6c3bffff,2335474575,3380582097,10.8824,0.430917,athlete
89a8acc6c2fffff,89a8acc6c63ffff,2335474575,2336034012,15.7824,0.10577,athlete
89a8acc6c2fffff,89a8acc6c67ffff,2335474575,4438325149,12.8795,0.281479,athlete
89a8acc6c2fffff,89a8acc6c73ffff,2335474575,2336108293,15.7367,0.10799,athlete
89a8acc6c2fffff,89a8acc6c77ffff,2335474575,2332075047,9.8926,0.508436,athlete
89a8acc6c2fffff,89a8acc6c7bffff,2335474575,2955259207,18.8108,0.008698,athlete
89a8acc6c2fffff,89a8acc6cabffff,2335474575,4451063632,17.1691,0.048623,athlete
89a8acc6c2fffff,89a8acc6d4fffff,2335474575,4442799076,19.3823,0.002352,athlete
89a8acc6c2fffff,89a8acc6d53ffff,2335474575,2335292974,11.7439,0.364737,athlete
89a8acc6c2fffff,89a8acc6d5bffff,2335474575,7546069758,8.6227,0.60733,athlete
89a8acc6c2fffff,89a8acc6dcfffff,2335474575,2335293007,13.2746,0.254008,athlete
89a8acc6c33ffff,89a8acc6893ffff,2726180592,2335474678,13.8513,0.215633,athlete
89a8acc6c33ffff,89a8acc6c03ffff,2726180592,4439701589,13.2138,0.258176,athlete
89a8acc6c33ffff,89a8acc6c07ffff,2726180592,2336108543,8.2313,0.637132,athlete
89a8acc6c33ffff,89a8acc6c0bffff,2726180592,3380581987,18.0435,0.023428,athlete
89a8acc6c33ffff,89a8acc6c0fffff,2726180592,2332043156,12.1919,0.331231,athlete
89a8acc6c33ffff,89a8acc6c13ffff,2726180592,2332074930,13.8947,0.212836,athlete
89a8acc6c33ffff,89a8acc6c17ffff,2726180592,2332075028,9.9237,0.505996,athlete
89a8acc6c33ffff,89a8acc6c1bffff,2726180592,7886951227,15.6009,0.114696,athlete
89a8acc6c33ffff,89a8acc6c23ffff,2726180592,2726180683,6.4604,0.763894,athlete
89a8acc6c33ffff,89a8acc6c27ffff,2726180592,2335292922,10.346,0.472841,athlete
89a8acc6c33ffff,89a8acc6c2bffff,2726180592,2335474641,10.208,0.483667,athlete
89a8acc6c33ffff,89a8acc6c2fffff,2726180592,2335474575,11.8362,0.357776,athlete
89a8acc6c33ffff,89a8acc6c33ffff,2726180592,2726180592,0.811,0.995948,athlete
89a8acc6c33ffff,89a8acc6c37ffff,2726180592,8370861913,7.5346,0.688828,athlete
89a8acc6c33ffff,89a8acc6c3bffff,2726180592,3380582097,8.1005,0.646985,athlete
89a8acc6c33ffff,89a8acc6c63ffff,2726180592,2336034012,18.2131,0.019568,athlete
89a8acc6c33ffff,89a8acc6c67ffff,2726180592,4438325149,17.0496,0.052743,athlete
89a8acc6c33ffff,89a8acc6c73ffff,2726180592,2336108293,16.4267,0.076715,athlete
89a8acc6c33ffff,89a8acc6c77ffff,2726180592,2332075047,12.0617,0.340889,athlete
89a8acc6c33ffff,89a8acc6c8bffff,2726180592,2332075083,17.1575,0.049018,athlete
89a8acc6c33ffff,89a8acc6c8fffff,2726180592,3005607847,12.1735,0.332589,athlete
89a8acc6c33ffff,89a8acc6ca3ffff,2726180592,6764284642,12.6008,0.301366,athlete
89a8acc6c33ffff,89a8acc6cabffff,2726180592,4451063632,5.8956,0.800484,athlete
89a8acc6c33ffff,89a8acc6cafffff,2726180592,6764284385,11.0347,0.419089,athlete
89a8acc6c33ffff,89a8acc6cb3ffff,2726180592,3005607817,18.1316,0.02138,athlete
89a8acc6c33ffff,89a8acc6cbbffff,2726180592,4471844854,10.4481,0.464834,athlete
89a8acc6c33ffff,89a8acc6cc7ffff,2726180592,3409300606,19.5164,0.001442,athlete
89a8acc6c33ffff,89a8acc6d53ffff,2726180592,2335292974,16.1576,0.08834,athlete
89a8acc6c33ffff,89a8acc6d5bffff,2726180592,7546069758,14.491,0.175815,athlete
89a8acc6c33ffff,89a8acc6dc3ffff,2726180592,8370861869,12.8946,0.28041,athlete
89a8acc6c33ffff,89a8acc6dcbffff,2726180592,8370861883,11.3533,0.394512,athlete
89a8acc6c33ffff,89a8acc6dcfffff,2726180592,2335293007,17.6882,0.032606,athlete
89a8acc6c33ffff,89a8acc6dd3ffff,2726180592,8371222445,16.2684,0.083466,athlete
89a8acc6c33ffff,89a8acc6ddbffff,2726180592,8370942543,13.6458,0.229054,athlete
89a8acc6c37ffff,89a8acc6893ffff,8370861913,2335474678,17.8646,0.027865,athlete
89a8acc6c37ffff,89a8acc6c03ffff,8370861913,4439701589,17.227,0.046687,athlete
89a8acc6c37ffff,89a8acc6c07ffff,8370861913,2336108543,12.2446,0.327341,athlete
89a8acc6c37ffff,89a8acc6c0fffff,8370861913,2332043156,16.2051,0.086233,athlete
89a8acc6c37ffff,89a8acc6c13ffff,8370861913,2332074930,19.3871,0.002316,athlete
89a8acc6c37ffff,89a8acc6c17ffff,8370861913,2332075028,15.416,0.124116,athlete
89a8acc6c37ffff,89a8acc6c23ffff,8370861913,2726180683,10.4737,0.462831,athlete
89a8acc6c37ffff,89a8acc6c27ffff,8370861913,2335292922,14.3592,0.183762,athlete
89a8acc6c37ffff,89a8acc6c2bffff,8370861913,2335474641,14.2213,0.192229,athlete
89a8acc6c37ffff,89a8acc6c2fffff,8370861913,2335474575,15.8495,0.102553,athlete
89a8acc6c37ffff,89a8acc6c33ffff,8370861913,2726180592,6.3033,0.774293,athlete
89a8acc6c37ffff,89a8acc6c37ffff,8370861913,8370861913,0.2339,0.999662,athlete
89a8acc6c37ffff,89a8acc6c3bffff,8370861913,3380582097,12.1137,0.337021,athlete
89a8acc6c37ffff,89a8acc6c77ffff,8370861913,2332075047,16.075,0.092059,athlete
89a8acc6c37ffff,89a8acc6c8fffff,8370861913,3005607847,17.5699,0.035988,athlete
89a8acc6c37ffff,89a8acc6ca3ffff,8370861913,6764284642,14.549,0.172359,athlete
89a8acc6c37ffff,89a8acc6cabffff,8370861913,4451063632,11.2396,0.403255,athlete
89a8acc6c37ffff,89a8acc6cafffff,8370861913,6764284385,12.9829,0.274202,athlete
89a8acc6c37ffff,89a8acc6cbbffff,8370861913,4471844854,15.8445,0.102792,athlete
89a8acc6c37ffff,89a8acc6d5bffff,8370861913,7546069758,18.5042,0.013737,athlete
89a8acc6c37ffff,89a8acc6dc3ffff,8370861913,8370861869,8.2327,0.637027,athlete
89a8acc6c37ffff,89a8acc6dcbffff,8370861913,8370861883,6.6914,0.748318,athlete
89a8acc6c37ffff,89a8acc6dd3ffff,8370861913,8371222445,11.2969,0.398841,athlete
89a8acc6c37ffff,89a8acc6ddbffff,8370861913,8370942543,8.9839,0.579464,athlete
89a8acc6c3bffff,89a8acc6883ffff,3380582097,2336033967,17.6302,0.034243,athlete
89a8acc6c3bffff,89a8acc6893ffff,3380582097,2335474678,9.6906,0.524292,athlete
89a8acc6c3bffff,89a8acc6897ffff,3380582097,2726185454,15.9751,0.096646,athlete
89a8acc6c3bffff,89a8acc689bffff,3380582097,2336034103,19.8462,0.000146,athlete
89a8acc6c3bffff,89a8acc6c03ffff,3380582097,4439701589,8.6643,0.604138,athlete
89a8acc6c3bffff,89a8acc6c07ffff,3380582097,2336108543,8.0408,0.651455,athlete
89a8acc6c3bffff,89a8acc6c0bffff,3380582097,3380581987,14.1884,0.194268,athlete
89a8acc6c3bffff,89a8acc6c0fffff,3380582097,2332043156,5.378,0.831949,athlete
89a8acc6c3bffff,89a8acc6c13ffff,3380582097,2332074930,14.2736,0.189002,athlete
89a8acc6c3bffff,89a8acc6c17ffff,3380582097,2332075028,12.7876,0.287995,athlete
89a8acc6c3bffff,89a8acc6c1bffff,3380582097,7886951227,15.9798,0.096428,athlete
89a8acc6c3bffff,89a8acc6c23ffff,3380582097,2726180683,6.1159,0.78648,athlete
89a8acc6c3bffff,89a8acc6c27ffff,3380582097,2335292922,10.9121,0.42861,athlete
89a8acc6c3bffff,89a8acc6c2bffff,3380582097,2335474641,6.1854,0.781991,athlete
89a8acc6c3bffff,89a8acc6c2fffff,3380582097,2335474575,9.4073,0.546485,athlete
89a8acc6c3bffff,89a8acc6c33ffff,3380582097,2726180592,7.1904,0.71357,athlete
89a8acc6c3bffff,89a8acc6c37ffff,3380582097,8370861913,12.2064,0.330156,athlete
89a8acc6c3bffff,89a8acc6c3bffff,3380582097,3380582097,0.6247,0.997595,athlete
89a8acc6c3bffff,89a8acc6c43ffff,3380582097,3425558055,18.6652,0.010951,athlete
89a8acc6c3bffff,89a8acc6c47ffff,3380582097,5653257029,14.0727,0.201509,athlete
89a8acc6c3bffff,89a8acc6c4fffff,3380582097,2955259222,16.6615,0.067189,athlete
89a8acc6c3bffff,89a8acc6c57ffff,3380582097,3513038267,16.5282,0.072529,athlete
89a8acc6c3bffff,89a8acc6c63ffff,3380582097,2336034012,12.5228,0.307004,athlete
89a8acc6c3bffff,89a8acc6c67ffff,3380582097,4438325149,11.8207,0.358946,athlete
89a8acc6c3bffff,89a8acc6c6bffff,3380582097,965038276,16.9325,0.056928,athlete
89a8acc6c3bffff,89a8acc6c6fffff,3380582097,2336108624,19.5153,0.001448,athlete
89a8acc6c3bffff,89a8acc6c73ffff,3380582097,2336108293,9.2334,0.560062,athlete
89a8acc6c3bffff,89a8acc6c77ffff,3380582097,2332075047,6.1222,0.786073,athlete
89a8acc6c3bffff,89a8acc6c7bffff,3380582097,2955259207,14.039,0.203634,athlete
89a8acc6c3bffff,89a8acc6c8bffff,3380582097,2332075083,18.9743,0.006476,athlete
89a8acc6c3bffff,89a8acc6c8fffff,3380582097,3005607847,16.1807,0.087313,athlete
89a8acc6c3bffff,89a8acc6ca3ffff,3380582097,6764284642,17.5545,0.036438,athlete
89a8acc6c3bffff,89a8acc6cabffff,3380582097,4451063632,12.275,0.325097,athlete
89a8acc6c3bffff,89a8acc6cafffff,3380582097,6764284385,15.9884,0.096026,athlete
89a8acc6c3bffff,89a8acc6cbbffff,3380582097,4471844854,16.8275,0.060809,athlete
89a8acc6c3bffff,89a8acc6cc7ffff,3380582097,3409300606,19.8953,6.8e-05,athlete
89a8acc6c3bffff,89a8acc6d53ffff,3380582097,2335292974,16.2751,0.083172,athlete
89a8acc6c3bffff,89a8acc6d5bffff,3380582097,7546069758,13.1539,0.262303,athlete
89a8acc6c3bffff,89a8acc6dc3ffff,3380582097,8370861869,17.5664,0.036089,athlete
89a8acc6c3bffff,89a8acc6dcbffff,3380582097,8370861883,16.0251,0.094336,athlete
89a8acc6c3bffff,89a8acc6dcfffff,3380582097,2335293007,17.8057,0.029407,athlete
89a8acc6c3bffff,89a8acc6ddbffff,3380582097,8370942543,18.3177,0.017357,athlete
89a8acc6c43ffff,89a8acc6127ffff,3425558055,3880605752,14.3722,0.182971,athlete
89a8acc6c43ffff,89a8acc612bffff,3425558055,3880662273,18.8372,0.008318,athlete
89a8acc6c43ffff,89a8acc6167ffff,3425558055,3880662263,19.6866,0.000606,athlete
89a8acc6c43ffff,89a8acc68d3ffff,3425558055,2955259026,18.7724,0.009267,athlete
89a8acc6c43ffff,89a8acc68dbffff,3425558055,2955259009,19.2337,0.003618,athlete
89a8acc6c43ffff,89a8acc6c03ffff,3425558055,4439701589,15.25,0.132837,athlete
89a8acc6c43ffff,89a8acc6c07ffff,3425558055,2336108543,18.1332,0.021344,athlete
89a8acc6c43ffff,89a8acc6c0bffff,3425558055,3380581987,11.7381,0.365179,athlete
89a8acc6c43ffff,89a8acc6c0fffff,3425558055,2332043156,13.5577,0.234899,athlete
89a8acc6c43ffff,89a8acc6c13ffff,3425558055,2332074930,15.4658,0.121549,athlete
89a8acc6c43ffff,89a8acc6c17ffff,3425558055,2332075028,17.2383,0.046314,athlete
89a8acc6c43ffff,89a8acc6c1bffff,3425558055,7886951227,9.7094,0.522814,athlete
89a8acc6c43ffff,89a8acc6c2bffff,3425558055,2335474641,19.7899,0.000272,athlete
89a8acc6c43ffff,89a8acc6c3bffff,3425558055,3380582097,17.4273,0.040274,athlete
89a8acc6c43ffff,89a8acc6c43ffff,3425558055,3425558055,0.4461,0.998773,athlete
89a8acc6c43ffff,89a8acc6c47ffff,3425558055,5653257029,6.696,0.748003,athlete
89a8acc6c43ffff,89a8acc6c4bffff,3425558055,3425557950,5.8907,0.800791,athlete
89a8acc6c43ffff,89a8acc6c4fffff,3425558055,2955259222,5.6543,0.815412,athlete
89a8acc6c43ffff,89a8acc6c53ffff,3425558055,3425558243,5.8432,0.803767,athlete
89a8acc6c43ffff,89a8acc6c57ffff,3425558055,3513038267,6.083,0.788592,athlete
89a8acc6c43ffff,89a8acc6c5bffff,3425558055,5653229020,10.6369,0.450061,athlete
89a8acc6c43ffff,89a8acc6c63ffff,3425558055,2336034012,17.7503,0.030896,athlete
89a8acc6c43ffff,89a8acc6c6bffff,3425558055,965038276,13.6288,0.230181,athlete
89a8acc6c43ffff,89a8acc6c73ffff,3425558055,2336108293,11.1079,0.413424,athlete
89a8acc6c43ffff,89a8acc6c77ffff,3425558055,2332075047,15.6179,0.113847,athlete
89a8acc6c43ffff,89a8acc6c7bffff,3425558055,2955259207,8.9835,0.579497,athlete
89a8acc6c43ffff,89a8acc6c8bffff,3425558055,2332075083,17.5206,0.037445,athlete
89a8acc6c43ffff,89a8acc6c8fffff,3425558055,3005607847,19.3507,0.002599,athlete
89a8acc6c43ffff,89a8acc6cabffff,3425558055,4451063632,19.9635,8e-06,athlete
89a8acc6c43ffff,89a8acc6cc3ffff,3425558055,3107402660,13.8636,0.21484,athlete
89a8acc6c43ffff,89a8acc6cc7ffff,3425558055,3409300606,13.4832,0.239877,athlete
89a8acc6c43ffff,89a8acc6ccfffff,3425558055,3874217785,10.1269,0.490033,athlete
89a8acc6c43ffff,89a8acc6cd7ffff,3425558055,3398798243,17.9866,0.024797,athlete
89a8acc6c43ffff,89a8acc6cdbffff,3425558055,3874217836,19.5194,0.001424,athlete
89a8acc6c43ffff,89a8acc6e83ffff,3425558055,2331878544,13.3923,0.246,athlete
89a8acc6c43ffff,89a8acc6e87ffff,3425558055,2648494986,10.7952,0.437711,athlete
89a8acc6c43ffff,89a8acc6e8bffff,3425558055,4439551769,19.2172,0.003775,athlete
89a8acc6c43ffff,89a8acc6e93ffff,3425558055,2331878534,14.6048,0.169061,athlete
89a8acc6c43ffff,89a8acc6e97ffff,3425558055,2331878569,10.3286,0.474203,athlete
89a8acc6c43ffff,89a8acc6e9bffff,3425558055,2648495024,18.3282,0.017141,athlete
89a8acc6c43ffff,89a8acc6ea3ffff,3425558055,2955259166,17.8212,0.028997,athlete
89a8acc6c43ffff,89a8acc6ea7ffff,3425558055,3411176963,17.845,0.028375,athlete
89a8acc6c43ffff,89a8acc6eb3ffff,3425558055,3501190741,11.1395,0.410982,athlete
89a8acc6c43ffff,89a8acc6eb7ffff,3425558055,2955259190,11.4367,0.38812,athlete
89a8acc6c43ffff,89a8acc6ebbffff,3425558055,2648475715,18.6764,0.010767,athlete
89a8acc6c47ffff,89a8acc6127ffff,5653257029,3880605752,14.4973,0.175437,athlete
89a8acc6c47ffff,89a8acc6893ffff,5653257029,2335474678,18.5735,0.0125,athlete
89a8acc6c47ffff,89a8acc68d3ffff,5653257029,2955259026,16.3134,0.081521,athlete
89a8acc6c47ffff,89a8acc68d7ffff,5653257029,2955259012,19.704,0.00054,athlete
89a8acc6c47ffff,89a8acc68dbffff,5653257029,2955259009,17.784,0.029986,athlete
89a8acc6c47ffff,89a8acc6c03ffff,5653257029,4439701589,10.366,0.471269,athlete
89a8acc6c47ffff,89a8acc6c07ffff,5653257029,2336108543,13.2878,0.253102,athlete
89a8acc6c47ffff,89a8acc6c0bffff,5653257029,3380581987,6.8745,0.73573,athlete
89a8acc6c47ffff,89a8acc6c0fffff,5653257029,2332043156,8.7123,0.600447,athlete
89a8acc6c47ffff,89a8acc6c13ffff,5653257029,2332074930,14.6472,0.166572,athlete
89a8acc6c47ffff,89a8acc6c17ffff,5653257029,2332075028,15.93,0.098747,athlete
89a8acc6c47ffff,89a8acc6c1bffff,5653257029,7886951227,9.3092,0.554148,athlete
89a8acc6c47ffff,89a8acc6c23ffff,5653257029,2726180683,17.4133,0.040708,athlete
89a8acc6c47ffff,89a8acc6c2bffff,5653257029,2335474641,15.1746,0.136882,athlete
89a8acc6c47ffff,89a8acc6c2fffff,5653257029,2335474575,18.4759,0.01426,athlete
89a8acc6c47ffff,89a8acc6c33ffff,5653257029,2726180592,18.4575,0.014606,athlete
89a8acc6c47ffff,89a8acc6c3bffff,5653257029,3380582097,12.582,0.302727,athlete
89a8acc6c47ffff,89a8acc6c43ffff,5653257029,3425558055,6.5618,0.7571,athlete
89a8acc6c47ffff,89a8acc6c47ffff,5653257029,5653257029,0.5462,0.998161,athlete
89a8acc6c47ffff,89a8acc6c4bffff,5653257029,3425557950,10.0941,0.49261,athlete
89a8acc6c47ffff,89a8acc6c4fffff,5653257029,2955259222,6.7935,0.741321,athlete
89a8acc6c47ffff,89a8acc6c53ffff,5653257029,3425558243,9.7168,0.522234,athlete
89a8acc6c47ffff,89a8acc6c57ffff,5653257029,3513038267,5.6828,0.813673,athlete
89a8acc6c47ffff,89a8acc6c5bffff,5653257029,5653229020,14.5105,0.174647,athlete
89a8acc6c47ffff,89a8acc6c63ffff,5653257029,2336034012,13.669,0.227528,athlete
89a8acc6c47ffff,89a8acc6c67ffff,5653257029,4438325149,16.7011,0.065642,athlete
89a8acc6c47ffff,89a8acc6c6bffff,5653257029,965038276,11.1523,0.409994,athlete
89a8acc6c47ffff,89a8acc6c73ffff,5653257029,2336108293,6.8539,0.73716,athlete
89a8acc6c47ffff,89a8acc6c77ffff,5653257029,2332075047,11.0026,0.421578,athlete
89a8acc6c47ffff,89a8acc6c7bffff,5653257029,2955259207,6.5245,0.75961,athlete
89a8acc6c47ffff,89a8acc6c8bffff,5653257029,2332075083,17.1204,0.050285,athlete
89a8acc6c47ffff,89a8acc6c8fffff,5653257029,3005607847,18.9505,0.006779,athlete
89a8acc6c47ffff,89a8acc6cabffff,5653257029,4451063632,18.5556,0.012813,athlete
89a8acc6c47ffff,89a8acc6cc3ffff,5653257029,3107402660,13.9887,0.206827,athlete
89a8acc6c47ffff,89a8acc6cc7ffff,5653257029,3409300606,13.083,0.267216,athlete
89a8acc6c47ffff,89a8acc6ccfffff,5653257029,3874217785,9.7267,0.521458,athlete
89a8acc6c47ffff,89a8acc6cd7ffff,5653257029,3398798243,17.5864,0.035506,athlete
89a8acc6c47ffff,89a8acc6cdbffff,5653257029,3874217836,19.6444,0.00078,athlete
89a8acc6c47ffff,89a8acc6e83ffff,5653257029,2331878544,17.5956,0.035238,athlete
89a8acc6c47ffff,89a8acc6e87ffff,5653257029,2648494986,14.9985,0.14653,athlete
89a8acc6c47ffff,89a8acc6e93ffff,5653257029,2331878534,18.8082,0.008737,athlete
89a8acc6c47ffff,89a8acc6e97ffff,5653257029,2331878569,14.532,0.173372,athlete
89a8acc6c47ffff,89a8acc6ea3ffff,5653257029,2955259166,18.7867,0.009054,athlete
89a8acc6c47ffff,89a8acc6ea7ffff,5653257029,3411176963,16.3953,0.078034,athlete
89a8acc6c47ffff,89a8acc6eb3ffff,5653257029,3501190741,14.5598,0.171721,athlete
89a8acc6c47ffff,89a8acc6eb7ffff,5653257029,2955259190,11.2651,0.401293,athlete
89a8acc6c4bffff,89a8acc6127ffff,3425557950,3880605752,12.3858,0.316974,athlete
89a8acc6c4bffff,89a8acc612bffff,3425557950,3880662273,13.5351,0.236405,athlete
89a8acc6c4bffff,89a8acc6163ffff,3425557950,3880605998,19.9817,2e-06,athlete
89a8acc6c4bffff,89a8acc6167ffff,3425557950,3880662263,14.3846,0.182223,athlete
89a8acc6c4bffff,89a8acc616fffff,3425557950,8356539506,16.3829,0.078558,athlete
89a8acc6c4bffff,89a8acc6177ffff,3425557950,3880662275,16.5046,0.07349,athlete
89a8acc6c4bffff,89a8acc6c03ffff,3425557950,4439701589,18.3785,0.016131,athlete
89a8acc6c4bffff,89a8acc6c0bffff,3425557950,3380581987,14.887,0.152775,athlete
89a8acc6c4bffff,89a8acc6c0fffff,3425557950,2332043156,16.4708,0.074882,athlete
89a8acc6c4bffff,89a8acc6c13ffff,3425557950,2332074930,19.737,0.000427,athlete
89a8acc6c4bffff,89a8acc6c1bffff,3425557950,7886951227,13.9806,0.207339,athlete
89a8acc6c4bffff,89a8acc6c43ffff,3425557950,3425558055,4.9752,0.85493,athlete
89a8acc6c4bffff,89a8acc6c47ffff,3425557950,5653257029,9.9568,0.503396,athlete
89a8acc6c4bffff,89a8acc6c4bffff,3425557950,3425557950,0.5887,0.997864,athlete
89a8acc6c4bffff,89a8acc6c4fffff,3425557950,2955259222,5.7974,0.806616,athlete
89a8acc6c4bffff,89a8acc6c53ffff,3425557950,3425558243,8.565,0.611755,athlete
89a8acc6c4bffff,89a8acc6c57ffff,3425557950,3513038267,10.3542,0.472192,athlete
89a8acc6c4bffff,89a8acc6c5bffff,3425557950,5653229020,9.3342,0.5522,athlete
89a8acc6c4bffff,89a8acc6c6bffff,3425557950,965038276,15.2718,0.131681,athlete
89a8acc6c4bffff,89a8acc6c73ffff,3425557950,2336108293,13.4654,0.241073,athlete
89a8acc6c4bffff,89a8acc6c77ffff,3425557950,2332075047,18.2654,0.018445,athlete
89a8acc6c4bffff,89a8acc6c7bffff,3425557950,2955259207,10.7822,0.438722,athlete
89a8acc6c4bffff,89a8acc6cc3ffff,3425557950,3107402660,18.1348,0.021306,athlete
89a8acc6c4bffff,89a8acc6cc7ffff,3425557950,3409300606,17.7544,0.030784,athlete
89a8acc6c4bffff,89a8acc6ccfffff,3425557950,3874217785,14.3981,0.181401,athlete
89a8acc6c4bffff,89a8acc6e83ffff,3425557950,2331878544,8.0902,0.647754,athlete
89a8acc6c4bffff,89a8acc6e87ffff,3425557950,2648494986,5.88,0.801462,athlete
89a8acc6c4bffff,89a8acc6e8bffff,3425557950,4439551769,14.2246,0.192024,athlete
89a8acc6c4bffff,89a8acc6e8fffff,3425557950,2639739589,15.7136,0.10912,athlete
89a8acc6c4bffff,89a8acc6e93ffff,3425557950,2331878534,9.3027,0.554654,athlete
89a8acc6c4bffff,89a8acc6e97ffff,3425557950,2331878569,5.0265,0.852078,athlete
89a8acc6c4bffff,89a8acc6e9bffff,3425557950,2648495024,13.0262,0.271176,athlete
89a8acc6c4bffff,89a8acc6ea3ffff,3425557950,2955259166,15.1559,0.137894,athlete
89a8acc6c4bffff,89a8acc6ea7ffff,3425557950,3411176963,19.1388,0.004568,athlete
89a8acc6c4bffff,89a8acc6eabffff,3425557950,2403004414,18.2643,0.018469,athlete
89a8acc6c4bffff,89a8acc6eafffff,3425557950,2955259142,17.555,0.036425,athlete
89a8acc6c4bffff,89a8acc6eb3ffff,3425557950,3501190741,8.4742,0.618695,athlete
89a8acc6c4bffff,89a8acc6eb7ffff,3425557950,2955259190,11.4558,0.386653,athlete
89a8acc6c4bffff,89a8acc6ebbffff,3425557950,2648475715,16.0111,0.094979,athlete
89a8acc6c4bffff,89a8acc6ed7ffff,3425557950,4452336172,18.9405,0.006908,athlete
89a8acc6c4fffff,89a8acc6127ffff,2955259222,3880605752,16.3439,0.080213,athlete
89a8acc6c4fffff,89a8acc612bffff,2955259222,3880662273,18.413,0.015455,athlete
89a8acc6c4fffff,89a8acc6167ffff,2955259222,3880662263,19.2625,0.003351,athlete
89a8acc6c4fffff,89a8acc68d3ffff,2955259222,2955259026,15.334,0.128394,athlete
89a8acc6c4fffff,89a8acc68dbffff,2955259222,2955259009,15.4461,0.122559,athlete
89a8acc6c4fffff,89a8acc6c03ffff,2955259222,4439701589,15.1997,0.135534,athlete
89a8acc6c4fffff,89a8acc6c07ffff,2955259222,2336108543,17.8675,0.027791,athlete
89a8acc6c4fffff,89a8acc6c0bffff,2955259222,3380581987,11.7082,0.367444,athlete
89a8acc6c4fffff,89a8acc6c0fffff,2955259222,2332043156,13.2919,0.25282,athlete
89a8acc6c4fffff,89a8acc6c13ffff,2955259222,2332074930,17.4374,0.039963,athlete
89a8acc6c4fffff,89a8acc6c17ffff,2955259222,2332075028,19.21,0.003845,athlete
89a8acc6c4fffff,89a8acc6c1bffff,2955259222,7886951227,11.6811,0.369496,athlete
89a8acc6c4fffff,89a8acc6c2bffff,2955259222,2335474641,17.8585,0.028023,athlete
89a8acc6c4fffff,89a8acc6c3bffff,2955259222,3380582097,16.6536,0.0675,athlete
89a8acc6c4fffff,89a8acc6c43ffff,2955259222,3425558055,4.6271,0.873647,athlete
89a8acc6c4fffff,89a8acc6c47ffff,2955259222,5653257029,6.7779,0.742398,athlete
89a8acc6c4fffff,89a8acc6c4bffff,2955259222,3425557950,5.4666,0.826714,athlete
89a8acc6c4fffff,89a8acc6c4fffff,2955259222,2955259222,0.29,0.999481,athlete
89a8acc6c4fffff,89a8acc6c53ffff,2955259222,3425558243,9.2836,0.556145,athlete
89a8acc6c4fffff,89a8acc6c57ffff,2955259222,3513038267,8.0547,0.650417,athlete
89a8acc6c4fffff,89a8acc6c5bffff,2955259222,5653229020,12.9298,0.277928,athlete
89a8acc6c4fffff,89a8acc6c63ffff,2955259222,2336034012,14.9248,0.150646,athlete
89a8acc6c4fffff,89a8acc6c67ffff,2955259222,4438325149,18.0708,0.022782,athlete
89a8acc6c4fffff,89a8acc6c6bffff,2955259222,965038276,10.1903,0.485054,athlete
89a8acc6c4fffff,89a8acc6c73ffff,2955259222,2336108293,8.2824,0.633267,athlete
89a8acc6c4fffff,89a8acc6c77ffff,2955259222,2332075047,13.0824,0.267255,athlete
89a8acc6c4fffff,89a8acc6c7bffff,2955259222,2955259207,5.7008,0.812575,athlete
89a8acc6c4fffff,89a8acc6c8bffff,2955259222,2332075083,19.4922,0.00159,athlete
89a8acc6c4fffff,89a8acc6cc3ffff,2955259222,3107402660,15.8353,0.10323,athlete
89a8acc6c4fffff,89a8acc6cc7ffff,2955259222,3409300606,15.4549,0.122108,athlete
89a8acc6c4fffff,89a8acc6ccfffff,2955259222,3874217785,12.0986,0.338146,athlete
89a8acc6c4fffff,89a8acc6cd7ffff,2955259222,3398798243,19.9583,1.1e-05,athlete
89a8acc6c4fffff,89a8acc6e83ffff,2955259222,2331878544,12.9682,0.275236,athlete
89a8acc6c4fffff,89a8acc6e87ffff,2955259222,2648494986,10.371,0.470877,athlete
89a8acc6c4fffff,89a8acc6e8bffff,2955259222,4439551769,18.793,0.008959,athlete
89a8acc6c4fffff,89a8acc6e93ffff,2955259222,2331878534,14.1807,0.194748,athlete
89a8acc6c4fffff,89a8acc6e97ffff,2955259222,2331878569,9.9045,0.507504,athlete
89a8acc6c4fffff,89a8acc6e9bffff,2955259222,2648495024,17.9041,0.026853,athlete
89a8acc6c4fffff,89a8acc6ea3ffff,2955259222,2955259166,13.896,0.212755,athlete
89a8acc6c4fffff,89a8acc6ea7ffff,2955259222,3411176963,14.0574,0.202473,athlete
89a8acc6c4fffff,89a8acc6eabffff,2955259222,2403004414,17.8464,0.028339,athlete
89a8acc6c4fffff,89a8acc6eafffff,2955259222,2955259142,16.1805,0.087322,athlete
89a8acc6c4fffff,89a8acc6eb3ffff,2955259222,3501190741,8.0562,0.650302,athlete
89a8acc6c4fffff,89a8acc6eb7ffff,2955259222,2955259190,6.3744,0.769609,athlete
89a8acc6c4fffff,89a8acc6ebbffff,2955259222,2648475715,15.5932,0.115085,athlete
89a8acc6c53ffff,89a8acc6127ffff,3425558243,3880605752,14.9289,0.150416,athlete
89a8acc6c53ffff,89a8acc612bffff,3425558243,3880662273,16.0782,0.091913,athlete
89a8acc6c53ffff,89a8acc6167ffff,3425558243,3880662263,16.9277,0.057105,athlete
89a8acc6c53ffff,89a8acc6177ffff,3425558243,3880662275,19.0477,0.005583,athlete
89a8acc6c53ffff,89a8acc6c03ffff,3425558243,4439701589,18.8461,0.008191,athlete
89a8acc6c53ffff,89a8acc6c0bffff,3425558243,3380581987,14.7693,0.15949,athlete
89a8acc6c53ffff,89a8acc6c0fffff,3425558243,2332043156,17.3203,0.043644,athlete
89a8acc6c53ffff,89a8acc6c13ffff,3425558243,2332074930,18.4969,0.013872,athlete
89a8acc6c53ffff,89a8acc6c1bffff,3425558243,7886951227,12.7406,0.291343,athlete
89a8acc6c53ffff,89a8acc6c43ffff,3425558243,3425558055,5.3713,0.832341,athlete
89a8acc6c53ffff,89a8acc6c47ffff,3425558243,5653257029,10.0555,0.495644,athlete
89a8acc6c53ffff,89a8acc6c4bffff,3425558243,3425557950,9.1147,0.569308,athlete
89a8acc6c53ffff,89a8acc6c4fffff,3425558243,2955259222,10.4633,0.463644,athlete
89a8acc6c53ffff,89a8acc6c53ffff,3425558243,3425558243,1.1174,0.992318,athlete
89a8acc6c53ffff,89a8acc6c57ffff,3425558243,3513038267,9.1142,0.569348,athlete
89a8acc6c53ffff,89a8acc6c5bffff,3425558243,5653229020,5.9111,0.79951,athlete
89a8acc6c53ffff,89a8acc6c6bffff,3425558243,965038276,17.3914,0.04139,athlete
89a8acc6c53ffff,89a8acc6c73ffff,3425558243,2336108293,14.8706,0.153707,athlete
89a8acc6c53ffff,89a8acc6c77ffff,3425558243,2332075047,19.3806,0.002365,athlete
89a8acc6c53ffff,89a8acc6c7bffff,3425558243,2955259207,12.7462,0.290944,athlete
89a8acc6c53ffff,89a8acc6cc3ffff,3425558243,3107402660,16.8948,0.05831,athlete
89a8acc6c53ffff,89a8acc6cc7ffff,3425558243,3409300606,16.5143,0.073092,athlete
89a8acc6c53ffff,89a8acc6ccfffff,3425558243,3874217785,13.1581,0.262015,athlete
89a8acc6c53ffff,89a8acc6e83ffff,3425558243,2331878544,14.9362,0.150008,athlete
89a8acc6c53ffff,89a8acc6e87ffff,3425558243,2648494986,13.5894,0.232791,athlete
89a8acc6c53ffff,89a8acc6e93ffff,3425558243,2331878534,12.0074,0.344942,athlete
89a8acc6c53ffff,89a8acc6e97ffff,3425558243,2331878569,10.6663,0.447763,athlete
89a8acc6c53ffff,89a8acc6e9bffff,3425558243,2648495024,17.9291,0.026221,athlete
89a8acc6c53ffff,89a8acc6eb3ffff,3425558243,3501190741,15.6164,0.113925,athlete
89a8acc6c53ffff,89a8acc6eb7ffff,3425558243,2955259190,15.925,0.098982,athlete
89a8acc6c57ffff,89a8acc6127ffff,3513038267,3880605752,11.2182,0.404909,athlete
89a8acc6c57ffff,89a8acc6137ffff,3513038267,3082292208,18.4275,0.015176,athlete
89a8acc6c57ffff,89a8acc68d3ffff,3513038267,2955259026,19.5274,0.001377,athlete
89a8acc6c57ffff,89a8acc6c03ffff,3513038267,4439701589,11.6105,0.374853,athlete
89a8acc6c57ffff,89a8acc6c07ffff,3513038267,2336108543,14.6709,0.165187,athlete
89a8acc6c57ffff,89a8acc6c0bffff,3513038267,3380581987,7.5337,0.688893,athlete
89a8acc6c57ffff,89a8acc6c0fffff,3513038267,2332043156,11.8992,0.353037,athlete
89a8acc6c57ffff,89a8acc6c13ffff,3513038267,2332074930,11.0141,0.420693,athlete
89a8acc6c57ffff,89a8acc6c17ffff,3513038267,2332075028,12.7866,0.288065,athlete
89a8acc6c57ffff,89a8acc6c1bffff,3513038267,7886951227,5.2577,0.838955,athlete
89a8acc6c57ffff,89a8acc6c2bffff,3513038267,2335474641,18.3616,0.016468,athlete
89a8acc6c57ffff,89a8acc6c33ffff,3513038267,2726180592,18.4301,0.015126,athlete
89a8acc6c57ffff,89a8acc6c3bffff,3513038267,3380582097,15.7689,0.106424,athlete
89a8acc6c57ffff,89a8acc6c43ffff,3513038267,3425558055,6.3158,0.773471,athlete
89a8acc6c57ffff,89a8acc6c47ffff,3513038267,5653257029,5.9247,0.798655,athlete
89a8acc6c57ffff,89a8acc6c4bffff,3513038267,3425557950,11.417,0.389628,athlete
89a8acc6c57ffff,89a8acc6c4fffff,3513038267,2955259222,9.5546,0.534954,athlete
89a8acc6c57ffff,89a8acc6c53ffff,3513038267,3425558243,9.303,0.55463,athlete
89a8acc6c57ffff,89a8acc6c57ffff,3513038267,3513038267,0.2976,0.999454,athlete
89a8acc6c57ffff,89a8acc6c5bffff,3513038267,5653229020,14.0968,0.199994,athlete
89a8acc6c57ffff,89a8acc6c63ffff,3513038267,2336034012,16.8559,0.059748,athlete
89a8acc6c57ffff,89a8acc6c67ffff,3513038267,4438325149,19.888,7.7e-05,athlete
89a8acc6c57ffff,89a8acc6c6bffff,3513038267,965038276,14.3392,0.184981,athlete
89a8acc6c57ffff,89a8acc6c73ffff,3513038267,2336108293,10.0408,0.496795,athlete
89a8acc6c57ffff,89a8acc6c77ffff,3513038267,2332075047,14.1896,0.194194,athlete
89a8acc6c57ffff,89a8acc6c7bffff,3513038267,2955259207,11.1395,0.410982,athlete
89a8acc6c57ffff,89a8acc6c83ffff,3513038267,3874217907,19.4034,0.002194,athlete
89a8acc6c57ffff,89a8acc6c8bffff,3513038267,2332075083,13.0689,0.2682,athlete
89a8acc6c57ffff,89a8acc6c8fffff,3513038267,3005607847,14.899,0.152103,athlete
89a8acc6c57ffff,89a8acc6c9bffff,3513038267,3219028043,18.5432,0.013035,athlete
89a8acc6c57ffff,89a8acc6cabffff,3513038267,4451063632,15.5118,0.119197,athlete
89a8acc6c57ffff,89a8acc6cbbffff,3513038267,4471844854,17.5927,0.035324,athlete
89a8acc6c57ffff,89a8acc6cc3ffff,3513038267,3107402660,9.1608,0.565721,athlete
89a8acc6c57ffff,89a8acc6cc7ffff,3513038267,3409300606,7.8695,0.664226,athlete
89a8acc6c57ffff,89a8acc6ccbffff,3513038267,3082292208,16.4683,0.074986,athlete
89a8acc6c57ffff,89a8acc6ccfffff,3513038267,3874217785,4.4958,0.880418,athlete
89a8acc6c57ffff,89a8acc6cd3ffff,3513038267,3398796275,16.2476,0.084371,athlete
89a8acc6c57ffff,89a8acc6cd7ffff,3513038267,3398798243,12.3729,0.31792,athlete
89a8acc6c57ffff,89a8acc6cdbffff,3513038267,3874217836,14.8165,0.15678,athlete
89a8acc6c57ffff,89a8acc6e83ffff,3513038267,2331878544,18.9185,0.007197,athlete
89a8acc6c57ffff,89a8acc6e87ffff,3513038267,2648494986,16.3214,0.081176,athlete
89a8acc6c57ffff,89a8acc6e93ffff,3513038267,2331878534,19.7798,0.000299,athlete
89a8acc6c57ffff,89a8acc6e97ffff,3513038267,2331878569,15.8548,0.102298,athlete
89a8acc6c57ffff,89a8acc6eb3ffff,3513038267,3501190741,16.6657,0.067025,athlete
89a8acc6c57ffff,89a8acc6eb7ffff,3513038267,2955259190,14.7839,0.158649,athlete
89a8acc6c5bffff,89a8acc6127ffff,5653229020,3880605752,11.4996,0.383311,athlete
89a8acc6c5bffff,89a8acc612bffff,5653229020,3880662273,12.6488,0.297913,athlete
89a8acc6c5bffff,89a8acc612fffff,5653229020,11115395648,19.5396,0.001307,athlete
89a8acc6c5bffff,89a8acc6163ffff,5653229020,3880605998,19.0954,0.005039,athlete
89a8acc6c5bffff,89a8acc6167ffff,5653229020,3880662263,13.4983,0.238864,athlete
89a8acc6c5bffff,89a8acc616fffff,5653229020,8356539506,17.6004,0.035101,athlete
89a8acc6c5bffff,89a8acc6173ffff,5653229020,3880661530,19.9237,3.6e-05,athlete
89a8acc6c5bffff,89a8acc6177ffff,5653229020,3880662275,15.6184,0.113825,athlete
89a8acc6c5bffff,89a8acc6c0bffff,5653229020,3380581987,19.7692,0.000329,athlete
89a8acc6c5bffff,89a8acc6c1bffff,5653229020,7886951227,17.7405,0.031163,athlete
89a8acc6c5bffff,89a8acc6c43ffff,5653229020,3425558055,10.309,0.475739,athlete
89a8acc6c5bffff,89a8acc6c47ffff,5653229020,5653257029,15.0554,0.143383,athlete
89a8acc6c5bffff,89a8acc6c4bffff,5653229020,3425557950,9.9112,0.506978,athlete
89a8acc6c5bffff,89a8acc6c4fffff,5653229020,2955259222,13.3864,0.246399,athlete
89a8acc6c5bffff,89a8acc6c53ffff,5653229020,3425558243,6.1174,0.786386,athlete
89a8acc6c5bffff,89a8acc6c57ffff,5653229020,3513038267,14.1141,0.198904,athlete
89a8acc6c5bffff,89a8acc6c5bffff,5653229020,5653229020,0.5707,0.997992,athlete
89a8acc6c5bffff,89a8acc6c73ffff,5653229020,2336108293,19.8705,0.000103,athlete
89a8acc6c5bffff,89a8acc6c7bffff,5653229020,2955259207,17.7461,0.03101,athlete
89a8acc6c5bffff,89a8acc6ccfffff,5653229020,3874217785,18.158,0.020784,athlete
89a8acc6c5bffff,89a8acc6e83ffff,5653229020,2331878544,11.582,0.377023,athlete
89a8acc6c5bffff,89a8acc6e87ffff,5653229020,2648494986,12.6483,0.297952,athlete
89a8acc6c5bffff,89a8acc6e8bffff,5653229020,4439551769,17.7164,0.031825,athlete
89a8acc6c5bffff,89a8acc6e93ffff,5653229020,2331878534,8.578,0.610757,athlete
89a8acc6c5bffff,89a8acc6e97ffff,5653229020,2331878569,7.237,0.71026,athlete
89a8acc6c5bffff,89a8acc6e9bffff,5653229020,2648495024,14.4998,0.17529,athlete
89a8acc6c5bffff,89a8acc6eb3ffff,5653229020,3501190741,17.7314,0.031411,athlete
89a8acc6c5bffff,89a8acc6eb7ffff,5653229020,2955259190,19.1687,0.004256,athlete
89a8acc6c63ffff,89a8acc6883ffff,2336034012,2336033967,17.2201,0.046915,athlete
89a8acc6c63ffff,89a8acc6893ffff,2336034012,2335474678,9.2805,0.556389,athlete
89a8acc6c63ffff,89a8acc6897ffff,2336034012,2726185454,15.565,0.116503,athlete
89a8acc6c63ffff,89a8acc689bffff,2336034012,2336034103,15.1797,0.136607,athlete
89a8acc6c63ffff,89a8acc68d3ffff,2336034012,2955259026,17.0512,0.052685,athlete
89a8acc6c63ffff,89a8acc68d7ffff,2336034012,2955259012,19.2391,0.003567,athlete
89a8acc6c63ffff,89a8acc6c03ffff,2336034012,4439701589,12.6361,0.298829,athlete
89a8acc6c63ffff,89a8acc6c07ffff,2336034012,2336108543,13.9734,0.207798,athlete
89a8acc6c63ffff,89a8acc6c0bffff,2336034012,3380581987,15.433,0.123238,athlete
89a8acc6c63ffff,89a8acc6c0fffff,2336034012,2332043156,9.3979,0.547216,athlete
89a8acc6c63ffff,89a8acc6c13ffff,2336034012,2332074930,18.2453,0.018872,athlete
89a8acc6c63ffff,89a8acc6c17ffff,2336034012,2332075028,16.7593,0.063394,athlete
89a8acc6c63ffff,89a8acc6c1bffff,2336034012,7886951227,19.1387,0.004569,athlete
89a8acc6c63ffff,89a8acc6c23ffff,2336034012,2726180683,13.8888,0.213215,athlete
89a8acc6c63ffff,89a8acc6c27ffff,2336034012,2335292922,17.8529,0.028169,athlete
89a8acc6c63ffff,89a8acc6c2bffff,2336034012,2335474641,9.7567,0.519101,athlete
89a8acc6c63ffff,89a8acc6c2fffff,2336034012,2335474575,13.058,0.268953,athlete
89a8acc6c63ffff,89a8acc6c33ffff,2336034012,2726180592,16.1338,0.089404,athlete
89a8acc6c63ffff,89a8acc6c3bffff,2336034012,3380582097,11.6297,0.373393,athlete
89a8acc6c63ffff,89a8acc6c43ffff,2336034012,3425558055,18.0581,0.023081,athlete
89a8acc6c63ffff,89a8acc6c47ffff,2336034012,5653257029,13.644,0.229174,athlete
89a8acc6c63ffff,89a8acc6c4fffff,2336034012,2955259222,15.1697,0.137148,athlete
89a8acc6c63ffff,89a8acc6c57ffff,2336034012,3513038267,16.0995,0.090947,athlete
89a8acc6c63ffff,89a8acc6c63ffff,2336034012,2336034012,2.0926,0.973231,athlete
89a8acc6c63ffff,89a8acc6c67ffff,2336034012,4438325149,6.0935,0.787918,athlete
89a8acc6c63ffff,89a8acc6c6bffff,2336034012,965038276,11.863,0.355761,athlete
89a8acc6c63ffff,89a8acc6c6fffff,2336034012,2336108624,9.0851,0.571612,athlete
89a8acc6c63ffff,89a8acc6c73ffff,2336034012,2336108293,7.7416,0.673678,athlete
89a8acc6c63ffff,89a8acc6c77ffff,2336034012,2332075047,5.4922,0.825192,athlete
89a8acc6c63ffff,89a8acc6c7bffff,2336034012,2955259207,9.8266,0.51362,athlete
89a8acc6c63ffff,89a8acc6cabffff,2336034012,4451063632,19.2462,0.003501,athlete
89a8acc6c63ffff,89a8acc6d5bffff,2336034012,7546069758,19.9263,3.4e-05,athlete
89a8acc6c63ffff,89a8acc6eb7ffff,2336034012,2955259190,15.7588,0.106916,athlete
89a8acc6c67ffff,89a8acc6883ffff,4438325149,2336033967,14.2089,0.192992,athlete
89a8acc6c67ffff,89a8acc6887ffff,4438325149,2726185489,17.7912,0.029795,athlete
89a8acc6c67ffff,89a8acc688bffff,4438325149,2336034045,15.3963,0.125135,athlete
89a8acc6c67ffff,89a8acc6893ffff,4438325149,2335474678,6.2693,0.776524,athlete
89a8acc6c67ffff,89a8acc6897ffff,4438325149,2726185454,12.5538,0.304763,athlete
89a8acc6c67ffff,89a8acc689bffff,4438325149,2336034103,11.6489,0.371941,athlete
89a8acc6c67ffff,89a8acc68b3ffff,4438325149,2726185479,19.0437,0.005631,athlete
89a8acc6c67ffff,89a8acc68d3ffff,4438325149,2955259026,19.6268,0.000859,athlete
89a8acc6c67ffff,89a8acc6c03ffff,4438325149,4439701589,13.9886,0.206833,athlete
89a8acc6c67ffff,89a8acc6c07ffff,4438325149,2336108543,14.5073,0.174839,athlete
89a8acc6c67ffff,89a8acc6c0bffff,4438325149,3380581987,17.4757,0.038793,athlete
89a8acc6c67ffff,89a8acc6c0fffff,4438325149,2332043156,9.9912,0.500687,athlete
89a8acc6c67ffff,89a8acc6c13ffff,4438325149,2332074930,19.5978,0.000997,athlete
89a8acc6c67ffff,89a8acc6c17ffff,4438325149,2332075028,18.1119,0.021831,athlete
89a8acc6c67ffff,89a8acc6c23ffff,4438325149,2726180683,12.4636,0.311302,athlete
89a8acc6c67ffff,89a8acc6c27ffff,4438325149,2335292922,16.4276,0.076677,athlete
89a8acc6c67ffff,89a8acc6c2bffff,4438325149,2335474641,7.0938,0.720403,athlete
89a8acc6c67ffff,89a8acc6c2fffff,4438325149,2335474575,10.2576,0.479772,athlete
89a8acc6c67ffff,89a8acc6c33ffff,4438325149,2726180592,14.8862,0.15282,athlete
89a8acc6c67ffff,89a8acc6c37ffff,4438325149,8370861913,19.9022,5.9e-05,athlete
89a8acc6c67ffff,89a8acc6c3bffff,4438325149,3380582097,10.7264,0.443073,athlete
89a8acc6c67ffff,89a8acc6c47ffff,4438325149,5653257029,15.9887,0.096013,athlete
89a8acc6c67ffff,89a8acc6c4fffff,4438325149,2955259222,17.5144,0.037628,athlete
89a8acc6c67ffff,89a8acc6c57ffff,4438325149,3513038267,18.4442,0.014857,athlete
89a8acc6c67ffff,89a8acc6c63ffff,4438325149,2336034012,5.3932,0.831056,athlete
89a8acc6c67ffff,89a8acc6c67ffff,4438325149,4438325149,0.1897,0.999778,athlete
89a8acc6c67ffff,89a8acc6c6bffff,4438325149,965038276,14.4386,0.178957,athlete
89a8acc6c67ffff,89a8acc6c6fffff,4438325149,2336108624,12.2558,0.326514,athlete
89a8acc6c67ffff,89a8acc6c73ffff,4438325149,2336108293,10.0863,0.493223,athlete
89a8acc6c67ffff,89a8acc6c77ffff,4438325149,2332075047,4.4618,0.882144,athlete
89a8acc6c67ffff,89a8acc6c7bffff,4438325149,2955259207,12.4022,0.315778,athlete
89a8acc6c67ffff,89a8acc6cabffff,4438325149,4451063632,19.9709,5e-06,athlete
89a8acc6c67ffff,89a8acc6d5bffff,4438325149,7546069758,18.2669,0.018413,athlete
89a8acc6c67ffff,89a8acc6eb7ffff,4438325149,2955259190,18.3344,0.017016,athlete
89a8acc6c6bffff,89a8acc6853ffff,965038276,3507851533,18.9071,0.00735,athlete
89a8acc6c6bffff,89a8acc6893ffff,965038276,2335474678,18.6679,0.010907,athlete
89a8acc6c6bffff,89a8acc68c3ffff,965038276,3509282844,17.124,0.050159,athlete
89a8acc6c6bffff,89a8acc68cbffff,965038276,6770713434,17.237,0.046358,athlete
89a8acc6c6bffff,89a8acc68cfffff,965038276,3507851207,19.2099,0.003845,athlete
89a8acc6c6bffff,89a8acc68d3ffff,965038276,2955259026,6.778,0.74239,athlete
89a8acc6c6bffff,89a8acc68d7ffff,965038276,2955259012,11.5591,0.378766,athlete
89a8acc6c6bffff,89a8acc68dbffff,965038276,2955259009,10.5575,0.456268,athlete
89a8acc6c6bffff,89a8acc6c03ffff,965038276,4439701589,17.428,0.040253,athlete
89a8acc6c6bffff,89a8acc6c07ffff,965038276,2336108543,19.1474,0.004477,athlete
89a8acc6c6bffff,89a8acc6c0bffff,965038276,3380581987,13.9365,0.210154,athlete
89a8acc6c6bffff,89a8acc6c0fffff,965038276,2332043156,14.5719,0.171003,athlete
89a8acc6c6bffff,89a8acc6c1bffff,965038276,7886951227,17.6423,0.0339,athlete
89a8acc6c6bffff,89a8acc6c23ffff,965038276,2726180683,19.4011,0.002211,athlete
89a8acc6c6bffff,89a8acc6c2bffff,965038276,2335474641,15.269,0.131826,athlete
89a8acc6c6bffff,89a8acc6c2fffff,965038276,2335474575,18.5703,0.012555,athlete
89a8acc6c6bffff,89a8acc6c3bffff,965038276,3380582097,16.8331,0.0606,athlete
89a8acc6c6bffff,89a8acc6c43ffff,965038276,3425558055,14.387,0.182074,athlete
89a8acc6c6bffff,89a8acc6c47ffff,965038276,5653257029,12.0737,0.339996,athlete
89a8acc6c6bffff,89a8acc6c4bffff,965038276,3425557950,15.9187,0.099276,athlete
89a8acc6c6bffff,89a8acc6c4fffff,965038276,2955259222,10.8356,0.434559,athlete
89a8acc6c6bffff,89a8acc6c53ffff,965038276,3425558243,17.9145,0.02659,athlete
89a8acc6c6bffff,89a8acc6c57ffff,965038276,3513038267,14.6031,0.169162,athlete
89a8acc6c6bffff,89a8acc6c63ffff,965038276,2336034012,12.3354,0.320668,athlete
89a8acc6c6bffff,89a8acc6c67ffff,965038276,4438325149,15.4814,0.120748,athlete
89a8acc6c6bffff,89a8acc6c6bffff,965038276,965038276,1.1865,0.991342,athlete
89a8acc6c6bffff,89a8acc6c6fffff,965038276,2336108624,19.3278,0.002784,athlete
89a8acc6c6bffff,89a8acc6c73ffff,965038276,2336108293,8.6429,0.605781,athlete
89a8acc6c6bffff,89a8acc6c77ffff,965038276,2332075047,11.0044,0.421438,athlete
89a8acc6c6bffff,89a8acc6c7bffff,965038276,2955259207,5.453,0.827522,athlete
89a8acc6c6bffff,89a8acc6ccfffff,965038276,3874217785,18.8013,0.008837,athlete
89a8acc6c6bffff,89a8acc6e33ffff,965038276,2639739488,19.9393,2.3e-05,athlete
89a8acc6c6bffff,89a8acc6e37ffff,965038276,4441055873,16.1616,0.088163,athlete
89a8acc6c6bffff,89a8acc6ea3ffff,965038276,2955259166,17.2592,0.045627,athlete
89a8acc6c6bffff,89a8acc6ea7ffff,965038276,3411176963,9.5428,0.535878,athlete
89a8acc6c6bffff,89a8acc6eafffff,965038276,2955259142,16.0295,0.094136,athlete
89a8acc6c6bffff,89a8acc6eb3ffff,965038276,3501190741,14.3381,0.185047,athlete
89a8acc6c6bffff,89a8acc6eb7ffff,965038276,2955259190,9.7376,0.520603,athlete
89a8acc6c6fffff,89a8acc688bffff,2336108624,2336034045,18.9231,0.007137,athlete
89a8acc6c6fffff,89a8acc6893ffff,2336108624,2335474678,12.5791,0.302934,athlete
89a8acc6c6fffff,89a8acc6897ffff,2336108624,2726185454,18.8636,0.007945,athlete
89a8acc6c6fffff,89a8acc689bffff,2336108624,2336034103,13.9772,0.207559,athlete
89a8acc6c6fffff,89a8acc6c03ffff,2336108624,4439701589,16.078,0.091921,athlete
89a8acc6c6fffff,89a8acc6c07ffff,2336108624,2336108543,17.4154,0.040645,athlete
89a8acc6c6fffff,89a8acc6c0bffff,2336108624,3380581987,18.8749,0.007788,athlete
89a8acc6c6fffff,89a8acc6c0fffff,2336108624,2332043156,12.8399,0.284282,athlete
89a8acc6c6fffff,89a8acc6c23ffff,2336108624,2726180683,17.3308,0.043309,athlete
89a8acc6c6fffff,89a8acc6c2bffff,2336108624,2335474641,13.1699,0.261196,athlete
89a8acc6c6fffff,89a8acc6c2fffff,2336108624,2335474575,16.4712,0.074865,athlete
89a8acc6c6fffff,89a8acc6c33ffff,2336108624,2726180592,19.5757,0.00111,athlete
89a8acc6c6fffff,89a8acc6c3bffff,2336108624,3380582097,15.0717,0.142488,athlete
89a8acc6c6fffff,89a8acc6c47ffff,2336108624,5653257029,17.086,0.051473,athlete
89a8acc6c6fffff,89a8acc6c4fffff,2336108624,2955259222,18.6116,0.011843,athlete
89a8acc6c6fffff,89a8acc6c57ffff,2336108624,3513038267,19.5414,0.001297,athlete
89a8acc6c6fffff,89a8acc6c63ffff,2336108624,2336034012,5.5345,0.822659,athlete
89a8acc6c6fffff,89a8acc6c67ffff,2336108624,4438325149,9.0831,0.571768,athlete
89a8acc6c6fffff,89a8acc6c6bffff,2336108624,965038276,15.3049,0.129924,athlete
89a8acc6c6fffff,89a8acc6c6fffff,2336108624,2336108624,1.0163,0.993642,athlete
89a8acc6c6fffff,89a8acc6c73ffff,2336108624,2336108293,11.1835,0.407581,athlete
89a8acc6c6fffff,89a8acc6c77ffff,2336108624,2332075047,8.9341,0.583326,athlete
89a8acc6c6fffff,89a8acc6c7bffff,2336108624,2955259207,13.2685,0.254423,athlete
89a8acc6c6fffff,89a8acc6eb7ffff,2336108624,2955259190,19.2007,0.003936,athlete
89a8acc6c73ffff,89a8acc6127ffff,2336108293,3880605752,19.9087,5.1e-05,athlete
89a8acc6c73ffff,89a8acc6893ffff,2336108293,2335474678,13.7297,0.223539,athlete
89a8acc6c73ffff,89a8acc68d3ffff,2336108293,2955259026,13.5606,0.234702,athlete
89a8acc6c73ffff,89a8acc68d7ffff,2336108293,2955259012,15.7485,0.107415,athlete
89a8acc6c73ffff,89a8acc68dbffff,2336108293,2955259009,17.7013,0.032242,athlete
89a8acc6c73ffff,89a8acc6c03ffff,2336108293,4439701589,9.9418,0.504571,athlete
89a8acc6c73ffff,89a8acc6c07ffff,2336108293,2336108543,11.2792,0.400209,athlete
89a8acc6c73ffff,89a8acc6c0bffff,2336108293,3380581987,8.3216,0.6303,athlete
89a8acc6c73ffff,89a8acc6c0fffff,2336108293,2332043156,6.7037,0.74748,athlete
89a8acc6c73ffff,89a8acc6c13ffff,2336108293,2332074930,15.5511,0.117205,athlete
89a8acc6c73ffff,89a8acc6c17ffff,2336108293,2332075028,14.0651,0.201989,athlete
89a8acc6c73ffff,89a8acc6c1bffff,2336108293,7886951227,12.0273,0.343452,athlete
89a8acc6c73ffff,89a8acc6c23ffff,2336108293,2726180683,13.8328,0.216832,athlete
89a8acc6c73ffff,89a8acc6c27ffff,2336108293,2335292922,17.7968,0.029644,athlete
89a8acc6c73ffff,89a8acc6c2bffff,2336108293,2335474641,10.3309,0.474022,athlete
89a8acc6c73ffff,89a8acc6c2fffff,2336108293,2335474575,13.6322,0.229954,athlete
89a8acc6c73ffff,89a8acc6c33ffff,2336108293,2726180592,15.2799,0.131247,athlete
89a8acc6c73ffff,89a8acc6c3bffff,2336108293,3380582097,9.0014,0.578106,athlete
89a8acc6c73ffff,89a8acc6c43ffff,2336108293,3425558055,10.9467,0.425917,athlete
89a8acc6c73ffff,89a8acc6c47ffff,2336108293,5653257029,6.5327,0.759059,athlete
89a8acc6c73ffff,89a8acc6c4bffff,2336108293,3425557950,13.1415,0.263161,athlete
89a8acc6c73ffff,89a8acc6c4fffff,2336108293,2955259222,8.0584,0.650144,athlete
89a8acc6c73ffff,89a8acc6c53ffff,2336108293,3425558243,14.4742,0.17682,athlete
89a8acc6c73ffff,89a8acc6c57ffff,2336108293,3513038267,8.9881,0.579137,athlete
89a8acc6c73ffff,89a8acc6c5bffff,2336108293,5653229020,19.2679,0.003302,athlete
89a8acc6c73ffff,89a8acc6c63ffff,2336108293,2336034012,7.9435,0.658725,athlete
89a8acc6c73ffff,89a8acc6c67ffff,2336108293,4438325149,11.0895,0.414848,athlete
89a8acc6c73ffff,89a8acc6c6bffff,2336108293,965038276,8.3724,0.626443,athlete
89a8acc6c73ffff,89a8acc6c6fffff,2336108293,2336108624,14.936,0.150021,athlete
89a8acc6c73ffff,89a8acc6c73ffff,2336108293,2336108293,0.6302,0.997552,athlete
89a8acc6c73ffff,89a8acc6c77ffff,2336108293,2332075047,5.4302,0.82887,athlete
89a8acc6c73ffff,89a8acc6c7bffff,2336108293,2955259207,5.4358,0.82854,athlete
89a8acc6c73ffff,89a8acc6c8bffff,2336108293,2332075083,19.1536,0.004412,athlete
89a8acc6c73ffff,89a8acc6c8fffff,2336108293,3005607847,17.4582,0.039326,athlete
89a8acc6c73ffff,89a8acc6cabffff,2336108293,4451063632,16.5519,0.071563,athlete
89a8acc6c73ffff,89a8acc6cbbffff,2336108293,4471844854,18.8712,0.00784,athlete
89a8acc6c73ffff,89a8acc6cc3ffff,2336108293,3107402660,17.8513,0.028209,athlete
89a8acc6c73ffff,89a8acc6cc7ffff,2336108293,3409300606,15.9428,0.098147,athlete
89a8acc6c73ffff,89a8acc6ccfffff,2336108293,3874217785,13.1863,0.260063,athlete
89a8acc6c73ffff,89a8acc6d5bffff,2336108293,7546069758,19.9314,2.9e-05,athlete
89a8acc6c73ffff,89a8acc6e87ffff,2336108293,2648494986,18.0459,0.02337,athlete
89a8acc6c73ffff,89a8acc6e97ffff,2336108293,2331878569,17.5793,0.035712,athlete
89a8acc6c73ffff,89a8acc6ea3ffff,2336108293,2955259166,19.3904,0.002291,athlete
89a8acc6c73ffff,89a8acc6ea7ffff,2336108293,3411176963,16.4433,0.076024,athlete
89a8acc6c73ffff,89a8acc6eb3ffff,2336108293,3501190741,15.8246,0.103743,athlete
89a8acc6c73ffff,89a8acc6eb7ffff,2336108293,2955259190,11.8688,0.355326,athlete
89a8acc6c77ffff,89a8acc6883ffff,2332075047,2336033967,16.7617,0.063305,athlete
89a8acc6c77ffff,89a8acc6893ffff,2332075047,2335474678,8.822,0.591991,athlete
89a8acc6c77ffff,89a8acc6897ffff,2332075047,2726185454,15.1065,0.140582,athlete
89a8acc6c77ffff,89a8acc689bffff,2332075047,2336034103,17.5822,0.035629,athlete
89a8acc6c77ffff,89a8acc68d3ffff,2332075047,2955259026,17.4539,0.039459,athlete
89a8acc6c77ffff,89a8acc68d7ffff,2332075047,2955259012,19.6417,0.000792,athlete
89a8acc6c77ffff,89a8acc6c03ffff,2332075047,4439701589,9.9514,0.503818,athlete
89a8acc6c77ffff,89a8acc6c07ffff,2332075047,2336108543,10.4701,0.463111,athlete
89a8acc6c77ffff,89a8acc6c0bffff,2332075047,3380581987,13.4385,0.242879,athlete
89a8acc6c77ffff,89a8acc6c0fffff,2332075047,2332043156,5.954,0.796805,athlete
89a8acc6c77ffff,89a8acc6c13ffff,2332075047,2332074930,15.5606,0.116721,athlete
89a8acc6c77ffff,89a8acc6c17ffff,2332075047,2332075028,14.0746,0.201385,athlete
89a8acc6c77ffff,89a8acc6c1bffff,2332075047,7886951227,17.2669,0.045376,athlete
89a8acc6c77ffff,89a8acc6c23ffff,2332075047,2726180683,9.2938,0.555353,athlete
89a8acc6c77ffff,89a8acc6c27ffff,2332075047,2335292922,13.2578,0.255154,athlete
89a8acc6c77ffff,89a8acc6c2bffff,2332075047,2335474641,5.4232,0.829287,athlete
89a8acc6c77ffff,89a8acc6c2fffff,2332075047,2335474575,8.7245,0.599509,athlete
89a8acc6c77ffff,89a8acc6c33ffff,2332075047,2726180592,11.5387,0.380321,athlete
89a8acc6c77ffff,89a8acc6c37ffff,2332075047,8370861913,16.5547,0.071449,athlete
89a8acc6c77ffff,89a8acc6c3bffff,2332075047,3380582097,6.9321,0.731735,athlete
89a8acc6c77ffff,89a8acc6c43ffff,2332075047,3425558055,16.9675,0.055662,athlete
89a8acc6c77ffff,89a8acc6c47ffff,2332075047,5653257029,12.4973,0.308854,athlete
89a8acc6c77ffff,89a8acc6c4bffff,2332075047,3425557950,19.1622,0.004323,athlete
89a8acc6c77ffff,89a8acc6c4fffff,2332075047,2955259222,14.0791,0.201104,athlete
89a8acc6c77ffff,89a8acc6c57ffff,2332075047,3513038267,14.9528,0.149078,athlete
89a8acc6c77ffff,89a8acc6c63ffff,2332075047,2336034012,7.2257,0.711062,athlete
89a8acc6c77ffff,89a8acc6c67ffff,2332075047,4438325149,6.1231,0.786019,athlete
89a8acc6c77ffff,89a8acc6c6bffff,2332075047,965038276,12.2656,0.325791,athlete
89a8acc6c77ffff,89a8acc6c6fffff,2332075047,2336108624,14.2182,0.192419,athlete
89a8acc6c77ffff,89a8acc6c73ffff,2332075047,2336108293,6.651,0.751066,athlete
89a8acc6c77ffff,89a8acc6c77ffff,2332075047,2332075047,0.4246,0.998888,athlete
89a8acc6c77ffff,89a8acc6c7bffff,2332075047,2955259207,10.2292,0.482003,athlete
89a8acc6c77ffff,89a8acc6c8fffff,2332075047,3005607847,17.4678,0.039034,athlete
89a8acc6c77ffff,89a8acc6cabffff,2332075047,4451063632,16.5615,0.071176,athlete
89a8acc6c77ffff,89a8acc6cbbffff,2332075047,4471844854,18.8807,0.007708,athlete
89a8acc6c77ffff,89a8acc6ccfffff,2332075047,3874217785,19.151,0.00444,athlete
89a8acc6c77ffff,89a8acc6d53ffff,2332075047,2335292974,18.4539,0.014673,athlete
89a8acc6c77ffff,89a8acc6d5bffff,2332075047,7546069758,15.3327,0.128462,athlete
89a8acc6c77ffff,89a8acc6dcfffff,2332075047,2335293007,19.9845,1e-06,athlete
89a8acc6c77ffff,89a8acc6eb7ffff,2332075047,2955259190,16.1614,0.088172,athlete
89a8acc6c7bffff,89a8acc6127ffff,2955259207,3880605752,19.6862,0.000607,athlete
89a8acc6c7bffff,89a8acc6893ffff,2955259207,2335474678,16.0139,0.094851,athlete
89a8acc6c7bffff,89a8acc68cbffff,2955259207,6770713434,19.6042,0.000966,athlete
89a8acc6c7bffff,89a8acc68d3ffff,2955259207,2955259026,10.0736,0.494219,athlete
89a8acc6c7bffff,89a8acc68d7ffff,2955259207,2955259012,15.041,0.144175,athlete
89a8acc6c7bffff,89a8acc68dbffff,2955259207,2955259009,12.5501,0.305026,athlete
89a8acc6c7bffff,89a8acc6c03ffff,2955259207,4439701589,13.7656,0.221199,athlete
89a8acc6c7bffff,89a8acc6c07ffff,2955259207,2336108543,16.3164,0.081389,athlete
89a8acc6c7bffff,89a8acc6c0bffff,2955259207,3380581987,10.2741,0.478479,athlete
89a8acc6c7bffff,89a8acc6c0fffff,2955259207,2332043156,11.7409,0.364966,athlete
89a8acc6c7bffff,89a8acc6c13ffff,2955259207,2332074930,18.0468,0.02335,athlete
89a8acc6c7bffff,89a8acc6c17ffff,2955259207,2332075028,19.1023,0.004963,athlete
89a8acc6c7bffff,89a8acc6c1bffff,2955259207,7886951227,13.9798,0.207391,athlete
89a8acc6c7bffff,89a8acc6c23ffff,2955259207,2726180683,16.7472,0.063861,athlete
89a8acc6c7bffff,89a8acc6c2bffff,2955259207,2335474641,12.6151,0.300341,athlete
89a8acc6c7bffff,89a8acc6c2fffff,2955259207,2335474575,15.9164,0.099387,athlete
89a8acc6c7bffff,89a8acc6c33ffff,2955259207,2726180592,18.9921,0.006253,athlete
89a8acc6c7bffff,89a8acc6c3bffff,2955259207,3380582097,14.0021,0.205972,athlete
89a8acc6c7bffff,89a8acc6c43ffff,2955259207,3425558055,9.2302,0.56031,athlete
89a8acc6c7bffff,89a8acc6c47ffff,2955259207,5653257029,6.9054,0.73359,athlete
89a8acc6c7bffff,89a8acc6c4bffff,2955259207,3425557950,11.2545,0.402111,athlete
89a8acc6c7bffff,89a8acc6c4fffff,2955259207,2955259222,6.1713,0.782901,athlete
89a8acc6c7bffff,89a8acc6c53ffff,2955259207,3425558243,12.7577,0.290123,athlete
89a8acc6c7bffff,89a8acc6c57ffff,2955259207,3513038267,10.9406,0.42639,athlete
89a8acc6c7bffff,89a8acc6c5bffff,2955259207,5653229020,17.5514,0.03653,athlete
89a8acc6c7bffff,89a8acc6c63ffff,2955259207,2336034012,9.6814,0.525013,athlete
89a8acc6c7bffff,89a8acc6c67ffff,2955259207,4438325149,12.8274,0.285164,athlete
89a8acc6c7bffff,89a8acc6c6bffff,2955259207,965038276,4.93,0.857422,athlete
89a8acc6c7bffff,89a8acc6c6fffff,2955259207,2336108624,16.6739,0.066704,athlete
89a8acc6c7bffff,89a8acc6c73ffff,2955259207,2336108293,5.7146,0.811723,athlete
89a8acc6c7bffff,89a8acc6c77ffff,2955259207,2332075047,8.3505,0.628109,athlete
89a8acc6c7bffff,89a8acc6c7bffff,2955259207,2955259207,0.2847,0.9995,athlete
89a8acc6c7bffff,89a8acc6cc3ffff,2955259207,3107402660,19.1776,0.004166,athlete
89a8acc6c7bffff,89a8acc6cc7ffff,2955259207,3409300606,17.8953,0.027076,athlete
89a8acc6c7bffff,89a8acc6ccfffff,2955259207,3874217785,15.1388,0.13882,athlete
89a8acc6c7bffff,89a8acc6e37ffff,2955259207,4441055873,18.5288,0.013292,athlete
89a8acc6c7bffff,89a8acc6e83ffff,2955259207,2331878544,18.4327,0.015076,athlete
89a8acc6c7bffff,89a8acc6e87ffff,2955259207,2648494986,15.4532,0.122197,athlete
89a8acc6c7bffff,89a8acc6e93ffff,2955259207,2331878534,19.9685,6e-06,athlete
89a8acc6c7bffff,89a8acc6e97ffff,2955259207,2331878569,15.6923,0.110162,athlete
89a8acc6c7bffff,89a8acc6ea3ffff,2955259207,2955259166,14.2392,0.191119,athlete
89a8acc6c7bffff,89a8acc6ea7ffff,2955259207,3411176963,11.2921,0.399211,athlete
89a8acc6c7bffff,89a8acc6eabffff,2955259207,2403004414,18.3782,0.016137,athlete
89a8acc6c7bffff,89a8acc6eafffff,2955259207,2955259142,16.5237,0.072709,athlete
89a8acc6c7bffff,89a8acc6eb3ffff,2955259207,3501190741,11.1015,0.413916,athlete
89a8acc6c7bffff,89a8acc6eb7ffff,2955259207,2955259190,6.7176,0.746526,athlete
89a8acc6c7bffff,89a8acc6ebbffff,2955259207,2648475715,18.6385,0.011391,athlete
89a8acc6c83ffff,89a8ac89227ffff,3874217907,4471899907,17.6191,0.034562,athlete
89a8acc6c83ffff,89a8ac8922bffff,3874217907,4471899904,15.2228,0.134294,athlete
89a8acc6c83ffff,89a8ac8922fffff,3874217907,4032034265,11.8333,0.357997,athlete
89a8acc6c83ffff,89a8ac89267ffff,3874217907,3411230702,18.8467,0.008182,athlete
89a8acc6c83ffff,89a8ac89343ffff,3874217907,4471973406,19.176,0.004183,athlete
89a8acc6c83ffff,89a8ac8934bffff,3874217907,5267685479,16.7452,0.063935,athlete
89a8acc6c83ffff,89a8ac8935bffff,3874217907,3874217941,14.9014,0.151964,athlete
89a8acc6c83ffff,89a8acc6c03ffff,3874217907,4439701589,14.6973,0.16365,athlete
89a8acc6c83ffff,89a8acc6c07ffff,3874217907,2336108543,14.4067,0.180881,athlete
89a8acc6c83ffff,89a8acc6c0fffff,3874217907,2332043156,16.8598,0.059603,athlete
89a8acc6c83ffff,89a8acc6c13ffff,3874217907,2332074930,9.4839,0.540491,athlete
89a8acc6c83ffff,89a8acc6c17ffff,3874217907,2332075028,9.4013,0.546954,athlete
89a8acc6c83ffff,89a8acc6c1bffff,3874217907,7886951227,12.6908,0.294905,athlete
89a8acc6c83ffff,89a8acc6c33ffff,3874217907,2726180592,16.3158,0.081416,athlete
89a8acc6c83ffff,89a8acc6c3bffff,3874217907,3380582097,19.0627,0.005409,athlete
89a8acc6c83ffff,89a8acc6c57ffff,3874217907,3513038267,17.4643,0.03914,athlete
89a8acc6c83ffff,89a8acc6c83ffff,3874217907,3874217907,0.8264,0.995793,athlete
89a8acc6c83ffff,89a8acc6c87ffff,3874217907,4471893673,6.3797,0.769256,athlete
89a8acc6c83ffff,89a8acc6c8bffff,3874217907,2332075083,8.194,0.639951,athlete
89a8acc6c83ffff,89a8acc6c8fffff,3874217907,3005607847,5.9409,0.797635,athlete
89a8acc6c83ffff,89a8acc6c97ffff,3874217907,2332075036,8.6109,0.608234,athlete
89a8acc6c83ffff,89a8acc6c9bffff,3874217907,3219028043,16.5041,0.073512,athlete
89a8acc6c83ffff,89a8acc6cabffff,3874217907,4451063632,12.3646,0.318529,athlete
89a8acc6c83ffff,89a8acc6cb3ffff,3874217907,3005607817,14.0273,0.204376,athlete
89a8acc6c83ffff,89a8acc6cbbffff,3874217907,4471844854,9.4765,0.541069,athlete
89a8acc6c83ffff,89a8acc6cc3ffff,3874217907,3107402660,16.9386,0.056706,athlete
89a8acc6c83ffff,89a8acc6cc7ffff,3874217907,3409300606,12.768,0.289385,athlete
89a8acc6c83ffff,89a8acc6ccfffff,3874217907,3874217785,16.6989,0.065725,athlete
89a8acc6c83ffff,89a8acc6cd7ffff,3874217907,3398798243,12.1142,0.336983,athlete
89a8acc6c87ffff,89a8ac89227ffff,4471893673,4471899907,16.1505,0.088658,athlete
89a8acc6c87ffff,89a8ac8922bffff,4471893673,4471899904,16.9615,0.055876,athlete
89a8acc6c87ffff,89a8ac8922fffff,4471893673,4032034265,13.1667,0.26142,athlete
89a8acc6c87ffff,89a8ac89343ffff,4471893673,4471973406,16.0931,0.091237,athlete
89a8acc6c87ffff,89a8ac8934bffff,4471893673,5267685479,15.9946,0.09574,athlete
89a8acc6c87ffff,89a8ac89353ffff,4471893673,3005630750,18.0572,0.023102,athlete
89a8acc6c87ffff,89a8ac8935bffff,4471893673,3874217941,12.918,0.278759,athlete
89a8acc6c87ffff,89a8acc6c03ffff,4471893673,4439701589,17.0128,0.054042,athlete
89a8acc6c87ffff,89a8acc6c07ffff,4471893673,2336108543,16.7222,0.064823,athlete
89a8acc6c87ffff,89a8acc6c0fffff,4471893673,2332043156,19.1753,0.00419,athlete
89a8acc6c87ffff,89a8acc6c13ffff,4471893673,2332074930,11.903,0.352755,athlete
89a8acc6c87ffff,89a8acc6c17ffff,4471893673,2332075028,10.0733,0.494242,athlete
89a8acc6c87ffff,89a8acc6c1bffff,4471893673,7886951227,15.7182,0.108891,athlete
89a8acc6c87ffff,89a8acc6c33ffff,4471893673,2726180592,16.9878,0.054932,athlete
89a8acc6c87ffff,89a8acc6c83ffff,4471893673,3874217907,5.4459,0.827943,athlete
89a8acc6c87ffff,89a8acc6c87ffff,4471893673,4471893673,0.856,0.995487,athlete
89a8acc6c87ffff,89a8acc6c8bffff,4471893673,2332075083,11.2214,0.404657,athlete
89a8acc6c87ffff,89a8acc6c8fffff,4471893673,3005607847,6.6129,0.753646,athlete
89a8acc6c87ffff,89a8acc6c97ffff,4471893673,2332075036,6.2727,0.776302,athlete
89a8acc6c87ffff,89a8acc6c9bffff,4471893673,3219028043,19.5316,0.001353,athlete
89a8acc6c87ffff,89a8acc6cabffff,4471893673,4451063632,13.0366,0.270449,athlete
89a8acc6c87ffff,89a8acc6cb3ffff,4471893673,3005607817,14.4484,0.178368,athlete
89a8acc6c87ffff,89a8acc6cbbffff,4471893673,4471844854,9.8976,0.50804,athlete
89a8acc6c87ffff,89a8acc6cc3ffff,4471893673,3107402660,19.9661,7e-06,athlete
89a8acc6c87ffff,89a8acc6cc7ffff,4471893673,3409300606,15.7955,0.105139,athlete
89a8acc6c87ffff,89a8acc6ccfffff,4471893673,3874217785,19.7264,0.000462,athlete
89a8acc6c87ffff,89a8acc6cd7ffff,4471893673,3398798243,15.1417,0.138665,athlete
89a8acc6c8bffff,89a8ac89263ffff,2332075083,3874217829,18.072,0.022755,athlete
89a8acc6c8bffff,89a8ac89267ffff,2332075083,3411230702,13.7133,0.224615,athlete
89a8acc6c8bffff,89a8ac8926bffff,2332075083,3874217830,15.2453,0.133089,athlete
89a8acc6c8bffff,89a8ac8926fffff,2332075083,4451110980,14.0454,0.203231,athlete
89a8acc6c8bffff,89a8ac8934bffff,2332075083,5267685479,18.1376,0.021244,athlete
89a8acc6c8bffff,89a8acc6137ffff,2332075083,3082292208,19.8069,0.00023,athlete
89a8acc6c8bffff,89a8acc6c03ffff,2332075083,4439701589,14.1846,0.194504,athlete
89a8acc6c8bffff,89a8acc6c07ffff,2332075083,2336108543,13.894,0.212883,athlete
89a8acc6c8bffff,89a8acc6c0bffff,2332075083,3380581987,18.3668,0.016364,athlete
89a8acc6c8bffff,89a8acc6c0fffff,2332075083,2332043156,16.3471,0.080078,athlete
89a8acc6c8bffff,89a8acc6c13ffff,2332075083,2332074930,6.1143,0.786584,athlete
89a8acc6c8bffff,89a8acc6c17ffff,2332075083,2332075028,9.3907,0.547781,athlete
89a8acc6c8bffff,89a8acc6c1bffff,2332075083,7886951227,8.2864,0.632966,athlete
89a8acc6c8bffff,89a8acc6c33ffff,2332075083,2726180592,16.4697,0.074929,athlete
89a8acc6c8bffff,89a8acc6c3bffff,2332075083,3380582097,18.55,0.012914,athlete
89a8acc6c8bffff,89a8acc6c43ffff,2332075083,3425558055,17.682,0.032778,athlete
89a8acc6c8bffff,89a8acc6c47ffff,2332075083,5653257029,17.0645,0.052221,athlete
89a8acc6c8bffff,89a8acc6c57ffff,2332075083,3513038267,13.06,0.268819,athlete
89a8acc6c8bffff,89a8acc6c77ffff,2332075083,2332075047,19.5873,0.00105,athlete
89a8acc6c8bffff,89a8acc6c83ffff,2332075083,3874217907,10.9236,0.427716,athlete
89a8acc6c8bffff,89a8acc6c87ffff,2332075083,4471893673,14.5816,0.170428,athlete
89a8acc6c8bffff,89a8acc6c8bffff,2332075083,2332075083,1.7955,0.980245,athlete
89a8acc6c8bffff,89a8acc6c8fffff,2332075083,3005607847,6.4191,0.766643,athlete
89a8acc6c8bffff,89a8acc6c93ffff,2332075083,3411230699,15.6248,0.113506,athlete
89a8acc6c8bffff,89a8acc6c97ffff,2332075083,2332075036,16.9861,0.054992,athlete
89a8acc6c8bffff,89a8acc6c9bffff,2332075083,3219028043,11.6057,0.375221,athlete
89a8acc6c8bffff,89a8acc6cabffff,2332075083,4451063632,12.5184,0.307321,athlete
89a8acc6c8bffff,89a8acc6cb3ffff,2332075083,3005607817,15.4196,0.123927,athlete
89a8acc6c8bffff,89a8acc6cbbffff,2332075083,4471844854,10.5086,0.460099,athlete
89a8acc6c8bffff,89a8acc6cc3ffff,2332075083,3107402660,10.5402,0.457625,athlete
89a8acc6c8bffff,89a8acc6cc7ffff,2332075083,3409300606,6.3696,0.769927,athlete
89a8acc6c8bffff,89a8acc6ccbffff,2332075083,3082292208,17.8477,0.028303,athlete
89a8acc6c8bffff,89a8acc6ccfffff,2332075083,3874217785,11.2707,0.400862,athlete
89a8acc6c8bffff,89a8acc6cd3ffff,2332075083,3398796275,14.9246,0.150659,athlete
89a8acc6c8bffff,89a8acc6cd7ffff,2332075083,3398798243,5.7158,0.811652,athlete
89a8acc6c8bffff,89a8acc6cdbffff,2332075083,3874217836,15.055,0.143406,athlete
89a8acc6c8fffff,89a8ac8922fffff,3005607847,4032034265,19.5596,0.001196,athlete
89a8acc6c8fffff,89a8ac89267ffff,3005607847,3411230702,17.3639,0.042255,athlete
89a8acc6c8fffff,89a8ac8926bffff,3005607847,3874217830,19.9341,2.7e-05,athlete
89a8acc6c8fffff,89a8ac8926fffff,3005607847,4451110980,18.7342,0.009851,athlete
89a8acc6c8fffff,89a8ac89343ffff,3005607847,4471973406,19.4594,0.001802,athlete
89a8acc6c8fffff,89a8ac8934bffff,3005607847,5267685479,13.817,0.217855,athlete
89a8acc6c8fffff,89a8ac8934fffff,3005607847,3005607838,19.2729,0.003257,athlete
89a8acc6c8fffff,89a8ac8935bffff,3005607847,3874217941,19.3109,0.002926,athlete
89a8acc6c8fffff,89a8acc6c03ffff,3005607847,4439701589,11.4114,0.390053,athlete
89a8acc6c8fffff,89a8acc6c07ffff,3005607847,2336108543,11.1208,0.412424,athlete
89a8acc6c8fffff,89a8acc6c0bffff,3005607847,3380581987,17.0674,0.05212,athlete
89a8acc6c8fffff,89a8acc6c0fffff,3005607847,2332043156,13.5739,0.233818,athlete
89a8acc6c8fffff,89a8acc6c13ffff,3005607847,2332074930,6.3016,0.774404,athlete
89a8acc6c8fffff,89a8acc6c17ffff,3005607847,2332075028,4.4719,0.88163,athlete
89a8acc6c8fffff,89a8acc6c1bffff,3005607847,7886951227,10.9811,0.423246,athlete
89a8acc6c8fffff,89a8acc6c23ffff,3005607847,2726180683,17.0359,0.053224,athlete
89a8acc6c8fffff,89a8acc6c2bffff,3005607847,2335474641,19.9176,4.2e-05,athlete
89a8acc6c8fffff,89a8acc6c33ffff,3005607847,2726180592,11.3865,0.391966,athlete
89a8acc6c8fffff,89a8acc6c37ffff,3005607847,8370861913,18.1101,0.021872,athlete
89a8acc6c8fffff,89a8acc6c3bffff,3005607847,3380582097,15.7768,0.106041,athlete
89a8acc6c8fffff,89a8acc6c47ffff,3005607847,5653257029,19.7592,0.000358,athlete
89a8acc6c8fffff,89a8acc6c57ffff,3005607847,3513038267,15.7547,0.107113,athlete
89a8acc6c8fffff,89a8acc6c73ffff,3005607847,2336108293,17.6565,0.033497,athlete
89a8acc6c8fffff,89a8acc6c77ffff,3005607847,2332075047,16.8141,0.061313,athlete
89a8acc6c8fffff,89a8acc6c83ffff,3005607847,3874217907,9.3946,0.547476,athlete
89a8acc6c8fffff,89a8acc6c87ffff,3005607847,4471893673,10.2611,0.479502,athlete
89a8acc6c8fffff,89a8acc6c8bffff,3005607847,2332075083,6.4843,0.762297,athlete
89a8acc6c8fffff,89a8acc6c8fffff,3005607847,3005607847,1.0116,0.993701,athlete
89a8acc6c8fffff,89a8acc6c93ffff,3005607847,3411230699,19.2754,0.003235,athlete
89a8acc6c8fffff,89a8acc6c97ffff,3005607847,2332075036,12.6656,0.29671,athlete
89a8acc6c8fffff,89a8acc6c9bffff,3005607847,3219028043,15.0213,0.145266,athlete
89a8acc6c8fffff,89a8acc6ca3ffff,3005607847,6764284642,18.8597,0.008,athlete
89a8acc6c8fffff,89a8acc6cabffff,3005607847,4451063632,7.4352,0.696033,athlete
89a8acc6c8fffff,89a8acc6cafffff,3005607847,6764284385,17.2936,0.044505,athlete
89a8acc6c8fffff,89a8acc6cb3ffff,3005607847,3005607817,11.099,0.41411,athlete
89a8acc6c8fffff,89a8acc6cbbffff,3005607847,4471844854,5.101,0.8479,athlete
89a8acc6c8fffff,89a8acc6cc3ffff,3005607847,3107402660,15.229,0.13396,athlete
89a8acc6c8fffff,89a8acc6cc7ffff,3005607847,3409300606,11.0584,0.417255,athlete
89a8acc6c8fffff,89a8acc6ccfffff,3005607847,3874217785,14.9893,0.14704,athlete
89a8acc6c8fffff,89a8acc6cd3ffff,3005607847,3398796275,19.6134,0.000922,athlete
89a8acc6c8fffff,89a8acc6cd7ffff,3005607847,3398798243,10.4046,0.468242,athlete
89a8acc6c8fffff,89a8acc6cdbffff,3005607847,3874217836,19.7438,0.000405,athlete
89a8acc6c93ffff,89a8ac89263ffff,3411230699,3874217829,19.2662,0.003318,athlete
89a8acc6c93ffff,89a8ac89267ffff,3411230699,3411230702,5.4999,0.824728,athlete
89a8acc6c93ffff,89a8ac8926bffff,3411230699,3874217830,16.4395,0.076183,athlete
89a8acc6c93ffff,89a8ac8926fffff,3411230699,4451110980,15.2396,0.133396,athlete
89a8acc6c93ffff,89a8acc6c13ffff,3411230699,2332074930,16.1085,0.090541,athlete
89a8acc6c93ffff,89a8acc6c17ffff,3411230699,2332075028,19.1719,0.004224,athlete
89a8acc6c93ffff,89a8acc6c1bffff,3411230699,7886951227,17.847,0.028321,athlete
89a8acc6c93ffff,89a8acc6c8bffff,3411230699,2332075083,13.8493,0.215767,athlete
89a8acc6c93ffff,89a8acc6c8fffff,3411230699,3005607847,16.2003,0.086445,athlete
89a8acc6c93ffff,89a8acc6c93ffff,3411230699,3411230699,2.3473,0.966397,athlete
89a8acc6c93ffff,89a8acc6c9bffff,3411230699,3219028043,6.9603,0.729772,athlete
89a8acc6c93ffff,89a8acc6cc3ffff,3411230699,3107402660,16.0238,0.094394,athlete
89a8acc6c93ffff,89a8acc6cc7ffff,3411230699,3409300606,14.8588,0.154372,athlete
89a8acc6c93ffff,89a8acc6ccfffff,3411230699,3874217785,18.1876,0.020126,athlete
89a8acc6c93ffff,89a8acc6cd7ffff,3411230699,3398798243,10.1683,0.486785,athlete
89a8acc6c97ffff,89a8ac89227ffff,2332075036,4471899907,10.2093,0.483567,athlete
89a8acc6c97ffff,89a8ac8922bffff,2332075036,4471899904,11.0203,0.420207,athlete
89a8acc6c97ffff,89a8ac8922fffff,2332075036,4032034265,7.2255,0.711079,athlete
89a8acc6c97ffff,89a8ac89343ffff,2332075036,4471973406,11.0217,0.420096,athlete
89a8acc6c97ffff,89a8ac8934bffff,2332075036,5267685479,10.9233,0.42774,athlete
89a8acc6c97ffff,89a8ac8934fffff,2332075036,3005607838,16.921,0.057346,athlete
89a8acc6c97ffff,89a8ac89353ffff,2332075036,3005630750,12.9859,0.273993,athlete
89a8acc6c97ffff,89a8ac89357ffff,2332075036,3005630751,15.5951,0.114989,athlete
89a8acc6c97ffff,89a8ac8935bffff,2332075036,3874217941,6.9768,0.728615,athlete
89a8acc6c97ffff,89a8acc6c03ffff,2332075036,4439701589,17.535,0.037016,athlete
89a8acc6c97ffff,89a8acc6c07ffff,2332075036,2336108543,17.2444,0.046113,athlete
89a8acc6c97ffff,89a8acc6c0fffff,2332075036,2332043156,19.6975,0.000564,athlete
89a8acc6c97ffff,89a8acc6c13ffff,2332075036,2332074930,12.4252,0.3141,athlete
89a8acc6c97ffff,89a8acc6c17ffff,2332075036,2332075028,10.5955,0.453298,athlete
89a8acc6c97ffff,89a8acc6c1bffff,2332075036,7886951227,16.1085,0.090541,athlete
89a8acc6c97ffff,89a8acc6c33ffff,2332075036,2726180592,17.51,0.03776,athlete
89a8acc6c97ffff,89a8acc6c83ffff,2332075036,3874217907,5.7832,0.807495,athlete
89a8acc6c97ffff,89a8acc6c87ffff,2332075036,4471893673,4.0649,0.901493,athlete
89a8acc6c97ffff,89a8acc6c8bffff,2332075036,2332075083,11.6117,0.374764,athlete
89a8acc6c97ffff,89a8acc6c8fffff,2332075036,3005607847,7.1351,0.717489,athlete
89a8acc6c97ffff,89a8acc6c97ffff,2332075036,2332075036,0.3315,0.999322,athlete
89a8acc6c97ffff,89a8acc6c9bffff,2332075036,3219028043,19.9219,3.8e-05,athlete
89a8acc6c97ffff,89a8acc6cabffff,2332075036,4451063632,13.5588,0.234826,athlete
89a8acc6c97ffff,89a8acc6cb3ffff,2332075036,3005607817,14.3001,0.187371,athlete
89a8acc6c97ffff,89a8acc6cbbffff,2332075036,4471844854,10.4198,0.467052,athlete
89a8acc6c97ffff,89a8acc6cc7ffff,2332075036,3409300606,16.1858,0.087088,athlete
89a8acc6c97ffff,89a8acc6cd7ffff,2332075036,3398798243,15.532,0.11817,athlete
89a8acc6c9bffff,89a8ac89263ffff,3219028043,3874217829,15.196,0.135732,athlete
89a8acc6c9bffff,89a8ac89267ffff,3219028043,3411230702,8.1471,0.64348,athlete
89a8acc6c9bffff,89a8ac8926bffff,3219028043,3874217830,12.3693,0.318181,athlete
89a8acc6c9bffff,89a8ac8926fffff,3219028043,4451110980,11.1694,0.408672,athlete
89a8acc6c9bffff,89a8acc61b7ffff,3219028043,3874217822,17.4874,0.03844,athlete
89a8acc6c9bffff,89a8acc6c03ffff,3219028043,4439701589,19.7281,0.000456,athlete
89a8acc6c9bffff,89a8acc6c07ffff,3219028043,2336108543,19.4375,0.00195,athlete
89a8acc6c9bffff,89a8acc6c13ffff,3219028043,2332074930,11.7896,0.36129,athlete
89a8acc6c9bffff,89a8acc6c17ffff,3219028043,2332075028,14.853,0.154707,athlete
89a8acc6c9bffff,89a8acc6c1bffff,3219028043,7886951227,13.7769,0.220463,athlete
89a8acc6c9bffff,89a8acc6c57ffff,3219028043,3513038267,17.1707,0.04857,athlete
89a8acc6c9bffff,89a8acc6c83ffff,3219028043,3874217907,16.0551,0.092963,athlete
89a8acc6c9bffff,89a8acc6c87ffff,3219028043,4471893673,19.7131,0.000508,athlete
89a8acc6c9bffff,89a8acc6c8bffff,3219028043,2332075083,9.7791,0.517346,athlete
89a8acc6c9bffff,89a8acc6c8fffff,3219028043,3005607847,11.8814,0.354377,athlete
89a8acc6c9bffff,89a8acc6c93ffff,3219028043,3411230699,6.93,0.731883,athlete
89a8acc6c9bffff,89a8acc6c9bffff,3219028043,3219028043,1.0001,0.993843,athlete
89a8acc6c9bffff,89a8acc6cabffff,3219028043,4451063632,17.9807,0.024943,athlete
89a8acc6c9bffff,89a8acc6cbbffff,3219028043,4471844854,15.9708,0.096843,athlete
89a8acc6c9bffff,89a8acc6cc3ffff,3219028043,3107402660,11.9537,0.348957,athlete
89a8acc6c9bffff,89a8acc6cc7ffff,3219028043,3409300606,10.7887,0.438216,athlete
89a8acc6c9bffff,89a8acc6ccbffff,3219028043,3082292208,19.2245,0.003705,athlete
89a8acc6c9bffff,89a8acc6ccfffff,3219028043,3874217785,14.1174,0.198698,athlete
89a8acc6c9bffff,89a8acc6cd3ffff,3219028043,3398796275,16.1896,0.086918,athlete
89a8acc6c9bffff,89a8acc6cd7ffff,3219028043,3398798243,6.0981,0.787624,athlete
89a8acc6c9bffff,89a8acc6cdbffff,3219028043,3874217836,16.32,0.081236,athlete
89a8acc6ca3ffff,89a8ac8936bffff,6764284642,6764284470,14.8752,0.153447,athlete
89a8acc6ca3ffff,89a8acc6c03ffff,6764284642,4439701589,19.3005,0.003016,athlete
89a8acc6ca3ffff,89a8acc6c07ffff,6764284642,2336108543,14.8566,0.154501,athlete
89a8acc6ca3ffff,89a8acc6c0fffff,6764284642,2332043156,18.8171,0.008606,athlete
89a8acc6ca3ffff,89a8acc6c13ffff,6764284642,2332074930,18.2926,0.017875,athlete
89a8acc6ca3ffff,89a8acc6c17ffff,6764284642,2332075028,14.6396,0.167019,athlete
89a8acc6ca3ffff,89a8acc6c23ffff,6764284642,2726180683,13.0857,0.267029,athlete
89a8acc6ca3ffff,89a8acc6c27ffff,6764284642,2335292922,16.9712,0.055527,athlete
89a8acc6ca3ffff,89a8acc6c2bffff,6764284642,2335474641,16.8333,0.060594,athlete
89a8acc6ca3ffff,89a8acc6c2fffff,6764284642,2335474575,18.4615,0.01453,athlete
89a8acc6ca3ffff,89a8acc6c33ffff,6764284642,2726180592,8.6235,0.607266,athlete
89a8acc6ca3ffff,89a8acc6c37ffff,6764284642,8370861913,11.6867,0.369068,athlete
89a8acc6ca3ffff,89a8acc6c3bffff,6764284642,3380582097,14.7257,0.162002,athlete
89a8acc6ca3ffff,89a8acc6c77ffff,6764284642,2332075047,18.687,0.010597,athlete
89a8acc6ca3ffff,89a8acc6c8fffff,6764284642,3005607847,15.2123,0.134853,athlete
89a8acc6ca3ffff,89a8acc6ca3ffff,6764284642,6764284642,0.9984,0.993863,athlete
89a8acc6ca3ffff,89a8acc6ca7ffff,6764284642,6764284470,12.2522,0.326778,athlete
89a8acc6ca3ffff,89a8acc6cabffff,6764284642,4451063632,8.8821,0.58735,athlete
89a8acc6ca3ffff,89a8acc6cafffff,6764284642,6764284385,5.0559,0.850433,athlete
89a8acc6ca3ffff,89a8acc6cbbffff,6764284642,4471844854,13.4869,0.239626,athlete
89a8acc6ca3ffff,89a8acc6dc3ffff,6764284642,8370861869,18.2746,0.01825,athlete
89a8acc6ca3ffff,89a8acc6dcbffff,6764284642,8370861883,16.7333,0.064394,athlete
89a8acc6ca3ffff,89a8acc6dd3ffff,6764284642,8371222445,19.3431,0.002659,athlete
89a8acc6ca3ffff,89a8acc6ddbffff,6764284642,8370942543,17.3928,0.041347,athlete
89a8acc6ca7ffff,89a8ac8936bffff,6764284470,6764284470,5.3271,0.83493,athlete
89a8acc6ca7ffff,89a8acc6c23ffff,6764284470,2726180683,18.7007,0.010377,athlete
89a8acc6ca7ffff,89a8acc6c33ffff,6764284470,2726180592,14.2386,0.191159,athlete
89a8acc6ca7ffff,89a8acc6c37ffff,6764284470,8370861913,17.3018,0.044241,athlete
89a8acc6ca7ffff,89a8acc6ca3ffff,6764284470,6764284642,7.7521,0.672902,athlete
89a8acc6ca7ffff,89a8acc6ca7ffff,6764284470,6764284470,2.7041,0.955568,athlete
89a8acc6ca7ffff,89a8acc6cabffff,6764284470,4451063632,14.4971,0.175449,athlete
89a8acc6ca7ffff,89a8acc6cafffff,6764284470,6764284385,8.1277,0.644938,athlete
89a8acc6ca7ffff,89a8acc6cbbffff,6764284470,4471844854,19.102,0.004967,athlete
89a8acc6cabffff,89a8ac8934bffff,4451063632,5267685479,15.501,0.119746,athlete
89a8acc6cabffff,89a8acc6893ffff,4451063632,2335474678,17.4863,0.038474,athlete
89a8acc6cabffff,89a8acc6c03ffff,4451063632,4439701589,10.9131,0.428533,athlete
89a8acc6cabffff,89a8acc6c07ffff,4451063632,2336108543,10.6225,0.451188,athlete
89a8acc6cabffff,89a8acc6c0bffff,4451063632,3380581987,16.569,0.070873,athlete
89a8acc6cabffff,89a8acc6c0fffff,4451063632,2332043156,13.0756,0.267733,athlete
89a8acc6cabffff,89a8acc6c13ffff,4451063632,2332074930,9.9052,0.507446,athlete
89a8acc6cabffff,89a8acc6c17ffff,4451063632,2332075028,6.2522,0.777642,athlete
89a8acc6cabffff,89a8acc6c1bffff,4451063632,7886951227,12.1687,0.332947,athlete
89a8acc6cabffff,89a8acc6c23ffff,4451063632,2726180683,10.0954,0.49251,athlete
89a8acc6cabffff,89a8acc6c27ffff,4451063632,2335292922,13.9809,0.207322,athlete
89a8acc6cabffff,89a8acc6c2bffff,4451063632,2335474641,13.8429,0.216175,athlete
89a8acc6cabffff,89a8acc6c2fffff,4451063632,2335474575,15.4712,0.121272,athlete
89a8acc6cabffff,89a8acc6c33ffff,4451063632,2726180592,4.446,0.882946,athlete
89a8acc6cabffff,89a8acc6c37ffff,4451063632,8370861913,11.1696,0.40866,athlete
89a8acc6cabffff,89a8acc6c3bffff,4451063632,3380582097,11.7354,0.365382,athlete
89a8acc6cabffff,89a8acc6c47ffff,4451063632,5653257029,19.6344,0.000824,athlete
89a8acc6cabffff,89a8acc6c57ffff,4451063632,3513038267,16.6552,0.067436,athlete
89a8acc6cabffff,89a8acc6c73ffff,4451063632,2336108293,17.1581,0.048997,athlete
89a8acc6cabffff,89a8acc6c77ffff,4451063632,2332075047,15.6967,0.109949,athlete
89a8acc6cabffff,89a8acc6c83ffff,4451063632,3874217907,15.208,0.135086,athlete
89a8acc6cabffff,89a8acc6c87ffff,4451063632,4471893673,16.0745,0.092082,athlete
89a8acc6cabffff,89a8acc6c8bffff,4451063632,2332075083,11.8089,0.359832,athlete
89a8acc6cabffff,89a8acc6c8fffff,4451063632,3005607847,6.825,0.739157,athlete
89a8acc6cabffff,89a8acc6c97ffff,4451063632,2332075036,18.479,0.014203,athlete
89a8acc6cabffff,89a8acc6ca3ffff,4451063632,6764284642,11.9192,0.351541,athlete
89a8acc6cabffff,89a8acc6cabffff,4451063632,4451063632,0.4947,0.998491,athlete
89a8acc6cabffff,89a8acc6cafffff,4451063632,6764284385,10.3531,0.472283,athlete
89a8acc6cabffff,89a8acc6cb3ffff,4451063632,3005607817,12.783,0.288316,athlete
89a8acc6cabffff,89a8acc6cbbffff,4451063632,4471844854,5.0996,0.847982,athlete
89a8acc6cabffff,89a8acc6cc3ffff,4451063632,3107402660,19.8317,0.000175,athlete
89a8acc6cabffff,89a8acc6cc7ffff,4451063632,3409300606,15.6167,0.113911,athlete
89a8acc6cabffff,89a8acc6ccfffff,4451063632,3874217785,17.4079,0.040876,athlete
89a8acc6cabffff,89a8acc6cd7ffff,4451063632,3398798243,15.7292,0.108355,athlete
89a8acc6cabffff,89a8acc6d53ffff,4451063632,2335292974,19.7926,0.000265,athlete
89a8acc6cabffff,89a8acc6d5bffff,4451063632,7546069758,18.1259,0.021509,athlete
89a8acc6cabffff,89a8acc6dc3ffff,4451063632,8370861869,16.5296,0.072471,athlete
89a8acc6cabffff,89a8acc6dcbffff,4451063632,8370861883,14.9882,0.147101,athlete
89a8acc6cabffff,89a8acc6dd3ffff,4451063632,8371222445,19.0708,0.005316,athlete
89a8acc6cabffff,89a8acc6ddbffff,4451063632,8370942543,17.1205,0.050279,athlete
89a8acc6cafffff,89a8ac8936bffff,6764284385,6764284470,16.2598,0.083838,athlete
89a8acc6cafffff,89a8acc6893ffff,6764284385,2335474678,19.3231,0.002824,athlete
89a8acc6cafffff,89a8acc6c03ffff,6764284385,4439701589,18.147,0.021032,athlete
89a8acc6cafffff,89a8acc6c07ffff,6764284385,2336108543,13.7031,0.225287,athlete
89a8acc6cafffff,89a8acc6c0fffff,6764284385,2332043156,17.6636,0.033295,athlete
89a8acc6cafffff,89a8acc6c13ffff,6764284385,2332074930,17.1391,0.049644,athlete
89a8acc6cafffff,89a8acc6c17ffff,6764284385,2332075028,13.4861,0.239684,athlete
89a8acc6cafffff,89a8acc6c1bffff,6764284385,7886951227,19.4026,0.0022,athlete
89a8acc6cafffff,89a8acc6c23ffff,6764284385,2726180683,11.9322,0.350566,athlete
89a8acc6cafffff,89a8acc6c27ffff,6764284385,2335292922,15.8177,0.104071,athlete
89a8acc6cafffff,89a8acc6c2bffff,6764284385,2335474641,15.6798,0.110781,athlete
89a8acc6cafffff,89a8acc6c2fffff,6764284385,2335474575,17.308,0.044041,athlete
89a8acc6cafffff,89a8acc6c33ffff,6764284385,2726180592,7.47,0.693513,athlete
89a8acc6cafffff,89a8acc6c37ffff,6764284385,8370861913,10.5332,0.458168,athlete
89a8acc6cafffff,89a8acc6c3bffff,6764284385,3380582097,13.5722,0.233931,athlete
89a8acc6cafffff,89a8acc6c77ffff,6764284385,2332075047,17.5335,0.037061,athlete
89a8acc6cafffff,89a8acc6c8bffff,6764284385,2332075083,19.0428,0.005641,athlete
89a8acc6cafffff,89a8acc6c8fffff,6764284385,3005607847,14.0588,0.202381,athlete
89a8acc6cafffff,89a8acc6ca3ffff,6764284385,6764284642,5.51,0.824129,athlete
89a8acc6cafffff,89a8acc6ca7ffff,6764284385,6764284470,13.6368,0.229648,athlete
89a8acc6cafffff,89a8acc6cabffff,6764284385,4451063632,7.7286,0.674635,athlete
89a8acc6cafffff,89a8acc6cafffff,6764284385,6764284385,0.9511,0.994431,athlete
89a8acc6cafffff,89a8acc6cbbffff,6764284385,4471844854,12.3334,0.320808,athlete
89a8acc6cafffff,89a8acc6d5bffff,6764284385,7546069758,19.9627,9e-06,athlete
89a8acc6cafffff,89a8acc6dc3ffff,6764284385,8370861869,17.1211,0.050258,athlete
89a8acc6cafffff,89a8acc6dcbffff,6764284385,8370861883,15.5798,0.115756,athlete
89a8acc6cafffff,89a8acc6dd3ffff,6764284385,8371222445,18.1896,0.020082,athlete
89a8acc6cafffff,89a8acc6ddbffff,6764284385,8370942543,16.2393,0.084731,athlete
89a8acc6cb3ffff,89a8ac8922fffff,3005607817,4032034265,19.5954,0.001009,athlete
89a8acc6cb3ffff,89a8ac89343ffff,3005607817,4471973406,12.3173,0.321996,athlete
89a8acc6cb3ffff,89a8ac89347ffff,3005607817,3005607825,17.5503,0.036562,athlete
89a8acc6cb3ffff,89a8ac8934bffff,3005607817,5267685479,8.1396,0.644047,athlete
89a8acc6cb3ffff,89a8ac8934fffff,3005607817,3005607838,9.6313,0.528944,athlete
89a8acc6cb3ffff,89a8ac89353ffff,3005607817,3005630750,16.5461,0.071798,athlete
89a8acc6cb3ffff,89a8ac89357ffff,3005607817,3005630751,19.1553,0.004394,athlete
89a8acc6cb3ffff,89a8ac8935bffff,3005607817,3874217941,15.2383,0.133465,athlete
89a8acc6cb3ffff,89a8ac8937bffff,3005607817,3005607825,16.6099,0.069234,athlete
89a8acc6cb3ffff,89a8acc6c03ffff,3005607817,4439701589,18.8826,0.007682,athlete
89a8acc6cb3ffff,89a8acc6c07ffff,3005607817,2336108543,18.592,0.012179,athlete
89a8acc6cb3ffff,89a8acc6c13ffff,3005607817,2332074930,14.6607,0.165783,athlete
89a8acc6cb3ffff,89a8acc6c17ffff,3005607817,2332075028,12.1917,0.331247,athlete
89a8acc6cb3ffff,89a8acc6c1bffff,3005607817,7886951227,18.4856,0.014079,athlete
89a8acc6cb3ffff,89a8acc6c33ffff,3005607817,2726180592,15.6928,0.110138,athlete
89a8acc6cb3ffff,89a8acc6c83ffff,3005607817,3874217907,15.5017,0.119711,athlete
89a8acc6cb3ffff,89a8acc6c87ffff,3005607817,4471893673,16.3681,0.079182,athlete
89a8acc6cb3ffff,89a8acc6c8bffff,3005607817,2332075083,13.9889,0.206816,athlete
89a8acc6cb3ffff,89a8acc6c8fffff,3005607817,3005607847,9.3706,0.54935,athlete
89a8acc6cb3ffff,89a8acc6c97ffff,3005607817,2332075036,17.8404,0.028494,athlete
89a8acc6cb3ffff,89a8acc6cabffff,3005607817,4451063632,11.7416,0.364917,athlete
89a8acc6cb3ffff,89a8acc6cb3ffff,3005607817,3005607817,0.7749,0.996301,athlete
89a8acc6cb3ffff,89a8acc6cb7ffff,3005607817,3005607840,14.6494,0.166443,athlete
89a8acc6cb3ffff,89a8acc6cbbffff,3005607817,4471844854,8.1121,0.646112,athlete
89a8acc6cb3ffff,89a8acc6cc7ffff,3005607817,3409300606,18.5629,0.012685,athlete
89a8acc6cb3ffff,89a8acc6cd7ffff,3005607817,3398798243,17.9091,0.026725,athlete
89a8acc6cb7ffff,89a8ac89227ffff,3005607840,4471899907,18.4531,0.014688,athlete
89a8acc6cb7ffff,89a8ac8922fffff,3005607840,4032034265,19.2404,0.003555,athlete
89a8acc6cb7ffff,89a8ac89343ffff,3005607840,4471973406,8.8174,0.592347,athlete
89a8acc6cb7ffff,89a8ac89347ffff,3005607840,3005607825,9.725,0.521594,athlete
89a8acc6cb7ffff,89a8ac8934bffff,3005607840,5267685479,14.7866,0.158493,athlete
89a8acc6cb7ffff,89a8ac8934fffff,3005607840,3005607838,4.9076,0.858648,athlete
89a8acc6cb7ffff,89a8ac89353ffff,3005607840,3005630750,13.1599,0.261888,athlete
89a8acc6cb7ffff,89a8ac89357ffff,3005607840,3005630751,15.7691,0.106414,athlete
89a8acc6cb7ffff,89a8ac8935bffff,3005607840,3874217941,13.1521,0.262426,athlete
89a8acc6cb7ffff,89a8ac8937bffff,3005607840,3005607825,8.7845,0.594884,athlete
89a8acc6cb7ffff,89a8acc6c37ffff,3005607840,8370861913,19.9744,4e-06,athlete
89a8acc6cb7ffff,89a8acc6c8fffff,3005607840,3005607847,18.0843,0.022468,athlete
89a8acc6cb7ffff,89a8acc6c97ffff,3005607840,2332075036,19.0326,0.005762,athlete
89a8acc6cb7ffff,89a8acc6cb3ffff,3005607840,3005607817,10.1014,0.49204,athlete
89a8acc6cb7ffff,89a8acc6cb7ffff,3005607840,3005607840,3.8726,0.910309,athlete
89a8acc6cb7ffff,89a8acc6cbbffff,3005607840,4471844854,16.8257,0.060876,athlete
89a8acc6cbbffff,89a8ac89343ffff,4471844854,4471973406,18.9757,0.006459,athlete
89a8acc6cbbffff,89a8ac8934bffff,4471844854,5267685479,13.3333,0.250003,athlete
89a8acc6cbbffff,89a8ac8934fffff,4471844854,3005607838,18.7892,0.009015,athlete
89a8acc6cbbffff,89a8ac8935bffff,4471844854,3874217941,19.1975,0.003967,athlete
89a8acc6cbbffff,89a8acc6c03ffff,4471844854,4439701589,13.6165,0.230993,athlete
89a8acc6cbbffff,89a8acc6c07ffff,4471844854,2336108543,13.3259,0.250504,athlete
89a8acc6cbbffff,89a8acc6c0bffff,4471844854,3380581987,19.2725,0.003262,athlete
89a8acc6cbbffff,89a8acc6c0fffff,4471844854,2332043156,15.779,0.105935,athlete
89a8acc6cbbffff,89a8acc6c13ffff,4471844854,2332074930,9.8216,0.51401,athlete
89a8acc6cbbffff,89a8acc6c17ffff,4471844854,2332075028,6.9256,0.732187,athlete
89a8acc6cbbffff,89a8acc6c1bffff,4471844854,7886951227,13.7121,0.224692,athlete
89a8acc6cbbffff,89a8acc6c23ffff,4471844854,2726180683,16.0762,0.092005,athlete
89a8acc6cbbffff,89a8acc6c27ffff,4471844854,2335292922,19.9617,9e-06,athlete
89a8acc6cbbffff,89a8acc6c2bffff,4471844854,2335474641,19.8237,0.000192,athlete
89a8acc6cbbffff,89a8acc6c33ffff,4471844854,2726180592,10.4267,0.466509,athlete
89a8acc6cbbffff,89a8acc6c37ffff,4471844854,8370861913,17.1503,0.049261,athlete
89a8acc6cbbffff,89a8acc6c3bffff,4471844854,3380582097,17.7162,0.03183,athlete
89a8acc6cbbffff,89a8acc6c57ffff,4471844854,3513038267,18.4857,0.014079,athlete
89a8acc6cbbffff,89a8acc6c73ffff,4471844854,2336108293,19.8616,0.000118,athlete
89a8acc6cbbffff,89a8acc6c77ffff,4471844854,2332075047,19.0192,0.005922,athlete
89a8acc6cbbffff,89a8acc6c83ffff,4471844854,3874217907,13.3784,0.246942,athlete
89a8acc6cbbffff,89a8acc6c87ffff,4471844854,4471893673,14.2448,0.190771,athlete
89a8acc6cbbffff,89a8acc6c8bffff,4471844854,2332075083,11.5857,0.376745,athlete
89a8acc6cbbffff,89a8acc6c8fffff,4471844854,3005607847,6.1129,0.786673,athlete
89a8acc6cbbffff,89a8acc6c97ffff,4471844854,2332075036,16.6494,0.067669,athlete
89a8acc6cbbffff,89a8acc6ca3ffff,4471844854,6764284642,17.9,0.026958,athlete
89a8acc6cbbffff,89a8acc6cabffff,4471844854,4451063632,6.4755,0.762889,athlete
89a8acc6cbbffff,89a8acc6cafffff,4471844854,6764284385,16.3339,0.080642,athlete
89a8acc6cbbffff,89a8acc6cb3ffff,4471844854,3005607817,10.6153,0.451747,athlete
89a8acc6cbbffff,89a8acc6cbbffff,4471844854,4471844854,1.8798,0.978361,athlete
89a8acc6cbbffff,89a8acc6cc3ffff,4471844854,3107402660,19.7481,0.000391,athlete
89a8acc6cbbffff,89a8acc6cc7ffff,4471844854,3409300606,15.5331,0.118116,athlete
89a8acc6cbbffff,89a8acc6ccfffff,4471844854,3874217785,18.7268,0.009965,athlete
89a8acc6cbbffff,89a8acc6cd7ffff,4471844854,3398798243,15.506,0.119493,athlete
89a8acc6cc3ffff,89a8ac89263ffff,3107402660,3874217829,15.1952,0.135773,athlete
89a8acc6cc3ffff,89a8ac89267ffff,3107402660,3411230702,15.7883,0.105487,athlete
89a8acc6cc3ffff,89a8ac8926bffff,3107402660,3874217830,12.3685,0.318237,athlete
89a8acc6cc3ffff,89a8ac8926fffff,3107402660,4451110980,11.1686,0.408731,athlete
89a8acc6cc3ffff,89a8acc6127ffff,3107402660,3880605752,15.4266,0.123565,athlete
89a8acc6cc3ffff,89a8acc6137ffff,3107402660,3082292208,9.5211,0.537578,athlete
89a8acc6cc3ffff,89a8acc61a7ffff,3107402660,4471533321,19.2046,0.003898,athlete
89a8acc6cc3ffff,89a8acc61b7ffff,3107402660,3874217822,17.4866,0.038463,athlete
89a8acc6cc3ffff,89a8acc6c03ffff,3107402660,4439701589,18.6317,0.011504,athlete
89a8acc6cc3ffff,89a8acc6c07ffff,3107402660,2336108543,18.3412,0.016878,athlete
89a8acc6cc3ffff,89a8acc6c0bffff,3107402660,3380581987,16.2385,0.084766,athlete
89a8acc6cc3ffff,89a8acc6c13ffff,3107402660,2332074930,12.0215,0.343885,athlete
89a8acc6cc3ffff,89a8acc6c17ffff,3107402660,2332075028,14.8708,0.153692,athlete
89a8acc6cc3ffff,89a8acc6c1bffff,3107402660,7886951227,8.7122,0.600451,athlete
89a8acc6cc3ffff,89a8acc6c43ffff,3107402660,3425558055,13.9073,0.21203,athlete
89a8acc6cc3ffff,89a8acc6c47ffff,3107402660,5653257029,14.345,0.184628,athlete
89a8acc6cc3ffff,89a8acc6c4bffff,3107402660,3425557950,19.0084,0.006053,athlete
89a8acc6cc3ffff,89a8acc6c4fffff,3107402660,2955259222,17.146,0.049407,athlete
89a8acc6cc3ffff,89a8acc6c53ffff,3107402660,3425558243,16.8945,0.05832,athlete
89a8acc6cc3ffff,89a8acc6c57ffff,3107402660,3513038267,9.0024,0.578031,athlete
89a8acc6cc3ffff,89a8acc6c73ffff,3107402660,2336108293,18.7456,0.009674,athlete
89a8acc6cc3ffff,89a8acc6c7bffff,3107402660,2955259207,19.1965,0.003977,athlete
89a8acc6cc3ffff,89a8acc6c83ffff,3107402660,3874217907,19.0993,0.004996,athlete
89a8acc6cc3ffff,89a8acc6c8bffff,3107402660,2332075083,9.9712,0.502261,athlete
89a8acc6cc3ffff,89a8acc6c8fffff,3107402660,3005607847,14.5948,0.169649,athlete
89a8acc6cc3ffff,89a8acc6c93ffff,3107402660,3411230699,17.6997,0.032285,athlete
89a8acc6cc3ffff,89a8acc6c9bffff,3107402660,3219028043,13.6807,0.226759,athlete
89a8acc6cc3ffff,89a8acc6cabffff,3107402660,4451063632,19.182,0.004122,athlete
89a8acc6cc3ffff,89a8acc6cbbffff,3107402660,4471844854,18.6843,0.010641,athlete
89a8acc6cc3ffff,89a8acc6cc3ffff,3107402660,3107402660,0.2544,0.999601,athlete
89a8acc6cc3ffff,89a8acc6cc7ffff,3107402660,3409300606,5.1183,0.846922,athlete
89a8acc6cc3ffff,89a8acc6ccbffff,3107402660,3082292208,7.5619,0.68684,athlete
89a8acc6cc3ffff,89a8acc6ccfffff,3107402660,3874217785,5.6365,0.816497,athlete
89a8acc6cc3ffff,89a8acc6cd3ffff,3107402660,3398796275,7.3412,0.702805,athlete
89a8acc6cc3ffff,89a8acc6cd7ffff,3107402660,3398798243,5.9906,0.794489,athlete
89a8acc6cc3ffff,89a8acc6cdbffff,3107402660,3874217836,5.9102,0.799572,athlete
89a8acc6cc7ffff,89a8ac89263ffff,3409300606,3874217829,18.9517,0.006764,athlete
89a8acc6cc7ffff,89a8ac89267ffff,3409300606,3411230702,14.593,0.169755,athlete
89a8acc6cc7ffff,89a8ac8926bffff,3409300606,3874217830,16.125,0.089799,athlete
89a8acc6cc7ffff,89a8ac8926fffff,3409300606,4451110980,14.9251,0.150631,athlete
89a8acc6cc7ffff,89a8acc6127ffff,3409300606,3880605752,17.0166,0.053908,athlete
89a8acc6cc7ffff,89a8acc6137ffff,3409300606,3082292208,14.6446,0.166725,athlete
89a8acc6cc7ffff,89a8acc6c03ffff,3409300606,4439701589,14.6762,0.164877,athlete
89a8acc6cc7ffff,89a8acc6c07ffff,3409300606,2336108543,14.3856,0.182157,athlete
89a8acc6cc7ffff,89a8acc6c0bffff,3409300606,3380581987,15.1438,0.138552,athlete
89a8acc6cc7ffff,89a8acc6c0fffff,3409300606,2332043156,16.8387,0.060389,athlete
89a8acc6cc7ffff,89a8acc6c13ffff,3409300606,2332074930,8.066,0.649569,athlete
89a8acc6cc7ffff,89a8acc6c17ffff,3409300606,2332075028,10.9153,0.428357,athlete
89a8acc6cc7ffff,89a8acc6c1bffff,3409300606,7886951227,4.7567,0.866802,athlete
89a8acc6cc7ffff,89a8acc6c33ffff,3409300606,2726180592,18.1448,0.02108,athlete
89a8acc6cc7ffff,89a8acc6c3bffff,3409300606,3380582097,19.0416,0.005655,athlete
89a8acc6cc7ffff,89a8acc6c43ffff,3409300606,3425558055,14.1524,0.19651,athlete
89a8acc6cc7ffff,89a8acc6c47ffff,3409300606,5653257029,13.5348,0.236424,athlete
89a8acc6cc7ffff,89a8acc6c4bffff,3409300606,3425557950,19.2535,0.003433,athlete
89a8acc6cc7ffff,89a8acc6c4fffff,3409300606,2955259222,17.3911,0.0414,athlete
89a8acc6cc7ffff,89a8acc6c53ffff,3409300606,3425558243,17.1396,0.049627,athlete
89a8acc6cc7ffff,89a8acc6c57ffff,3409300606,3513038267,8.8278,0.591544,athlete
89a8acc6cc7ffff,89a8acc6c73ffff,3409300606,2336108293,17.6509,0.033655,athlete
89a8acc6cc7ffff,89a8acc6c7bffff,3409300606,2955259207,18.7496,0.009614,athlete
89a8acc6cc7ffff,89a8acc6c83ffff,3409300606,3874217907,15.4455,0.122592,athlete
89a8acc6cc7ffff,89a8acc6c87ffff,3409300606,4471893673,19.1035,0.004949,athlete
89a8acc6cc7ffff,89a8acc6c8bffff,3409300606,2332075083,6.5046,0.760942,athlete
89a8acc6cc7ffff,89a8acc6c8fffff,3409300606,3005607847,10.941,0.426361,athlete
89a8acc6cc7ffff,89a8acc6c93ffff,3409300606,3411230699,16.5045,0.073496,athlete
89a8acc6cc7ffff,89a8acc6c9bffff,3409300606,3219028043,12.4854,0.309717,athlete
89a8acc6cc7ffff,89a8acc6cabffff,3409300606,4451063632,15.2265,0.134093,athlete
89a8acc6cc7ffff,89a8acc6cb3ffff,3409300606,3005607817,19.9415,2.1e-05,athlete
89a8acc6cc7ffff,89a8acc6cbbffff,3409300606,4471844854,15.0305,0.144759,athlete
89a8acc6cc7ffff,89a8acc6cc3ffff,3409300606,3107402660,5.3779,0.831956,athlete
89a8acc6cc7ffff,89a8acc6cc7ffff,3409300606,3409300606,1.1628,0.991683,athlete
89a8acc6cc7ffff,89a8acc6ccbffff,3409300606,3082292208,12.6854,0.295287,athlete
89a8acc6cc7ffff,89a8acc6ccfffff,3409300606,3874217785,6.4544,0.764294,athlete
89a8acc6cc7ffff,89a8acc6cd3ffff,3409300606,3398796275,12.4647,0.311223,athlete
89a8acc6cc7ffff,89a8acc6cd7ffff,3409300606,3398798243,6.5955,0.754825,athlete
89a8acc6cc7ffff,89a8acc6cdbffff,3409300606,3874217836,11.0337,0.419173,athlete
89a8acc6ccbffff,89a8ac89263ffff,3082292208,3874217829,18.4033,0.015643,athlete
89a8acc6ccbffff,89a8ac8926bffff,3082292208,3874217830,15.5766,0.115915,athlete
89a8acc6ccbffff,89a8ac8926fffff,3082292208,4451110980,14.3767,0.182698,athlete
89a8acc6ccbffff,89a8acc6137ffff,3082292208,3082292208,5.3373,0.834336,athlete
89a8acc6ccbffff,89a8acc6c13ffff,3082292208,2332074930,17.2466,0.046039,athlete
89a8acc6ccbffff,89a8acc6c1bffff,3082292208,7886951227,13.9374,0.210102,athlete
89a8acc6ccbffff,89a8acc6c43ffff,3082292208,3425558055,19.1324,0.004636,athlete
89a8acc6ccbffff,89a8acc6c47ffff,3082292208,5653257029,19.5701,0.00114,athlete
89a8acc6ccbffff,89a8acc6c57ffff,3082292208,3513038267,14.2275,0.191842,athlete
89a8acc6ccbffff,89a8acc6c8bffff,3082292208,2332075083,14.4782,0.17658,athlete
89a8acc6ccbffff,89a8acc6c8fffff,3082292208,3005607847,19.1018,0.004968,athlete
89a8acc6ccbffff,89a8acc6c9bffff,3082292208,3219028043,18.1877,0.020124,athlete
89a8acc6ccbffff,89a8acc6cc3ffff,3082292208,3107402660,5.4795,0.825947,athlete
89a8acc6ccbffff,89a8acc6cc7ffff,3082292208,3409300606,10.3434,0.47304,athlete
89a8acc6ccbffff,89a8acc6ccbffff,3082292208,3082292208,3.3781,0.931244,athlete
89a8acc6ccbffff,89a8acc6ccfffff,3082292208,3874217785,10.8616,0.432534,athlete
89a8acc6ccbffff,89a8acc6cd3ffff,3082292208,3398796275,8.8503,0.58981,athlete
89a8acc6ccbffff,89a8acc6cd7ffff,3082292208,3398798243,10.4976,0.460958,athlete
89a8acc6ccbffff,89a8acc6cdbffff,3082292208,3874217836,4.2791,0.891239,athlete
89a8acc6ccfffff,89a8ac89267ffff,3874217785,3411230702,17.9176,0.026511,athlete
89a8acc6ccfffff,89a8ac8926bffff,3874217785,3874217830,17.2875,0.044703,athlete
89a8acc6ccfffff,89a8ac8926fffff,3874217785,4451110980,16.0876,0.091486,athlete
89a8acc6ccfffff,89a8acc6127ffff,3874217785,3880605752,11.3892,0.391757,athlete
89a8acc6ccfffff,89a8acc6137ffff,3874217785,3082292208,14.455,0.177972,athlete
89a8acc6ccfffff,89a8acc6c03ffff,3874217785,4439701589,14.7177,0.162467,athlete
89a8acc6ccfffff,89a8acc6c07ffff,3874217785,2336108543,14.4271,0.17965,athlete
89a8acc6ccfffff,89a8acc6c0bffff,3874217785,3380581987,11.1253,0.412078,athlete
89a8acc6ccfffff,89a8acc6c0fffff,3874217785,2332043156,15.4908,0.120265,athlete
89a8acc6ccfffff,89a8acc6c13ffff,3874217785,2332074930,10.3773,0.470387,athlete
89a8acc6ccfffff,89a8acc6c17ffff,3874217785,2332075028,12.1498,0.334346,athlete
89a8acc6ccfffff,89a8acc6c1bffff,3874217785,7886951227,4.7982,0.864581,athlete
89a8acc6ccfffff,89a8acc6c33ffff,3874217785,2726180592,18.1863,0.020155,athlete
89a8acc6ccfffff,89a8acc6c3bffff,3874217785,3380582097,19.0831,0.005177,athlete
89a8acc6ccfffff,89a8acc6c43ffff,3874217785,3425558055,9.3833,0.548363,athlete
89a8acc6ccfffff,89a8acc6c47ffff,3874217785,5653257029,9.2318,0.560191,athlete
89a8acc6ccfffff,89a8acc6c4bffff,3874217785,3425557950,14.4844,0.176209,athlete
89a8acc6ccfffff,89a8acc6c4fffff,3874217785,2955259222,12.622,0.299841,athlete
89a8acc6ccfffff,89a8acc6c53ffff,3874217785,3425558243,12.3705,0.318097,athlete
89a8acc6ccfffff,89a8acc6c57ffff,3874217785,3513038267,3.8892,0.909563,athlete
89a8acc6ccfffff,89a8acc6c5bffff,3874217785,5653229020,17.1642,0.048792,athlete
89a8acc6ccfffff,89a8acc6c6bffff,3874217785,965038276,17.9308,0.026179,athlete
89a8acc6ccfffff,89a8acc6c73ffff,3874217785,2336108293,13.6324,0.229941,athlete
89a8acc6ccfffff,89a8acc6c77ffff,3874217785,2332075047,17.7812,0.030063,athlete
89a8acc6ccfffff,89a8acc6c7bffff,3874217785,2955259207,14.6725,0.165095,athlete
89a8acc6ccfffff,89a8acc6c83ffff,3874217785,3874217907,18.3742,0.016217,athlete
89a8acc6ccfffff,89a8acc6c8bffff,3874217785,2332075083,10.6072,0.452385,athlete
89a8acc6ccfffff,89a8acc6c8fffff,3874217785,3005607847,13.8697,0.214446,athlete
89a8acc6ccfffff,89a8acc6c93ffff,3874217785,3411230699,19.8291,0.00018,athlete
89a8acc6ccfffff,89a8acc6c9bffff,3874217785,3219028043,15.81,0.104442,athlete
89a8acc6ccfffff,89a8acc6cabffff,3874217785,4451063632,15.268,0.131882,athlete
89a8acc6ccfffff,89a8acc6cbbffff,3874217785,4471844854,16.9559,0.05608,athlete
89a8acc6ccfffff,89a8acc6cc3ffff,3874217785,3107402660,5.1883,0.842944,athlete
89a8acc6ccfffff,89a8acc6cc7ffff,3874217785,3409300606,5.2654,0.838511,athlete
89a8acc6ccfffff,89a8acc6ccbffff,3874217785,3082292208,12.4958,0.308962,athlete
89a8acc6ccfffff,89a8acc6ccfffff,3874217785,3874217785,0.5233,0.998312,athlete
89a8acc6ccfffff,89a8acc6cd3ffff,3874217785,3398796275,12.2751,0.325094,athlete
89a8acc6ccfffff,89a8acc6cd7ffff,3874217785,3398798243,8.4838,0.617958,athlete
89a8acc6ccfffff,89a8acc6cdbffff,3874217785,3874217836,10.8441,0.433902,athlete
89a8acc6ccfffff,89a8acc6e87ffff,3874217785,2648494986,19.3888,0.002303,athlete
89a8acc6ccfffff,89a8acc6e93ffff,3874217785,2331878534,19.9508,1.5e-05,athlete
89a8acc6ccfffff,89a8acc6e97ffff,3874217785,2331878569,18.6097,0.011875,athlete
89a8acc6ccfffff,89a8acc6eb3ffff,3874217785,3501190741,19.7331,0.000439,athlete
89a8acc6ccfffff,89a8acc6eb7ffff,3874217785,2955259190,17.8513,0.02821,athlete
89a8acc6cd3ffff,89a8ac89263ffff,3398796275,3874217829,15.8418,0.102918,athlete
89a8acc6cd3ffff,89a8ac89267ffff,3398796275,3411230702,17.9045,0.026842,athlete
89a8acc6cd3ffff,89a8ac8926bffff,3398796275,3874217830,13.0151,0.271947,athlete
89a8acc6cd3ffff,89a8ac8926fffff,3398796275,4451110980,11.8152,0.359358,athlete
89a8acc6cd3ffff,89a8acc6137ffff,3398796275,3082292208,11.0845,0.415237,athlete
89a8acc6cd3ffff,89a8acc61a7ffff,3398796275,4471533321,19.8512,0.000137,athlete
89a8acc6cd3ffff,89a8acc61b7ffff,3398796275,3874217822,18.1332,0.021343,athlete
89a8acc6cd3ffff,89a8acc6c13ffff,3398796275,2332074930,16.7448,0.063952,athlete
89a8acc6cd3ffff,89a8acc6c1bffff,3398796275,7886951227,14.0157,0.205113,athlete
89a8acc6cd3ffff,89a8acc6c43ffff,3398796275,3425558055,19.2107,0.003838,athlete
89a8acc6cd3ffff,89a8acc6c47ffff,3398796275,5653257029,19.6484,0.000762,athlete
89a8acc6cd3ffff,89a8acc6c57ffff,3398796275,3513038267,14.3058,0.187022,athlete
89a8acc6cd3ffff,89a8acc6c8bffff,3398796275,2332075083,12.426,0.314039,athlete
89a8acc6cd3ffff,89a8acc6c8fffff,3398796275,3005607847,17.0496,0.05274,athlete
89a8acc6cd3ffff,89a8acc6c93ffff,3398796275,3411230699,19.816,0.000209,athlete
89a8acc6cd3ffff,89a8acc6c9bffff,3398796275,3219028043,15.7969,0.105071,athlete
89a8acc6cd3ffff,89a8acc6cc3ffff,3398796275,3107402660,5.5578,0.821259,athlete
89a8acc6cd3ffff,89a8acc6cc7ffff,3398796275,3409300606,10.4217,0.466901,athlete
89a8acc6cd3ffff,89a8acc6ccbffff,3398796275,3082292208,9.1253,0.568483,athlete
89a8acc6cd3ffff,89a8acc6ccfffff,3398796275,3874217785,10.9399,0.426446,athlete
89a8acc6cd3ffff,89a8acc6cd3ffff,3398796275,3398796275,1.9037,0.977812,athlete
89a8acc6cd3ffff,89a8acc6cd7ffff,3398796275,3398798243,8.2059,0.639049,athlete
89a8acc6cd3ffff,89a8acc6cdbffff,3398796275,3874217836,4.7737,0.865894,athlete
89a8acc6cd7ffff,89a8ac89263ffff,3398798243,3874217829,13.227,0.25727,athlete
89a8acc6cd7ffff,89a8ac89267ffff,3398798243,3411230702,10.1031,0.491905,athlete
89a8acc6cd7ffff,89a8ac8926bffff,3398798243,3874217830,10.4003,0.468584,athlete
89a8acc6cd7ffff,89a8ac8926fffff,3398798243,4451110980,9.2004,0.562639,athlete
89a8acc6cd7ffff,89a8acc6137ffff,3398798243,3082292208,15.391,0.125414,athlete
89a8acc6cd7ffff,89a8acc61a3ffff,3398798243,4471533321,19.1973,0.003969,athlete
89a8acc6cd7ffff,89a8acc61a7ffff,3398798243,4471533321,17.2363,0.04638,athlete
89a8acc6cd7ffff,89a8acc61afffff,3398798243,4471533321,19.2277,0.003675,athlete
89a8acc6cd7ffff,89a8acc61b7ffff,3398798243,3874217822,15.5184,0.118863,athlete
89a8acc6cd7ffff,89a8acc6c03ffff,3398798243,4439701589,18.1793,0.02031,athlete
89a8acc6cd7ffff,89a8acc6c07ffff,3398798243,2336108543,17.8887,0.027246,athlete
89a8acc6cd7ffff,89a8acc6c0bffff,3398798243,3380581987,19.7601,0.000355,athlete
89a8acc6cd7ffff,89a8acc6c13ffff,3398798243,2332074930,10.109,0.491442,athlete
89a8acc6cd7ffff,89a8acc6c17ffff,3398798243,2332075028,13.3854,0.246468,athlete
89a8acc6cd7ffff,89a8acc6c1bffff,3398798243,7886951227,9.7426,0.520212,athlete
89a8acc6cd7ffff,89a8acc6c43ffff,3398798243,3425558055,18.018,0.024036,athlete
89a8acc6cd7ffff,89a8acc6c47ffff,3398798243,5653257029,17.8665,0.027815,athlete
89a8acc6cd7ffff,89a8acc6c57ffff,3398798243,3513038267,12.5239,0.306922,athlete
89a8acc6cd7ffff,89a8acc6c83ffff,3398798243,3874217907,14.9183,0.151014,athlete
89a8acc6cd7ffff,89a8acc6c87ffff,3398798243,4471893673,18.5763,0.012451,athlete
89a8acc6cd7ffff,89a8acc6c8bffff,3398798243,2332075083,5.7902,0.807061,athlete
89a8acc6cd7ffff,89a8acc6c8fffff,3398798243,3005607847,10.4138,0.467521,athlete
89a8acc6cd7ffff,89a8acc6c93ffff,3398798243,3411230699,12.0145,0.344408,athlete
89a8acc6cd7ffff,89a8acc6c9bffff,3398798243,3219028043,7.9955,0.654848,athlete
89a8acc6cd7ffff,89a8acc6cabffff,3398798243,4451063632,16.5131,0.073142,athlete
89a8acc6cd7ffff,89a8acc6cb3ffff,3398798243,3005607817,19.4143,0.002115,athlete
89a8acc6cd7ffff,89a8acc6cbbffff,3398798243,4471844854,14.5033,0.175082,athlete
89a8acc6cd7ffff,89a8acc6cc3ffff,3398798243,3107402660,6.2148,0.780082,athlete
89a8acc6cd7ffff,89a8acc6cc7ffff,3398798243,3409300606,6.7544,0.74401,athlete
89a8acc6cd7ffff,89a8acc6ccbffff,3398798243,3082292208,13.4318,0.243333,athlete
89a8acc6cd7ffff,89a8acc6ccfffff,3398798243,3874217785,9.1581,0.565933,athlete
89a8acc6cd7ffff,89a8acc6cd3ffff,3398798243,3398796275,10.3969,0.468847,athlete
89a8acc6cd7ffff,89a8acc6cd7ffff,3398798243,3398798243,0.3054,0.999425,athlete
89a8acc6cd7ffff,89a8acc6cdbffff,3398798243,3874217836,10.5273,0.458634,athlete
89a8acc6cdbffff,89a8ac89263ffff,3874217836,3874217829,16.8414,0.060291,athlete
89a8acc6cdbffff,89a8ac89267ffff,3874217836,3411230702,18.9041,0.00739,athlete
89a8acc6cdbffff,89a8ac8926bffff,3874217836,3874217830,14.0147,0.205176,athlete
89a8acc6cdbffff,89a8ac8926fffff,3874217836,4451110980,12.8148,0.286062,athlete
89a8acc6cdbffff,89a8acc6137ffff,3874217836,3082292208,8.1825,0.640813,athlete
89a8acc6cdbffff,89a8acc61b7ffff,3874217836,3874217822,19.1328,0.004632,athlete
89a8acc6cdbffff,89a8acc6c13ffff,3874217836,2332074930,16.8076,0.061561,athlete
89a8acc6cdbffff,89a8acc6c17ffff,3874217836,2332075028,19.6569,0.000726,athlete
89a8acc6cdbffff,89a8acc6c1bffff,3874217836,7886951227,13.4983,0.238865,athlete
89a8acc6cdbffff,89a8acc6c43ffff,3874217836,3425558055,18.6933,0.010495,athlete
89a8acc6cdbffff,89a8acc6c47ffff,3874217836,5653257029,19.131,0.004651,athlete
89a8acc6cdbffff,89a8acc6c57ffff,3874217836,3513038267,13.7884,0.219709,athlete
89a8acc6cdbffff,89a8acc6c8bffff,3874217836,2332075083,13.4256,0.243753,athlete
89a8acc6cdbffff,89a8acc6c8fffff,3874217836,3005607847,18.0492,0.023292,athlete
89a8acc6cdbffff,89a8acc6c9bffff,3874217836,3219028043,16.7965,0.06198,athlete
89a8acc6cdbffff,89a8acc6cc3ffff,3874217836,3107402660,5.0404,0.851301,athlete
89a8acc6cdbffff,89a8acc6cc7ffff,3874217836,3409300606,9.9044,0.507511,athlete
89a8acc6cdbffff,89a8acc6ccbffff,3874217836,3082292208,6.2234,0.779523,athlete
89a8acc6cdbffff,89a8acc6ccfffff,3874217836,3874217785,10.4226,0.466837,athlete
89a8acc6cdbffff,89a8acc6cd3ffff,3874217836,3398796275,5.6429,0.81611,athlete
89a8acc6cdbffff,89a8acc6cd7ffff,3874217836,3398798243,9.2055,0.562241,athlete
89a8acc6cdbffff,89a8acc6cdbffff,3874217836,3874217836,0.8213,0.995845,athlete
89a8acc6d43ffff,89a8acc6817ffff,2335474594,4442536027,18.052,0.023225,athlete
89a8acc6d43ffff,89a8acc6887ffff,2335474594,2726185489,16.5019,0.073601,athlete
89a8acc6d43ffff,89a8acc6893ffff,2335474594,2335474678,16.6378,0.068124,athlete
89a8acc6d43ffff,89a8acc6897ffff,2335474594,2726185454,12.7452,0.291015,athlete
89a8acc6d43ffff,89a8acc68a3ffff,2335474594,7839382319,16.2397,0.084714,athlete
89a8acc6d43ffff,89a8acc68abffff,2335474594,4442536027,17.3231,0.043555,athlete
89a8acc6d43ffff,89a8acc68b3ffff,2335474594,2726185479,13.1689,0.261267,athlete
89a8acc6d43ffff,89a8acc68b7ffff,2335474594,4442799069,13.6183,0.230874,athlete
89a8acc6d43ffff,89a8acc68bbffff,2335474594,3930322448,13.925,0.210895,athlete
89a8acc6d43ffff,89a8acc6c2fffff,2335474594,2335474575,19.908,5.2e-05,athlete
89a8acc6d43ffff,89a8acc6d43ffff,2335474594,2335474594,0.6383,0.997489,athlete
89a8acc6d43ffff,89a8acc6d47ffff,2335474594,4442799997,6.1643,0.783356,athlete
89a8acc6d43ffff,89a8acc6d4bffff,2335474594,4442800000,5.9842,0.794898,athlete
89a8acc6d43ffff,89a8acc6d4fffff,2335474594,4442799076,7.2959,0.70605,athlete
89a8acc6d43ffff,89a8acc6d57ffff,2335474594,4442800008,5.3209,0.835292,athlete
89a8acc6d47ffff,89a8acc6887ffff,4442799997,2726185489,19.9096,5e-05,athlete
89a8acc6d47ffff,89a8acc6897ffff,4442799997,2726185454,16.1528,0.088553,athlete
89a8acc6d47ffff,89a8acc68a3ffff,4442799997,7839382319,19.6474,0.000767,athlete
89a8acc6d47ffff,89a8acc68b3ffff,4442799997,2726185479,16.5766,0.070569,athlete
89a8acc6d47ffff,89a8acc68b7ffff,4442799997,4442799069,17.026,0.053574,athlete
89a8acc6d47ffff,89a8acc68bbffff,4442799997,3930322448,17.3326,0.043249,athlete
89a8acc6d47ffff,89a8acc6d43ffff,4442799997,2335474594,4.046,0.902376,athlete
89a8acc6d47ffff,89a8acc6d47ffff,4442799997,4442799997,2.7045,0.955555,athlete
89a8acc6d47ffff,89a8acc6d4bffff,4442799997,4442800000,9.3918,0.547692,athlete
89a8acc6d47ffff,89a8acc6d4fffff,4442799997,4442799076,10.7036,0.444854,athlete
89a8acc6d47ffff,89a8acc6d57ffff,4442799997,4442800008,8.7285,0.599197,athlete
89a8acc6d4bffff,89a8acc6817ffff,4442800000,4442536027,19.732,0.000443,athlete
89a8acc6d4bffff,89a8acc6887ffff,4442800000,2726185489,18.1819,0.020253,athlete
89a8acc6d4bffff,89a8acc6893ffff,4442800000,2335474678,18.3178,0.017355,athlete
89a8acc6d4bffff,89a8acc6897ffff,4442800000,2726185454,14.4251,0.179771,athlete
89a8acc6d4bffff,89a8acc68a3ffff,4442800000,7839382319,17.9197,0.026459,athlete
89a8acc6d4bffff,89a8acc68abffff,4442800000,4442536027,19.003,0.006119,athlete
89a8acc6d4bffff,89a8acc68b3ffff,4442800000,2726185479,14.8488,0.15494,athlete
89a8acc6d4bffff,89a8acc68b7ffff,4442800000,4442799069,15.2983,0.130277,athlete
89a8acc6d4bffff,89a8acc68bbffff,4442800000,3930322448,15.6049,0.114498,athlete
89a8acc6d4bffff,89a8acc6d43ffff,4442800000,2335474594,7.9519,0.658095,athlete
89a8acc6d4bffff,89a8acc6d47ffff,4442800000,4442799997,13.4779,0.240231,athlete
89a8acc6d4bffff,89a8acc6d4bffff,4442800000,4442800000,1.4263,0.987504,athlete
89a8acc6d4bffff,89a8acc6d4fffff,4442800000,4442799076,8.9758,0.58009,athlete
89a8acc6d4bffff,89a8acc6d57ffff,4442800000,4442800008,12.6345,0.298942,athlete
89a8acc6d4fffff,89a8acc6817ffff,4442799076,4442536027,15.0107,0.145853,athlete
89a8acc6d4fffff,89a8acc6883ffff,4442799076,2336033967,18.4023,0.015664,athlete
89a8acc6d4fffff,89a8acc6887ffff,4442799076,2726185489,13.4606,0.241393,athlete
89a8acc6d4fffff,89a8acc688fffff,4442799076,4442536032,17.8453,0.028365,athlete
89a8acc6d4fffff,89a8acc6893ffff,4442799076,2335474678,13.5965,0.232318,athlete
89a8acc6d4fffff,89a8acc6897ffff,4442799076,2726185454,9.7038,0.523251,athlete
89a8acc6d4fffff,89a8acc68a3ffff,4442799076,7839382319,13.1984,0.259232,athlete
89a8acc6d4fffff,89a8acc68abffff,4442799076,4442536027,14.2818,0.188497,athlete
89a8acc6d4fffff,89a8acc68b3ffff,4442799076,2726185479,10.1276,0.48998,athlete
89a8acc6d4fffff,89a8acc68b7ffff,4442799076,4442799069,10.577,0.454745,athlete
89a8acc6d4fffff,89a8acc68bbffff,4442799076,3930322448,10.8837,0.430821,athlete
89a8acc6d4fffff,89a8acc6c2bffff,4442799076,2335474641,18.0914,0.022302,athlete
89a8acc6d4fffff,89a8acc6c2fffff,4442799076,2335474575,16.8667,0.059348,athlete
89a8acc6d4fffff,89a8acc6d43ffff,4442799076,2335474594,7.4739,0.693236,athlete
89a8acc6d4fffff,89a8acc6d47ffff,4442799076,4442799997,12.9999,0.273013,athlete
89a8acc6d4fffff,89a8acc6d4bffff,4442799076,4442800000,7.1861,0.71388,athlete
89a8acc6d4fffff,89a8acc6d4fffff,4442799076,4442799076,0.4469,0.998769,athlete
89a8acc6d4fffff,89a8acc6d57ffff,4442799076,4442800008,12.1565,0.333853,athlete
89a8acc6d53ffff,89a8acc6893ffff,2335292974,2335474678,17.3506,0.042676,athlete
89a8acc6d53ffff,89a8acc6c07ffff,2335292974,2336108543,19.5343,0.001337,athlete
89a8acc6d53ffff,89a8acc6c23ffff,2335292974,2726180683,12.8115,0.286296,athlete
89a8acc6d53ffff,89a8acc6c27ffff,2335292974,2335292922,7.4243,0.696824,athlete
89a8acc6d53ffff,89a8acc6c2bffff,2335292974,2335474641,16.0525,0.093081,athlete
89a8acc6d53ffff,89a8acc6c2fffff,2335292974,2335474575,12.1782,0.332242,athlete
89a8acc6d53ffff,89a8acc6c33ffff,2335292974,2726180592,16.1748,0.087574,athlete
89a8acc6d53ffff,89a8acc6c3bffff,2335292974,3380582097,17.587,0.035488,athlete
89a8acc6d53ffff,89a8acc6c77ffff,2335292974,2332075047,19.7266,0.000461,athlete
89a8acc6d53ffff,89a8acc6d53ffff,2335292974,2335292974,0.4049,0.998989,athlete
89a8acc6d53ffff,89a8acc6d5bffff,2335292974,7546069758,8.5582,0.612273,athlete
89a8acc6d53ffff,89a8acc6dcfffff,2335292974,2335293007,4.4813,0.881154,athlete
89a8acc6d57ffff,89a8acc6897ffff,4442800008,2726185454,17.9581,0.0255,athlete
89a8acc6d57ffff,89a8acc68b3ffff,4442800008,2726185479,18.3818,0.016066,athlete
89a8acc6d57ffff,89a8acc68b7ffff,4442800008,4442799069,18.8312,0.008403,athlete
89a8acc6d57ffff,89a8acc68bbffff,4442800008,3930322448,19.1379,0.004578,athlete
89a8acc6d57ffff,89a8acc6d43ffff,4442800008,2335474594,5.8512,0.803265,athlete
89a8acc6d57ffff,89a8acc6d47ffff,4442800008,4442799997,11.3772,0.392676,athlete
89a8acc6d57ffff,89a8acc6d4bffff,4442800008,4442800000,11.1971,0.406535,athlete
89a8acc6d57ffff,89a8acc6d4fffff,4442800008,4442799076,12.5088,0.308019,athlete
89a8acc6d57ffff,89a8acc6d57ffff,4442800008,4442800008,3.7837,0.91426,athlete
89a8acc6d5bffff,89a8acc6893ffff,7546069758,2335474678,14.276,0.18885,athlete
89a8acc6d5bffff,89a8acc6897ffff,7546069758,2726185454,19.6573,0.000724,athlete
89a8acc6d5bffff,89a8acc6c07ffff,7546069758,2336108543,18.6578,0.011072,athlete
89a8acc6d5bffff,89a8acc6c0fffff,7546069758,2332043156,18.0006,0.024457,athlete
89a8acc6d5bffff,89a8acc6c23ffff,7546069758,2726180683,10.2555,0.479941,athlete
89a8acc6d5bffff,89a8acc6c27ffff,7546069758,2335292922,6.957,0.73,athlete
89a8acc6d5bffff,89a8acc6c2bffff,7546069758,2335474641,12.9779,0.274552,athlete
89a8acc6d5bffff,89a8acc6c2fffff,7546069758,2335474575,9.1036,0.57017,athlete
89a8acc6d5bffff,89a8acc6c33ffff,7546069758,2726180592,15.2983,0.130273,athlete
89a8acc6d5bffff,89a8acc6c3bffff,7546069758,3380582097,14.6116,0.16866,athlete
89a8acc6d5bffff,89a8acc6c77ffff,7546069758,2332075047,16.652,0.067563,athlete
89a8acc6d5bffff,89a8acc6d53ffff,7546069758,2335292974,8.6048,0.608701,athlete
89a8acc6d5bffff,89a8acc6d5bffff,7546069758,7546069758,2.4775,0.962613,athlete
89a8acc6d5bffff,89a8acc6dcfffff,7546069758,2335293007,10.1354,0.489363,athlete
89a8acc6dc3ffff,89a8acc6c07ffff,8370861869,2336108543,18.3236,0.017236,athlete
89a8acc6dc3ffff,89a8acc6c23ffff,8370861869,2726180683,16.5527,0.071533,athlete
89a8acc6dc3ffff,89a8acc6c33ffff,8370861869,2726180592,12.3823,0.31723,athlete
89a8acc6dc3ffff,89a8acc6c37ffff,8370861869,8370861913,8.9517,0.581963,athlete
89a8acc6dc3ffff,89a8acc6c3bffff,8370861869,3380582097,18.1927,0.020013,athlete
89a8acc6dc3ffff,89a8acc6cabffff,8370861869,4451063632,17.4669,0.03906,athlete
89a8acc6dc3ffff,89a8acc6dc3ffff,8370861869,8370861869,3.1893,0.938556,athlete
89a8acc6dc3ffff,89a8acc6dcbffff,8370861869,8370861883,4.7246,0.86851,athlete
89a8acc6dc3ffff,89a8acc6dd3ffff,8370861869,8371222445,9.5704,0.533714,athlete
89a8acc6dc3ffff,89a8acc6ddbffff,8370861869,8370942543,6.6369,0.752025,athlete
89a8acc6dcbffff,89a8acc6c07ffff,8370861883,2336108543,16.9164,0.057515,athlete
89a8acc6dcbffff,89a8acc6c23ffff,8370861883,2726180683,15.1455,0.138458,athlete
89a8acc6dcbffff,89a8acc6c27ffff,8370861883,2335292922,19.0311,0.00578,athlete
89a8acc6dcbffff,89a8acc6c2bffff,8370861883,2335474641,18.8931,0.007539,athlete
89a8acc6dcbffff,89a8acc6c33ffff,8370861883,2726180592,10.9752,0.42371,athlete
89a8acc6dcbffff,89a8acc6c37ffff,8370861883,8370861913,7.5445,0.688106,athlete
89a8acc6dcbffff,89a8acc6c3bffff,8370861883,3380582097,16.7856,0.062394,athlete
89a8acc6dcbffff,89a8acc6cabffff,8370861883,4451063632,16.0598,0.092749,athlete
89a8acc6dcbffff,89a8acc6cafffff,8370861883,6764284385,18.8826,0.007682,athlete
89a8acc6dcbffff,89a8acc6dc3ffff,8370861883,8370861869,4.8588,0.861305,athlete
89a8acc6dcbffff,89a8acc6dcbffff,8370861883,8370861883,0.6019,0.997767,athlete
89a8acc6dcbffff,89a8acc6dd3ffff,8370861883,8371222445,9.0748,0.572413,athlete
89a8acc6dcbffff,89a8acc6ddbffff,8370861883,8370942543,6.1412,0.78485,athlete
89a8acc6dcfffff,89a8acc6893ffff,2335293007,2335474678,19.6591,0.000717,athlete
89a8acc6dcfffff,89a8acc6c23ffff,2335293007,2726180683,15.12,0.139848,athlete
89a8acc6dcfffff,89a8acc6c27ffff,2335293007,2335292922,9.7327,0.520984,athlete
89a8acc6dcfffff,89a8acc6c2bffff,2335293007,2335474641,18.361,0.016479,athlete
89a8acc6dcfffff,89a8acc6c2fffff,2335293007,2335474575,14.4867,0.176071,athlete
89a8acc6dcfffff,89a8acc6c33ffff,2335293007,2726180592,18.4833,0.014123,athlete
89a8acc6dcfffff,89a8acc6c3bffff,2335293007,3380582097,19.8955,6.7e-05,athlete
89a8acc6dcfffff,89a8acc6d53ffff,2335293007,2335292974,5.2592,0.838869,athlete
89a8acc6dcfffff,89a8acc6d5bffff,2335293007,7546069758,10.8667,0.43214,athlete
89a8acc6dcfffff,89a8acc6dcfffff,2335293007,2335293007,3.5722,0.923328,athlete
89a8acc6dd3ffff,89a8acc6c23ffff,8371222445,2726180683,19.6155,0.000911,athlete
89a8acc6dd3ffff,89a8acc6c33ffff,8371222445,2726180592,15.4452,0.122607,athlete
89a8acc6dd3ffff,89a8acc6c37ffff,8371222445,8370861913,12.0146,0.344405,athlete
89a8acc6dd3ffff,89a8acc6cabffff,8371222445,4451063632,19.7524,0.000378,athlete
89a8acc6dd3ffff,89a8acc6dc3ffff,8371222445,8370861869,8.8895,0.58678,athlete
89a8acc6dd3ffff,89a8acc6dcbffff,8371222445,8370861883,8.2596,0.634993,athlete
89a8acc6dd3ffff,89a8acc6dd3ffff,8371222445,8371222445,4.256,0.892367,athlete
89a8acc6dd3ffff,89a8acc6ddbffff,8371222445,8370942543,3.8795,0.909998,athlete
89a8acc6ddbffff,89a8acc6c07ffff,8370942543,2336108543,18.768,0.009333,athlete
89a8acc6ddbffff,89a8acc6c23ffff,8370942543,2726180683,16.9971,0.054599,athlete
89a8acc6ddbffff,89a8acc6c33ffff,8370942543,2726180592,12.8268,0.285209,athlete
89a8acc6ddbffff,89a8acc6c37ffff,8370942543,8370861913,9.3962,0.547355,athlete
89a8acc6ddbffff,89a8acc6c3bffff,8370942543,3380582097,18.6372,0.011413,athlete
89a8acc6ddbffff,89a8acc6cabffff,8370942543,4451063632,17.8916,0.027173,athlete
89a8acc6ddbffff,89a8acc6cafffff,8370942543,6764284385,19.6349,0.000822,athlete
89a8acc6ddbffff,89a8acc6dc3ffff,8370942543,8370861869,6.2711,0.776408,athlete
89a8acc6ddbffff,89a8acc6dcbffff,8370942543,8370861883,5.6412,0.816211,athlete
89a8acc6ddbffff,89a8acc6dd3ffff,8370942543,8371222445,4.1947,0.895334,athlete
89a8acc6ddbffff,89a8acc6ddbffff,8370942543,8370942543,1.2611,0.990222,athlete
89a8acc6e03ffff,89a8acc68dbffff,4438518283,2955259009,19.3547,0.002567,athlete
89a8acc6e03ffff,89a8acc6e03ffff,4438518283,4438518283,2.898,0.949082,athlete
89a8acc6e03ffff,89a8acc6e07ffff,4438518283,3107399819,7.8718,0.664054,athlete
89a8acc6e03ffff,89a8acc6e0bffff,4438518283,5268450220,5.8209,0.805158,athlete
89a8acc6e03ffff,89a8acc6e0fffff,4438518283,9511225456,4.0657,0.901452,athlete
89a8acc6e03ffff,89a8acc6e17ffff,4438518283,2648475729,12.4291,0.313817,athlete
89a8acc6e03ffff,89a8acc6e2bffff,4438518283,2639739303,13.5114,0.237985,athlete
89a8acc6e03ffff,89a8acc6e33ffff,4438518283,2639739488,12.5383,0.305881,athlete
89a8acc6e03ffff,89a8acc6e37ffff,4438518283,4441055873,18.7316,0.009891,athlete
89a8acc6e03ffff,89a8acc6e3bffff,4438518283,6994114527,11.5837,0.376897,athlete
89a8acc6e03ffff,89a8acc6e63ffff,4438518283,2639739375,13.7433,0.222654,athlete
89a8acc6e03ffff,89a8acc6e67ffff,4438518283,13229907438,18.7756,0.00922,athlete
89a8acc6e03ffff,89a8acc6e6fffff,4438518283,7886908967,17.6679,0.033176,athlete
89a8acc6e03ffff,89a8acc6e73ffff,4438518283,6994114573,12.3969,0.316167,athlete
89a8acc6e03ffff,89a8acc6e77ffff,4438518283,6994114774,11.3729,0.393003,athlete
89a8acc6e03ffff,89a8acc6ea3ffff,4438518283,2955259166,18.9326,0.007012,athlete
89a8acc6e03ffff,89a8acc6eabffff,4438518283,2403004414,12.0251,0.343621,athlete
89a8acc6e03ffff,89a8acc6eafffff,4438518283,2955259142,17.8408,0.028485,athlete
89a8acc6e07ffff,89a8acc68cbffff,3107399819,6770713434,18.2708,0.018331,athlete
89a8acc6e07ffff,89a8acc68d3ffff,3107399819,2955259026,18.9014,0.007426,athlete
89a8acc6e07ffff,89a8acc68dbffff,3107399819,2955259009,13.9916,0.20664,athlete
89a8acc6e07ffff,89a8acc6e03ffff,3107399819,4438518283,5.6671,0.814632,athlete
89a8acc6e07ffff,89a8acc6e07ffff,3107399819,3107399819,0.4248,0.998887,athlete
89a8acc6e07ffff,89a8acc6e0bffff,3107399819,5268450220,8.4596,0.619803,athlete
89a8acc6e07ffff,89a8acc6e0fffff,3107399819,9511225456,6.5818,0.755747,athlete
89a8acc6e07ffff,89a8acc6e17ffff,3107399819,2648475729,6.3915,0.76848,athlete
89a8acc6e07ffff,89a8acc6e27ffff,3107399819,3082243611,18.9196,0.007183,athlete
89a8acc6e07ffff,89a8acc6e2bffff,3107399819,2639739303,10.9266,0.42748,athlete
89a8acc6e07ffff,89a8acc6e33ffff,3107399819,2639739488,8.7449,0.597939,athlete
89a8acc6e07ffff,89a8acc6e37ffff,3107399819,4441055873,13.3686,0.247608,athlete
89a8acc6e07ffff,89a8acc6e3bffff,3107399819,6994114527,12.6047,0.30109,athlete
89a8acc6e07ffff,89a8acc6e63ffff,3107399819,2639739375,16.0943,0.091182,athlete
89a8acc6e07ffff,89a8acc6e6fffff,3107399819,7886908967,19.8809,8.8e-05,athlete
89a8acc6e07ffff,89a8acc6e73ffff,3107399819,6994114573,14.913,0.151313,athlete
89a8acc6e07ffff,89a8acc6e77ffff,3107399819,6994114774,12.3939,0.316382,athlete
89a8acc6e07ffff,89a8acc6e83ffff,3107399819,2331878544,19.5221,0.001408,athlete
89a8acc6e07ffff,89a8acc6e87ffff,3107399819,2648494986,17.3914,0.041391,athlete
89a8acc6e07ffff,89a8acc6e8fffff,3107399819,2639739589,12.6271,0.299474,athlete
89a8acc6e07ffff,89a8acc6e97ffff,3107399819,2331878569,19.9155,4.4e-05,athlete
89a8acc6e07ffff,89a8acc6ea3ffff,3107399819,2955259166,12.2562,0.326485,athlete
89a8acc6e07ffff,89a8acc6eabffff,3107399819,2403004414,5.3487,0.83367,athlete
89a8acc6e07ffff,89a8acc6eafffff,3107399819,2955259142,12.4777,0.310279,athlete
89a8acc6e07ffff,89a8acc6eb3ffff,3107399819,3501190741,15.6255,0.113472,athlete
89a8acc6e07ffff,89a8acc6eb7ffff,3107399819,2955259190,16.0219,0.094482,athlete
89a8acc6e07ffff,89a8acc6ebbffff,3107399819,2648475715,13.7294,0.223563,athlete
89a8acc6e0bffff,89a8acc6e03ffff,5268450220,4438518283,6.3026,0.774338,athlete
89a8acc6e0bffff,89a8acc6e07ffff,5268450220,3107399819,11.0637,0.416843,athlete
89a8acc6e0bffff,89a8acc6e0bffff,5268450220,5268450220,5.8616,0.802615,athlete
89a8acc6e0bffff,89a8acc6e0fffff,5268450220,9511225456,4.6103,0.874521,athlete
89a8acc6e0bffff,89a8acc6e17ffff,5268450220,2648475729,15.6913,0.110211,athlete
89a8acc6e0bffff,89a8acc6e2bffff,5268450220,2639739303,14.4556,0.177935,athlete
89a8acc6e0bffff,89a8acc6e33ffff,5268450220,2639739488,13.4825,0.239924,athlete
89a8acc6e0bffff,89a8acc6e37ffff,5268450220,4441055873,19.7867,0.000281,athlete
89a8acc6e0bffff,89a8acc6e3bffff,5268450220,6994114527,12.5279,0.306639,athlete
89a8acc6e0bffff,89a8acc6e63ffff,5268450220,2639739375,14.298,0.187503,athlete
89a8acc6e0bffff,89a8acc6e67ffff,5268450220,13229907438,19.5246,0.001393,athlete
89a8acc6e0bffff,89a8acc6e6fffff,5268450220,7886908967,18.4169,0.01538,athlete
89a8acc6e0bffff,89a8acc6e73ffff,5268450220,6994114573,12.9414,0.277115,athlete
89a8acc6e0bffff,89a8acc6e77ffff,5268450220,6994114774,12.3171,0.322006,athlete
89a8acc6e0bffff,89a8acc6eabffff,5268450220,2403004414,15.1439,0.138546,athlete
89a8acc6e0fffff,89a8acc68dbffff,9511225456,2955259009,18.7999,0.008858,athlete
89a8acc6e0fffff,89a8acc6e03ffff,9511225456,4438518283,4.7314,0.86815,athlete
89a8acc6e0fffff,89a8acc6e07ffff,9511225456,3107399819,9.3698,0.549413,athlete
89a8acc6e0fffff,89a8acc6e0bffff,9511225456,5268450220,4.6881,0.870443,athlete
89a8acc6e0fffff,89a8acc6e0fffff,9511225456,9511225456,2.5554,0.960259,athlete
89a8acc6e0fffff,89a8acc6e17ffff,9511225456,2648475729,13.9974,0.206271,athlete
89a8acc6e0fffff,89a8acc6e2bffff,9511225456,2639739303,12.6394,0.298592,athlete
89a8acc6e0fffff,89a8acc6e33ffff,9511225456,2639739488,11.6663,0.370622,athlete
89a8acc6e0fffff,89a8acc6e37ffff,9511225456,4441055873,17.9705,0.025194,athlete
89a8acc6e0fffff,89a8acc6e3bffff,9511225456,6994114527,10.7116,0.444226,athlete
89a8acc6e0fffff,89a8acc6e63ffff,9511225456,2639739375,12.2431,0.327454,athlete
89a8acc6e0fffff,89a8acc6e67ffff,9511225456,13229907438,17.7084,0.032046,athlete
89a8acc6e0fffff,89a8acc6e6fffff,9511225456,7886908967,16.6007,0.069603,athlete
89a8acc6e0fffff,89a8acc6e73ffff,9511225456,6994114573,10.8865,0.430601,athlete
89a8acc6e0fffff,89a8acc6e77ffff,9511225456,6994114774,10.5009,0.460702,athlete
89a8acc6e0fffff,89a8acc6eabffff,9511225456,2403004414,13.45,0.242107,athlete
89a8acc6e0fffff,89a8acc6eafffff,9511225456,2955259142,19.0998,0.00499,athlete
89a8acc6e13ffff,89a8acc6e03ffff,11378070444,4438518283,17.8613,0.02795,athlete
89a8acc6e13ffff,89a8acc6e07ffff,11378070444,3107399819,14.3556,0.183985,athlete
89a8acc6e13ffff,89a8acc6e0fffff,11378070444,9511225456,19.029,0.005804,athlete
89a8acc6e13ffff,89a8acc6e13ffff,11378070444,11378070444,4.2803,0.891179,athlete
89a8acc6e13ffff,89a8acc6e17ffff,11378070444,2648475729,11.9376,0.350157,athlete
89a8acc6e13ffff,89a8acc6e1bffff,11378070444,11378070444,4.9767,0.854843,athlete
89a8acc6e13ffff,89a8acc6e83ffff,11378070444,2331878544,19.7417,0.000412,athlete
89a8acc6e13ffff,89a8acc6e87ffff,11378070444,2648494986,17.611,0.034794,athlete
89a8acc6e13ffff,89a8acc6e8fffff,11378070444,2639739589,12.8467,0.283797,athlete
89a8acc6e13ffff,89a8acc6ea3ffff,11378070444,2955259166,17.9133,0.02662,athlete
89a8acc6e13ffff,89a8acc6eabffff,11378070444,2403004414,16.7185,0.064965,athlete
89a8acc6e13ffff,89a8acc6eafffff,11378070444,2955259142,18.4936,0.013933,athlete
89a8acc6e13ffff,89a8acc6eb3ffff,11378070444,3501190741,18.5681,0.012595,athlete
89a8acc6e13ffff,89a8acc6ebbffff,11378070444,2648475715,14.0529,0.202759,athlete
89a8acc6e13ffff,89a8acc6ec7ffff,11378070444,11378070444,3.633,0.920771,athlete
89a8acc6e17ffff,89a8acc68dbffff,2648475729,2955259009,16.523,0.07274,athlete
89a8acc6e17ffff,89a8acc6c4bffff,2648475729,3425557950,18.6302,0.01153,athlete
89a8acc6e17ffff,89a8acc6c4fffff,2648475729,2955259222,19.0498,0.00556,athlete
89a8acc6e17ffff,89a8acc6c7bffff,2648475729,2955259207,19.4919,0.001592,athlete
89a8acc6e17ffff,89a8acc6e03ffff,2648475729,4438518283,8.5722,0.611203,athlete
89a8acc6e17ffff,89a8acc6e07ffff,2648475729,3107399819,4.7339,0.868017,athlete
89a8acc6e17ffff,89a8acc6e0bffff,2648475729,5268450220,11.4357,0.388196,athlete
89a8acc6e17ffff,89a8acc6e0fffff,2648475729,9511225456,9.5579,0.534696,athlete
89a8acc6e17ffff,89a8acc6e17ffff,2648475729,2648475729,1.2492,0.990404,athlete
89a8acc6e17ffff,89a8acc6e2bffff,2648475729,2639739303,14.4927,0.17571,athlete
89a8acc6e17ffff,89a8acc6e33ffff,2648475729,2639739488,12.0248,0.343638,athlete
89a8acc6e17ffff,89a8acc6e37ffff,2648475729,4441055873,15.8999,0.100162,athlete
89a8acc6e17ffff,89a8acc6e3bffff,2648475729,6994114527,16.1708,0.087755,athlete
89a8acc6e17ffff,89a8acc6e63ffff,2648475729,2639739375,19.0704,0.005322,athlete
89a8acc6e17ffff,89a8acc6e73ffff,2648475729,6994114573,17.889,0.027238,athlete
89a8acc6e17ffff,89a8acc6e77ffff,2648475729,6994114774,15.96,0.097345,athlete
89a8acc6e17ffff,89a8acc6e83ffff,2648475729,2331878544,16.1844,0.087152,athlete
89a8acc6e17ffff,89a8acc6e87ffff,2648475729,2648494986,14.0537,0.202708,athlete
89a8acc6e17ffff,89a8acc6e8fffff,2648475729,2639739589,9.2894,0.555697,athlete
89a8acc6e17ffff,89a8acc6e93ffff,2648475729,2331878534,19.6562,0.000729,athlete
89a8acc6e17ffff,89a8acc6e97ffff,2648475729,2331878569,16.5777,0.070522,athlete
89a8acc6e17ffff,89a8acc6ea3ffff,2648475729,2955259166,13.1442,0.262973,athlete
89a8acc6e17ffff,89a8acc6eabffff,2648475729,2403004414,7.3661,0.701014,athlete
89a8acc6e17ffff,89a8acc6eafffff,2648475729,2955259142,13.7245,0.223884,athlete
89a8acc6e17ffff,89a8acc6eb3ffff,2648475729,3501190741,13.799,0.219026,athlete
89a8acc6e17ffff,89a8acc6eb7ffff,2648475729,2955259190,15.3205,0.129104,athlete
89a8acc6e17ffff,89a8acc6ebbffff,2648475729,2648475715,10.3916,0.46926,athlete
89a8acc6e17ffff,89a8acc6ec7ffff,2648475729,11378070444,19.4231,0.002051,athlete
89a8acc6e1bffff,89a8acc6e03ffff,11378070444,4438518283,18.5577,0.012777,athlete
89a8acc6e1bffff,89a8acc6e07ffff,11378070444,3107399819,15.052,0.143573,athlete
89a8acc6e1bffff,89a8acc6e0fffff,11378070444,9511225456,19.7254,0.000465,athlete
89a8acc6e1bffff,89a8acc6e13ffff,11378070444,11378070444,4.9767,0.854843,athlete
89a8acc6e1bffff,89a8acc6e17ffff,11378070444,2648475729,12.634,0.298975,athlete
89a8acc6e1bffff,89a8acc6e1bffff,11378070444,11378070444,5.6731,0.814266,athlete
89a8acc6e1bffff,89a8acc6e87ffff,11378070444,2648494986,18.3074,0.017568,athlete
89a8acc6e1bffff,89a8acc6e8fffff,11378070444,2639739589,13.5431,0.23587,athlete
89a8acc6e1bffff,89a8acc6ea3ffff,11378070444,2955259166,18.6097,0.011876,athlete
89a8acc6e1bffff,89a8acc6eabffff,11378070444,2403004414,17.4149,0.040659,athlete
89a8acc6e1bffff,89a8acc6eafffff,11378070444,2955259142,19.19,0.004042,athlete
89a8acc6e1bffff,89a8acc6eb3ffff,11378070444,3501190741,19.2645,0.003334,athlete
89a8acc6e1bffff,89a8acc6ebbffff,11378070444,2648475715,14.7492,0.160643,athlete
89a8acc6e1bffff,89a8acc6ec7ffff,11378070444,11378070444,4.3294,0.888769,athlete
89a8acc6e23ffff,89a8acc68cbffff,4439995409,6770713434,11.6826,0.369384,athlete
89a8acc6e23ffff,89a8acc68d3ffff,4439995409,2955259026,17.1346,0.049798,athlete
89a8acc6e23ffff,89a8acc68dbffff,4439995409,2955259009,13.1338,0.263694,athlete
89a8acc6e23ffff,89a8acc6e23ffff,4439995409,4439995409,0.5402,0.998201,athlete
89a8acc6e23ffff,89a8acc6e33ffff,4439995409,2639739488,17.2755,0.045094,athlete
89a8acc6e23ffff,89a8acc6e37ffff,4439995409,4441055873,9.6926,0.524133,athlete
89a8acc6e23ffff,89a8acc6eabffff,4439995409,2403004414,19.4659,0.001759,athlete
89a8acc6e23ffff,89a8acc6eafffff,4439995409,2955259142,18.2259,0.019289,athlete
89a8acc6e27ffff,89a8acc6843ffff,3082243611,3082243627,13.3506,0.248826,athlete
89a8acc6e27ffff,89a8acc6853ffff,3082243611,3507851533,6.4126,0.76708,athlete
89a8acc6e27ffff,89a8acc6857ffff,3082243611,3507851199,15.1237,0.139645,athlete
89a8acc6e27ffff,89a8acc685bffff,3082243611,3082247660,12.8808,0.281387,athlete
89a8acc6e27ffff,89a8acc68c3ffff,3082243611,3509282844,14.5386,0.172975,athlete
89a8acc6e27ffff,89a8acc68c7ffff,3082243611,7950894106,19.7884,0.000276,athlete
89a8acc6e27ffff,89a8acc68cfffff,3082243611,3507851207,11.6545,0.371513,athlete
89a8acc6e27ffff,89a8acc68d3ffff,3082243611,2955259026,15.7344,0.108099,athlete
89a8acc6e27ffff,89a8acc68dbffff,3082243611,2955259009,15.4153,0.124149,athlete
89a8acc6e27ffff,89a8acc6a93ffff,3082243611,2639739558,10.2031,0.484052,athlete
89a8acc6e27ffff,89a8acc6a97ffff,3082243611,2639739558,9.4506,0.543097,athlete
89a8acc6e27ffff,89a8acc6e07ffff,3082243611,3107399819,18.7687,0.009323,athlete
89a8acc6e27ffff,89a8acc6e0fffff,3082243611,9511225456,19.8354,0.000167,athlete
89a8acc6e27ffff,89a8acc6e27ffff,3082243611,3082243611,0.2618,0.999577,athlete
89a8acc6e27ffff,89a8acc6e2bffff,3082243611,2639739303,11.7155,0.366888,athlete
89a8acc6e27ffff,89a8acc6e2fffff,3082243611,2639739558,7.1488,0.716522,athlete
89a8acc6e27ffff,89a8acc6e33ffff,3082243611,2639739488,15.4971,0.119947,athlete
89a8acc6e27ffff,89a8acc6e37ffff,3082243611,4441055873,19.434,0.001975,athlete
89a8acc6e27ffff,89a8acc6e3bffff,3082243611,6994114527,18.0091,0.024251,athlete
89a8acc6e27ffff,89a8acc6e77ffff,3082243611,6994114774,14.5841,0.170281,athlete
89a8acc6e2bffff,89a8acc6853ffff,2639739303,3507851533,18.3609,0.016481,athlete
89a8acc6e2bffff,89a8acc68dbffff,2639739303,2955259009,16.837,0.060455,athlete
89a8acc6e2bffff,89a8acc6a93ffff,2639739303,2639739558,18.5443,0.013015,athlete
89a8acc6e2bffff,89a8acc6a97ffff,2639739303,2639739558,17.7918,0.029778,athlete
89a8acc6e2bffff,89a8acc6a9bffff,2639739303,11378069599,15.5282,0.118362,athlete
89a8acc6e2bffff,89a8acc6e03ffff,2639739303,4438518283,13.4897,0.239442,athlete
89a8acc6e2bffff,89a8acc6e07ffff,2639739303,3107399819,11.5402,0.380212,athlete
89a8acc6e2bffff,89a8acc6e0bffff,2639739303,5268450220,13.846,0.215978,athlete
89a8acc6e2bffff,89a8acc6e0fffff,2639739303,9511225456,11.9519,0.349087,athlete
89a8acc6e2bffff,89a8acc6e17ffff,2639739303,2648475729,17.4389,0.039918,athlete
89a8acc6e2bffff,89a8acc6e27ffff,2639739303,3082243611,12.2102,0.329877,athlete
89a8acc6e2bffff,89a8acc6e2bffff,2639739303,2639739303,3.4175,0.929671,athlete
89a8acc6e2bffff,89a8acc6e2fffff,2639739303,2639739558,15.49,0.120308,athlete
89a8acc6e2bffff,89a8acc6e33ffff,2639739303,2639739488,8.2685,0.634318,athlete
89a8acc6e2bffff,89a8acc6e37ffff,2639739303,4441055873,16.0076,0.095143,athlete
89a8acc6e2bffff,89a8acc6e3bffff,2639739303,6994114527,9.7111,0.522686,athlete
89a8acc6e2bffff,89a8acc6e63ffff,2639739303,2639739375,13.8895,0.213175,athlete
89a8acc6e2bffff,89a8acc6e67ffff,2639739303,13229907438,16.0521,0.0931,athlete
89a8acc6e2bffff,89a8acc6e6fffff,2639739303,7886908967,14.9444,0.149549,athlete
89a8acc6e2bffff,89a8acc6e73ffff,2639739303,6994114573,12.9934,0.273464,athlete
89a8acc6e2bffff,89a8acc6e77ffff,2639739303,6994114774,6.2861,0.775426,athlete
89a8acc6e2bffff,89a8acc6ea3ffff,2639739303,2955259166,19.7466,0.000396,athlete
89a8acc6e2bffff,89a8acc6eabffff,2639739303,2403004414,12.9094,0.279368,athlete
89a8acc6e2bffff,89a8acc6eafffff,2639739303,2955259142,17.3721,0.041996,athlete
89a8acc6e2fffff,89a8acc6843ffff,2639739558,3082243627,18.7557,0.009521,athlete
89a8acc6e2fffff,89a8acc6853ffff,2639739558,3507851533,11.8176,0.359177,athlete
89a8acc6e2fffff,89a8acc685bffff,2639739558,3082247660,15.1858,0.13628,athlete
89a8acc6e2fffff,89a8acc68c3ffff,2639739558,3509282844,19.9437,2e-05,athlete
89a8acc6e2fffff,89a8acc68cfffff,2639739558,3507851207,17.0596,0.052393,athlete
89a8acc6e2fffff,89a8acc6a93ffff,2639739558,2639739558,4.332,0.888637,athlete
89a8acc6e2fffff,89a8acc6a97ffff,2639739558,2639739558,3.5795,0.923023,athlete
89a8acc6e2fffff,89a8acc6e27ffff,2639739558,3082243611,5.6669,0.814647,athlete
89a8acc6e2fffff,89a8acc6e2bffff,2639739558,2639739303,12.9908,0.273648,athlete
89a8acc6e2fffff,89a8acc6e2fffff,2639739558,2639739558,1.2777,0.989963,athlete
89a8acc6e2fffff,89a8acc6e33ffff,2639739558,2639739488,16.7724,0.062897,athlete
89a8acc6e2fffff,89a8acc6e3bffff,2639739558,6994114527,19.2844,0.003155,athlete
89a8acc6e2fffff,89a8acc6e77ffff,2639739558,6994114774,15.8594,0.10208,athlete
89a8acc6e33ffff,89a8acc68cbffff,2639739488,6770713434,13.5214,0.23732,athlete
89a8acc6e33ffff,89a8acc68d3ffff,2639739488,2955259026,14.3583,0.183816,athlete
89a8acc6e33ffff,89a8acc68d7ffff,2639739488,2955259012,19.4467,0.001887,athlete
89a8acc6e33ffff,89a8acc68dbffff,2639739488,2955259009,9.4485,0.543258,athlete
89a8acc6e33ffff,89a8acc6c6bffff,2639739488,965038276,19.3904,0.00229,athlete
89a8acc6e33ffff,89a8acc6e03ffff,2639739488,4438518283,13.4277,0.24361,athlete
89a8acc6e33ffff,89a8acc6e07ffff,2639739488,3107399819,10.7472,0.44145,athlete
89a8acc6e33ffff,89a8acc6e0bffff,2639739488,5268450220,13.784,0.219998,athlete
89a8acc6e33ffff,89a8acc6e0fffff,2639739488,9511225456,11.8899,0.353736,athlete
89a8acc6e33ffff,89a8acc6e17ffff,2639739488,2648475729,16.2098,0.086027,athlete
89a8acc6e33ffff,89a8acc6e27ffff,2639739488,3082243611,17.0851,0.051502,athlete
89a8acc6e33ffff,89a8acc6e2bffff,2639739488,2639739303,9.3619,0.550034,athlete
89a8acc6e33ffff,89a8acc6e33ffff,2639739488,2639739488,0.8801,0.99523,athlete
89a8acc6e33ffff,89a8acc6e37ffff,2639739488,4441055873,8.6191,0.607606,athlete
89a8acc6e33ffff,89a8acc6e3bffff,2639739488,6994114527,13.0054,0.272629,athlete
89a8acc6e33ffff,89a8acc6e63ffff,2639739488,2639739375,19.8339,0.00017,athlete
89a8acc6e33ffff,89a8acc6e73ffff,2639739488,6994114573,18.9379,0.006943,athlete
89a8acc6e33ffff,89a8acc6e77ffff,2639739488,6994114774,12.2305,0.328381,athlete
89a8acc6e33ffff,89a8acc6ea3ffff,2639739488,2955259166,13.6475,0.228944,athlete
89a8acc6e33ffff,89a8acc6ea7ffff,2639739488,3411176963,16.6926,0.065971,athlete
89a8acc6e33ffff,89a8acc6eabffff,2639739488,2403004414,6.8103,0.740165,athlete
89a8acc6e33ffff,89a8acc6eafffff,2639739488,2955259142,10.5006,0.460724,athlete
89a8acc6e33ffff,89a8acc6eb3ffff,2639739488,3501190741,17.0168,0.053901,athlete
89a8acc6e33ffff,89a8acc6eb7ffff,2639739488,2955259190,17.4132,0.040711,athlete
89a8acc6e33ffff,89a8acc6ebbffff,2639739488,2648475715,15.988,0.096046,athlete
89a8acc6e37ffff,89a8acc6853ffff,4441055873,3507851533,16.7605,0.06335,athlete
89a8acc6e37ffff,89a8acc68c3ffff,4441055873,3509282844,16.5927,0.069921,athlete
89a8acc6e37ffff,89a8acc68cbffff,4441055873,6770713434,5.7784,0.807792,athlete
89a8acc6e37ffff,89a8acc68cfffff,4441055873,3507851207,17.0633,0.052261,athlete
89a8acc6e37ffff,89a8acc68d3ffff,4441055873,2955259026,10.3154,0.475236,athlete
89a8acc6e37ffff,89a8acc68d7ffff,4441055873,2955259012,15.3947,0.12522,athlete
89a8acc6e37ffff,89a8acc68dbffff,4441055873,2955259009,6.2038,0.780792,athlete
89a8acc6e37ffff,89a8acc6c6bffff,4441055873,965038276,15.3867,0.125634,athlete
89a8acc6e37ffff,89a8acc6c7bffff,4441055873,2955259207,18.5992,0.012055,athlete
89a8acc6e37ffff,89a8acc6e03ffff,4441055873,4438518283,18.2416,0.018952,athlete
89a8acc6e37ffff,89a8acc6e07ffff,4441055873,3107399819,15.5591,0.116801,athlete
89a8acc6e37ffff,89a8acc6e0bffff,4441055873,5268450220,18.7523,0.009573,athlete
89a8acc6e37ffff,89a8acc6e0fffff,4441055873,9511225456,16.8745,0.059059,athlete
89a8acc6e37ffff,89a8acc6e23ffff,4441055873,4439995409,13.2707,0.254271,athlete
89a8acc6e37ffff,89a8acc6e2bffff,4441055873,2639739303,16.8535,0.059838,athlete
89a8acc6e37ffff,89a8acc6e33ffff,4441055873,2639739488,8.4366,0.621558,athlete
89a8acc6e37ffff,89a8acc6e37ffff,4441055873,4441055873,0.3307,0.999326,athlete
89a8acc6e37ffff,89a8acc6e3bffff,4441055873,6994114527,18.5315,0.013243,athlete
89a8acc6e37ffff,89a8acc6e77ffff,4441055873,6994114774,18.3208,0.017293,athlete
89a8acc6e37ffff,89a8acc6ea3ffff,4441055873,2955259166,15.1505,0.138189,athlete
89a8acc6e37ffff,89a8acc6ea7ffff,4441055873,3411176963,13.448,0.242244,athlete
89a8acc6e37ffff,89a8acc6eabffff,4441055873,2403004414,10.627,0.450836,athlete
89a8acc6e37ffff,89a8acc6eafffff,4441055873,2955259142,11.2568,0.401931,athlete
89a8acc6e37ffff,89a8acc6eb3ffff,4441055873,3501190741,18.5197,0.013456,athlete
89a8acc6e37ffff,89a8acc6eb7ffff,4441055873,2955259190,18.9162,0.007228,athlete
89a8acc6e37ffff,89a8acc6ebbffff,4441055873,2648475715,18.6559,0.011103,athlete
89a8acc6e3bffff,89a8acc68dbffff,6994114527,2955259009,18.9102,0.007308,athlete
89a8acc6e3bffff,89a8acc6a9bffff,6994114527,11378069599,15.7037,0.109602,athlete
89a8acc6e3bffff,89a8acc6e03ffff,6994114527,4438518283,11.2013,0.406206,athlete
89a8acc6e3bffff,89a8acc6e07ffff,6994114527,3107399819,13.3782,0.246956,athlete
89a8acc6e3bffff,89a8acc6e0bffff,6994114527,5268450220,11.5577,0.378879,athlete
89a8acc6e3bffff,89a8acc6e0fffff,6994114527,9511225456,9.6636,0.526409,athlete
89a8acc6e3bffff,89a8acc6e17ffff,6994114527,2648475729,19.2769,0.003222,athlete
89a8acc6e3bffff,89a8acc6e27ffff,6994114527,3082243611,18.9819,0.006381,athlete
89a8acc6e3bffff,89a8acc6e2bffff,6994114527,2639739303,10.1891,0.48515,athlete
89a8acc6e3bffff,89a8acc6e33ffff,6994114527,2639739488,11.7766,0.362271,athlete
89a8acc6e3bffff,89a8acc6e37ffff,6994114527,4441055873,18.0808,0.022549,athlete
89a8acc6e3bffff,89a8acc6e3bffff,6994114527,6994114527,0.8497,0.995553,athlete
89a8acc6e3bffff,89a8acc6e63ffff,6994114527,2639739375,13.2388,0.256455,athlete
89a8acc6e3bffff,89a8acc6e67ffff,6994114527,13229907438,15.4015,0.124868,athlete
89a8acc6e3bffff,89a8acc6e6fffff,6994114527,7886908967,14.2938,0.187761,athlete
89a8acc6e3bffff,89a8acc6e73ffff,6994114527,6994114573,12.3428,0.320121,athlete
89a8acc6e3bffff,89a8acc6e77ffff,6994114527,6994114774,5.6354,0.816563,athlete
89a8acc6e3bffff,89a8acc6eabffff,6994114527,2403004414,14.7474,0.160749,athlete
89a8acc6e3bffff,89a8acc6eafffff,6994114527,2955259142,19.2102,0.003843,athlete
89a8acc6e63ffff,89a8acc6a9bffff,2639739375,11378069599,17.8186,0.029068,athlete
89a8acc6e63ffff,89a8acc6e03ffff,2639739375,4438518283,10.6956,0.445479,athlete
89a8acc6e63ffff,89a8acc6e07ffff,2639739375,3107399819,15.334,0.128394,athlete
89a8acc6e63ffff,89a8acc6e0bffff,2639739375,5268450220,10.6523,0.448862,athlete
89a8acc6e63ffff,89a8acc6e0fffff,2639739375,9511225456,8.5195,0.615233,athlete
89a8acc6e63ffff,89a8acc6e17ffff,2639739375,2648475729,19.9616,9e-06,athlete
89a8acc6e63ffff,89a8acc6e2bffff,2639739375,2639739303,12.304,0.322972,athlete
89a8acc6e63ffff,89a8acc6e33ffff,2639739375,2639739488,17.0886,0.051381,athlete
89a8acc6e63ffff,89a8acc6e3bffff,2639739375,6994114527,11.1753,0.408217,athlete
89a8acc6e63ffff,89a8acc6e63ffff,2639739375,2639739375,0.4535,0.998732,athlete
89a8acc6e63ffff,89a8acc6e67ffff,2639739375,13229907438,8.3378,0.629067,athlete
89a8acc6e63ffff,89a8acc6e6fffff,2639739375,7886908967,7.2301,0.710746,athlete
89a8acc6e63ffff,89a8acc6e73ffff,2639739375,6994114573,4.6293,0.87353,athlete
89a8acc6e63ffff,89a8acc6e77ffff,2639739375,6994114774,5.6638,0.814837,athlete
89a8acc6e63ffff,89a8acc6eabffff,2639739375,2403004414,19.4141,0.002116,athlete
89a8acc6e67ffff,89a8acc6e03ffff,13229907438,4438518283,18.4073,0.015567,athlete
89a8acc6e67ffff,89a8acc6e0bffff,13229907438,5268450220,18.5752,0.01247,athlete
89a8acc6e67ffff,89a8acc6e0fffff,13229907438,9511225456,16.6811,0.06642,athlete
89a8acc6e67ffff,89a8acc6e2bffff,13229907438,2639739303,15.8092,0.104482,athlete
89a8acc6e67ffff,89a8acc6e3bffff,13229907438,6994114527,14.6805,0.16463,athlete
89a8acc6e67ffff,89a8acc6e63ffff,13229907438,2639739375,11.5098,0.382533,athlete
89a8acc6e67ffff,89a8acc6e67ffff,13229907438,13229907438,3.8113,0.913041,athlete
89a8acc6e67ffff,89a8acc6e6fffff,13229907438,7886908967,4.2438,0.892958,athlete
89a8acc6e67ffff,89a8acc6e73ffff,13229907438,6994114573,14.3682,0.183219,athlete
89a8acc6e67ffff,89a8acc6e77ffff,13229907438,6994114774,8.7407,0.59826,athlete
89a8acc6e6fffff,89a8acc6e03ffff,7886908967,4438518283,17.2995,0.044313,athlete
89a8acc6e6fffff,89a8acc6e0bffff,7886908967,5268450220,17.4675,0.039044,athlete
89a8acc6e6fffff,89a8acc6e0fffff,7886908967,9511225456,15.5734,0.116078,athlete
89a8acc6e6fffff,89a8acc6e2bffff,7886908967,2639739303,14.7014,0.16341,athlete
89a8acc6e6fffff,89a8acc6e33ffff,7886908967,2639739488,19.4861,0.001628,athlete
89a8acc6e6fffff,89a8acc6e3bffff,7886908967,6994114527,13.5728,0.233896,athlete
89a8acc6e6fffff,89a8acc6e63ffff,7886908967,2639739375,10.402,0.468445,athlete
89a8acc6e6fffff,89a8acc6e67ffff,7886908967,13229907438,4.2438,0.892958,athlete
89a8acc6e6fffff,89a8acc6e6fffff,7886908967,7886908967,2.3571,0.966117,athlete
89a8acc6e6fffff,89a8acc6e73ffff,7886908967,6994114573,13.2604,0.254974,athlete
89a8acc6e6fffff,89a8acc6e77ffff,7886908967,6994114774,7.633,0.68165,athlete
89a8acc6e73ffff,89a8acc6a9bffff,6994114573,11378069599,18.0374,0.023572,athlete
89a8acc6e73ffff,89a8acc6e03ffff,6994114573,4438518283,10.1425,0.488811,athlete
89a8acc6e73ffff,89a8acc6e07ffff,6994114573,3107399819,14.7809,0.158823,athlete
89a8acc6e73ffff,89a8acc6e0bffff,6994114573,5268450220,10.0992,0.492212,athlete
89a8acc6e73ffff,89a8acc6e0fffff,6994114573,9511225456,7.9664,0.657016,athlete
89a8acc6e73ffff,89a8acc6e17ffff,6994114573,2648475729,19.4085,0.002157,athlete
89a8acc6e73ffff,89a8acc6e2bffff,6994114573,2639739303,12.5228,0.307004,athlete
89a8acc6e73ffff,89a8acc6e33ffff,6994114573,2639739488,17.0773,0.051773,athlete
89a8acc6e73ffff,89a8acc6e3bffff,6994114573,6994114527,11.3941,0.391378,athlete
89a8acc6e73ffff,89a8acc6e63ffff,6994114573,2639739375,4.8731,0.860528,athlete
89a8acc6e73ffff,89a8acc6e67ffff,6994114573,13229907438,12.6638,0.296839,athlete
89a8acc6e73ffff,89a8acc6e6fffff,6994114573,7886908967,11.5561,0.379001,athlete
89a8acc6e73ffff,89a8acc6e73ffff,6994114573,6994114573,3.1666,0.93941,athlete
89a8acc6e73ffff,89a8acc6e77ffff,6994114573,6994114774,6.2756,0.776112,athlete
89a8acc6e73ffff,89a8acc6eabffff,6994114573,2403004414,18.861,0.007981,athlete
89a8acc6e77ffff,89a8acc68dbffff,6994114774,2955259009,19.3725,0.002427,athlete
89a8acc6e77ffff,89a8acc6a9bffff,6994114774,11378069599,12.9688,0.27519,athlete
89a8acc6e77ffff,89a8acc6e03ffff,6994114774,4438518283,11.6636,0.370824,athlete
89a8acc6e77ffff,89a8acc6e07ffff,6994114774,3107399819,13.8404,0.216338,athlete
89a8acc6e77ffff,89a8acc6e0bffff,6994114774,5268450220,11.9974,0.345685,athlete
89a8acc6e77ffff,89a8acc6e0fffff,6994114774,9511225456,10.1033,0.491884,athlete
89a8acc6e77ffff,89a8acc6e17ffff,6994114774,2648475729,19.7392,0.00042,athlete
89a8acc6e77ffff,89a8acc6e27ffff,6994114774,3082243611,16.2469,0.084399,athlete
89a8acc6e77ffff,89a8acc6e2bffff,6994114774,2639739303,7.4542,0.69466,athlete
89a8acc6e77ffff,89a8acc6e2fffff,6994114774,2639739558,19.5267,0.001381,athlete
89a8acc6e77ffff,89a8acc6e33ffff,6994114774,2639739488,12.2388,0.327765,athlete
89a8acc6e77ffff,89a8acc6e37ffff,6994114774,4441055873,18.543,0.013037,athlete
89a8acc6e77ffff,89a8acc6e3bffff,6994114774,6994114527,6.3255,0.772834,athlete
89a8acc6e77ffff,89a8acc6e63ffff,6994114774,2639739375,8.6789,0.603013,athlete
89a8acc6e77ffff,89a8acc6e67ffff,6994114774,13229907438,10.2184,0.482854,athlete
89a8acc6e77ffff,89a8acc6e6fffff,6994114774,7886908967,9.1106,0.569623,athlete
89a8acc6e77ffff,89a8acc6e73ffff,6994114774,6994114573,7.9144,0.660891,athlete
89a8acc6e77ffff,89a8acc6e77ffff,6994114774,6994114774,0.3858,0.999082,athlete
89a8acc6e77ffff,89a8acc6eabffff,6994114774,2403004414,15.2097,0.134997,athlete
89a8acc6e77ffff,89a8acc6eafffff,6994114774,2955259142,19.6724,0.000662,athlete
89a8acc6e83ffff,89a8acc6127ffff,2331878544,3880605752,13.9854,0.207035,athlete
89a8acc6e83ffff,89a8acc612bffff,2331878544,3880662273,12.5575,0.304492,athlete
89a8acc6e83ffff,89a8acc6163ffff,2331878544,3880605998,15.6112,0.114182,athlete
89a8acc6e83ffff,89a8acc6167ffff,2331878544,3880662263,9.8662,0.510506,athlete
89a8acc6e83ffff,89a8acc616fffff,2331878544,8356539506,8.7841,0.594917,athlete
89a8acc6e83ffff,89a8acc6173ffff,2331878544,3880661530,18.0428,0.023443,athlete
89a8acc6e83ffff,89a8acc6177ffff,2331878544,3880662275,15.1621,0.13756,athlete
89a8acc6e83ffff,89a8acc6c43ffff,2331878544,3425558055,12.9137,0.279062,athlete
89a8acc6e83ffff,89a8acc6c47ffff,2331878544,5653257029,17.8953,0.027076,athlete
89a8acc6e83ffff,89a8acc6c4bffff,2331878544,3425557950,8.5272,0.614641,athlete
89a8acc6e83ffff,89a8acc6c4fffff,2331878544,2955259222,13.736,0.223132,athlete
89a8acc6e83ffff,89a8acc6c53ffff,2331878544,3425558243,14.234,0.191444,athlete
89a8acc6e83ffff,89a8acc6c57ffff,2331878544,3513038267,18.2928,0.01787,athlete
89a8acc6e83ffff,89a8acc6c5bffff,2331878544,5653229020,11.3269,0.39654,athlete
89a8acc6e83ffff,89a8acc6c7bffff,2331878544,2955259207,18.2573,0.018617,athlete
89a8acc6e83ffff,89a8acc6e17ffff,2331878544,2648475729,18.9321,0.007018,athlete
89a8acc6e83ffff,89a8acc6e83ffff,2331878544,2331878544,0.4914,0.998511,athlete
89a8acc6e83ffff,89a8acc6e87ffff,2331878544,2648494986,7.776,0.671144,athlete
89a8acc6e83ffff,89a8acc6e8bffff,2331878544,4439551769,6.6258,0.752775,athlete
89a8acc6e83ffff,89a8acc6e8fffff,2331878544,2639739589,12.7824,0.288364,athlete
89a8acc6e83ffff,89a8acc6e93ffff,2331878544,2331878534,4.2933,0.890544,athlete
89a8acc6e83ffff,89a8acc6e97ffff,2331878544,2331878569,5.5995,0.818742,athlete
89a8acc6e83ffff,89a8acc6e9bffff,2331878544,2648495024,5.4274,0.82904,athlete
89a8acc6e83ffff,89a8acc6eb3ffff,2331878544,3501190741,15.9493,0.097847,athlete
89a8acc6e83ffff,89a8acc6eb7ffff,2331878544,2955259190,18.9309,0.007033,athlete
89a8acc6e83ffff,89a8acc6ebbffff,2331878544,2648475715,19.6784,0.000638,athlete
89a8acc6e83ffff,89a8acc6ed7ffff,2331878544,4452336172,11.3417,0.395399,athlete
89a8acc6e87ffff,89a8acc6127ffff,2648494986,3880605752,14.9588,0.14874,athlete
89a8acc6e87ffff,89a8acc612bffff,2648494986,3880662273,16.1081,0.09056,athlete
89a8acc6e87ffff,89a8acc6167ffff,2648494986,3880662263,16.1563,0.088397,athlete
89a8acc6e87ffff,89a8acc616fffff,2648494986,8356539506,15.8456,0.102739,athlete
89a8acc6e87ffff,89a8acc6177ffff,2648494986,3880662275,19.0777,0.005239,athlete
89a8acc6e87ffff,89a8acc6c0bffff,2648494986,3380581987,19.9833,2e-06,athlete
89a8acc6e87ffff,89a8acc6c1bffff,2648494986,7886951227,19.0769,0.005247,athlete
89a8acc6e87ffff,89a8acc6c43ffff,2648494986,3425558055,10.0714,0.494392,athlete
89a8acc6e87ffff,89a8acc6c47ffff,2648494986,5653257029,15.053,0.143515,athlete
89a8acc6e87ffff,89a8acc6c4bffff,2648494986,3425557950,6.3089,0.77393,athlete
89a8acc6e87ffff,89a8acc6c4fffff,2648494986,2955259222,10.8936,0.430044,athlete
89a8acc6e87ffff,89a8acc6c53ffff,2648494986,3425558243,12.3211,0.321713,athlete
89a8acc6e87ffff,89a8acc6c57ffff,2648494986,3513038267,15.4505,0.122334,athlete
89a8acc6e87ffff,89a8acc6c5bffff,2648494986,5653229020,12.0333,0.343009,athlete
89a8acc6e87ffff,89a8acc6c6bffff,2648494986,965038276,19.3913,0.002284,athlete
89a8acc6e87ffff,89a8acc6c73ffff,2648494986,2336108293,18.5616,0.012708,athlete
89a8acc6e87ffff,89a8acc6c7bffff,2648494986,2955259207,14.9017,0.151949,athlete
89a8acc6e87ffff,89a8acc6ccfffff,2648494986,3874217785,19.4944,0.001576,athlete
89a8acc6e87ffff,89a8acc6e07ffff,2648494986,3107399819,19.2395,0.003564,athlete
89a8acc6e87ffff,89a8acc6e17ffff,2648494986,2648475729,17.6698,0.033122,athlete
89a8acc6e87ffff,89a8acc6e83ffff,2648494986,2331878544,7.7542,0.672752,athlete
89a8acc6e87ffff,89a8acc6e87ffff,2648494986,2648494986,1.2839,0.989866,athlete
89a8acc6e87ffff,89a8acc6e8bffff,2648494986,4439551769,12.7173,0.293008,athlete
89a8acc6e87ffff,89a8acc6e8fffff,2648494986,2639739589,11.52,0.38175,athlete
89a8acc6e87ffff,89a8acc6e93ffff,2648494986,2331878534,10.2387,0.481258,athlete
89a8acc6e87ffff,89a8acc6e97ffff,2648494986,2331878569,5.5886,0.819403,athlete
89a8acc6e87ffff,89a8acc6e9bffff,2648494986,2648495024,12.4889,0.309467,athlete
89a8acc6e87ffff,89a8acc6ea3ffff,2648494986,2955259166,19.2754,0.003235,athlete
89a8acc6e87ffff,89a8acc6eb3ffff,2648494986,3501190741,12.5937,0.301883,athlete
89a8acc6e87ffff,89a8acc6eb7ffff,2648494986,2955259190,15.5753,0.115981,athlete
89a8acc6e87ffff,89a8acc6ebbffff,2648494986,2648475715,18.416,0.015397,athlete
89a8acc6e87ffff,89a8acc6ed7ffff,2648494986,4452336172,18.4032,0.015646,athlete
89a8acc6e8bffff,89a8acc6127ffff,4439551769,3880605752,18.9834,0.006362,athlete
89a8acc6e8bffff,89a8acc612bffff,4439551769,3880662273,15.4779,0.120929,athlete
89a8acc6e8bffff,89a8acc6163ffff,4439551769,3880605998,18.5315,0.013243,athlete
89a8acc6e8bffff,89a8acc6167ffff,4439551769,3880662263,12.7866,0.288066,athlete
89a8acc6e8bffff,89a8acc616fffff,4439551769,8356539506,11.7044,0.367728,athlete
89a8acc6e8bffff,89a8acc6177ffff,4439551769,3880662275,18.0824,0.022511,athlete
89a8acc6e8bffff,89a8acc6c43ffff,4439551769,3425558055,17.3837,0.041634,athlete
89a8acc6e8bffff,89a8acc6c4bffff,4439551769,3425557950,13.5252,0.237066,athlete
89a8acc6e8bffff,89a8acc6c4fffff,4439551769,2955259222,18.2059,0.019724,athlete
89a8acc6e8bffff,89a8acc6c53ffff,4439551769,3425558243,19.2319,0.003635,athlete
89a8acc6e8bffff,89a8acc6c5bffff,4439551769,5653229020,16.3248,0.081029,athlete
89a8acc6e8bffff,89a8acc6e83ffff,4439551769,2331878544,5.4894,0.825357,athlete
89a8acc6e8bffff,89a8acc6e87ffff,4439551769,2648494986,11.4761,0.385104,athlete
89a8acc6e8bffff,89a8acc6e8bffff,4439551769,4439551769,4.7155,0.868994,athlete
89a8acc6e8bffff,89a8acc6e8fffff,4439551769,2639739589,15.9099,0.099691,athlete
89a8acc6e8bffff,89a8acc6e93ffff,4439551769,2331878534,9.2913,0.555549,athlete
89a8acc6e8bffff,89a8acc6e97ffff,4439551769,2331878569,10.5975,0.453145,athlete
89a8acc6e8bffff,89a8acc6e9bffff,4439551769,2648495024,8.3477,0.628318,athlete
89a8acc6e8bffff,89a8acc6eb3ffff,4439551769,3501190741,19.9059,5.5e-05,athlete
89a8acc6e8bffff,89a8acc6ed7ffff,4439551769,4452336172,14.2621,0.189709,athlete
89a8acc6e8fffff,89a8acc6127ffff,2639739589,3880605752,18.8241,0.008505,athlete
89a8acc6e8fffff,89a8acc612bffff,2639739589,3880662273,19.9734,4e-06,athlete
89a8acc6e8fffff,89a8acc6167ffff,2639739589,3880662263,17.7074,0.032072,athlete
89a8acc6e8fffff,89a8acc616fffff,2639739589,8356539506,16.6253,0.06862,athlete
89a8acc6e8fffff,89a8acc68dbffff,2639739589,2955259009,18.8273,0.008459,athlete
89a8acc6e8fffff,89a8acc6c43ffff,2639739589,3425558055,15.3762,0.126186,athlete
89a8acc6e8fffff,89a8acc6c4bffff,2639739589,3425557950,11.6136,0.374621,athlete
89a8acc6e8fffff,89a8acc6c4fffff,2639739589,2955259222,16.1984,0.086531,athlete
89a8acc6e8fffff,89a8acc6c53ffff,2639739589,3425558243,17.6259,0.034368,athlete
89a8acc6e8fffff,89a8acc6c5bffff,2639739589,5653229020,16.1656,0.087984,athlete
89a8acc6e8fffff,89a8acc6c7bffff,2639739589,2955259207,19.8977,6.5e-05,athlete
89a8acc6e8fffff,89a8acc6e03ffff,2639739589,4438518283,15.2286,0.133982,athlete
89a8acc6e8fffff,89a8acc6e07ffff,2639739589,3107399819,9.9922,0.50061,athlete
89a8acc6e8fffff,89a8acc6e0bffff,2639739589,5268450220,18.0271,0.023819,athlete
89a8acc6e8fffff,89a8acc6e0fffff,2639739589,9511225456,16.1493,0.088712,athlete
89a8acc6e8fffff,89a8acc6e17ffff,2639739589,2648475729,8.4225,0.62263,athlete
89a8acc6e8fffff,89a8acc6e2bffff,2639739589,2639739303,19.751,0.000382,athlete
89a8acc6e8fffff,89a8acc6e33ffff,2639739589,2639739488,17.0139,0.054002,athlete
89a8acc6e8fffff,89a8acc6e83ffff,2639739589,2331878544,9.1678,0.565179,athlete
89a8acc6e8fffff,89a8acc6e87ffff,2639739589,2648494986,7.0371,0.724397,athlete
89a8acc6e8fffff,89a8acc6e8bffff,2639739589,4439551769,13.497,0.238951,athlete
89a8acc6e8fffff,89a8acc6e8fffff,2639739589,2639739589,2.2728,0.968474,athlete
89a8acc6e8fffff,89a8acc6e93ffff,2639739589,2331878534,12.6396,0.298574,athlete
89a8acc6e8fffff,89a8acc6e97ffff,2639739589,2331878569,9.5611,0.534442,athlete
89a8acc6e8fffff,89a8acc6e9bffff,2639739589,2648495024,13.2686,0.254416,athlete
89a8acc6e8fffff,89a8acc6ea3ffff,2639739589,2955259166,13.55,0.235412,athlete
89a8acc6e8fffff,89a8acc6eabffff,2639739589,2403004414,12.3552,0.319215,athlete
89a8acc6e8fffff,89a8acc6eafffff,2639739589,2955259142,14.1302,0.197894,athlete
89a8acc6e8fffff,89a8acc6eb3ffff,2639739589,3501190741,13.9247,0.210914,athlete
89a8acc6e8fffff,89a8acc6eb7ffff,2639739589,2955259190,15.7263,0.108499,athlete
89a8acc6e8fffff,89a8acc6ebbffff,2639739589,2648475715,9.1688,0.5651,athlete
89a8acc6e8fffff,89a8acc6ec7ffff,2639739589,11378070444,19.4514,0.001855,athlete
89a8acc6e8fffff,89a8acc6ed7ffff,2639739589,4452336172,19.183,0.004112,athlete
89a8acc6e93ffff,89a8acc610bffff,2331878534,3880606164,19.7091,0.000522,athlete
89a8acc6e93ffff,89a8acc610fffff,2331878534,3880606201,18.9993,0.006164,athlete
89a8acc6e93ffff,89a8acc6127ffff,2331878534,3880605752,11.7533,0.364028,athlete
89a8acc6e93ffff,89a8acc612bffff,2331878534,3880662273,9.7526,0.519425,athlete
89a8acc6e93ffff,89a8acc612fffff,2331878534,11115395648,19.7934,0.000263,athlete
89a8acc6e93ffff,89a8acc6163ffff,2331878534,3880605998,12.8063,0.286662,athlete
89a8acc6e93ffff,89a8acc6167ffff,2331878534,3880662263,7.0613,0.722694,athlete
89a8acc6e93ffff,89a8acc616fffff,2331878534,8356539506,10.166,0.486961,athlete
89a8acc6e93ffff,89a8acc6173ffff,2331878534,3880661530,15.2379,0.133483,athlete
89a8acc6e93ffff,89a8acc6177ffff,2331878534,3880662275,12.3572,0.319068,athlete
89a8acc6e93ffff,89a8acc6c43ffff,2331878534,3425558055,14.7253,0.162029,athlete
89a8acc6e93ffff,89a8acc6c47ffff,2331878534,5653257029,19.7068,0.00053,athlete
89a8acc6e93ffff,89a8acc6c4bffff,2331878534,3425557950,10.3388,0.473407,athlete
89a8acc6e93ffff,89a8acc6c4fffff,2331878534,2955259222,15.5475,0.117386,athlete
89a8acc6e93ffff,89a8acc6c53ffff,2331878534,3425558243,12.7304,0.29207,athlete
89a8acc6e93ffff,89a8acc6c57ffff,2331878534,3513038267,19.7523,0.000379,athlete
89a8acc6e93ffff,89a8acc6c5bffff,2331878534,5653229020,9.0948,0.570855,athlete
89a8acc6e93ffff,89a8acc6e83ffff,2331878534,2331878544,5.025,0.852163,athlete
89a8acc6e93ffff,89a8acc6e87ffff,2331878534,2648494986,11.4341,0.388313,athlete
89a8acc6e93ffff,89a8acc6e8bffff,2331878534,4439551769,11.1593,0.409448,athlete
89a8acc6e93ffff,89a8acc6e8fffff,2331878534,2639739589,17.0468,0.052839,athlete
89a8acc6e93ffff,89a8acc6e93ffff,2331878534,2331878534,1.1437,0.991953,athlete
89a8acc6e93ffff,89a8acc6e97ffff,2331878534,2331878569,6.0052,0.793559,athlete
89a8acc6e93ffff,89a8acc6e9bffff,2331878534,2648495024,7.0654,0.722404,athlete
89a8acc6e93ffff,89a8acc6eb3ffff,2331878534,3501190741,18.2243,0.019325,athlete
89a8acc6e93ffff,89a8acc6ed7ffff,2331878534,4452336172,12.9798,0.27442,athlete
89a8acc6e97ffff,89a8acc6123ffff,2331878569,3934579932,19.0039,0.006108,athlete
89a8acc6e97ffff,89a8acc6127ffff,2331878569,3880605752,10.2162,0.483021,athlete
89a8acc6e97ffff,89a8acc612bffff,2331878569,3880662273,11.3655,0.393575,athlete
89a8acc6e97ffff,89a8acc612fffff,2331878569,11115395648,18.2563,0.018638,athlete
89a8acc6e97ffff,89a8acc6163ffff,2331878569,3880605998,17.0262,0.053567,athlete
89a8acc6e97ffff,89a8acc6167ffff,2331878569,3880662263,11.2812,0.400053,athlete
89a8acc6e97ffff,89a8acc616fffff,2331878569,8356539506,13.56,0.234744,athlete
89a8acc6e97ffff,89a8acc6173ffff,2331878569,3880661530,18.6404,0.011359,athlete
89a8acc6e97ffff,89a8acc6177ffff,2331878569,3880662275,14.335,0.185236,athlete
89a8acc6e97ffff,89a8acc6c0bffff,2331878569,3380581987,19.5779,0.001099,athlete
89a8acc6e97ffff,89a8acc6c1bffff,2331878569,7886951227,18.6715,0.010848,athlete
89a8acc6e97ffff,89a8acc6c43ffff,2331878569,3425558055,9.666,0.52622,athlete
89a8acc6e97ffff,89a8acc6c47ffff,2331878569,5653257029,14.6476,0.166549,athlete
89a8acc6e97ffff,89a8acc6c4bffff,2331878569,3425557950,5.2795,0.837695,athlete
89a8acc6e97ffff,89a8acc6c4fffff,2331878569,2955259222,10.4882,0.461692,athlete
89a8acc6e97ffff,89a8acc6c53ffff,2331878569,3425558243,10.9862,0.422853,athlete
89a8acc6e97ffff,89a8acc6c57ffff,2331878569,3513038267,15.0451,0.143952,athlete
89a8acc6e97ffff,89a8acc6c5bffff,2331878569,5653229020,7.5577,0.687147,athlete
89a8acc6e97ffff,89a8acc6c6bffff,2331878569,965038276,19.9626,9e-06,athlete
89a8acc6e97ffff,89a8acc6c73ffff,2331878569,2336108293,18.1562,0.020824,athlete
89a8acc6e97ffff,89a8acc6c7bffff,2331878569,2955259207,15.473,0.121177,athlete
89a8acc6e97ffff,89a8acc6ccfffff,2331878569,3874217785,19.089,0.005111,athlete
89a8acc6e97ffff,89a8acc6e83ffff,2331878569,2331878544,5.6993,0.812666,athlete
89a8acc6e97ffff,89a8acc6e87ffff,2331878569,2648494986,6.3894,0.768616,athlete
89a8acc6e97ffff,89a8acc6e8bffff,2331878569,4439551769,11.8336,0.35797,athlete
89a8acc6e97ffff,89a8acc6e8fffff,2331878569,2639739589,14.0414,0.203484,athlete
89a8acc6e97ffff,89a8acc6e93ffff,2331878569,2331878534,5.3636,0.832798,athlete
89a8acc6e97ffff,89a8acc6e97ffff,2331878569,2331878569,0.7134,0.996864,athlete
89a8acc6e97ffff,89a8acc6e9bffff,2331878569,2648495024,10.2033,0.484036,athlete
89a8acc6e97ffff,89a8acc6ea3ffff,2331878569,2955259166,19.8468,0.000145,athlete
89a8acc6e97ffff,89a8acc6eb3ffff,2331878569,3501190741,13.165,0.261536,athlete
89a8acc6e97ffff,89a8acc6eb7ffff,2331878569,2955259190,16.1467,0.088828,athlete
89a8acc6e97ffff,89a8acc6ed7ffff,2331878569,4452336172,16.1176,0.09013,athlete
89a8acc6e9bffff,89a8acc610bffff,2648495024,3880606164,18.349,0.01672,athlete
89a8acc6e9bffff,89a8acc610fffff,2648495024,3880606201,17.6392,0.033986,athlete
89a8acc6e9bffff,89a8acc6127ffff,2648495024,3880605752,15.8939,0.100443,athlete
89a8acc6e9bffff,89a8acc612bffff,2648495024,3880662273,8.3925,0.624914,athlete
89a8acc6e9bffff,89a8acc6163ffff,2648495024,3880605998,11.4462,0.387389,athlete
89a8acc6e9bffff,89a8acc6167ffff,2648495024,3880662263,5.7012,0.812546,athlete
89a8acc6e9bffff,89a8acc616fffff,2648495024,8356539506,4.6191,0.874062,athlete
89a8acc6e9bffff,89a8acc6173ffff,2648495024,3880661530,13.8778,0.213923,athlete
89a8acc6e9bffff,89a8acc6177ffff,2648495024,3880662275,10.9971,0.422008,athlete
89a8acc6e9bffff,89a8acc6c43ffff,2648495024,3425558055,18.1907,0.020057,athlete
89a8acc6e9bffff,89a8acc6c4bffff,2648495024,3425557950,13.8042,0.218685,athlete
89a8acc6e9bffff,89a8acc6c4fffff,2648495024,2955259222,19.0129,0.005998,athlete
89a8acc6e9bffff,89a8acc6c53ffff,2648495024,3425558243,16.871,0.059187,athlete
89a8acc6e9bffff,89a8acc6c5bffff,2648495024,5653229020,13.2354,0.256689,athlete
89a8acc6e9bffff,89a8acc6e83ffff,2648495024,2331878544,5.7684,0.80841,athlete
89a8acc6e9bffff,89a8acc6e87ffff,2648495024,2648494986,12.6802,0.295658,athlete
89a8acc6e9bffff,89a8acc6e8bffff,2648495024,4439551769,9.7803,0.517254,athlete
89a8acc6e9bffff,89a8acc6e8fffff,2648495024,2639739589,17.1141,0.050501,athlete
89a8acc6e9bffff,89a8acc6e93ffff,2648495024,2331878534,5.2843,0.837418,athlete
89a8acc6e9bffff,89a8acc6e97ffff,2648495024,2331878569,10.1459,0.488545,athlete
89a8acc6e9bffff,89a8acc6e9bffff,2648495024,2648495024,1.2624,0.990202,athlete
89a8acc6e9bffff,89a8acc6ed7ffff,2648495024,4452336172,7.1767,0.714542,athlete
89a8acc6ea3ffff,89a8acc68cbffff,2955259166,6770713434,13.965,0.208336,athlete
89a8acc6ea3ffff,89a8acc68d3ffff,2955259166,2955259026,10.675,0.447087,athlete
89a8acc6ea3ffff,89a8acc68d7ffff,2955259166,2955259012,15.7754,0.106109,athlete
89a8acc6ea3ffff,89a8acc68dbffff,2955259166,2955259009,8.7239,0.599551,athlete
89a8acc6ea3ffff,89a8acc6c0bffff,2955259166,3380581987,18.2696,0.018356,athlete
89a8acc6ea3ffff,89a8acc6c0fffff,2955259166,2332043156,19.8534,0.000133,athlete
89a8acc6ea3ffff,89a8acc6c43ffff,2955259166,3425558055,12.3081,0.322668,athlete
89a8acc6ea3ffff,89a8acc6c47ffff,2955259166,5653257029,13.3393,0.249593,athlete
89a8acc6ea3ffff,89a8acc6c4bffff,2955259166,3425557950,11.2774,0.400343,athlete
89a8acc6ea3ffff,89a8acc6c4fffff,2955259166,2955259222,9.0668,0.573033,athlete
89a8acc6ea3ffff,89a8acc6c53ffff,2955259166,3425558243,16.9557,0.056088,athlete
89a8acc6ea3ffff,89a8acc6c57ffff,2955259166,3513038267,16.5265,0.072598,athlete
89a8acc6ea3ffff,89a8acc6c5bffff,2955259166,5653229020,19.3608,0.002518,athlete
89a8acc6ea3ffff,89a8acc6c63ffff,2955259166,2336034012,18.0753,0.022678,athlete
89a8acc6ea3ffff,89a8acc6c6bffff,2955259166,965038276,11.4199,0.389407,athlete
89a8acc6ea3ffff,89a8acc6c73ffff,2955259166,2336108293,14.1085,0.199255,athlete
89a8acc6ea3ffff,89a8acc6c77ffff,2955259166,2332075047,16.7444,0.063968,athlete
89a8acc6ea3ffff,89a8acc6c7bffff,2955259166,2955259207,8.6786,0.603041,athlete
89a8acc6ea3ffff,89a8acc6e03ffff,2955259166,4438518283,15.4358,0.123089,athlete
89a8acc6ea3ffff,89a8acc6e07ffff,2955259166,3107399819,11.5678,0.378109,athlete
89a8acc6ea3ffff,89a8acc6e0bffff,2955259166,5268450220,18.0271,0.023819,athlete
89a8acc6ea3ffff,89a8acc6e0fffff,2955259166,9511225456,16.1493,0.088712,athlete
89a8acc6ea3ffff,89a8acc6e17ffff,2955259166,2648475729,12.8708,0.282094,athlete
89a8acc6ea3ffff,89a8acc6e2bffff,2955259166,2639739303,16.1283,0.089651,athlete
89a8acc6ea3ffff,89a8acc6e33ffff,2955259166,2639739488,9.5019,0.539079,athlete
89a8acc6ea3ffff,89a8acc6e37ffff,2955259166,4441055873,11.2054,0.405894,athlete
89a8acc6ea3ffff,89a8acc6e3bffff,2955259166,6994114527,17.8063,0.029391,athlete
89a8acc6ea3ffff,89a8acc6e77ffff,2955259166,6994114774,17.5956,0.035239,athlete
89a8acc6ea3ffff,89a8acc6e83ffff,2955259166,2331878544,17.9477,0.025757,athlete
89a8acc6ea3ffff,89a8acc6e87ffff,2955259166,2648494986,14.9681,0.148222,athlete
89a8acc6ea3ffff,89a8acc6e8fffff,2955259166,2639739589,15.1048,0.140673,athlete
89a8acc6ea3ffff,89a8acc6e93ffff,2955259166,2331878534,19.9269,3.3e-05,athlete
89a8acc6ea3ffff,89a8acc6e97ffff,2955259166,2331878569,15.6455,0.112473,athlete
89a8acc6ea3ffff,89a8acc6ea3ffff,2955259166,2955259166,0.7414,0.996613,athlete
89a8acc6ea3ffff,89a8acc6ea7ffff,2955259166,3411176963,12.4226,0.314286,athlete
89a8acc6ea3ffff,89a8acc6eabffff,2955259166,2403004414,4.8804,0.860133,athlete
89a8acc6ea3ffff,89a8acc6eafffff,2955259166,2955259142,4.0269,0.903264,athlete
89a8acc6ea3ffff,89a8acc6eb3ffff,2955259166,3501190741,5.1643,0.844314,athlete
89a8acc6ea3ffff,89a8acc6eb7ffff,2955259166,2955259190,4.5071,0.879839,athlete
89a8acc6ea3ffff,89a8acc6ebbffff,2955259166,2648475715,7.0206,0.725553,athlete
89a8acc6ea7ffff,89a8acc6853ffff,3411176963,3507851533,18.6322,0.011496,athlete
89a8acc6ea7ffff,89a8acc68c3ffff,3411176963,3509282844,17.8496,0.028255,athlete
89a8acc6ea7ffff,89a8acc68cbffff,3411176963,6770713434,13.7796,0.220283,athlete
89a8acc6ea7ffff,89a8acc68cfffff,3411176963,3507851207,18.935,0.00698,athlete
89a8acc6ea7ffff,89a8acc68d3ffff,3411176963,2955259026,7.9211,0.660391,athlete
89a8acc6ea7ffff,89a8acc68d7ffff,3411176963,2955259012,13.0215,0.271499,athlete
89a8acc6ea7ffff,89a8acc68dbffff,3411176963,2955259009,6.0951,0.787819,athlete
89a8acc6ea7ffff,89a8acc6c43ffff,3411176963,3425558055,16.7164,0.065048,athlete
89a8acc6ea7ffff,89a8acc6c47ffff,3411176963,5653257029,15.2371,0.133525,athlete
89a8acc6ea7ffff,89a8acc6c4bffff,3411176963,3425557950,18.2481,0.018813,athlete
89a8acc6ea7ffff,89a8acc6c4fffff,3411176963,2955259222,13.165,0.261538,athlete
89a8acc6ea7ffff,89a8acc6c57ffff,3411176963,3513038267,18.8831,0.007675,athlete
89a8acc6ea7ffff,89a8acc6c63ffff,3411176963,2336034012,19.0588,0.005454,athlete
89a8acc6ea7ffff,89a8acc6c6bffff,3411176963,965038276,7.9099,0.661221,athlete
89a8acc6ea7ffff,89a8acc6c73ffff,3411176963,2336108293,15.3664,0.126696,athlete
89a8acc6ea7ffff,89a8acc6c77ffff,3411176963,2332075047,17.7279,0.031508,athlete
89a8acc6ea7ffff,89a8acc6c7bffff,3411176963,2955259207,10.1384,0.489132,athlete
89a8acc6ea7ffff,89a8acc6e33ffff,3411176963,2639739488,15.4768,0.120981,athlete
89a8acc6ea7ffff,89a8acc6e37ffff,3411176963,4441055873,12.3344,0.320741,athlete
89a8acc6ea7ffff,89a8acc6ea3ffff,3411176963,2955259166,16.8493,0.059993,athlete
89a8acc6ea7ffff,89a8acc6ea7ffff,3411176963,3411176963,0.4469,0.998768,athlete
89a8acc6ea7ffff,89a8acc6eabffff,3411176963,2403004414,17.403,0.041029,athlete
89a8acc6ea7ffff,89a8acc6eafffff,3411176963,2955259142,11.567,0.378166,athlete
89a8acc6ea7ffff,89a8acc6eb3ffff,3411176963,3501190741,16.6675,0.066955,athlete
89a8acc6ea7ffff,89a8acc6eb7ffff,3411176963,2955259190,12.067,0.340499,athlete
89a8acc6eabffff,89a8acc68cbffff,2403004414,6770713434,14.0865,0.200637,athlete
89a8acc6eabffff,89a8acc68d3ffff,2403004414,2955259026,14.7171,0.162501,athlete
89a8acc6eabffff,89a8acc68d7ffff,2403004414,2955259012,19.8055,0.000233,athlete
89a8acc6eabffff,89a8acc68dbffff,2403004414,2955259009,9.8073,0.515132,athlete
89a8acc6eabffff,89a8acc6c43ffff,2403004414,3425558055,18.0711,0.022776,athlete
89a8acc6eabffff,89a8acc6c4bffff,2403004414,3425557950,17.0404,0.053065,athlete
89a8acc6eabffff,89a8acc6c4fffff,2403004414,2955259222,15.8834,0.100943,athlete
89a8acc6eabffff,89a8acc6c6bffff,2403004414,965038276,18.2364,0.019063,athlete
89a8acc6eabffff,89a8acc6c7bffff,2403004414,2955259207,15.4952,0.120044,athlete
89a8acc6eabffff,89a8acc6e03ffff,2403004414,4438518283,11.2431,0.402987,athlete
89a8acc6eabffff,89a8acc6e07ffff,2403004414,3107399819,7.3769,0.700238,athlete
89a8acc6eabffff,89a8acc6e0bffff,2403004414,5268450220,13.8343,0.216733,athlete
89a8acc6eabffff,89a8acc6e0fffff,2403004414,9511225456,11.9565,0.348742,athlete
89a8acc6eabffff,89a8acc6e17ffff,2403004414,2648475729,10.0499,0.496079,athlete
89a8acc6eabffff,89a8acc6e27ffff,2403004414,3082243611,19.9285,3.2e-05,athlete
89a8acc6eabffff,89a8acc6e2bffff,2403004414,2639739303,11.9356,0.350313,athlete
89a8acc6eabffff,89a8acc6e33ffff,2403004414,2639739488,5.3092,0.835973,athlete
89a8acc6eabffff,89a8acc6e37ffff,2403004414,4441055873,9.1842,0.563894,athlete
89a8acc6eabffff,89a8acc6e3bffff,2403004414,6994114527,13.6136,0.231186,athlete
89a8acc6eabffff,89a8acc6e77ffff,2403004414,6994114774,13.4028,0.245287,athlete
89a8acc6eabffff,89a8acc6e8fffff,2403004414,2639739589,16.2856,0.082719,athlete
89a8acc6eabffff,89a8acc6ea3ffff,2403004414,2955259166,7.558,0.687126,athlete
89a8acc6eabffff,89a8acc6ea7ffff,2403004414,3411176963,17.0514,0.052678,athlete
89a8acc6eabffff,89a8acc6eabffff,2403004414,2403004414,0.6504,0.997392,athlete
89a8acc6eabffff,89a8acc6eafffff,2403004414,2955259142,8.0568,0.650262,athlete
89a8acc6eabffff,89a8acc6eb3ffff,2403004414,3501190741,10.9272,0.427431,athlete
89a8acc6eabffff,89a8acc6eb7ffff,2403004414,2955259190,11.3237,0.396783,athlete
89a8acc6eabffff,89a8acc6ebbffff,2403004414,2648475715,9.8281,0.513498,athlete
89a8acc6eafffff,89a8acc6853ffff,2955259142,3507851533,17.6469,0.033768,athlete
89a8acc6eafffff,89a8acc68c3ffff,2955259142,3509282844,16.8849,0.058675,athlete
89a8acc6eafffff,89a8acc68cbffff,2955259142,6770713434,10.3714,0.470847,athlete
89a8acc6eafffff,89a8acc68cfffff,2955259142,3507851207,17.9497,0.025707,athlete
89a8acc6eafffff,89a8acc68d3ffff,2955259142,2955259026,8.609,0.608383,athlete
89a8acc6eafffff,89a8acc68d7ffff,2955259142,2955259012,13.7094,0.22487,athlete
89a8acc6eafffff,89a8acc68dbffff,2955259142,2955259009,5.1303,0.846241,athlete
89a8acc6eafffff,89a8acc6c43ffff,2955259142,3425558055,17.5161,0.037577,athlete
89a8acc6eafffff,89a8acc6c47ffff,2955259142,5653257029,19.2223,0.003726,athlete
89a8acc6eafffff,89a8acc6c4bffff,2955259142,3425557950,16.4854,0.074278,athlete
89a8acc6eafffff,89a8acc6c4fffff,2955259142,2955259222,14.9498,0.149248,athlete
89a8acc6eafffff,89a8acc6c6bffff,2955259142,965038276,13.5694,0.23412,athlete
89a8acc6eafffff,89a8acc6c73ffff,2955259142,2336108293,19.9915,0.0,athlete
89a8acc6eafffff,89a8acc6c7bffff,2955259142,2955259207,14.5616,0.171615,athlete
89a8acc6eafffff,89a8acc6e03ffff,2955259142,4438518283,17.1658,0.048737,athlete
89a8acc6eafffff,89a8acc6e07ffff,2955259142,3107399819,14.0391,0.203631,athlete
89a8acc6eafffff,89a8acc6e0bffff,2955259142,5268450220,18.3944,0.015818,athlete
89a8acc6eafffff,89a8acc6e0fffff,2955259142,9511225456,16.5166,0.072999,athlete
89a8acc6eafffff,89a8acc6e17ffff,2955259142,2648475729,16.3586,0.079586,athlete
89a8acc6eafffff,89a8acc6e23ffff,2955259142,4439995409,19.7557,0.000368,athlete
89a8acc6eafffff,89a8acc6e2bffff,2955259142,2639739303,16.4957,0.073858,athlete
89a8acc6eafffff,89a8acc6e33ffff,2955259142,2639739488,8.4884,0.617605,athlete
89a8acc6eafffff,89a8acc6e37ffff,2955259142,4441055873,8.9261,0.583942,athlete
89a8acc6eafffff,89a8acc6e3bffff,2955259142,6994114527,18.1737,0.020434,athlete
89a8acc6eafffff,89a8acc6e77ffff,2955259142,6994114774,17.963,0.025379,athlete
89a8acc6eafffff,89a8acc6e8fffff,2955259142,2639739589,18.5927,0.012167,athlete
89a8acc6eafffff,89a8acc6ea3ffff,2955259142,2955259166,7.003,0.726783,athlete
89a8acc6eafffff,89a8acc6ea7ffff,2955259142,3411176963,10.3566,0.472004,athlete
89a8acc6eafffff,89a8acc6eabffff,2955259142,2403004414,8.3546,0.627796,athlete
89a8acc6eafffff,89a8acc6eafffff,2955259142,2955259142,0.4333,0.998842,athlete
89a8acc6eafffff,89a8acc6eb3ffff,2955259142,3501190741,10.3723,0.470777,athlete
89a8acc6eafffff,89a8acc6eb7ffff,2955259142,2955259190,10.3901,0.46938,athlete
89a8acc6eafffff,89a8acc6ebbffff,2955259142,2648475715,10.5085,0.460109,athlete
89a8acc6eb3ffff,89a8acc6127ffff,3501190741,3880605752,19.6726,0.000661,athlete
89a8acc6eb3ffff,89a8acc68d3ffff,3501190741,2955259026,17.4764,0.038772,athlete
89a8acc6eb3ffff,89a8acc68dbffff,3501190741,2955259009,15.6048,0.114504,athlete
89a8acc6eb3ffff,89a8acc6c0bffff,3501190741,3380581987,18.4874,0.014047,athlete
89a8acc6eb3ffff,89a8acc6c1bffff,3501190741,7886951227,17.9762,0.025053,athlete
89a8acc6eb3ffff,89a8acc6c43ffff,3501190741,3425558055,8.9707,0.580489,athlete
89a8acc6eb3ffff,89a8acc6c47ffff,3501190741,5653257029,13.5571,0.234937,athlete
89a8acc6eb3ffff,89a8acc6c4bffff,3501190741,3425557950,7.94,0.658981,athlete
89a8acc6eb3ffff,89a8acc6c4fffff,3501190741,2955259222,7.0777,0.721543,athlete
89a8acc6eb3ffff,89a8acc6c53ffff,3501190741,3425558243,13.6183,0.230875,athlete
89a8acc6eb3ffff,89a8acc6c57ffff,3501190741,3513038267,14.3498,0.184336,athlete
89a8acc6eb3ffff,89a8acc6c5bffff,3501190741,5653229020,16.0234,0.094413,athlete
89a8acc6eb3ffff,89a8acc6c63ffff,3501190741,2336034012,18.6217,0.011673,athlete
89a8acc6eb3ffff,89a8acc6c6bffff,3501190741,965038276,12.3328,0.320858,athlete
89a8acc6eb3ffff,89a8acc6c73ffff,3501190741,2336108293,14.6549,0.16612,athlete
89a8acc6eb3ffff,89a8acc6c77ffff,3501190741,2332075047,17.2908,0.044597,athlete
89a8acc6eb3ffff,89a8acc6c7bffff,3501190741,2955259207,9.225,0.56072,athlete
89a8acc6eb3ffff,89a8acc6ccfffff,3501190741,3874217785,18.3937,0.015832,athlete
89a8acc6eb3ffff,89a8acc6e07ffff,3501190741,3107399819,16.7659,0.063143,athlete
89a8acc6eb3ffff,89a8acc6e17ffff,3501190741,2648475729,16.8392,0.06037,athlete
89a8acc6eb3ffff,89a8acc6e33ffff,3501190741,2639739488,16.2757,0.083147,athlete
89a8acc6eb3ffff,89a8acc6e37ffff,3501190741,4441055873,18.0862,0.022423,athlete
89a8acc6eb3ffff,89a8acc6e83ffff,3501190741,2331878544,14.6103,0.168738,athlete
89a8acc6eb3ffff,89a8acc6e87ffff,3501190741,2648494986,11.6307,0.37332,athlete
89a8acc6eb3ffff,89a8acc6e8fffff,3501190741,2639739589,18.2431,0.018919,athlete
89a8acc6eb3ffff,89a8acc6e93ffff,3501190741,2331878534,16.5895,0.070048,athlete
89a8acc6eb3ffff,89a8acc6e97ffff,3501190741,2331878569,12.3081,0.322664,athlete
89a8acc6eb3ffff,89a8acc6e9bffff,3501190741,2648495024,19.5462,0.00127,athlete
89a8acc6eb3ffff,89a8acc6ea3ffff,3501190741,2955259166,8.5086,0.616062,athlete
89a8acc6eb3ffff,89a8acc6ea7ffff,3501190741,3411176963,16.0533,0.093044,athlete
89a8acc6eb3ffff,89a8acc6eabffff,3501190741,2403004414,11.617,0.374363,athlete
89a8acc6eb3ffff,89a8acc6eafffff,3501190741,2955259142,10.9077,0.42895,athlete
89a8acc6eb3ffff,89a8acc6eb3ffff,3501190741,3501190741,1.1792,0.991448,athlete
89a8acc6eb3ffff,89a8acc6eb7ffff,3501190741,2955259190,8.1742,0.64144,athlete
89a8acc6eb3ffff,89a8acc6ebbffff,3501190741,2648475715,9.3638,0.549882,athlete
89a8acc6eb7ffff,89a8acc68cbffff,2955259190,6770713434,19.4294,0.002007,athlete
89a8acc6eb7ffff,89a8acc68d3ffff,2955259190,2955259026,12.4334,0.313504,athlete
89a8acc6eb7ffff,89a8acc68d7ffff,2955259190,2955259012,17.4008,0.041098,athlete
89a8acc6eb7ffff,89a8acc68dbffff,2955259190,2955259009,12.399,0.316011,athlete
89a8acc6eb7ffff,89a8acc6c03ffff,2955259190,4439701589,17.631,0.034222,athlete
89a8acc6eb7ffff,89a8acc6c0bffff,2955259190,3380581987,14.1395,0.197316,athlete
89a8acc6eb7ffff,89a8acc6c0fffff,2955259190,2332043156,15.7233,0.108646,athlete
89a8acc6eb7ffff,89a8acc6c1bffff,2955259190,7886951227,16.0227,0.094446,athlete
89a8acc6eb7ffff,89a8acc6c2bffff,2955259190,2335474641,16.8788,0.058898,athlete
89a8acc6eb7ffff,89a8acc6c3bffff,2955259190,3380582097,18.2659,0.018435,athlete
89a8acc6eb7ffff,89a8acc6c43ffff,2955259190,3425558055,9.1802,0.564207,athlete
89a8acc6eb7ffff,89a8acc6c47ffff,2955259190,5653257029,9.2092,0.561951,athlete
89a8acc6eb7ffff,89a8acc6c4bffff,2955259190,3425557950,10.0198,0.498447,athlete
89a8acc6eb7ffff,89a8acc6c4fffff,2955259190,2955259222,4.9366,0.857055,athlete
89a8acc6eb7ffff,89a8acc6c53ffff,2955259190,3425558243,13.757,0.221757,athlete
89a8acc6eb7ffff,89a8acc6c57ffff,2955259190,3513038267,12.3963,0.316207,athlete
89a8acc6eb7ffff,89a8acc6c5bffff,2955259190,5653229020,17.483,0.038572,athlete
89a8acc6eb7ffff,89a8acc6c63ffff,2955259190,2336034012,13.9451,0.209604,athlete
89a8acc6eb7ffff,89a8acc6c67ffff,2955259190,4438325149,17.0912,0.051292,athlete
89a8acc6eb7ffff,89a8acc6c6bffff,2955259190,965038276,7.2897,0.706493,athlete
89a8acc6eb7ffff,89a8acc6c73ffff,2955259190,2336108293,9.9784,0.501697,athlete
89a8acc6eb7ffff,89a8acc6c77ffff,2955259190,2332075047,12.6142,0.300401,athlete
89a8acc6eb7ffff,89a8acc6c7bffff,2955259190,2955259207,4.5484,0.877722,athlete
89a8acc6eb7ffff,89a8acc6cc7ffff,2955259190,3409300606,19.7965,0.000255,athlete
89a8acc6eb7ffff,89a8acc6ccfffff,2955259190,3874217785,16.4402,0.076153,athlete
89a8acc6eb7ffff,89a8acc6e07ffff,2955259190,3107399819,17.9767,0.02504,athlete
89a8acc6eb7ffff,89a8acc6e17ffff,2955259190,2648475729,19.2797,0.003197,athlete
89a8acc6eb7ffff,89a8acc6e33ffff,2955259190,2639739488,16.6591,0.067285,athlete
89a8acc6eb7ffff,89a8acc6e37ffff,2955259190,4441055873,17.9841,0.024859,athlete
89a8acc6eb7ffff,89a8acc6e83ffff,2955259190,2331878544,17.1166,0.050415,athlete
89a8acc6eb7ffff,89a8acc6e87ffff,2955259190,2648494986,14.137,0.19747,athlete
89a8acc6eb7ffff,89a8acc6e93ffff,2955259190,2331878534,18.7338,0.009857,athlete
89a8acc6eb7ffff,89a8acc6e97ffff,2955259190,2331878569,14.4576,0.177814,athlete
89a8acc6eb7ffff,89a8acc6ea3ffff,2955259190,2955259166,7.8986,0.662064,athlete
89a8acc6eb7ffff,89a8acc6ea7ffff,2955259190,3411176963,11.0103,0.420987,athlete
89a8acc6eb7ffff,89a8acc6eabffff,2955259190,2403004414,12.0376,0.342688,athlete
89a8acc6eb7ffff,89a8acc6eafffff,2955259190,2955259142,10.1831,0.485621,athlete
89a8acc6eb7ffff,89a8acc6eb3ffff,2955259190,3501190741,8.0812,0.648435,athlete
89a8acc6eb7ffff,89a8acc6eb7ffff,2955259190,2955259190,0.377,0.999124,athlete
89a8acc6eb7ffff,89a8acc6ebbffff,2955259190,2648475715,12.8283,0.2851,athlete
89a8acc6ebbffff,89a8acc68cbffff,2648475715,6770713434,16.15,0.08868,athlete
89a8acc6ebbffff,89a8acc68d3ffff,2648475715,2955259026,14.3161,0.18639,athlete
89a8acc6ebbffff,89a8acc68d7ffff,2648475715,2955259012,19.4166,0.002098,athlete
89a8acc6ebbffff,89a8acc68dbffff,2648475715,2955259009,10.9089,0.428854,athlete
89a8acc6ebbffff,89a8acc6c43ffff,2648475715,3425558055,12.9129,0.279124,athlete
89a8acc6ebbffff,89a8acc6c47ffff,2648475715,5653257029,16.6401,0.068036,athlete
89a8acc6ebbffff,89a8acc6c4bffff,2648475715,3425557950,11.8822,0.354317,athlete
89a8acc6ebbffff,89a8acc6c4fffff,2648475715,2955259222,11.0198,0.420245,athlete
89a8acc6ebbffff,89a8acc6c53ffff,2648475715,3425558243,17.5604,0.036264,athlete
89a8acc6ebbffff,89a8acc6c57ffff,2648475715,3513038267,18.2919,0.017889,athlete
89a8acc6ebbffff,89a8acc6c5bffff,2648475715,5653229020,19.9656,7e-06,athlete
89a8acc6ebbffff,89a8acc6c6bffff,2648475715,965038276,14.7206,0.162299,athlete
89a8acc6ebbffff,89a8acc6c73ffff,2648475715,2336108293,17.4093,0.040834,athlete
89a8acc6ebbffff,89a8acc6c7bffff,2648475715,2955259207,11.9793,0.347037,athlete
89a8acc6ebbffff,89a8acc6e03ffff,2648475715,4438518283,15.434,0.123181,athlete
89a8acc6ebbffff,89a8acc6e07ffff,2648475715,3107399819,10.1977,0.484476,athlete
89a8acc6ebbffff,89a8acc6e0bffff,2648475715,5268450220,18.2244,0.019322,athlete
89a8acc6ebbffff,89a8acc6e0fffff,2648475715,9511225456,16.3466,0.080097,athlete
89a8acc6ebbffff,89a8acc6e17ffff,2648475715,2648475729,9.79,0.51649,athlete
89a8acc6ebbffff,89a8acc6e2bffff,2648475715,2639739303,16.8627,0.059496,athlete
89a8acc6ebbffff,89a8acc6e33ffff,2648475715,2639739488,10.8537,0.433148,athlete
89a8acc6ebbffff,89a8acc6e37ffff,2648475715,4441055873,13.3904,0.24613,athlete
89a8acc6ebbffff,89a8acc6e3bffff,2648475715,6994114527,18.5407,0.013079,athlete
89a8acc6ebbffff,89a8acc6e77ffff,2648475715,6994114774,18.33,0.017106,athlete
89a8acc6ebbffff,89a8acc6e83ffff,2648475715,2331878544,16.7874,0.062325,athlete
89a8acc6ebbffff,89a8acc6e87ffff,2648475715,2648494986,14.6567,0.166016,athlete
89a8acc6ebbffff,89a8acc6e8fffff,2648475715,2639739589,9.8924,0.50845,athlete
89a8acc6ebbffff,89a8acc6e97ffff,2648475715,2331878569,16.2503,0.084252,athlete
89a8acc6ebbffff,89a8acc6ea3ffff,2648475715,2955259166,5.6316,0.816796,athlete
89a8acc6ebbffff,89a8acc6ea7ffff,2648475715,3411176963,16.0638,0.092566,athlete
89a8acc6ebbffff,89a8acc6eabffff,2648475715,2403004414,6.195,0.781365,athlete
89a8acc6ebbffff,89a8acc6eafffff,2648475715,2955259142,6.2119,0.78027,athlete
89a8acc6ebbffff,89a8acc6eb3ffff,2648475715,3501190741,5.769,0.808372,athlete
89a8acc6ebbffff,89a8acc6eb7ffff,2648475715,2955259190,7.8079,0.668787,athlete
89a8acc6ebbffff,89a8acc6ebbffff,2648475715,2648475715,1.0131,0.993682,athlete
89a8acc6ec7ffff,89a8acc6e03ffff,11378070444,4438518283,17.214,0.047121,athlete
89a8acc6ec7ffff,89a8acc6e07ffff,11378070444,3107399819,13.7082,0.224951,athlete
89a8acc6ec7ffff,89a8acc6e0fffff,11378070444,9511225456,18.3817,0.016068,athlete
89a8acc6ec7ffff,89a8acc6e13ffff,11378070444,11378070444,3.633,0.920771,athlete
89a8acc6ec7ffff,89a8acc6e17ffff,11378070444,2648475729,11.2903,0.399355,athlete
89a8acc6ec7ffff,89a8acc6e1bffff,11378070444,11378070444,4.3294,0.888769,athlete
89a8acc6ec7ffff,89a8acc6e83ffff,11378070444,2331878544,19.0943,0.005051,athlete
89a8acc6ec7ffff,89a8acc6e87ffff,11378070444,2648494986,16.9636,0.055801,athlete
89a8acc6ec7ffff,89a8acc6e8fffff,11378070444,2639739589,12.1993,0.33068,athlete
89a8acc6ec7ffff,89a8acc6e97ffff,11378070444,2331878569,19.4877,0.001618,athlete
89a8acc6ec7ffff,89a8acc6ea3ffff,11378070444,2955259166,17.2659,0.045406,athlete
89a8acc6ec7ffff,89a8acc6eabffff,11378070444,2403004414,16.0711,0.092233,athlete
89a8acc6ec7ffff,89a8acc6eafffff,11378070444,2955259142,17.8462,0.028343,athlete
89a8acc6ec7ffff,89a8acc6eb3ffff,11378070444,3501190741,17.9207,0.026433,athlete
89a8acc6ec7ffff,89a8acc6eb7ffff,11378070444,2955259190,19.4422,0.001918,athlete
89a8acc6ec7ffff,89a8acc6ebbffff,11378070444,2648475715,13.4055,0.245109,athlete
89a8acc6ec7ffff,89a8acc6ec7ffff,11378070444,11378070444,2.9856,0.946016,athlete
89a8acc6ed7ffff,89a8acc612bffff,4452336172,3880662273,14.8061,0.157378,athlete
89a8acc6ed7ffff,89a8acc6163ffff,4452336172,3880605998,15.4971,0.119947,athlete
89a8acc6ed7ffff,89a8acc6167ffff,4452336172,3880662263,12.1148,0.336942,athlete
89a8acc6ed7ffff,89a8acc616fffff,4452336172,8356539506,8.3481,0.628287,athlete
89a8acc6ed7ffff,89a8acc6173ffff,4452336172,3880661530,17.9287,0.026232,athlete
89a8acc6ed7ffff,89a8acc6177ffff,4452336172,3880662275,15.9786,0.096484,athlete
89a8acc6ed7ffff,89a8acc6c5bffff,4452336172,5653229020,19.6564,0.000728,athlete
89a8acc6ed7ffff,89a8acc6e83ffff,4452336172,2331878544,12.1894,0.331413,athlete
89a8acc6ed7ffff,89a8acc6e87ffff,4452336172,2648494986,19.1013,0.004974,athlete
89a8acc6ed7ffff,89a8acc6e8bffff,4452336172,4439551769,16.2013,0.086403,athlete
89a8acc6ed7ffff,89a8acc6e93ffff,4452336172,2331878534,11.7053,0.367662,athlete
89a8acc6ed7ffff,89a8acc6e97ffff,4452336172,2331878569,16.5669,0.070959,athlete
89a8acc6ed7ffff,89a8acc6e9bffff,4452336172,2648495024,7.6834,0.677957,athlete
89a8acc6ed7ffff,89a8acc6ed7ffff,4452336172,4452336172,4.8029,0.864329,athlete
