source_h3_id,target_h3_id,source_node_id,target_node_id,time_min,alpha_20,profile_key
89a8ac89227ffff,89a8ac89227ffff,4471899907,4471899907,1.775,0.980692,average_adult
89a8ac89227ffff,89a8ac8922bffff,4471899907,4471899904,18.203,0.019788,average_adult
89a8ac89227ffff,89a8ac8922fffff,4471899907,4032034265,12.4972,0.308863,average_adult
89a8ac89227ffff,89a8ac89343ffff,4471899907,4471973406,12.0531,0.341528,average_adult
89a8ac89227ffff,89a8ac8934bffff,4471899907,5267685479,18.2512,0.018747,average_adult
89a8ac89227ffff,89a8ac89353ffff,4471899907,3005630750,8.6613,0.60437,average_adult
89a8ac89227ffff,89a8ac89357ffff,4471899907,3005630751,14.0727,0.201507,average_adult
89a8ac89227ffff,89a8ac8935bffff,4471899907,3874217941,8.1906,0.640202,average_adult
89a8ac89227ffff,89a8acc6c87ffff,4471899907,4471893673,19.6515,0.000749,average_adult
89a8ac89227ffff,89a8acc6c97ffff,4471899907,2332075036,15.0225,0.1452,average_adult
89a8ac8922bffff,89a8ac89227ffff,4471899904,4471899907,16.15,0.088678,average_adult
89a8ac8922bffff,89a8ac8922bffff,4471899904,4471899904,7.2605,0.708579,average_adult
89a8ac8922bffff,89a8ac8922fffff,4471899904,4032034265,5.4494,0.827733,average_adult
89a8ac8922bffff,89a8ac89343ffff,4471899904,4471973406,19.0427,0.005642,average_adult
89a8ac8922bffff,89a8ac8935bffff,4471899904,3874217941,13.415,0.244468,average_adult
89a8ac8922bffff,89a8acc6c83ffff,4471899904,3874217907,15.6262,0.113435,average_adult
89a8ac8922bffff,89a8acc6c87ffff,4471899904,4471893673,17.4774,0.038742,average_adult
89a8ac8922bffff,89a8acc6c97ffff,4471899904,2332075036,12.8484,0.283675,average_adult
89a8ac8922fffff,89a8ac89227ffff,4032034265,4471899907,10.8527,0.433226,average_adult
89a8ac8922fffff,89a8ac8922bffff,4032034265,4471899904,5.858,0.802843,average_adult
89a8ac8922fffff,89a8ac8922fffff,4032034265,4032034265,0.1522,0.999857,average_adult
89a8ac8922fffff,89a8ac89343ffff,4032034265,4471973406,13.7454,0.222514,average_adult
89a8ac8922fffff,89a8ac8934bffff,4032034265,5267685479,15.536,0.117966,average_adult
89a8ac8922fffff,89a8ac89353ffff,4032034265,3005630750,15.3886,0.125535,average_adult
89a8ac8922fffff,89a8ac89357ffff,4032034265,3005630751,19.3868,0.002318,average_adult
89a8ac8922fffff,89a8ac8935bffff,4032034265,3874217941,8.1177,0.645693,average_adult
89a8ac8922fffff,89a8acc6c83ffff,4032034265,3874217907,11.9032,0.352741,average_adult
89a8ac8922fffff,89a8acc6c87ffff,4032034265,4471893673,13.7544,0.221928,average_adult
89a8ac8922fffff,89a8acc6c8fffff,4032034265,3005607847,17.627,0.034335,average_adult
89a8ac8922fffff,89a8acc6c97ffff,4032034265,2332075036,9.1254,0.568474,average_adult
89a8ac8922fffff,89a8acc6cb3ffff,4032034265,3005607817,19.7967,0.000255,average_adult
89a8ac89263ffff,89a8ac89263ffff,3874217829,3874217829,5.6657,0.814722,average_adult
89a8ac89263ffff,89a8ac8926bffff,3874217829,3874217830,6.0584,0.790167,average_adult
89a8ac89263ffff,89a8ac8926fffff,3874217829,4451110980,8.4118,0.623448,average_adult
89a8ac89263ffff,89a8acc61b7ffff,3874217829,3874217822,12.7188,0.292896,average_adult
89a8ac89263ffff,89a8acc6c9bffff,3874217829,3219028043,19.2439,0.003523,average_adult
89a8ac89263ffff,89a8acc6cc3ffff,3874217829,3107402660,16.6132,0.069102,average_adult
89a8ac89263ffff,89a8acc6cd3ffff,3874217829,3398796275,19.8357,0.000166,average_adult
89a8ac89263ffff,89a8acc6cd7ffff,3874217829,3398798243,13.2894,0.252992,average_adult
89a8ac89263ffff,89a8acc6cdbffff,3874217829,3874217836,19.991,0.0,average_adult
89a8ac89267ffff,89a8ac89267ffff,3411230702,3411230702,3.4409,0.928728,average_adult
89a8ac89267ffff,89a8acc6c8bffff,3411230702,2332075083,18.2028,0.019791,average_adult
89a8ac89267ffff,89a8acc6c93ffff,3411230702,3411230699,10.5174,0.459405,average_adult
89a8ac89267ffff,89a8acc6c9bffff,3411230702,3219028043,13.5346,0.236435,average_adult
89a8ac89267ffff,89a8acc6cc7ffff,3411230702,3409300606,19.157,0.004378,average_adult
89a8ac89267ffff,89a8acc6cd7ffff,3411230702,3398798243,13.4105,0.244769,average_adult
89a8ac8926bffff,89a8ac89263ffff,3874217830,3874217829,7.0389,0.72427,average_adult
89a8ac8926bffff,89a8ac89267ffff,3874217830,3411230702,18.8918,0.007557,average_adult
89a8ac8926bffff,89a8ac8926bffff,3874217830,3874217830,1.6228,0.983844,average_adult
89a8ac8926bffff,89a8ac8926fffff,3874217830,4451110980,5.6345,0.81662,average_adult
89a8ac8926bffff,89a8acc61a7ffff,3874217830,4471533321,18.0565,0.023119,average_adult
89a8ac8926bffff,89a8acc61b7ffff,3874217830,3874217822,8.2832,0.633212,average_adult
89a8ac8926bffff,89a8acc6c8bffff,3874217830,2332075083,17.5066,0.037863,average_adult
89a8ac8926bffff,89a8acc6c9bffff,3874217830,3219028043,16.4666,0.075058,average_adult
89a8ac8926bffff,89a8acc6cc3ffff,3874217830,3107402660,13.8359,0.216631,average_adult
89a8ac8926bffff,89a8acc6cc7ffff,3874217830,3409300606,18.4289,0.015148,average_adult
89a8ac8926bffff,89a8acc6cd3ffff,3874217830,3398796275,17.0584,0.052433,average_adult
89a8ac8926bffff,89a8acc6cd7ffff,3874217830,3398798243,10.5121,0.459821,average_adult
89a8ac8926bffff,89a8acc6cdbffff,3874217830,3874217836,17.2137,0.047129,average_adult
89a8ac8926fffff,89a8ac89263ffff,4451110980,3874217829,10.45,0.464686,average_adult
89a8ac8926fffff,89a8ac89267ffff,4451110980,3411230702,18.4641,0.014482,average_adult
89a8ac8926fffff,89a8ac8926bffff,4451110980,3874217830,6.8867,0.73489,average_adult
89a8ac8926fffff,89a8ac8926fffff,4451110980,4451110980,0.3374,0.999298,average_adult
89a8ac8926fffff,89a8acc61a3ffff,4451110980,4471533321,19.982,2e-06,average_adult
89a8ac8926fffff,89a8acc61a7ffff,4451110980,4471533321,17.6288,0.034284,average_adult
89a8ac8926fffff,89a8acc61b7ffff,4451110980,3874217822,13.547,0.235607,average_adult
89a8ac8926fffff,89a8acc6c8bffff,4451110980,2332075083,17.0788,0.05172,average_adult
89a8ac8926fffff,89a8acc6c9bffff,4451110980,3219028043,16.0388,0.093706,average_adult
89a8ac8926fffff,89a8acc6cc3ffff,4451110980,3107402660,13.4082,0.244927,average_adult
89a8ac8926fffff,89a8acc6cc7ffff,4451110980,3409300606,18.0012,0.024442,average_adult
89a8ac8926fffff,89a8acc6ccfffff,4451110980,3874217785,19.7893,0.000274,average_adult
89a8ac8926fffff,89a8acc6cd3ffff,4451110980,3398796275,16.6307,0.068407,average_adult
89a8ac8926fffff,89a8acc6cd7ffff,4451110980,3398798243,10.0844,0.493371,average_adult
89a8ac8926fffff,89a8acc6cdbffff,4451110980,3874217836,16.786,0.062378,average_adult
89a8ac89343ffff,89a8ac89227ffff,4471973406,4471899907,15.4423,0.122758,average_adult
89a8ac89343ffff,89a8ac8922fffff,4471973406,4032034265,16.6411,0.067994,average_adult
89a8ac89343ffff,89a8ac89343ffff,4471973406,4471973406,2.6683,0.956721,average_adult
89a8ac89343ffff,89a8ac8934bffff,4471973406,5267685479,10.7092,0.444415,average_adult
89a8ac89343ffff,89a8ac8934fffff,4471973406,3005607838,10.7101,0.444348,average_adult
89a8ac89343ffff,89a8ac89353ffff,4471973406,3005630750,8.2925,0.632508,average_adult
89a8ac89343ffff,89a8ac89357ffff,4471973406,3005630751,11.4285,0.388745,average_adult
89a8ac89343ffff,89a8ac8935bffff,4471973406,3874217941,8.4774,0.61845,average_adult
89a8ac89343ffff,89a8acc6c87ffff,4471973406,4471893673,19.5148,0.001452,average_adult
89a8ac89343ffff,89a8acc6c8fffff,4471973406,3005607847,19.2084,0.003861,average_adult
89a8ac89343ffff,89a8acc6c97ffff,4471973406,2332075036,16.2724,0.083292,average_adult
89a8ac89343ffff,89a8acc6cb3ffff,4471973406,3005607817,14.4009,0.181235,average_adult
89a8ac89343ffff,89a8acc6cb7ffff,4471973406,3005607840,18.3944,0.015818,average_adult
89a8ac89343ffff,89a8acc6cbbffff,4471973406,4471844854,17.398,0.041185,average_adult
89a8ac89347ffff,89a8ac89343ffff,3005607825,4471973406,13.4561,0.241695,average_adult
89a8ac89347ffff,89a8ac89347ffff,3005607825,3005607825,7.5653,0.686592,average_adult
89a8ac89347ffff,89a8ac8934fffff,3005607825,3005607838,8.5874,0.610038,average_adult
89a8ac89347ffff,89a8ac89353ffff,3005607825,3005630750,19.0803,0.005209,average_adult
89a8ac89347ffff,89a8ac8935bffff,3005607825,3874217941,19.2652,0.003327,average_adult
89a8ac89347ffff,89a8ac8937bffff,3005607825,3005607825,6.4368,0.765469,average_adult
89a8ac89347ffff,89a8acc6cb3ffff,3005607825,3005607817,15.2731,0.131608,average_adult
89a8ac89347ffff,89a8acc6cb7ffff,3005607825,3005607840,11.106,0.413574,average_adult
89a8ac8934bffff,89a8ac89343ffff,5267685479,4471973406,13.6832,0.226591,average_adult
89a8ac8934bffff,89a8ac8934bffff,5267685479,5267685479,1.2235,0.990795,average_adult
89a8ac8934bffff,89a8ac8934fffff,5267685479,3005607838,18.851,0.008122,average_adult
89a8ac8934bffff,89a8ac89353ffff,5267685479,3005630750,17.1983,0.047644,average_adult
89a8ac8934bffff,89a8ac8935bffff,5267685479,3874217941,15.6513,0.112188,average_adult
89a8ac8934bffff,89a8acc6c17ffff,5267685479,2332075028,18.8943,0.007522,average_adult
89a8ac8934bffff,89a8acc6c8fffff,5267685479,3005607847,15.2341,0.133687,average_adult
89a8ac8934bffff,89a8acc6c97ffff,5267685479,2332075036,19.192,0.004022,average_adult
89a8ac8934bffff,89a8acc6cabffff,5267685479,4451063632,18.4628,0.014506,average_adult
89a8ac8934bffff,89a8acc6cb3ffff,5267685479,3005607817,10.4437,0.465179,average_adult
89a8ac8934bffff,89a8acc6cbbffff,5267685479,4471844854,13.4238,0.243875,average_adult
89a8ac8934fffff,89a8ac89227ffff,3005607838,4471899907,19.0675,0.005354,average_adult
89a8ac8934fffff,89a8ac89343ffff,3005607838,4471973406,6.2936,0.774934,average_adult
89a8ac8934fffff,89a8ac89347ffff,3005607838,3005607825,12.843,0.284057,average_adult
89a8ac8934fffff,89a8ac8934bffff,3005607838,5267685479,14.3345,0.18527,average_adult
89a8ac8934fffff,89a8ac8934fffff,3005607838,3005607838,1.4248,0.987529,average_adult
89a8ac8934fffff,89a8ac89353ffff,3005607838,3005630750,11.9177,0.35165,average_adult
89a8ac8934fffff,89a8ac89357ffff,3005607838,3005630751,15.0538,0.143473,average_adult
89a8ac8934fffff,89a8ac8935bffff,3005607838,3874217941,12.1026,0.337845,average_adult
89a8ac8934fffff,89a8ac8937bffff,3005607838,3005607825,11.7145,0.366965,average_adult
89a8ac8934fffff,89a8acc6c8fffff,3005607838,3005607847,18.9153,0.007241,average_adult
89a8ac8934fffff,89a8acc6c97ffff,3005607838,2332075036,19.8976,6.5e-05,average_adult
89a8ac8934fffff,89a8acc6cb3ffff,3005607838,3005607817,8.6553,0.604828,average_adult
89a8ac8934fffff,89a8acc6cb7ffff,3005607838,3005607840,9.1092,0.569738,average_adult
89a8ac8934fffff,89a8acc6cbbffff,3005607838,4471844854,17.1049,0.050817,average_adult
89a8ac89353ffff,89a8ac89227ffff,3005630750,4471899907,13.445,0.242442,average_adult
89a8ac89353ffff,89a8ac89343ffff,3005630750,4471973406,11.7031,0.367828,average_adult
89a8ac89353ffff,89a8ac8934bffff,3005630750,5267685479,18.0224,0.023932,average_adult
89a8ac89353ffff,89a8ac8934fffff,3005630750,3005607838,19.7449,0.000401,average_adult
89a8ac89353ffff,89a8ac89353ffff,3005630750,3005630750,0.8048,0.99601,average_adult
89a8ac89353ffff,89a8ac89357ffff,3005630750,3005630751,6.2163,0.779984,average_adult
89a8ac89353ffff,89a8ac8935bffff,3005630750,3874217941,13.0,0.273006,average_adult
89a8ac89357ffff,89a8ac89227ffff,3005630751,4471899907,17.6355,0.034092,average_adult
89a8ac89357ffff,89a8ac89343ffff,3005630751,4471973406,14.1315,0.197813,average_adult
89a8ac89357ffff,89a8ac89353ffff,3005630751,3005630750,4.9954,0.853811,average_adult
89a8ac89357ffff,89a8ac89357ffff,3005630751,3005630751,6.8378,0.738274,average_adult
89a8ac89357ffff,89a8ac8935bffff,3005630751,3874217941,16.8218,0.061026,average_adult
89a8ac8935bffff,89a8ac89227ffff,3874217941,4471899907,9.83,0.513348,average_adult
89a8ac8935bffff,89a8ac8922bffff,3874217941,4471899904,17.3288,0.043373,average_adult
89a8ac8935bffff,89a8ac8922fffff,3874217941,4032034265,11.623,0.37391,average_adult
89a8ac8935bffff,89a8ac89343ffff,3874217941,4471973406,7.9885,0.655369,average_adult
89a8ac8935bffff,89a8ac8934bffff,3874217941,5267685479,12.5966,0.301672,average_adult
89a8ac8935bffff,89a8ac8934fffff,3874217941,3005607838,16.0302,0.0941,average_adult
89a8ac8935bffff,89a8ac89353ffff,3874217941,3005630750,9.637,0.528491,average_adult
89a8ac8935bffff,89a8ac89357ffff,3874217941,3005630751,13.3097,0.251609,average_adult
89a8ac8935bffff,89a8ac8935bffff,3874217941,3874217941,0.9217,0.994769,average_adult
89a8ac8935bffff,89a8acc6c83ffff,3874217941,3874217907,18.9702,0.006527,average_adult
89a8ac8935bffff,89a8acc6c87ffff,3874217941,4471893673,15.4622,0.121732,average_adult
89a8ac8935bffff,89a8acc6c97ffff,3874217941,2332075036,12.0736,0.340001,average_adult
89a8ac8935bffff,89a8acc6cb3ffff,3874217941,3005607817,16.8573,0.059696,average_adult
89a8ac8935bffff,89a8acc6cbbffff,3874217941,4471844854,18.5458,0.012989,average_adult
89a8ac8936bffff,89a8ac8936bffff,6764284470,6764284470,9.54,0.536094,average_adult
89a8ac8936bffff,89a8acc6ca3ffff,6764284470,6764284642,12.7245,0.292492,average_adult
89a8ac8936bffff,89a8acc6ca7ffff,6764284470,6764284470,6.3925,0.768411,average_adult
89a8ac8936bffff,89a8acc6cafffff,6764284470,6764284385,13.223,0.257542,average_adult
89a8ac8937bffff,89a8ac89343ffff,3005607825,4471973406,12.3276,0.321236,average_adult
89a8ac8937bffff,89a8ac89347ffff,3005607825,3005607825,6.4368,0.765469,average_adult
89a8ac8937bffff,89a8ac8934fffff,3005607825,3005607838,7.4589,0.694323,average_adult
89a8ac8937bffff,89a8ac89353ffff,3005607825,3005630750,17.9518,0.025656,average_adult
89a8ac8937bffff,89a8ac8935bffff,3005607825,3874217941,18.1367,0.021264,average_adult
89a8ac8937bffff,89a8ac8937bffff,3005607825,3005607825,5.3083,0.836026,average_adult
89a8ac8937bffff,89a8acc6c37ffff,3005607825,8370861913,19.3924,0.002276,average_adult
89a8ac8937bffff,89a8acc6cb3ffff,3005607825,3005607817,14.1446,0.196996,average_adult
89a8ac8937bffff,89a8acc6cb7ffff,3005607825,3005607840,9.9774,0.501772,average_adult
89a8acc6103ffff,89a8acc6103ffff,12852398667,12852398667,1.4903,0.986363,average_adult
89a8acc6103ffff,89a8acc6107ffff,12852398667,3880606193,4.5279,0.878776,average_adult
89a8acc6103ffff,89a8acc610bffff,12852398667,3880606164,9.3112,0.55399,average_adult
89a8acc6103ffff,89a8acc610fffff,12852398667,3880606201,8.0928,0.647564,average_adult
89a8acc6103ffff,89a8acc6113ffff,12852398667,3126579970,15.5018,0.119707,average_adult
89a8acc6103ffff,89a8acc6117ffff,12852398667,3880606198,8.044,0.651217,average_adult
89a8acc6103ffff,89a8acc611bffff,12852398667,3880606035,11.9867,0.346482,average_adult
89a8acc6103ffff,89a8acc6133ffff,12852398667,3880606193,8.8615,0.588945,average_adult
89a8acc6103ffff,89a8acc613bffff,12852398667,3880661497,18.2274,0.019257,average_adult
89a8acc6103ffff,89a8acc6163ffff,12852398667,3880605998,18.5934,0.012155,average_adult
89a8acc6103ffff,89a8acc6173ffff,12852398667,3880661530,13.5215,0.23731,average_adult
89a8acc6103ffff,89a8acc6177ffff,12852398667,3880662275,18.7282,0.009944,average_adult
89a8acc6103ffff,89a8acc61abffff,12852398667,3880606193,8.3269,0.629897,average_adult
89a8acc6103ffff,89a8acc61bbffff,12852398667,3880606198,12.1646,0.333251,average_adult
89a8acc6107ffff,89a8acc6103ffff,3880606193,12852398667,6.677,0.7493,average_adult
89a8acc6107ffff,89a8acc6107ffff,3880606193,3880606193,3.3047,0.934131,average_adult
89a8acc6107ffff,89a8acc610bffff,3880606193,3880606164,10.5047,0.460405,average_adult
89a8acc6107ffff,89a8acc610fffff,3880606193,3880606201,6.8696,0.736072,average_adult
89a8acc6107ffff,89a8acc6113ffff,3880606193,3126579970,16.6952,0.065871,average_adult
89a8acc6107ffff,89a8acc6117ffff,3880606193,3880606198,6.8209,0.739439,average_adult
89a8acc6107ffff,89a8acc611bffff,3880606193,3880606035,13.1802,0.260488,average_adult
89a8acc6107ffff,89a8acc6133ffff,3880606193,3880606193,7.6383,0.681261,average_adult
89a8acc6107ffff,89a8acc613bffff,3880606193,3880661497,17.0043,0.054345,average_adult
89a8acc6107ffff,89a8acc6163ffff,3880606193,3880605998,17.3702,0.042056,average_adult
89a8acc6107ffff,89a8acc6173ffff,3880606193,3880661530,12.2984,0.323381,average_adult
89a8acc6107ffff,89a8acc6177ffff,3880606193,3880662275,17.5051,0.037908,average_adult
89a8acc6107ffff,89a8acc61abffff,3880606193,3880606193,7.1038,0.719705,average_adult
89a8acc6107ffff,89a8acc61bbffff,3880606193,3880606198,10.9414,0.42633,average_adult
89a8acc610bffff,89a8acc6103ffff,3880606164,12852398667,14.934,0.150131,average_adult
89a8acc610bffff,89a8acc6107ffff,3880606164,3880606193,15.8279,0.103583,average_adult
89a8acc610bffff,89a8acc610bffff,3880606164,3880606164,0.8615,0.995429,average_adult
89a8acc610bffff,89a8acc610fffff,3880606164,3880606201,7.5924,0.684619,average_adult
89a8acc610bffff,89a8acc6113ffff,3880606164,3126579970,13.4997,0.238769,average_adult
89a8acc610bffff,89a8acc6117ffff,3880606164,3880606198,19.344,0.002652,average_adult
89a8acc610bffff,89a8acc611bffff,3880606164,3880606035,8.5079,0.616121,average_adult
89a8acc610bffff,89a8acc612bffff,3880606164,3880662273,18.7326,0.009876,average_adult
89a8acc610bffff,89a8acc613bffff,3880606164,3880661497,14.4122,0.180548,average_adult
89a8acc610bffff,89a8acc6163ffff,3880606164,3880605998,12.2857,0.324315,average_adult
89a8acc610bffff,89a8acc6167ffff,3880606164,3880662263,16.7198,0.064915,average_adult
89a8acc610bffff,89a8acc6173ffff,3880606164,3880661530,6.908,0.733406,average_adult
89a8acc610bffff,89a8acc6177ffff,3880606164,3880662275,13.3848,0.246508,average_adult
89a8acc610bffff,89a8acc61abffff,3880606164,3880606193,19.6269,0.000858,average_adult
89a8acc610fffff,89a8acc6103ffff,3880606201,12852398667,14.8474,0.15502,average_adult
89a8acc610fffff,89a8acc6107ffff,3880606201,3880606193,11.4752,0.38517,average_adult
89a8acc610fffff,89a8acc610bffff,3880606201,3880606164,7.1675,0.715194,average_adult
89a8acc610fffff,89a8acc610fffff,3880606201,3880606201,0.906,0.994945,average_adult
89a8acc610fffff,89a8acc6113ffff,3880606201,3126579970,19.8058,0.000233,average_adult
89a8acc610fffff,89a8acc6117ffff,3880606201,3880606198,14.9914,0.146927,average_adult
89a8acc610fffff,89a8acc611bffff,3880606201,3880606035,14.8139,0.15693,average_adult
89a8acc610fffff,89a8acc612bffff,3880606201,3880662273,16.8893,0.058512,average_adult
89a8acc610fffff,89a8acc6133ffff,3880606201,3880606193,15.8088,0.104499,average_adult
89a8acc610fffff,89a8acc613bffff,3880606201,3880661497,11.0407,0.41863,average_adult
89a8acc610fffff,89a8acc6163ffff,3880606201,3880605998,11.4066,0.390419,average_adult
89a8acc610fffff,89a8acc6167ffff,3880606201,3880662263,14.8765,0.153371,average_adult
89a8acc610fffff,89a8acc616fffff,3880606201,8356539506,18.689,0.010565,average_adult
89a8acc610fffff,89a8acc6173ffff,3880606201,3880661530,6.3348,0.772223,average_adult
89a8acc610fffff,89a8acc6177ffff,3880606201,3880662275,11.5415,0.380112,average_adult
89a8acc610fffff,89a8acc61abffff,3880606201,3880606193,15.2742,0.131549,average_adult
89a8acc610fffff,89a8acc61bbffff,3880606201,3880606198,19.1119,0.004857,average_adult
89a8acc6113ffff,89a8acc6103ffff,3126579970,12852398667,17.1569,0.049039,average_adult
89a8acc6113ffff,89a8acc6107ffff,3126579970,3880606193,18.0508,0.023255,average_adult
89a8acc6113ffff,89a8acc610bffff,3126579970,3880606164,9.7449,0.520034,average_adult
89a8acc6113ffff,89a8acc610fffff,3126579970,3880606201,16.4757,0.074678,average_adult
89a8acc6113ffff,89a8acc6113ffff,3126579970,3126579970,4.1432,0.897795,average_adult
89a8acc6113ffff,89a8acc611bffff,3126579970,3880606035,10.1042,0.491815,average_adult
89a8acc6113ffff,89a8acc6173ffff,3126579970,3880661530,15.7914,0.105336,average_adult
89a8acc6117ffff,89a8acc6103ffff,3880606198,12852398667,9.0481,0.574485,average_adult
89a8acc6117ffff,89a8acc6107ffff,3880606198,3880606193,5.6759,0.814098,average_adult
89a8acc6117ffff,89a8acc610bffff,3880606198,3880606164,12.8758,0.281738,average_adult
89a8acc6117ffff,89a8acc610fffff,3880606198,3880606201,9.2407,0.559491,average_adult
89a8acc6117ffff,89a8acc6113ffff,3880606198,3126579970,19.0663,0.005368,average_adult
89a8acc6117ffff,89a8acc6117ffff,3880606198,3880606198,5.6836,0.813627,average_adult
89a8acc6117ffff,89a8acc611bffff,3880606198,3880606035,15.5513,0.117192,average_adult
89a8acc6117ffff,89a8acc6133ffff,3880606198,3880606193,10.0094,0.499258,average_adult
89a8acc6117ffff,89a8acc613bffff,3880606198,3880661497,19.3754,0.002405,average_adult
89a8acc6117ffff,89a8acc6163ffff,3880606198,3880605998,19.7414,0.000413,average_adult
89a8acc6117ffff,89a8acc6173ffff,3880606198,3880661530,14.6695,0.165268,average_adult
89a8acc6117ffff,89a8acc6177ffff,3880606198,3880662275,19.8762,9.5e-05,average_adult
89a8acc6117ffff,89a8acc61abffff,3880606198,3880606193,9.4749,0.541196,average_adult
89a8acc6117ffff,89a8acc61bbffff,3880606198,3880606198,9.8041,0.515381,average_adult
89a8acc611bffff,89a8acc6103ffff,3880606035,12852398667,16.3762,0.078839,average_adult
89a8acc611bffff,89a8acc6107ffff,3880606035,3880606193,17.2701,0.045269,average_adult
89a8acc611bffff,89a8acc610bffff,3880606035,3880606164,8.0,0.654507,average_adult
89a8acc611bffff,89a8acc610fffff,3880606035,3880606201,14.7309,0.161702,average_adult
89a8acc611bffff,89a8acc6113ffff,3880606035,3126579970,12.0144,0.344419,average_adult
89a8acc611bffff,89a8acc611bffff,3880606035,3880606035,0.6153,0.997666,average_adult
89a8acc611bffff,89a8acc6163ffff,3880606035,3880605998,19.4242,0.002044,average_adult
89a8acc611bffff,89a8acc6173ffff,3880606035,3880661530,14.0466,0.203156,average_adult
89a8acc6123ffff,89a8acc6123ffff,3934579932,3934579932,5.8945,0.800558,average_adult
89a8acc6123ffff,89a8acc612bffff,3934579932,3880662273,16.0254,0.09432,average_adult
89a8acc6123ffff,89a8acc612fffff,3934579932,11115395648,5.4603,0.827091,average_adult
89a8acc6123ffff,89a8acc6167ffff,3934579932,3880662263,17.7924,0.029763,average_adult
89a8acc6123ffff,89a8acc6177ffff,3934579932,3880662275,19.8978,6.4e-05,average_adult
89a8acc6123ffff,89a8acc6e93ffff,3934579932,2331878534,19.8157,0.000209,average_adult
89a8acc6123ffff,89a8acc6e97ffff,3934579932,2331878569,18.0538,0.023182,average_adult
89a8acc6127ffff,89a8acc6127ffff,3880605752,3880605752,1.8556,0.978911,average_adult
89a8acc6127ffff,89a8acc612bffff,3880605752,3880662273,15.5784,0.115826,average_adult
89a8acc6127ffff,89a8acc6167ffff,3880605752,3880662263,17.3453,0.042845,average_adult
89a8acc6127ffff,89a8acc6177ffff,3880605752,3880662275,19.4507,0.00186,average_adult
89a8acc6127ffff,89a8acc6c1bffff,3880605752,7886951227,16.165,0.088013,average_adult
89a8acc6127ffff,89a8acc6c43ffff,3880605752,3425558055,16.4588,0.075382,average_adult
89a8acc6127ffff,89a8acc6c47ffff,3880605752,5653257029,17.1051,0.05081,average_adult
89a8acc6127ffff,89a8acc6c4bffff,3880605752,3425557950,14.7189,0.162399,average_adult
89a8acc6127ffff,89a8acc6c53ffff,3880605752,3425558243,17.6996,0.032288,average_adult
89a8acc6127ffff,89a8acc6c57ffff,3880605752,3513038267,12.2474,0.327134,average_adult
89a8acc6127ffff,89a8acc6c5bffff,3880605752,5653229020,13.0518,0.269388,average_adult
89a8acc6127ffff,89a8acc6cc3ffff,3880605752,3107402660,17.4064,0.040923,average_adult
89a8acc6127ffff,89a8acc6cc7ffff,3880605752,3409300606,18.6853,0.010624,average_adult
89a8acc6127ffff,89a8acc6ccfffff,3880605752,3874217785,13.8144,0.218022,average_adult
89a8acc6127ffff,89a8acc6e83ffff,3880605752,2331878544,16.7696,0.063002,average_adult
89a8acc6127ffff,89a8acc6e87ffff,3880605752,2648494986,18.0849,0.022454,average_adult
89a8acc6127ffff,89a8acc6e93ffff,3880605752,2331878534,12.7221,0.292659,average_adult
89a8acc6127ffff,89a8acc6e97ffff,3880605752,2331878569,10.9602,0.424869,average_adult
89a8acc612bffff,89a8acc610bffff,3880662273,3880606164,17.1696,0.048608,average_adult
89a8acc612bffff,89a8acc610fffff,3880662273,3880606201,16.2575,0.08394,average_adult
89a8acc612bffff,89a8acc6127ffff,3880662273,3880605752,15.6055,0.114469,average_adult
89a8acc612bffff,89a8acc612bffff,3880662273,3880662273,2.1046,0.972925,average_adult
89a8acc612bffff,89a8acc6163ffff,3880662273,3880605998,11.7772,0.362224,average_adult
89a8acc612bffff,89a8acc6167ffff,3880662273,3880662263,5.6689,0.814523,average_adult
89a8acc612bffff,89a8acc616fffff,3880662273,8356539506,13.8973,0.212673,average_adult
89a8acc612bffff,89a8acc6173ffff,3880662273,3880661530,12.4374,0.313212,average_adult
89a8acc612bffff,89a8acc6177ffff,3880662273,3880662275,5.9769,0.795357,average_adult
89a8acc612bffff,89a8acc6c4bffff,3880662273,3425557950,17.3248,0.043501,average_adult
89a8acc612bffff,89a8acc6c5bffff,3880662273,5653229020,15.6577,0.111871,average_adult
89a8acc612bffff,89a8acc6e83ffff,3880662273,2331878544,15.2225,0.134308,average_adult
89a8acc612bffff,89a8acc6e93ffff,3880662273,2331878534,10.0303,0.497621,average_adult
89a8acc612bffff,89a8acc6e97ffff,3880662273,2331878569,13.5661,0.234336,average_adult
89a8acc612bffff,89a8acc6e9bffff,3880662273,2648495024,10.8931,0.430088,average_adult
89a8acc612bffff,89a8acc6ed7ffff,3880662273,4452336172,18.3805,0.016092,average_adult
89a8acc612fffff,89a8acc6123ffff,11115395648,3934579932,7.5048,0.69099,average_adult
89a8acc612fffff,89a8acc612bffff,11115395648,3880662273,17.218,0.046986,average_adult
89a8acc612fffff,89a8acc612fffff,11115395648,11115395648,1.0938,0.992638,average_adult
89a8acc612fffff,89a8acc6167ffff,11115395648,3880662263,18.9849,0.006342,average_adult
89a8acc612fffff,89a8acc6e97ffff,11115395648,2331878569,19.2464,0.003499,average_adult
89a8acc6133ffff,89a8acc6103ffff,3880606193,12852398667,11.0105,0.420967,average_adult
89a8acc6133ffff,89a8acc6107ffff,3880606193,3880606193,7.6383,0.681261,average_adult
89a8acc6133ffff,89a8acc610bffff,3880606193,3880606164,14.8382,0.155543,average_adult
89a8acc6133ffff,89a8acc610fffff,3880606193,3880606201,11.2032,0.406065,average_adult
89a8acc6133ffff,89a8acc6117ffff,3880606193,3880606198,11.1544,0.409827,average_adult
89a8acc6133ffff,89a8acc611bffff,3880606193,3880606035,17.5137,0.037648,average_adult
89a8acc6133ffff,89a8acc6133ffff,3880606193,3880606193,11.9719,0.347594,average_adult
89a8acc6133ffff,89a8acc6173ffff,3880606193,3880661530,16.632,0.068357,average_adult
89a8acc6133ffff,89a8acc61abffff,3880606193,3880606193,11.4373,0.38807,average_adult
89a8acc6133ffff,89a8acc61bbffff,3880606193,3880606198,15.275,0.131509,average_adult
89a8acc6137ffff,89a8acc6137ffff,3082292208,3082292208,8.7557,0.597104,average_adult
89a8acc6137ffff,89a8acc6cc3ffff,3082292208,3107402660,9.2131,0.561644,average_adult
89a8acc6137ffff,89a8acc6cc7ffff,3082292208,3409300606,15.268,0.131883,average_adult
89a8acc6137ffff,89a8acc6ccbffff,3082292208,3082292208,6.4047,0.767601,average_adult
89a8acc6137ffff,89a8acc6ccfffff,3082292208,3874217785,16.1366,0.08928,average_adult
89a8acc6137ffff,89a8acc6cd3ffff,3082292208,3398796275,13.6797,0.226825,average_adult
89a8acc6137ffff,89a8acc6cd7ffff,3082292208,3398798243,15.5285,0.118345,average_adult
89a8acc6137ffff,89a8acc6cdbffff,3082292208,3874217836,7.5996,0.684088,average_adult
89a8acc613bffff,89a8acc6107ffff,3880661497,3880606193,19.755,0.00037,average_adult
89a8acc613bffff,89a8acc610bffff,3880661497,3880606164,12.1325,0.33563,average_adult
89a8acc613bffff,89a8acc610fffff,3880661497,3880606201,9.1857,0.563777,average_adult
89a8acc613bffff,89a8acc611bffff,3880661497,3880606035,19.7789,0.000302,average_adult
89a8acc613bffff,89a8acc613bffff,3880661497,3880661497,4.2891,0.89075,average_adult
89a8acc613bffff,89a8acc6163ffff,3880661497,3880605998,14.8126,0.157009,average_adult
89a8acc613bffff,89a8acc6167ffff,3880661497,3880662263,18.2824,0.018088,average_adult
89a8acc613bffff,89a8acc6173ffff,3880661497,3880661530,9.8961,0.508156,average_adult
89a8acc613bffff,89a8acc6177ffff,3880661497,3880662275,14.9474,0.149381,average_adult
89a8acc6163ffff,89a8acc610bffff,3880605998,3880606164,12.572,0.303446,average_adult
89a8acc6163ffff,89a8acc610fffff,3880605998,3880606201,11.9613,0.348388,average_adult
89a8acc6163ffff,89a8acc612bffff,3880605998,3880662273,13.3556,0.248487,average_adult
89a8acc6163ffff,89a8acc613bffff,3880605998,3880661497,17.0028,0.054398,average_adult
89a8acc6163ffff,89a8acc6163ffff,3880605998,3880605998,2.9936,0.945732,average_adult
89a8acc6163ffff,89a8acc6167ffff,3880605998,3880662263,8.3334,0.629404,average_adult
89a8acc6163ffff,89a8acc616fffff,3880605998,8356539506,10.9521,0.425499,average_adult
89a8acc6163ffff,89a8acc6173ffff,3880605998,3880661530,6.3181,0.773325,average_adult
89a8acc6163ffff,89a8acc6177ffff,3880605998,3880662275,8.0078,0.653925,average_adult
89a8acc6163ffff,89a8acc6e93ffff,3880605998,2331878534,15.5253,0.118507,average_adult
89a8acc6163ffff,89a8acc6e9bffff,3880605998,2648495024,15.6085,0.114318,average_adult
89a8acc6167ffff,89a8acc610bffff,3880662263,3880606164,17.6302,0.034245,average_adult
89a8acc6167ffff,89a8acc610fffff,3880662263,3880606201,16.7463,0.063896,average_adult
89a8acc6167ffff,89a8acc6127ffff,3880662263,3880605752,18.9469,0.006826,average_adult
89a8acc6167ffff,89a8acc612bffff,3880662263,3880662273,7.5079,0.690766,average_adult
89a8acc6167ffff,89a8acc6163ffff,3880662263,3880605998,8.7275,0.599277,average_adult
89a8acc6167ffff,89a8acc6167ffff,3880662263,3880662263,1.2256,0.990762,average_adult
89a8acc6167ffff,89a8acc616fffff,3880662263,8356539506,9.454,0.542832,average_adult
89a8acc6167ffff,89a8acc6173ffff,3880662263,3880661530,11.6029,0.375432,average_adult
89a8acc6167ffff,89a8acc6177ffff,3880662263,3880662275,8.1822,0.64084,average_adult
89a8acc6167ffff,89a8acc6c4bffff,3880662263,3425557950,19.0313,0.005777,average_adult
89a8acc6167ffff,89a8acc6c5bffff,3880662263,5653229020,17.3642,0.042246,average_adult
89a8acc6167ffff,89a8acc6e83ffff,3880662263,2331878544,13.6477,0.22893,average_adult
89a8acc6167ffff,89a8acc6e8bffff,3880662263,4439551769,19.741,0.000414,average_adult
89a8acc6167ffff,89a8acc6e93ffff,3880662263,2331878534,8.4555,0.620119,average_adult
89a8acc6167ffff,89a8acc6e97ffff,3880662263,2331878569,14.8043,0.157483,average_adult
89a8acc6167ffff,89a8acc6e9bffff,3880662263,2648495024,9.3183,0.553441,average_adult
89a8acc6167ffff,89a8acc6ed7ffff,3880662263,4452336172,16.8057,0.061632,average_adult
89a8acc616fffff,89a8acc610bffff,8356539506,3880606164,19.5259,0.001386,average_adult
89a8acc616fffff,89a8acc610fffff,8356539506,3880606201,18.642,0.011332,average_adult
89a8acc616fffff,89a8acc612bffff,8356539506,3880662273,13.9995,0.206141,average_adult
89a8acc616fffff,89a8acc6163ffff,8356539506,3880605998,10.6233,0.451124,average_adult
89a8acc616fffff,89a8acc6167ffff,8356539506,3880662263,8.7311,0.599003,average_adult
89a8acc616fffff,89a8acc616fffff,8356539506,8356539506,0.9091,0.99491,average_adult
89a8acc616fffff,89a8acc6173ffff,8356539506,3880661530,13.4987,0.238836,average_adult
89a8acc616fffff,89a8acc6177ffff,8356539506,3880662275,11.3082,0.397974,average_adult
89a8acc616fffff,89a8acc6e83ffff,8356539506,2331878544,11.4447,0.387507,average_adult
89a8acc616fffff,89a8acc6e8bffff,8356539506,4439551769,16.5645,0.071054,average_adult
89a8acc616fffff,89a8acc6e93ffff,8356539506,2331878534,10.867,0.432113,average_adult
89a8acc616fffff,89a8acc6e97ffff,8356539506,2331878569,17.2158,0.047059,average_adult
89a8acc616fffff,89a8acc6e9bffff,8356539506,2648495024,6.1418,0.784808,average_adult
89a8acc616fffff,89a8acc6ed7ffff,8356539506,4452336172,10.3694,0.471001,average_adult
89a8acc6173ffff,89a8acc6107ffff,3880661530,3880606193,18.7552,0.009528,average_adult
89a8acc6173ffff,89a8acc610bffff,3880661530,3880606164,7.5373,0.688634,average_adult
89a8acc6173ffff,89a8acc610fffff,3880661530,3880606201,8.186,0.640553,average_adult
89a8acc6173ffff,89a8acc611bffff,3880661530,3880606035,15.1063,0.140595,average_adult
89a8acc6173ffff,89a8acc612bffff,3880661530,3880662273,14.6635,0.165617,average_adult
89a8acc6173ffff,89a8acc613bffff,3880661530,3880661497,13.6022,0.231938,average_adult
89a8acc6173ffff,89a8acc6163ffff,3880661530,3880605998,6.3432,0.77167,average_adult
89a8acc6173ffff,89a8acc6167ffff,3880661530,3880662263,11.683,0.36935,average_adult
89a8acc6173ffff,89a8acc616fffff,3880661530,8356539506,14.3017,0.187272,average_adult
89a8acc6173ffff,89a8acc6173ffff,3880661530,3880661530,0.673,0.997209,average_adult
89a8acc6173ffff,89a8acc6177ffff,3880661530,3880662275,9.3157,0.553638,average_adult
89a8acc6173ffff,89a8acc6e93ffff,3880661530,2331878534,18.875,0.007787,average_adult
89a8acc6173ffff,89a8acc6e9bffff,3880661530,2648495024,18.9581,0.006681,average_adult
89a8acc6177ffff,89a8acc610bffff,3880662275,3880606164,12.1776,0.332289,average_adult
89a8acc6177ffff,89a8acc610fffff,3880662275,3880606201,11.2654,0.401266,average_adult
89a8acc6177ffff,89a8acc611bffff,3880662275,3880606035,19.7466,0.000396,average_adult
89a8acc6177ffff,89a8acc612bffff,3880662275,3880662273,7.0991,0.720031,average_adult
89a8acc6177ffff,89a8acc613bffff,3880662275,3880661497,16.3069,0.081798,average_adult
89a8acc6177ffff,89a8acc6163ffff,3880662275,3880605998,6.7852,0.741895,average_adult
89a8acc6177ffff,89a8acc6167ffff,3880662275,3880662263,6.4598,0.763934,average_adult
89a8acc6177ffff,89a8acc616fffff,3880662275,8356539506,10.7653,0.440041,average_adult
89a8acc6177ffff,89a8acc6173ffff,3880662275,3880661530,7.4454,0.6953,average_adult
89a8acc6177ffff,89a8acc6177ffff,3880662275,3880662275,0.9849,0.994028,average_adult
89a8acc6177ffff,89a8acc6e83ffff,3880662275,2331878544,18.8819,0.007692,average_adult
89a8acc6177ffff,89a8acc6e93ffff,3880662275,2331878534,13.6897,0.226165,average_adult
89a8acc6177ffff,89a8acc6e97ffff,3880662275,2331878569,18.1368,0.021263,average_adult
89a8acc6177ffff,89a8acc6e9bffff,3880662275,2648495024,14.5525,0.172153,average_adult
89a8acc6177ffff,89a8acc6ed7ffff,3880662275,4452336172,19.8991,6.3e-05,average_adult
89a8acc61a3ffff,89a8ac89263ffff,4471533321,3874217829,19.1945,0.003997,average_adult
89a8acc61a3ffff,89a8ac8926bffff,4471533321,3874217830,15.6312,0.113186,average_adult
89a8acc61a3ffff,89a8ac8926fffff,4471533321,4451110980,13.9513,0.20921,average_adult
89a8acc61a3ffff,89a8acc61a3ffff,4471533321,4471533321,6.8143,0.739894,average_adult
89a8acc61a3ffff,89a8acc61a7ffff,4471533321,4471533321,4.4611,0.882181,average_adult
89a8acc61a3ffff,89a8acc61afffff,4471533321,4471533321,6.8507,0.737377,average_adult
89a8acc61a3ffff,89a8acc6cc3ffff,4471533321,3107402660,19.999,0.0,average_adult
89a8acc61a3ffff,89a8acc6cd7ffff,4471533321,3398798243,16.6752,0.066651,average_adult
89a8acc61a7ffff,89a8ac89263ffff,4471533321,3874217829,16.8414,0.060291,average_adult
89a8acc61a7ffff,89a8ac8926bffff,4471533321,3874217830,13.278,0.253772,average_adult
89a8acc61a7ffff,89a8ac8926fffff,4471533321,4451110980,11.5981,0.375798,average_adult
89a8acc61a7ffff,89a8acc61a3ffff,4471533321,4471533321,4.4611,0.882181,average_adult
89a8acc61a7ffff,89a8acc61a7ffff,4471533321,4471533321,2.1079,0.972841,average_adult
89a8acc61a7ffff,89a8acc61afffff,4471533321,4471533321,4.4976,0.880328,average_adult
89a8acc61a7ffff,89a8acc61b7ffff,4471533321,3874217822,19.9384,2.3e-05,average_adult
89a8acc61a7ffff,89a8acc6cc3ffff,4471533321,3107402660,17.6458,0.033799,average_adult
89a8acc61a7ffff,89a8acc6cd7ffff,4471533321,3398798243,14.322,0.186029,average_adult
89a8acc61abffff,89a8acc6103ffff,3880606193,12852398667,10.476,0.462653,average_adult
89a8acc61abffff,89a8acc6107ffff,3880606193,3880606193,7.1038,0.719705,average_adult
89a8acc61abffff,89a8acc610bffff,3880606193,3880606164,14.3037,0.187153,average_adult
89a8acc61abffff,89a8acc610fffff,3880606193,3880606201,10.6686,0.447584,average_adult
89a8acc61abffff,89a8acc6117ffff,3880606193,3880606198,10.6199,0.451392,average_adult
89a8acc61abffff,89a8acc611bffff,3880606193,3880606035,16.9792,0.055241,average_adult
89a8acc61abffff,89a8acc6133ffff,3880606193,3880606193,11.4373,0.38807,average_adult
89a8acc61abffff,89a8acc6173ffff,3880606193,3880661530,16.0974,0.091043,average_adult
89a8acc61abffff,89a8acc61abffff,3880606193,3880606193,10.9028,0.429335,average_adult
89a8acc61abffff,89a8acc61bbffff,3880606193,3880606198,14.7404,0.161152,average_adult
89a8acc61afffff,89a8ac89263ffff,4471533321,3874217829,19.231,0.003643,average_adult
89a8acc61afffff,89a8ac8926bffff,4471533321,3874217830,15.6677,0.111378,average_adult
89a8acc61afffff,89a8ac8926fffff,4471533321,4451110980,13.9878,0.206885,average_adult
89a8acc61afffff,89a8acc61a3ffff,4471533321,4471533321,6.8507,0.737377,average_adult
89a8acc61afffff,89a8acc61a7ffff,4471533321,4471533321,4.4976,0.880328,average_adult
89a8acc61afffff,89a8acc61afffff,4471533321,4471533321,6.8872,0.734853,average_adult
89a8acc61afffff,89a8acc6cd7ffff,4471533321,3398798243,16.7117,0.06523,average_adult
89a8acc61b7ffff,89a8ac89263ffff,3874217822,3874217829,11.4929,0.38382,average_adult
89a8acc61b7ffff,89a8ac8926bffff,3874217822,3874217830,6.0768,0.788993,average_adult
89a8acc61b7ffff,89a8ac8926fffff,3874217822,4451110980,10.0885,0.49305,average_adult
89a8acc61b7ffff,89a8acc61b7ffff,3874217822,3874217822,5.6072,0.818278,average_adult
89a8acc61b7ffff,89a8acc6cc3ffff,3874217822,3107402660,18.2899,0.017931,average_adult
89a8acc61b7ffff,89a8acc6cd7ffff,3874217822,3398798243,14.9661,0.148332,average_adult
89a8acc61bbffff,89a8acc6103ffff,3880606198,12852398667,13.1686,0.261284,average_adult
89a8acc61bbffff,89a8acc6107ffff,3880606198,3880606193,9.7964,0.515985,average_adult
89a8acc61bbffff,89a8acc610bffff,3880606198,3880606164,16.9964,0.054626,average_adult
89a8acc61bbffff,89a8acc610fffff,3880606198,3880606201,13.3613,0.2481,average_adult
89a8acc61bbffff,89a8acc6117ffff,3880606198,3880606198,9.8041,0.515381,average_adult
89a8acc61bbffff,89a8acc611bffff,3880606198,3880606035,19.6719,0.000664,average_adult
89a8acc61bbffff,89a8acc6133ffff,3880606198,3880606193,14.13,0.197909,average_adult
89a8acc61bbffff,89a8acc6173ffff,3880606198,3880661530,18.7901,0.009003,average_adult
89a8acc61bbffff,89a8acc61abffff,3880606198,3880606193,13.5954,0.232389,average_adult
89a8acc61bbffff,89a8acc61bbffff,3880606198,3880606198,13.9247,0.210913,average_adult
89a8acc6803ffff,89a8acc6803ffff,11378803034,11378803034,11.4692,0.385628,average_adult
89a8acc6803ffff,89a8acc6813ffff,11378803034,11378803035,15.0804,0.14201,average_adult
89a8acc6803ffff,89a8acc681bffff,11378803034,11378803034,7.4528,0.694759,average_adult
89a8acc6803ffff,89a8acc6853ffff,11378803034,3507851533,19.8236,0.000192,average_adult
89a8acc6803ffff,89a8acc68cfffff,11378803034,3507851207,15.8508,0.102488,average_adult
89a8acc6813ffff,89a8acc6803ffff,11378803035,11378803034,12.5195,0.307241,average_adult
89a8acc6813ffff,89a8acc6813ffff,11378803035,11378803035,8.1551,0.642875,average_adult
89a8acc6813ffff,89a8acc681bffff,11378803035,11378803034,8.5031,0.616483,average_adult
89a8acc6813ffff,89a8acc6853ffff,11378803035,3507851533,18.5797,0.012392,average_adult
89a8acc6813ffff,89a8acc6857ffff,11378803035,3507851199,19.4161,0.002101,average_adult
89a8acc6813ffff,89a8acc68cfffff,11378803035,3507851207,14.6069,0.168939,average_adult
89a8acc6817ffff,89a8acc6817ffff,4442536027,4442536027,6.5853,0.755516,average_adult
89a8acc6817ffff,89a8acc6897ffff,4442536027,2726185454,18.9835,0.006361,average_adult
89a8acc6817ffff,89a8acc68abffff,4442536027,4442536027,5.7106,0.811973,average_adult
89a8acc6817ffff,89a8acc68b3ffff,4442536027,2726185479,16.1402,0.089118,average_adult
89a8acc6817ffff,89a8acc68bbffff,4442536027,3930322448,8.1087,0.646369,average_adult
89a8acc6817ffff,89a8acc6d4fffff,4442536027,4442799076,18.4311,0.015107,average_adult
89a8acc681bffff,89a8acc6803ffff,11378803034,11378803034,7.4528,0.694759,average_adult
89a8acc681bffff,89a8acc6813ffff,11378803034,11378803035,11.064,0.416823,average_adult
89a8acc681bffff,89a8acc681bffff,11378803034,11378803034,3.4364,0.928908,average_adult
89a8acc681bffff,89a8acc6853ffff,11378803034,3507851533,15.8072,0.104576,average_adult
89a8acc681bffff,89a8acc6857ffff,11378803034,3507851199,16.6436,0.067894,average_adult
89a8acc681bffff,89a8acc68c3ffff,11378803034,3509282844,19.8084,0.000226,average_adult
89a8acc681bffff,89a8acc68cfffff,11378803034,3507851207,11.8344,0.357911,average_adult
89a8acc6843ffff,89a8acc6843ffff,3082243627,3082243627,5.9854,0.794817,average_adult
89a8acc6843ffff,89a8acc6853ffff,3082243627,3507851533,9.9529,0.503699,average_adult
89a8acc6843ffff,89a8acc68c3ffff,3082243627,3509282844,19.639,0.000804,average_adult
89a8acc6843ffff,89a8acc68cfffff,3082243627,3507851207,15.9554,0.097559,average_adult
89a8acc6843ffff,89a8acc6e27ffff,3082243627,3082243611,14.2639,0.189598,average_adult
89a8acc6853ffff,89a8acc6843ffff,3507851533,3082243627,11.7359,0.365344,average_adult
89a8acc6853ffff,89a8acc6853ffff,3507851533,3507851533,0.8476,0.995575,average_adult
89a8acc6853ffff,89a8acc6857ffff,3507851533,3507851199,14.2676,0.189367,average_adult
89a8acc6853ffff,89a8acc685bffff,3507851533,3082247660,18.0451,0.02339,average_adult
89a8acc6853ffff,89a8acc68c3ffff,3507851533,3509282844,13.3802,0.246821,average_adult
89a8acc6853ffff,89a8acc68cfffff,3507851533,3507851207,9.6966,0.523816,average_adult
89a8acc6853ffff,89a8acc68d3ffff,3507851533,2955259026,14.5893,0.169972,average_adult
89a8acc6853ffff,89a8acc68dbffff,3507851533,2955259009,14.1815,0.194695,average_adult
89a8acc6853ffff,89a8acc6a93ffff,3507851533,2639739558,19.7778,0.000305,average_adult
89a8acc6853ffff,89a8acc6a97ffff,3507851533,2639739558,18.8748,0.00779,average_adult
89a8acc6853ffff,89a8acc6e27ffff,3507851533,3082243611,7.0515,0.723383,average_adult
89a8acc6853ffff,89a8acc6e2fffff,3507851533,2639739558,16.1126,0.090356,average_adult
89a8acc6853ffff,89a8acc6e37ffff,3507851533,4441055873,19.2105,0.00384,average_adult
89a8acc6857ffff,89a8acc6843ffff,3507851199,3082243627,18.0756,0.022671,average_adult
89a8acc6857ffff,89a8acc6853ffff,3507851199,3507851533,10.0338,0.497347,average_adult
89a8acc6857ffff,89a8acc6857ffff,3507851199,3507851199,3.1721,0.939204,average_adult
89a8acc6857ffff,89a8acc68c3ffff,3507851199,3509282844,14.035,0.203887,average_adult
89a8acc6857ffff,89a8acc68cfffff,3507851199,3507851207,4.2258,0.893832,average_adult
89a8acc6857ffff,89a8acc68d3ffff,3507851199,2955259026,15.4414,0.122803,average_adult
89a8acc6857ffff,89a8acc68dbffff,3507851199,2955259009,15.0335,0.144588,average_adult
89a8acc6857ffff,89a8acc6e27ffff,3507851199,3082243611,14.3447,0.184644,average_adult
89a8acc685bffff,89a8acc6853ffff,3082247660,3507851533,14.1807,0.194748,average_adult
89a8acc685bffff,89a8acc685bffff,3082247660,3082247660,2.2026,0.970371,average_adult
89a8acc685bffff,89a8acc6a93ffff,3082247660,2639739558,19.8921,7.2e-05,average_adult
89a8acc685bffff,89a8acc6a97ffff,3082247660,2639739558,18.9891,0.00629,average_adult
89a8acc685bffff,89a8acc6e27ffff,3082247660,3082243611,11.5821,0.377014,average_adult
89a8acc685bffff,89a8acc6e2fffff,3082247660,2639739558,16.2269,0.085274,average_adult
89a8acc6883ffff,89a8acc6883ffff,2336033967,2336033967,2.7968,0.952521,average_adult
89a8acc6883ffff,89a8acc6887ffff,2336033967,2726185489,18.9448,0.006852,average_adult
89a8acc6883ffff,89a8acc6893ffff,2336033967,2335474678,7.5904,0.68476,average_adult
89a8acc6883ffff,89a8acc6897ffff,2336033967,2726185454,12.2437,0.327407,average_adult
89a8acc6883ffff,89a8acc6c23ffff,2336033967,2726180683,16.6973,0.065791,average_adult
89a8acc6883ffff,89a8acc6c2bffff,2336033967,2335474641,13.4361,0.24304,average_adult
89a8acc6883ffff,89a8acc6c2fffff,2336033967,2335474575,11.7152,0.366911,average_adult
89a8acc6883ffff,89a8acc6c67ffff,2336033967,4438325149,16.7927,0.062122,average_adult
89a8acc6883ffff,89a8acc6c77ffff,2336033967,2332075047,19.2497,0.003468,average_adult
89a8acc6887ffff,89a8acc6817ffff,2726185489,4442536027,15.02,0.145338,average_adult
89a8acc6887ffff,89a8acc6883ffff,2726185489,2336033967,17.5493,0.036592,average_adult
89a8acc6887ffff,89a8acc6887ffff,2726185489,2726185489,0.9858,0.994018,average_adult
89a8acc6887ffff,89a8acc688fffff,2726185489,4442536032,6.7081,0.747175,average_adult
89a8acc6887ffff,89a8acc6893ffff,2726185489,2335474678,11.1,0.414035,average_adult
89a8acc6887ffff,89a8acc6897ffff,2726185489,2726185454,6.2275,0.779253,average_adult
89a8acc6887ffff,89a8acc68abffff,2726185489,4442536027,14.1453,0.196953,average_adult
89a8acc6887ffff,89a8acc68b3ffff,2726185489,2726185479,7.0552,0.723126,average_adult
89a8acc6887ffff,89a8acc68bbffff,2726185489,3930322448,9.5856,0.532521,average_adult
89a8acc6887ffff,89a8acc6c2bffff,2726185489,2335474641,16.9457,0.056449,average_adult
89a8acc6887ffff,89a8acc6c2fffff,2726185489,2335474575,15.2248,0.134186,average_adult
89a8acc6887ffff,89a8acc6d43ffff,2726185489,2335474594,18.1985,0.019886,average_adult
89a8acc6887ffff,89a8acc6d4bffff,2726185489,4442800000,17.6327,0.034171,average_adult
89a8acc6887ffff,89a8acc6d4fffff,2726185489,4442799076,13.9597,0.208673,average_adult
89a8acc688bffff,89a8acc688bffff,2336034045,2336034045,8.1099,0.646277,average_adult
89a8acc688bffff,89a8acc6893ffff,2336034045,2335474678,12.275,0.325101,average_adult
89a8acc688bffff,89a8acc689bffff,2336034045,2336034103,8.0453,0.651123,average_adult
89a8acc688bffff,89a8acc6c2bffff,2336034045,2335474641,15.3802,0.125974,average_adult
89a8acc688bffff,89a8acc6c2fffff,2336034045,2335474575,17.2987,0.044341,average_adult
89a8acc688bffff,89a8acc6c63ffff,2336034045,2336034012,19.5972,0.001001,average_adult
89a8acc688bffff,89a8acc6c67ffff,2336034045,4438325149,14.6524,0.166266,average_adult
89a8acc688bffff,89a8acc6c77ffff,2336034045,2332075047,18.421,0.0153,average_adult
89a8acc688fffff,89a8acc6817ffff,4442536032,4442536027,19.5721,0.001129,average_adult
89a8acc688fffff,89a8acc6887ffff,4442536032,2726185489,5.7338,0.810546,average_adult
89a8acc688fffff,89a8acc688fffff,4442536032,4442536032,7.1518,0.71631,average_adult
89a8acc688fffff,89a8acc6893ffff,4442536032,2335474678,15.848,0.102621,average_adult
89a8acc688fffff,89a8acc6897ffff,4442536032,2726185454,10.9755,0.423682,average_adult
89a8acc688fffff,89a8acc68abffff,4442536032,4442536027,18.6974,0.010431,average_adult
89a8acc688fffff,89a8acc68b3ffff,4442536032,2726185479,11.6072,0.375104,average_adult
89a8acc688fffff,89a8acc68bbffff,4442536032,3930322448,14.1377,0.197427,average_adult
89a8acc688fffff,89a8acc6c2fffff,4442536032,2335474575,19.9728,5e-06,average_adult
89a8acc688fffff,89a8acc6d4fffff,4442536032,4442799076,18.6462,0.011264,average_adult
89a8acc6893ffff,89a8acc6883ffff,2335474678,2336033967,11.6721,0.370175,average_adult
89a8acc6893ffff,89a8acc6887ffff,2335474678,2726185489,16.5772,0.070542,average_adult
89a8acc6893ffff,89a8acc688bffff,2335474678,2336034045,19.9726,5e-06,average_adult
89a8acc6893ffff,89a8acc6893ffff,2335474678,2335474678,0.6333,0.997528,average_adult
89a8acc6893ffff,89a8acc6897ffff,2335474678,2726185454,9.4594,0.542409,average_adult
89a8acc6893ffff,89a8acc689bffff,2335474678,2336034103,17.6978,0.032338,average_adult
89a8acc6893ffff,89a8acc68b3ffff,2335474678,2726185479,17.8428,0.02843,average_adult
89a8acc6893ffff,89a8acc6c0fffff,2335474678,2332043156,16.9801,0.055208,average_adult
89a8acc6893ffff,89a8acc6c23ffff,2335474678,2726180683,9.7401,0.520405,average_adult
89a8acc6893ffff,89a8acc6c27ffff,2335474678,2335292922,14.4338,0.179246,average_adult
89a8acc6893ffff,89a8acc6c2bffff,2335474678,2335474641,6.479,0.762654,average_adult
89a8acc6893ffff,89a8acc6c2fffff,2335474678,2335474575,6.051,0.79064,average_adult
89a8acc6893ffff,89a8acc6c33ffff,2335474678,2726180592,16.7263,0.064663,average_adult
89a8acc6893ffff,89a8acc6c3bffff,2335474678,3380582097,13.6151,0.231084,average_adult
89a8acc6893ffff,89a8acc6c63ffff,2335474678,2336034012,14.3872,0.182063,average_adult
89a8acc6893ffff,89a8acc6c67ffff,2335474678,4438325149,10.2952,0.476825,average_adult
89a8acc6893ffff,89a8acc6c73ffff,2335474678,2336108293,19.5368,0.001323,average_adult
89a8acc6893ffff,89a8acc6c77ffff,2335474678,2332075047,12.385,0.317032,average_adult
89a8acc6893ffff,89a8acc6d5bffff,2335474678,7546069758,16.335,0.080593,average_adult
89a8acc6897ffff,89a8acc6817ffff,2726185454,4442536027,18.7051,0.010307,average_adult
89a8acc6897ffff,89a8acc6883ffff,2726185454,2336033967,14.0445,0.203289,average_adult
89a8acc6897ffff,89a8acc6887ffff,2726185454,2726185489,9.5559,0.53485,average_adult
89a8acc6897ffff,89a8acc688fffff,2726185454,4442536032,15.2783,0.131335,average_adult
89a8acc6897ffff,89a8acc6893ffff,2726185454,2335474678,7.1784,0.71442,average_adult
89a8acc6897ffff,89a8acc6897ffff,2726185454,2726185454,2.1507,0.971738,average_adult
89a8acc6897ffff,89a8acc68abffff,2726185454,4442536027,17.8304,0.028755,average_adult
89a8acc6897ffff,89a8acc68b3ffff,2726185454,2726185479,10.7403,0.441986,average_adult
89a8acc6897ffff,89a8acc68b7ffff,2726185454,4442799069,19.8066,0.000231,average_adult
89a8acc6897ffff,89a8acc68bbffff,2726185454,3930322448,13.2708,0.254266,average_adult
89a8acc6897ffff,89a8acc6c23ffff,2726185454,2726180683,16.2853,0.082733,average_adult
89a8acc6897ffff,89a8acc6c27ffff,2726185454,2335292922,19.686,0.000608,average_adult
89a8acc6897ffff,89a8acc6c2bffff,2726185454,2335474641,13.0242,0.271316,average_adult
89a8acc6897ffff,89a8acc6c2fffff,2726185454,2335474575,11.3032,0.398358,average_adult
89a8acc6897ffff,89a8acc6c67ffff,2726185454,4438325149,16.7325,0.064425,average_adult
89a8acc6897ffff,89a8acc6c77ffff,2726185454,2332075047,18.9302,0.007044,average_adult
89a8acc6897ffff,89a8acc6d43ffff,2726185454,2335474594,17.1625,0.048849,average_adult
89a8acc6897ffff,89a8acc6d4bffff,2726185454,4442800000,16.5967,0.06976,average_adult
89a8acc6897ffff,89a8acc6d4fffff,2726185454,4442799076,12.9237,0.27836,average_adult
89a8acc689bffff,89a8acc6883ffff,2336034103,2336033967,19.7213,0.000479,average_adult
89a8acc689bffff,89a8acc688bffff,2336034103,2336034045,7.1095,0.719302,average_adult
89a8acc689bffff,89a8acc6893ffff,2336034103,2335474678,9.229,0.560408,average_adult
89a8acc689bffff,89a8acc6897ffff,2336034103,2726185454,17.5196,0.037474,average_adult
89a8acc689bffff,89a8acc689bffff,2336034103,2336034103,0.5345,0.998239,average_adult
89a8acc689bffff,89a8acc6c0fffff,2336034103,2332043156,19.9182,4.1e-05,average_adult
89a8acc689bffff,89a8acc6c23ffff,2336034103,2726180683,17.9417,0.025906,average_adult
89a8acc689bffff,89a8acc6c2bffff,2336034103,2335474641,12.3342,0.320752,average_adult
89a8acc689bffff,89a8acc6c2fffff,2336034103,2335474575,14.2527,0.190289,average_adult
89a8acc689bffff,89a8acc6c3bffff,2336034103,3380582097,18.4178,0.015362,average_adult
89a8acc689bffff,89a8acc6c63ffff,2336034103,2336034012,12.7062,0.2938,average_adult
89a8acc689bffff,89a8acc6c67ffff,2336034103,4438325149,7.8801,0.663439,average_adult
89a8acc689bffff,89a8acc6c6fffff,2336034103,2336108624,16.1271,0.089704,average_adult
89a8acc689bffff,89a8acc6c73ffff,2336034103,2336108293,18.5776,0.012429,average_adult
89a8acc689bffff,89a8acc6c77ffff,2336034103,2332075047,13.2483,0.255805,average_adult
89a8acc68a3ffff,89a8acc6897ffff,7839382319,2726185454,19.0652,0.005381,average_adult
89a8acc68a3ffff,89a8acc68a3ffff,7839382319,7839382319,1.9893,0.975788,average_adult
89a8acc68a3ffff,89a8acc68b3ffff,7839382319,2726185479,19.4825,0.001651,average_adult
89a8acc68a3ffff,89a8acc68b7ffff,7839382319,4442799069,18.6198,0.011705,average_adult
89a8acc68a3ffff,89a8acc6d43ffff,7839382319,2335474594,17.771,0.030336,average_adult
89a8acc68a3ffff,89a8acc6d4bffff,7839382319,4442800000,17.2052,0.047411,average_adult
89a8acc68a3ffff,89a8acc6d4fffff,7839382319,4442799076,13.5322,0.236597,average_adult
89a8acc68abffff,89a8acc6817ffff,4442536027,4442536027,5.7106,0.811973,average_adult
89a8acc68abffff,89a8acc6897ffff,4442536027,2726185454,18.1088,0.021902,average_adult
89a8acc68abffff,89a8acc68abffff,4442536027,4442536027,4.8359,0.86255,average_adult
89a8acc68abffff,89a8acc68b3ffff,4442536027,2726185479,15.2655,0.132014,average_adult
89a8acc68abffff,89a8acc68bbffff,4442536027,3930322448,7.234,0.710473,average_adult
89a8acc68abffff,89a8acc6d4fffff,4442536027,4442799076,17.5564,0.036383,average_adult
89a8acc68b3ffff,89a8acc6817ffff,2726185479,4442536027,12.6241,0.29969,average_adult
89a8acc68b3ffff,89a8acc6887ffff,2726185479,2726185489,9.6247,0.529458,average_adult
89a8acc68b3ffff,89a8acc688fffff,2726185479,4442536032,15.1739,0.136922,average_adult
89a8acc68b3ffff,89a8acc6893ffff,2726185479,2335474678,14.0068,0.205675,average_adult
89a8acc68b3ffff,89a8acc6897ffff,2726185479,2726185454,9.1343,0.567783,average_adult
89a8acc68b3ffff,89a8acc68abffff,2726185479,4442536027,11.7494,0.364325,average_adult
89a8acc68b3ffff,89a8acc68b3ffff,2726185479,2726185479,4.6593,0.87196,average_adult
89a8acc68b3ffff,89a8acc68b7ffff,2726185479,4442799069,18.5811,0.012367,average_adult
89a8acc68b3ffff,89a8acc68bbffff,2726185479,3930322448,7.1898,0.713617,average_adult
89a8acc68b3ffff,89a8acc6c2bffff,2726185479,2335474641,19.8525,0.000134,average_adult
89a8acc68b3ffff,89a8acc6c2fffff,2726185479,2335474575,18.1316,0.02138,average_adult
89a8acc68b3ffff,89a8acc6d43ffff,2726185479,2335474594,15.937,0.09842,average_adult
89a8acc68b3ffff,89a8acc6d4bffff,2726185479,4442800000,15.3712,0.126442,average_adult
89a8acc68b3ffff,89a8acc6d4fffff,2726185479,4442799076,11.6982,0.368199,average_adult
89a8acc68b7ffff,89a8acc6897ffff,4442799069,2726185454,16.0498,0.093206,average_adult
89a8acc68b7ffff,89a8acc68a3ffff,4442799069,7839382319,19.0729,0.005293,average_adult
89a8acc68b7ffff,89a8acc68b3ffff,4442799069,2726185479,16.4671,0.075037,average_adult
89a8acc68b7ffff,89a8acc68b7ffff,4442799069,4442799069,1.9341,0.977101,average_adult
89a8acc68b7ffff,89a8acc68bbffff,4442799069,3930322448,17.7865,0.02992,average_adult
89a8acc68b7ffff,89a8acc6d43ffff,4442799069,2335474594,14.7556,0.160278,average_adult
89a8acc68b7ffff,89a8acc6d4bffff,4442799069,4442800000,14.1898,0.194179,average_adult
89a8acc68b7ffff,89a8acc6d4fffff,4442799069,4442799076,10.5168,0.459457,average_adult
89a8acc68bbffff,89a8acc6817ffff,3930322448,4442536027,7.4133,0.697614,average_adult
89a8acc68bbffff,89a8acc6887ffff,3930322448,2726185489,14.9759,0.147787,average_adult
89a8acc68bbffff,89a8acc6893ffff,3930322448,2335474678,17.8342,0.028657,average_adult
89a8acc68bbffff,89a8acc6897ffff,3930322448,2726185454,12.8538,0.283298,average_adult
89a8acc68bbffff,89a8acc68abffff,3930322448,4442536027,6.5386,0.758658,average_adult
89a8acc68bbffff,89a8acc68b3ffff,3930322448,2726185479,10.0105,0.499176,average_adult
89a8acc68bbffff,89a8acc68b7ffff,3930322448,4442799069,19.1843,0.004099,average_adult
89a8acc68bbffff,89a8acc68bbffff,3930322448,3930322448,1.979,0.976036,average_adult
89a8acc68bbffff,89a8acc6d43ffff,3930322448,2335474594,16.5402,0.072039,average_adult
89a8acc68bbffff,89a8acc6d4bffff,3930322448,4442800000,15.9744,0.096675,average_adult
89a8acc68bbffff,89a8acc6d4fffff,3930322448,4442799076,12.3014,0.323159,average_adult
89a8acc68c3ffff,89a8acc6843ffff,3509282844,3082243627,17.841,0.028478,average_adult
89a8acc68c3ffff,89a8acc6853ffff,3509282844,3507851533,9.7992,0.515767,average_adult
89a8acc68c3ffff,89a8acc6857ffff,3509282844,3507851199,14.6673,0.165397,average_adult
89a8acc68c3ffff,89a8acc68c3ffff,3509282844,3509282844,2.5769,0.959595,average_adult
89a8acc68c3ffff,89a8acc68c7ffff,3509282844,7950894106,13.0989,0.26611,average_adult
89a8acc68c3ffff,89a8acc68cbffff,3509282844,6770713434,17.8564,0.028078,average_adult
89a8acc68c3ffff,89a8acc68cfffff,3509282844,3507851207,10.0963,0.492434,average_adult
89a8acc68c3ffff,89a8acc68d3ffff,3509282844,2955259026,9.277,0.556659,average_adult
89a8acc68c3ffff,89a8acc68d7ffff,3509282844,2955259012,15.4358,0.12309,average_adult
89a8acc68c3ffff,89a8acc68dbffff,3509282844,2955259009,10.7095,0.444389,average_adult
89a8acc68c3ffff,89a8acc6c6bffff,3509282844,965038276,16.2494,0.084292,average_adult
89a8acc68c3ffff,89a8acc6e27ffff,3509282844,3082243611,14.1102,0.199151,average_adult
89a8acc68c3ffff,89a8acc6e37ffff,3509282844,4441055873,16.3692,0.079136,average_adult
89a8acc68c3ffff,89a8acc6ea7ffff,3509282844,3411176963,19.3435,0.002656,average_adult
89a8acc68c7ffff,89a8acc6853ffff,7950894106,3507851533,13.3153,0.251226,average_adult
89a8acc68c7ffff,89a8acc6857ffff,7950894106,3507851199,18.1834,0.020218,average_adult
89a8acc68c7ffff,89a8acc68c3ffff,7950894106,3509282844,9.5395,0.536133,average_adult
89a8acc68c7ffff,89a8acc68c7ffff,7950894106,7950894106,2.243,0.969285,average_adult
89a8acc68c7ffff,89a8acc68cfffff,7950894106,3507851207,13.6124,0.231262,average_adult
89a8acc68c7ffff,89a8acc68d3ffff,7950894106,2955259026,12.7932,0.287597,average_adult
89a8acc68c7ffff,89a8acc68d7ffff,7950894106,2955259012,18.9519,0.00676,average_adult
89a8acc68c7ffff,89a8acc68dbffff,7950894106,2955259009,14.2256,0.191958,average_adult
89a8acc68c7ffff,89a8acc6c6bffff,7950894106,965038276,19.7655,0.000339,average_adult
89a8acc68c7ffff,89a8acc6e27ffff,7950894106,3082243611,17.6263,0.034356,average_adult
89a8acc68c7ffff,89a8acc6e37ffff,7950894106,4441055873,19.8853,8.1e-05,average_adult
89a8acc68cbffff,89a8acc68cbffff,6770713434,6770713434,0.5269,0.998288,average_adult
89a8acc68cbffff,89a8acc68d3ffff,6770713434,2955259026,14.4352,0.179161,average_adult
89a8acc68cbffff,89a8acc68dbffff,6770713434,2955259009,9.4721,0.541416,average_adult
89a8acc68cbffff,89a8acc6e23ffff,6770713434,4439995409,19.7463,0.000397,average_adult
89a8acc68cbffff,89a8acc6e33ffff,6770713434,2639739488,15.7943,0.105199,average_adult
89a8acc68cbffff,89a8acc6e37ffff,6770713434,4441055873,7.293,0.706259,average_adult
89a8acc68cbffff,89a8acc6ea7ffff,6770713434,3411176963,19.1117,0.004859,average_adult
89a8acc68cbffff,89a8acc6eabffff,6770713434,2403004414,18.9159,0.007232,average_adult
89a8acc68cbffff,89a8acc6eafffff,6770713434,2955259142,16.3748,0.078898,average_adult
89a8acc68cfffff,89a8acc681bffff,3507851207,11378803034,17.7391,0.031202,average_adult
89a8acc68cfffff,89a8acc6843ffff,3507851207,3082243627,15.272,0.13167,average_adult
89a8acc68cfffff,89a8acc6853ffff,3507851207,3507851533,7.2302,0.710744,average_adult
89a8acc68cfffff,89a8acc6857ffff,3507851207,3507851199,6.2314,0.778998,average_adult
89a8acc68cfffff,89a8acc68c3ffff,3507851207,3509282844,11.2314,0.403888,average_adult
89a8acc68cfffff,89a8acc68c7ffff,3507851207,7950894106,18.3069,0.017579,average_adult
89a8acc68cfffff,89a8acc68cbffff,3507851207,6770713434,18.7461,0.009667,average_adult
89a8acc68cfffff,89a8acc68cfffff,3507851207,3507851207,1.4222,0.987575,average_adult
89a8acc68cfffff,89a8acc68d3ffff,3507851207,2955259026,12.6378,0.298708,average_adult
89a8acc68cfffff,89a8acc68d7ffff,3507851207,2955259012,19.2053,0.003891,average_adult
89a8acc68cfffff,89a8acc68dbffff,3507851207,2955259009,12.2299,0.328421,average_adult
89a8acc68cfffff,89a8acc6c6bffff,3507851207,965038276,19.1229,0.004738,average_adult
89a8acc68cfffff,89a8acc6e27ffff,3507851207,3082243611,11.5411,0.380139,average_adult
89a8acc68cfffff,89a8acc6e37ffff,3507851207,4441055873,17.2589,0.045635,average_adult
89a8acc68d3ffff,89a8acc6853ffff,2955259026,3507851533,17.5002,0.038053,average_adult
89a8acc68d3ffff,89a8acc68c3ffff,2955259026,3509282844,15.1283,0.139393,average_adult
89a8acc68d3ffff,89a8acc68cbffff,2955259026,6770713434,15.4387,0.122943,average_adult
89a8acc68d3ffff,89a8acc68cfffff,2955259026,3507851207,17.7974,0.02963,average_adult
89a8acc68d3ffff,89a8acc68d3ffff,2955259026,2955259026,1.2444,0.990478,average_adult
89a8acc68d3ffff,89a8acc68d7ffff,2955259026,2955259012,7.9033,0.661716,average_adult
89a8acc68d3ffff,89a8acc68dbffff,2955259026,2955259009,7.5001,0.691332,average_adult
89a8acc68d3ffff,89a8acc6c6bffff,2955259026,965038276,8.2168,0.63823,average_adult
89a8acc68d3ffff,89a8acc6c73ffff,2955259026,2336108293,17.0749,0.051858,average_adult
89a8acc68d3ffff,89a8acc6c7bffff,2955259026,2955259207,13.9188,0.211288,average_adult
89a8acc68d3ffff,89a8acc6e33ffff,2955259026,2639739488,19.4248,0.00204,average_adult
89a8acc68d3ffff,89a8acc6e37ffff,2955259026,4441055873,13.9515,0.209195,average_adult
89a8acc68d3ffff,89a8acc6ea7ffff,2955259026,3411176963,12.0815,0.339414,average_adult
89a8acc68d3ffff,89a8acc6eafffff,2955259026,2955259142,15.3672,0.126651,average_adult
89a8acc68d3ffff,89a8acc6eb7ffff,2955259026,2955259190,19.5567,0.001212,average_adult
89a8acc68d7ffff,89a8acc68c3ffff,2955259012,3509282844,19.4977,0.001556,average_adult
89a8acc68d7ffff,89a8acc68cbffff,2955259012,6770713434,19.808,0.000227,average_adult
89a8acc68d7ffff,89a8acc68d3ffff,2955259012,2955259026,5.6138,0.817877,average_adult
89a8acc68d7ffff,89a8acc68d7ffff,2955259012,2955259012,2.8704,0.950033,average_adult
89a8acc68d7ffff,89a8acc68dbffff,2955259012,2955259009,11.8695,0.355271,average_adult
89a8acc68d7ffff,89a8acc6c6bffff,2955259012,965038276,12.3903,0.316648,average_adult
89a8acc68d7ffff,89a8acc6c73ffff,2955259012,2336108293,16.5859,0.070193,average_adult
89a8acc68d7ffff,89a8acc6c77ffff,2955259012,2332075047,19.5724,0.001128,average_adult
89a8acc68d7ffff,89a8acc6c7bffff,2955259012,2955259207,17.8427,0.028435,average_adult
89a8acc68d7ffff,89a8acc6e37ffff,2955259012,4441055873,18.3209,0.017291,average_adult
89a8acc68d7ffff,89a8acc6ea7ffff,2955259012,3411176963,16.4509,0.075708,average_adult
89a8acc68d7ffff,89a8acc6eafffff,2955259012,2955259142,19.7366,0.000428,average_adult
89a8acc68dbffff,89a8acc6853ffff,2955259009,3507851533,16.9141,0.057599,average_adult
89a8acc68dbffff,89a8acc68c3ffff,2955259009,3509282844,16.1223,0.089919,average_adult
89a8acc68dbffff,89a8acc68cbffff,2955259009,6770713434,10.281,0.477934,average_adult
89a8acc68dbffff,89a8acc68cfffff,2955259009,3507851207,17.4084,0.04086,average_adult
89a8acc68dbffff,89a8acc68d3ffff,2955259009,2955259026,6.743,0.744791,average_adult
89a8acc68dbffff,89a8acc68d7ffff,2955259009,2955259012,13.3947,0.24584,average_adult
89a8acc68dbffff,89a8acc68dbffff,2955259009,2955259009,0.4401,0.998806,average_adult
89a8acc68dbffff,89a8acc6c6bffff,2955259009,965038276,13.0053,0.272631,average_adult
89a8acc68dbffff,89a8acc6c7bffff,2955259009,2955259207,16.6577,0.06734,average_adult
89a8acc68dbffff,89a8acc6e33ffff,2955259009,2639739488,12.3647,0.318515,average_adult
89a8acc68dbffff,89a8acc6e37ffff,2955259009,4441055873,8.3501,0.628141,average_adult
89a8acc68dbffff,89a8acc6ea3ffff,2955259009,2955259166,18.762,0.009424,average_adult
89a8acc68dbffff,89a8acc6ea7ffff,2955259009,3411176963,10.0798,0.493735,average_adult
89a8acc68dbffff,89a8acc6eabffff,2955259009,2403004414,15.3406,0.128048,average_adult
89a8acc68dbffff,89a8acc6eafffff,2955259009,2955259142,9.916,0.5066,average_adult
89a8acc68dbffff,89a8acc6eb7ffff,2955259009,2955259190,19.5811,0.001082,average_adult
89a8acc6a93ffff,89a8acc6853ffff,2639739558,3507851533,18.6876,0.010586,average_adult
89a8acc6a93ffff,89a8acc6a93ffff,2639739558,2639739558,8.8636,0.588779,average_adult
89a8acc6a93ffff,89a8acc6a97ffff,2639739558,2639739558,7.9606,0.657448,average_adult
89a8acc6a93ffff,89a8acc6e27ffff,2639739558,3082243611,10.7212,0.443474,average_adult
89a8acc6a93ffff,89a8acc6e2fffff,2639739558,2639739558,5.1984,0.842363,average_adult
89a8acc6a97ffff,89a8acc6853ffff,2639739558,3507851533,17.7846,0.02997,average_adult
89a8acc6a97ffff,89a8acc6a93ffff,2639739558,2639739558,7.9606,0.657448,average_adult
89a8acc6a97ffff,89a8acc6a97ffff,2639739558,2639739558,7.0576,0.722955,average_adult
89a8acc6a97ffff,89a8acc6e27ffff,2639739558,3082243611,9.8183,0.514272,average_adult
89a8acc6a97ffff,89a8acc6e2bffff,2639739558,2639739303,19.3465,0.002632,average_adult
89a8acc6a97ffff,89a8acc6e2fffff,2639739558,2639739558,4.2954,0.890439,average_adult
89a8acc6a9bffff,89a8acc6a9bffff,11378069599,11378069599,2.0225,0.97498,average_adult
89a8acc6a9bffff,89a8acc6e2bffff,11378069599,2639739303,16.2083,0.086094,average_adult
89a8acc6a9bffff,89a8acc6e3bffff,11378069599,6994114527,15.8412,0.102947,average_adult
89a8acc6a9bffff,89a8acc6e77ffff,11378069599,6994114774,11.3034,0.398341,average_adult
89a8acc6c03ffff,89a8acc6c03ffff,4439701589,4439701589,1.2263,0.990753,average_adult
89a8acc6c03ffff,89a8acc6c07ffff,4439701589,2336108543,7.0884,0.720789,average_adult
89a8acc6c03ffff,89a8acc6c0bffff,4439701589,3380581987,9.739,0.520497,average_adult
89a8acc6c03ffff,89a8acc6c0fffff,4439701589,2332043156,8.1696,0.641784,average_adult
89a8acc6c03ffff,89a8acc6c13ffff,4439701589,2332074930,12.3871,0.316878,average_adult
89a8acc6c03ffff,89a8acc6c17ffff,4439701589,2332075028,10.586,0.454042,average_adult
89a8acc6c03ffff,89a8acc6c1bffff,4439701589,7886951227,14.986,0.147227,average_adult
89a8acc6c03ffff,89a8acc6c23ffff,4439701589,2726180683,17.0775,0.051767,average_adult
89a8acc6c03ffff,89a8acc6c2bffff,4439701589,2335474641,15.9643,0.097144,average_adult
89a8acc6c03ffff,89a8acc6c2fffff,4439701589,2335474575,19.831,0.000176,average_adult
89a8acc6c03ffff,89a8acc6c33ffff,4439701589,2726180592,16.613,0.069109,average_adult
89a8acc6c03ffff,89a8acc6c3bffff,4439701589,3380582097,10.8603,0.432637,average_adult
89a8acc6c03ffff,89a8acc6c47ffff,4439701589,5653257029,16.3027,0.08198,average_adult
89a8acc6c03ffff,89a8acc6c57ffff,4439701589,3513038267,15.9508,0.097776,average_adult
89a8acc6c03ffff,89a8acc6c63ffff,4439701589,2336034012,18.4493,0.01476,average_adult
89a8acc6c03ffff,89a8acc6c67ffff,4439701589,4438325149,19.6615,0.000707,average_adult
89a8acc6c03ffff,89a8acc6c73ffff,4439701589,2336108293,13.4181,0.244254,average_adult
89a8acc6c03ffff,89a8acc6c77ffff,4439701589,2332075047,12.1674,0.333044,average_adult
89a8acc6c03ffff,89a8acc6c7bffff,4439701589,2955259207,19.5848,0.001063,average_adult
89a8acc6c03ffff,89a8acc6c8bffff,4439701589,2332075083,18.5018,0.013782,average_adult
89a8acc6c03ffff,89a8acc6c8fffff,4439701589,3005607847,14.9968,0.146622,average_adult
89a8acc6c03ffff,89a8acc6cabffff,4439701589,4451063632,13.6794,0.226842,average_adult
89a8acc6c03ffff,89a8acc6cbbffff,4439701589,4471844854,16.5631,0.07111,average_adult
89a8acc6c03ffff,89a8acc6cc7ffff,4439701589,3409300606,19.598,0.000997,average_adult
89a8acc6c07ffff,89a8acc6c03ffff,2336108543,4439701589,7.6418,0.681005,average_adult
89a8acc6c07ffff,89a8acc6c07ffff,2336108543,2336108543,1.1381,0.992031,average_adult
89a8acc6c07ffff,89a8acc6c0bffff,2336108543,3380581987,13.8237,0.21742,average_adult
89a8acc6c07ffff,89a8acc6c0fffff,2336108543,2332043156,10.4065,0.468093,average_adult
89a8acc6c07ffff,89a8acc6c13ffff,2336108543,2332074930,12.8153,0.286025,average_adult
89a8acc6c07ffff,89a8acc6c17ffff,2336108543,2332075028,11.0141,0.420687,average_adult
89a8acc6c07ffff,89a8acc6c1bffff,2336108543,7886951227,15.4141,0.124212,average_adult
89a8acc6c07ffff,89a8acc6c23ffff,2336108543,2726180683,12.587,0.302361,average_adult
89a8acc6c07ffff,89a8acc6c27ffff,2336108543,2335292922,17.5462,0.036685,average_adult
89a8acc6c07ffff,89a8acc6c2bffff,2336108543,2335474641,16.2901,0.082524,average_adult
89a8acc6c07ffff,89a8acc6c2fffff,2336108543,2335474575,19.3648,0.002487,average_adult
89a8acc6c07ffff,89a8acc6c33ffff,2336108543,2726180592,10.6628,0.448039,average_adult
89a8acc6c07ffff,89a8acc6c37ffff,2336108543,8370861913,17.2329,0.046494,average_adult
89a8acc6c07ffff,89a8acc6c3bffff,2336108543,3380582097,11.1604,0.40937,average_adult
89a8acc6c07ffff,89a8acc6c47ffff,2336108543,5653257029,19.6879,0.000601,average_adult
89a8acc6c07ffff,89a8acc6c73ffff,2336108543,2336108293,15.655,0.112002,average_adult
89a8acc6c07ffff,89a8acc6c77ffff,2336108543,2332075047,12.5805,0.302836,average_adult
89a8acc6c07ffff,89a8acc6c8bffff,2336108543,2332075083,18.9299,0.007047,average_adult
89a8acc6c07ffff,89a8acc6c8fffff,2336108543,3005607847,15.425,0.12365,average_adult
89a8acc6c07ffff,89a8acc6cabffff,2336108543,4451063632,14.1075,0.199316,average_adult
89a8acc6c07ffff,89a8acc6cbbffff,2336108543,4471844854,16.9913,0.054808,average_adult
89a8acc6c0bffff,89a8acc6c03ffff,3380581987,4439701589,7.9908,0.655195,average_adult
89a8acc6c0bffff,89a8acc6c07ffff,3380581987,2336108543,12.2534,0.326693,average_adult
89a8acc6c0bffff,89a8acc6c0bffff,3380581987,3380581987,0.724,0.99677,average_adult
89a8acc6c0bffff,89a8acc6c0fffff,3380581987,2332043156,11.509,0.382588,average_adult
89a8acc6c0bffff,89a8acc6c13ffff,3380581987,2332074930,17.6915,0.032515,average_adult
89a8acc6c0bffff,89a8acc6c17ffff,3380581987,2332075028,15.8903,0.100614,average_adult
89a8acc6c0bffff,89a8acc6c1bffff,3380581987,7886951227,13.0796,0.267454,average_adult
89a8acc6c0bffff,89a8acc6c2bffff,3380581987,2335474641,19.5821,0.001077,average_adult
89a8acc6c0bffff,89a8acc6c3bffff,3380581987,3380582097,15.9678,0.096983,average_adult
89a8acc6c0bffff,89a8acc6c43ffff,3380581987,3425558055,14.4911,0.17581,average_adult
89a8acc6c0bffff,89a8acc6c47ffff,3380581987,5653257029,9.5226,0.53746,average_adult
89a8acc6c0bffff,89a8acc6c4fffff,3380581987,2955259222,15.8639,0.101866,average_adult
89a8acc6c0bffff,89a8acc6c53ffff,3380581987,3425558243,18.4043,0.015625,average_adult
89a8acc6c0bffff,89a8acc6c57ffff,3380581987,3513038267,9.1707,0.564952,average_adult
89a8acc6c0bffff,89a8acc6c6bffff,3380581987,965038276,17.3474,0.042779,average_adult
89a8acc6c0bffff,89a8acc6c73ffff,3380581987,2336108293,11.9495,0.34927,average_adult
89a8acc6c0bffff,89a8acc6c77ffff,3380581987,2332075047,14.6044,0.169084,average_adult
89a8acc6c0bffff,89a8acc6c7bffff,3380581987,2955259207,13.2594,0.255045,average_adult
89a8acc6c0bffff,89a8acc6cabffff,3380581987,4451063632,18.9838,0.006357,average_adult
89a8acc6c0bffff,89a8acc6cc7ffff,3380581987,3409300606,17.9121,0.02665,average_adult
89a8acc6c0bffff,89a8acc6ccfffff,3380581987,3874217785,14.5501,0.172294,average_adult
89a8acc6c0fffff,89a8acc6893ffff,2332043156,2335474678,14.4202,0.18007,average_adult
89a8acc6c0fffff,89a8acc6c03ffff,2332043156,4439701589,7.0197,0.725618,average_adult
89a8acc6c0fffff,89a8acc6c07ffff,2332043156,2336108543,8.7184,0.599977,average_adult
89a8acc6c0fffff,89a8acc6c0bffff,2332043156,3380581987,12.0474,0.341955,average_adult
89a8acc6c0fffff,89a8acc6c0fffff,2332043156,2332043156,0.936,0.994606,average_adult
89a8acc6c0fffff,89a8acc6c13ffff,2332043156,2332074930,14.1565,0.196251,average_adult
89a8acc6c0fffff,89a8acc6c17ffff,2332043156,2332075028,12.3554,0.319201,average_adult
89a8acc6c0fffff,89a8acc6c1bffff,2332043156,7886951227,16.7554,0.063546,average_adult
89a8acc6c0fffff,89a8acc6c23ffff,2332043156,2726180683,12.0088,0.344838,average_adult
89a8acc6c0fffff,89a8acc6c27ffff,2332043156,2335292922,16.7531,0.063634,average_adult
89a8acc6c0fffff,89a8acc6c2bffff,2332043156,2335474641,10.1372,0.489224,average_adult
89a8acc6c0fffff,89a8acc6c2fffff,2332043156,2335474575,14.1448,0.196981,average_adult
89a8acc6c0fffff,89a8acc6c33ffff,2332043156,2726180592,13.1665,0.26143,average_adult
89a8acc6c0fffff,89a8acc6c37ffff,2332043156,8370861913,19.7366,0.000428,average_adult
89a8acc6c0fffff,89a8acc6c3bffff,2332043156,3380582097,5.9449,0.797382,average_adult
89a8acc6c0fffff,89a8acc6c43ffff,2332043156,3425558055,18.1594,0.020753,average_adult
89a8acc6c0fffff,89a8acc6c47ffff,2332043156,5653257029,12.1417,0.334947,average_adult
89a8acc6c0fffff,89a8acc6c4fffff,2332043156,2955259222,17.4035,0.041012,average_adult
89a8acc6c0fffff,89a8acc6c57ffff,2332043156,3513038267,15.104,0.140716,average_adult
89a8acc6c0fffff,89a8acc6c63ffff,2332043156,2336034012,13.14,0.263265,average_adult
89a8acc6c0fffff,89a8acc6c67ffff,2332043156,4438325149,13.0873,0.266918,average_adult
89a8acc6c0fffff,89a8acc6c6bffff,2332043156,965038276,17.871,0.027699,average_adult
89a8acc6c0fffff,89a8acc6c73ffff,2332043156,2336108293,8.1088,0.646359,average_adult
89a8acc6c0fffff,89a8acc6c77ffff,2332043156,2332075047,5.5931,0.819127,average_adult
89a8acc6c0fffff,89a8acc6c7bffff,2332043156,2955259207,14.2754,0.188887,average_adult
89a8acc6c0fffff,89a8acc6c8fffff,2332043156,3005607847,16.7662,0.06313,average_adult
89a8acc6c0fffff,89a8acc6cabffff,2332043156,4451063632,15.4488,0.122421,average_adult
89a8acc6c0fffff,89a8acc6cbbffff,2332043156,4471844854,18.3325,0.017053,average_adult
89a8acc6c0fffff,89a8acc6d5bffff,2332043156,7546069758,19.8849,8.2e-05,average_adult
89a8acc6c13ffff,89a8acc6c03ffff,2332074930,4439701589,12.5241,0.306913,average_adult
89a8acc6c13ffff,89a8acc6c07ffff,2332074930,2336108543,12.0637,0.340738,average_adult
89a8acc6c13ffff,89a8acc6c0bffff,2332074930,3380581987,19.9536,1.3e-05,average_adult
89a8acc6c13ffff,89a8acc6c0fffff,2332074930,2332043156,15.4434,0.122697,average_adult
89a8acc6c13ffff,89a8acc6c13ffff,2332074930,2332074930,1.6016,0.984261,average_adult
89a8acc6c13ffff,89a8acc6c17ffff,2332074930,2332075028,6.6943,0.748115,average_adult
89a8acc6c13ffff,89a8acc6c1bffff,2332074930,7886951227,8.2196,0.638018,average_adult
89a8acc6c13ffff,89a8acc6c33ffff,2332074930,2726180592,16.7069,0.065416,average_adult
89a8acc6c13ffff,89a8acc6c3bffff,2332074930,3380582097,18.1341,0.021323,average_adult
89a8acc6c13ffff,89a8acc6c47ffff,2332074930,5653257029,19.1711,0.004233,average_adult
89a8acc6c13ffff,89a8acc6c57ffff,2332074930,3513038267,14.3062,0.186997,average_adult
89a8acc6c13ffff,89a8acc6c77ffff,2332074930,2332075047,19.4412,0.001925,average_adult
89a8acc6c13ffff,89a8acc6c83ffff,2332074930,3874217907,15.9046,0.099939,average_adult
89a8acc6c13ffff,89a8acc6c8bffff,2332074930,2332075083,7.7162,0.675545,average_adult
89a8acc6c13ffff,89a8acc6c8fffff,2332074930,3005607847,7.8776,0.663624,average_adult
89a8acc6c13ffff,89a8acc6c9bffff,2332074930,3219028043,19.6699,0.000672,average_adult
89a8acc6c13ffff,89a8acc6cabffff,2332074930,4451063632,12.9492,0.276564,average_adult
89a8acc6c13ffff,89a8acc6cbbffff,2332074930,4471844854,12.1981,0.330774,average_adult
89a8acc6c13ffff,89a8acc6cc3ffff,2332074930,3107402660,15.8829,0.100966,average_adult
89a8acc6c13ffff,89a8acc6cc7ffff,2332074930,3409300606,10.5462,0.457157,average_adult
89a8acc6c13ffff,89a8acc6ccfffff,2332074930,3874217785,14.5808,0.170478,average_adult
89a8acc6c13ffff,89a8acc6cd7ffff,2332074930,3398798243,12.894,0.280453,average_adult
89a8acc6c17ffff,89a8acc6c03ffff,2332075028,4439701589,9.5114,0.538335,average_adult
89a8acc6c17ffff,89a8acc6c07ffff,2332075028,2336108543,9.0511,0.574251,average_adult
89a8acc6c17ffff,89a8acc6c0bffff,2332075028,3380581987,16.9409,0.056623,average_adult
89a8acc6c17ffff,89a8acc6c0fffff,2332075028,2332043156,12.4308,0.313691,average_adult
89a8acc6c17ffff,89a8acc6c13ffff,2332075028,2332074930,5.6733,0.814255,average_adult
89a8acc6c17ffff,89a8acc6c17ffff,2332075028,2332075028,0.6848,0.99711,average_adult
89a8acc6c17ffff,89a8acc6c1bffff,2332075028,7886951227,9.6668,0.526155,average_adult
89a8acc6c17ffff,89a8acc6c23ffff,2332075028,2726180683,18.1106,0.02186,average_adult
89a8acc6c17ffff,89a8acc6c33ffff,2332075028,2726180592,10.9098,0.428785,average_adult
89a8acc6c17ffff,89a8acc6c37ffff,2332075028,8370861913,19.5919,0.001027,average_adult
89a8acc6c17ffff,89a8acc6c3bffff,2332075028,3380582097,15.1215,0.139766,average_adult
89a8acc6c17ffff,89a8acc6c57ffff,2332075028,3513038267,15.7535,0.107172,average_adult
89a8acc6c17ffff,89a8acc6c73ffff,2332075028,2336108293,17.6793,0.032855,average_adult
89a8acc6c17ffff,89a8acc6c77ffff,2332075028,2332075047,16.4285,0.076639,average_adult
89a8acc6c17ffff,89a8acc6c83ffff,2332075028,3874217907,16.3055,0.081858,average_adult
89a8acc6c17ffff,89a8acc6c87ffff,2332075028,4471893673,17.5909,0.035375,average_adult
89a8acc6c17ffff,89a8acc6c8bffff,2332075028,2332075083,11.5324,0.380802,average_adult
89a8acc6c17ffff,89a8acc6c8fffff,2332075028,3005607847,5.2223,0.840994,average_adult
89a8acc6c17ffff,89a8acc6cabffff,2332075028,4451063632,7.0481,0.723625,average_adult
89a8acc6c17ffff,89a8acc6cb3ffff,2332075028,3005607817,18.3195,0.01732,average_adult
89a8acc6c17ffff,89a8acc6cbbffff,2332075028,4471844854,7.9308,0.659669,average_adult
89a8acc6c17ffff,89a8acc6cc3ffff,2332075028,3107402660,18.4727,0.014321,average_adult
89a8acc6c17ffff,89a8acc6cc7ffff,2332075028,3409300606,13.1359,0.263545,average_adult
89a8acc6c17ffff,89a8acc6ccfffff,2332075028,3874217785,16.028,0.094202,average_adult
89a8acc6c17ffff,89a8acc6cd7ffff,2332075028,3398798243,16.7102,0.065287,average_adult
89a8acc6c1bffff,89a8acc6127ffff,7886951227,3880605752,18.6085,0.011897,average_adult
89a8acc6c1bffff,89a8acc6c03ffff,7886951227,4439701589,13.0724,0.267952,average_adult
89a8acc6c1bffff,89a8acc6c07ffff,7886951227,2336108543,12.6121,0.300555,average_adult
89a8acc6c1bffff,89a8acc6c0bffff,7886951227,3380581987,13.492,0.239289,average_adult
89a8acc6c1bffff,89a8acc6c0fffff,7886951227,2332043156,15.9918,0.095871,average_adult
89a8acc6c1bffff,89a8acc6c13ffff,7886951227,2332074930,7.4131,0.697628,average_adult
89a8acc6c1bffff,89a8acc6c17ffff,7886951227,2332075028,9.602,0.53124,average_adult
89a8acc6c1bffff,89a8acc6c1bffff,7886951227,7886951227,0.3465,0.999259,average_adult
89a8acc6c1bffff,89a8acc6c33ffff,7886951227,2726180592,17.2552,0.045756,average_adult
89a8acc6c1bffff,89a8acc6c3bffff,7886951227,3380582097,18.6825,0.01067,average_adult
89a8acc6c1bffff,89a8acc6c43ffff,7886951227,3425558055,12.4491,0.312355,average_adult
89a8acc6c1bffff,89a8acc6c47ffff,7886951227,5653257029,11.298,0.39876,average_adult
89a8acc6c1bffff,89a8acc6c4bffff,7886951227,3425557950,19.0581,0.005463,average_adult
89a8acc6c1bffff,89a8acc6c4fffff,7886951227,2955259222,16.8012,0.0618,average_adult
89a8acc6c1bffff,89a8acc6c53ffff,7886951227,3425558243,16.3623,0.079428,average_adult
89a8acc6c1bffff,89a8acc6c57ffff,7886951227,3513038267,6.4332,0.76571,average_adult
89a8acc6c1bffff,89a8acc6c73ffff,7886951227,2336108293,16.876,0.059002,average_adult
89a8acc6c1bffff,89a8acc6c77ffff,7886951227,2332075047,19.9895,1e-06,average_adult
89a8acc6c1bffff,89a8acc6c7bffff,7886951227,2955259207,18.1859,0.020163,average_adult
89a8acc6c1bffff,89a8acc6c83ffff,7886951227,3874217907,18.594,0.012144,average_adult
89a8acc6c1bffff,89a8acc6c8bffff,7886951227,2332075083,10.1109,0.491287,average_adult
89a8acc6c1bffff,89a8acc6c8fffff,7886951227,3005607847,12.3272,0.321264,average_adult
89a8acc6c1bffff,89a8acc6c9bffff,7886951227,3219028043,19.6711,0.000667,average_adult
89a8acc6c1bffff,89a8acc6cabffff,7886951227,4451063632,13.6619,0.227996,average_adult
89a8acc6c1bffff,89a8acc6cbbffff,7886951227,4471844854,15.5791,0.11579,average_adult
89a8acc6c1bffff,89a8acc6cc3ffff,7886951227,3107402660,10.5158,0.459535,average_adult
89a8acc6c1bffff,89a8acc6cc7ffff,7886951227,3409300606,5.179,0.843471,average_adult
89a8acc6c1bffff,89a8acc6ccfffff,7886951227,3874217785,7.0423,0.724031,average_adult
89a8acc6c1bffff,89a8acc6cd3ffff,7886951227,3398796275,19.862,0.000117,average_adult
89a8acc6c1bffff,89a8acc6cd7ffff,7886951227,3398798243,11.8385,0.357602,average_adult
89a8acc6c1bffff,89a8acc6cdbffff,7886951227,3874217836,17.9279,0.026251,average_adult
89a8acc6c23ffff,89a8acc6893ffff,2726180683,2335474678,10.3531,0.47228,average_adult
89a8acc6c23ffff,89a8acc6897ffff,2726180683,2726185454,19.0576,0.005469,average_adult
89a8acc6c23ffff,89a8acc6c03ffff,2726180683,4439701589,18.4677,0.014414,average_adult
89a8acc6c23ffff,89a8acc6c07ffff,2726180683,2336108543,12.2446,0.32734,average_adult
89a8acc6c23ffff,89a8acc6c0fffff,2726180683,2332043156,14.8993,0.152085,average_adult
89a8acc6c23ffff,89a8acc6c17ffff,2726180683,2332075028,19.8526,0.000134,average_adult
89a8acc6c23ffff,89a8acc6c23ffff,2726180683,2726180683,0.9326,0.994645,average_adult
89a8acc6c23ffff,89a8acc6c27ffff,2726180683,2335292922,8.5104,0.615931,average_adult
89a8acc6c23ffff,89a8acc6c2bffff,2726180683,2335474641,8.6848,0.602562,average_adult
89a8acc6c23ffff,89a8acc6c2fffff,2726180683,2335474575,7.7104,0.675976,average_adult
89a8acc6c23ffff,89a8acc6c33ffff,2726180683,2726180592,7.9188,0.66056,average_adult
89a8acc6c23ffff,89a8acc6c37ffff,2726180683,8370861913,14.4889,0.17594,average_adult
89a8acc6c23ffff,89a8acc6c3bffff,2726180683,3380582097,8.9631,0.581081,average_adult
89a8acc6c23ffff,89a8acc6c67ffff,2726180683,4438325149,19.2387,0.003571,average_adult
89a8acc6c23ffff,89a8acc6c73ffff,2726180683,2336108293,19.709,0.000522,average_adult
89a8acc6c23ffff,89a8acc6c77ffff,2726180683,2332075047,13.5249,0.237084,average_adult
89a8acc6c23ffff,89a8acc6cabffff,2726180683,4451063632,14.8068,0.157339,average_adult
89a8acc6c23ffff,89a8acc6cafffff,2726180683,6764284385,19.6611,0.000708,average_adult
89a8acc6c23ffff,89a8acc6d53ffff,2726180683,2335292974,15.834,0.103292,average_adult
89a8acc6c23ffff,89a8acc6d5bffff,2726180683,7546069758,12.5718,0.303461,average_adult
89a8acc6c23ffff,89a8acc6dcbffff,2726180683,8370861883,19.3809,0.002362,average_adult
89a8acc6c23ffff,89a8acc6dcfffff,2726180683,2335293007,17.7344,0.031331,average_adult
89a8acc6c27ffff,89a8acc6893ffff,2335292922,2335474678,14.8408,0.155397,average_adult
89a8acc6c27ffff,89a8acc6c07ffff,2335292922,2336108543,17.4304,0.040181,average_adult
89a8acc6c27ffff,89a8acc6c0fffff,2335292922,2332043156,19.4887,0.001612,average_adult
89a8acc6c27ffff,89a8acc6c23ffff,2335292922,2726180683,8.4699,0.619022,average_adult
89a8acc6c27ffff,89a8acc6c27ffff,2335292922,2335292922,0.4165,0.99893,average_adult
89a8acc6c27ffff,89a8acc6c2bffff,2335292922,2335474641,13.1725,0.261018,average_adult
89a8acc6c27ffff,89a8acc6c2fffff,2335292922,2335474575,8.4916,0.617367,average_adult
89a8acc6c27ffff,89a8acc6c33ffff,2335292922,2726180592,13.1046,0.265716,average_adult
89a8acc6c27ffff,89a8acc6c37ffff,2335292922,8370861913,19.6747,0.000653,average_adult
89a8acc6c27ffff,89a8acc6c3bffff,2335292922,3380582097,15.0124,0.145759,average_adult
89a8acc6c27ffff,89a8acc6c77ffff,2335292922,2332075047,18.0126,0.024167,average_adult
89a8acc6c27ffff,89a8acc6cabffff,2335292922,4451063632,19.9926,0.0,average_adult
89a8acc6c27ffff,89a8acc6d53ffff,2335292922,2335292974,8.481,0.618171,average_adult
89a8acc6c27ffff,89a8acc6d5bffff,2335292922,7546069758,7.6154,0.682936,average_adult
89a8acc6c27ffff,89a8acc6dcfffff,2335292922,2335293007,10.3814,0.470063,average_adult
89a8acc6c2bffff,89a8acc6883ffff,2335474641,2336033967,17.1433,0.049502,average_adult
89a8acc6c2bffff,89a8acc6893ffff,2335474641,2335474678,6.1401,0.784917,average_adult
89a8acc6c2bffff,89a8acc6897ffff,2335474641,2726185454,14.9416,0.149707,average_adult
89a8acc6c2bffff,89a8acc6c03ffff,2335474641,4439701589,16.9281,0.05709,average_adult
89a8acc6c2bffff,89a8acc6c07ffff,2335474641,2336108543,16.6171,0.068945,average_adult
89a8acc6c2bffff,89a8acc6c0fffff,2335474641,2332043156,11.6988,0.368153,average_adult
89a8acc6c2bffff,89a8acc6c23ffff,2335474641,2726180683,7.276,0.707471,average_adult
89a8acc6c2bffff,89a8acc6c27ffff,2335474641,2335292922,12.0204,0.343971,average_adult
89a8acc6c2bffff,89a8acc6c2bffff,2335474641,2335474641,0.3915,0.999055,average_adult
89a8acc6c2bffff,89a8acc6c2fffff,2335474641,2335474575,4.6011,0.875,average_adult
89a8acc6c2bffff,89a8acc6c33ffff,2335474641,2726180592,12.2914,0.323897,average_adult
89a8acc6c2bffff,89a8acc6c37ffff,2335474641,8370861913,18.8614,0.007975,average_adult
89a8acc6c2bffff,89a8acc6c3bffff,2335474641,3380582097,8.3338,0.629373,average_adult
89a8acc6c2bffff,89a8acc6c63ffff,2335474641,2336034012,14.65,0.166408,average_adult
89a8acc6c2bffff,89a8acc6c67ffff,2335474641,4438325149,12.9977,0.273168,average_adult
89a8acc6c2bffff,89a8acc6c73ffff,2335474641,2336108293,14.2554,0.190117,average_adult
89a8acc6c2bffff,89a8acc6c77ffff,2335474641,2332075047,7.1037,0.719708,average_adult
89a8acc6c2bffff,89a8acc6c7bffff,2335474641,2955259207,18.7532,0.009559,average_adult
89a8acc6c2bffff,89a8acc6cabffff,2335474641,4451063632,19.1793,0.004149,average_adult
89a8acc6c2bffff,89a8acc6d53ffff,2335474641,2335292974,18.5306,0.013259,average_adult
89a8acc6c2bffff,89a8acc6d5bffff,2335474641,7546069758,14.5847,0.170249,average_adult
89a8acc6c2fffff,89a8acc6883ffff,2335474575,2336033967,17.0003,0.054487,average_adult
89a8acc6c2fffff,89a8acc6893ffff,2335474575,2335474678,7.6195,0.682637,average_adult
89a8acc6c2fffff,89a8acc6897ffff,2335474575,2726185454,14.7875,0.158443,average_adult
89a8acc6c2fffff,89a8acc6c07ffff,2335474575,2336108543,19.7019,0.000548,average_adult
89a8acc6c2fffff,89a8acc6c0fffff,2335474575,2332043156,17.6242,0.034416,average_adult
89a8acc6c2fffff,89a8acc6c23ffff,2335474575,2726180683,8.3899,0.625113,average_adult
89a8acc6c2fffff,89a8acc6c27ffff,2335474575,2335292922,9.0952,0.570823,average_adult
89a8acc6c2fffff,89a8acc6c2bffff,2335474575,2335474641,6.3169,0.773404,average_adult
89a8acc6c2fffff,89a8acc6c2fffff,2335474575,2335474575,0.7124,0.996872,average_adult
89a8acc6c2fffff,89a8acc6c33ffff,2335474575,2726180592,15.3761,0.126187,average_adult
89a8acc6c2fffff,89a8acc6c3bffff,2335474575,3380582097,14.0957,0.200062,average_adult
89a8acc6c2fffff,89a8acc6c67ffff,2335474575,4438325149,16.5609,0.071199,average_adult
89a8acc6c2fffff,89a8acc6c77ffff,2335474575,2332075047,13.0291,0.270973,average_adult
89a8acc6c2fffff,89a8acc6d53ffff,2335474575,2335292974,14.9424,0.14966,average_adult
89a8acc6c2fffff,89a8acc6d5bffff,2335474575,7546069758,10.9964,0.422062,average_adult
89a8acc6c2fffff,89a8acc6dcfffff,2335474575,2335293007,16.8428,0.060238,average_adult
89a8acc6c33ffff,89a8acc6893ffff,2726180592,2335474678,17.5945,0.035271,average_adult
89a8acc6c33ffff,89a8acc6c03ffff,2726180592,4439701589,17.0792,0.051709,average_adult
89a8acc6c33ffff,89a8acc6c07ffff,2726180592,2336108543,10.5755,0.454863,average_adult
89a8acc6c33ffff,89a8acc6c0fffff,2726180592,2332043156,15.744,0.107636,average_adult
89a8acc6c33ffff,89a8acc6c13ffff,2726180592,2332074930,17.6827,0.032761,average_adult
89a8acc6c33ffff,89a8acc6c17ffff,2726180592,2332075028,12.907,0.279538,average_adult
89a8acc6c33ffff,89a8acc6c23ffff,2726180592,2726180683,8.174,0.641458,average_adult
89a8acc6c33ffff,89a8acc6c27ffff,2726180592,2335292922,13.1331,0.263742,average_adult
89a8acc6c33ffff,89a8acc6c2bffff,2726180592,2335474641,13.3865,0.246395,average_adult
89a8acc6c33ffff,89a8acc6c2fffff,2726180592,2335474575,14.9517,0.149137,average_adult
89a8acc6c33ffff,89a8acc6c33ffff,2726180592,2726180592,0.9732,0.994169,average_adult
89a8acc6c33ffff,89a8acc6c37ffff,2726180592,8370861913,9.6553,0.527061,average_adult
89a8acc6c33ffff,89a8acc6c3bffff,2726180592,3380582097,10.3844,0.46983,average_adult
89a8acc6c33ffff,89a8acc6c77ffff,2726180592,2332075047,15.5405,0.117739,average_adult
89a8acc6c33ffff,89a8acc6c8fffff,2726180592,3005607847,15.7964,0.105096,average_adult
89a8acc6c33ffff,89a8acc6ca3ffff,2726180592,6764284642,16.6697,0.066868,average_adult
89a8acc6c33ffff,89a8acc6cabffff,2726180592,4451063632,7.8612,0.664841,average_adult
89a8acc6c33ffff,89a8acc6cafffff,2726180592,6764284385,14.5992,0.169392,average_adult
89a8acc6c33ffff,89a8acc6cbbffff,2726180592,4471844854,13.4887,0.239507,average_adult
89a8acc6c33ffff,89a8acc6d5bffff,2726180592,7546069758,18.3626,0.016448,average_adult
89a8acc6c33ffff,89a8acc6dc3ffff,2726180592,8370861869,16.5094,0.073295,average_adult
89a8acc6c33ffff,89a8acc6dcbffff,2726180592,8370861883,14.5473,0.172459,average_adult
89a8acc6c33ffff,89a8acc6ddbffff,2726180592,8370942543,17.5015,0.038017,average_adult
89a8acc6c37ffff,89a8acc6c07ffff,8370861913,2336108543,15.4779,0.120926,average_adult
89a8acc6c37ffff,89a8acc6c17ffff,8370861913,2332075028,19.6931,0.000581,average_adult
89a8acc6c37ffff,89a8acc6c23ffff,8370861913,2726180683,13.0764,0.267675,average_adult
89a8acc6c37ffff,89a8acc6c27ffff,8370861913,2335292922,18.0355,0.023617,average_adult
89a8acc6c37ffff,89a8acc6c2bffff,8370861913,2335474641,18.2889,0.017952,average_adult
89a8acc6c37ffff,89a8acc6c2fffff,8370861913,2335474575,19.8542,0.000131,average_adult
89a8acc6c37ffff,89a8acc6c33ffff,8370861913,2726180592,7.7594,0.672368,average_adult
89a8acc6c37ffff,89a8acc6c37ffff,8370861913,8370861913,0.2807,0.999514,average_adult
89a8acc6c37ffff,89a8acc6c3bffff,8370861913,3380582097,15.2868,0.130883,average_adult
89a8acc6c37ffff,89a8acc6ca3ffff,8370861913,6764284642,19.1339,0.00462,average_adult
89a8acc6c37ffff,89a8acc6cabffff,8370861913,4451063632,14.5775,0.170673,average_adult
89a8acc6c37ffff,89a8acc6cafffff,8370861913,6764284385,17.0634,0.052259,average_adult
89a8acc6c37ffff,89a8acc6dc3ffff,8370861913,8370861869,10.4379,0.465632,average_adult
89a8acc6c37ffff,89a8acc6dcbffff,8370861913,8370861883,8.4759,0.618565,average_adult
89a8acc6c37ffff,89a8acc6dd3ffff,8370861913,8371222445,14.3362,0.185168,average_adult
89a8acc6c37ffff,89a8acc6ddbffff,8370861913,8370942543,11.43,0.38863,average_adult
89a8acc6c3bffff,89a8acc6893ffff,3380582097,2335474678,12.2359,0.327978,average_adult
89a8acc6c3bffff,89a8acc6c03ffff,3380582097,4439701589,11.1509,0.4101,average_adult
89a8acc6c3bffff,89a8acc6c07ffff,3380582097,2336108543,10.1127,0.491147,average_adult
89a8acc6c3bffff,89a8acc6c0bffff,3380582097,3380581987,18.1444,0.02109,average_adult
89a8acc6c3bffff,89a8acc6c0fffff,3380582097,2332043156,7.033,0.724685,average_adult
89a8acc6c3bffff,89a8acc6c13ffff,3380582097,2332074930,18.2878,0.017976,average_adult
89a8acc6c3bffff,89a8acc6c17ffff,3380582097,2332075028,16.4866,0.07423,average_adult
89a8acc6c3bffff,89a8acc6c23ffff,3380582097,2726180683,7.6341,0.681571,average_adult
89a8acc6c3bffff,89a8acc6c27ffff,3380582097,2335292922,13.5739,0.233818,average_adult
89a8acc6c3bffff,89a8acc6c2bffff,3380582097,2335474641,7.8155,0.668224,average_adult
89a8acc6c3bffff,89a8acc6c2fffff,3380582097,2335474575,11.6822,0.369414,average_adult
89a8acc6c3bffff,89a8acc6c33ffff,3380582097,2726180592,9.0374,0.575313,average_adult
89a8acc6c3bffff,89a8acc6c37ffff,3380582097,8370861913,15.6075,0.114369,average_adult
89a8acc6c3bffff,89a8acc6c3bffff,3380582097,3380582097,0.7496,0.996538,average_adult
89a8acc6c3bffff,89a8acc6c47ffff,3380582097,5653257029,18.2146,0.019535,average_adult
89a8acc6c3bffff,89a8acc6c63ffff,3380582097,2336034012,15.9959,0.095683,average_adult
89a8acc6c3bffff,89a8acc6c67ffff,3380582097,4438325149,15.1055,0.140636,average_adult
89a8acc6c3bffff,89a8acc6c73ffff,3380582097,2336108293,11.7409,0.364967,average_adult
89a8acc6c3bffff,89a8acc6c77ffff,3380582097,2332075047,7.6114,0.683232,average_adult
89a8acc6c3bffff,89a8acc6c7bffff,3380582097,2955259207,17.9075,0.026766,average_adult
89a8acc6c3bffff,89a8acc6cabffff,3380582097,4451063632,15.9254,0.098964,average_adult
89a8acc6c3bffff,89a8acc6d5bffff,3380582097,7546069758,16.8666,0.059351,average_adult
89a8acc6c43ffff,89a8acc6127ffff,3425558055,3880605752,18.8213,0.008546,average_adult
89a8acc6c43ffff,89a8acc6c03ffff,3425558055,4439701589,19.5152,0.001449,average_adult
89a8acc6c43ffff,89a8acc6c0bffff,3425558055,3380581987,14.9276,0.15049,average_adult
89a8acc6c43ffff,89a8acc6c0fffff,3425558055,2332043156,17.3429,0.042922,average_adult
89a8acc6c43ffff,89a8acc6c13ffff,3425558055,2332074930,19.5483,0.001258,average_adult
89a8acc6c43ffff,89a8acc6c1bffff,3425558055,7886951227,12.4817,0.309988,average_adult
89a8acc6c43ffff,89a8acc6c43ffff,3425558055,3425558055,0.5353,0.998234,average_adult
89a8acc6c43ffff,89a8acc6c47ffff,3425558055,5653257029,8.5935,0.609567,average_adult
89a8acc6c43ffff,89a8acc6c4bffff,3425558055,3425557950,7.608,0.683479,average_adult
89a8acc6c43ffff,89a8acc6c4fffff,3425558055,2955259222,7.4661,0.693796,average_adult
89a8acc6c43ffff,89a8acc6c53ffff,3425558055,3425558243,7.6576,0.679847,average_adult
89a8acc6c43ffff,89a8acc6c57ffff,3425558055,3513038267,7.8498,0.665687,average_adult
89a8acc6c43ffff,89a8acc6c5bffff,3425558055,5653229020,13.8158,0.21793,average_adult
89a8acc6c43ffff,89a8acc6c6bffff,3425558055,965038276,17.5715,0.035939,average_adult
89a8acc6c43ffff,89a8acc6c73ffff,3425558055,2336108293,14.2819,0.188491,average_adult
89a8acc6c43ffff,89a8acc6c77ffff,3425558055,2332075047,19.8343,0.000169,average_adult
89a8acc6c43ffff,89a8acc6c7bffff,3425558055,2955259207,11.5544,0.379129,average_adult
89a8acc6c43ffff,89a8acc6cc3ffff,3425558055,3107402660,17.5716,0.035938,average_adult
89a8acc6c43ffff,89a8acc6cc7ffff,3425558055,3409300606,17.1542,0.049129,average_adult
89a8acc6c43ffff,89a8acc6ccfffff,3425558055,3874217785,13.2292,0.257117,average_adult
89a8acc6c43ffff,89a8acc6e83ffff,3425558055,2331878544,16.9205,0.057366,average_adult
89a8acc6c43ffff,89a8acc6e87ffff,3425558055,2648494986,13.9234,0.210998,average_adult
89a8acc6c43ffff,89a8acc6e93ffff,3425558055,2331878534,18.5289,0.013291,average_adult
89a8acc6c43ffff,89a8acc6e97ffff,3425558055,2331878569,13.3318,0.250107,average_adult
89a8acc6c43ffff,89a8acc6eb3ffff,3425558055,3501190741,14.3236,0.185934,average_adult
89a8acc6c43ffff,89a8acc6eb7ffff,3425558055,2955259190,15.0952,0.141197,average_adult
89a8acc6c47ffff,89a8acc6127ffff,5653257029,3880605752,18.9933,0.006238,average_adult
89a8acc6c47ffff,89a8acc6c03ffff,5653257029,4439701589,13.096,0.266312,average_adult
89a8acc6c47ffff,89a8acc6c07ffff,5653257029,2336108543,16.9699,0.055575,average_adult
89a8acc6c47ffff,89a8acc6c0bffff,5653257029,3380581987,8.8175,0.592338,average_adult
89a8acc6c47ffff,89a8acc6c0fffff,5653257029,2332043156,11.1118,0.413122,average_adult
89a8acc6c47ffff,89a8acc6c13ffff,5653257029,2332074930,18.2356,0.019081,average_adult
89a8acc6c47ffff,89a8acc6c17ffff,5653257029,2332075028,19.9284,3.2e-05,average_adult
89a8acc6c47ffff,89a8acc6c1bffff,5653257029,7886951227,11.7843,0.361687,average_adult
89a8acc6c47ffff,89a8acc6c2bffff,5653257029,2335474641,18.9961,0.006204,average_adult
89a8acc6c47ffff,89a8acc6c3bffff,5653257029,3380582097,16.1207,0.08999,average_adult
89a8acc6c47ffff,89a8acc6c43ffff,5653257029,3425558055,8.3791,0.625931,average_adult
89a8acc6c47ffff,89a8acc6c47ffff,5653257029,5653257029,0.6554,0.997353,average_adult
89a8acc6c47ffff,89a8acc6c4bffff,5653257029,3425557950,12.7758,0.288831,average_adult
89a8acc6c47ffff,89a8acc6c4fffff,5653257029,2955259222,8.6352,0.606374,average_adult
89a8acc6c47ffff,89a8acc6c53ffff,5653257029,3425558243,12.61,0.300708,average_adult
89a8acc6c47ffff,89a8acc6c57ffff,5653257029,3513038267,7.1524,0.716267,average_adult
89a8acc6c47ffff,89a8acc6c5bffff,5653257029,5653229020,18.7682,0.009331,average_adult
89a8acc6c47ffff,89a8acc6c63ffff,5653257029,2336034012,17.5886,0.035441,average_adult
89a8acc6c47ffff,89a8acc6c6bffff,5653257029,965038276,14.2428,0.190895,average_adult
89a8acc6c47ffff,89a8acc6c73ffff,5653257029,2336108293,8.8873,0.586948,average_adult
89a8acc6c47ffff,89a8acc6c77ffff,5653257029,2332075047,13.7853,0.219913,average_adult
89a8acc6c47ffff,89a8acc6c7bffff,5653257029,2955259207,8.2257,0.637558,average_adult
89a8acc6c47ffff,89a8acc6cc3ffff,5653257029,3107402660,17.7437,0.031077,average_adult
89a8acc6c47ffff,89a8acc6cc7ffff,5653257029,3409300606,16.4569,0.07546,average_adult
89a8acc6c47ffff,89a8acc6ccfffff,5653257029,3874217785,12.5318,0.306352,average_adult
89a8acc6c47ffff,89a8acc6e87ffff,5653257029,2648494986,19.0912,0.005086,average_adult
89a8acc6c47ffff,89a8acc6e97ffff,5653257029,2331878569,18.4996,0.013823,average_adult
89a8acc6c47ffff,89a8acc6eb3ffff,5653257029,3501190741,18.6639,0.010971,average_adult
89a8acc6c47ffff,89a8acc6eb7ffff,5653257029,2955259190,14.6147,0.168479,average_adult
89a8acc6c4bffff,89a8acc6127ffff,3425557950,3880605752,15.3956,0.125171,average_adult
89a8acc6c4bffff,89a8acc612bffff,3425557950,3880662273,17.2126,0.047167,average_adult
89a8acc6c4bffff,89a8acc6167ffff,3425557950,3880662263,18.3458,0.016785,average_adult
89a8acc6c4bffff,89a8acc6c0bffff,3425557950,3380581987,19.1724,0.004219,average_adult
89a8acc6c4bffff,89a8acc6c1bffff,3425557950,7886951227,17.8083,0.029338,average_adult
89a8acc6c4bffff,89a8acc6c43ffff,3425557950,3425558055,6.1848,0.782025,average_adult
89a8acc6c4bffff,89a8acc6c47ffff,3425557950,5653257029,12.6046,0.301097,average_adult
89a8acc6c4bffff,89a8acc6c4bffff,3425557950,3425557950,0.7064,0.996925,average_adult
89a8acc6c4bffff,89a8acc6c4fffff,3425557950,2955259222,7.3543,0.70186,average_adult
89a8acc6c4bffff,89a8acc6c53ffff,3425557950,3425558243,10.8206,0.435731,average_adult
89a8acc6c4bffff,89a8acc6c57ffff,3425557950,3513038267,13.1764,0.260748,average_adult
89a8acc6c4bffff,89a8acc6c5bffff,3425557950,5653229020,11.7143,0.366978,average_adult
89a8acc6c4bffff,89a8acc6c6bffff,3425557950,965038276,19.7199,0.000484,average_adult
89a8acc6c4bffff,89a8acc6c73ffff,3425557950,2336108293,17.2089,0.047288,average_adult
89a8acc6c4bffff,89a8acc6c7bffff,3425557950,2955259207,13.9933,0.206535,average_adult
89a8acc6c4bffff,89a8acc6ccfffff,3425557950,3874217785,18.5558,0.01281,average_adult
89a8acc6c4bffff,89a8acc6e83ffff,3425557950,2331878544,10.0189,0.498515,average_adult
89a8acc6c4bffff,89a8acc6e87ffff,3425557950,2648494986,7.4408,0.695626,average_adult
89a8acc6c4bffff,89a8acc6e8bffff,3425557950,4439551769,17.9278,0.026255,average_adult
89a8acc6c4bffff,89a8acc6e93ffff,3425557950,2331878534,11.6273,0.373582,average_adult
89a8acc6c4bffff,89a8acc6e97ffff,3425557950,2331878569,6.4302,0.76591,average_adult
89a8acc6c4bffff,89a8acc6e9bffff,3425557950,2648495024,16.3233,0.081096,average_adult
89a8acc6c4bffff,89a8acc6eb3ffff,3425557950,3501190741,10.9977,0.421959,average_adult
89a8acc6c4bffff,89a8acc6eb7ffff,3425557950,2955259190,15.01,0.145889,average_adult
89a8acc6c4fffff,89a8acc68d3ffff,2955259222,2955259026,19.6837,0.000617,average_adult
89a8acc6c4fffff,89a8acc6c03ffff,2955259222,4439701589,19.5102,0.001479,average_adult
89a8acc6c4fffff,89a8acc6c0bffff,2955259222,3380581987,15.2318,0.133813,average_adult
89a8acc6c4fffff,89a8acc6c0fffff,2955259222,2332043156,17.071,0.051991,average_adult
89a8acc6c4fffff,89a8acc6c1bffff,2955259222,7886951227,14.8858,0.152844,average_adult
89a8acc6c4fffff,89a8acc6c43ffff,2955259222,3425558055,5.8866,0.801053,average_adult
89a8acc6c4fffff,89a8acc6c47ffff,2955259222,5653257029,8.6639,0.604167,average_adult
89a8acc6c4fffff,89a8acc6c4bffff,2955259222,3425557950,6.8378,0.738272,average_adult
89a8acc6c4fffff,89a8acc6c4fffff,2955259222,2955259222,0.348,0.999253,average_adult
89a8acc6c4fffff,89a8acc6c53ffff,2955259222,3425558243,11.8624,0.355808,average_adult
89a8acc6c4fffff,89a8acc6c57ffff,2955259222,3513038267,10.2539,0.480066,average_adult
89a8acc6c4fffff,89a8acc6c5bffff,2955259222,5653229020,16.6765,0.066602,average_adult
89a8acc6c4fffff,89a8acc6c63ffff,2955259222,2336034012,19.206,0.003883,average_adult
89a8acc6c4fffff,89a8acc6c6bffff,2955259222,965038276,13.1348,0.263625,average_adult
89a8acc6c4fffff,89a8acc6c73ffff,2955259222,2336108293,10.6745,0.447125,average_adult
89a8acc6c4fffff,89a8acc6c77ffff,2955259222,2332075047,16.7517,0.063685,average_adult
89a8acc6c4fffff,89a8acc6c7bffff,2955259222,2955259207,7.4082,0.697986,average_adult
89a8acc6c4fffff,89a8acc6cc3ffff,2955259222,3107402660,19.9757,4e-06,average_adult
89a8acc6c4fffff,89a8acc6cc7ffff,2955259222,3409300606,19.5583,0.001203,average_adult
89a8acc6c4fffff,89a8acc6ccfffff,2955259222,3874217785,15.6333,0.113081,average_adult
89a8acc6c4fffff,89a8acc6e83ffff,2955259222,2331878544,16.1503,0.088666,average_adult
89a8acc6c4fffff,89a8acc6e87ffff,2955259222,2648494986,13.1532,0.262354,average_adult
89a8acc6c4fffff,89a8acc6e93ffff,2955259222,2331878534,17.7587,0.030669,average_adult
89a8acc6c4fffff,89a8acc6e97ffff,2955259222,2331878569,12.5616,0.304201,average_adult
89a8acc6c4fffff,89a8acc6ea3ffff,2955259222,2955259166,18.568,0.012596,average_adult
89a8acc6c4fffff,89a8acc6ea7ffff,2955259222,3411176963,18.4623,0.014516,average_adult
89a8acc6c4fffff,89a8acc6eb3ffff,2955259222,3501190741,10.3767,0.470428,average_adult
89a8acc6c4fffff,89a8acc6eb7ffff,2955259222,2955259190,8.4412,0.621211,average_adult
89a8acc6c53ffff,89a8acc6127ffff,3425558243,3880605752,18.5451,0.013,average_adult
89a8acc6c53ffff,89a8acc6c0bffff,3425558243,3380581987,18.8905,0.007574,average_adult
89a8acc6c53ffff,89a8acc6c1bffff,3425558243,7886951227,16.4446,0.075969,average_adult
89a8acc6c53ffff,89a8acc6c43ffff,3425558243,3425558055,6.8818,0.735229,average_adult
89a8acc6c53ffff,89a8acc6c47ffff,3425558243,5653257029,13.1204,0.26462,average_adult
89a8acc6c53ffff,89a8acc6c4bffff,3425558243,3425557950,11.6283,0.373504,average_adult
89a8acc6c53ffff,89a8acc6c4fffff,3425558243,2955259222,13.5452,0.23573,average_adult
89a8acc6c53ffff,89a8acc6c53ffff,3425558243,3425558243,1.3409,0.98895,average_adult
89a8acc6c53ffff,89a8acc6c57ffff,3425558243,3513038267,11.8127,0.359549,average_adult
89a8acc6c53ffff,89a8acc6c5bffff,3425558243,5653229020,7.4991,0.691405,average_adult
89a8acc6c53ffff,89a8acc6c73ffff,3425558243,2336108293,19.1846,0.004096,average_adult
89a8acc6c53ffff,89a8acc6c7bffff,3425558243,2955259207,16.4571,0.075451,average_adult
89a8acc6c53ffff,89a8acc6ccfffff,3425558243,3874217785,17.1921,0.047851,average_adult
89a8acc6c53ffff,89a8acc6e83ffff,3425558243,2331878544,19.044,0.005627,average_adult
89a8acc6c53ffff,89a8acc6e87ffff,3425558243,2648494986,17.5972,0.035192,average_adult
89a8acc6c53ffff,89a8acc6e93ffff,3425558243,2331878534,15.1569,0.137844,average_adult
89a8acc6c53ffff,89a8acc6e97ffff,3425558243,2331878569,13.3949,0.245821,average_adult
89a8acc6c57ffff,89a8acc6127ffff,3513038267,3880605752,14.755,0.160309,average_adult
89a8acc6c57ffff,89a8acc6c03ffff,3513038267,4439701589,14.6727,0.165082,average_adult
89a8acc6c57ffff,89a8acc6c07ffff,3513038267,2336108543,18.7606,0.009445,average_adult
89a8acc6c57ffff,89a8acc6c0bffff,3513038267,3380581987,9.6408,0.5282,average_adult
89a8acc6c57ffff,89a8acc6c0fffff,3513038267,2332043156,15.2493,0.132875,average_adult
89a8acc6c57ffff,89a8acc6c13ffff,3513038267,2332074930,13.7937,0.219369,average_adult
89a8acc6c57ffff,89a8acc6c17ffff,3513038267,2332075028,15.9825,0.096299,average_adult
89a8acc6c57ffff,89a8acc6c1bffff,3513038267,7886951227,6.7271,0.74588,average_adult
89a8acc6c57ffff,89a8acc6c43ffff,3513038267,3425558055,8.2137,0.63846,average_adult
89a8acc6c57ffff,89a8acc6c47ffff,3513038267,5653257029,7.4468,0.695196,average_adult
89a8acc6c57ffff,89a8acc6c4bffff,3513038267,3425557950,14.8227,0.156432,average_adult
89a8acc6c57ffff,89a8acc6c4fffff,3513038267,2955259222,12.5658,0.303893,average_adult
89a8acc6c57ffff,89a8acc6c53ffff,3513038267,3425558243,12.1269,0.336042,average_adult
89a8acc6c57ffff,89a8acc6c57ffff,3513038267,3513038267,0.3571,0.999214,average_adult
89a8acc6c57ffff,89a8acc6c5bffff,3513038267,5653229020,18.2852,0.01803,average_adult
89a8acc6c57ffff,89a8acc6c6bffff,3513038267,965038276,18.4227,0.015268,average_adult
89a8acc6c57ffff,89a8acc6c73ffff,3513038267,2336108293,13.0248,0.271271,average_adult
89a8acc6c57ffff,89a8acc6c77ffff,3513038267,2332075047,17.9228,0.02638,average_adult
89a8acc6c57ffff,89a8acc6c7bffff,3513038267,2955259207,14.3347,0.185255,average_adult
89a8acc6c57ffff,89a8acc6c8bffff,3513038267,2332075083,16.4818,0.074428,average_adult
89a8acc6c57ffff,89a8acc6c8fffff,3513038267,3005607847,18.7078,0.010265,average_adult
89a8acc6c57ffff,89a8acc6cabffff,3513038267,4451063632,19.8104,0.000222,average_adult
89a8acc6c57ffff,89a8acc6cc3ffff,3513038267,3107402660,11.6552,0.371463,average_adult
89a8acc6c57ffff,89a8acc6cc7ffff,3513038267,3409300606,9.9746,0.501998,average_adult
89a8acc6c57ffff,89a8acc6ccfffff,3513038267,3874217785,5.7365,0.810377,average_adult
89a8acc6c57ffff,89a8acc6cd7ffff,3513038267,3398798243,15.854,0.102339,average_adult
89a8acc6c57ffff,89a8acc6cdbffff,3513038267,3874217836,19.0673,0.005356,average_adult
89a8acc6c57ffff,89a8acc6eb7ffff,3513038267,2955259190,19.2697,0.003287,average_adult
89a8acc6c5bffff,89a8acc6127ffff,5653229020,3880605752,14.2346,0.191406,average_adult
89a8acc6c5bffff,89a8acc612bffff,5653229020,3880662273,16.0515,0.093127,average_adult
89a8acc6c5bffff,89a8acc6167ffff,5653229020,3880662263,17.1847,0.048099,average_adult
89a8acc6c5bffff,89a8acc6177ffff,5653229020,3880662275,19.9238,3.6e-05,average_adult
89a8acc6c5bffff,89a8acc6c43ffff,5653229020,3425558055,13.0487,0.269603,average_adult
89a8acc6c5bffff,89a8acc6c47ffff,5653229020,5653257029,19.6159,0.00091,average_adult
89a8acc6c5bffff,89a8acc6c4bffff,5653229020,3425557950,12.6815,0.29557,average_adult
89a8acc6c5bffff,89a8acc6c4fffff,5653229020,2955259222,17.1805,0.048241,average_adult
89a8acc6c5bffff,89a8acc6c53ffff,5653229020,3425558243,7.8364,0.666676,average_adult
89a8acc6c5bffff,89a8acc6c57ffff,5653229020,3513038267,18.3082,0.017552,average_adult
89a8acc6c5bffff,89a8acc6c5bffff,5653229020,5653229020,0.6848,0.99711,average_adult
89a8acc6c5bffff,89a8acc6e83ffff,5653229020,2331878544,14.8937,0.152397,average_adult
89a8acc6c5bffff,89a8acc6e87ffff,5653229020,2648494986,16.0957,0.091121,average_adult
89a8acc6c5bffff,89a8acc6e93ffff,5653229020,2331878534,10.8463,0.433728,average_adult
89a8acc6c5bffff,89a8acc6e97ffff,5653229020,2331878569,9.0844,0.571666,average_adult
89a8acc6c5bffff,89a8acc6e9bffff,5653229020,2648495024,18.8126,0.008672,average_adult
89a8acc6c63ffff,89a8acc6893ffff,2336034012,2335474678,11.8881,0.353872,average_adult
89a8acc6c63ffff,89a8acc6c03ffff,2336034012,4439701589,16.0806,0.091805,average_adult
89a8acc6c63ffff,89a8acc6c07ffff,2336034012,2336108543,17.7793,0.030112,average_adult
89a8acc6c63ffff,89a8acc6c0bffff,2336034012,3380581987,19.8992,6.3e-05,average_adult
89a8acc6c63ffff,89a8acc6c0fffff,2336034012,2332043156,11.9212,0.351389,average_adult
89a8acc6c63ffff,89a8acc6c23ffff,2336034012,2726180683,17.3284,0.043385,average_adult
89a8acc6c63ffff,89a8acc6c2bffff,2336034012,2335474641,12.2032,0.330398,average_adult
89a8acc6c63ffff,89a8acc6c2fffff,2336034012,2335474575,16.2108,0.085985,average_adult
89a8acc6c63ffff,89a8acc6c3bffff,2336034012,3380582097,14.7664,0.159653,average_adult
89a8acc6c63ffff,89a8acc6c47ffff,2336034012,5653257029,17.542,0.036807,average_adult
89a8acc6c63ffff,89a8acc6c4fffff,2336034012,2955259222,19.4464,0.00189,average_adult
89a8acc6c63ffff,89a8acc6c63ffff,2336034012,2336034012,2.5111,0.961606,average_adult
89a8acc6c63ffff,89a8acc6c67ffff,2336034012,4438325149,7.8853,0.663054,average_adult
89a8acc6c63ffff,89a8acc6c6bffff,2336034012,965038276,15.1808,0.136548,average_adult
89a8acc6c63ffff,89a8acc6c6fffff,2336034012,2336108624,12.0317,0.343128,average_adult
89a8acc6c63ffff,89a8acc6c73ffff,2336034012,2336108293,9.9117,0.506933,average_adult
89a8acc6c63ffff,89a8acc6c77ffff,2336034012,2332075047,6.855,0.737083,average_adult
89a8acc6c63ffff,89a8acc6c7bffff,2336034012,2955259207,12.8328,0.284786,average_adult
89a8acc6c67ffff,89a8acc6883ffff,4438325149,2336033967,18.1455,0.021065,average_adult
89a8acc6c67ffff,89a8acc688bffff,4438325149,2336034045,19.708,0.000526,average_adult
89a8acc6c67ffff,89a8acc6893ffff,4438325149,2335474678,7.6532,0.680171,average_adult
89a8acc6c67ffff,89a8acc6897ffff,4438325149,2726185454,15.9438,0.098101,average_adult
89a8acc6c67ffff,89a8acc689bffff,4438325149,2336034103,15.6783,0.110851,average_adult
89a8acc6c67ffff,89a8acc6c03ffff,4438325149,4439701589,17.883,0.027392,average_adult
89a8acc6c67ffff,89a8acc6c07ffff,4438325149,2336108543,18.5503,0.012908,average_adult
89a8acc6c67ffff,89a8acc6c0fffff,4438325149,2332043156,12.8113,0.28631,average_adult
89a8acc6c67ffff,89a8acc6c23ffff,4438325149,2726180683,15.7471,0.107484,average_adult
89a8acc6c67ffff,89a8acc6c2bffff,4438325149,2335474641,8.9937,0.578707,average_adult
89a8acc6c67ffff,89a8acc6c2fffff,4438325149,2335474575,12.6769,0.295899,average_adult
89a8acc6c67ffff,89a8acc6c33ffff,4438325149,2726180592,18.707,0.010278,average_adult
89a8acc6c67ffff,89a8acc6c3bffff,4438325149,3380582097,13.3734,0.247281,average_adult
89a8acc6c67ffff,89a8acc6c63ffff,4438325149,2336034012,6.8718,0.735918,average_adult
89a8acc6c67ffff,89a8acc6c67ffff,4438325149,4438325149,0.2277,0.99968,average_adult
89a8acc6c67ffff,89a8acc6c6bffff,4438325149,965038276,18.3965,0.015776,average_adult
89a8acc6c67ffff,89a8acc6c6fffff,4438325149,2336108624,16.217,0.085709,average_adult
89a8acc6c67ffff,89a8acc6c73ffff,4438325149,2336108293,12.7432,0.291154,average_adult
89a8acc6c67ffff,89a8acc6c77ffff,4438325149,2332075047,5.5959,0.818957,average_adult
89a8acc6c67ffff,89a8acc6c7bffff,4438325149,2955259207,16.0485,0.093266,average_adult
89a8acc6c6bffff,89a8acc68d3ffff,965038276,2955259026,8.7085,0.600738,average_adult
89a8acc6c6bffff,89a8acc68d7ffff,965038276,2955259012,14.9328,0.150198,average_adult
89a8acc6c6bffff,89a8acc68dbffff,965038276,2955259009,13.4902,0.239405,average_adult
89a8acc6c6bffff,89a8acc6c0bffff,965038276,3380581987,18.1791,0.020315,average_adult
89a8acc6c6bffff,89a8acc6c0fffff,965038276,2332043156,18.6475,0.011241,average_adult
89a8acc6c6bffff,89a8acc6c2bffff,965038276,2335474641,19.3231,0.002824,average_adult
89a8acc6c6bffff,89a8acc6c43ffff,965038276,3425558055,18.415,0.015417,average_adult
89a8acc6c6bffff,89a8acc6c47ffff,965038276,5653257029,15.6074,0.114372,average_adult
89a8acc6c6bffff,89a8acc6c4fffff,965038276,2955259222,13.8905,0.213109,average_adult
89a8acc6c6bffff,89a8acc6c57ffff,965038276,3513038267,18.7843,0.009089,average_adult
89a8acc6c6bffff,89a8acc6c63ffff,965038276,2336034012,15.7818,0.105798,average_adult
89a8acc6c6bffff,89a8acc6c67ffff,965038276,4438325149,19.9092,5.1e-05,average_adult
89a8acc6c6bffff,89a8acc6c6bffff,965038276,965038276,1.4237,0.987548,average_adult
89a8acc6c6bffff,89a8acc6c73ffff,965038276,2336108293,10.9208,0.427931,average_adult
89a8acc6c6bffff,89a8acc6c77ffff,965038276,2332075047,13.9073,0.212031,average_adult
89a8acc6c6bffff,89a8acc6c7bffff,965038276,2955259207,7.1258,0.718147,average_adult
89a8acc6c6bffff,89a8acc6ea7ffff,965038276,3411176963,12.4673,0.311032,average_adult
89a8acc6c6bffff,89a8acc6eb3ffff,965038276,3501190741,18.7022,0.010354,average_adult
89a8acc6c6bffff,89a8acc6eb7ffff,965038276,2955259190,12.7636,0.289699,average_adult
89a8acc6c6fffff,89a8acc6893ffff,2336108624,2335474678,16.0466,0.093351,average_adult
89a8acc6c6fffff,89a8acc689bffff,2336108624,2336034103,18.4244,0.015235,average_adult
89a8acc6c6fffff,89a8acc6c0fffff,2336108624,2332043156,16.2592,0.083865,average_adult
89a8acc6c6fffff,89a8acc6c2bffff,2336108624,2335474641,16.5411,0.072001,average_adult
89a8acc6c6fffff,89a8acc6c3bffff,2336108624,3380582097,19.1044,0.00494,average_adult
89a8acc6c6fffff,89a8acc6c63ffff,2336108624,2336034012,6.8491,0.737493,average_adult
89a8acc6c6fffff,89a8acc6c67ffff,2336108624,4438325149,11.6145,0.374556,average_adult
89a8acc6c6fffff,89a8acc6c6bffff,2336108624,965038276,19.5188,0.001428,average_adult
89a8acc6c6fffff,89a8acc6c6fffff,2336108624,2336108624,1.2196,0.990853,average_adult
89a8acc6c6fffff,89a8acc6c73ffff,2336108624,2336108293,14.2497,0.190472,average_adult
89a8acc6c6fffff,89a8acc6c77ffff,2336108624,2332075047,11.193,0.406852,average_adult
89a8acc6c6fffff,89a8acc6c7bffff,2336108624,2955259207,17.1707,0.04857,average_adult
89a8acc6c73ffff,89a8acc6893ffff,2336108293,2335474678,17.445,0.039731,average_adult
89a8acc6c73ffff,89a8acc68d3ffff,2336108293,2955259026,17.4106,0.040792,average_adult
89a8acc6c73ffff,89a8acc6c03ffff,2336108293,4439701589,12.7506,0.29063,average_adult
89a8acc6c73ffff,89a8acc6c07ffff,2336108293,2336108543,14.4493,0.178313,average_adult
89a8acc6c73ffff,89a8acc6c0bffff,2336108293,3380581987,10.7437,0.441721,average_adult
89a8acc6c73ffff,89a8acc6c0fffff,2336108293,2332043156,8.5912,0.609745,average_adult
89a8acc6c73ffff,89a8acc6c13ffff,2336108293,2332074930,19.8874,7.8e-05,average_adult
89a8acc6c73ffff,89a8acc6c17ffff,2336108293,2332075028,18.0863,0.022421,average_adult
89a8acc6c73ffff,89a8acc6c1bffff,2336108293,7886951227,15.2579,0.13242,average_adult
89a8acc6c73ffff,89a8acc6c23ffff,2336108293,2726180683,17.5003,0.038052,average_adult
89a8acc6c73ffff,89a8acc6c2bffff,2336108293,2335474641,13.1621,0.261738,average_adult
89a8acc6c73ffff,89a8acc6c2fffff,2336108293,2335474575,17.1697,0.048605,average_adult
89a8acc6c73ffff,89a8acc6c33ffff,2336108293,2726180592,19.303,0.002994,average_adult
89a8acc6c73ffff,89a8acc6c3bffff,2336108293,3380582097,11.4364,0.388138,average_adult
89a8acc6c73ffff,89a8acc6c43ffff,2336108293,3425558055,14.0505,0.202909,average_adult
89a8acc6c73ffff,89a8acc6c47ffff,2336108293,5653257029,8.3866,0.625365,average_adult
89a8acc6c73ffff,89a8acc6c4bffff,2336108293,3425557950,16.6637,0.067106,average_adult
89a8acc6c73ffff,89a8acc6c4fffff,2336108293,2955259222,10.2909,0.47716,average_adult
89a8acc6c73ffff,89a8acc6c53ffff,2336108293,3425558243,18.6236,0.011641,average_adult
89a8acc6c73ffff,89a8acc6c57ffff,2336108293,3513038267,11.3489,0.394845,average_adult
89a8acc6c73ffff,89a8acc6c63ffff,2336108293,2336034012,10.1104,0.491328,average_adult
89a8acc6c73ffff,89a8acc6c67ffff,2336108293,4438325149,14.2378,0.191205,average_adult
89a8acc6c73ffff,89a8acc6c6bffff,2336108293,965038276,10.5185,0.459321,average_adult
89a8acc6c73ffff,89a8acc6c6fffff,2336108293,2336108624,19.631,0.00084,average_adult
89a8acc6c73ffff,89a8acc6c73ffff,2336108293,2336108293,0.7563,0.996476,average_adult
89a8acc6c73ffff,89a8acc6c77ffff,2336108293,2332075047,6.8335,0.738567,average_adult
89a8acc6c73ffff,89a8acc6c7bffff,2336108293,2955259207,6.9229,0.732374,average_adult
89a8acc6c73ffff,89a8acc6ccfffff,2336108293,3874217785,16.7284,0.064584,average_adult
89a8acc6c73ffff,89a8acc6eb7ffff,2336108293,2955259190,15.4952,0.120044,average_adult
89a8acc6c77ffff,89a8acc6893ffff,2332075047,2335474678,11.2855,0.399724,average_adult
89a8acc6c77ffff,89a8acc6897ffff,2332075047,2726185454,19.5761,0.001108,average_adult
89a8acc6c77ffff,89a8acc6c03ffff,2332075047,4439701589,12.7966,0.287355,average_adult
89a8acc6c77ffff,89a8acc6c07ffff,2332075047,2336108543,13.4639,0.241175,average_adult
89a8acc6c77ffff,89a8acc6c0bffff,2332075047,3380581987,16.9302,0.057014,average_adult
89a8acc6c77ffff,89a8acc6c0fffff,2332075047,2332043156,7.7248,0.674911,average_adult
89a8acc6c77ffff,89a8acc6c13ffff,2332075047,2332074930,19.9334,2.7e-05,average_adult
89a8acc6c77ffff,89a8acc6c17ffff,2332075047,2332075028,18.1323,0.021365,average_adult
89a8acc6c77ffff,89a8acc6c23ffff,2332075047,2726180683,11.8054,0.360098,average_adult
89a8acc6c77ffff,89a8acc6c27ffff,2332075047,2335292922,16.5497,0.071652,average_adult
89a8acc6c77ffff,89a8acc6c2bffff,2332075047,2335474641,7.0025,0.726817,average_adult
89a8acc6c77ffff,89a8acc6c2fffff,2332075047,2335474575,11.0102,0.420994,average_adult
89a8acc6c77ffff,89a8acc6c33ffff,2332075047,2726180592,14.7653,0.15972,average_adult
89a8acc6c77ffff,89a8acc6c3bffff,2332075047,3380582097,8.8409,0.590537,average_adult
89a8acc6c77ffff,89a8acc6c47ffff,2332075047,5653257029,16.1054,0.090682,average_adult
89a8acc6c77ffff,89a8acc6c4fffff,2332075047,2955259222,18.1117,0.021834,average_adult
89a8acc6c77ffff,89a8acc6c57ffff,2332075047,3513038267,19.0677,0.005352,average_adult
89a8acc6c77ffff,89a8acc6c63ffff,2332075047,2336034012,9.4076,0.546463,average_adult
89a8acc6c77ffff,89a8acc6c67ffff,2332075047,4438325149,8.0037,0.654234,average_adult
89a8acc6c77ffff,89a8acc6c6bffff,2332075047,965038276,15.8588,0.102108,average_adult
89a8acc6c77ffff,89a8acc6c6fffff,2332075047,2336108624,18.9281,0.00707,average_adult
89a8acc6c77ffff,89a8acc6c73ffff,2332075047,2336108293,8.5771,0.610828,average_adult
89a8acc6c77ffff,89a8acc6c77ffff,2332075047,2332075047,0.5095,0.998399,average_adult
89a8acc6c77ffff,89a8acc6c7bffff,2332075047,2955259207,13.5107,0.238032,average_adult
89a8acc6c77ffff,89a8acc6d5bffff,2332075047,7546069758,19.6203,0.000889,average_adult
89a8acc6c7bffff,89a8acc68d3ffff,2955259207,2955259026,12.9077,0.279488,average_adult
89a8acc6c7bffff,89a8acc68d7ffff,2955259207,2955259012,19.403,0.002197,average_adult
89a8acc6c7bffff,89a8acc68dbffff,2955259207,2955259009,16.1208,0.089988,average_adult
89a8acc6c7bffff,89a8acc6c03ffff,2955259207,4439701589,17.5858,0.035522,average_adult
89a8acc6c7bffff,89a8acc6c0bffff,2955259207,3380581987,13.3074,0.251769,average_adult
89a8acc6c7bffff,89a8acc6c0fffff,2955259207,2332043156,15.1101,0.140385,average_adult
89a8acc6c7bffff,89a8acc6c1bffff,2955259207,7886951227,17.8215,0.02899,average_adult
89a8acc6c7bffff,89a8acc6c2bffff,2955259207,2335474641,16.0387,0.093711,average_adult
89a8acc6c7bffff,89a8acc6c3bffff,2955259207,3380582097,17.9553,0.025568,average_adult
89a8acc6c7bffff,89a8acc6c43ffff,2955259207,3425558055,11.9375,0.350164,average_adult
89a8acc6c7bffff,89a8acc6c47ffff,2955259207,5653257029,8.8232,0.591897,average_adult
89a8acc6c7bffff,89a8acc6c4bffff,2955259207,3425557950,14.3456,0.184592,average_adult
89a8acc6c7bffff,89a8acc6c4fffff,2955259207,2955259222,7.9728,0.656536,average_adult
89a8acc6c7bffff,89a8acc6c53ffff,2955259207,3425558243,16.5106,0.073245,average_adult
89a8acc6c7bffff,89a8acc6c57ffff,2955259207,3513038267,13.9126,0.211689,average_adult
89a8acc6c7bffff,89a8acc6c63ffff,2955259207,2336034012,12.4975,0.308841,average_adult
89a8acc6c7bffff,89a8acc6c67ffff,2955259207,4438325149,16.6249,0.068638,average_adult
89a8acc6c7bffff,89a8acc6c6bffff,2955259207,965038276,6.3588,0.770641,average_adult
89a8acc6c7bffff,89a8acc6c73ffff,2955259207,2336108293,7.3091,0.705107,average_adult
89a8acc6c7bffff,89a8acc6c77ffff,2955259207,2332075047,10.6229,0.451155,average_adult
89a8acc6c7bffff,89a8acc6c7bffff,2955259207,2955259207,0.3416,0.99928,average_adult
89a8acc6c7bffff,89a8acc6ccfffff,2955259207,3874217785,19.292,0.003089,average_adult
89a8acc6c7bffff,89a8acc6ea3ffff,2955259207,2955259166,19.0407,0.005666,average_adult
89a8acc6c7bffff,89a8acc6ea7ffff,2955259207,3411176963,14.7919,0.158191,average_adult
89a8acc6c7bffff,89a8acc6eb3ffff,2955259207,3501190741,14.5161,0.174313,average_adult
89a8acc6c7bffff,89a8acc6eb7ffff,2955259207,2955259190,8.9139,0.58489,average_adult
89a8acc6c83ffff,89a8ac8922bffff,3874217907,4471899904,19.8436,0.000151,average_adult
89a8acc6c83ffff,89a8ac8922fffff,3874217907,4032034265,15.7121,0.109191,average_adult
89a8acc6c83ffff,89a8ac8935bffff,3874217907,3874217941,19.3548,0.002566,average_adult
89a8acc6c83ffff,89a8acc6c03ffff,3874217907,4439701589,18.6667,0.010926,average_adult
89a8acc6c83ffff,89a8acc6c07ffff,3874217907,2336108543,18.2063,0.019715,average_adult
89a8acc6c83ffff,89a8acc6c13ffff,3874217907,2332074930,12.0414,0.342399,average_adult
89a8acc6c83ffff,89a8acc6c17ffff,3874217907,2332075028,11.9524,0.349054,average_adult
89a8acc6c83ffff,89a8acc6c1bffff,3874217907,7886951227,16.1498,0.088688,average_adult
89a8acc6c83ffff,89a8acc6c83ffff,3874217907,3874217907,0.9917,0.993946,average_adult
89a8acc6c83ffff,89a8acc6c87ffff,3874217907,4471893673,8.2639,0.634673,average_adult
89a8acc6c83ffff,89a8acc6c8bffff,3874217907,2332075083,10.3118,0.475519,average_adult
89a8acc6c83ffff,89a8acc6c8fffff,3874217907,3005607847,7.3911,0.699216,average_adult
89a8acc6c83ffff,89a8acc6c97ffff,3874217907,2332075036,11.3538,0.39447,average_adult
89a8acc6c83ffff,89a8acc6cabffff,3874217907,4451063632,15.8593,0.102084,average_adult
89a8acc6c83ffff,89a8acc6cb3ffff,3874217907,3005607817,18.1898,0.020076,average_adult
89a8acc6c83ffff,89a8acc6cbbffff,3874217907,4471844854,11.8679,0.355394,average_adult
89a8acc6c83ffff,89a8acc6cc7ffff,3874217907,3409300606,15.849,0.102573,average_adult
89a8acc6c83ffff,89a8acc6cd7ffff,3874217907,3398798243,15.4896,0.120327,average_adult
89a8acc6c87ffff,89a8ac8922fffff,4471893673,4032034265,17.3482,0.042755,average_adult
89a8acc6c87ffff,89a8ac8935bffff,4471893673,3874217941,16.7359,0.064294,average_adult
89a8acc6c87ffff,89a8acc6c13ffff,4471893673,2332074930,15.1174,0.139984,average_adult
89a8acc6c87ffff,89a8acc6c17ffff,4471893673,2332075028,12.866,0.282434,average_adult
89a8acc6c87ffff,89a8acc6c83ffff,4471893673,3874217907,6.9008,0.73391,average_adult
89a8acc6c87ffff,89a8acc6c87ffff,4471893673,4471893673,1.0272,0.993506,average_adult
89a8acc6c87ffff,89a8acc6c8bffff,4471893673,2332075083,14.1953,0.193839,average_adult
89a8acc6c87ffff,89a8acc6c8fffff,4471893673,3005607847,8.3047,0.631581,average_adult
89a8acc6c87ffff,89a8acc6c97ffff,4471893673,2332075036,8.2865,0.632955,average_adult
89a8acc6c87ffff,89a8acc6cabffff,4471893673,4451063632,16.7729,0.062875,average_adult
89a8acc6c87ffff,89a8acc6cb3ffff,4471893673,3005607817,18.7017,0.010362,average_adult
89a8acc6c87ffff,89a8acc6cbbffff,4471893673,4471844854,12.3797,0.317419,average_adult
89a8acc6c87ffff,89a8acc6cc7ffff,4471893673,3409300606,19.7325,0.000441,average_adult
89a8acc6c87ffff,89a8acc6cd7ffff,4471893673,3398798243,19.3731,0.002422,average_adult
89a8acc6c8bffff,89a8ac89267ffff,2332075083,3411230702,17.5902,0.035396,average_adult
89a8acc6c8bffff,89a8ac8926bffff,2332075083,3874217830,19.894,6.9e-05,average_adult
89a8acc6c8bffff,89a8ac8926fffff,2332075083,4451110980,18.2141,0.019546,average_adult
89a8acc6c8bffff,89a8acc6c03ffff,2332075083,4439701589,18.1463,0.021046,average_adult
89a8acc6c8bffff,89a8acc6c07ffff,2332075083,2336108543,17.686,0.032668,average_adult
89a8acc6c8bffff,89a8acc6c13ffff,2332075083,2332074930,7.8732,0.663949,average_adult
89a8acc6c8bffff,89a8acc6c17ffff,2332075083,2332075028,12.0245,0.34366,average_adult
89a8acc6c8bffff,89a8acc6c1bffff,2332075083,7886951227,10.3908,0.469329,average_adult
89a8acc6c8bffff,89a8acc6c57ffff,2332075083,3513038267,16.4774,0.07461,average_adult
89a8acc6c8bffff,89a8acc6c83ffff,2332075083,3874217907,14.3167,0.186358,average_adult
89a8acc6c8bffff,89a8acc6c87ffff,2332075083,4471893673,19.1592,0.004355,average_adult
89a8acc6c8bffff,89a8acc6c8bffff,2332075083,2332075083,2.1546,0.971636,average_adult
89a8acc6c8bffff,89a8acc6c8fffff,2332075083,3005607847,8.0498,0.650781,average_adult
89a8acc6c8bffff,89a8acc6c9bffff,2332075083,3219028043,15.1649,0.137406,average_adult
89a8acc6c8bffff,89a8acc6cabffff,2332075083,4451063632,16.117,0.090159,average_adult
89a8acc6c8bffff,89a8acc6cbbffff,2332075083,4471844854,13.1925,0.259638,average_adult
89a8acc6c8bffff,89a8acc6cc3ffff,2332075083,3107402660,13.0286,0.271008,average_adult
89a8acc6c8bffff,89a8acc6cc7ffff,2332075083,3409300606,7.6918,0.677337,average_adult
89a8acc6c8bffff,89a8acc6ccfffff,2332075083,3874217785,14.1642,0.195771,average_adult
89a8acc6c8bffff,89a8acc6cd3ffff,2332075083,3398796275,19.5218,0.00141,average_adult
89a8acc6c8bffff,89a8acc6cd7ffff,2332075083,3398798243,7.3324,0.703435,average_adult
89a8acc6c8bffff,89a8acc6cdbffff,2332075083,3874217836,19.6771,0.000643,average_adult
89a8acc6c8fffff,89a8ac8934bffff,3005607847,5267685479,17.9594,0.025466,average_adult
89a8acc6c8fffff,89a8acc6c03ffff,3005607847,4439701589,14.6018,0.169239,average_adult
89a8acc6c8fffff,89a8acc6c07ffff,3005607847,2336108543,14.1415,0.197192,average_adult
89a8acc6c8fffff,89a8acc6c0fffff,3005607847,2332043156,17.5212,0.037427,average_adult
89a8acc6c8fffff,89a8acc6c13ffff,3005607847,2332074930,8.0266,0.652518,average_adult
89a8acc6c8fffff,89a8acc6c17ffff,3005607847,2332075028,5.7752,0.807993,average_adult
89a8acc6c8fffff,89a8acc6c1bffff,3005607847,7886951227,13.9486,0.209385,average_adult
89a8acc6c8fffff,89a8acc6c33ffff,3005607847,2726180592,14.6215,0.168079,average_adult
89a8acc6c8fffff,89a8acc6c83ffff,3005607847,3874217907,12.3791,0.317464,average_adult
89a8acc6c8fffff,89a8acc6c87ffff,3005607847,4471893673,13.5825,0.23325,average_adult
89a8acc6c8fffff,89a8acc6c8bffff,3005607847,2332075083,8.1106,0.646225,average_adult
89a8acc6c8fffff,89a8acc6c8fffff,3005607847,3005607847,1.2139,0.990938,average_adult
89a8acc6c8fffff,89a8acc6c97ffff,3005607847,2332075036,16.9978,0.054575,average_adult
89a8acc6c8fffff,89a8acc6c9bffff,3005607847,3219028043,19.7028,0.000545,average_adult
89a8acc6c8fffff,89a8acc6cabffff,3005607847,4451063632,9.6821,0.524956,average_adult
89a8acc6c8fffff,89a8acc6cb3ffff,3005607847,3005607817,14.5722,0.170982,average_adult
89a8acc6c8fffff,89a8acc6cbbffff,3005607847,4471844854,6.3566,0.770788,average_adult
89a8acc6c8fffff,89a8acc6cc3ffff,3005607847,3107402660,18.9845,0.006347,average_adult
89a8acc6c8fffff,89a8acc6cc7ffff,3005607847,3409300606,13.6478,0.228924,average_adult
89a8acc6c8fffff,89a8acc6ccfffff,3005607847,3874217785,19.1479,0.004472,average_adult
89a8acc6c8fffff,89a8acc6cd7ffff,3005607847,3398798243,13.2884,0.253064,average_adult
89a8acc6c93ffff,89a8ac89267ffff,3411230699,3411230702,6.7508,0.744253,average_adult
89a8acc6c93ffff,89a8ac8926fffff,3411230699,4451110980,19.6185,0.000898,average_adult
89a8acc6c93ffff,89a8acc6c8bffff,3411230699,2332075083,17.7666,0.030456,average_adult
89a8acc6c93ffff,89a8acc6c93ffff,3411230699,3411230699,2.8167,0.951853,average_adult
89a8acc6c93ffff,89a8acc6c9bffff,3411230699,3219028043,8.9709,0.580472,average_adult
89a8acc6c93ffff,89a8acc6cc7ffff,3411230699,3409300606,18.7207,0.010062,average_adult
89a8acc6c93ffff,89a8acc6cd7ffff,3411230699,3398798243,12.9742,0.27481,average_adult
89a8acc6c97ffff,89a8ac89227ffff,2332075036,4471899907,13.1904,0.259784,average_adult
89a8acc6c97ffff,89a8ac8922bffff,2332075036,4471899904,14.1786,0.194876,average_adult
89a8acc6c97ffff,89a8ac8922fffff,2332075036,4032034265,9.4594,0.542409,average_adult
89a8acc6c97ffff,89a8ac89343ffff,2332075036,4471973406,14.2378,0.191208,average_adult
89a8acc6c97ffff,89a8ac8934bffff,2332075036,5267685479,13.9651,0.208332,average_adult
89a8acc6c97ffff,89a8ac89353ffff,2332075036,3005630750,16.7431,0.064017,average_adult
89a8acc6c97ffff,89a8ac89357ffff,2332075036,3005630751,19.8791,9e-05,average_adult
89a8acc6c97ffff,89a8ac8935bffff,2332075036,3874217941,8.8471,0.590053,average_adult
89a8acc6c97ffff,89a8acc6c13ffff,2332075036,2332074930,15.7121,0.10919,average_adult
89a8acc6c97ffff,89a8acc6c17ffff,2332075036,2332075028,13.4606,0.241391,average_adult
89a8acc6c97ffff,89a8acc6c83ffff,2332075036,3874217907,7.2943,0.706164,average_adult
89a8acc6c97ffff,89a8acc6c87ffff,2332075036,4471893673,5.0268,0.852064,average_adult
89a8acc6c97ffff,89a8acc6c8bffff,2332075036,2332075083,14.5888,0.170003,average_adult
89a8acc6c97ffff,89a8acc6c8fffff,2332075036,3005607847,8.8994,0.586013,average_adult
89a8acc6c97ffff,89a8acc6c97ffff,2332075036,2332075036,0.3978,0.999024,average_adult
89a8acc6c97ffff,89a8acc6cabffff,2332075036,4451063632,17.3676,0.042139,average_adult
89a8acc6c97ffff,89a8acc6cb3ffff,2332075036,3005607817,18.2258,0.019292,average_adult
89a8acc6c97ffff,89a8acc6cbbffff,2332075036,4471844854,12.9744,0.274798,average_adult
89a8acc6c97ffff,89a8acc6cd7ffff,2332075036,3398798243,19.7666,0.000336,average_adult
89a8acc6c9bffff,89a8ac89263ffff,3219028043,3874217829,19.6654,0.00069,average_adult
89a8acc6c9bffff,89a8ac89267ffff,3219028043,3411230702,10.2515,0.480251,average_adult
89a8acc6c9bffff,89a8ac8926bffff,3219028043,3874217830,16.1021,0.09083,average_adult
89a8acc6c9bffff,89a8ac8926fffff,3219028043,4451110980,14.4222,0.179946,average_adult
89a8acc6c9bffff,89a8acc6c13ffff,3219028043,2332074930,15.0356,0.144477,average_adult
89a8acc6c9bffff,89a8acc6c17ffff,3219028043,2332075028,18.9973,0.006189,average_adult
89a8acc6c9bffff,89a8acc6c1bffff,3219028043,7886951227,17.6205,0.034521,average_adult
89a8acc6c9bffff,89a8acc6c8bffff,3219028043,2332075083,12.5703,0.303569,average_adult
89a8acc6c9bffff,89a8acc6c8fffff,3219028043,3005607847,15.0226,0.145191,average_adult
89a8acc6c9bffff,89a8acc6c93ffff,3219028043,3411230699,8.9046,0.585607,average_adult
89a8acc6c9bffff,89a8acc6c9bffff,3219028043,3219028043,1.2001,0.991142,average_adult
89a8acc6c9bffff,89a8acc6cc3ffff,3219028043,3107402660,15.1404,0.138735,average_adult
89a8acc6c9bffff,89a8acc6cc7ffff,3219028043,3409300606,13.5244,0.237117,average_adult
89a8acc6c9bffff,89a8acc6ccfffff,3219028043,3874217785,18.0482,0.023316,average_adult
89a8acc6c9bffff,89a8acc6cd7ffff,3219028043,3398798243,7.778,0.670995,average_adult
89a8acc6ca3ffff,89a8ac8936bffff,6764284642,6764284470,19.3325,0.002746,average_adult
89a8acc6ca3ffff,89a8acc6c07ffff,6764284642,2336108543,18.9598,0.006659,average_adult
89a8acc6ca3ffff,89a8acc6c17ffff,6764284642,2332075028,18.8796,0.007723,average_adult
89a8acc6ca3ffff,89a8acc6c23ffff,6764284642,2726180683,16.5583,0.071304,average_adult
89a8acc6ca3ffff,89a8acc6c33ffff,6764284642,2726180592,10.9155,0.428345,average_adult
89a8acc6ca3ffff,89a8acc6c37ffff,6764284642,8370861913,15.0153,0.1456,average_adult
89a8acc6ca3ffff,89a8acc6c3bffff,6764284642,3380582097,18.7687,0.009323,average_adult
89a8acc6ca3ffff,89a8acc6c8fffff,6764284642,3005607847,19.4543,0.001836,average_adult
89a8acc6ca3ffff,89a8acc6ca3ffff,6764284642,6764284642,1.1981,0.991171,average_adult
89a8acc6ca3ffff,89a8acc6ca7ffff,6764284642,6764284470,16.1849,0.087127,average_adult
89a8acc6ca3ffff,89a8acc6cabffff,6764284642,4451063632,11.372,0.393072,average_adult
89a8acc6ca3ffff,89a8acc6cafffff,6764284642,6764284385,6.4146,0.766943,average_adult
89a8acc6ca3ffff,89a8acc6cbbffff,6764284642,4471844854,17.1466,0.049387,average_adult
89a8acc6ca7ffff,89a8ac8936bffff,6764284470,6764284470,6.3925,0.768411,average_adult
89a8acc6ca7ffff,89a8acc6c33ffff,6764284470,2726180592,17.7973,0.029632,average_adult
89a8acc6ca7ffff,89a8acc6ca3ffff,6764284470,6764284642,9.5769,0.533202,average_adult
89a8acc6ca7ffff,89a8acc6ca7ffff,6764284470,6764284470,3.245,0.936441,average_adult
89a8acc6ca7ffff,89a8acc6cabffff,6764284470,4451063632,18.2538,0.018691,average_adult
89a8acc6ca7ffff,89a8acc6cafffff,6764284470,6764284385,10.0755,0.494073,average_adult
89a8acc6cabffff,89a8acc6c03ffff,4451063632,4439701589,14.0293,0.204249,average_adult
89a8acc6cabffff,89a8acc6c07ffff,4451063632,2336108543,13.569,0.234148,average_adult
89a8acc6cabffff,89a8acc6c0fffff,4451063632,2332043156,16.9487,0.056342,average_adult
89a8acc6cabffff,89a8acc6c13ffff,4451063632,2332074930,12.5199,0.307216,average_adult
89a8acc6cabffff,89a8acc6c17ffff,4451063632,2332075028,8.1012,0.64693,average_adult
89a8acc6cabffff,89a8acc6c1bffff,4451063632,7886951227,15.9253,0.098967,average_adult
89a8acc6cabffff,89a8acc6c23ffff,4451063632,2726180683,12.7338,0.291827,average_adult
89a8acc6cabffff,89a8acc6c27ffff,4451063632,2335292922,17.6929,0.032475,average_adult
89a8acc6cabffff,89a8acc6c2bffff,4451063632,2335474641,17.9463,0.025792,average_adult
89a8acc6cabffff,89a8acc6c2fffff,4451063632,2335474575,19.5116,0.001471,average_adult
89a8acc6cabffff,89a8acc6c33ffff,4451063632,2726180592,5.533,0.822746,average_adult
89a8acc6cabffff,89a8acc6c37ffff,4451063632,8370861913,14.2151,0.192609,average_adult
89a8acc6cabffff,89a8acc6c3bffff,4451063632,3380582097,14.9442,0.149559,average_adult
89a8acc6cabffff,89a8acc6c83ffff,4451063632,3874217907,19.7591,0.000358,average_adult
89a8acc6cabffff,89a8acc6c8bffff,4451063632,2332075083,14.986,0.147223,average_adult
89a8acc6cabffff,89a8acc6c8fffff,4451063632,3005607847,8.6759,0.603245,average_adult
89a8acc6cabffff,89a8acc6ca3ffff,4451063632,6764284642,15.7998,0.104931,average_adult
89a8acc6cabffff,89a8acc6cabffff,4451063632,4451063632,0.5936,0.997828,average_adult
89a8acc6cabffff,89a8acc6cafffff,4451063632,6764284385,13.7293,0.223567,average_adult
89a8acc6cabffff,89a8acc6cb3ffff,4451063632,3005607817,16.7569,0.063486,average_adult
89a8acc6cabffff,89a8acc6cbbffff,4451063632,4471844854,6.3682,0.770017,average_adult
89a8acc6cabffff,89a8acc6cc7ffff,4451063632,3409300606,19.9913,0.0,average_adult
89a8acc6cabffff,89a8acc6dcbffff,4451063632,8370861883,19.1072,0.004909,average_adult
89a8acc6cafffff,89a8acc6c07ffff,6764284385,2336108543,17.4455,0.039716,average_adult
89a8acc6cafffff,89a8acc6c17ffff,6764284385,2332075028,17.3652,0.042214,average_adult
89a8acc6cafffff,89a8acc6c23ffff,6764284385,2726180683,15.0439,0.144014,average_adult
89a8acc6cafffff,89a8acc6c33ffff,6764284385,2726180592,9.4011,0.546967,average_adult
89a8acc6cafffff,89a8acc6c37ffff,6764284385,8370861913,13.5009,0.238692,average_adult
89a8acc6cafffff,89a8acc6c3bffff,6764284385,3380582097,17.2544,0.045785,average_adult
89a8acc6cafffff,89a8acc6c8fffff,6764284385,3005607847,17.9399,0.025951,average_adult
89a8acc6cafffff,89a8acc6ca3ffff,6764284385,6764284642,7.1383,0.717267,average_adult
89a8acc6cafffff,89a8acc6ca7ffff,6764284385,6764284470,18.1169,0.021715,average_adult
89a8acc6cafffff,89a8acc6cabffff,6764284385,4451063632,9.8577,0.511177,average_adult
89a8acc6cafffff,89a8acc6cafffff,6764284385,6764284385,1.1413,0.991987,average_adult
89a8acc6cafffff,89a8acc6cbbffff,6764284385,4471844854,15.6323,0.113134,average_adult
89a8acc6cb3ffff,89a8ac89343ffff,3005607817,4471973406,16.127,0.089709,average_adult
89a8acc6cb3ffff,89a8ac8934bffff,3005607817,5267685479,10.5781,0.45466,average_adult
89a8acc6cb3ffff,89a8ac8934fffff,3005607817,3005607838,12.7644,0.289643,average_adult
89a8acc6cb3ffff,89a8acc6c13ffff,3005607817,2332074930,18.8993,0.007455,average_adult
89a8acc6cb3ffff,89a8acc6c17ffff,3005607817,2332075028,15.7468,0.107499,average_adult
89a8acc6cb3ffff,89a8acc6c8bffff,3005607817,2332075083,18.0979,0.022151,average_adult
89a8acc6cb3ffff,89a8acc6c8fffff,3005607817,3005607847,12.0866,0.33904,average_adult
89a8acc6cb3ffff,89a8acc6cabffff,3005607817,4451063632,15.3152,0.129381,average_adult
89a8acc6cb3ffff,89a8acc6cb3ffff,3005607817,3005607817,0.9299,0.994676,average_adult
89a8acc6cb3ffff,89a8acc6cb7ffff,3005607817,3005607840,19.3375,0.002705,average_adult
89a8acc6cb3ffff,89a8acc6cbbffff,3005607817,4471844854,10.2762,0.478312,average_adult
89a8acc6cb7ffff,89a8ac89343ffff,3005607840,4471973406,10.8819,0.430957,average_adult
89a8acc6cb7ffff,89a8ac89347ffff,3005607840,3005607825,12.2656,0.325792,average_adult
89a8acc6cb7ffff,89a8ac8934bffff,3005607840,5267685479,18.8205,0.008557,average_adult
89a8acc6cb7ffff,89a8ac8934fffff,3005607840,3005607838,6.0132,0.793056,average_adult
89a8acc6cb7ffff,89a8ac89353ffff,3005607840,3005630750,16.5061,0.073431,average_adult
89a8acc6cb7ffff,89a8ac89357ffff,3005607840,3005630751,19.6421,0.00079,average_adult
89a8acc6cb7ffff,89a8ac8935bffff,3005607840,3874217941,16.691,0.066036,average_adult
89a8acc6cb7ffff,89a8ac8937bffff,3005607840,3005607825,11.1371,0.411169,average_adult
89a8acc6cb7ffff,89a8acc6cb3ffff,3005607840,3005607817,12.6989,0.294322,average_adult
89a8acc6cb7ffff,89a8acc6cb7ffff,3005607840,3005607840,4.6471,0.872598,average_adult
89a8acc6cbbffff,89a8ac8934bffff,4471844854,5267685479,17.3595,0.042396,average_adult
89a8acc6cbbffff,89a8acc6c03ffff,4471844854,4439701589,17.2398,0.046263,average_adult
89a8acc6cbbffff,89a8acc6c07ffff,4471844854,2336108543,16.7795,0.062624,average_adult
89a8acc6cbbffff,89a8acc6c13ffff,4471844854,2332074930,12.4869,0.309608,average_adult
89a8acc6cbbffff,89a8acc6c17ffff,4471844854,2332075028,8.9443,0.582534,average_adult
89a8acc6cbbffff,89a8acc6c1bffff,4471844854,7886951227,17.6317,0.0342,average_adult
89a8acc6cbbffff,89a8acc6c33ffff,4471844854,2726180592,13.4522,0.241961,average_adult
89a8acc6cbbffff,89a8acc6c83ffff,4471844854,3874217907,17.5476,0.036641,average_adult
89a8acc6cbbffff,89a8acc6c87ffff,4471844854,4471893673,18.751,0.009592,average_adult
89a8acc6cbbffff,89a8acc6c8bffff,4471844854,2332075083,14.8812,0.153105,average_adult
89a8acc6cbbffff,89a8acc6c8fffff,4471844854,3005607847,7.9845,0.655665,average_adult
89a8acc6cbbffff,89a8acc6cabffff,4471844854,4451063632,8.5128,0.615747,average_adult
89a8acc6cbbffff,89a8acc6cb3ffff,4471844854,3005607817,13.9723,0.20787,average_adult
89a8acc6cbbffff,89a8acc6cbbffff,4471844854,4471844854,2.2557,0.96894,average_adult
89a8acc6cbbffff,89a8acc6cc7ffff,4471844854,3409300606,19.9583,1.1e-05,average_adult
89a8acc6cc3ffff,89a8ac89263ffff,3107402660,3874217829,19.4879,0.001617,average_adult
89a8acc6cc3ffff,89a8ac8926bffff,3107402660,3874217830,15.9245,0.099004,average_adult
89a8acc6cc3ffff,89a8ac8926fffff,3107402660,4451110980,14.2446,0.190785,average_adult
89a8acc6cc3ffff,89a8acc6127ffff,3107402660,3880605752,19.8107,0.000221,average_adult
89a8acc6cc3ffff,89a8acc6137ffff,3107402660,3082292208,12.2223,0.328987,average_adult
89a8acc6cc3ffff,89a8acc6c13ffff,3107402660,2332074930,15.1968,0.135687,average_adult
89a8acc6cc3ffff,89a8acc6c17ffff,3107402660,2332075028,19.0497,0.005561,average_adult
89a8acc6cc3ffff,89a8acc6c1bffff,3107402660,7886951227,11.1439,0.410643,average_adult
89a8acc6cc3ffff,89a8acc6c43ffff,3107402660,3425558055,17.6381,0.034017,average_adult
89a8acc6cc3ffff,89a8acc6c47ffff,3107402660,5653257029,18.2845,0.018044,average_adult
89a8acc6cc3ffff,89a8acc6c57ffff,3107402660,3513038267,11.3947,0.391335,average_adult
89a8acc6cc3ffff,89a8acc6c8bffff,3107402660,2332075083,12.541,0.30569,average_adult
89a8acc6cc3ffff,89a8acc6c8fffff,3107402660,3005607847,18.4362,0.01501,average_adult
89a8acc6cc3ffff,89a8acc6c9bffff,3107402660,3219028043,17.787,0.029906,average_adult
89a8acc6cc3ffff,89a8acc6cc3ffff,3107402660,3107402660,0.3053,0.999425,average_adult
89a8acc6cc3ffff,89a8acc6cc7ffff,3107402660,3409300606,6.3601,0.770554,average_adult
89a8acc6cc3ffff,89a8acc6ccbffff,3107402660,3082292208,9.8713,0.510111,average_adult
89a8acc6cc3ffff,89a8acc6ccfffff,3107402660,3874217785,7.2287,0.710846,average_adult
89a8acc6cc3ffff,89a8acc6cd3ffff,3107402660,3398796275,9.6515,0.527357,average_adult
89a8acc6cc3ffff,89a8acc6cd7ffff,3107402660,3398798243,7.6155,0.682931,average_adult
89a8acc6cc3ffff,89a8acc6cdbffff,3107402660,3874217836,7.7174,0.675455,average_adult
89a8acc6cc7ffff,89a8ac89267ffff,3409300606,3411230702,18.3816,0.016069,average_adult
89a8acc6cc7ffff,89a8ac8926fffff,3409300606,4451110980,19.0055,0.006089,average_adult
89a8acc6cc7ffff,89a8acc6137ffff,3409300606,3082292208,18.6491,0.011215,average_adult
89a8acc6cc7ffff,89a8acc6c03ffff,3409300606,4439701589,18.905,0.007377,average_adult
89a8acc6cc7ffff,89a8acc6c07ffff,3409300606,2336108543,18.4447,0.014847,average_adult
89a8acc6cc7ffff,89a8acc6c0bffff,3409300606,3380581987,19.3246,0.002811,average_adult
89a8acc6cc7ffff,89a8acc6c13ffff,3409300606,2332074930,10.2321,0.481776,average_adult
89a8acc6cc7ffff,89a8acc6c17ffff,3409300606,2332075028,14.0849,0.200737,average_adult
89a8acc6cc7ffff,89a8acc6c1bffff,3409300606,7886951227,6.1791,0.782395,average_adult
89a8acc6cc7ffff,89a8acc6c43ffff,3409300606,3425558055,18.2818,0.018101,average_adult
89a8acc6cc7ffff,89a8acc6c47ffff,3409300606,5653257029,17.1306,0.049933,average_adult
89a8acc6cc7ffff,89a8acc6c57ffff,3409300606,3513038267,11.4451,0.387476,average_adult
89a8acc6cc7ffff,89a8acc6c83ffff,3409300606,3874217907,19.8606,0.00012,average_adult
89a8acc6cc7ffff,89a8acc6c8bffff,3409300606,2332075083,7.9026,0.661763,average_adult
89a8acc6cc7ffff,89a8acc6c8fffff,3409300606,3005607847,13.5938,0.232501,average_adult
89a8acc6cc7ffff,89a8acc6c9bffff,3409300606,3219028043,15.9564,0.097515,average_adult
89a8acc6cc7ffff,89a8acc6cabffff,3409300606,4451063632,19.4945,0.001575,average_adult
89a8acc6cc7ffff,89a8acc6cbbffff,3409300606,4471844854,18.7364,0.009816,average_adult
89a8acc6cc7ffff,89a8acc6cc3ffff,3409300606,3107402660,6.7321,0.745536,average_adult
89a8acc6cc7ffff,89a8acc6cc7ffff,3409300606,3409300606,1.3954,0.988037,average_adult
89a8acc6cc7ffff,89a8acc6ccbffff,3409300606,3082292208,16.2981,0.082179,average_adult
89a8acc6cc7ffff,89a8acc6ccfffff,3409300606,3874217785,8.419,0.6229,average_adult
89a8acc6cc7ffff,89a8acc6cd3ffff,3409300606,3398796275,16.0783,0.091906,average_adult
89a8acc6cc7ffff,89a8acc6cd7ffff,3409300606,3398798243,8.1238,0.645229,average_adult
89a8acc6cc7ffff,89a8acc6cdbffff,3409300606,3874217836,14.1443,0.197016,average_adult
89a8acc6ccbffff,89a8ac8926bffff,3082292208,3874217830,19.7879,0.000278,average_adult
89a8acc6ccbffff,89a8ac8926fffff,3082292208,4451110980,18.108,0.02192,average_adult
89a8acc6ccbffff,89a8acc6137ffff,3082292208,3082292208,6.4047,0.767601,average_adult
89a8acc6ccbffff,89a8acc6c1bffff,3082292208,7886951227,17.7007,0.032258,average_adult
89a8acc6ccbffff,89a8acc6c57ffff,3082292208,3513038267,17.9515,0.025661,average_adult
89a8acc6ccbffff,89a8acc6c8bffff,3082292208,2332075083,18.103,0.022034,average_adult
89a8acc6ccbffff,89a8acc6cc3ffff,3082292208,3107402660,6.8621,0.73659,average_adult
89a8acc6ccbffff,89a8acc6cc7ffff,3082292208,3409300606,12.9169,0.278836,average_adult
89a8acc6ccbffff,89a8acc6ccbffff,3082292208,3082292208,4.0537,0.902015,average_adult
89a8acc6ccbffff,89a8acc6ccfffff,3082292208,3874217785,13.7856,0.219896,average_adult
89a8acc6ccbffff,89a8acc6cd3ffff,3082292208,3398796275,11.3287,0.396404,average_adult
89a8acc6ccbffff,89a8acc6cd7ffff,3082292208,3398798243,13.1775,0.260671,average_adult
89a8acc6ccbffff,89a8acc6cdbffff,3082292208,3874217836,5.2486,0.839479,average_adult
89a8acc6ccfffff,89a8acc6127ffff,3874217785,3880605752,14.8769,0.153351,average_adult
89a8acc6ccfffff,89a8acc6137ffff,3874217785,3082292208,18.4636,0.014491,average_adult
89a8acc6ccfffff,89a8acc6c03ffff,3874217785,4439701589,18.766,0.009364,average_adult
89a8acc6ccfffff,89a8acc6c07ffff,3874217785,2336108543,18.3056,0.017604,average_adult
89a8acc6ccfffff,89a8acc6c0bffff,3874217785,3380581987,14.0776,0.2012,average_adult
89a8acc6ccfffff,89a8acc6c0fffff,3874217785,2332043156,19.6861,0.000608,average_adult
89a8acc6ccfffff,89a8acc6c13ffff,3874217785,2332074930,12.8655,0.28247,average_adult
89a8acc6ccfffff,89a8acc6c17ffff,3874217785,2332075028,15.0543,0.143443,average_adult
89a8acc6ccfffff,89a8acc6c1bffff,3874217785,7886951227,6.0401,0.791341,average_adult
89a8acc6ccfffff,89a8acc6c43ffff,3874217785,3425558055,12.0851,0.339148,average_adult
89a8acc6ccfffff,89a8acc6c47ffff,3874217785,5653257029,11.788,0.361408,average_adult
89a8acc6ccfffff,89a8acc6c4bffff,3874217785,3425557950,18.694,0.010484,average_adult
89a8acc6ccfffff,89a8acc6c4fffff,3874217785,2955259222,16.4372,0.076278,average_adult
89a8acc6ccfffff,89a8acc6c53ffff,3874217785,3425558243,15.9983,0.095569,average_adult
89a8acc6ccfffff,89a8acc6c57ffff,3874217785,3513038267,4.7939,0.864811,average_adult
89a8acc6ccfffff,89a8acc6c73ffff,3874217785,2336108293,17.4616,0.039222,average_adult
89a8acc6ccfffff,89a8acc6c7bffff,3874217785,2955259207,18.7715,0.00928,average_adult
89a8acc6ccfffff,89a8acc6c8bffff,3874217785,2332075083,13.0811,0.267351,average_adult
89a8acc6ccfffff,89a8acc6c8fffff,3874217785,3005607847,17.3005,0.044281,average_adult
89a8acc6ccfffff,89a8acc6cabffff,3874217785,4451063632,19.3554,0.002561,average_adult
89a8acc6ccfffff,89a8acc6cc3ffff,3874217785,3107402660,6.5466,0.758123,average_adult
89a8acc6ccfffff,89a8acc6cc7ffff,3874217785,3409300606,6.5738,0.75629,average_adult
89a8acc6ccfffff,89a8acc6ccbffff,3874217785,3082292208,16.1126,0.090358,average_adult
89a8acc6ccfffff,89a8acc6ccfffff,3874217785,3874217785,0.6279,0.99757,average_adult
89a8acc6ccfffff,89a8acc6cd3ffff,3874217785,3398796275,15.8928,0.100497,average_adult
89a8acc6ccfffff,89a8acc6cd7ffff,3874217785,3398798243,10.7454,0.441592,average_adult
89a8acc6ccfffff,89a8acc6cdbffff,3874217785,3874217836,13.9588,0.208734,average_adult
89a8acc6cd3ffff,89a8ac8926bffff,3398796275,3874217830,16.5718,0.07076,average_adult
89a8acc6cd3ffff,89a8ac8926fffff,3398796275,4451110980,14.8919,0.152501,average_adult
89a8acc6cd3ffff,89a8acc6137ffff,3398796275,3082292208,14.039,0.203634,average_adult
89a8acc6cd3ffff,89a8acc6c1bffff,3398796275,7886951227,17.8985,0.026997,average_adult
89a8acc6cd3ffff,89a8acc6c57ffff,3398796275,3513038267,18.1493,0.02098,average_adult
89a8acc6cd3ffff,89a8acc6c8bffff,3398796275,2332075083,15.7953,0.10515,average_adult
89a8acc6cd3ffff,89a8acc6cc3ffff,3398796275,3107402660,7.0598,0.722797,average_adult
89a8acc6cd3ffff,89a8acc6cc7ffff,3398796275,3409300606,13.1147,0.265017,average_adult
89a8acc6cd3ffff,89a8acc6ccbffff,3398796275,3082292208,11.688,0.368972,average_adult
89a8acc6cd3ffff,89a8acc6ccfffff,3398796275,3874217785,13.9833,0.207169,average_adult
89a8acc6cd3ffff,89a8acc6cd3ffff,3398796275,3398796275,2.2844,0.968154,average_adult
89a8acc6cd3ffff,89a8acc6cd7ffff,3398796275,3398798243,10.4326,0.466047,average_adult
89a8acc6cd3ffff,89a8acc6cdbffff,3398796275,3874217836,6.0456,0.790988,average_adult
89a8acc6cd7ffff,89a8ac89263ffff,3398798243,3874217829,16.9824,0.055128,average_adult
89a8acc6cd7ffff,89a8ac89267ffff,3398798243,3411230702,12.9633,0.27558,average_adult
89a8acc6cd7ffff,89a8ac8926bffff,3398798243,3874217830,13.419,0.244195,average_adult
89a8acc6cd7ffff,89a8ac8926fffff,3398798243,4451110980,11.7391,0.365103,average_adult
89a8acc6cd7ffff,89a8acc6137ffff,3398798243,3082292208,19.8404,0.000157,average_adult
89a8acc6cd7ffff,89a8acc6c13ffff,3398798243,2332074930,13.1986,0.25922,average_adult
89a8acc6cd7ffff,89a8acc6c17ffff,3398798243,2332075028,17.3499,0.042698,average_adult
89a8acc6cd7ffff,89a8acc6c1bffff,3398798243,7886951227,12.3794,0.317442,average_adult
89a8acc6cd7ffff,89a8acc6c57ffff,3398798243,3513038267,16.0927,0.091253,average_adult
89a8acc6cd7ffff,89a8acc6c83ffff,3398798243,3874217907,19.6421,0.00079,average_adult
89a8acc6cd7ffff,89a8acc6c8bffff,3398798243,2332075083,7.48,0.69279,average_adult
89a8acc6cd7ffff,89a8acc6c8fffff,3398798243,3005607847,13.3753,0.247154,average_adult
89a8acc6cd7ffff,89a8acc6c93ffff,3398798243,3411230699,15.6602,0.111746,average_adult
89a8acc6cd7ffff,89a8acc6c9bffff,3398798243,3219028043,10.538,0.457794,average_adult
89a8acc6cd7ffff,89a8acc6cbbffff,3398798243,4471844854,18.5179,0.013488,average_adult
89a8acc6cd7ffff,89a8acc6cc3ffff,3398798243,3107402660,7.9234,0.660216,average_adult
89a8acc6cd7ffff,89a8acc6cc7ffff,3398798243,3409300606,8.2833,0.633201,average_adult
89a8acc6cd7ffff,89a8acc6ccbffff,3398798243,3082292208,17.4894,0.038379,average_adult
89a8acc6cd7ffff,89a8acc6ccfffff,3398798243,3874217785,11.9268,0.350972,average_adult
89a8acc6cd7ffff,89a8acc6cd3ffff,3398798243,3398796275,13.6956,0.225776,average_adult
89a8acc6cd7ffff,89a8acc6cd7ffff,3398798243,3398798243,0.3665,0.999172,average_adult
89a8acc6cd7ffff,89a8acc6cdbffff,3398798243,3874217836,13.8509,0.215659,average_adult
89a8acc6cdbffff,89a8ac8926bffff,3874217836,3874217830,17.9031,0.026878,average_adult
89a8acc6cdbffff,89a8ac8926fffff,3874217836,4451110980,16.2232,0.085438,average_adult
89a8acc6cdbffff,89a8acc6137ffff,3874217836,3082292208,10.4376,0.465659,average_adult
89a8acc6cdbffff,89a8acc6c1bffff,3874217836,7886951227,17.2801,0.044942,average_adult
89a8acc6cdbffff,89a8acc6c57ffff,3874217836,3513038267,17.531,0.037135,average_adult
89a8acc6cdbffff,89a8acc6c8bffff,3874217836,2332075083,17.1266,0.050072,average_adult
89a8acc6cdbffff,89a8acc6cc3ffff,3874217836,3107402660,6.4415,0.765153,average_adult
89a8acc6cdbffff,89a8acc6cc7ffff,3874217836,3409300606,12.4964,0.308921,average_adult
89a8acc6cdbffff,89a8acc6ccbffff,3874217836,3082292208,8.0866,0.648027,average_adult
89a8acc6cdbffff,89a8acc6ccfffff,3874217836,3874217785,13.365,0.247849,average_adult
89a8acc6cdbffff,89a8acc6cd3ffff,3874217836,3398796275,7.3143,0.704734,average_adult
89a8acc6cdbffff,89a8acc6cd7ffff,3874217836,3398798243,11.7639,0.363226,average_adult
89a8acc6cdbffff,89a8acc6cdbffff,3874217836,3874217836,0.9855,0.994021,average_adult
89a8acc6d43ffff,89a8acc6897ffff,2335474594,2726185454,16.5328,0.07234,average_adult
89a8acc6d43ffff,89a8acc68b3ffff,2335474594,2726185479,16.9501,0.05629,average_adult
89a8acc6d43ffff,89a8acc68b7ffff,2335474594,4442799069,17.8827,0.027399,average_adult
89a8acc6d43ffff,89a8acc68bbffff,2335474594,3930322448,18.2695,0.018359,average_adult
89a8acc6d43ffff,89a8acc6d43ffff,2335474594,2335474594,0.766,0.996385,average_adult
89a8acc6d43ffff,89a8acc6d47ffff,2335474594,4442799997,8.0711,0.649189,average_adult
89a8acc6d43ffff,89a8acc6d4bffff,2335474594,4442800000,7.6151,0.682958,average_adult
89a8acc6d43ffff,89a8acc6d4fffff,2335474594,4442799076,9.5269,0.537124,average_adult
89a8acc6d43ffff,89a8acc6d57ffff,2335474594,4442800008,6.7083,0.747163,average_adult
89a8acc6d47ffff,89a8acc6d43ffff,4442799997,2335474594,4.9791,0.854714,average_adult
89a8acc6d47ffff,89a8acc6d47ffff,4442799997,4442799997,3.2454,0.936424,average_adult
89a8acc6d47ffff,89a8acc6d4bffff,4442799997,4442800000,11.8282,0.358378,average_adult
89a8acc6d47ffff,89a8acc6d4fffff,4442799997,4442799076,13.74,0.22287,average_adult
89a8acc6d47ffff,89a8acc6d57ffff,4442799997,4442800008,10.9214,0.427886,average_adult
89a8acc6d4bffff,89a8acc6897ffff,4442800000,2726185454,18.8393,0.008288,average_adult
89a8acc6d4bffff,89a8acc68b3ffff,4442800000,2726185479,19.2566,0.003405,average_adult
89a8acc6d4bffff,89a8acc6d43ffff,4442800000,2335474594,10.4874,0.46176,average_adult
89a8acc6d4bffff,89a8acc6d47ffff,4442800000,4442799997,17.7925,0.02976,average_adult
89a8acc6d4bffff,89a8acc6d4bffff,4442800000,4442800000,1.7115,0.982039,average_adult
89a8acc6d4bffff,89a8acc6d4fffff,4442800000,4442799076,11.8334,0.357989,average_adult
89a8acc6d4bffff,89a8acc6d57ffff,4442800000,4442800008,16.4297,0.076591,average_adult
89a8acc6d4fffff,89a8acc6817ffff,4442799076,4442536027,19.3349,0.002726,average_adult
89a8acc6d4fffff,89a8acc6887ffff,4442799076,2726185489,17.589,0.035431,average_adult
89a8acc6d4fffff,89a8acc6893ffff,4442799076,2335474678,17.5342,0.037039,average_adult
89a8acc6d4fffff,89a8acc6897ffff,4442799076,2726185454,12.5538,0.304763,average_adult
89a8acc6d4fffff,89a8acc68a3ffff,4442799076,7839382319,17.3722,0.041994,average_adult
89a8acc6d4fffff,89a8acc68abffff,4442799076,4442536027,18.4602,0.014553,average_adult
89a8acc6d4fffff,89a8acc68b3ffff,4442799076,2726185479,12.9711,0.275031,average_adult
89a8acc6d4fffff,89a8acc68b7ffff,4442799076,4442799069,13.9037,0.21226,average_adult
89a8acc6d4fffff,89a8acc68bbffff,4442799076,3930322448,14.2905,0.187961,average_adult
89a8acc6d4fffff,89a8acc6d43ffff,4442799076,2335474594,9.7867,0.516752,average_adult
89a8acc6d4fffff,89a8acc6d47ffff,4442799076,4442799997,17.0918,0.05127,average_adult
89a8acc6d4fffff,89a8acc6d4bffff,4442799076,4442800000,9.2209,0.561038,average_adult
89a8acc6d4fffff,89a8acc6d4fffff,4442799076,4442799076,0.5362,0.998227,average_adult
89a8acc6d4fffff,89a8acc6d57ffff,4442799076,4442800008,15.729,0.108365,average_adult
89a8acc6d53ffff,89a8acc6c23ffff,2335292974,2726180683,16.2402,0.084695,average_adult
89a8acc6d53ffff,89a8acc6c27ffff,2335292974,2335292922,9.6392,0.528319,average_adult
89a8acc6d53ffff,89a8acc6c2fffff,2335292974,2335474575,15.7327,0.108184,average_adult
89a8acc6d53ffff,89a8acc6d53ffff,2335292974,2335292974,0.4859,0.998544,average_adult
89a8acc6d53ffff,89a8acc6d5bffff,2335292974,7546069758,10.9221,0.427834,average_adult
89a8acc6d53ffff,89a8acc6dcfffff,2335292974,2335293007,5.4412,0.828219,average_adult
89a8acc6d57ffff,89a8acc6d43ffff,4442800008,2335474594,7.4824,0.692618,average_adult
89a8acc6d57ffff,89a8acc6d47ffff,4442800008,4442799997,14.7875,0.158441,average_adult
89a8acc6d57ffff,89a8acc6d4bffff,4442800008,4442800000,14.3316,0.185448,average_adult
89a8acc6d57ffff,89a8acc6d4fffff,4442800008,4442799076,16.2433,0.084557,average_adult
89a8acc6d57ffff,89a8acc6d57ffff,4442800008,4442800008,4.5404,0.878135,average_adult
89a8acc6d5bffff,89a8acc6893ffff,7546069758,2335474678,18.338,0.016943,average_adult
89a8acc6d5bffff,89a8acc6c23ffff,7546069758,2726180683,13.1946,0.259497,average_adult
89a8acc6d5bffff,89a8acc6c27ffff,7546069758,2335292922,8.7977,0.593868,average_adult
89a8acc6d5bffff,89a8acc6c2bffff,7546069758,2335474641,16.7172,0.065017,average_adult
89a8acc6d5bffff,89a8acc6c2fffff,7546069758,2335474575,11.7904,0.361232,average_adult
89a8acc6d5bffff,89a8acc6c33ffff,7546069758,2726180592,19.5164,0.001442,average_adult
89a8acc6d5bffff,89a8acc6c3bffff,7546069758,3380582097,18.9559,0.006709,average_adult
89a8acc6d5bffff,89a8acc6d53ffff,7546069758,2335292974,10.8647,0.432294,average_adult
89a8acc6d5bffff,89a8acc6d5bffff,7546069758,7546069758,2.973,0.946461,average_adult
89a8acc6d5bffff,89a8acc6dcfffff,7546069758,2335293007,12.7651,0.289594,average_adult
89a8acc6dc3ffff,89a8acc6c33ffff,8370861869,2726180592,15.683,0.110623,average_adult
89a8acc6dc3ffff,89a8acc6c37ffff,8370861869,8370861913,11.5074,0.382711,average_adult
89a8acc6dc3ffff,89a8acc6dc3ffff,8370861869,8370861869,3.8272,0.912335,average_adult
89a8acc6dc3ffff,89a8acc6dcbffff,8370861869,8370861883,5.8755,0.801749,average_adult
89a8acc6dc3ffff,89a8acc6dd3ffff,8370861869,8371222445,12.0837,0.339256,average_adult
89a8acc6dc3ffff,89a8acc6ddbffff,8370861869,8370942543,8.4766,0.618509,average_adult
89a8acc6dcbffff,89a8acc6c23ffff,8370861883,2726180683,19.2067,0.003877,average_adult
89a8acc6dcbffff,89a8acc6c33ffff,8370861883,2726180592,13.8897,0.213159,average_adult
89a8acc6dcbffff,89a8acc6c37ffff,8370861883,8370861913,9.7142,0.522442,average_adult
89a8acc6dcbffff,89a8acc6dc3ffff,8370861883,8370861869,6.0443,0.791072,average_adult
89a8acc6dcbffff,89a8acc6dcbffff,8370861883,8370861883,0.7223,0.996786,average_adult
89a8acc6dcbffff,89a8acc6dd3ffff,8370861883,8371222445,11.4901,0.384034,average_adult
89a8acc6dcbffff,89a8acc6ddbffff,8370861883,8370942543,7.883,0.66322,average_adult
89a8acc6dcfffff,89a8acc6c23ffff,2335293007,2726180683,19.31,0.002934,average_adult
89a8acc6dcfffff,89a8acc6c27ffff,2335293007,2335292922,12.7091,0.293593,average_adult
89a8acc6dcfffff,89a8acc6c2fffff,2335293007,2335474575,18.8025,0.008819,average_adult
89a8acc6dcfffff,89a8acc6d53ffff,2335293007,2335292974,6.6107,0.753796,average_adult
89a8acc6dcfffff,89a8acc6d5bffff,2335293007,7546069758,13.9919,0.206622,average_adult
89a8acc6dcfffff,89a8acc6dcfffff,2335293007,2335293007,4.2867,0.890868,average_adult
89a8acc6dd3ffff,89a8acc6c33ffff,8371222445,2726180592,19.3329,0.002742,average_adult
89a8acc6dd3ffff,89a8acc6c37ffff,8371222445,8370861913,15.1574,0.137815,average_adult
89a8acc6dd3ffff,89a8acc6dc3ffff,8371222445,8370861869,11.0344,0.419117,average_adult
89a8acc6dd3ffff,89a8acc6dcbffff,8371222445,8370861883,10.272,0.478644,average_adult
89a8acc6dd3ffff,89a8acc6dd3ffff,8371222445,8371222445,5.1072,0.847551,average_adult
89a8acc6dd3ffff,89a8acc6ddbffff,8371222445,8370942543,4.6756,0.871101,average_adult
89a8acc6ddbffff,89a8acc6c33ffff,8370942543,2726180592,16.1706,0.08776,average_adult
89a8acc6ddbffff,89a8acc6c37ffff,8370942543,8370861913,11.9951,0.345858,average_adult
89a8acc6ddbffff,89a8acc6dc3ffff,8370942543,8370861869,7.8721,0.664031,average_adult
89a8acc6ddbffff,89a8acc6dcbffff,8370942543,8370861883,7.1097,0.719285,average_adult
89a8acc6ddbffff,89a8acc6dd3ffff,8370942543,8371222445,5.1204,0.846803,average_adult
89a8acc6ddbffff,89a8acc6ddbffff,8370942543,8370942543,1.5133,0.985939,average_adult
89a8acc6e03ffff,89a8acc6e03ffff,4438518283,4438518283,3.4776,0.927235,average_adult
89a8acc6e03ffff,89a8acc6e07ffff,4438518283,3107399819,10.3334,0.473824,average_adult
89a8acc6e03ffff,89a8acc6e0bffff,4438518283,5268450220,7.0925,0.720498,average_adult
89a8acc6e03ffff,89a8acc6e0fffff,4438518283,9511225456,4.9178,0.858088,average_adult
89a8acc6e03ffff,89a8acc6e17ffff,4438518283,2648475729,16.4239,0.076832,average_adult
89a8acc6e03ffff,89a8acc6e2bffff,4438518283,2639739303,17.0657,0.052176,average_adult
89a8acc6e03ffff,89a8acc6e33ffff,4438518283,2639739488,15.7553,0.107086,average_adult
89a8acc6e03ffff,89a8acc6e3bffff,4438518283,6994114527,14.6882,0.16418,average_adult
89a8acc6e03ffff,89a8acc6e63ffff,4438518283,2639739375,17.8983,0.027,average_adult
89a8acc6e03ffff,89a8acc6e73ffff,4438518283,6994114573,16.056,0.092921,average_adult
89a8acc6e03ffff,89a8acc6e77ffff,4438518283,6994114774,14.3065,0.186982,average_adult
89a8acc6e03ffff,89a8acc6eabffff,4438518283,2403004414,15.5183,0.118865,average_adult
89a8acc6e07ffff,89a8acc68dbffff,3107399819,2955259009,17.9651,0.025325,average_adult
89a8acc6e07ffff,89a8acc6e03ffff,3107399819,4438518283,7.0933,0.720443,average_adult
89a8acc6e07ffff,89a8acc6e07ffff,3107399819,3107399819,0.5098,0.998398,average_adult
89a8acc6e07ffff,89a8acc6e0bffff,3107399819,5268450220,10.4325,0.466058,average_adult
89a8acc6e07ffff,89a8acc6e0fffff,3107399819,9511225456,8.1349,0.644401,average_adult
89a8acc6e07ffff,89a8acc6e17ffff,3107399819,2648475729,8.4556,0.620109,average_adult
89a8acc6e07ffff,89a8acc6e2bffff,3107399819,2639739303,13.9534,0.209073,average_adult
89a8acc6e07ffff,89a8acc6e33ffff,3107399819,2639739488,11.1926,0.40688,average_adult
89a8acc6e07ffff,89a8acc6e37ffff,3107399819,4441055873,16.9646,0.055766,average_adult
89a8acc6e07ffff,89a8acc6e3bffff,3107399819,6994114527,16.2751,0.083174,average_adult
89a8acc6e07ffff,89a8acc6e73ffff,3107399819,6994114573,19.2731,0.003256,average_adult
89a8acc6e07ffff,89a8acc6e77ffff,3107399819,6994114774,15.8934,0.100471,average_adult
89a8acc6e07ffff,89a8acc6e8fffff,3107399819,2639739589,16.6518,0.067572,average_adult
89a8acc6e07ffff,89a8acc6ea3ffff,3107399819,2955259166,15.8563,0.10223,average_adult
89a8acc6e07ffff,89a8acc6eabffff,3107399819,2403004414,6.7153,0.746682,average_adult
89a8acc6e07ffff,89a8acc6eafffff,3107399819,2955259142,16.1695,0.08781,average_adult
89a8acc6e07ffff,89a8acc6eb3ffff,3107399819,3501190741,19.9673,7e-06,average_adult
89a8acc6e07ffff,89a8acc6ebbffff,3107399819,2648475715,18.1052,0.021984,average_adult
89a8acc6e0bffff,89a8acc6e03ffff,5268450220,4438518283,7.7892,0.670166,average_adult
89a8acc6e0bffff,89a8acc6e07ffff,5268450220,3107399819,14.3893,0.181937,average_adult
89a8acc6e0bffff,89a8acc6e0bffff,5268450220,5268450220,7.0339,0.724617,average_adult
89a8acc6e0bffff,89a8acc6e0fffff,5268450220,9511225456,5.5369,0.822516,average_adult
89a8acc6e0bffff,89a8acc6e2bffff,5268450220,2639739303,18.1644,0.020641,average_adult
89a8acc6e0bffff,89a8acc6e33ffff,5268450220,2639739488,16.8539,0.059824,average_adult
89a8acc6e0bffff,89a8acc6e3bffff,5268450220,6994114527,15.7868,0.105558,average_adult
89a8acc6e0bffff,89a8acc6e63ffff,5268450220,2639739375,18.5575,0.012781,average_adult
89a8acc6e0bffff,89a8acc6e73ffff,5268450220,6994114573,16.6751,0.066657,average_adult
89a8acc6e0bffff,89a8acc6e77ffff,5268450220,6994114774,15.4051,0.12468,average_adult
89a8acc6e0bffff,89a8acc6eabffff,5268450220,2403004414,19.4862,0.001627,average_adult
89a8acc6e0fffff,89a8acc6e03ffff,9511225456,4438518283,5.8895,0.80087,average_adult
89a8acc6e0fffff,89a8acc6e07ffff,9511225456,3107399819,12.3423,0.320155,average_adult
89a8acc6e0fffff,89a8acc6e0bffff,9511225456,5268450220,5.6505,0.815646,average_adult
89a8acc6e0fffff,89a8acc6e0fffff,9511225456,9511225456,3.0664,0.94311,average_adult
89a8acc6e0fffff,89a8acc6e17ffff,9511225456,2648475729,18.517,0.013505,average_adult
89a8acc6e0fffff,89a8acc6e2bffff,9511225456,2639739303,15.9803,0.096401,average_adult
89a8acc6e0fffff,89a8acc6e33ffff,9511225456,2639739488,14.6698,0.16525,average_adult
89a8acc6e0fffff,89a8acc6e3bffff,9511225456,6994114527,13.6028,0.231903,average_adult
89a8acc6e0fffff,89a8acc6e63ffff,9511225456,2639739375,16.087,0.091513,average_adult
89a8acc6e0fffff,89a8acc6e73ffff,9511225456,6994114573,14.2046,0.19326,average_adult
89a8acc6e0fffff,89a8acc6e77ffff,9511225456,6994114774,13.221,0.257676,average_adult
89a8acc6e0fffff,89a8acc6eabffff,9511225456,2403004414,17.4393,0.039906,average_adult
89a8acc6e13ffff,89a8acc6e07ffff,11378070444,3107399819,17.8235,0.028937,average_adult
89a8acc6e13ffff,89a8acc6e13ffff,11378070444,11378070444,5.1364,0.845897,average_adult
89a8acc6e13ffff,89a8acc6e17ffff,11378070444,2648475729,14.8038,0.157511,average_adult
89a8acc6e13ffff,89a8acc6e1bffff,11378070444,11378070444,5.9721,0.795664,average_adult
89a8acc6e13ffff,89a8acc6e8fffff,11378070444,2639739589,16.0076,0.095142,average_adult
89a8acc6e13ffff,89a8acc6ebbffff,11378070444,2648475715,17.5507,0.03655,average_adult
89a8acc6e13ffff,89a8acc6ec7ffff,11378070444,11378070444,4.3596,0.887274,average_adult
89a8acc6e17ffff,89a8acc6e03ffff,2648475729,4438518283,10.7094,0.444398,average_adult
89a8acc6e17ffff,89a8acc6e07ffff,2648475729,3107399819,5.9735,0.795574,average_adult
89a8acc6e17ffff,89a8acc6e0bffff,2648475729,5268450220,14.1338,0.197673,average_adult
89a8acc6e17ffff,89a8acc6e0fffff,2648475729,9511225456,11.8361,0.357782,average_adult
89a8acc6e17ffff,89a8acc6e17ffff,2648475729,2648475729,1.4991,0.986202,average_adult
89a8acc6e17ffff,89a8acc6e2bffff,2648475729,2639739303,18.4224,0.015273,average_adult
89a8acc6e17ffff,89a8acc6e33ffff,2648475729,2639739488,15.3319,0.128501,average_adult
89a8acc6e17ffff,89a8acc6e87ffff,2648475729,2648494986,18.0243,0.023885,average_adult
89a8acc6e17ffff,89a8acc6e8fffff,2648475729,2639739589,12.0328,0.343044,average_adult
89a8acc6e17ffff,89a8acc6ea3ffff,2648475729,2955259166,17.1605,0.048918,average_adult
89a8acc6e17ffff,89a8acc6eabffff,2648475729,2403004414,9.338,0.551899,average_adult
89a8acc6e17ffff,89a8acc6eafffff,2648475729,2955259142,17.7371,0.031257,average_adult
89a8acc6e17ffff,89a8acc6eb3ffff,2648475729,3501190741,17.7468,0.030992,average_adult
89a8acc6e17ffff,89a8acc6eb7ffff,2648475729,2955259190,19.7933,0.000263,average_adult
89a8acc6e17ffff,89a8acc6ebbffff,2648475729,2648475715,13.5374,0.236252,average_adult
89a8acc6e1bffff,89a8acc6e07ffff,11378070444,3107399819,18.6592,0.011049,average_adult
89a8acc6e1bffff,89a8acc6e13ffff,11378070444,11378070444,5.9721,0.795664,average_adult
89a8acc6e1bffff,89a8acc6e17ffff,11378070444,2648475729,15.6394,0.112777,average_adult
89a8acc6e1bffff,89a8acc6e1bffff,11378070444,11378070444,6.8078,0.740343,average_adult
89a8acc6e1bffff,89a8acc6e8fffff,11378070444,2639739589,16.8432,0.06022,average_adult
89a8acc6e1bffff,89a8acc6ebbffff,11378070444,2648475715,18.3864,0.015975,average_adult
89a8acc6e1bffff,89a8acc6ec7ffff,11378070444,11378070444,5.1952,0.842547,average_adult
89a8acc6e23ffff,89a8acc68cbffff,4439995409,6770713434,14.6778,0.164783,average_adult
89a8acc6e23ffff,89a8acc68dbffff,4439995409,2955259009,16.455,0.075538,average_adult
89a8acc6e23ffff,89a8acc6e23ffff,4439995409,4439995409,0.6483,0.99741,average_adult
89a8acc6e23ffff,89a8acc6e37ffff,4439995409,4441055873,12.0957,0.338361,average_adult
89a8acc6e27ffff,89a8acc6843ffff,3082243611,3082243627,17.276,0.045078,average_adult
89a8acc6e27ffff,89a8acc6853ffff,3082243611,3507851533,8.2806,0.633406,average_adult
89a8acc6e27ffff,89a8acc6857ffff,3082243611,3507851199,19.8077,0.000228,average_adult
89a8acc6e27ffff,89a8acc685bffff,3082243611,3082247660,17.0707,0.052003,average_adult
89a8acc6e27ffff,89a8acc68c3ffff,3082243611,3509282844,18.9202,0.007175,average_adult
89a8acc6e27ffff,89a8acc68cfffff,3082243611,3507851207,15.2367,0.133549,average_adult
89a8acc6e27ffff,89a8acc68dbffff,3082243611,2955259009,19.7216,0.000478,average_adult
89a8acc6e27ffff,89a8acc6a93ffff,3082243611,2639739558,13.0405,0.270178,average_adult
89a8acc6e27ffff,89a8acc6a97ffff,3082243611,2639739558,12.1375,0.33526,average_adult
89a8acc6e27ffff,89a8acc6e27ffff,3082243611,3082243611,0.3142,0.999391,average_adult
89a8acc6e27ffff,89a8acc6e2bffff,3082243611,2639739303,14.9931,0.146828,average_adult
89a8acc6e27ffff,89a8acc6e2fffff,3082243611,2639739558,9.3753,0.548985,average_adult
89a8acc6e27ffff,89a8acc6e33ffff,3082243611,2639739488,19.9755,4e-06,average_adult
89a8acc6e27ffff,89a8acc6e77ffff,3082243611,6994114774,18.7243,0.010005,average_adult
89a8acc6e2bffff,89a8acc6e03ffff,2639739303,4438518283,16.9494,0.056314,average_adult
89a8acc6e2bffff,89a8acc6e07ffff,2639739303,3107399819,14.8529,0.154708,average_adult
89a8acc6e2bffff,89a8acc6e0bffff,2639739303,5268450220,17.19,0.047921,average_adult
89a8acc6e2bffff,89a8acc6e0fffff,2639739303,9511225456,14.8924,0.152475,average_adult
89a8acc6e2bffff,89a8acc6e27ffff,2639739303,3082243611,15.7104,0.109272,average_adult
89a8acc6e2bffff,89a8acc6e2bffff,2639739303,2639739303,4.101,0.899797,average_adult
89a8acc6e2bffff,89a8acc6e33ffff,2639739303,2639739488,10.4862,0.461847,average_adult
89a8acc6e2bffff,89a8acc6e3bffff,2639739303,6994114527,12.3699,0.31814,average_adult
89a8acc6e2bffff,89a8acc6e63ffff,2639739303,2639739375,18.0555,0.023142,average_adult
89a8acc6e2bffff,89a8acc6e6fffff,2639739303,7886908967,19.0035,0.006112,average_adult
89a8acc6e2bffff,89a8acc6e73ffff,2639739303,6994114573,16.5425,0.071946,average_adult
89a8acc6e2bffff,89a8acc6e77ffff,2639739303,6994114774,7.8321,0.666995,average_adult
89a8acc6e2bffff,89a8acc6eabffff,2639739303,2403004414,16.7216,0.064847,average_adult
89a8acc6e2fffff,89a8acc6853ffff,2639739558,3507851533,15.0225,0.145201,average_adult
89a8acc6e2fffff,89a8acc685bffff,2639739558,3082247660,19.9746,4e-06,average_adult
89a8acc6e2fffff,89a8acc6a93ffff,2639739558,2639739558,5.1984,0.842363,average_adult
89a8acc6e2fffff,89a8acc6a97ffff,2639739558,2639739558,4.2954,0.890439,average_adult
89a8acc6e2fffff,89a8acc6e27ffff,2639739558,3082243611,7.0561,0.723061,average_adult
89a8acc6e2fffff,89a8acc6e2bffff,2639739558,2639739303,16.5843,0.070256,average_adult
89a8acc6e2fffff,89a8acc6e2fffff,2639739558,2639739558,1.5333,0.985568,average_adult
89a8acc6e33ffff,89a8acc68cbffff,2639739488,6770713434,17.2422,0.046184,average_adult
89a8acc6e33ffff,89a8acc68d3ffff,2639739488,2955259026,18.2111,0.019611,average_adult
89a8acc6e33ffff,89a8acc68dbffff,2639739488,2955259009,11.9082,0.352363,average_adult
89a8acc6e33ffff,89a8acc6e03ffff,2639739488,4438518283,17.0638,0.052243,average_adult
89a8acc6e33ffff,89a8acc6e07ffff,2639739488,3107399819,14.1469,0.196855,average_adult
89a8acc6e33ffff,89a8acc6e0bffff,2639739488,5268450220,17.3044,0.044156,average_adult
89a8acc6e33ffff,89a8acc6e0fffff,2639739488,9511225456,15.0068,0.146072,average_adult
89a8acc6e33ffff,89a8acc6e2bffff,2639739488,2639739303,12.1303,0.335791,average_adult
89a8acc6e33ffff,89a8acc6e33ffff,2639739488,2639739488,1.0561,0.993136,average_adult
89a8acc6e33ffff,89a8acc6e37ffff,2639739488,4441055873,10.8569,0.432903,average_adult
89a8acc6e33ffff,89a8acc6e3bffff,2639739488,6994114527,16.985,0.055035,average_adult
89a8acc6e33ffff,89a8acc6e77ffff,2639739488,6994114774,15.8614,0.101983,average_adult
89a8acc6e33ffff,89a8acc6ea3ffff,2639739488,2955259166,17.9731,0.025129,average_adult
89a8acc6e33ffff,89a8acc6eabffff,2639739488,2403004414,8.9272,0.583859,average_adult
89a8acc6e33ffff,89a8acc6eafffff,2639739488,2955259142,13.4721,0.240622,average_adult
89a8acc6e37ffff,89a8acc68cbffff,4441055873,6770713434,7.2715,0.707794,average_adult
89a8acc6e37ffff,89a8acc68d3ffff,4441055873,2955259026,13.2411,0.256299,average_adult
89a8acc6e37ffff,89a8acc68d7ffff,4441055873,2955259012,19.8087,0.000226,average_adult
89a8acc6e37ffff,89a8acc68dbffff,4441055873,2955259009,7.8341,0.666846,average_adult
89a8acc6e37ffff,89a8acc6c6bffff,4441055873,965038276,19.7263,0.000462,average_adult
89a8acc6e37ffff,89a8acc6e07ffff,4441055873,3107399819,19.921,3.8e-05,average_adult
89a8acc6e37ffff,89a8acc6e23ffff,4441055873,4439995409,17.3573,0.042464,average_adult
89a8acc6e37ffff,89a8acc6e33ffff,4441055873,2639739488,10.548,0.457016,average_adult
89a8acc6e37ffff,89a8acc6e37ffff,4441055873,4441055873,0.3968,0.999029,average_adult
89a8acc6e37ffff,89a8acc6ea3ffff,4441055873,2955259166,19.8262,0.000186,average_adult
89a8acc6e37ffff,89a8acc6ea7ffff,4441055873,3411176963,17.4737,0.038853,average_adult
89a8acc6e37ffff,89a8acc6eabffff,4441055873,2403004414,13.6696,0.227486,average_adult
89a8acc6e37ffff,89a8acc6eafffff,4441055873,2955259142,14.6227,0.168009,average_adult
89a8acc6e3bffff,89a8acc6e03ffff,6994114527,4438518283,14.0562,0.202548,average_adult
89a8acc6e3bffff,89a8acc6e07ffff,6994114527,3107399819,17.3511,0.042662,average_adult
89a8acc6e3bffff,89a8acc6e0bffff,6994114527,5268450220,14.2968,0.187577,average_adult
89a8acc6e3bffff,89a8acc6e0fffff,6994114527,9511225456,11.9991,0.345557,average_adult
89a8acc6e3bffff,89a8acc6e2bffff,6994114527,2639739303,13.1578,0.262031,average_adult
89a8acc6e3bffff,89a8acc6e33ffff,6994114527,2639739488,15.1067,0.140571,average_adult
89a8acc6e3bffff,89a8acc6e3bffff,6994114527,6994114527,1.0196,0.993601,average_adult
89a8acc6e3bffff,89a8acc6e63ffff,6994114527,2639739375,17.3919,0.041377,average_adult
89a8acc6e3bffff,89a8acc6e67ffff,6994114527,13229907438,19.6691,0.000675,average_adult
89a8acc6e3bffff,89a8acc6e6fffff,6994114527,7886908967,18.3399,0.016905,average_adult
89a8acc6e3bffff,89a8acc6e73ffff,6994114527,6994114573,15.8788,0.101158,average_adult
89a8acc6e3bffff,89a8acc6e77ffff,6994114527,6994114774,7.1684,0.715131,average_adult
89a8acc6e3bffff,89a8acc6eabffff,6994114527,2403004414,19.2197,0.003751,average_adult
89a8acc6e63ffff,89a8acc6e03ffff,2639739375,4438518283,13.3695,0.247541,average_adult
89a8acc6e63ffff,89a8acc6e07ffff,2639739375,3107399819,19.8224,0.000195,average_adult
89a8acc6e63ffff,89a8acc6e0bffff,2639739375,5268450220,13.1306,0.263917,average_adult
89a8acc6e63ffff,89a8acc6e0fffff,2639739375,9511225456,10.5465,0.457132,average_adult
89a8acc6e63ffff,89a8acc6e2bffff,2639739375,2639739303,15.7209,0.108759,average_adult
89a8acc6e63ffff,89a8acc6e3bffff,2639739375,6994114527,14.2693,0.189264,average_adult
89a8acc6e63ffff,89a8acc6e63ffff,2639739375,2639739375,0.5442,0.998174,average_adult
89a8acc6e63ffff,89a8acc6e67ffff,2639739375,13229907438,10.2748,0.478425,average_adult
89a8acc6e63ffff,89a8acc6e6fffff,2639739375,7886908967,8.9455,0.58244,average_adult
89a8acc6e63ffff,89a8acc6e73ffff,2639739375,6994114573,5.7098,0.812017,average_adult
89a8acc6e63ffff,89a8acc6e77ffff,2639739375,6994114774,7.0701,0.722074,average_adult
89a8acc6e67ffff,89a8acc6e3bffff,13229907438,6994114527,18.665,0.010954,average_adult
89a8acc6e67ffff,89a8acc6e63ffff,13229907438,2639739375,15.0619,0.143025,average_adult
89a8acc6e67ffff,89a8acc6e67ffff,13229907438,13229907438,4.5736,0.876426,average_adult
89a8acc6e67ffff,89a8acc6e6fffff,13229907438,7886908967,5.0926,0.848373,average_adult
89a8acc6e67ffff,89a8acc6e73ffff,13229907438,6994114573,18.4456,0.014831,average_adult
89a8acc6e67ffff,89a8acc6e77ffff,13229907438,6994114774,10.8819,0.430957,average_adult
89a8acc6e6fffff,89a8acc6e0fffff,7886908967,9511225456,19.9829,2e-06,average_adult
89a8acc6e6fffff,89a8acc6e2bffff,7886908967,2639739303,18.7873,0.009044,average_adult
89a8acc6e6fffff,89a8acc6e3bffff,7886908967,6994114527,17.3357,0.043152,average_adult
89a8acc6e6fffff,89a8acc6e63ffff,7886908967,2639739375,13.7327,0.223348,average_adult
89a8acc6e6fffff,89a8acc6e67ffff,7886908967,13229907438,5.0926,0.848373,average_adult
89a8acc6e6fffff,89a8acc6e6fffff,7886908967,7886908967,2.8286,0.951453,average_adult
89a8acc6e6fffff,89a8acc6e73ffff,7886908967,6994114573,17.1163,0.050424,average_adult
89a8acc6e6fffff,89a8acc6e77ffff,7886908967,6994114774,9.5526,0.535107,average_adult
89a8acc6e73ffff,89a8acc6e03ffff,6994114573,4438518283,12.6755,0.295995,average_adult
89a8acc6e73ffff,89a8acc6e07ffff,6994114573,3107399819,19.1284,0.004679,average_adult
89a8acc6e73ffff,89a8acc6e0bffff,6994114573,5268450220,12.4365,0.313272,average_adult
89a8acc6e73ffff,89a8acc6e0fffff,6994114573,9511225456,9.8525,0.511585,average_adult
89a8acc6e73ffff,89a8acc6e2bffff,6994114573,2639739303,15.9626,0.097227,average_adult
89a8acc6e73ffff,89a8acc6e3bffff,6994114573,6994114527,14.5109,0.174624,average_adult
89a8acc6e73ffff,89a8acc6e63ffff,6994114573,2639739375,6.1023,0.787357,average_adult
89a8acc6e73ffff,89a8acc6e67ffff,6994114573,13229907438,15.8328,0.103347,average_adult
89a8acc6e73ffff,89a8acc6e6fffff,6994114573,7886908967,14.5036,0.175062,average_adult
89a8acc6e73ffff,89a8acc6e73ffff,6994114573,6994114573,3.8,0.913542,average_adult
89a8acc6e73ffff,89a8acc6e77ffff,6994114573,6994114774,7.806,0.668929,average_adult
89a8acc6e77ffff,89a8acc6a9bffff,6994114774,11378069599,17.2722,0.0452,average_adult
89a8acc6e77ffff,89a8acc6e03ffff,6994114774,4438518283,14.7239,0.162107,average_adult
89a8acc6e77ffff,89a8acc6e07ffff,6994114774,3107399819,18.0188,0.024018,average_adult
89a8acc6e77ffff,89a8acc6e0bffff,6994114774,5268450220,14.9645,0.148425,average_adult
89a8acc6e77ffff,89a8acc6e0fffff,6994114774,9511225456,12.6668,0.296621,average_adult
89a8acc6e77ffff,89a8acc6e2bffff,6994114774,2639739303,9.6976,0.52374,average_adult
89a8acc6e77ffff,89a8acc6e33ffff,6994114774,2639739488,15.7744,0.106158,average_adult
89a8acc6e77ffff,89a8acc6e3bffff,6994114774,6994114527,8.246,0.636023,average_adult
89a8acc6e77ffff,89a8acc6e63ffff,6994114774,2639739375,11.5962,0.375942,average_adult
89a8acc6e77ffff,89a8acc6e67ffff,6994114774,13229907438,13.0459,0.269796,average_adult
89a8acc6e77ffff,89a8acc6e6fffff,6994114774,7886908967,11.7167,0.3668,average_adult
89a8acc6e77ffff,89a8acc6e73ffff,6994114774,6994114573,10.2514,0.480259,average_adult
89a8acc6e77ffff,89a8acc6e77ffff,6994114774,6994114774,0.4629,0.998679,average_adult
89a8acc6e77ffff,89a8acc6eabffff,6994114774,2403004414,19.8874,7.8e-05,average_adult
89a8acc6e83ffff,89a8acc6127ffff,2331878544,3880605752,17.4691,0.038993,average_adult
89a8acc6e83ffff,89a8acc612bffff,2331878544,3880662273,16.0325,0.093999,average_adult
89a8acc6e83ffff,89a8acc6163ffff,2331878544,3880605998,19.8681,0.000107,average_adult
89a8acc6e83ffff,89a8acc6167ffff,2331878544,3880662263,12.3925,0.316482,average_adult
89a8acc6e83ffff,89a8acc616fffff,2331878544,8356539506,11.1828,0.407638,average_adult
89a8acc6e83ffff,89a8acc6177ffff,2331878544,3880662275,19.3491,0.002611,average_adult
89a8acc6e83ffff,89a8acc6c43ffff,2331878544,3425558055,16.1454,0.088886,average_adult
89a8acc6e83ffff,89a8acc6c4bffff,2331878544,3425557950,10.6669,0.447715,average_adult
89a8acc6e83ffff,89a8acc6c4fffff,2331878544,2955259222,17.3149,0.043819,average_adult
89a8acc6e83ffff,89a8acc6c53ffff,2331878544,3425558243,17.8941,0.027107,average_adult
89a8acc6e83ffff,89a8acc6c5bffff,2331878544,5653229020,14.4105,0.180653,average_adult
89a8acc6e83ffff,89a8acc6e83ffff,2331878544,2331878544,0.5897,0.997856,average_adult
89a8acc6e83ffff,89a8acc6e87ffff,2331878544,2648494986,10.0167,0.498687,average_adult
89a8acc6e83ffff,89a8acc6e8bffff,2331878544,4439551769,8.4986,0.616829,average_adult
89a8acc6e83ffff,89a8acc6e8fffff,2331878544,2639739589,16.6948,0.065887,average_adult
89a8acc6e83ffff,89a8acc6e93ffff,2331878544,2331878534,5.471,0.826451,average_adult
89a8acc6e83ffff,89a8acc6e97ffff,2331878544,2331878569,7.0297,0.724913,average_adult
89a8acc6e83ffff,89a8acc6e9bffff,2331878544,2648495024,6.8941,0.734376,average_adult
89a8acc6e83ffff,89a8acc6ed7ffff,2331878544,4452336172,14.3815,0.18241,average_adult
89a8acc6e87ffff,89a8acc6127ffff,2648494986,3880605752,18.6182,0.011732,average_adult
89a8acc6e87ffff,89a8acc6c43ffff,2648494986,3425558055,12.6389,0.298624,average_adult
89a8acc6e87ffff,89a8acc6c47ffff,2648494986,5653257029,19.0586,0.005456,average_adult
89a8acc6e87ffff,89a8acc6c4bffff,2648494986,3425557950,7.9692,0.656806,average_adult
89a8acc6e87ffff,89a8acc6c4fffff,2648494986,2955259222,13.8084,0.218412,average_adult
89a8acc6e87ffff,89a8acc6c53ffff,2648494986,3425558243,15.5751,0.115991,average_adult
89a8acc6e87ffff,89a8acc6c57ffff,2648494986,3513038267,19.6305,0.000842,average_adult
89a8acc6e87ffff,89a8acc6c5bffff,2648494986,5653229020,15.0841,0.141807,average_adult
89a8acc6e87ffff,89a8acc6c7bffff,2648494986,2955259207,19.1584,0.004363,average_adult
89a8acc6e87ffff,89a8acc6e83ffff,2648494986,2331878544,9.8575,0.511192,average_adult
89a8acc6e87ffff,89a8acc6e87ffff,2648494986,2648494986,1.5407,0.985428,average_adult
89a8acc6e87ffff,89a8acc6e8bffff,2648494986,4439551769,16.1826,0.087229,average_adult
89a8acc6e87ffff,89a8acc6e8fffff,2648494986,2639739589,15.2853,0.130965,average_adult
89a8acc6e87ffff,89a8acc6e93ffff,2648494986,2331878534,12.8726,0.281967,average_adult
89a8acc6e87ffff,89a8acc6e97ffff,2648494986,2331878569,7.0238,0.725329,average_adult
89a8acc6e87ffff,89a8acc6e9bffff,2648494986,2648495024,15.8567,0.102211,average_adult
89a8acc6e87ffff,89a8acc6eb3ffff,2648494986,3501190741,16.1628,0.088107,average_adult
89a8acc6e8bffff,89a8acc612bffff,4439551769,3880662273,19.5523,0.001236,average_adult
89a8acc6e8bffff,89a8acc6167ffff,4439551769,3880662263,15.9124,0.099575,average_adult
89a8acc6e8bffff,89a8acc616fffff,4439551769,8356539506,14.7026,0.163342,average_adult
89a8acc6e8bffff,89a8acc6c4bffff,4439551769,3425557950,16.8862,0.058626,average_adult
89a8acc6e8bffff,89a8acc6e83ffff,4439551769,2331878544,6.8416,0.738007,average_adult
89a8acc6e8bffff,89a8acc6e87ffff,4439551769,2648494986,14.3352,0.185227,average_adult
89a8acc6e8bffff,89a8acc6e8bffff,4439551769,4439551769,5.6586,0.815151,average_adult
89a8acc6e8bffff,89a8acc6e93ffff,4439551769,2331878534,11.7229,0.366328,average_adult
89a8acc6e8bffff,89a8acc6e97ffff,4439551769,2331878569,13.2816,0.253526,average_adult
89a8acc6e8bffff,89a8acc6e9bffff,4439551769,2648495024,10.4139,0.467516,average_adult
89a8acc6e8bffff,89a8acc6ed7ffff,4439551769,4452336172,17.9013,0.026924,average_adult
89a8acc6e8fffff,89a8acc6c43ffff,2639739589,3425558055,19.2104,0.003841,average_adult
89a8acc6e8fffff,89a8acc6c4bffff,2639739589,3425557950,14.5406,0.172855,average_adult
89a8acc6e8fffff,89a8acc6e03ffff,2639739589,4438518283,19.3819,0.002355,average_adult
89a8acc6e8fffff,89a8acc6e07ffff,2639739589,3107399819,12.8058,0.286699,average_adult
89a8acc6e8fffff,89a8acc6e17ffff,2639739589,2648475729,10.8188,0.435872,average_adult
89a8acc6e8fffff,89a8acc6e83ffff,2639739589,2331878544,11.4351,0.388242,average_adult
89a8acc6e8fffff,89a8acc6e87ffff,2639739589,2648494986,8.7189,0.599943,average_adult
89a8acc6e8fffff,89a8acc6e8bffff,2639739589,4439551769,16.9319,0.056951,average_adult
89a8acc6e8fffff,89a8acc6e8fffff,2639739589,2639739589,2.7273,0.954814,average_adult
89a8acc6e8fffff,89a8acc6e93ffff,2639739589,2331878534,15.834,0.103289,average_adult
89a8acc6e8fffff,89a8acc6e97ffff,2639739589,2331878569,11.8646,0.355639,average_adult
89a8acc6e8fffff,89a8acc6e9bffff,2639739589,2648495024,16.6059,0.069392,average_adult
89a8acc6e8fffff,89a8acc6ea3ffff,2639739589,2955259166,17.533,0.037075,average_adult
89a8acc6e8fffff,89a8acc6eabffff,2639739589,2403004414,15.7587,0.106917,average_adult
89a8acc6e8fffff,89a8acc6eafffff,2639739589,2955259142,18.1096,0.021883,average_adult
89a8acc6e8fffff,89a8acc6eb3ffff,2639739589,3501190741,17.6826,0.032761,average_adult
89a8acc6e8fffff,89a8acc6ebbffff,2639739589,2648475715,11.7593,0.363575,average_adult
89a8acc6e93ffff,89a8acc6127ffff,2331878534,3880605752,14.6995,0.163524,average_adult
89a8acc6e93ffff,89a8acc612bffff,2331878534,3880662273,12.8179,0.285839,average_adult
89a8acc6e93ffff,89a8acc6163ffff,2331878534,3880605998,16.6535,0.067505,average_adult
89a8acc6e93ffff,89a8acc6167ffff,2331878534,3880662263,9.178,0.564381,average_adult
89a8acc6e93ffff,89a8acc616fffff,2331878534,8356539506,13.3201,0.250904,average_adult
89a8acc6e93ffff,89a8acc6173ffff,2331878534,3880661530,19.5289,0.001368,average_adult
89a8acc6e93ffff,89a8acc6177ffff,2331878534,3880662275,16.1345,0.089372,average_adult
89a8acc6e93ffff,89a8acc6c43ffff,2331878534,3425558055,18.7864,0.009058,average_adult
89a8acc6e93ffff,89a8acc6c4bffff,2331878534,3425557950,13.3079,0.25173,average_adult
89a8acc6e93ffff,89a8acc6c4fffff,2331878534,2955259222,19.9559,1.2e-05,average_adult
89a8acc6e93ffff,89a8acc6c53ffff,2331878534,3425558243,16.2887,0.082585,average_adult
89a8acc6e93ffff,89a8acc6c5bffff,2331878534,5653229020,11.6408,0.372551,average_adult
89a8acc6e93ffff,89a8acc6e83ffff,2331878534,2331878544,6.5646,0.756908,average_adult
89a8acc6e93ffff,89a8acc6e87ffff,2331878534,2648494986,14.738,0.161295,average_adult
89a8acc6e93ffff,89a8acc6e8bffff,2331878534,4439551769,14.4735,0.176861,average_adult
89a8acc6e93ffff,89a8acc6e93ffff,2331878534,2331878534,1.3724,0.988427,average_adult
89a8acc6e93ffff,89a8acc6e97ffff,2331878534,2331878569,7.7212,0.675181,average_adult
89a8acc6e93ffff,89a8acc6e9bffff,2331878534,2648495024,9.3387,0.551846,average_adult
89a8acc6e93ffff,89a8acc6ed7ffff,2331878534,4452336172,16.8261,0.060863,average_adult
89a8acc6e97ffff,89a8acc6127ffff,2331878569,3880605752,12.694,0.29467,average_adult
89a8acc6e97ffff,89a8acc612bffff,2331878569,3880662273,14.511,0.174622,average_adult
89a8acc6e97ffff,89a8acc6167ffff,2331878569,3880662263,14.5105,0.174649,average_adult
89a8acc6e97ffff,89a8acc616fffff,2331878569,8356539506,17.2445,0.046109,average_adult
89a8acc6e97ffff,89a8acc6177ffff,2331878569,3880662275,18.3833,0.016037,average_adult
89a8acc6e97ffff,89a8acc6c43ffff,2331878569,3425558055,12.3068,0.322767,average_adult
89a8acc6e97ffff,89a8acc6c47ffff,2331878569,5653257029,18.7265,0.009971,average_adult
89a8acc6e97ffff,89a8acc6c4bffff,2331878569,3425557950,6.8283,0.738927,average_adult
89a8acc6e97ffff,89a8acc6c4fffff,2331878569,2955259222,13.4762,0.240344,average_adult
89a8acc6e97ffff,89a8acc6c53ffff,2331878569,3425558243,14.0249,0.204526,average_adult
89a8acc6e97ffff,89a8acc6c57ffff,2331878569,3513038267,19.2983,0.003034,average_adult
89a8acc6e97ffff,89a8acc6c5bffff,2331878569,5653229020,9.6354,0.52862,average_adult
89a8acc6e97ffff,89a8acc6e83ffff,2331878569,2331878544,7.1171,0.718764,average_adult
89a8acc6e97ffff,89a8acc6e87ffff,2331878569,2648494986,8.2846,0.633099,average_adult
89a8acc6e97ffff,89a8acc6e8bffff,2331878569,4439551769,15.026,0.145007,average_adult
89a8acc6e97ffff,89a8acc6e8fffff,2331878569,2639739589,18.4298,0.015132,average_adult
89a8acc6e97ffff,89a8acc6e93ffff,2331878569,2331878534,6.7049,0.747394,average_adult
89a8acc6e97ffff,89a8acc6e97ffff,2331878569,2331878569,0.8561,0.995486,average_adult
89a8acc6e97ffff,89a8acc6e9bffff,2331878569,2648495024,12.9558,0.276103,average_adult
89a8acc6e97ffff,89a8acc6eb3ffff,2331878569,3501190741,17.0454,0.052888,average_adult
89a8acc6e9bffff,89a8acc6127ffff,2648495024,3880605752,19.8745,9.7e-05,average_adult
89a8acc6e9bffff,89a8acc612bffff,2648495024,3880662273,10.6532,0.448786,average_adult
89a8acc6e9bffff,89a8acc6163ffff,2648495024,3880605998,14.4888,0.175943,average_adult
89a8acc6e9bffff,89a8acc6167ffff,2648495024,3880662263,7.0133,0.726063,average_adult
89a8acc6e9bffff,89a8acc616fffff,2648495024,8356539506,5.8036,0.806232,average_adult
89a8acc6e9bffff,89a8acc6173ffff,2648495024,3880661530,17.3643,0.042244,average_adult
89a8acc6e9bffff,89a8acc6177ffff,2648495024,3880662275,13.9699,0.208026,average_adult
89a8acc6e9bffff,89a8acc6c4bffff,2648495024,3425557950,17.2022,0.047512,average_adult
89a8acc6e9bffff,89a8acc6c5bffff,2648495024,5653229020,16.8158,0.061249,average_adult
89a8acc6e9bffff,89a8acc6e83ffff,2648495024,2331878544,7.125,0.718202,average_adult
89a8acc6e9bffff,89a8acc6e87ffff,2648495024,2648494986,15.8402,0.102995,average_adult
89a8acc6e9bffff,89a8acc6e8bffff,2648495024,4439551769,12.2449,0.327319,average_adult
89a8acc6e9bffff,89a8acc6e93ffff,2648495024,2331878534,6.5474,0.758068,average_adult
89a8acc6e9bffff,89a8acc6e97ffff,2648495024,2331878569,12.8962,0.280301,average_adult
89a8acc6e9bffff,89a8acc6e9bffff,2648495024,2648495024,1.5148,0.985911,average_adult
89a8acc6e9bffff,89a8acc6ed7ffff,2648495024,4452336172,9.0023,0.578042,average_adult
89a8acc6ea3ffff,89a8acc68cbffff,2955259166,6770713434,17.5287,0.037201,average_adult
89a8acc6ea3ffff,89a8acc68d3ffff,2955259166,2955259026,13.377,0.247038,average_adult
89a8acc6ea3ffff,89a8acc68dbffff,2955259166,2955259009,10.9813,0.423233,average_adult
89a8acc6ea3ffff,89a8acc6c43ffff,2955259166,3425558055,15.5345,0.118044,average_adult
89a8acc6ea3ffff,89a8acc6c47ffff,2955259166,5653257029,16.8394,0.060365,average_adult
89a8acc6ea3ffff,89a8acc6c4bffff,2955259166,3425557950,14.5076,0.174824,average_adult
89a8acc6ea3ffff,89a8acc6c4fffff,2955259166,2955259222,11.4625,0.386147,average_adult
89a8acc6ea3ffff,89a8acc6c6bffff,2955259166,965038276,14.3627,0.183549,average_adult
89a8acc6ea3ffff,89a8acc6c73ffff,2955259166,2336108293,17.8633,0.0279,average_adult
89a8acc6ea3ffff,89a8acc6c7bffff,2955259166,2955259207,10.8958,0.429875,average_adult
89a8acc6ea3ffff,89a8acc6e03ffff,2955259166,4438518283,19.6462,0.000772,average_adult
89a8acc6ea3ffff,89a8acc6e07ffff,2955259166,3107399819,14.9147,0.151218,average_adult
89a8acc6ea3ffff,89a8acc6e17ffff,2955259166,2648475729,16.5926,0.069924,average_adult
89a8acc6ea3ffff,89a8acc6e33ffff,2955259166,2639739488,11.9604,0.34845,average_adult
89a8acc6ea3ffff,89a8acc6e37ffff,2955259166,4441055873,14.2022,0.193412,average_adult
89a8acc6ea3ffff,89a8acc6e87ffff,2955259166,2648494986,19.1443,0.00451,average_adult
89a8acc6ea3ffff,89a8acc6e8fffff,2955259166,2639739589,19.6719,0.000664,average_adult
89a8acc6ea3ffff,89a8acc6e97ffff,2955259166,2331878569,19.8988,6.3e-05,average_adult
89a8acc6ea3ffff,89a8acc6ea3ffff,2955259166,2955259166,0.8897,0.995125,average_adult
89a8acc6ea3ffff,89a8acc6ea7ffff,2955259166,3411176963,15.9528,0.09768,average_adult
89a8acc6ea3ffff,89a8acc6eabffff,2955259166,2403004414,6.0131,0.793061,average_adult
89a8acc6ea3ffff,89a8acc6eafffff,2955259166,2955259142,5.0117,0.852903,average_adult
89a8acc6ea3ffff,89a8acc6eb3ffff,2955259166,3501190741,6.3996,0.767942,average_adult
89a8acc6ea3ffff,89a8acc6eb7ffff,2955259166,2955259190,5.6145,0.817832,average_adult
89a8acc6ea3ffff,89a8acc6ebbffff,2955259166,2648475715,9.2311,0.560244,average_adult
89a8acc6ea7ffff,89a8acc68cbffff,3411176963,6770713434,17.6288,0.034284,average_adult
89a8acc6ea7ffff,89a8acc68d3ffff,3411176963,2955259026,10.0207,0.498375,average_adult
89a8acc6ea7ffff,89a8acc68d7ffff,3411176963,2955259012,16.6795,0.066483,average_adult
89a8acc6ea7ffff,89a8acc68dbffff,3411176963,2955259009,7.7879,0.670265,average_adult
89a8acc6ea7ffff,89a8acc6c47ffff,3411176963,5653257029,19.6965,0.000568,average_adult
89a8acc6ea7ffff,89a8acc6c4fffff,3411176963,2955259222,17.0299,0.053434,average_adult
89a8acc6ea7ffff,89a8acc6c6bffff,3411176963,965038276,10.0988,0.492239,average_adult
89a8acc6ea7ffff,89a8acc6c73ffff,3411176963,2336108293,19.5959,0.001007,average_adult
89a8acc6ea7ffff,89a8acc6c7bffff,3411176963,2955259207,13.0765,0.267666,average_adult
89a8acc6ea7ffff,89a8acc6e33ffff,3411176963,2639739488,19.7125,0.00051,average_adult
89a8acc6ea7ffff,89a8acc6e37ffff,3411176963,4441055873,15.6978,0.109893,average_adult
89a8acc6ea7ffff,89a8acc6ea7ffff,3411176963,3411176963,0.5363,0.998227,average_adult
89a8acc6ea7ffff,89a8acc6eafffff,3411176963,2955259142,15.1856,0.136292,average_adult
89a8acc6ea7ffff,89a8acc6eb7ffff,3411176963,2955259190,15.9031,0.100012,average_adult
89a8acc6eabffff,89a8acc68cbffff,2403004414,6770713434,18.0071,0.024299,average_adult
89a8acc6eabffff,89a8acc68d3ffff,2403004414,2955259026,18.9252,0.007109,average_adult
89a8acc6eabffff,89a8acc68dbffff,2403004414,2955259009,12.6224,0.299816,average_adult
89a8acc6eabffff,89a8acc6c7bffff,2403004414,2955259207,19.9276,3.2e-05,average_adult
89a8acc6eabffff,89a8acc6e03ffff,2403004414,4438518283,14.4602,0.177658,average_adult
89a8acc6eabffff,89a8acc6e07ffff,2403004414,3107399819,9.7541,0.519311,average_adult
89a8acc6eabffff,89a8acc6e0bffff,2403004414,5268450220,17.3505,0.042682,average_adult
89a8acc6eabffff,89a8acc6e0fffff,2403004414,9511225456,15.0528,0.143525,average_adult
89a8acc6eabffff,89a8acc6e17ffff,2403004414,2648475729,13.3354,0.249856,average_adult
89a8acc6eabffff,89a8acc6e2bffff,2403004414,2639739303,15.1465,0.138403,average_adult
89a8acc6eabffff,89a8acc6e33ffff,2403004414,2639739488,6.7745,0.742632,average_adult
89a8acc6eabffff,89a8acc6e37ffff,2403004414,4441055873,11.6218,0.373997,average_adult
89a8acc6eabffff,89a8acc6e3bffff,2403004414,6994114527,17.4682,0.039023,average_adult
89a8acc6eabffff,89a8acc6e77ffff,2403004414,6994114774,17.0864,0.051456,average_adult
89a8acc6eabffff,89a8acc6ea3ffff,2403004414,2955259166,9.9215,0.506169,average_adult
89a8acc6eabffff,89a8acc6eabffff,2403004414,2403004414,0.7805,0.996247,average_adult
89a8acc6eabffff,89a8acc6eafffff,2403004414,2955259142,10.3761,0.470479,average_adult
89a8acc6eabffff,89a8acc6eb3ffff,2403004414,3501190741,14.0325,0.204047,average_adult
89a8acc6eabffff,89a8acc6eb7ffff,2403004414,2955259190,14.6463,0.166625,average_adult
89a8acc6eabffff,89a8acc6ebbffff,2403004414,2648475715,13.0995,0.266068,average_adult
89a8acc6eafffff,89a8acc68cbffff,2955259142,6770713434,13.037,0.270421,average_adult
89a8acc6eafffff,89a8acc68d3ffff,2955259142,2955259026,10.9108,0.428707,average_adult
89a8acc6eafffff,89a8acc68d7ffff,2955259142,2955259012,17.5697,0.035994,average_adult
89a8acc6eafffff,89a8acc68dbffff,2955259142,2955259009,6.4895,0.76195,average_adult
89a8acc6eafffff,89a8acc6c4fffff,2955259142,2955259222,19.5481,0.001259,average_adult
89a8acc6eafffff,89a8acc6c6bffff,2955259142,965038276,17.1732,0.048487,average_adult
89a8acc6eafffff,89a8acc6c7bffff,2955259142,2955259207,18.9815,0.006386,average_adult
89a8acc6eafffff,89a8acc6e07ffff,2955259142,3107399819,18.4901,0.013998,average_adult
89a8acc6eafffff,89a8acc6e33ffff,2955259142,2639739488,10.5022,0.460598,average_adult
89a8acc6eafffff,89a8acc6e37ffff,2955259142,4441055873,11.106,0.413572,average_adult
89a8acc6eafffff,89a8acc6ea3ffff,2955259142,2955259166,9.366,0.549712,average_adult
89a8acc6eafffff,89a8acc6ea7ffff,2955259142,3411176963,13.4867,0.239641,average_adult
89a8acc6eafffff,89a8acc6eabffff,2955259142,2403004414,10.8204,0.435745,average_adult
89a8acc6eafffff,89a8acc6eafffff,2955259142,2955259142,0.5199,0.998333,average_adult
89a8acc6eafffff,89a8acc6eb3ffff,2955259142,3501190741,13.477,0.240291,average_adult
89a8acc6eafffff,89a8acc6eb7ffff,2955259142,2955259190,13.7002,0.225477,average_adult
89a8acc6eafffff,89a8acc6ebbffff,2955259142,2648475715,14.0566,0.202521,average_adult
89a8acc6eb3ffff,89a8acc6c43ffff,3501190741,3425558055,11.3272,0.396519,average_adult
89a8acc6eb3ffff,89a8acc6c47ffff,3501190741,5653257029,17.2064,0.047371,average_adult
89a8acc6eb3ffff,89a8acc6c4bffff,3501190741,3425557950,10.3002,0.476427,average_adult
89a8acc6eb3ffff,89a8acc6c4fffff,3501190741,2955259222,8.9237,0.58413,average_adult
89a8acc6eb3ffff,89a8acc6c53ffff,3501190741,3425558243,17.3029,0.044204,average_adult
89a8acc6eb3ffff,89a8acc6c57ffff,3501190741,3513038267,18.3187,0.017335,average_adult
89a8acc6eb3ffff,89a8acc6c6bffff,3501190741,965038276,15.7743,0.106162,average_adult
89a8acc6eb3ffff,89a8acc6c73ffff,3501190741,2336108293,18.7047,0.010315,average_adult
89a8acc6eb3ffff,89a8acc6c7bffff,3501190741,2955259207,11.7372,0.365248,average_adult
89a8acc6eb3ffff,89a8acc6e83ffff,3501190741,2331878544,18.5252,0.013357,average_adult
89a8acc6eb3ffff,89a8acc6e87ffff,3501190741,2648494986,14.937,0.149964,average_adult
89a8acc6eb3ffff,89a8acc6e97ffff,3501190741,2331878569,15.6915,0.110204,average_adult
89a8acc6eb3ffff,89a8acc6ea3ffff,3501190741,2955259166,11.294,0.399064,average_adult
89a8acc6eb3ffff,89a8acc6eabffff,3501190741,2403004414,15.1439,0.138544,average_adult
89a8acc6eb3ffff,89a8acc6eafffff,3501190741,2955259142,14.2615,0.189747,average_adult
89a8acc6eb3ffff,89a8acc6eb3ffff,3501190741,3501190741,1.415,0.9877,average_adult
89a8acc6eb3ffff,89a8acc6eb7ffff,3501190741,2955259190,10.626,0.450912,average_adult
89a8acc6eb3ffff,89a8acc6ebbffff,3501190741,2648475715,12.3526,0.319407,average_adult
89a8acc6eb7ffff,89a8acc68d3ffff,2955259190,2955259026,15.5357,0.117981,average_adult
89a8acc6eb7ffff,89a8acc68dbffff,2955259190,2955259009,15.9172,0.099349,average_adult
89a8acc6eb7ffff,89a8acc6c0bffff,2955259190,3380581987,18.2451,0.018878,average_adult
89a8acc6eb7ffff,89a8acc6c43ffff,2955259190,3425558055,11.7218,0.36641,average_adult
89a8acc6eb7ffff,89a8acc6c47ffff,2955259190,5653257029,11.6772,0.36979,average_adult
89a8acc6eb7ffff,89a8acc6c4bffff,2955259190,3425557950,12.6731,0.296174,average_adult
89a8acc6eb7ffff,89a8acc6c4fffff,2955259190,2955259222,6.3003,0.774491,average_adult
89a8acc6eb7ffff,89a8acc6c53ffff,2955259190,3425558243,17.5776,0.035763,average_adult
89a8acc6eb7ffff,89a8acc6c57ffff,2955259190,3513038267,15.7869,0.105554,average_adult
89a8acc6eb7ffff,89a8acc6c63ffff,2955259190,2336034012,17.8895,0.027224,average_adult
89a8acc6eb7ffff,89a8acc6c6bffff,2955259190,965038276,9.2006,0.562621,average_adult
89a8acc6eb7ffff,89a8acc6c73ffff,2955259190,2336108293,12.7011,0.294162,average_adult
89a8acc6eb7ffff,89a8acc6c77ffff,2955259190,2332075047,16.015,0.094802,average_adult
89a8acc6eb7ffff,89a8acc6c7bffff,2955259190,2955259207,5.7337,0.810553,average_adult
89a8acc6eb7ffff,89a8acc6e87ffff,2955259190,2648494986,18.2226,0.01936,average_adult
89a8acc6eb7ffff,89a8acc6e97ffff,2955259190,2331878569,18.3968,0.015771,average_adult
89a8acc6eb7ffff,89a8acc6ea3ffff,2955259190,2955259166,10.5792,0.454573,average_adult
89a8acc6eb7ffff,89a8acc6ea7ffff,2955259190,3411176963,14.3048,0.187085,average_adult
89a8acc6eb7ffff,89a8acc6eabffff,2955259190,2403004414,15.7026,0.109658,average_adult
89a8acc6eb7ffff,89a8acc6eafffff,2955259190,2955259142,13.2326,0.256883,average_adult
89a8acc6eb7ffff,89a8acc6eb3ffff,2955259190,3501190741,10.4529,0.464458,average_adult
89a8acc6eb7ffff,89a8acc6eb7ffff,2955259190,2955259190,0.4524,0.998738,average_adult
89a8acc6eb7ffff,89a8acc6ebbffff,2955259190,2648475715,17.1461,0.049405,average_adult
89a8acc6ebbffff,89a8acc68d3ffff,2648475715,2955259026,18.06,0.023038,average_adult
89a8acc6ebbffff,89a8acc68dbffff,2648475715,2955259009,13.7477,0.222364,average_adult
89a8acc6ebbffff,89a8acc6c43ffff,2648475715,3425558055,16.274,0.083222,average_adult
89a8acc6ebbffff,89a8acc6c4bffff,2648475715,3425557950,15.2471,0.132995,average_adult
89a8acc6ebbffff,89a8acc6c4fffff,2648475715,2955259222,13.8705,0.214395,average_adult
89a8acc6ebbffff,89a8acc6c6bffff,2648475715,965038276,18.5826,0.012342,average_adult
89a8acc6ebbffff,89a8acc6c7bffff,2648475715,2955259207,15.1157,0.140081,average_adult
89a8acc6ebbffff,89a8acc6e03ffff,2648475715,4438518283,19.5205,0.001418,average_adult
89a8acc6ebbffff,89a8acc6e07ffff,2648475715,3107399819,12.9445,0.2769,average_adult
89a8acc6ebbffff,89a8acc6e17ffff,2648475715,2648475729,12.738,0.291524,average_adult
89a8acc6ebbffff,89a8acc6e33ffff,2648475715,2639739488,13.7904,0.219584,average_adult
89a8acc6ebbffff,89a8acc6e37ffff,2648475715,4441055873,16.9686,0.055622,average_adult
89a8acc6ebbffff,89a8acc6e87ffff,2648475715,2648494986,18.9074,0.007346,average_adult
89a8acc6ebbffff,89a8acc6e8fffff,2648475715,2639739589,12.9158,0.278914,average_adult
89a8acc6ebbffff,89a8acc6ea3ffff,2648475715,2955259166,7.2015,0.712782,average_adult
89a8acc6ebbffff,89a8acc6eabffff,2648475715,2403004414,7.7964,0.669632,average_adult
89a8acc6ebbffff,89a8acc6eafffff,2648475715,2955259142,7.7781,0.670985,average_adult
89a8acc6ebbffff,89a8acc6eb3ffff,2648475715,3501190741,7.1391,0.71721,average_adult
89a8acc6ebbffff,89a8acc6eb7ffff,2648475715,2955259190,9.8344,0.513005,average_adult
89a8acc6ebbffff,89a8acc6ebbffff,2648475715,2648475715,1.2157,0.990911,average_adult
89a8acc6ec7ffff,89a8acc6e07ffff,11378070444,3107399819,17.0467,0.052845,average_adult
89a8acc6ec7ffff,89a8acc6e13ffff,11378070444,11378070444,4.3596,0.887274,average_adult
89a8acc6ec7ffff,89a8acc6e17ffff,11378070444,2648475729,14.0269,0.2044,average_adult
89a8acc6ec7ffff,89a8acc6e1bffff,11378070444,11378070444,5.1952,0.842547,average_adult
89a8acc6ec7ffff,89a8acc6e8fffff,11378070444,2639739589,15.2307,0.133868,average_adult
89a8acc6ec7ffff,89a8acc6eabffff,11378070444,2403004414,19.9996,0.0,average_adult
89a8acc6ec7ffff,89a8acc6ebbffff,11378070444,2648475715,16.7739,0.062838,average_adult
89a8acc6ec7ffff,89a8acc6ec7ffff,11378070444,11378070444,3.5827,0.92289,average_adult
89a8acc6ed7ffff,89a8acc612bffff,4452336172,3880662273,18.9641,0.006605,average_adult
89a8acc6ed7ffff,89a8acc6163ffff,4452336172,3880605998,19.8801,8.9e-05,average_adult
89a8acc6ed7ffff,89a8acc6167ffff,4452336172,3880662263,15.3242,0.128908,average_adult
89a8acc6ed7ffff,89a8acc616fffff,4452336172,8356539506,10.6461,0.449343,average_adult
89a8acc6ed7ffff,89a8acc6e83ffff,4452336172,2331878544,15.4359,0.123085,average_adult
89a8acc6ed7ffff,89a8acc6e93ffff,4452336172,2331878534,14.8583,0.154404,average_adult
89a8acc6ed7ffff,89a8acc6e9bffff,4452336172,2648495024,9.8257,0.513685,average_adult
89a8acc6ed7ffff,89a8acc6ed7ffff,4452336172,4452336172,5.7635,0.808715,average_adult
