source_h3_id,target_h3_id,source_node_id,target_node_id,time_min,alpha_20,profile_key
892f5a36053ffff,892f5a36053ffff,1304352680,1304352680,3.9237,0.908,elderly
892f5a36053ffff,892f5a3605bffff,1304352680,2321419350,13.6735,0.227227,elderly
892f5a36053ffff,892f5a36623ffff,1304352680,1075380045,17.7899,0.029829,elderly
892f5a36053ffff,892f5a36627ffff,1304352680,2862866543,8.1464,0.643532,elderly
892f5a36053ffff,892f5a3662fffff,1304352680,380476702,15.4144,0.124196,elderly
892f5a36053ffff,892f5a36637ffff,1304352680,2321360661,17.9847,0.024844,elderly
892f5a3605bffff,892f5a36053ffff,2321419350,1304352680,14.147,0.196846,elderly
892f5a3605bffff,892f5a3605bffff,2321419350,2321419350,1.1801,0.991434,elderly
892f5a3605bffff,892f5a36293ffff,2321419350,2201592550,16.3642,0.079349,elderly
892f5a3605bffff,892f5a36297ffff,2321419350,1304643745,14.7841,0.158639,elderly
892f5a3605bffff,892f5a36623ffff,2321419350,1075380045,14.3352,0.185224,elderly
892f5a3605bffff,892f5a36627ffff,2321419350,2862866543,9.2603,0.557962,elderly
892f5a3605bffff,892f5a3662bffff,2321419350,1304351798,18.7969,0.008902,elderly
892f5a3605bffff,892f5a3662fffff,2321419350,380476702,7.2218,0.711341,elderly
892f5a3605bffff,892f5a36637ffff,2321419350,2321360661,14.53,0.173485,elderly
892f5a36213ffff,892f5a36213ffff,1239443735,1239443735,1.5013,0.986162,elderly
892f5a36213ffff,892f5a3621bffff,1239443735,7878186387,12.3256,0.321386,elderly
892f5a36213ffff,892f5a36283ffff,1239443735,1143784300,19.801,0.000244,elderly
892f5a36213ffff,892f5a3628bffff,1239443735,1239449262,10.4684,0.463243,elderly
892f5a36213ffff,892f5a3628fffff,1239443735,1304643606,14.2597,0.189858,elderly
892f5a36213ffff,892f5a3629bffff,1239443735,1304643617,18.119,0.021666,elderly
892f5a36213ffff,892f5a362c3ffff,1239443735,7946433661,19.0946,0.005048,elderly
892f5a36213ffff,892f5a362c7ffff,1239443735,896901457,8.5491,0.612966,elderly
892f5a36213ffff,892f5a362cfffff,1239443735,2095799546,16.9852,0.055026,elderly
892f5a36213ffff,892f5a362d7ffff,1239443735,1239449343,16.2295,0.085163,elderly
892f5a3621bffff,892f5a36213ffff,7878186387,1239443735,13.5688,0.23416,elderly
892f5a3621bffff,892f5a3621bffff,7878186387,7878186387,0.1967,0.999761,elderly
892f5a3621bffff,892f5a36253ffff,7878186387,11512438978,19.3325,0.002746,elderly
892f5a3621bffff,892f5a36257ffff,7878186387,563748914,11.168,0.408776,elderly
892f5a3621bffff,892f5a3628bffff,7878186387,1239449262,18.7086,0.010252,elderly
892f5a3621bffff,892f5a362c3ffff,7878186387,7946433661,17.4146,0.040669,elderly
892f5a3621bffff,892f5a362c7ffff,7878186387,896901457,9.3444,0.551399,elderly
892f5a3621bffff,892f5a362cbffff,7878186387,472359869,19.3465,0.002632,elderly
892f5a3621bffff,892f5a362cfffff,7878186387,2095799546,14.811,0.157097,elderly
892f5a3621bffff,892f5a362d7ffff,7878186387,1239449343,19.1951,0.003992,elderly
892f5a36243ffff,892f5a36243ffff,822683298,822683298,0.7974,0.996082,elderly
892f5a36243ffff,892f5a36247ffff,822683298,1942852414,9.808,0.515079,elderly
892f5a36243ffff,892f5a3624bffff,822683298,1107512343,16.9983,0.054556,elderly
892f5a36243ffff,892f5a3624fffff,822683298,1800595808,10.5275,0.458614,elderly
892f5a36243ffff,892f5a36253ffff,822683298,11512438978,13.9889,0.206814,elderly
892f5a36243ffff,892f5a36257ffff,822683298,563748914,11.9218,0.351342,elderly
892f5a36243ffff,892f5a3625bffff,822683298,764851982,11.7511,0.364193,elderly
892f5a36243ffff,892f5a362cfffff,822683298,2095799546,17.9248,0.02633,elderly
892f5a36243ffff,892f5a37197ffff,822683298,839607167,17.9033,0.026874,elderly
892f5a36243ffff,892f5a37527ffff,822683298,9602267747,18.9378,0.006944,elderly
892f5a36243ffff,892f5a3752fffff,822683298,10293242124,18.7877,0.009038,elderly
892f5a36247ffff,892f5a36243ffff,1942852414,822683298,8.4193,0.622874,elderly
892f5a36247ffff,892f5a36247ffff,1942852414,1942852414,4.1901,0.895555,elderly
892f5a36247ffff,892f5a3624fffff,1942852414,1800595808,14.1054,0.199454,elderly
892f5a36247ffff,892f5a36253ffff,1942852414,11512438978,16.6246,0.068649,elderly
892f5a36247ffff,892f5a36257ffff,1942852414,563748914,12.0825,0.339342,elderly
892f5a36247ffff,892f5a3625bffff,1942852414,764851982,18.1467,0.021038,elderly
892f5a36247ffff,892f5a362cfffff,1942852414,2095799546,19.8701,0.000104,elderly
892f5a3624bffff,892f5a36243ffff,1107512343,822683298,16.1085,0.090542,elderly
892f5a3624bffff,892f5a36247ffff,1107512343,1942852414,18.816,0.008622,elderly
892f5a3624bffff,892f5a3624bffff,1107512343,1107512343,0.8733,0.995303,elderly
892f5a3624bffff,892f5a3624fffff,1107512343,1800595808,12.889,0.280806,elderly
892f5a3624bffff,892f5a3625bffff,1107512343,764851982,11.237,0.403454,elderly
892f5a3624bffff,892f5a37183ffff,1107512343,771032173,17.254,0.045797,elderly
892f5a3624bffff,892f5a37187ffff,1107512343,798894742,10.369,0.471035,elderly
892f5a3624bffff,892f5a3718fffff,1107512343,6451601256,19.9879,1e-06,elderly
892f5a3624bffff,892f5a37197ffff,1107512343,839607167,15.4041,0.12473,elderly
892f5a3624bffff,892f5a371b3ffff,1107512343,659292988,10.0935,0.492653,elderly
892f5a3624bffff,892f5a371bbffff,1107512343,2569654976,17.9957,0.024576,elderly
892f5a3624bffff,892f5a3752fffff,1107512343,10293242124,18.6971,0.010435,elderly
892f5a3624fffff,892f5a36243ffff,1800595808,822683298,8.8258,0.5917,elderly
892f5a3624fffff,892f5a36247ffff,1800595808,1942852414,11.5333,0.380736,elderly
892f5a3624fffff,892f5a3624bffff,1800595808,1107512343,12.0723,0.340102,elderly
892f5a3624fffff,892f5a3624fffff,1800595808,1800595808,2.6221,0.958186,elderly
892f5a3624fffff,892f5a36257ffff,1800595808,563748914,17.1692,0.048621,elderly
892f5a3624fffff,892f5a3625bffff,1800595808,764851982,13.3883,0.246269,elderly
892f5a3624fffff,892f5a37197ffff,1800595808,839607167,19.5404,0.001302,elderly
892f5a3624fffff,892f5a371b3ffff,1800595808,659292988,16.8473,0.060071,elderly
892f5a36253ffff,892f5a36243ffff,11512438978,822683298,15.0609,0.143083,elderly
892f5a36253ffff,892f5a36247ffff,11512438978,1942852414,19.4594,0.001802,elderly
892f5a36253ffff,892f5a36253ffff,11512438978,11512438978,1.1194,0.992291,elderly
892f5a36253ffff,892f5a36257ffff,11512438978,563748914,13.5933,0.232534,elderly
892f5a36253ffff,892f5a3625bffff,11512438978,764851982,13.9646,0.208362,elderly
892f5a36253ffff,892f5a362cbffff,11512438978,472359869,12.2746,0.325129,elderly
892f5a36253ffff,892f5a362cfffff,11512438978,2095799546,13.5525,0.235245,elderly
892f5a36253ffff,892f5a37527ffff,11512438978,9602267747,8.8112,0.59283,elderly
892f5a36253ffff,892f5a3752fffff,11512438978,10293242124,13.2402,0.256359,elderly
892f5a36257ffff,892f5a3621bffff,563748914,7878186387,12.1978,0.330791,elderly
892f5a36257ffff,892f5a36243ffff,563748914,822683298,11.5216,0.381628,elderly
892f5a36257ffff,892f5a36247ffff,563748914,1942852414,12.1141,0.336996,elderly
892f5a36257ffff,892f5a3624fffff,563748914,1800595808,19.4025,0.002201,elderly
892f5a36257ffff,892f5a36253ffff,563748914,11512438978,11.8067,0.360003,elderly
892f5a36257ffff,892f5a36257ffff,563748914,563748914,0.2074,0.999735,elderly
892f5a36257ffff,892f5a3625bffff,563748914,764851982,19.7549,0.00037,elderly
892f5a36257ffff,892f5a362c7ffff,563748914,896901457,19.0101,0.006033,elderly
892f5a36257ffff,892f5a362cbffff,563748914,472359869,16.436,0.076328,elderly
892f5a36257ffff,892f5a362cfffff,563748914,2095799546,11.386,0.392,elderly
892f5a36257ffff,892f5a37527ffff,563748914,9602267747,16.6624,0.067154,elderly
892f5a3625bffff,892f5a36243ffff,764851982,822683298,11.4883,0.38417,elderly
892f5a3625bffff,892f5a36247ffff,764851982,1942852414,19.5794,0.001091,elderly
892f5a3625bffff,892f5a3624bffff,764851982,1107512343,12.0203,0.343974,elderly
892f5a3625bffff,892f5a3624fffff,764851982,1800595808,14.408,0.180807,elderly
892f5a3625bffff,892f5a36253ffff,764851982,11512438978,13.7207,0.224128,elderly
892f5a3625bffff,892f5a36257ffff,764851982,563748914,19.1044,0.004939,elderly
892f5a3625bffff,892f5a3625bffff,764851982,764851982,0.8636,0.995407,elderly
892f5a3625bffff,892f5a362cbffff,764851982,472359869,19.5004,0.001539,elderly
892f5a3625bffff,892f5a37183ffff,764851982,771032173,16.9891,0.054887,elderly
892f5a3625bffff,892f5a37187ffff,764851982,798894742,13.8691,0.214485,elderly
892f5a3625bffff,892f5a37193ffff,764851982,7865126998,15.6726,0.111135,elderly
892f5a3625bffff,892f5a37197ffff,764851982,839607167,8.9112,0.585101,elderly
892f5a3625bffff,892f5a371b3ffff,764851982,659292988,19.9656,7e-06,elderly
892f5a3625bffff,892f5a37527ffff,764851982,9602267747,12.0764,0.339796,elderly
892f5a3625bffff,892f5a3752bffff,764851982,472360457,16.7195,0.064927,elderly
892f5a3625bffff,892f5a3752fffff,764851982,10293242124,8.8414,0.590495,elderly
892f5a36283ffff,892f5a36213ffff,1143784300,1239443735,19.6072,0.000951,elderly
892f5a36283ffff,892f5a36283ffff,1143784300,1143784300,0.6882,0.997081,elderly
892f5a36283ffff,892f5a3628bffff,1143784300,1239449262,10.7045,0.444781,elderly
892f5a36283ffff,892f5a3628fffff,1143784300,1304643606,8.4757,0.618577,elderly
892f5a36283ffff,892f5a36293ffff,1143784300,2201592550,9.2339,0.560021,elderly
892f5a36283ffff,892f5a36297ffff,1143784300,1304643745,12.9509,0.276448,elderly
892f5a36283ffff,892f5a3629bffff,1143784300,1304643617,7.4067,0.698089,elderly
892f5a36283ffff,892f5a362c7ffff,1143784300,896901457,19.1796,0.004146,elderly
892f5a36283ffff,892f5a362d7ffff,1143784300,1239449343,16.4887,0.074146,elderly
892f5a36283ffff,892f5a36667ffff,1143784300,1304352208,16.8128,0.061362,elderly
892f5a3628bffff,892f5a36213ffff,1239449262,1239443735,10.2403,0.481134,elderly
892f5a3628bffff,892f5a3621bffff,1239449262,7878186387,17.0102,0.054134,elderly
892f5a3628bffff,892f5a36283ffff,1239449262,1143784300,12.0127,0.344541,elderly
892f5a3628bffff,892f5a3628bffff,1239449262,1239449262,0.1583,0.999845,elderly
892f5a3628bffff,892f5a3628fffff,1239449262,1304643606,7.5984,0.684181,elderly
892f5a3628bffff,892f5a36293ffff,1239449262,2201592550,17.0636,0.052252,elderly
892f5a3628bffff,892f5a3629bffff,1239449262,1304643617,10.0935,0.492659,elderly
892f5a3628bffff,892f5a362c7ffff,1239449262,896901457,9.8126,0.514714,elderly
892f5a3628bffff,892f5a362d3ffff,1239449262,471978645,18.9463,0.006834,elderly
892f5a3628bffff,892f5a362d7ffff,1239449262,1239449343,10.3037,0.476156,elderly
892f5a3628fffff,892f5a36213ffff,1304643606,1239443735,14.6286,0.167663,elderly
892f5a3628fffff,892f5a36283ffff,1304643606,1143784300,9.0384,0.575238,elderly
892f5a3628fffff,892f5a3628bffff,1304643606,1239449262,7.0237,0.725338,elderly
892f5a3628fffff,892f5a3628fffff,1304643606,1304643606,3.497,0.926441,elderly
892f5a3628fffff,892f5a36293ffff,1304643606,2201592550,17.5841,0.035572,elderly
892f5a3628fffff,892f5a36297ffff,1304643606,1304643745,19.0439,0.005629,elderly
892f5a3628fffff,892f5a3629bffff,1304643606,1304643617,15.7569,0.107005,elderly
892f5a3628fffff,892f5a362c7ffff,1304643606,896901457,14.2009,0.193488,elderly
892f5a3628fffff,892f5a362d7ffff,1304643606,1239449343,15.8937,0.100456,elderly
892f5a36293ffff,892f5a3605bffff,2201592550,2321419350,16.2786,0.083022,elderly
892f5a36293ffff,892f5a36283ffff,2201592550,1143784300,8.1683,0.641888,elderly
892f5a36293ffff,892f5a3628bffff,2201592550,1239449262,15.4734,0.121156,elderly
892f5a36293ffff,892f5a3628fffff,2201592550,1304643606,15.9558,0.097543,elderly
892f5a36293ffff,892f5a36293ffff,2201592550,2201592550,0.4216,0.998904,elderly
892f5a36293ffff,892f5a36297ffff,2201592550,1304643745,12.0302,0.343237,elderly
892f5a36293ffff,892f5a3629bffff,2201592550,1304643617,10.4497,0.464708,elderly
892f5a36293ffff,892f5a362d7ffff,2201592550,1239449343,19.7192,0.000486,elderly
892f5a36293ffff,892f5a36623ffff,2201592550,1075380045,19.6535,0.00074,elderly
892f5a36293ffff,892f5a3662bffff,2201592550,1304351798,14.2148,0.192628,elderly
892f5a36293ffff,892f5a3662fffff,2201592550,380476702,12.3846,0.317063,elderly
892f5a36293ffff,892f5a36667ffff,2201592550,1304352208,10.4692,0.463182,elderly
892f5a36293ffff,892f5a36677ffff,2201592550,318826498,17.5561,0.036392,elderly
892f5a36297ffff,892f5a3605bffff,1304643745,2321419350,15.6818,0.11068,elderly
892f5a36297ffff,892f5a36283ffff,1304643745,1143784300,12.7384,0.291499,elderly
892f5a36297ffff,892f5a3628fffff,1304643745,1304643606,17.8181,0.029079,elderly
892f5a36297ffff,892f5a36293ffff,1304643745,2201592550,12.205,0.330264,elderly
892f5a36297ffff,892f5a36297ffff,1304643745,1304643745,0.3871,0.999076,elderly
892f5a36297ffff,892f5a3629bffff,1304643745,1304643617,17.511,0.037731,elderly
892f5a36297ffff,892f5a3662fffff,1304643745,380476702,13.4249,0.243797,elderly
892f5a36297ffff,892f5a36667ffff,1304643745,1304352208,19.4743,0.001704,elderly
892f5a3629bffff,892f5a36213ffff,1304643617,1239443735,16.5369,0.072175,elderly
892f5a3629bffff,892f5a36283ffff,1304643617,1143784300,7.4524,0.694788,elderly
892f5a3629bffff,892f5a3628bffff,1304643617,1239449262,8.5864,0.610116,elderly
892f5a3629bffff,892f5a3628fffff,1304643617,1304643606,15.0016,0.14636,elderly
892f5a3629bffff,892f5a36293ffff,1304643617,2201592550,11.5611,0.378615,elderly
892f5a3629bffff,892f5a36297ffff,1304643617,1304643745,17.5911,0.035371,elderly
892f5a3629bffff,892f5a3629bffff,1304643617,1304643617,0.7444,0.996586,elderly
892f5a3629bffff,892f5a362c7ffff,1304643617,896901457,13.2333,0.256833,elderly
892f5a3629bffff,892f5a362d3ffff,1304643617,471978645,16.0335,0.093949,elderly
892f5a3629bffff,892f5a362d7ffff,1304643617,1239449343,10.0206,0.498384,elderly
892f5a3629bffff,892f5a36667ffff,1304643617,1304352208,17.2081,0.047315,elderly
892f5a362c3ffff,892f5a36213ffff,7946433661,1239443735,16.3559,0.079702,elderly
892f5a362c3ffff,892f5a3621bffff,7946433661,7878186387,14.2135,0.192707,elderly
892f5a362c3ffff,892f5a36253ffff,7946433661,11512438978,19.1364,0.004594,elderly
892f5a362c3ffff,892f5a36257ffff,7946433661,563748914,19.255,0.00342,elderly
892f5a362c3ffff,892f5a362c3ffff,7946433661,7946433661,0.2459,0.999627,elderly
892f5a362c3ffff,892f5a362c7ffff,7946433661,896901457,9.2626,0.557786,elderly
892f5a362c3ffff,892f5a362cbffff,7946433661,472359869,10.0287,0.497744,elderly
892f5a362c3ffff,892f5a362cfffff,7946433661,2095799546,9.9952,0.500377,elderly
892f5a362c3ffff,892f5a362d3ffff,7946433661,471978645,10.1231,0.490334,elderly
892f5a362c3ffff,892f5a362d7ffff,7946433661,1239449343,14.0808,0.200999,elderly
892f5a362c3ffff,892f5a362dbffff,7946433661,471978558,9.7998,0.515718,elderly
892f5a362c3ffff,892f5a37537ffff,7946433661,5495728727,16.5496,0.071659,elderly
892f5a362c3ffff,892f5a375a7ffff,7946433661,2327217335,18.728,0.009947,elderly
892f5a362c3ffff,892f5a375afffff,7946433661,5506743143,19.8746,9.7e-05,elderly
892f5a362c7ffff,892f5a36213ffff,896901457,1239443735,10.1983,0.484428,elderly
892f5a362c7ffff,892f5a3621bffff,896901457,7878186387,8.9112,0.585101,elderly
892f5a362c7ffff,892f5a36257ffff,896901457,563748914,18.0969,0.022175,elderly
892f5a362c7ffff,892f5a3628bffff,896901457,1239449262,11.7606,0.363482,elderly
892f5a362c7ffff,892f5a3628fffff,896901457,1304643606,15.7626,0.106732,elderly
892f5a362c7ffff,892f5a3629bffff,896901457,1304643617,16.2896,0.082547,elderly
892f5a362c7ffff,892f5a362c3ffff,896901457,7946433661,13.3964,0.245724,elderly
892f5a362c7ffff,892f5a362c7ffff,896901457,896901457,0.4279,0.998871,elderly
892f5a362c7ffff,892f5a362cbffff,896901457,472359869,15.3283,0.128693,elderly
892f5a362c7ffff,892f5a362cfffff,896901457,2095799546,11.287,0.399605,elderly
892f5a362c7ffff,892f5a362d3ffff,896901457,471978645,17.0861,0.051469,elderly
892f5a362c7ffff,892f5a362d7ffff,896901457,1239449343,10.2785,0.478134,elderly
892f5a362cbffff,892f5a36253ffff,472359869,11512438978,10.7886,0.438221,elderly
892f5a362cbffff,892f5a36257ffff,472359869,563748914,17.0993,0.05101,elderly
892f5a362cbffff,892f5a362c3ffff,472359869,7946433661,12.7265,0.292351,elderly
892f5a362cbffff,892f5a362c7ffff,472359869,896901457,15.9666,0.09704,elderly
892f5a362cbffff,892f5a362cbffff,472359869,472359869,0.1022,0.999936,elderly
892f5a362cbffff,892f5a362cfffff,472359869,2095799546,11.3397,0.395557,elderly
892f5a362cbffff,892f5a362d3ffff,472359869,471978645,18.2968,0.017788,elderly
892f5a362cbffff,892f5a362dbffff,472359869,471978558,13.3139,0.251325,elderly
892f5a362cbffff,892f5a37527ffff,472359869,9602267747,11.005,0.421395,elderly
892f5a362cbffff,892f5a3752fffff,472359869,10293242124,19.1779,0.004163,elderly
892f5a362cbffff,892f5a37537ffff,472359869,5495728727,13.0322,0.270754,elderly
892f5a362cbffff,892f5a375afffff,472359869,5506743143,19.9981,0.0,elderly
892f5a362cfffff,892f5a36213ffff,2095799546,1239443735,17.9621,0.025401,elderly
892f5a362cfffff,892f5a3621bffff,2095799546,7878186387,14.6286,0.167665,elderly
892f5a362cfffff,892f5a36243ffff,2095799546,822683298,16.8122,0.061387,elderly
892f5a362cfffff,892f5a36253ffff,2095799546,11512438978,10.3748,0.470581,elderly
892f5a362cfffff,892f5a36257ffff,2095799546,563748914,10.4934,0.461288,elderly
892f5a362cfffff,892f5a3625bffff,2095799546,764851982,19.1751,0.004192,elderly
892f5a362cfffff,892f5a362c3ffff,2095799546,7946433661,13.8468,0.215928,elderly
892f5a362cfffff,892f5a362c7ffff,2095799546,896901457,10.8688,0.431978,elderly
892f5a362cfffff,892f5a362cbffff,2095799546,472359869,9.8134,0.514654,elderly
892f5a362cfffff,892f5a362cfffff,2095799546,2095799546,0.4163,0.998931,elderly
892f5a362cfffff,892f5a362dbffff,2095799546,471978558,17.6608,0.033374,elderly
892f5a362cfffff,892f5a37527ffff,2095799546,9602267747,14.0235,0.204619,elderly
892f5a362cfffff,892f5a37537ffff,2095799546,5495728727,19.4989,0.001548,elderly
892f5a362d3ffff,892f5a3628bffff,471978645,1239449262,18.4118,0.015478,elderly
892f5a362d3ffff,892f5a3629bffff,471978645,1304643617,16.8214,0.061041,elderly
892f5a362d3ffff,892f5a362c3ffff,471978645,7946433661,11.3988,0.391017,elderly
892f5a362d3ffff,892f5a362c7ffff,471978645,896901457,14.8252,0.156288,elderly
892f5a362d3ffff,892f5a362cbffff,471978645,472359869,16.6025,0.069528,elderly
892f5a362d3ffff,892f5a362cfffff,471978645,2095799546,18.5069,0.013689,elderly
892f5a362d3ffff,892f5a362d3ffff,471978645,471978645,1.1673,0.991619,elderly
892f5a362d3ffff,892f5a362d7ffff,471978645,1239449343,11.5188,0.381842,elderly
892f5a362d3ffff,892f5a362dbffff,471978645,471978558,13.0267,0.271135,elderly
892f5a362d3ffff,892f5a3666bffff,471978645,2199562412,15.0291,0.144834,elderly
892f5a362d3ffff,892f5a375a7ffff,471978645,2327217335,16.4643,0.075151,elderly
892f5a362d7ffff,892f5a36213ffff,1239449343,1239443735,16.6944,0.065901,elderly
892f5a362d7ffff,892f5a3621bffff,1239449343,7878186387,17.0144,0.053983,elderly
892f5a362d7ffff,892f5a36283ffff,1239449343,1143784300,16.8598,0.059604,elderly
892f5a362d7ffff,892f5a3628bffff,1239449343,1239449262,10.2828,0.477797,elderly
892f5a362d7ffff,892f5a3628fffff,1239449343,1304643606,16.4475,0.07585,elderly
892f5a362d7ffff,892f5a3629bffff,1239449343,1304643617,10.3297,0.474117,elderly
892f5a362d7ffff,892f5a362c3ffff,1239449343,7946433661,15.8149,0.104209,elderly
892f5a362d7ffff,892f5a362c7ffff,1239449343,896901457,8.5311,0.614344,elderly
892f5a362d7ffff,892f5a362cfffff,1239449343,2095799546,18.309,0.017535,elderly
892f5a362d7ffff,892f5a362d3ffff,1239449343,471978645,12.0323,0.34308,elderly
892f5a362d7ffff,892f5a362d7ffff,1239449343,1239449343,0.871,0.995327,elderly
892f5a362dbffff,892f5a36253ffff,471978558,11512438978,19.0371,0.005709,elderly
892f5a362dbffff,892f5a362c3ffff,471978558,7946433661,7.9438,0.6587,elderly
892f5a362dbffff,892f5a362c7ffff,471978558,896901457,16.9466,0.056416,elderly
892f5a362dbffff,892f5a362cbffff,471978558,472359869,9.4729,0.541353,elderly
892f5a362dbffff,892f5a362cfffff,471978558,2095799546,15.8628,0.101921,elderly
892f5a362dbffff,892f5a362d3ffff,471978558,471978645,10.512,0.459829,elderly
892f5a362dbffff,892f5a362d7ffff,471978558,1239449343,17.8136,0.0292,elderly
892f5a362dbffff,892f5a362dbffff,471978558,471978558,0.8641,0.995401,elderly
892f5a362dbffff,892f5a3666bffff,471978558,2199562412,19.9037,5.7e-05,elderly
892f5a362dbffff,892f5a37527ffff,471978558,9602267747,16.4364,0.076311,elderly
892f5a362dbffff,892f5a37533ffff,471978558,9954179094,18.4146,0.015424,elderly
892f5a362dbffff,892f5a37537ffff,471978558,5495728727,10.5014,0.460657,elderly
892f5a362dbffff,892f5a375a7ffff,471978558,2327217335,11.3207,0.397018,elderly
892f5a362dbffff,892f5a375afffff,471978558,5506743143,12.0807,0.339477,elderly
892f5a36603ffff,892f5a36603ffff,1520829774,1520829774,0.5644,0.998036,elderly
892f5a36603ffff,892f5a3660bffff,1520829774,6282956810,13.1306,0.263917,elderly
892f5a36603ffff,892f5a3660fffff,1520829774,1658720563,13.9145,0.211565,elderly
892f5a36603ffff,892f5a36673ffff,1520829774,861244781,19.6928,0.000582,elderly
892f5a36607ffff,892f5a36607ffff,1304352847,1304352847,2.7577,0.953819,elderly
892f5a36607ffff,892f5a3660fffff,1304352847,1658720563,12.0487,0.341861,elderly
892f5a36607ffff,892f5a36623ffff,1304352847,1075380045,19.878,9.2e-05,elderly
892f5a36607ffff,892f5a3662bffff,1304352847,1304351798,19.2666,0.003314,elderly
892f5a36607ffff,892f5a36633ffff,1304352847,1075380077,13.6837,0.226559,elderly
892f5a36607ffff,892f5a3663bffff,1304352847,12438051358,9.0879,0.571389,elderly
892f5a36607ffff,892f5a36677ffff,1304352847,318826498,17.7595,0.030646,elderly
892f5a3660bffff,892f5a36603ffff,6282956810,1520829774,18.6631,0.010985,elderly
892f5a3660bffff,892f5a3660bffff,6282956810,6282956810,2.532,0.960973,elderly
892f5a3660bffff,892f5a3660fffff,6282956810,1658720563,12.9969,0.273224,elderly
892f5a3660bffff,892f5a36647ffff,6282956810,295413512,14.6659,0.165482,elderly
892f5a3660bffff,892f5a36673ffff,6282956810,861244781,9.0942,0.570899,elderly
892f5a3660fffff,892f5a36603ffff,1658720563,1520829774,17.476,0.038784,elderly
892f5a3660fffff,892f5a36607ffff,1658720563,1304352847,11.3914,0.391589,elderly
892f5a3660fffff,892f5a3660bffff,1658720563,6282956810,11.189,0.407161,elderly
892f5a3660fffff,892f5a3660fffff,1658720563,1658720563,1.1032,0.992511,elderly
892f5a3660fffff,892f5a36633ffff,1658720563,1075380077,18.6906,0.010539,elderly
892f5a3660fffff,892f5a3663bffff,1658720563,12438051358,14.0948,0.200116,elderly
892f5a3660fffff,892f5a36673ffff,1658720563,861244781,15.2418,0.133276,elderly
892f5a3660fffff,892f5a36677ffff,1658720563,318826498,15.4418,0.122783,elderly
892f5a36613ffff,892f5a36613ffff,1520547162,1520547162,7.5574,0.687168,elderly
892f5a36613ffff,892f5a3661bffff,1520547162,1520547162,5.4127,0.829905,elderly
892f5a3661bffff,892f5a3660bffff,1520547162,6282956810,18.9347,0.006984,elderly
892f5a3661bffff,892f5a36613ffff,1520547162,1520547162,5.4127,0.829905,elderly
892f5a3661bffff,892f5a3661bffff,1520547162,1520547162,3.2681,0.935553,elderly
892f5a36623ffff,892f5a36053ffff,1075380045,1304352680,19.0546,0.005503,elderly
892f5a36623ffff,892f5a3605bffff,1075380045,2321419350,15.1265,0.139492,elderly
892f5a36623ffff,892f5a36607ffff,1075380045,1304352847,18.7122,0.010196,elderly
892f5a36623ffff,892f5a36623ffff,1075380045,1075380045,1.6319,0.983663,elderly
892f5a36623ffff,892f5a36627ffff,1075380045,2862866543,12.3316,0.320945,elderly
892f5a36623ffff,892f5a3662bffff,1075380045,1304351798,12.9674,0.275287,elderly
892f5a36623ffff,892f5a3662fffff,1075380045,380476702,13.1976,0.259288,elderly
892f5a36623ffff,892f5a36633ffff,1075380045,1075380077,8.9247,0.584054,elderly
892f5a36623ffff,892f5a36637ffff,1075380045,2321360661,11.5244,0.381413,elderly
892f5a36623ffff,892f5a3663bffff,1075380045,12438051358,13.4224,0.243966,elderly
892f5a36627ffff,892f5a36053ffff,2862866543,1304352680,9.3598,0.550196,elderly
892f5a36627ffff,892f5a3605bffff,2862866543,2321419350,10.0091,0.499283,elderly
892f5a36627ffff,892f5a36623ffff,2862866543,1075380045,12.5134,0.307683,elderly
892f5a36627ffff,892f5a36627ffff,2862866543,2862866543,0.8851,0.995175,elderly
892f5a36627ffff,892f5a3662bffff,2862866543,1304351798,18.6909,0.010534,elderly
892f5a36627ffff,892f5a3662fffff,2862866543,380476702,11.2597,0.401709,elderly
892f5a36627ffff,892f5a36633ffff,2862866543,1075380077,19.8062,0.000232,elderly
892f5a36627ffff,892f5a36637ffff,2862866543,2321360661,12.4839,0.309826,elderly
892f5a3662bffff,892f5a36293ffff,1304351798,2201592550,15.7521,0.107241,elderly
892f5a3662bffff,892f5a36607ffff,1304351798,1304352847,19.0517,0.005537,elderly
892f5a3662bffff,892f5a3660fffff,1304351798,1658720563,19.0306,0.005786,elderly
892f5a3662bffff,892f5a36623ffff,1304351798,1075380045,13.6276,0.230259,elderly
892f5a3662bffff,892f5a36627ffff,1304351798,2862866543,18.6894,0.010558,elderly
892f5a3662bffff,892f5a3662bffff,1304351798,1304351798,0.9815,0.994069,elderly
892f5a3662bffff,892f5a3662fffff,1304351798,380476702,15.7382,0.107917,elderly
892f5a3662bffff,892f5a36633ffff,1304351798,1075380077,18.1541,0.020871,elderly
892f5a3662bffff,892f5a36637ffff,1304351798,2321360661,19.3046,0.00298,elderly
892f5a3662bffff,892f5a3663bffff,1304351798,12438051358,9.9278,0.505667,elderly
892f5a3662bffff,892f5a36663ffff,1304351798,318826549,19.633,0.000831,elderly
892f5a3662bffff,892f5a36667ffff,1304351798,1304352208,13.0121,0.272157,elderly
892f5a3662bffff,892f5a36673ffff,1304351798,861244781,18.4807,0.014172,elderly
892f5a3662bffff,892f5a36677ffff,1304351798,318826498,10.2044,0.483951,elderly
892f5a3662fffff,892f5a36053ffff,380476702,1304352680,16.9126,0.057654,elderly
892f5a3662fffff,892f5a3605bffff,380476702,2321419350,7.5477,0.687875,elderly
892f5a3662fffff,892f5a36283ffff,380476702,1143784300,19.1978,0.003965,elderly
892f5a3662fffff,892f5a36293ffff,380476702,2201592550,12.7519,0.290532,elderly
892f5a3662fffff,892f5a36297ffff,380476702,1304643745,14.3014,0.187293,elderly
892f5a3662fffff,892f5a36623ffff,380476702,1075380045,13.08,0.267421,elderly
892f5a3662fffff,892f5a36627ffff,380476702,2862866543,11.9587,0.34858,elderly
892f5a3662fffff,892f5a3662bffff,380476702,1304351798,13.6822,0.226657,elderly
892f5a3662fffff,892f5a3662fffff,380476702,380476702,2.1071,0.972862,elderly
892f5a3662fffff,892f5a36637ffff,380476702,2321360661,16.3979,0.077925,elderly
892f5a3662fffff,892f5a36667ffff,380476702,1304352208,17.7051,0.032138,elderly
892f5a36633ffff,892f5a36607ffff,1075380077,1304352847,12.5248,0.306863,elderly
892f5a36633ffff,892f5a3660fffff,1075380077,1658720563,17.4999,0.038063,elderly
892f5a36633ffff,892f5a36623ffff,1075380077,1075380045,9.038,0.575266,elderly
892f5a36633ffff,892f5a36627ffff,1075380077,2862866543,19.7377,0.000424,elderly
892f5a36633ffff,892f5a3662bffff,1075380077,1304351798,17.3258,0.043468,elderly
892f5a36633ffff,892f5a36633ffff,1075380077,1075380077,2.5252,0.961177,elderly
892f5a36633ffff,892f5a36637ffff,1075380077,2321360661,18.9306,0.007038,elderly
892f5a36633ffff,892f5a3663bffff,1075380077,12438051358,7.235,0.710399,elderly
892f5a36633ffff,892f5a36677ffff,1075380077,318826498,17.9456,0.02581,elderly
892f5a36637ffff,892f5a36053ffff,2321360661,1304352680,19.6612,0.000708,elderly
892f5a36637ffff,892f5a3605bffff,2321360661,2321419350,15.7331,0.108165,elderly
892f5a36637ffff,892f5a36623ffff,2321360661,1075380045,12.7161,0.293092,elderly
892f5a36637ffff,892f5a36627ffff,2321360661,2862866543,12.9382,0.277341,elderly
892f5a36637ffff,892f5a3662fffff,2321360661,380476702,16.9837,0.055081,elderly
892f5a36637ffff,892f5a36637ffff,2321360661,2321360661,5.4402,0.82828,elderly
892f5a3663bffff,892f5a36607ffff,12438051358,1304352847,10.0654,0.494864,elderly
892f5a3663bffff,892f5a3660fffff,12438051358,1658720563,15.0405,0.144203,elderly
892f5a3663bffff,892f5a36623ffff,12438051358,1075380045,15.7538,0.107158,elderly
892f5a3663bffff,892f5a3662bffff,12438051358,1304351798,11.7913,0.361164,elderly
892f5a3663bffff,892f5a36633ffff,12438051358,1075380077,9.5595,0.534566,elderly
892f5a3663bffff,892f5a3663bffff,12438051358,12438051358,0.2227,0.999694,elderly
892f5a3663bffff,892f5a36667ffff,12438051358,1304352208,18.0822,0.022517,elderly
892f5a3663bffff,892f5a36673ffff,12438051358,861244781,18.9062,0.007362,elderly
892f5a3663bffff,892f5a36677ffff,12438051358,318826498,12.3231,0.321567,elderly
892f5a36643ffff,892f5a36643ffff,1520857952,1520857952,1.0355,0.993401,elderly
892f5a36643ffff,892f5a36647ffff,1520857952,295413512,18.3845,0.016012,elderly
892f5a36643ffff,892f5a36653ffff,1520857952,1520857592,14.4439,0.17864,elderly
892f5a36643ffff,892f5a36657ffff,1520857952,10548487822,11.4148,0.389796,elderly
892f5a36647ffff,892f5a3660bffff,295413512,6282956810,9.8328,0.513129,elderly
892f5a36647ffff,892f5a3660fffff,295413512,1658720563,18.5308,0.013256,elderly
892f5a36647ffff,892f5a36643ffff,295413512,1520857952,14.6727,0.165082,elderly
892f5a36647ffff,892f5a36647ffff,295413512,295413512,1.2371,0.990589,elderly
892f5a36647ffff,892f5a3664bffff,295413512,8364977378,17.3108,0.043949,elderly
892f5a36647ffff,892f5a3664fffff,295413512,475762598,11.6236,0.373859,elderly
892f5a36647ffff,892f5a36657ffff,295413512,10548487822,12.0031,0.345258,elderly
892f5a36647ffff,892f5a3665bffff,295413512,475768206,17.9706,0.025191,elderly
892f5a36647ffff,892f5a36673ffff,295413512,861244781,9.2468,0.559019,elderly
892f5a36647ffff,892f5a3667bffff,295413512,978985095,11.6092,0.374952,elderly
892f5a36647ffff,892f5a375b7ffff,295413512,2890576069,19.8597,0.000121,elderly
892f5a3664bffff,892f5a3664bffff,8364977378,8364977378,1.0216,0.993575,elderly
892f5a3664bffff,892f5a3664fffff,8364977378,475762598,14.3705,0.183077,elderly
892f5a3664bffff,892f5a3665bffff,8364977378,475768206,12.3593,0.318917,elderly
892f5a3664bffff,892f5a37587ffff,8364977378,475770391,17.2257,0.046729,elderly
892f5a3664bffff,892f5a37597ffff,8364977378,13140663722,15.6313,0.113183,elderly
892f5a3664bffff,892f5a375b3ffff,8364977378,475758058,11.5085,0.382627,elderly
892f5a3664bffff,892f5aadb27ffff,8364977378,517549695,19.4022,0.002202,elderly
892f5a3664fffff,892f5a3660bffff,475762598,6282956810,18.8372,0.008317,elderly
892f5a3664fffff,892f5a36647ffff,475762598,295413512,10.2415,0.481036,elderly
892f5a3664fffff,892f5a3664bffff,475762598,8364977378,11.936,0.35028,elderly
892f5a3664fffff,892f5a3664fffff,475762598,475762598,0.3814,0.999103,elderly
892f5a3664fffff,892f5a3665bffff,475762598,475768206,15.9929,0.095819,elderly
892f5a3664fffff,892f5a3666bffff,475762598,2199562412,18.8277,0.008453,elderly
892f5a3664fffff,892f5a36673ffff,475762598,861244781,15.6615,0.111683,elderly
892f5a3664fffff,892f5a3667bffff,475762598,978985095,10.7836,0.438615,elderly
892f5a3664fffff,892f5a375b3ffff,475762598,475758058,11.9124,0.35205,elderly
892f5a3664fffff,892f5a375b7ffff,475762598,2890576069,14.245,0.19076,elderly
892f5a36653ffff,892f5a36643ffff,1520857592,1520857952,8.2425,0.636285,elderly
892f5a36653ffff,892f5a36647ffff,1520857592,295413512,17.7987,0.029594,elderly
892f5a36653ffff,892f5a36653ffff,1520857592,1520857592,1.1011,0.992539,elderly
892f5a36653ffff,892f5a36657ffff,1520857592,10548487822,6.5759,0.756146,elderly
892f5a36653ffff,892f5a3665bffff,1520857592,475768206,12.2173,0.329356,elderly
892f5a36653ffff,892f5a366c3ffff,1520857592,10588174561,13.4399,0.242788,elderly
892f5a36653ffff,892f5a366cbffff,1520857592,7374097405,11.1046,0.41368,elderly
892f5a36653ffff,892f5a366cfffff,1520857592,1485314845,10.4819,0.462186,elderly
892f5a36653ffff,892f5aadb27ffff,1520857592,517549695,13.1081,0.265471,elderly
892f5a36653ffff,892f5aadb2fffff,1520857592,5180913963,16.9529,0.056187,elderly
892f5a36657ffff,892f5a3660bffff,10548487822,6282956810,16.2458,0.084448,elderly
892f5a36657ffff,892f5a36643ffff,10548487822,1520857952,9.7979,0.515871,elderly
892f5a36657ffff,892f5a36647ffff,10548487822,295413512,12.8331,0.284761,elderly
892f5a36657ffff,892f5a36653ffff,10548487822,1520857592,11.1137,0.412977,elderly
892f5a36657ffff,892f5a36657ffff,10548487822,10548487822,1.2393,0.990557,elderly
892f5a36657ffff,892f5a36673ffff,10548487822,861244781,18.911,0.007298,elderly
892f5a36657ffff,892f5a366cfffff,10548487822,1485314845,16.0253,0.094325,elderly
892f5a3665bffff,892f5a36643ffff,475768206,1520857952,19.7643,0.000343,elderly
892f5a3665bffff,892f5a36647ffff,475768206,295413512,19.4689,0.001739,elderly
892f5a3665bffff,892f5a3664bffff,475768206,8364977378,10.6051,0.452548,elderly
892f5a3665bffff,892f5a3664fffff,475768206,475762598,15.9511,0.097759,elderly
892f5a3665bffff,892f5a36653ffff,475768206,1520857592,15.2787,0.131314,elderly
892f5a3665bffff,892f5a3665bffff,475768206,475768206,0.5904,0.997852,elderly
892f5a3665bffff,892f5a366cbffff,475768206,7374097405,19.1877,0.004065,elderly
892f5a3665bffff,892f5a37587ffff,475768206,475770391,19.1335,0.004624,elderly
892f5a3665bffff,892f5a37597ffff,475768206,13140663722,15.2413,0.133304,elderly
892f5a3665bffff,892f5aadb23ffff,475768206,6206442559,15.56,0.116756,elderly
892f5a3665bffff,892f5aadb27ffff,475768206,517549695,8.328,0.629817,elderly
892f5a3665bffff,892f5aadb2fffff,475768206,5180913963,12.1425,0.334885,elderly
892f5a3665bffff,892f5aadb37ffff,475768206,2393515085,17.3395,0.04303,elderly
892f5a36663ffff,892f5a3629bffff,318826549,1304643617,19.4545,0.001834,elderly
892f5a36663ffff,892f5a362d3ffff,318826549,471978645,16.1955,0.086657,elderly
892f5a36663ffff,892f5a362d7ffff,318826549,1239449343,19.5342,0.001338,elderly
892f5a36663ffff,892f5a3660bffff,318826549,6282956810,19.519,0.001427,elderly
892f5a36663ffff,892f5a3660fffff,318826549,1658720563,18.0046,0.024361,elderly
892f5a36663ffff,892f5a3662bffff,318826549,1304351798,17.5767,0.035789,elderly
892f5a36663ffff,892f5a3663bffff,318826549,12438051358,15.5125,0.119161,elderly
892f5a36663ffff,892f5a36647ffff,318826549,295413512,19.7437,0.000405,elderly
892f5a36663ffff,892f5a36663ffff,318826549,318826549,0.6707,0.997228,elderly
892f5a36663ffff,892f5a36667ffff,318826549,1304352208,11.4941,0.383726,elderly
892f5a36663ffff,892f5a3666bffff,318826549,2199562412,13.3252,0.250551,elderly
892f5a36663ffff,892f5a36673ffff,318826549,861244781,10.5724,0.455102,elderly
892f5a36663ffff,892f5a36677ffff,318826549,318826498,7.6109,0.683263,elderly
892f5a36663ffff,892f5a3667bffff,318826549,978985095,11.3967,0.391183,elderly
892f5a36667ffff,892f5a36283ffff,1304352208,1143784300,15.7438,0.107644,elderly
892f5a36667ffff,892f5a36293ffff,1304352208,2201592550,10.1748,0.486275,elderly
892f5a36667ffff,892f5a3629bffff,1304352208,1304643617,15.7563,0.107033,elderly
892f5a36667ffff,892f5a3660fffff,1304352208,1658720563,19.6939,0.000578,elderly
892f5a36667ffff,892f5a3662bffff,1304352208,1304351798,10.4038,0.468304,elderly
892f5a36667ffff,892f5a3662fffff,1304352208,380476702,17.9541,0.025598,elderly
892f5a36667ffff,892f5a3663bffff,1304352208,12438051358,12.034,0.342953,elderly
892f5a36667ffff,892f5a36663ffff,1304352208,318826549,12.3177,0.32196,elderly
892f5a36667ffff,892f5a36667ffff,1304352208,1304352208,0.5522,0.99812,elderly
892f5a36667ffff,892f5a36673ffff,1304352208,861244781,15.5302,0.118261,elderly
892f5a36667ffff,892f5a36677ffff,1304352208,318826498,7.8654,0.664528,elderly
892f5a36667ffff,892f5a3667bffff,1304352208,978985095,18.6956,0.010458,elderly
892f5a3666bffff,892f5a3629bffff,2199562412,1304643617,19.9078,5.2e-05,elderly
892f5a3666bffff,892f5a362d3ffff,2199562412,471978645,11.479,0.38488,elderly
892f5a3666bffff,892f5a362d7ffff,2199562412,1239449343,18.9244,0.00712,elderly
892f5a3666bffff,892f5a362dbffff,2199562412,471978558,19.8541,0.000131,elderly
892f5a3666bffff,892f5a36647ffff,2199562412,295413512,17.2089,0.047291,elderly
892f5a3666bffff,892f5a3664fffff,2199562412,475762598,16.2867,0.082671,elderly
892f5a3666bffff,892f5a36663ffff,2199562412,318826549,11.874,0.354936,elderly
892f5a3666bffff,892f5a36667ffff,2199562412,1304352208,17.7314,0.031412,elderly
892f5a3666bffff,892f5a3666bffff,2199562412,2199562412,0.8944,0.995074,elderly
892f5a3666bffff,892f5a3666fffff,2199562412,7263440604,15.2477,0.132962,elderly
892f5a3666bffff,892f5a36673ffff,2199562412,861244781,18.4502,0.014743,elderly
892f5a3666bffff,892f5a36677ffff,2199562412,318826498,17.1889,0.047958,elderly
892f5a3666bffff,892f5a3667bffff,2199562412,978985095,10.2697,0.478827,elderly
892f5a3666bffff,892f5a375a7ffff,2199562412,2327217335,16.2916,0.08246,elderly
892f5a3666bffff,892f5a375b7ffff,2199562412,2890576069,13.5261,0.237008,elderly
892f5a3666fffff,892f5a3666bffff,7263440604,2199562412,16.2578,0.083923,elderly
892f5a3666fffff,892f5a3666fffff,7263440604,7263440604,1.6765,0.982762,elderly
892f5a36673ffff,892f5a36607ffff,861244781,1304352847,19.5725,0.001127,elderly
892f5a36673ffff,892f5a3660bffff,861244781,6282956810,9.7703,0.518038,elderly
892f5a36673ffff,892f5a3660fffff,861244781,1658720563,14.0704,0.201655,elderly
892f5a36673ffff,892f5a3663bffff,861244781,12438051358,18.3166,0.017379,elderly
892f5a36673ffff,892f5a36647ffff,861244781,295413512,12.1603,0.333564,elderly
892f5a36673ffff,892f5a3664fffff,861244781,475762598,19.4311,0.001995,elderly
892f5a36673ffff,892f5a36663ffff,861244781,318826549,13.4595,0.241471,elderly
892f5a36673ffff,892f5a36667ffff,861244781,1304352208,19.3709,0.00244,elderly
892f5a36673ffff,892f5a36673ffff,861244781,861244781,0.6602,0.997314,elderly
892f5a36673ffff,892f5a36677ffff,861244781,318826498,13.3187,0.250995,elderly
892f5a36673ffff,892f5a3667bffff,861244781,978985095,13.7409,0.222808,elderly
892f5a36677ffff,892f5a36293ffff,318826498,2201592550,19.399,0.002226,elderly
892f5a36677ffff,892f5a36607ffff,318826498,1304352847,13.8901,0.213134,elderly
892f5a36677ffff,892f5a3660bffff,318826498,6282956810,17.352,0.042632,elderly
892f5a36677ffff,892f5a3660fffff,318826498,1658720563,12.1965,0.330886,elderly
892f5a36677ffff,892f5a3662bffff,318826498,1304351798,10.6674,0.447682,elderly
892f5a36677ffff,892f5a36633ffff,318826498,1075380077,16.2165,0.085732,elderly
892f5a36677ffff,892f5a3663bffff,318826498,12438051358,8.2695,0.634243,elderly
892f5a36677ffff,892f5a36663ffff,318826498,318826549,9.7966,0.515973,elderly
892f5a36677ffff,892f5a36667ffff,318826498,1304352208,10.0499,0.496081,elderly
892f5a36677ffff,892f5a36673ffff,318826498,861244781,11.6466,0.372111,elderly
892f5a36677ffff,892f5a36677ffff,318826498,318826498,0.368,0.999165,elderly
892f5a36677ffff,892f5a3667bffff,318826498,978985095,16.1745,0.087589,elderly
892f5a3667bffff,892f5a3660bffff,978985095,6282956810,15.9834,0.096257,elderly
892f5a3667bffff,892f5a36647ffff,978985095,295413512,9.3195,0.553343,elderly
892f5a3667bffff,892f5a3664bffff,978985095,8364977378,19.9493,1.6e-05,elderly
892f5a3667bffff,892f5a3664fffff,978985095,475762598,10.5508,0.456798,elderly
892f5a3667bffff,892f5a36657ffff,978985095,10548487822,18.1537,0.020879,elderly
892f5a3667bffff,892f5a36663ffff,978985095,318826549,9.8996,0.507885,elderly
892f5a3667bffff,892f5a36667ffff,978985095,1304352208,17.8888,0.027243,elderly
892f5a3667bffff,892f5a3666bffff,978985095,2199562412,11.5272,0.381199,elderly
892f5a3667bffff,892f5a36673ffff,978985095,861244781,9.6561,0.526997,elderly
892f5a3667bffff,892f5a36677ffff,978985095,318826498,14.0056,0.205752,elderly
892f5a3667bffff,892f5a3667bffff,978985095,978985095,0.5253,0.998299,elderly
892f5a3667bffff,892f5a375b3ffff,978985095,475758058,18.2148,0.01953,elderly
892f5a3667bffff,892f5a375b7ffff,978985095,2890576069,14.9841,0.14733,elderly
892f5a366c3ffff,892f5a366c3ffff,10588174561,10588174561,0.1059,0.999931,elderly
892f5a366c3ffff,892f5a366c7ffff,10588174561,3265458964,19.6401,0.000799,elderly
892f5a366c3ffff,892f5a366cbffff,10588174561,7374097405,12.7741,0.288955,elderly
892f5a366c3ffff,892f5a366cfffff,10588174561,1485314845,14.4131,0.180499,elderly
892f5a366c7ffff,892f5a366c3ffff,3265458964,10588174561,16.5903,0.070018,elderly
892f5a366c7ffff,892f5a366c7ffff,3265458964,3265458964,2.836,0.951202,elderly
892f5a366c7ffff,892f5a366cfffff,3265458964,1485314845,16.2542,0.084084,elderly
892f5a366cbffff,892f5a36653ffff,7374097405,1520857592,13.8361,0.216618,elderly
892f5a366cbffff,892f5a36657ffff,7374097405,10548487822,18.1243,0.021546,elderly
892f5a366cbffff,892f5a3665bffff,7374097405,475768206,16.9331,0.056907,elderly
892f5a366cbffff,892f5a366c3ffff,7374097405,10588174561,10.5194,0.459248,elderly
892f5a366cbffff,892f5a366cbffff,7374097405,7374097405,1.9086,0.977699,elderly
892f5a366cbffff,892f5a366cfffff,7374097405,1485314845,14.936,0.150021,elderly
892f5a366cbffff,892f5aadb27ffff,7374097405,517549695,17.824,0.028925,elderly
892f5a366cfffff,892f5a36643ffff,1485314845,1520857952,18.9832,0.006364,elderly
892f5a366cfffff,892f5a36653ffff,1485314845,1520857592,11.8418,0.357357,elderly
892f5a366cfffff,892f5a36657ffff,1485314845,10548487822,11.5387,0.380323,elderly
892f5a366cfffff,892f5a366c3ffff,1485314845,10588174561,7.8852,0.663056,elderly
892f5a366cfffff,892f5a366c7ffff,1485314845,3265458964,12.4934,0.309136,elderly
892f5a366cfffff,892f5a366cbffff,1485314845,7374097405,13.0884,0.266839,elderly
892f5a366cfffff,892f5a366cfffff,1485314845,1485314845,0.2717,0.999545,elderly
892f5a366dbffff,892f5a366dbffff,6277517902,6277517902,0.8607,0.995437,elderly
892f5a366dbffff,892f5aadb27ffff,6277517902,517549695,18.251,0.01875,elderly
892f5a366dbffff,892f5aadb33ffff,6277517902,517548726,17.3964,0.041234,elderly
892f5a366dbffff,892f5aadb37ffff,6277517902,2393515085,10.268,0.478955,elderly
892f5a366dbffff,892f5aadba3ffff,6277517902,5158143495,17.2216,0.046867,elderly
892f5a366dbffff,892f5aadba7ffff,6277517902,307423646,14.3552,0.184007,elderly
892f5a366dbffff,892f5aadbabffff,6277517902,307423640,16.3072,0.081788,elderly
892f5a366dbffff,892f5aadbafffff,6277517902,307423619,9.9595,0.50318,elderly
892f5a37083ffff,892f5a37083ffff,9605882522,9605882522,0.0434,0.999988,elderly
892f5a37083ffff,892f5a37087ffff,9605882522,5109258744,11.435,0.388249,elderly
892f5a37083ffff,892f5a37093ffff,9605882522,3193716070,18.6788,0.01073,elderly
892f5a37083ffff,892f5a37097ffff,9605882522,1097931942,9.3949,0.54745,elderly
892f5a37083ffff,892f5a3709bffff,9605882522,1096527390,8.0846,0.648174,elderly
892f5a37083ffff,892f5a370bbffff,9605882522,5091969121,19.16,0.004346,elderly
892f5a37083ffff,892f5a37467ffff,9605882522,1094679544,12.0263,0.343527,elderly
892f5a37083ffff,892f5a3746fffff,9605882522,7276074359,19.0205,0.005907,elderly
892f5a37083ffff,892f5a3754bffff,9605882522,1097906906,18.1862,0.020156,elderly
892f5a37083ffff,892f5a3755bffff,9605882522,1097906786,19.8047,0.000235,elderly
892f5a37087ffff,892f5a37083ffff,5109258744,9605882522,9.1178,0.569064,elderly
892f5a37087ffff,892f5a37087ffff,5109258744,5109258744,0.2409,0.999642,elderly
892f5a37087ffff,892f5a37097ffff,5109258744,1097931942,11.5231,0.381517,elderly
892f5a37087ffff,892f5a3709bffff,5109258744,1096527390,17.159,0.048967,elderly
892f5a37087ffff,892f5a370b3ffff,5109258744,5091968417,12.351,0.319519,elderly
892f5a37087ffff,892f5a370bbffff,5109258744,5091969121,10.0693,0.49456,elderly
892f5a37087ffff,892f5a3754bffff,5109258744,1097906906,9.5551,0.534913,elderly
892f5a37093ffff,892f5a37083ffff,3193716070,9605882522,19.4208,0.002068,elderly
892f5a37093ffff,892f5a37093ffff,3193716070,3193716070,2.2689,0.968581,elderly
892f5a37093ffff,892f5a37097ffff,3193716070,1097931942,13.8703,0.214411,elderly
892f5a37093ffff,892f5a3742bffff,3193716070,6475403603,13.0623,0.268658,elderly
892f5a37093ffff,892f5a3742fffff,3193716070,2196826810,12.3591,0.318928,elderly
892f5a37093ffff,892f5a37467ffff,3193716070,1094679544,18.7943,0.00894,elderly
892f5a37097ffff,892f5a37083ffff,1097931942,9605882522,7.3711,0.700658,elderly
892f5a37097ffff,892f5a37087ffff,1097931942,5109258744,12.9046,0.279704,elderly
892f5a37097ffff,892f5a37093ffff,1097931942,3193716070,10.5971,0.453172,elderly
892f5a37097ffff,892f5a37097ffff,1097931942,1097931942,0.6869,0.997093,elderly
892f5a37097ffff,892f5a3709bffff,1097931942,1096527390,15.4122,0.12431,elderly
892f5a37097ffff,892f5a370b3ffff,1097931942,5091968417,18.0779,0.022616,elderly
892f5a37097ffff,892f5a37427ffff,1097931942,7947429975,17.4981,0.038116,elderly
892f5a37097ffff,892f5a3742bffff,1097931942,6475403603,18.9792,0.006414,elderly
892f5a37097ffff,892f5a3742fffff,1097931942,2196826810,12.056,0.341312,elderly
892f5a37097ffff,892f5a37467ffff,1097931942,1094679544,19.3539,0.002573,elderly
892f5a37097ffff,892f5a37543ffff,1097931942,1097906783,19.318,0.002866,elderly
892f5a37097ffff,892f5a3754bffff,1097931942,1097906906,9.4781,0.540942,elderly
892f5a37097ffff,892f5a37553ffff,1097931942,472382750,18.8745,0.007794,elderly
892f5a37097ffff,892f5a3755bffff,1097931942,1097906786,11.4097,0.390188,elderly
892f5a3709bffff,892f5a37083ffff,1096527390,9605882522,6.7633,0.743395,elderly
892f5a3709bffff,892f5a37087ffff,1096527390,5109258744,18.1549,0.020854,elderly
892f5a3709bffff,892f5a37097ffff,1096527390,1097931942,16.1148,0.090256,elderly
892f5a3709bffff,892f5a3709bffff,1096527390,1096527390,2.8939,0.949223,elderly
892f5a3709bffff,892f5a37463ffff,1096527390,8371949497,19.1221,0.004747,elderly
892f5a3709bffff,892f5a37467ffff,1096527390,1094679544,8.8156,0.592484,elderly
892f5a3709bffff,892f5a3746fffff,1096527390,7276074359,15.8098,0.104451,elderly
892f5a3709bffff,892f5a37477ffff,1096527390,10933634351,19.1474,0.004477,elderly
892f5a370a3ffff,892f5a370a3ffff,13056197936,13056197936,2.096,0.973145,elderly
892f5a370a3ffff,892f5a370a7ffff,13056197936,2038377566,9.8836,0.509144,elderly
892f5a370a3ffff,892f5a370b7ffff,13056197936,1135820964,10.5371,0.457864,elderly
892f5a370a3ffff,892f5a371d3ffff,13056197936,660528224,16.4879,0.074179,elderly
892f5a370a3ffff,892f5a3756bffff,13056197936,1127244318,19.8773,9.3e-05,elderly
892f5a370a7ffff,892f5a370a3ffff,2038377566,13056197936,8.4124,0.623405,elderly
892f5a370a7ffff,892f5a370a7ffff,2038377566,2038377566,1.1805,0.991428,elderly
892f5a370a7ffff,892f5a370b7ffff,2038377566,1135820964,10.5149,0.459606,elderly
892f5a370a7ffff,892f5a371c3ffff,2038377566,581881619,15.1337,0.1391,elderly
892f5a370a7ffff,892f5a371d3ffff,2038377566,660528224,7.7848,0.670489,elderly
892f5a370a7ffff,892f5a371d7ffff,2038377566,1127244247,15.8965,0.100322,elderly
892f5a370a7ffff,892f5a3756bffff,2038377566,1127244318,11.864,0.355686,elderly
892f5a370a7ffff,892f5a3756fffff,2038377566,1127244105,16.8032,0.061724,elderly
892f5a370a7ffff,892f5a3757bffff,2038377566,1135821090,17.9515,0.025663,elderly
892f5a370b3ffff,892f5a37083ffff,5091968417,9605882522,18.5959,0.012112,elderly
892f5a370b3ffff,892f5a37087ffff,5091968417,5109258744,11.9397,0.350002,elderly
892f5a370b3ffff,892f5a370b3ffff,5091968417,5091968417,0.5997,0.997783,elderly
892f5a370b3ffff,892f5a370bbffff,5091968417,5091969121,9.2618,0.557849,elderly
892f5a370b3ffff,892f5a37547ffff,5091968417,7966410040,19.4769,0.001687,elderly
892f5a370b3ffff,892f5a3754bffff,5091968417,1097906906,14.1818,0.19468,elderly
892f5a370b3ffff,892f5a3754fffff,5091968417,8908901051,14.0766,0.201263,elderly
892f5a370b3ffff,892f5a3757bffff,5091968417,1135821090,19.7189,0.000487,elderly
892f5a370b7ffff,892f5a370a3ffff,1135820964,13056197936,9.3262,0.552823,elderly
892f5a370b7ffff,892f5a370a7ffff,1135820964,2038377566,9.5228,0.537444,elderly
892f5a370b7ffff,892f5a370b3ffff,1135820964,5091968417,17.7693,0.030382,elderly
892f5a370b7ffff,892f5a370b7ffff,1135820964,1135820964,1.1379,0.992034,elderly
892f5a370b7ffff,892f5a371d3ffff,1135820964,660528224,16.1271,0.089705,elderly
892f5a370b7ffff,892f5a37547ffff,1135820964,7966410040,19.905,5.6e-05,elderly
892f5a370b7ffff,892f5a3754fffff,1135820964,8908901051,15.4902,0.120296,elderly
892f5a370b7ffff,892f5a3756bffff,1135820964,1127244318,15.9518,0.097728,elderly
892f5a370b7ffff,892f5a3757bffff,1135820964,1135821090,14.9954,0.146703,elderly
892f5a370bbffff,892f5a37083ffff,5091969121,9605882522,17.0054,0.054304,elderly
892f5a370bbffff,892f5a37087ffff,5091969121,5109258744,10.3492,0.472589,elderly
892f5a370bbffff,892f5a370b3ffff,5091969121,5091968417,7.7681,0.671721,elderly
892f5a370bbffff,892f5a370bbffff,5091969121,5091969121,5.1803,0.8434,elderly
892f5a370bbffff,892f5a3754bffff,5091969121,1097906906,16.677,0.066583,elderly
892f5a37107ffff,892f5a37107ffff,8514517700,8514517700,3.583,0.922878,elderly
892f5a37107ffff,892f5a37113ffff,8514517700,1822152487,19.9369,2.5e-05,elderly
892f5a37107ffff,892f5a37117ffff,8514517700,11109216130,7.9482,0.658376,elderly
892f5a37107ffff,892f5a3718fffff,8514517700,6451601256,18.8388,0.008294,elderly
892f5a37107ffff,892f5a371abffff,8514517700,695327660,10.4113,0.467719,elderly
892f5a37107ffff,892f5a371bbffff,8514517700,2569654976,19.6932,0.000581,elderly
892f5a37113ffff,892f5a37107ffff,1822152487,8514517700,19.5733,0.001123,elderly
892f5a37113ffff,892f5a37113ffff,1822152487,1822152487,0.642,0.997459,elderly
892f5a37113ffff,892f5a37117ffff,1822152487,11109216130,13.0992,0.266089,elderly
892f5a37113ffff,892f5a37183ffff,1822152487,771032173,16.1845,0.087146,elderly
892f5a37113ffff,892f5a37187ffff,1822152487,798894742,17.832,0.028713,elderly
892f5a37113ffff,892f5a3718bffff,1822152487,666930532,13.3284,0.250333,elderly
892f5a37113ffff,892f5a3718fffff,1822152487,6451601256,9.9157,0.506624,elderly
892f5a37113ffff,892f5a371abffff,1822152487,695327660,19.4688,0.00174,elderly
892f5a37113ffff,892f5a371bbffff,1822152487,2569654976,16.426,0.076747,elderly
892f5a37113ffff,892f5a371c7ffff,1822152487,6383742435,10.7598,0.440464,elderly
892f5a37113ffff,892f5a371d7ffff,1822152487,1127244247,17.9622,0.025397,elderly
892f5a37117ffff,892f5a37107ffff,11109216130,8514517700,8.955,0.581708,elderly
892f5a37117ffff,892f5a37113ffff,11109216130,1822152487,14.4697,0.177091,elderly
892f5a37117ffff,892f5a37117ffff,11109216130,11109216130,1.1674,0.991617,elderly
892f5a37117ffff,892f5a3718bffff,11109216130,666930532,18.2424,0.018935,elderly
892f5a37117ffff,892f5a3718fffff,11109216130,6451601256,13.3716,0.247401,elderly
892f5a37117ffff,892f5a371abffff,11109216130,695327660,11.432,0.388478,elderly
892f5a37117ffff,892f5a371bbffff,11109216130,2569654976,18.6153,0.011781,elderly
892f5a37183ffff,892f5a3624bffff,771032173,1107512343,17.6526,0.033606,elderly
892f5a37183ffff,892f5a3625bffff,771032173,764851982,18.8454,0.008201,elderly
892f5a37183ffff,892f5a37113ffff,771032173,1822152487,19.1634,0.004311,elderly
892f5a37183ffff,892f5a37183ffff,771032173,771032173,0.6504,0.997393,elderly
892f5a37183ffff,892f5a37187ffff,771032173,798894742,10.0178,0.498605,elderly
892f5a37183ffff,892f5a3718bffff,771032173,666930532,8.4059,0.623894,elderly
892f5a37183ffff,892f5a3718fffff,771032173,6451601256,12.774,0.288963,elderly
892f5a37183ffff,892f5a37193ffff,771032173,7865126998,10.4048,0.468232,elderly
892f5a37183ffff,892f5a37197ffff,771032173,839607167,11.9871,0.346453,elderly
892f5a37183ffff,892f5a3719bffff,771032173,1942852587,9.4094,0.54632,elderly
892f5a37183ffff,892f5a371bbffff,771032173,2569654976,19.7529,0.000377,elderly
892f5a37183ffff,892f5a371c7ffff,771032173,6383742435,17.4484,0.039626,elderly
892f5a37183ffff,892f5a371d7ffff,771032173,1127244247,15.6659,0.111467,elderly
892f5a37183ffff,892f5a3752fffff,771032173,10293242124,17.0752,0.051845,elderly
892f5a37183ffff,892f5a37567ffff,771032173,2865895571,18.2829,0.018077,elderly
892f5a37187ffff,892f5a3624bffff,798894742,1107512343,11.182,0.407702,elderly
892f5a37187ffff,892f5a3625bffff,798894742,764851982,16.5243,0.072685,elderly
892f5a37187ffff,892f5a37183ffff,798894742,771032173,9.7968,0.515957,elderly
892f5a37187ffff,892f5a37187ffff,798894742,798894742,1.5281,0.985665,elderly
892f5a37187ffff,892f5a3718bffff,798894742,666930532,17.5523,0.036503,elderly
892f5a37187ffff,892f5a3718fffff,798894742,6451601256,12.0342,0.342941,elderly
892f5a37187ffff,892f5a37193ffff,798894742,7865126998,15.8663,0.10175,elderly
892f5a37187ffff,892f5a37197ffff,798894742,839607167,11.6084,0.375019,elderly
892f5a37187ffff,892f5a3719bffff,798894742,1942852587,16.8434,0.060214,elderly
892f5a37187ffff,892f5a371b3ffff,798894742,659292988,14.1113,0.199081,elderly
892f5a37187ffff,892f5a371bbffff,798894742,2569654976,16.5692,0.070864,elderly
892f5a3718bffff,892f5a37113ffff,666930532,1822152487,14.8436,0.155238,elderly
892f5a3718bffff,892f5a37117ffff,666930532,11109216130,18.0874,0.022394,elderly
892f5a3718bffff,892f5a37183ffff,666930532,771032173,7.1397,0.717162,elderly
892f5a3718bffff,892f5a37187ffff,666930532,798894742,16.5071,0.073388,elderly
892f5a3718bffff,892f5a3718bffff,666930532,666930532,0.3422,0.999278,elderly
892f5a3718bffff,892f5a3718fffff,666930532,6451601256,11.3022,0.398435,elderly
892f5a3718bffff,892f5a37193ffff,666930532,7865126998,16.8941,0.058333,elderly
892f5a3718bffff,892f5a37197ffff,666930532,839607167,18.4765,0.014249,elderly
892f5a3718bffff,892f5a3719bffff,666930532,1942852587,10.4491,0.464756,elderly
892f5a3718bffff,892f5a371bbffff,666930532,2569654976,18.2811,0.018114,elderly
892f5a3718bffff,892f5a371c3ffff,666930532,581881619,17.0838,0.051547,elderly
892f5a3718bffff,892f5a371c7ffff,666930532,6383742435,9.6975,0.523746,elderly
892f5a3718bffff,892f5a371d7ffff,666930532,1127244247,11.6486,0.371963,elderly
892f5a3718bffff,892f5a3756fffff,666930532,1127244105,19.6691,0.000675,elderly
892f5a3718fffff,892f5a3624bffff,6451601256,1107512343,18.0598,0.023041,elderly
892f5a3718fffff,892f5a37107ffff,6451601256,8514517700,18.064,0.022944,elderly
892f5a3718fffff,892f5a37113ffff,6451601256,1822152487,9.0297,0.575915,elderly
892f5a3718fffff,892f5a37117ffff,6451601256,11109216130,11.5899,0.376422,elderly
892f5a3718fffff,892f5a37183ffff,6451601256,771032173,9.5922,0.532005,elderly
892f5a3718fffff,892f5a37187ffff,6451601256,798894742,8.5495,0.612935,elderly
892f5a3718fffff,892f5a3718bffff,6451601256,666930532,8.6274,0.606968,elderly
892f5a3718fffff,892f5a3718fffff,6451601256,6451601256,0.6332,0.997529,elderly
892f5a3718fffff,892f5a37193ffff,6451601256,7865126998,19.3466,0.002631,elderly
892f5a3718fffff,892f5a37197ffff,6451601256,839607167,18.1708,0.020498,elderly
892f5a3718fffff,892f5a3719bffff,6451601256,1942852587,13.5252,0.237062,elderly
892f5a3718fffff,892f5a371abffff,6451601256,695327660,16.5149,0.073069,elderly
892f5a3718fffff,892f5a371b3ffff,6451601256,659292988,16.1765,0.087501,elderly
892f5a3718fffff,892f5a371bbffff,6451601256,2569654976,7.6121,0.68318,elderly
892f5a3718fffff,892f5a371c7ffff,6451601256,6383742435,14.9807,0.147523,elderly
892f5a3718fffff,892f5a371d7ffff,6451601256,1127244247,18.3238,0.017231,elderly
892f5a37193ffff,892f5a3625bffff,7865126998,764851982,18.6071,0.01192,elderly
892f5a37193ffff,892f5a37183ffff,7865126998,771032173,10.8774,0.43131,elderly
892f5a37193ffff,892f5a37187ffff,7865126998,798894742,16.3227,0.081119,elderly
892f5a37193ffff,892f5a3718bffff,7865126998,666930532,18.6329,0.011484,elderly
892f5a37193ffff,892f5a37193ffff,7865126998,7865126998,0.3346,0.99931,elderly
892f5a37193ffff,892f5a37197ffff,7865126998,839607167,15.0714,0.142501,elderly
892f5a37193ffff,892f5a3719bffff,7865126998,1942852587,12.1719,0.332709,elderly
892f5a37193ffff,892f5a3752bffff,7865126998,472360457,13.2457,0.255982,elderly
892f5a37193ffff,892f5a3752fffff,7865126998,10293242124,9.968,0.502514,elderly
892f5a37193ffff,892f5a37567ffff,7865126998,2865895571,17.4194,0.040518,elderly
892f5a37197ffff,892f5a36243ffff,839607167,822683298,17.3896,0.041449,elderly
892f5a37197ffff,892f5a3624bffff,839607167,1107512343,14.5108,0.17463,elderly
892f5a37197ffff,892f5a3625bffff,839607167,764851982,9.0713,0.572685,elderly
892f5a37197ffff,892f5a37183ffff,839607167,771032173,10.6316,0.450477,elderly
892f5a37197ffff,892f5a37187ffff,839607167,798894742,9.7998,0.51572,elderly
892f5a37197ffff,892f5a3718bffff,839607167,666930532,18.3871,0.015961,elderly
892f5a37197ffff,892f5a37193ffff,839607167,7865126998,12.6993,0.29429,elderly
892f5a37197ffff,892f5a37197ffff,839607167,839607167,0.5839,0.997898,elderly
892f5a37197ffff,892f5a3719bffff,839607167,1942852587,16.8607,0.05957,elderly
892f5a37197ffff,892f5a371b3ffff,839607167,659292988,17.6447,0.033832,elderly
892f5a37197ffff,892f5a37527ffff,839607167,9602267747,19.2815,0.003181,elderly
892f5a37197ffff,892f5a3752bffff,839607167,472360457,19.978,3e-06,elderly
892f5a37197ffff,892f5a3752fffff,839607167,10293242124,11.577,0.377402,elderly
892f5a3719bffff,892f5a37183ffff,1942852587,771032173,10.926,0.427525,elderly
892f5a3719bffff,892f5a37187ffff,1942852587,798894742,19.163,0.004316,elderly
892f5a3719bffff,892f5a3718bffff,1942852587,666930532,12.5442,0.305459,elderly
892f5a3719bffff,892f5a3718fffff,1942852587,6451601256,18.2951,0.017823,elderly
892f5a3719bffff,892f5a37193ffff,1942852587,7865126998,12.8124,0.286231,elderly
892f5a3719bffff,892f5a3719bffff,1942852587,1942852587,0.1995,0.999754,elderly
892f5a3719bffff,892f5a371c3ffff,1942852587,581881619,18.1514,0.020931,elderly
892f5a3719bffff,892f5a371c7ffff,1942852587,6383742435,17.9017,0.026915,elderly
892f5a3719bffff,892f5a371d3ffff,1942852587,660528224,19.2437,0.003525,elderly
892f5a3719bffff,892f5a371d7ffff,1942852587,1127244247,12.7162,0.293084,elderly
892f5a3719bffff,892f5a3752bffff,1942852587,472360457,18.0881,0.022379,elderly
892f5a3719bffff,892f5a3752fffff,1942852587,10293242124,17.0975,0.051072,elderly
892f5a3719bffff,892f5a37567ffff,1942852587,2865895571,15.3166,0.129308,elderly
892f5a3719bffff,892f5a3756fffff,1942852587,1127244105,12.709,0.293597,elderly
892f5a371abffff,892f5a37107ffff,695327660,8514517700,10.4488,0.464777,elderly
892f5a371abffff,892f5a37113ffff,695327660,1822152487,18.9388,0.00693,elderly
892f5a371abffff,892f5a37117ffff,695327660,11109216130,9.5451,0.535697,elderly
892f5a371abffff,892f5a3718fffff,695327660,6451601256,16.4501,0.075741,elderly
892f5a371abffff,892f5a371abffff,695327660,695327660,3.9114,0.908557,elderly
892f5a371abffff,892f5a371b3ffff,695327660,659292988,19.9457,1.8e-05,elderly
892f5a371abffff,892f5a371bbffff,695327660,2569654976,14.6811,0.164595,elderly
892f5a371b3ffff,892f5a3624bffff,659292988,1107512343,9.0815,0.571889,elderly
892f5a371b3ffff,892f5a3624fffff,659292988,1800595808,19.312,0.002917,elderly
892f5a371b3ffff,892f5a3625bffff,659292988,764851982,18.8181,0.008592,elderly
892f5a371b3ffff,892f5a37183ffff,659292988,771032173,18.3715,0.016269,elderly
892f5a371b3ffff,892f5a37187ffff,659292988,798894742,11.0791,0.415656,elderly
892f5a371b3ffff,892f5a3718fffff,659292988,6451601256,17.5246,0.037324,elderly
892f5a371b3ffff,892f5a37197ffff,659292988,839607167,16.6085,0.069289,elderly
892f5a371b3ffff,892f5a371b3ffff,659292988,659292988,0.2553,0.999598,elderly
892f5a371b3ffff,892f5a371bbffff,659292988,2569654976,10.3617,0.471607,elderly
892f5a371bbffff,892f5a3624bffff,2569654976,1107512343,16.7199,0.064912,elderly
892f5a371bbffff,892f5a37113ffff,2569654976,1822152487,17.5759,0.035811,elderly
892f5a371bbffff,892f5a37117ffff,2569654976,11109216130,18.514,0.013559,elderly
892f5a371bbffff,892f5a37183ffff,2569654976,771032173,18.3752,0.016197,elderly
892f5a371bbffff,892f5a37187ffff,2569654976,798894742,16.0857,0.091573,elderly
892f5a371bbffff,892f5a3718bffff,2569654976,666930532,17.4104,0.040799,elderly
892f5a371bbffff,892f5a3718fffff,2569654976,6451601256,9.4161,0.545792,elderly
892f5a371bbffff,892f5a371abffff,2569654976,695327660,16.55,0.071643,elderly
892f5a371bbffff,892f5a371b3ffff,2569654976,659292988,10.8176,0.435961,elderly
892f5a371bbffff,892f5a371bbffff,2569654976,2569654976,0.4302,0.998859,elderly
892f5a371c3ffff,892f5a370a7ffff,581881619,2038377566,19.6214,0.000884,elderly
892f5a371c3ffff,892f5a3718bffff,581881619,666930532,18.2289,0.019224,elderly
892f5a371c3ffff,892f5a3719bffff,581881619,1942852587,19.3636,0.002496,elderly
892f5a371c3ffff,892f5a371c3ffff,581881619,581881619,4.0731,0.901108,elderly
892f5a371c3ffff,892f5a371c7ffff,581881619,6383742435,16.4312,0.076527,elderly
892f5a371c3ffff,892f5a371d3ffff,581881619,660528224,9.1686,0.565112,elderly
892f5a371c3ffff,892f5a371d7ffff,581881619,1127244247,8.424,0.622521,elderly
892f5a371c3ffff,892f5a3756fffff,581881619,1127244105,17.0533,0.052614,elderly
892f5a371c7ffff,892f5a37113ffff,6383742435,1822152487,12.9564,0.276059,elderly
892f5a371c7ffff,892f5a37183ffff,6383742435,771032173,16.9769,0.055323,elderly
892f5a371c7ffff,892f5a3718bffff,6383742435,666930532,10.1793,0.485917,elderly
892f5a371c7ffff,892f5a3718fffff,6383742435,6451601256,19.5492,0.001253,elderly
892f5a371c7ffff,892f5a3719bffff,6383742435,1942852587,16.9351,0.056835,elderly
892f5a371c7ffff,892f5a371c3ffff,6383742435,581881619,16.3621,0.079438,elderly
892f5a371c7ffff,892f5a371c7ffff,6383742435,6383742435,2.7358,0.954538,elderly
892f5a371c7ffff,892f5a371d7ffff,6383742435,1127244247,11.7688,0.36286,elderly
892f5a371d3ffff,892f5a370a3ffff,660528224,13056197936,18.6109,0.011856,elderly
892f5a371d3ffff,892f5a370a7ffff,660528224,2038377566,11.3791,0.392534,elderly
892f5a371d3ffff,892f5a370b7ffff,660528224,1135820964,19.5804,0.001085,elderly
892f5a371d3ffff,892f5a3719bffff,660528224,1942852587,18.1794,0.020306,elderly
892f5a371d3ffff,892f5a371c3ffff,660528224,581881619,8.2751,0.633822,elderly
892f5a371d3ffff,892f5a371c7ffff,660528224,6383742435,19.8783,9.1e-05,elderly
892f5a371d3ffff,892f5a371d3ffff,660528224,660528224,0.9262,0.994717,elderly
892f5a371d3ffff,892f5a371d7ffff,660528224,1127244247,9.0379,0.575274,elderly
892f5a371d3ffff,892f5a3756bffff,660528224,1127244318,17.2197,0.046931,elderly
892f5a371d3ffff,892f5a3756fffff,660528224,1127244105,11.6689,0.370422,elderly
892f5a371d7ffff,892f5a37113ffff,1127244247,1822152487,19.5982,0.000996,elderly
892f5a371d7ffff,892f5a37183ffff,1127244247,771032173,17.5615,0.036234,elderly
892f5a371d7ffff,892f5a3718bffff,1127244247,666930532,12.963,0.275599,elderly
892f5a371d7ffff,892f5a3719bffff,1127244247,1942852587,13.6341,0.22983,elderly
892f5a371d7ffff,892f5a371c3ffff,1127244247,581881619,9.3453,0.551329,elderly
892f5a371d7ffff,892f5a371c7ffff,1127244247,6383742435,12.7184,0.292925,elderly
892f5a371d7ffff,892f5a371d3ffff,1127244247,660528224,10.8541,0.433121,elderly
892f5a371d7ffff,892f5a371d7ffff,1127244247,1127244247,0.4687,0.998646,elderly
892f5a371d7ffff,892f5a3756bffff,1127244247,1127244318,18.119,0.021666,elderly
892f5a371d7ffff,892f5a3756fffff,1127244247,1127244105,11.2664,0.401195,elderly
892f5a37403ffff,892f5a37403ffff,10155662310,10155662310,1.7358,0.981528,elderly
892f5a37403ffff,892f5a37407ffff,10155662310,6743431386,9.4824,0.540604,elderly
892f5a37403ffff,892f5a3740bffff,10155662310,7951554811,14.9004,0.152023,elderly
892f5a37403ffff,892f5a3740fffff,10155662310,4506648481,13.8251,0.217333,elderly
892f5a37403ffff,892f5a37417ffff,10155662310,475369115,9.3447,0.551374,elderly
892f5a37403ffff,892f5a37433ffff,10155662310,9775221793,16.2924,0.082425,elderly
892f5a37403ffff,892f5a3743bffff,10155662310,6475813119,16.9366,0.05678,elderly
892f5a37407ffff,892f5a37403ffff,6743431386,10155662310,8.0552,0.650383,elderly
892f5a37407ffff,892f5a37407ffff,6743431386,6743431386,0.291,0.999478,elderly
892f5a37407ffff,892f5a3740bffff,6743431386,7951554811,12.0382,0.342643,elderly
892f5a37407ffff,892f5a3740fffff,6743431386,4506648481,10.2133,0.483251,elderly
892f5a37407ffff,892f5a37417ffff,6743431386,475369115,11.3947,0.391336,elderly
892f5a37407ffff,892f5a37423ffff,6743431386,475369332,19.799,0.000249,elderly
892f5a37407ffff,892f5a37433ffff,6743431386,9775221793,7.2857,0.706783,elderly
892f5a37407ffff,892f5a37437ffff,6743431386,6240815386,15.0042,0.146211,elderly
892f5a37407ffff,892f5a3743bffff,6743431386,6475813119,11.32,0.397065,elderly
892f5a37407ffff,892f5a37473ffff,6743431386,1093856535,19.4318,0.00199,elderly
892f5a37407ffff,892f5a374abffff,6743431386,475369013,13.5985,0.232185,elderly
892f5a37407ffff,892f5a374afffff,6743431386,475368981,14.6628,0.165662,elderly
892f5a37407ffff,892f5a374bbffff,6743431386,1665929771,18.7064,0.010287,elderly
892f5a3740bffff,892f5a37403ffff,7951554811,10155662310,19.1649,0.004296,elderly
892f5a3740bffff,892f5a37407ffff,7951554811,6743431386,17.7802,0.030087,elderly
892f5a3740bffff,892f5a3740bffff,7951554811,7951554811,3.9603,0.906335,elderly
892f5a3740bffff,892f5a3740fffff,7951554811,4506648481,11.9677,0.347906,elderly
892f5a3740bffff,892f5a37463ffff,7951554811,8371949497,19.4875,0.001619,elderly
892f5a3740bffff,892f5a37473ffff,7951554811,1093856535,14.6469,0.166592,elderly
892f5a3740bffff,892f5a37477ffff,7951554811,10933634351,19.0565,0.005481,elderly
892f5a3740bffff,892f5a3747bffff,7951554811,1093946899,19.0317,0.005773,elderly
892f5a3740fffff,892f5a37403ffff,4506648481,10155662310,17.3744,0.041924,elderly
892f5a3740fffff,892f5a37407ffff,4506648481,6743431386,13.2581,0.255136,elderly
892f5a3740fffff,892f5a3740bffff,4506648481,7951554811,11.7314,0.365687,elderly
892f5a3740fffff,892f5a3740fffff,4506648481,4506648481,0.3744,0.999136,elderly
892f5a3740fffff,892f5a37433ffff,4506648481,9775221793,19.9809,2e-06,elderly
892f5a3740fffff,892f5a3743bffff,4506648481,6475813119,17.5908,0.035379,elderly
892f5a3740fffff,892f5a37463ffff,4506648481,8371949497,18.0399,0.023512,elderly
892f5a3740fffff,892f5a37473ffff,4506648481,1093856535,13.3016,0.252159,elderly
892f5a3740fffff,892f5a37477ffff,4506648481,10933634351,17.5822,0.03563,elderly
892f5a3740fffff,892f5a3747bffff,4506648481,1093946899,17.6864,0.032656,elderly
892f5a37417ffff,892f5a37403ffff,475369115,10155662310,11.2936,0.399095,elderly
892f5a37417ffff,892f5a37407ffff,475369115,6743431386,14.7709,0.159397,elderly
892f5a37417ffff,892f5a3740fffff,475369115,4506648481,19.3653,0.002483,elderly
892f5a37417ffff,892f5a37417ffff,475369115,475369115,1.5522,0.985211,elderly
892f5a37417ffff,892f5a374abffff,475369115,475369013,16.8459,0.060123,elderly
892f5a37417ffff,892f5a374bbffff,475369115,1665929771,12.8824,0.281269,elderly
892f5a37423ffff,892f5a37423ffff,475369332,475369332,1.36,0.988634,elderly
892f5a37423ffff,892f5a37427ffff,475369332,7947429975,14.9511,0.149173,elderly
892f5a37423ffff,892f5a3742bffff,475369332,6475403603,13.8305,0.216979,elderly
892f5a37423ffff,892f5a3742fffff,475369332,2196826810,16.0098,0.095042,elderly
892f5a37423ffff,892f5a37433ffff,475369332,9775221793,14.7641,0.159786,elderly
892f5a37423ffff,892f5a37437ffff,475369332,6240815386,11.5093,0.382564,elderly
892f5a37423ffff,892f5a3743bffff,475369332,6475813119,14.5988,0.169416,elderly
892f5a37423ffff,892f5a374afffff,475369332,475368981,19.4742,0.001704,elderly
892f5a37423ffff,892f5a375dbffff,475369332,475368843,19.6777,0.000641,elderly
892f5a37427ffff,892f5a37097ffff,7947429975,1097931942,18.8744,0.007796,elderly
892f5a37427ffff,892f5a37423ffff,7947429975,475369332,16.6524,0.067548,elderly
892f5a37427ffff,892f5a37427ffff,7947429975,7947429975,0.3007,0.999442,elderly
892f5a37427ffff,892f5a3742fffff,7947429975,2196826810,10.0423,0.496674,elderly
892f5a37427ffff,892f5a37437ffff,7947429975,6240815386,11.5975,0.375849,elderly
892f5a37427ffff,892f5a37543ffff,7947429975,1097906783,17.6175,0.034609,elderly
892f5a37427ffff,892f5a37553ffff,7947429975,472382750,14.4894,0.175912,elderly
892f5a37427ffff,892f5a3755bffff,7947429975,1097906786,12.3207,0.321746,elderly
892f5a37427ffff,892f5a375cbffff,7947429975,2649421029,14.612,0.168639,elderly
892f5a3742bffff,892f5a37093ffff,6475403603,3193716070,12.2614,0.326098,elderly
892f5a3742bffff,892f5a3740fffff,6475403603,4506648481,17.7804,0.030082,elderly
892f5a3742bffff,892f5a37423ffff,6475403603,475369332,14.4791,0.176529,elderly
892f5a3742bffff,892f5a37427ffff,6475403603,7947429975,19.4313,0.001994,elderly
892f5a3742bffff,892f5a3742bffff,6475403603,6475403603,0.2294,0.999676,elderly
892f5a3742bffff,892f5a3742fffff,6475403603,2196826810,9.6784,0.525246,elderly
892f5a3742bffff,892f5a3743bffff,6475403603,6475813119,16.3696,0.079118,elderly
892f5a3742bffff,892f5a37467ffff,6475403603,1094679544,16.2153,0.085787,elderly
892f5a3742bffff,892f5a37477ffff,6475403603,10933634351,18.2217,0.01938,elderly
892f5a3742fffff,892f5a37093ffff,2196826810,3193716070,12.1053,0.337644,elderly
892f5a3742fffff,892f5a37097ffff,2196826810,1097931942,14.5074,0.174832,elderly
892f5a3742fffff,892f5a37423ffff,2196826810,475369332,18.0298,0.023754,elderly
892f5a3742fffff,892f5a37427ffff,2196826810,7947429975,12.7283,0.292218,elderly
892f5a3742fffff,892f5a3742bffff,2196826810,6475403603,11.6514,0.371749,elderly
892f5a3742fffff,892f5a3742fffff,2196826810,2196826810,0.3602,0.9992,elderly
892f5a3742fffff,892f5a3754bffff,2196826810,1097906906,19.863,0.000116,elderly
892f5a3742fffff,892f5a3755bffff,2196826810,1097906786,16.9008,0.058087,elderly
892f5a37433ffff,892f5a37403ffff,9775221793,10155662310,16.1451,0.0889,elderly
892f5a37433ffff,892f5a37407ffff,9775221793,6743431386,8.3809,0.6258,elderly
892f5a37433ffff,892f5a3740bffff,9775221793,7951554811,19.8331,0.000172,elderly
892f5a37433ffff,892f5a3740fffff,9775221793,4506648481,17.7304,0.031441,elderly
892f5a37433ffff,892f5a37417ffff,9775221793,475369115,18.7576,0.009491,elderly
892f5a37433ffff,892f5a37423ffff,9775221793,475369332,16.6096,0.069247,elderly
892f5a37433ffff,892f5a37427ffff,9775221793,7947429975,18.1479,0.021011,elderly
892f5a37433ffff,892f5a37433ffff,9775221793,9775221793,0.8202,0.995856,elderly
892f5a37433ffff,892f5a37437ffff,9775221793,6240815386,8.7117,0.60049,elderly
892f5a37433ffff,892f5a3743bffff,9775221793,6475813119,12.784,0.288251,elderly
892f5a37433ffff,892f5a374a3ffff,9775221793,7942739530,16.0407,0.093623,elderly
892f5a37433ffff,892f5a374a7ffff,9775221793,9791542150,17.0215,0.053733,elderly
892f5a37433ffff,892f5a374abffff,9775221793,475369013,9.334,0.552216,elderly
892f5a37433ffff,892f5a374afffff,9775221793,475368981,9.0499,0.574347,elderly
892f5a37433ffff,892f5a374bbffff,9775221793,1665929771,18.8162,0.00862,elderly
892f5a37433ffff,892f5a375cbffff,9775221793,2649421029,18.2355,0.019083,elderly
892f5a37433ffff,892f5a375dbffff,9775221793,475368843,16.8801,0.058851,elderly
892f5a37437ffff,892f5a37407ffff,6240815386,6743431386,15.7949,0.105166,elderly
892f5a37437ffff,892f5a37423ffff,6240815386,475369332,12.4978,0.30882,elderly
892f5a37437ffff,892f5a37427ffff,6240815386,7947429975,9.5496,0.535349,elderly
892f5a37437ffff,892f5a3742fffff,6240815386,2196826810,19.0572,0.005473,elderly
892f5a37437ffff,892f5a37433ffff,6240815386,9775221793,8.8013,0.593587,elderly
892f5a37437ffff,892f5a37437ffff,6240815386,6240815386,0.1134,0.999921,elderly
892f5a37437ffff,892f5a374a3ffff,6240815386,7942739530,17.3437,0.042897,elderly
892f5a37437ffff,892f5a374a7ffff,6240815386,9791542150,16.21,0.086019,elderly
892f5a37437ffff,892f5a374abffff,6240815386,475369013,14.6059,0.168997,elderly
892f5a37437ffff,892f5a374afffff,6240815386,475368981,9.8489,0.511866,elderly
892f5a37437ffff,892f5a37553ffff,6240815386,472382750,19.3743,0.002413,elderly
892f5a37437ffff,892f5a375c3ffff,6240815386,472447266,15.0657,0.142816,elderly
892f5a37437ffff,892f5a375cbffff,6240815386,2649421029,10.5717,0.455157,elderly
892f5a37437ffff,892f5a375dbffff,6240815386,475368843,9.6149,0.530228,elderly
892f5a3743bffff,892f5a37403ffff,6475813119,10155662310,17.2324,0.046507,elderly
892f5a3743bffff,892f5a37407ffff,6475813119,6743431386,12.8408,0.284212,elderly
892f5a3743bffff,892f5a3740fffff,6475813119,4506648481,14.0353,0.203868,elderly
892f5a3743bffff,892f5a37423ffff,6475813119,475369332,13.4771,0.240287,elderly
892f5a3743bffff,892f5a37427ffff,6475813119,7947429975,18.5454,0.012996,elderly
892f5a3743bffff,892f5a3742bffff,6475813119,6475403603,16.3444,0.080192,elderly
892f5a3743bffff,892f5a3742fffff,6475813119,2196826810,19.5484,0.001258,elderly
892f5a3743bffff,892f5a37433ffff,6475813119,9775221793,12.2983,0.32339,elderly
892f5a3743bffff,892f5a37437ffff,6475813119,6240815386,19.3622,0.002507,elderly
892f5a3743bffff,892f5a3743bffff,6475813119,6475813119,0.8262,0.995795,elderly
892f5a3743bffff,892f5a374abffff,6475813119,475369013,18.8081,0.008737,elderly
892f5a3743bffff,892f5a374afffff,6475813119,475368981,19.8724,0.0001,elderly
892f5a37463ffff,892f5a3740bffff,8371949497,7951554811,19.2551,0.003419,elderly
892f5a37463ffff,892f5a3740fffff,8371949497,4506648481,17.9291,0.026221,elderly
892f5a37463ffff,892f5a37463ffff,8371949497,8371949497,0.6338,0.997524,elderly
892f5a37463ffff,892f5a37467ffff,8371949497,1094679544,12.7677,0.289408,elderly
892f5a37463ffff,892f5a3746fffff,8371949497,7276074359,11.3975,0.391119,elderly
892f5a37463ffff,892f5a37473ffff,8371949497,1093856535,12.2636,0.32594,elderly
892f5a37463ffff,892f5a37477ffff,8371949497,10933634351,10.0835,0.493441,elderly
892f5a37463ffff,892f5a3747bffff,8371949497,1093946899,13.9827,0.20721,elderly
892f5a37467ffff,892f5a37083ffff,1094679544,9605882522,13.3681,0.24764,elderly
892f5a37467ffff,892f5a37093ffff,1094679544,3193716070,19.1744,0.004199,elderly
892f5a37467ffff,892f5a3709bffff,1094679544,1096527390,11.4854,0.38439,elderly
892f5a37467ffff,892f5a3742bffff,1094679544,6475403603,18.0418,0.023468,elderly
892f5a37467ffff,892f5a37463ffff,1094679544,8371949497,11.5703,0.377914,elderly
892f5a37467ffff,892f5a37467ffff,1094679544,1094679544,1.2639,0.990179,elderly
892f5a37467ffff,892f5a3746fffff,1094679544,7276074359,8.258,0.635112,elderly
892f5a37467ffff,892f5a37473ffff,1094679544,1093856535,16.3609,0.079488,elderly
892f5a37467ffff,892f5a37477ffff,1094679544,10933634351,11.6252,0.373742,elderly
892f5a37467ffff,892f5a3747bffff,1094679544,1093946899,19.1082,0.004898,elderly
892f5a3746fffff,892f5a37083ffff,7276074359,9605882522,19.1332,0.004627,elderly
892f5a3746fffff,892f5a3709bffff,7276074359,1096527390,17.1243,0.05015,elderly
892f5a3746fffff,892f5a37463ffff,7276074359,8371949497,8.9711,0.580458,elderly
892f5a3746fffff,892f5a37467ffff,7276074359,1094679544,7.029,0.724963,elderly
892f5a3746fffff,892f5a3746fffff,7276074359,7276074359,5.4877,0.82546,elderly
892f5a3746fffff,892f5a37473ffff,7276074359,1093856535,17.9228,0.02638,elderly
892f5a3746fffff,892f5a37477ffff,7276074359,10933634351,15.0254,0.145041,elderly
892f5a37473ffff,892f5a3740bffff,1093856535,7951554811,13.8412,0.216289,elderly
892f5a37473ffff,892f5a3740fffff,1093856535,4506648481,12.6367,0.298782,elderly
892f5a37473ffff,892f5a37463ffff,1093856535,8371949497,11.2797,0.400166,elderly
892f5a37473ffff,892f5a37467ffff,1093856535,1094679544,15.9169,0.099362,elderly
892f5a37473ffff,892f5a3746fffff,1093856535,7276074359,19.6547,0.000735,elderly
892f5a37473ffff,892f5a37473ffff,1093856535,1093856535,1.0933,0.992645,elderly
892f5a37473ffff,892f5a37477ffff,1093856535,10933634351,10.9657,0.424448,elderly
892f5a37473ffff,892f5a3747bffff,1093856535,1093946899,9.6509,0.527401,elderly
892f5a37477ffff,892f5a3740bffff,10933634351,7951554811,19.6187,0.000896,elderly
892f5a37477ffff,892f5a3740fffff,10933634351,4506648481,18.2928,0.017871,elderly
892f5a37477ffff,892f5a37463ffff,10933634351,8371949497,10.847,0.433674,elderly
892f5a37477ffff,892f5a37467ffff,10933634351,1094679544,13.8524,0.215565,elderly
892f5a37477ffff,892f5a3746fffff,10933634351,7276074359,18.5528,0.012863,elderly
892f5a37477ffff,892f5a37473ffff,10933634351,1093856535,12.7613,0.289868,elderly
892f5a37477ffff,892f5a37477ffff,10933634351,10933634351,2.4383,0.963774,elderly
892f5a37477ffff,892f5a3747bffff,10933634351,1093946899,15.5095,0.119311,elderly
892f5a3747bffff,892f5a37463ffff,1093946899,8371949497,16.0645,0.092535,elderly
892f5a3747bffff,892f5a37473ffff,1093946899,1093856535,12.7861,0.288101,elderly
892f5a3747bffff,892f5a37477ffff,1093946899,10933634351,17.1142,0.050495,elderly
892f5a3747bffff,892f5a3747bffff,1093946899,1093946899,0.9003,0.995009,elderly
892f5a37487ffff,892f5a37487ffff,473169530,473169530,3.813,0.912967,elderly
892f5a37487ffff,892f5a374a3ffff,473169530,7942739530,17.4508,0.039552,elderly
892f5a37487ffff,892f5a374b3ffff,473169530,11072417469,12.7797,0.288553,elderly
892f5a37487ffff,892f5a374b7ffff,473169530,4511333938,16.9105,0.057732,elderly
892f5a37487ffff,892f5a374bbffff,473169530,1665929771,11.858,0.356132,elderly
892f5a37487ffff,892f5aadb4bffff,473169530,473169537,11.6531,0.37162,elderly
892f5a37487ffff,892f5aadb4fffff,473169530,4511333552,16.6786,0.06652,elderly
892f5a374a3ffff,892f5a37433ffff,7942739530,9775221793,16.8554,0.059765,elderly
892f5a374a3ffff,892f5a37437ffff,7942739530,6240815386,17.8795,0.027482,elderly
892f5a374a3ffff,892f5a37487ffff,7942739530,473169530,14.2938,0.187756,elderly
892f5a374a3ffff,892f5a374a3ffff,7942739530,7942739530,0.7041,0.996945,elderly
892f5a374a3ffff,892f5a374a7ffff,7942739530,9791542150,9.3954,0.54741,elderly
892f5a374a3ffff,892f5a374abffff,7942739530,475369013,11.3954,0.391279,elderly
892f5a374a3ffff,892f5a374afffff,7942739530,475368981,10.3917,0.469258,elderly
892f5a374a3ffff,892f5a374b3ffff,7942739530,11072417469,12.822,0.285548,elderly
892f5a374a3ffff,892f5a374b7ffff,7942739530,4511333938,13.2839,0.25337,elderly
892f5a374a3ffff,892f5a374bbffff,7942739530,1665929771,9.6866,0.524602,elderly
892f5a374a3ffff,892f5a375dbffff,7942739530,475368843,17.6329,0.034167,elderly
892f5a374a3ffff,892f5aadb4fffff,7942739530,4511333552,17.3021,0.044229,elderly
892f5a374a7ffff,892f5a37433ffff,9791542150,9775221793,18.3038,0.017642,elderly
892f5a374a7ffff,892f5a37437ffff,9791542150,6240815386,17.8507,0.028227,elderly
892f5a374a7ffff,892f5a374a3ffff,9791542150,7942739530,9.3305,0.552487,elderly
892f5a374a7ffff,892f5a374a7ffff,9791542150,9791542150,0.0945,0.999945,elderly
892f5a374a7ffff,892f5a374abffff,9791542150,475369013,16.219,0.085625,elderly
892f5a374a7ffff,892f5a374afffff,9791542150,475368981,9.5095,0.538482,elderly
892f5a374a7ffff,892f5a374b3ffff,9791542150,11072417469,18.4757,0.014265,elderly
892f5a374a7ffff,892f5a374b7ffff,9791542150,4511333938,10.0787,0.493822,elderly
892f5a374a7ffff,892f5a374bbffff,9791542150,1665929771,18.313,0.017453,elderly
892f5a374a7ffff,892f5a375c3ffff,9791542150,472447266,16.095,0.091151,elderly
892f5a374a7ffff,892f5a375d3ffff,9791542150,4717672327,14.9914,0.146927,elderly
892f5a374a7ffff,892f5a375dbffff,9791542150,475368843,12.016,0.344294,elderly
892f5a374a7ffff,892f5aadb6bffff,9791542150,472447041,12.1178,0.336722,elderly
892f5a374abffff,892f5a37403ffff,475369013,10155662310,19.6415,0.000793,elderly
892f5a374abffff,892f5a37407ffff,475369013,6743431386,14.7849,0.158594,elderly
892f5a374abffff,892f5a37417ffff,475369013,475369115,14.488,0.175995,elderly
892f5a374abffff,892f5a37433ffff,475369013,9775221793,9.1208,0.568835,elderly
892f5a374abffff,892f5a37437ffff,475369013,6240815386,15.2644,0.132074,elderly
892f5a374abffff,892f5a3743bffff,475369013,6475813119,19.2083,0.003861,elderly
892f5a374abffff,892f5a374a3ffff,475369013,7942739530,11.2143,0.405206,elderly
892f5a374abffff,892f5a374a7ffff,475369013,9791542150,15.8066,0.104603,elderly
892f5a374abffff,892f5a374abffff,475369013,475369013,1.1473,0.991903,elderly
892f5a374abffff,892f5a374afffff,475369013,475368981,7.835,0.666779,elderly
892f5a374abffff,892f5a374bbffff,475369013,1665929771,11.0988,0.414131,elderly
892f5a374abffff,892f5a375dbffff,475369013,475368843,17.3539,0.042573,elderly
892f5a374afffff,892f5a37407ffff,475368981,6743431386,15.9642,0.09715,elderly
892f5a374afffff,892f5a37427ffff,475368981,7947429975,18.6418,0.011336,elderly
892f5a374afffff,892f5a37433ffff,475368981,9775221793,9.006,0.577754,elderly
892f5a374afffff,892f5a37437ffff,475368981,6240815386,9.3092,0.554151,elderly
892f5a374afffff,892f5a374a3ffff,475368981,7942739530,9.6589,0.526778,elderly
892f5a374afffff,892f5a374a7ffff,475368981,9791542150,8.1833,0.640755,elderly
892f5a374afffff,892f5a374abffff,475368981,475369013,6.9211,0.7325,elderly
892f5a374afffff,892f5a374afffff,475368981,475368981,0.2117,0.999724,elderly
892f5a374afffff,892f5a374b7ffff,475368981,4511333938,18.1674,0.020573,elderly
892f5a374afffff,892f5a374bbffff,475368981,1665929771,14.0532,0.202735,elderly
892f5a374afffff,892f5a375c3ffff,475368981,472447266,19.3883,0.002307,elderly
892f5a374afffff,892f5a375cbffff,475368981,2649421029,16.8592,0.059627,elderly
892f5a374afffff,892f5a375dbffff,475368981,475368843,9.7305,0.521158,elderly
892f5a374b3ffff,892f5a37487ffff,11072417469,473169530,10.4549,0.464304,elderly
892f5a374b3ffff,892f5a374a3ffff,11072417469,7942739530,13.1142,0.265052,elderly
892f5a374b3ffff,892f5a374a7ffff,11072417469,9791542150,16.5681,0.070909,elderly
892f5a374b3ffff,892f5a374b3ffff,11072417469,11072417469,0.5995,0.997785,elderly
892f5a374b3ffff,892f5a374b7ffff,11072417469,4511333938,10.9966,0.422044,elderly
892f5a374b3ffff,892f5a374bbffff,11072417469,1665929771,14.4593,0.177715,elderly
892f5a374b3ffff,892f5aadb4bffff,11072417469,473169537,11.2983,0.398737,elderly
892f5a374b3ffff,892f5aadb4fffff,11072417469,4511333552,10.8953,0.429918,elderly
892f5a374b7ffff,892f5a37487ffff,4511333938,473169530,14.9799,0.147562,elderly
892f5a374b7ffff,892f5a374a3ffff,4511333938,7942739530,12.5438,0.305488,elderly
892f5a374b7ffff,892f5a374a7ffff,4511333938,9791542150,8.7781,0.595382,elderly
892f5a374b7ffff,892f5a374afffff,4511333938,475368981,18.1931,0.020005,elderly
892f5a374b7ffff,892f5a374b3ffff,4511333938,11072417469,12.0921,0.338625,elderly
892f5a374b7ffff,892f5a374b7ffff,4511333938,4511333938,0.4485,0.99876,elderly
892f5a374b7ffff,892f5a374bbffff,4511333938,1665929771,17.2908,0.044596,elderly
892f5a374b7ffff,892f5aadb4fffff,4511333938,4511333552,13.1748,0.260861,elderly
892f5a374b7ffff,892f5aadb6bffff,4511333938,472447041,12.9896,0.273736,elderly
892f5a374b7ffff,892f5aadb7bffff,4511333938,5025536627,16.1113,0.090417,elderly
892f5a374bbffff,892f5a37417ffff,1665929771,475369115,12.7793,0.288583,elderly
892f5a374bbffff,892f5a37487ffff,1665929771,473169530,12.2029,0.330415,elderly
892f5a374bbffff,892f5a374a3ffff,1665929771,7942739530,11.6398,0.372629,elderly
892f5a374bbffff,892f5a374abffff,1665929771,475369013,13.0973,0.266224,elderly
892f5a374bbffff,892f5a374afffff,1665929771,475368981,16.4645,0.075142,elderly
892f5a374bbffff,892f5a374b3ffff,1665929771,11072417469,17.129,0.049989,elderly
892f5a374bbffff,892f5a374b7ffff,1665929771,4511333938,18.1086,0.021906,elderly
892f5a374bbffff,892f5a374bbffff,1665929771,1665929771,0.8934,0.995085,elderly
892f5a374bbffff,892f5aadb4bffff,1665929771,473169537,18.3552,0.016595,elderly
892f5a37503ffff,892f5a37503ffff,6237227412,6237227412,0.8768,0.995265,elderly
892f5a37503ffff,892f5a37507ffff,6237227412,9933084480,8.7394,0.598362,elderly
892f5a37503ffff,892f5a3750bffff,6237227412,4716326321,13.259,0.255073,elderly
892f5a37503ffff,892f5a3750fffff,6237227412,472360248,8.0536,0.650501,elderly
892f5a37503ffff,892f5a37513ffff,6237227412,11538316379,12.8414,0.28417,elderly
892f5a37503ffff,892f5a37517ffff,6237227412,6283520292,13.1854,0.260128,elderly
892f5a37503ffff,892f5a3751bffff,6237227412,4716623608,14.6262,0.167803,elderly
892f5a37503ffff,892f5a37533ffff,6237227412,9954179094,17.2955,0.044445,elderly
892f5a37503ffff,892f5a3753bffff,6237227412,1094547495,18.1213,0.021615,elderly
892f5a37503ffff,892f5a37547ffff,6237227412,7966410040,19.4234,0.00205,elderly
892f5a37503ffff,892f5a37573ffff,6237227412,472382641,13.6364,0.229675,elderly
892f5a37503ffff,892f5a37577ffff,6237227412,1706684673,18.1344,0.021315,elderly
892f5a37503ffff,892f5a3758fffff,6237227412,13736742284,17.535,0.037015,elderly
892f5a37503ffff,892f5a375abffff,6237227412,582802728,16.6453,0.06783,elderly
892f5a37503ffff,892f5a375c7ffff,6237227412,1664033852,16.8097,0.06148,elderly
892f5a37507ffff,892f5a37503ffff,9933084480,6237227412,10.9472,0.425882,elderly
892f5a37507ffff,892f5a37507ffff,9933084480,9933084480,0.5905,0.997851,elderly
892f5a37507ffff,892f5a3750fffff,9933084480,472360248,11.1038,0.413738,elderly
892f5a37507ffff,892f5a37513ffff,9933084480,11538316379,17.4763,0.038777,elderly
892f5a37507ffff,892f5a37517ffff,9933084480,6283520292,12.0858,0.339099,elderly
892f5a37507ffff,892f5a37533ffff,9933084480,9954179094,9.1466,0.566826,elderly
892f5a37507ffff,892f5a37537ffff,9933084480,5495728727,14.3286,0.185632,elderly
892f5a37507ffff,892f5a3753bffff,9933084480,1094547495,12.1653,0.333195,elderly
892f5a37507ffff,892f5a37573ffff,9933084480,472382641,19.5643,0.001171,elderly
892f5a37507ffff,892f5a37577ffff,9933084480,1706684673,18.3861,0.015981,elderly
892f5a37507ffff,892f5a375abffff,9933084480,582802728,8.8614,0.58895,elderly
892f5a37507ffff,892f5a375afffff,9933084480,5506743143,15.3107,0.129619,elderly
892f5a37507ffff,892f5a375bbffff,9933084480,472359980,19.6762,0.000647,elderly
892f5a3750bffff,892f5a37503ffff,4716326321,6237227412,14.7978,0.157852,elderly
892f5a3750bffff,892f5a3750bffff,4716326321,4716326321,1.241,0.990529,elderly
892f5a3750bffff,892f5a3750fffff,4716326321,472360248,11.813,0.359528,elderly
892f5a3750bffff,892f5a3751bffff,4716326321,4716623608,11.3947,0.391334,elderly
892f5a3750bffff,892f5a37543ffff,4716326321,1097906783,15.0197,0.145352,elderly
892f5a3750bffff,892f5a37547ffff,4716326321,7966410040,8.1716,0.641636,elderly
892f5a3750bffff,892f5a3754fffff,4716326321,8908901051,16.4798,0.074512,elderly
892f5a3750bffff,892f5a37553ffff,4716326321,472382750,19.1401,0.004554,elderly
892f5a3750bffff,892f5a37557ffff,4716326321,2704049830,9.0146,0.577083,elderly
892f5a3750bffff,892f5a37563ffff,4716326321,6326922164,19.9747,4e-06,elderly
892f5a3750bffff,892f5a37573ffff,4716326321,472382641,11.2599,0.401689,elderly
892f5a3750bffff,892f5a37577ffff,4716326321,1706684673,17.8468,0.028328,elderly
892f5a3750bffff,892f5a3757bffff,4716326321,1135821090,17.6376,0.034032,elderly
892f5a3750bffff,892f5a375cfffff,4716326321,472382799,17.0162,0.053919,elderly
892f5a3750fffff,892f5a37503ffff,472360248,6237227412,10.0884,0.493059,elderly
892f5a3750fffff,892f5a37507ffff,472360248,9933084480,11.6769,0.369818,elderly
892f5a3750fffff,892f5a3750bffff,472360248,4716326321,11.2787,0.400246,elderly
892f5a3750fffff,892f5a3750fffff,472360248,472360248,0.9983,0.993865,elderly
892f5a3750fffff,892f5a3752bffff,472360248,472360457,18.3237,0.017233,elderly
892f5a3750fffff,892f5a37533ffff,472360248,9954179094,19.0778,0.005237,elderly
892f5a3750fffff,892f5a3753bffff,472360248,1094547495,12.6145,0.300382,elderly
892f5a3750fffff,892f5a37547ffff,472360248,7966410040,16.4446,0.075969,elderly
892f5a3750fffff,892f5a37557ffff,472360248,2704049830,17.2876,0.044699,elderly
892f5a3750fffff,892f5a37563ffff,472360248,6326922164,16.1924,0.086794,elderly
892f5a3750fffff,892f5a37567ffff,472360248,2865895571,19.3771,0.002391,elderly
892f5a3750fffff,892f5a37573ffff,472360248,472382641,9.5164,0.537949,elderly
892f5a3750fffff,892f5a37577ffff,472360248,1706684673,11.0792,0.415649,elderly
892f5a3750fffff,892f5a3757bffff,472360248,1135821090,16.6572,0.06736,elderly
892f5a3750fffff,892f5a375abffff,472360248,582802728,18.284,0.018054,elderly
892f5a37513ffff,892f5a37503ffff,11538316379,6237227412,12.3483,0.319717,elderly
892f5a37513ffff,892f5a37507ffff,11538316379,9933084480,16.1275,0.089687,elderly
892f5a37513ffff,892f5a3750bffff,11538316379,4716326321,18.8434,0.008229,elderly
892f5a37513ffff,892f5a3750fffff,11538316379,472360248,19.3557,0.002558,elderly
892f5a37513ffff,892f5a37513ffff,11538316379,11538316379,0.0386,0.999991,elderly
892f5a37513ffff,892f5a37517ffff,11538316379,6283520292,10.938,0.426599,elderly
892f5a37513ffff,892f5a3751bffff,11538316379,4716623608,11.451,0.38702,elderly
892f5a37513ffff,892f5a3758bffff,11538316379,6281439102,13.5353,0.236388,elderly
892f5a37513ffff,892f5a3758fffff,11538316379,13736742284,10.8365,0.434493,elderly
892f5a37513ffff,892f5a375abffff,11538316379,582802728,17.8463,0.02834,elderly
892f5a37513ffff,892f5a375c3ffff,11538316379,472447266,19.7041,0.00054,elderly
892f5a37513ffff,892f5a375c7ffff,11538316379,1664033852,10.2247,0.482358,elderly
892f5a37513ffff,892f5a375cfffff,11538316379,472382799,16.8773,0.058956,elderly
892f5a37513ffff,892f5a375d7ffff,11538316379,472447132,16.8402,0.060334,elderly
892f5a37517ffff,892f5a37503ffff,6283520292,6237227412,11.3153,0.397429,elderly
892f5a37517ffff,892f5a37507ffff,6283520292,9933084480,9.2828,0.556208,elderly
892f5a37517ffff,892f5a3750fffff,6283520292,472360248,18.0783,0.022606,elderly
892f5a37517ffff,892f5a37513ffff,6283520292,11538316379,8.0593,0.650073,elderly
892f5a37517ffff,892f5a37517ffff,6283520292,6283520292,0.2735,0.999538,elderly
892f5a37517ffff,892f5a3751bffff,6283520292,4716623608,18.4823,0.014141,elderly
892f5a37517ffff,892f5a37533ffff,6283520292,9954179094,14.2045,0.193266,elderly
892f5a37517ffff,892f5a37537ffff,6283520292,5495728727,17.1924,0.047842,elderly
892f5a37517ffff,892f5a37587ffff,6283520292,475770391,18.0859,0.022429,elderly
892f5a37517ffff,892f5a3758fffff,6283520292,13736742284,11.8866,0.353987,elderly
892f5a37517ffff,892f5a375abffff,6283520292,582802728,8.2439,0.636184,elderly
892f5a37517ffff,892f5a375afffff,6283520292,5506743143,14.8118,0.15705,elderly
892f5a37517ffff,892f5a375bbffff,6283520292,472359980,11.5717,0.377809,elderly
892f5a37517ffff,892f5a375c7ffff,6283520292,1664033852,17.0648,0.052209,elderly
892f5a3751bffff,892f5a37503ffff,4716623608,6237227412,16.5686,0.07089,elderly
892f5a3751bffff,892f5a3750bffff,4716623608,4716326321,9.5078,0.538619,elderly
892f5a3751bffff,892f5a37513ffff,4716623608,11538316379,12.5612,0.304229,elderly
892f5a3751bffff,892f5a3751bffff,4716623608,4716623608,0.4531,0.998734,elderly
892f5a3751bffff,892f5a37543ffff,4716623608,1097906783,16.8293,0.060744,elderly
892f5a3751bffff,892f5a37547ffff,4716623608,7966410040,15.128,0.13941,elderly
892f5a3751bffff,892f5a37553ffff,4716623608,472382750,18.4006,0.015696,elderly
892f5a3751bffff,892f5a37557ffff,4716623608,2704049830,10.5136,0.459703,elderly
892f5a3751bffff,892f5a37573ffff,4716623608,472382641,18.4121,0.015473,elderly
892f5a3751bffff,892f5a375c3ffff,4716623608,472447266,14.7147,0.162641,elderly
892f5a3751bffff,892f5a375c7ffff,4716623608,1664033852,11.1367,0.411196,elderly
892f5a3751bffff,892f5a375cbffff,4716623608,2649421029,19.5506,0.001245,elderly
892f5a3751bffff,892f5a375cfffff,4716623608,472382799,10.1458,0.48855,elderly
892f5a37523ffff,892f5a37523ffff,1947574787,1947574787,0.0492,0.999985,elderly
892f5a37527ffff,892f5a36253ffff,9602267747,11512438978,9.0988,0.57054,elderly
892f5a37527ffff,892f5a36257ffff,9602267747,563748914,18.7367,0.009812,elderly
892f5a37527ffff,892f5a3625bffff,9602267747,764851982,13.4661,0.241023,elderly
892f5a37527ffff,892f5a362cbffff,9602267747,472359869,10.698,0.445293,elderly
892f5a37527ffff,892f5a362cfffff,9602267747,2095799546,15.8345,0.103269,elderly
892f5a37527ffff,892f5a37527ffff,9602267747,9602267747,0.6897,0.997068,elderly
892f5a37527ffff,892f5a3752bffff,9602267747,472360457,19.3985,0.00223,elderly
892f5a37527ffff,892f5a3752fffff,9602267747,10293242124,11.5204,0.381717,elderly
892f5a37527ffff,892f5a37537ffff,9602267747,5495728727,17.6669,0.033203,elderly
892f5a3752bffff,892f5a3625bffff,472360457,764851982,19.2234,0.003715,elderly
892f5a3752bffff,892f5a37183ffff,472360457,771032173,19.8473,0.000144,elderly
892f5a3752bffff,892f5a37193ffff,472360457,7865126998,12.3151,0.322157,elderly
892f5a3752bffff,892f5a3719bffff,472360457,1942852587,16.5089,0.073315,elderly
892f5a3752bffff,892f5a3752bffff,472360457,472360457,0.296,0.99946,elderly
892f5a3752bffff,892f5a3752fffff,472360457,10293242124,8.6031,0.608835,elderly
892f5a3752bffff,892f5a3753bffff,472360457,1094547495,15.0939,0.141268,elderly
892f5a3752bffff,892f5a37567ffff,472360457,2865895571,14.8399,0.155449,elderly
892f5a3752bffff,892f5a37577ffff,472360457,1706684673,15.572,0.11615,elderly
892f5a3752fffff,892f5a36253ffff,10293242124,11512438978,16.5572,0.07135,elderly
892f5a3752fffff,892f5a3625bffff,10293242124,764851982,11.379,0.392538,elderly
892f5a3752fffff,892f5a37183ffff,10293242124,771032173,17.0954,0.051144,elderly
892f5a3752fffff,892f5a37193ffff,10293242124,7865126998,9.9427,0.504497,elderly
892f5a3752fffff,892f5a37197ffff,10293242124,839607167,13.7006,0.225447,elderly
892f5a3752fffff,892f5a3719bffff,10293242124,1942852587,17.3496,0.04271,elderly
892f5a3752fffff,892f5a37527ffff,10293242124,9602267747,13.8032,0.21875,elderly
892f5a3752fffff,892f5a3752bffff,10293242124,472360457,8.9474,0.582294,elderly
892f5a3752fffff,892f5a3752fffff,10293242124,10293242124,0.5464,0.998159,elderly
892f5a3752fffff,892f5a3753bffff,10293242124,1094547495,17.8487,0.028279,elderly
892f5a3752fffff,892f5a37567ffff,10293242124,2865895571,18.3592,0.016516,elderly
892f5a37533ffff,892f5a362cbffff,9954179094,472359869,16.0933,0.09123,elderly
892f5a37533ffff,892f5a362dbffff,9954179094,471978558,18.0209,0.023968,elderly
892f5a37533ffff,892f5a37503ffff,9954179094,6237227412,18.3049,0.01762,elderly
892f5a37533ffff,892f5a37507ffff,9954179094,9933084480,7.9482,0.65837,elderly
892f5a37533ffff,892f5a3750fffff,9954179094,472360248,18.0464,0.023358,elderly
892f5a37533ffff,892f5a37517ffff,9954179094,6283520292,15.7167,0.108967,elderly
892f5a37533ffff,892f5a37533ffff,9954179094,9954179094,0.4637,0.998674,elderly
892f5a37533ffff,892f5a37537ffff,9954179094,5495728727,7.6265,0.682129,elderly
892f5a37533ffff,892f5a3753bffff,9954179094,1094547495,10.5134,0.459724,elderly
892f5a37533ffff,892f5a375a7ffff,9954179094,2327217335,18.2846,0.018041,elderly
892f5a37533ffff,892f5a375abffff,9954179094,582802728,10.0317,0.497508,elderly
892f5a37533ffff,892f5a375afffff,9954179094,5506743143,9.7197,0.522009,elderly
892f5a37537ffff,892f5a36253ffff,5495728727,11512438978,19.5196,0.001423,elderly
892f5a37537ffff,892f5a362c3ffff,5495728727,7946433661,17.1726,0.048508,elderly
892f5a37537ffff,892f5a362cbffff,5495728727,472359869,10.134,0.489478,elderly
892f5a37537ffff,892f5a362cfffff,5495728727,2095799546,19.8876,7.8e-05,elderly
892f5a37537ffff,892f5a362dbffff,5495728727,471978558,12.1156,0.336885,elderly
892f5a37537ffff,892f5a37507ffff,5495728727,9933084480,14.6732,0.165051,elderly
892f5a37537ffff,892f5a37527ffff,5495728727,9602267747,14.7486,0.160679,elderly
892f5a37537ffff,892f5a37533ffff,5495728727,9954179094,9.6069,0.530857,elderly
892f5a37537ffff,892f5a37537ffff,5495728727,5495728727,1.6672,0.982952,elderly
892f5a37537ffff,892f5a3753bffff,5495728727,1094547495,19.6566,0.000727,elderly
892f5a37537ffff,892f5a375a7ffff,5495728727,2327217335,15.5519,0.117164,elderly
892f5a37537ffff,892f5a375abffff,5495728727,582802728,14.7855,0.158555,elderly
892f5a37537ffff,892f5a375afffff,5495728727,5506743143,10.4498,0.464706,elderly
892f5a3753bffff,892f5a37503ffff,1094547495,6237227412,19.8799,8.9e-05,elderly
892f5a3753bffff,892f5a37507ffff,1094547495,9933084480,13.0008,0.272947,elderly
892f5a3753bffff,892f5a3750bffff,1094547495,4716326321,19.4428,0.001914,elderly
892f5a3753bffff,892f5a3750fffff,1094547495,472360248,10.7898,0.438129,elderly
892f5a3753bffff,892f5a3752bffff,1094547495,472360457,12.4779,0.310262,elderly
892f5a3753bffff,892f5a3752fffff,1094547495,10293242124,14.7301,0.161751,elderly
892f5a3753bffff,892f5a37533ffff,1094547495,9954179094,12.0941,0.338478,elderly
892f5a3753bffff,892f5a37537ffff,1094547495,5495728727,19.2569,0.003402,elderly
892f5a3753bffff,892f5a3753bffff,1094547495,1094547495,1.2301,0.990695,elderly
892f5a3753bffff,892f5a37567ffff,1094547495,2865895571,18.8988,0.007462,elderly
892f5a3753bffff,892f5a37573ffff,1094547495,472382641,16.9094,0.057774,elderly
892f5a3753bffff,892f5a37577ffff,1094547495,1706684673,11.8811,0.3544,elderly
892f5a3753bffff,892f5a375abffff,1094547495,582802728,18.6505,0.011193,elderly
892f5a37543ffff,892f5a370b3ffff,1097906783,5091968417,19.335,0.002725,elderly
892f5a37543ffff,892f5a37427ffff,1097906783,7947429975,16.1476,0.088787,elderly
892f5a37543ffff,892f5a3742fffff,1097906783,2196826810,19.5396,0.001307,elderly
892f5a37543ffff,892f5a3750bffff,1097906783,4716326321,16.499,0.073722,elderly
892f5a37543ffff,892f5a3751bffff,1097906783,4716623608,19.8508,0.000137,elderly
892f5a37543ffff,892f5a37543ffff,1097906783,1097906783,0.9307,0.994667,elderly
892f5a37543ffff,892f5a37547ffff,1097906783,7966410040,9.0362,0.575408,elderly
892f5a37543ffff,892f5a3754bffff,1097906783,1097906906,9.5279,0.537048,elderly
892f5a37543ffff,892f5a3754fffff,1097906783,8908901051,13.8634,0.214852,elderly
892f5a37543ffff,892f5a37553ffff,1097906783,472382750,11.1622,0.409227,elderly
892f5a37543ffff,892f5a37557ffff,1097906783,2704049830,12.2196,0.329181,elderly
892f5a37543ffff,892f5a3755bffff,1097906783,1097906786,12.3636,0.318596,elderly
892f5a37543ffff,892f5a37573ffff,1097906783,472382641,18.4348,0.015035,elderly
892f5a37543ffff,892f5a3757bffff,1097906783,1135821090,16.0292,0.094147,elderly
892f5a37543ffff,892f5a375cfffff,1097906783,472382799,19.4821,0.001653,elderly
892f5a37547ffff,892f5a370b3ffff,7966410040,5091968417,14.8654,0.154003,elderly
892f5a37547ffff,892f5a3750bffff,7966410040,4716326321,11.1474,0.410371,elderly
892f5a37547ffff,892f5a3750fffff,7966410040,472360248,19.5138,0.001457,elderly
892f5a37547ffff,892f5a37543ffff,7966410040,1097906783,9.2051,0.562268,elderly
892f5a37547ffff,892f5a37547ffff,7966410040,7966410040,0.048,0.999986,elderly
892f5a37547ffff,892f5a3754bffff,7966410040,1097906906,16.3353,0.08058,elderly
892f5a37547ffff,892f5a3754fffff,7966410040,8908901051,9.2864,0.555929,elderly
892f5a37547ffff,892f5a37553ffff,7966410040,472382750,19.4367,0.001956,elderly
892f5a37547ffff,892f5a37557ffff,7966410040,2704049830,16.0234,0.094412,elderly
892f5a37547ffff,892f5a37563ffff,7966410040,6326922164,16.3285,0.08087,elderly
892f5a37547ffff,892f5a3756bffff,7966410040,1127244318,19.9373,2.4e-05,elderly
892f5a37547ffff,892f5a37573ffff,7966410040,472382641,12.8197,0.285709,elderly
892f5a37547ffff,892f5a3757bffff,7966410040,1135821090,11.4488,0.387189,elderly
892f5a3754bffff,892f5a37083ffff,1097906906,9605882522,17.2802,0.044939,elderly
892f5a3754bffff,892f5a37087ffff,1097906906,5109258744,12.8527,0.283375,elderly
892f5a3754bffff,892f5a37093ffff,1097906906,3193716070,17.9378,0.026005,elderly
892f5a3754bffff,892f5a37097ffff,1097906906,1097931942,11.2333,0.403743,elderly
892f5a3754bffff,892f5a370b3ffff,1097906906,5091968417,13.7972,0.219142,elderly
892f5a3754bffff,892f5a370bbffff,1097906906,5091969121,17.614,0.034708,elderly
892f5a3754bffff,892f5a3742fffff,1097906906,2196826810,18.5148,0.013545,elderly
892f5a3754bffff,892f5a37543ffff,1097906906,1097906783,11.2144,0.405202,elderly
892f5a3754bffff,892f5a37547ffff,1097906906,7966410040,18.0748,0.022689,elderly
892f5a3754bffff,892f5a3754bffff,1097906906,1097906906,0.2081,0.999733,elderly
892f5a3754bffff,892f5a3754fffff,1097906906,8908901051,14.9443,0.149551,elderly
892f5a3754bffff,892f5a37553ffff,1097906906,472382750,17.0765,0.0518,elderly
892f5a3754bffff,892f5a3755bffff,1097906906,1097906786,14.168,0.195535,elderly
892f5a3754fffff,892f5a370b3ffff,8908901051,5091968417,9.9947,0.500417,elderly
892f5a3754fffff,892f5a370b7ffff,8908901051,1135820964,15.3304,0.128581,elderly
892f5a3754fffff,892f5a370bbffff,8908901051,5091969121,18.6568,0.011088,elderly
892f5a3754fffff,892f5a3750bffff,8908901051,4716326321,18.9297,0.00705,elderly
892f5a3754fffff,892f5a37543ffff,8908901051,1097906783,12.6372,0.298752,elderly
892f5a3754fffff,892f5a37547ffff,8908901051,7966410040,9.7848,0.516899,elderly
892f5a3754fffff,892f5a3754bffff,8908901051,1097906906,13.6942,0.225871,elderly
892f5a3754fffff,892f5a3754fffff,8908901051,8908901051,0.2067,0.999736,elderly
892f5a3754fffff,892f5a3756bffff,8908901051,1127244318,18.3219,0.01727,elderly
892f5a3754fffff,892f5a37573ffff,8908901051,472382641,18.4433,0.014874,elderly
892f5a3754fffff,892f5a3757bffff,8908901051,1135821090,13.3579,0.248328,elderly
892f5a37553ffff,892f5a37097ffff,472382750,1097931942,18.7622,0.009421,elderly
892f5a37553ffff,892f5a37427ffff,472382750,7947429975,13.975,0.207697,elderly
892f5a37553ffff,892f5a3742fffff,472382750,2196826810,17.367,0.042159,elderly
892f5a37553ffff,892f5a37437ffff,472382750,6240815386,17.9199,0.026453,elderly
892f5a37553ffff,892f5a37543ffff,472382750,1097906783,12.4542,0.311984,elderly
892f5a37553ffff,892f5a37547ffff,472382750,7966410040,19.754,0.000373,elderly
892f5a37553ffff,892f5a3754bffff,472382750,1097906906,17.6684,0.03316,elderly
892f5a37553ffff,892f5a37553ffff,472382750,472382750,0.5087,0.998405,elderly
892f5a37553ffff,892f5a37557ffff,472382750,2704049830,14.2272,0.19186,elderly
892f5a37553ffff,892f5a3755bffff,472382750,1097906786,10.9141,0.428455,elderly
892f5a37553ffff,892f5a375cbffff,472382750,2649421029,13.9358,0.2102,elderly
892f5a37553ffff,892f5a375cfffff,472382750,472382799,15.0349,0.144516,elderly
892f5a37557ffff,892f5a37437ffff,2704049830,6240815386,18.1024,0.022048,elderly
892f5a37557ffff,892f5a3750bffff,2704049830,4716326321,7.3367,0.703129,elderly
892f5a37557ffff,892f5a3750fffff,2704049830,472360248,17.4903,0.038354,elderly
892f5a37557ffff,892f5a3751bffff,2704049830,4716623608,10.0097,0.49924,elderly
892f5a37557ffff,892f5a37543ffff,2704049830,1097906783,8.4782,0.618386,elderly
892f5a37557ffff,892f5a37547ffff,2704049830,7966410040,11.0858,0.415132,elderly
892f5a37557ffff,892f5a3754bffff,2704049830,1097906906,15.2217,0.134351,elderly
892f5a37557ffff,892f5a3754fffff,2704049830,8908901051,19.394,0.002263,elderly
892f5a37557ffff,892f5a37553ffff,2704049830,472382750,10.9196,0.428027,elderly
892f5a37557ffff,892f5a37557ffff,2704049830,2704049830,0.7941,0.996116,elderly
892f5a37557ffff,892f5a3755bffff,2704049830,1097906786,18.0575,0.023096,elderly
892f5a37557ffff,892f5a37573ffff,2704049830,472382641,15.4643,0.121626,elderly
892f5a37557ffff,892f5a375c3ffff,2704049830,472447266,19.3186,0.002861,elderly
892f5a37557ffff,892f5a375c7ffff,2704049830,1664033852,17.4197,0.040509,elderly
892f5a37557ffff,892f5a375cbffff,2704049830,2649421029,13.663,0.227922,elderly
892f5a37557ffff,892f5a375cfffff,2704049830,472382799,10.7628,0.440236,elderly
892f5a3755bffff,892f5a37083ffff,1097906786,9605882522,15.4449,0.122619,elderly
892f5a3755bffff,892f5a37093ffff,1097906786,3193716070,16.1025,0.090813,elderly
892f5a3755bffff,892f5a37097ffff,1097906786,1097931942,9.5965,0.531673,elderly
892f5a3755bffff,892f5a37427ffff,1097906786,7947429975,9.7961,0.516008,elderly
892f5a3755bffff,892f5a3742fffff,1097906786,2196826810,12.9376,0.277381,elderly
892f5a3755bffff,892f5a37437ffff,1097906786,6240815386,19.8074,0.000229,elderly
892f5a3755bffff,892f5a37543ffff,1097906786,1097906783,10.8279,0.43516,elderly
892f5a3755bffff,892f5a37547ffff,1097906786,7966410040,18.5236,0.013386,elderly
892f5a3755bffff,892f5a3754bffff,1097906786,1097906906,11.1423,0.410767,elderly
892f5a3755bffff,892f5a37553ffff,1097906786,472382750,9.1148,0.569297,elderly
892f5a3755bffff,892f5a37557ffff,1097906786,2704049830,19.2087,0.003858,elderly
892f5a3755bffff,892f5a3755bffff,1097906786,1097906786,1.2364,0.9906,elderly
892f5a3755bffff,892f5a375cbffff,1097906786,2649421029,16.4184,0.077062,elderly
892f5a3755bffff,892f5a375cfffff,1097906786,472382799,19.8027,0.00024,elderly
892f5a37563ffff,892f5a3719bffff,6326922164,1942852587,17.1957,0.04773,elderly
892f5a37563ffff,892f5a371d3ffff,6326922164,660528224,19.7251,0.000466,elderly
892f5a37563ffff,892f5a371d7ffff,6326922164,1127244247,18.809,0.008724,elderly
892f5a37563ffff,892f5a3750fffff,6326922164,472360248,16.8916,0.058427,elderly
892f5a37563ffff,892f5a37543ffff,6326922164,1097906783,19.4972,0.001558,elderly
892f5a37563ffff,892f5a37547ffff,6326922164,7966410040,14.7662,0.159664,elderly
892f5a37563ffff,892f5a3754fffff,6326922164,8908901051,19.5477,0.001261,elderly
892f5a37563ffff,892f5a37563ffff,6326922164,6326922164,0.2741,0.999537,elderly
892f5a37563ffff,892f5a37567ffff,6326922164,2865895571,11.4826,0.384609,elderly
892f5a37563ffff,892f5a3756bffff,6326922164,1127244318,13.4155,0.244435,elderly
892f5a37563ffff,892f5a3756fffff,6326922164,1127244105,10.9638,0.424591,elderly
892f5a37563ffff,892f5a37573ffff,6326922164,472382641,9.0898,0.571246,elderly
892f5a37563ffff,892f5a37577ffff,6326922164,1706684673,12.1576,0.333766,elderly
892f5a37563ffff,892f5a3757bffff,6326922164,1135821090,11.3455,0.395111,elderly
892f5a37567ffff,892f5a37183ffff,2865895571,771032173,14.5218,0.173977,elderly
892f5a37567ffff,892f5a3718bffff,2865895571,666930532,19.9809,2e-06,elderly
892f5a37567ffff,892f5a37193ffff,2865895571,7865126998,12.2153,0.329499,elderly
892f5a37567ffff,892f5a37197ffff,2865895571,839607167,19.6333,0.000829,elderly
892f5a37567ffff,892f5a3719bffff,2865895571,1942852587,10.2386,0.481265,elderly
892f5a37567ffff,892f5a371d3ffff,2865895571,660528224,19.9265,3.3e-05,elderly
892f5a37567ffff,892f5a371d7ffff,2865895571,1127244247,15.5078,0.119399,elderly
892f5a37567ffff,892f5a3750fffff,2865895571,472360248,19.3661,0.002477,elderly
892f5a37567ffff,892f5a3752bffff,2865895571,472360457,11.7345,0.365453,elderly
892f5a37567ffff,892f5a3752fffff,2865895571,10293242124,13.4406,0.242741,elderly
892f5a37567ffff,892f5a3753bffff,2865895571,1094547495,18.5347,0.013186,elderly
892f5a37567ffff,892f5a37563ffff,2865895571,6326922164,12.1338,0.335535,elderly
892f5a37567ffff,892f5a37567ffff,2865895571,2865895571,0.4432,0.998789,elderly
892f5a37567ffff,892f5a3756fffff,2865895571,1127244105,9.878,0.509583,elderly
892f5a37567ffff,892f5a37573ffff,2865895571,472382641,17.8283,0.028811,elderly
892f5a37567ffff,892f5a37577ffff,2865895571,1706684673,9.3918,0.547696,elderly
892f5a3756bffff,892f5a370a3ffff,1127244318,13056197936,16.2667,0.083539,elderly
892f5a3756bffff,892f5a370a7ffff,1127244318,2038377566,10.4128,0.467603,elderly
892f5a3756bffff,892f5a370b7ffff,1127244318,1135820964,14.8643,0.154061,elderly
892f5a3756bffff,892f5a3719bffff,1127244318,1942852587,18.031,0.023724,elderly
892f5a3756bffff,892f5a371c3ffff,1127244318,581881619,18.9908,0.00627,elderly
892f5a3756bffff,892f5a371d3ffff,1127244318,660528224,13.7246,0.223874,elderly
892f5a3756bffff,892f5a371d7ffff,1127244318,1127244247,14.2802,0.188591,elderly
892f5a3756bffff,892f5a3754fffff,1127244318,8908901051,19.5679,0.001151,elderly
892f5a3756bffff,892f5a37563ffff,1127244318,6326922164,15.748,0.107438,elderly
892f5a3756bffff,892f5a3756bffff,1127244318,1127244318,1.3578,0.98867,elderly
892f5a3756bffff,892f5a3756fffff,1127244318,1127244105,10.5283,0.458559,elderly
892f5a3756bffff,892f5a37573ffff,1127244318,472382641,15.3554,0.127269,elderly
892f5a3756bffff,892f5a3757bffff,1127244318,1135821090,10.1474,0.488421,elderly
892f5a3756fffff,892f5a370a7ffff,1127244105,2038377566,19.2182,0.003765,elderly
892f5a3756fffff,892f5a37183ffff,1127244105,771032173,19.257,0.003402,elderly
892f5a3756fffff,892f5a3718bffff,1127244105,666930532,19.3729,0.002424,elderly
892f5a3756fffff,892f5a37193ffff,1127244105,7865126998,19.4614,0.001789,elderly
892f5a3756fffff,892f5a3719bffff,1127244105,1942852587,10.2327,0.481731,elderly
892f5a3756fffff,892f5a371c3ffff,1127244105,581881619,14.588,0.170053,elderly
892f5a3756fffff,892f5a371d3ffff,1127244105,660528224,10.3691,0.471024,elderly
892f5a3756fffff,892f5a371d7ffff,1127244105,1127244247,9.453,0.542907,elderly
892f5a3756fffff,892f5a37563ffff,1127244105,6326922164,13.5485,0.23551,elderly
892f5a3756fffff,892f5a37567ffff,1127244105,2865895571,11.8448,0.357126,elderly
892f5a3756fffff,892f5a3756bffff,1127244105,1127244318,12.191,0.331298,elderly
892f5a3756fffff,892f5a3756fffff,1127244105,1127244105,0.3206,0.999366,elderly
892f5a3756fffff,892f5a37577ffff,1127244105,1706684673,18.1909,0.020053,elderly
892f5a3756fffff,892f5a3757bffff,1127244105,1135821090,19.8082,0.000227,elderly
892f5a37573ffff,892f5a37503ffff,472382641,6237227412,17.4653,0.039109,elderly
892f5a37573ffff,892f5a3750bffff,472382641,4716326321,12.7571,0.290167,elderly
892f5a37573ffff,892f5a3750fffff,472382641,472360248,12.0389,0.342591,elderly
892f5a37573ffff,892f5a3753bffff,472382641,1094547495,19.8055,0.000233,elderly
892f5a37573ffff,892f5a37543ffff,472382641,1097906783,18.3411,0.01688,elderly
892f5a37573ffff,892f5a37547ffff,472382641,7966410040,11.319,0.397142,elderly
892f5a37573ffff,892f5a3754fffff,472382641,8908901051,18.3916,0.015873,elderly
892f5a37573ffff,892f5a37557ffff,472382641,2704049830,18.4258,0.015208,elderly
892f5a37573ffff,892f5a37563ffff,472382641,6326922164,10.7007,0.44508,elderly
892f5a37573ffff,892f5a37567ffff,472382641,2865895571,18.7296,0.009923,elderly
892f5a37573ffff,892f5a3756bffff,472382641,1127244318,14.8859,0.152838,elderly
892f5a37573ffff,892f5a3756fffff,472382641,1127244105,19.3911,0.002286,elderly
892f5a37573ffff,892f5a37573ffff,472382641,472382641,0.9799,0.994088,elderly
892f5a37573ffff,892f5a37577ffff,472382641,1706684673,13.277,0.25384,elderly
892f5a37573ffff,892f5a3757bffff,472382641,1135821090,10.1893,0.485132,elderly
892f5a37577ffff,892f5a37193ffff,1706684673,7865126998,19.7326,0.000441,elderly
892f5a37577ffff,892f5a3719bffff,1706684673,1942852587,16.4971,0.073799,elderly
892f5a37577ffff,892f5a37503ffff,1706684673,6237227412,19.3972,0.00224,elderly
892f5a37577ffff,892f5a3750bffff,1706684673,4716326321,17.9312,0.026169,elderly
892f5a37577ffff,892f5a3750fffff,1706684673,472360248,10.3071,0.47589,elderly
892f5a37577ffff,892f5a3752bffff,1706684673,472360457,12.182,0.331965,elderly
892f5a37577ffff,892f5a3752fffff,1706684673,10293242124,18.1339,0.021327,elderly
892f5a37577ffff,892f5a3753bffff,1706684673,1094547495,12.5519,0.304898,elderly
892f5a37577ffff,892f5a37563ffff,1706684673,6326922164,13.3124,0.251427,elderly
892f5a37577ffff,892f5a37567ffff,1706684673,2865895571,8.6308,0.60671,elderly
892f5a37577ffff,892f5a3756fffff,1706684673,1127244105,15.5344,0.118048,elderly
892f5a37577ffff,892f5a37573ffff,1706684673,472382641,11.1733,0.408372,elderly
892f5a37577ffff,892f5a37577ffff,1706684673,1706684673,0.3328,0.999317,elderly
892f5a37577ffff,892f5a3757bffff,1706684673,1135821090,18.059,0.02306,elderly
892f5a3757bffff,892f5a370a3ffff,1135821090,13056197936,19.9216,3.8e-05,elderly
892f5a3757bffff,892f5a370a7ffff,1135821090,2038377566,17.5619,0.03622,elderly
892f5a3757bffff,892f5a370b3ffff,1135821090,5091968417,18.0582,0.02308,elderly
892f5a3757bffff,892f5a370b7ffff,1135821090,1135820964,17.2567,0.045707,elderly
892f5a3757bffff,892f5a3750bffff,1135821090,4716326321,19.2783,0.003209,elderly
892f5a3757bffff,892f5a3750fffff,1135821090,472360248,19.9641,8e-06,elderly
892f5a3757bffff,892f5a37543ffff,1135821090,1097906783,16.8591,0.05963,elderly
892f5a3757bffff,892f5a37547ffff,1135821090,7966410040,12.1281,0.335956,elderly
892f5a3757bffff,892f5a3754fffff,1135821090,8908901051,15.7791,0.10593,elderly
892f5a3757bffff,892f5a37563ffff,1135821090,6326922164,12.6367,0.298782,elderly
892f5a3757bffff,892f5a3756bffff,1135821090,1127244318,10.1939,0.484773,elderly
892f5a3757bffff,892f5a3756fffff,1135821090,1127244105,18.4222,0.015278,elderly
892f5a3757bffff,892f5a37573ffff,1135821090,472382641,10.6876,0.446104,elderly
892f5a3757bffff,892f5a37577ffff,1135821090,1706684673,19.4133,0.002122,elderly
892f5a3757bffff,892f5a3757bffff,1135821090,1135821090,0.706,0.996928,elderly
892f5a37583ffff,892f5a37513ffff,1813858066,11538316379,19.9607,1e-05,elderly
892f5a37583ffff,892f5a37583ffff,1813858066,1813858066,0.3619,0.999192,elderly
892f5a37583ffff,892f5a3758bffff,1813858066,6281439102,16.3959,0.078007,elderly
892f5a37583ffff,892f5a3758fffff,1813858066,13736742284,14.3799,0.182505,elderly
892f5a37583ffff,892f5a3759bffff,1813858066,255995938,14.5349,0.173198,elderly
892f5a37583ffff,892f5a375d7ffff,1813858066,472447132,17.5848,0.035553,elderly
892f5a37583ffff,892f5aadb2fffff,1813858066,5180913963,15.1728,0.136982,elderly
892f5a37583ffff,892f5aadb6fffff,1813858066,5422306027,19.586,0.001057,elderly
892f5a37587ffff,892f5a3664bffff,475770391,8364977378,15.8233,0.103805,elderly
892f5a37587ffff,892f5a3665bffff,475770391,475768206,19.5327,0.001347,elderly
892f5a37587ffff,892f5a37517ffff,475770391,6283520292,17.9447,0.025832,elderly
892f5a37587ffff,892f5a37587ffff,475770391,475770391,0.7538,0.996499,elderly
892f5a37587ffff,892f5a3758fffff,475770391,13736742284,13.1718,0.261068,elderly
892f5a37587ffff,892f5a37597ffff,475770391,13140663722,12.6945,0.294637,elderly
892f5a37587ffff,892f5a375b3ffff,475770391,475758058,16.638,0.068116,elderly
892f5a37587ffff,892f5a375bbffff,475770391,472359980,11.8366,0.357749,elderly
892f5a3758bffff,892f5a37513ffff,6281439102,11538316379,13.038,0.270353,elderly
892f5a3758bffff,892f5a37583ffff,6281439102,1813858066,17.1536,0.04915,elderly
892f5a3758bffff,892f5a3758bffff,6281439102,6281439102,0.5708,0.997992,elderly
892f5a3758bffff,892f5a3758fffff,6281439102,13736742284,12.2508,0.326881,elderly
892f5a3758bffff,892f5a3759bffff,6281439102,255995938,18.8932,0.007538,elderly
892f5a3758bffff,892f5a375c3ffff,6281439102,472447266,19.8487,0.000141,elderly
892f5a3758bffff,892f5a375c7ffff,6281439102,1664033852,15.056,0.143348,elderly
892f5a3758bffff,892f5a375d7ffff,6281439102,472447132,12.7696,0.28927,elderly
892f5a3758bffff,892f5aadb6fffff,6281439102,5422306027,18.4114,0.015486,elderly
892f5a3758fffff,892f5a37503ffff,13736742284,6237227412,17.0524,0.052644,elderly
892f5a3758fffff,892f5a37507ffff,13736742284,9933084480,19.2012,0.003931,elderly
892f5a3758fffff,892f5a37513ffff,13736742284,11538316379,10.4059,0.468139,elderly
892f5a3758fffff,892f5a37517ffff,13736742284,6283520292,13.6432,0.22923,elderly
892f5a3758fffff,892f5a37583ffff,13736742284,1813858066,14.6791,0.164709,elderly
892f5a3758fffff,892f5a37587ffff,13736742284,475770391,13.3033,0.252043,elderly
892f5a3758fffff,892f5a3758bffff,13736742284,6281439102,12.9497,0.27653,elderly
892f5a3758fffff,892f5a3758fffff,13736742284,13736742284,0.4749,0.99861,elderly
892f5a3758fffff,892f5a375abffff,13736742284,582802728,19.1754,0.004188,elderly
892f5a3758fffff,892f5a375bbffff,13736742284,472359980,10.8892,0.430391,elderly
892f5a3758fffff,892f5a375c7ffff,13736742284,1664033852,17.053,0.052624,elderly
892f5a3758fffff,892f5a375d7ffff,13736742284,472447132,18.1405,0.021178,elderly
892f5a37593ffff,892f5a37593ffff,255996108,255996108,0.4138,0.998944,elderly
892f5a37593ffff,892f5a3759bffff,255996108,255995938,12.1998,0.330644,elderly
892f5a37593ffff,892f5aadb2bffff,255996108,1986321871,11.7947,0.360902,elderly
892f5a37593ffff,892f5aadb3bffff,255996108,13240346340,17.4021,0.041057,elderly
892f5a37593ffff,892f5aadb63ffff,255996108,2375772172,15.6833,0.110606,elderly
892f5a37593ffff,892f5aadb67ffff,255996108,305443506,6.7227,0.746182,elderly
892f5a37593ffff,892f5aadb6fffff,255996108,5422306027,15.3593,0.127066,elderly
892f5a37593ffff,892f5aadb77ffff,255996108,2377135303,13.8509,0.215658,elderly
892f5a37597ffff,892f5a3664bffff,13140663722,8364977378,11.8526,0.356545,elderly
892f5a37597ffff,892f5a3664fffff,13140663722,475762598,18.5689,0.012581,elderly
892f5a37597ffff,892f5a3665bffff,13140663722,475768206,11.3605,0.39396,elderly
892f5a37597ffff,892f5a37587ffff,13140663722,475770391,8.8399,0.590612,elderly
892f5a37597ffff,892f5a37597ffff,13140663722,13140663722,0.7801,0.99625,elderly
892f5a37597ffff,892f5a375b3ffff,13140663722,475758058,18.812,0.008681,elderly
892f5a37597ffff,892f5a375bbffff,13140663722,472359980,19.6206,0.000888,elderly
892f5a37597ffff,892f5aadb27ffff,13140663722,517549695,17.1687,0.04864,elderly
892f5a37597ffff,892f5aadb2fffff,13140663722,5180913963,16.0825,0.091716,elderly
892f5a3759bffff,892f5a37583ffff,255995938,1813858066,18.7897,0.009008,elderly
892f5a3759bffff,892f5a3758bffff,255995938,6281439102,19.8036,0.000238,elderly
892f5a3759bffff,892f5a3758fffff,255995938,13736742284,19.4381,0.001946,elderly
892f5a3759bffff,892f5a37593ffff,255995938,255996108,10.0165,0.498704,elderly
892f5a3759bffff,892f5a3759bffff,255995938,255995938,2.499,0.961971,elderly
892f5a3759bffff,892f5a375d3ffff,255995938,4717672327,19.6579,0.000722,elderly
892f5a3759bffff,892f5a375d7ffff,255995938,472447132,13.6272,0.230283,elderly
892f5a3759bffff,892f5aadb2bffff,255995938,1986321871,19.1652,0.004292,elderly
892f5a3759bffff,892f5aadb63ffff,255995938,2375772172,13.7052,0.225149,elderly
892f5a3759bffff,892f5aadb67ffff,255995938,305443506,8.5204,0.615165,elderly
892f5a3759bffff,892f5aadb6bffff,255995938,472447041,18.7394,0.00977,elderly
892f5a3759bffff,892f5aadb6fffff,255995938,5422306027,9.5719,0.533595,elderly
892f5a3759bffff,892f5aadb77ffff,255995938,2377135303,16.7468,0.063874,elderly
892f5a375a3ffff,892f5a375a3ffff,9954223273,9954223273,0.5388,0.99821,elderly
892f5a375a3ffff,892f5a375a7ffff,9954223273,2327217335,12.7632,0.289728,elderly
892f5a375a3ffff,892f5a375afffff,9954223273,5506743143,18.7379,0.009793,elderly
892f5a375a7ffff,892f5a362c3ffff,2327217335,7946433661,19.8806,8.8e-05,elderly
892f5a375a7ffff,892f5a362d3ffff,2327217335,471978645,14.9451,0.149506,elderly
892f5a375a7ffff,892f5a362dbffff,2327217335,471978558,14.4353,0.179157,elderly
892f5a375a7ffff,892f5a3666bffff,2327217335,2199562412,16.9419,0.056586,elderly
892f5a375a7ffff,892f5a37537ffff,2327217335,5495728727,16.8651,0.059405,elderly
892f5a375a7ffff,892f5a375a3ffff,2327217335,9954223273,16.3507,0.079925,elderly
892f5a375a7ffff,892f5a375a7ffff,2327217335,2327217335,0.1474,0.999866,elderly
892f5a375a7ffff,892f5a375afffff,2327217335,5506743143,12.9882,0.273834,elderly
892f5a375a7ffff,892f5a375b7ffff,2327217335,2890576069,15.3096,0.129677,elderly
892f5a375abffff,892f5a37503ffff,582802728,6237227412,15.3484,0.127639,elderly
892f5a375abffff,892f5a37507ffff,582802728,9933084480,7.0983,0.720091,elderly
892f5a375abffff,892f5a3750fffff,582802728,472360248,15.8639,0.101867,elderly
892f5a375abffff,892f5a37513ffff,582802728,11538316379,16.5237,0.072712,elderly
892f5a375abffff,892f5a37517ffff,582802728,6283520292,9.1901,0.563439,elderly
892f5a375abffff,892f5a37533ffff,582802728,9954179094,9.9089,0.507156,elderly
892f5a375abffff,892f5a37537ffff,582802728,5495728727,12.8962,0.280299,elderly
892f5a375abffff,892f5a3753bffff,582802728,1094547495,16.6292,0.068466,elderly
892f5a375abffff,892f5a375a7ffff,582802728,2327217335,15.7936,0.105231,elderly
892f5a375abffff,892f5a375abffff,582802728,582802728,0.2361,0.999656,elderly
892f5a375abffff,892f5a375afffff,582802728,5506743143,7.5683,0.686374,elderly
892f5a375abffff,892f5a375bbffff,582802728,472359980,11.8532,0.3565,elderly
892f5a375afffff,892f5a362c3ffff,5506743143,7946433661,19.8468,0.000145,elderly
892f5a375afffff,892f5a362cbffff,5506743143,472359869,15.8684,0.101655,elderly
892f5a375afffff,892f5a362dbffff,5506743143,471978558,14.1664,0.195638,elderly
892f5a375afffff,892f5a37507ffff,5506743143,9933084480,14.2709,0.189165,elderly
892f5a375afffff,892f5a37517ffff,5506743143,6283520292,16.5574,0.071341,elderly
892f5a375afffff,892f5a37533ffff,5506743143,9954179094,10.1878,0.485251,elderly
892f5a375afffff,892f5a37537ffff,5506743143,5495728727,8.2132,0.638501,elderly
892f5a375afffff,892f5a375a7ffff,5506743143,2327217335,9.881,0.509348,elderly
892f5a375afffff,892f5a375abffff,5506743143,582802728,8.277,0.633678,elderly
892f5a375afffff,892f5a375afffff,5506743143,5506743143,0.283,0.999506,elderly
892f5a375afffff,892f5a375bbffff,5506743143,472359980,19.0332,0.005754,elderly
892f5a375b3ffff,892f5a36647ffff,475758058,295413512,19.5574,0.001208,elderly
892f5a375b3ffff,892f5a3664bffff,475758058,8364977378,7.9659,0.657056,elderly
892f5a375b3ffff,892f5a3664fffff,475758058,475762598,10.4852,0.461932,elderly
892f5a375b3ffff,892f5a3665bffff,475758058,475768206,18.1989,0.019878,elderly
892f5a375b3ffff,892f5a3667bffff,475758058,978985095,18.8017,0.008832,elderly
892f5a375b3ffff,892f5a37587ffff,475758058,475770391,15.8834,0.100941,elderly
892f5a375b3ffff,892f5a375b3ffff,475758058,475758058,1.0527,0.99318,elderly
892f5a375b3ffff,892f5a375b7ffff,475758058,2890576069,14.6343,0.16733,elderly
892f5a375b3ffff,892f5a375bbffff,475758058,472359980,15.6922,0.110166,elderly
892f5a375b7ffff,892f5a36647ffff,2890576069,295413512,15.8401,0.103002,elderly
892f5a375b7ffff,892f5a3664bffff,2890576069,8364977378,16.5106,0.073244,elderly
892f5a375b7ffff,892f5a3664fffff,2890576069,475762598,11.3062,0.398133,elderly
892f5a375b7ffff,892f5a3666bffff,2890576069,2199562412,11.7945,0.360918,elderly
892f5a375b7ffff,892f5a36673ffff,2890576069,861244781,19.6796,0.000633,elderly
892f5a375b7ffff,892f5a3667bffff,2890576069,978985095,11.499,0.383352,elderly
892f5a375b7ffff,892f5a375a7ffff,2890576069,2327217335,12.9579,0.275959,elderly
892f5a375b7ffff,892f5a375afffff,2890576069,5506743143,19.7442,0.000404,elderly
892f5a375b7ffff,892f5a375b3ffff,2890576069,475758058,11.675,0.369962,elderly
892f5a375b7ffff,892f5a375b7ffff,2890576069,2890576069,0.7062,0.996927,elderly
892f5a375bbffff,892f5a37507ffff,472359980,9933084480,18.9422,0.006886,elderly
892f5a375bbffff,892f5a37513ffff,472359980,11538316379,19.832,0.000174,elderly
892f5a375bbffff,892f5a37517ffff,472359980,6283520292,12.0948,0.338425,elderly
892f5a375bbffff,892f5a37587ffff,472359980,475770391,13.4385,0.242879,elderly
892f5a375bbffff,892f5a3758fffff,472359980,13736742284,12.8916,0.280626,elderly
892f5a375bbffff,892f5a375abffff,472359980,582802728,12.9642,0.275513,elderly
892f5a375bbffff,892f5a375afffff,472359980,5506743143,19.2435,0.003526,elderly
892f5a375bbffff,892f5a375b3ffff,472359980,475758058,14.7207,0.162293,elderly
892f5a375bbffff,892f5a375bbffff,472359980,472359980,0.7258,0.996754,elderly
892f5a375c3ffff,892f5a37437ffff,472447266,6240815386,16.4926,0.073985,elderly
892f5a375c3ffff,892f5a374a7ffff,472447266,9791542150,16.6742,0.066692,elderly
892f5a375c3ffff,892f5a374afffff,472447266,475368981,18.7121,0.010197,elderly
892f5a375c3ffff,892f5a3751bffff,472447266,4716623608,17.5592,0.036299,elderly
892f5a375c3ffff,892f5a375c3ffff,472447266,472447266,0.2062,0.999738,elderly
892f5a375c3ffff,892f5a375c7ffff,472447266,1664033852,13.9414,0.209845,elderly
892f5a375c3ffff,892f5a375cbffff,472447266,2649421029,10.5768,0.45476,elderly
892f5a375c3ffff,892f5a375cfffff,472447266,472382799,12.3251,0.321419,elderly
892f5a375c3ffff,892f5a375d3ffff,472447266,4717672327,14.2946,0.187713,elderly
892f5a375c3ffff,892f5a375d7ffff,472447266,472447132,13.4146,0.24449,elderly
892f5a375c3ffff,892f5a375dbffff,472447266,475368843,13.7636,0.221327,elderly
892f5a375c3ffff,892f5aadb6fffff,472447266,5422306027,18.5511,0.012894,elderly
892f5a375c7ffff,892f5a37513ffff,1664033852,11538316379,13.1734,0.260959,elderly
892f5a375c7ffff,892f5a3751bffff,1664033852,4716623608,11.888,0.353883,elderly
892f5a375c7ffff,892f5a37557ffff,1664033852,2704049830,19.0002,0.006154,elderly
892f5a375c7ffff,892f5a3758bffff,1664033852,6281439102,18.8132,0.008663,elderly
892f5a375c7ffff,892f5a375c3ffff,1664033852,472447266,12.9476,0.276681,elderly
892f5a375c7ffff,892f5a375c7ffff,1664033852,1664033852,0.8816,0.995214,elderly
892f5a375c7ffff,892f5a375cbffff,1664033852,2649421029,17.9766,0.025042,elderly
892f5a375c7ffff,892f5a375cfffff,1664033852,472382799,9.6458,0.527802,elderly
892f5a375c7ffff,892f5a375d3ffff,1664033852,4717672327,18.748,0.009639,elderly
892f5a375c7ffff,892f5a375d7ffff,1664033852,472447132,13.0198,0.271622,elderly
892f5a375cbffff,892f5a37427ffff,2649421029,7947429975,12.408,0.31535,elderly
892f5a375cbffff,892f5a37433ffff,2649421029,9775221793,17.8477,0.028303,elderly
892f5a375cbffff,892f5a37437ffff,2649421029,6240815386,9.1598,0.565797,elderly
892f5a375cbffff,892f5a374a7ffff,2649421029,9791542150,19.1435,0.004518,elderly
892f5a375cbffff,892f5a374afffff,2649421029,475368981,15.9895,0.095978,elderly
892f5a375cbffff,892f5a37553ffff,2649421029,472382750,12.4465,0.312545,elderly
892f5a375cbffff,892f5a37557ffff,2649421029,2704049830,15.5052,0.119532,elderly
892f5a375cbffff,892f5a3755bffff,2649421029,1097906786,16.8106,0.061448,elderly
892f5a375cbffff,892f5a375c3ffff,2649421029,472447266,8.2313,0.637135,elderly
892f5a375cbffff,892f5a375c7ffff,2649421029,1664033852,17.4345,0.040054,elderly
892f5a375cbffff,892f5a375cbffff,2649421029,2649421029,0.1021,0.999936,elderly
892f5a375cbffff,892f5a375cfffff,2649421029,472382799,14.1781,0.194908,elderly
892f5a375cbffff,892f5a375dbffff,2649421029,475368843,12.5484,0.305154,elderly
892f5a375cfffff,892f5a37427ffff,472382799,7947429975,19.9078,5.2e-05,elderly
892f5a375cfffff,892f5a37437ffff,472382799,6240815386,17.4859,0.038485,elderly
892f5a375cfffff,892f5a3750bffff,472382799,4716326321,15.4429,0.122723,elderly
892f5a375cfffff,892f5a37513ffff,472382799,11538316379,17.6136,0.03472,elderly
892f5a375cfffff,892f5a3751bffff,472382799,4716623608,10.0812,0.493626,elderly
892f5a375cfffff,892f5a37543ffff,472382799,1097906783,16.2663,0.083556,elderly
892f5a375cfffff,892f5a37553ffff,472382799,472382750,12.8706,0.282109,elderly
892f5a375cfffff,892f5a37557ffff,472382799,2704049830,10.1762,0.486165,elderly
892f5a375cfffff,892f5a3755bffff,472382799,1097906786,19.4376,0.00195,elderly
892f5a375cfffff,892f5a375c3ffff,472382799,472447266,9.3777,0.5488,elderly
892f5a375cfffff,892f5a375c7ffff,472382799,1664033852,7.4788,0.692878,elderly
892f5a375cfffff,892f5a375cbffff,472382799,2649421029,12.982,0.274266,elderly
892f5a375cfffff,892f5a375cfffff,472382799,472382799,0.8218,0.99584,elderly
892f5a375cfffff,892f5a375d7ffff,472382799,472447132,17.8716,0.027684,elderly
892f5a375d3ffff,892f5a37437ffff,4717672327,6240815386,18.5278,0.01331,elderly
892f5a375d3ffff,892f5a374a3ffff,4717672327,7942739530,18.6818,0.01068,elderly
892f5a375d3ffff,892f5a374a7ffff,4717672327,9791542150,9.4459,0.543468,elderly
892f5a375d3ffff,892f5a374afffff,4717672327,475368981,16.7377,0.064224,elderly
892f5a375d3ffff,892f5a374b7ffff,4717672327,4511333938,18.2061,0.019719,elderly
892f5a375d3ffff,892f5a3759bffff,4717672327,255995938,17.0141,0.053997,elderly
892f5a375d3ffff,892f5a375c3ffff,4717672327,472447266,8.7016,0.601271,elderly
892f5a375d3ffff,892f5a375c7ffff,4717672327,1664033852,15.9007,0.100126,elderly
892f5a375d3ffff,892f5a375cbffff,4717672327,2649421029,15.7385,0.107901,elderly
892f5a375d3ffff,892f5a375cfffff,4717672327,472382799,19.7243,0.000469,elderly
892f5a375d3ffff,892f5a375d3ffff,4717672327,4717672327,0.9675,0.994237,elderly
892f5a375d3ffff,892f5a375d7ffff,4717672327,472447132,7.6279,0.682026,elderly
892f5a375d3ffff,892f5a375dbffff,4717672327,475368843,12.5443,0.30545,elderly
892f5a375d3ffff,892f5aadb63ffff,4717672327,2375772172,19.4881,0.001616,elderly
892f5a375d3ffff,892f5aadb67ffff,4717672327,305443506,17.3762,0.041868,elderly
892f5a375d3ffff,892f5aadb6bffff,4717672327,472447041,9.3465,0.551239,elderly
892f5a375d3ffff,892f5aadb6fffff,4717672327,5422306027,7.9407,0.658932,elderly
892f5a375d7ffff,892f5a374a7ffff,472447132,9791542150,18.3521,0.016658,elderly
892f5a375d7ffff,892f5a37513ffff,472447132,11538316379,18.332,0.017064,elderly
892f5a375d7ffff,892f5a3758bffff,472447132,6281439102,14.8009,0.157674,elderly
892f5a375d7ffff,892f5a3759bffff,472447132,255995938,13.7428,0.222688,elderly
892f5a375d7ffff,892f5a375c3ffff,472447132,472447266,9.533,0.536646,elderly
892f5a375d7ffff,892f5a375c7ffff,472447132,1664033852,11.694,0.36852,elderly
892f5a375d7ffff,892f5a375cbffff,472447132,2649421029,19.9036,5.7e-05,elderly
892f5a375d7ffff,892f5a375cfffff,472447132,472382799,16.0054,0.095243,elderly
892f5a375d7ffff,892f5a375d3ffff,472447132,4717672327,9.8738,0.509914,elderly
892f5a375d7ffff,892f5a375d7ffff,472447132,472447132,0.7643,0.996401,elderly
892f5a375d7ffff,892f5aadb67ffff,472447132,305443506,19.3052,0.002975,elderly
892f5a375d7ffff,892f5aadb6bffff,472447132,472447041,12.8754,0.28177,elderly
892f5a375d7ffff,892f5aadb6fffff,472447132,5422306027,9.9426,0.504511,elderly
892f5a375dbffff,892f5a37427ffff,475368843,7947429975,18.3734,0.016233,elderly
892f5a375dbffff,892f5a37433ffff,475368843,9775221793,16.8031,0.061729,elderly
892f5a375dbffff,892f5a37437ffff,475368843,6240815386,9.2434,0.559282,elderly
892f5a375dbffff,892f5a374a3ffff,475368843,7942739530,15.9768,0.096566,elderly
892f5a375dbffff,892f5a374a7ffff,475368843,9791542150,9.1488,0.566657,elderly
892f5a375dbffff,892f5a374abffff,475368843,475369013,15.3177,0.129248,elderly
892f5a375dbffff,892f5a374afffff,475368843,475368981,8.6083,0.608434,elderly
892f5a375dbffff,892f5a374b7ffff,475368843,4511333938,19.1329,0.004631,elderly
892f5a375dbffff,892f5a375c3ffff,475368843,472447266,13.1603,0.26186,elderly
892f5a375dbffff,892f5a375cbffff,475368843,2649421029,12.2909,0.323932,elderly
892f5a375dbffff,892f5a375d3ffff,475368843,4717672327,17.3157,0.043792,elderly
892f5a375dbffff,892f5a375dbffff,475368843,475368843,0.3461,0.999261,elderly
892f5a375dbffff,892f5aadb6bffff,475368843,472447041,18.008,0.024277,elderly
892f5aadb03ffff,892f5aadb03ffff,4908207838,4908207838,1.1537,0.991811,elderly
892f5aadb03ffff,892f5aadb07ffff,4908207838,9239285385,10.8765,0.431374,elderly
892f5aadb03ffff,892f5aadb0bffff,4908207838,12954056341,16.0359,0.093842,elderly
892f5aadb03ffff,892f5aadb0fffff,4908207838,6206442994,9.7212,0.521892,elderly
892f5aadb03ffff,892f5aadb13ffff,4908207838,4908207183,12.6879,0.295111,elderly
892f5aadb03ffff,892f5aadb17ffff,4908207838,295399473,10.2882,0.477376,elderly
892f5aadb03ffff,892f5aadb1bffff,4908207838,13313849470,12.1977,0.330803,elderly
892f5aadb03ffff,892f5aadb3bffff,4908207838,13240346340,12.2553,0.326549,elderly
892f5aadb03ffff,892f5aadb57ffff,4908207838,4511339216,17.6293,0.034269,elderly
892f5aadb03ffff,892f5aadb73ffff,4908207838,4870614084,19.4575,0.001815,elderly
892f5aadb03ffff,892f5aadbabffff,4908207838,307423640,17.9819,0.024913,elderly
892f5aadb03ffff,892f5aadbc7ffff,4908207838,1510879897,16.6849,0.066273,elderly
892f5aadb03ffff,892f5aadbcfffff,4908207838,473169641,18.8136,0.008657,elderly
892f5aadb07ffff,892f5aadb03ffff,9239285385,4908207838,14.0584,0.202407,elderly
892f5aadb07ffff,892f5aadb07ffff,9239285385,9239285385,1.4093,0.987799,elderly
892f5aadb07ffff,892f5aadb0fffff,9239285385,6206442994,11.5952,0.376023,elderly
892f5aadb07ffff,892f5aadb17ffff,9239285385,295399473,18.2217,0.019381,elderly
892f5aadb07ffff,892f5aadb33ffff,9239285385,517548726,17.3319,0.043273,elderly
892f5aadb07ffff,892f5aadb3bffff,9239285385,13240346340,13.4442,0.242499,elderly
892f5aadb07ffff,892f5aadba3ffff,9239285385,5158143495,18.223,0.019351,elderly
892f5aadb07ffff,892f5aadbabffff,9239285385,307423640,8.6491,0.605308,elderly
892f5aadb07ffff,892f5aadbafffff,9239285385,307423619,17.4224,0.040426,elderly
892f5aadb0bffff,892f5aadb03ffff,12954056341,4908207838,14.3008,0.187327,elderly
892f5aadb0bffff,892f5aadb0bffff,12954056341,12954056341,1.5023,0.986143,elderly
892f5aadb0bffff,892f5aadb13ffff,12954056341,4908207183,16.833,0.060605,elderly
892f5aadb0bffff,892f5aadb1bffff,12954056341,13313849470,8.8886,0.586848,elderly
892f5aadb0bffff,892f5aadb57ffff,12954056341,4511339216,14.0121,0.205337,elderly
892f5aadb0bffff,892f5aadbc7ffff,12954056341,1510879897,16.2327,0.08502,elderly
892f5aadb0bffff,892f5aadbcfffff,12954056341,473169641,15.2771,0.131397,elderly
892f5aadb0fffff,892f5aadb03ffff,6206442994,4908207838,9.6664,0.526185,elderly
892f5aadb0fffff,892f5aadb07ffff,6206442994,9239285385,9.7193,0.52204,elderly
892f5aadb0fffff,892f5aadb0fffff,6206442994,6206442994,0.5817,0.997915,elderly
892f5aadb0fffff,892f5aadb17ffff,6206442994,295399473,17.0577,0.052457,elderly
892f5aadb0fffff,892f5aadb1bffff,6206442994,13313849470,19.0781,0.005234,elderly
892f5aadb0fffff,892f5aadb2bffff,6206442994,1986321871,18.2056,0.01973,elderly
892f5aadb0fffff,892f5aadb33ffff,6206442994,517548726,18.2609,0.01854,elderly
892f5aadb0fffff,892f5aadb3bffff,6206442994,13240346340,9.2737,0.556922,elderly
892f5aadb0fffff,892f5aadb47ffff,6206442994,11061297136,17.8574,0.028053,elderly
892f5aadb0fffff,892f5aadb73ffff,6206442994,4870614084,10.8531,0.433198,elderly
892f5aadb0fffff,892f5aadb7bffff,6206442994,5025536627,19.0788,0.005225,elderly
892f5aadb0fffff,892f5aadbabffff,6206442994,307423640,15.3744,0.126275,elderly
892f5aadb13ffff,892f5aadb03ffff,4908207183,4908207838,12.8134,0.286158,elderly
892f5aadb13ffff,892f5aadb0bffff,4908207183,12954056341,16.9362,0.056795,elderly
892f5aadb13ffff,892f5aadb13ffff,4908207183,4908207183,1.6221,0.983856,elderly
892f5aadb13ffff,892f5aadb17ffff,4908207183,295399473,11.6283,0.373502,elderly
892f5aadb13ffff,892f5aadb1bffff,4908207183,13313849470,13.098,0.266175,elderly
892f5aadb13ffff,892f5aadb57ffff,4908207183,4511339216,18.5296,0.013277,elderly
892f5aadb13ffff,892f5aadb83ffff,4908207183,499192381,14.746,0.160828,elderly
892f5aadb13ffff,892f5aadb8bffff,4908207183,3900871904,9.8035,0.515432,elderly
892f5aadb13ffff,892f5aadb8fffff,4908207183,1809615766,12.3796,0.31743,elderly
892f5aadb13ffff,892f5aadbc7ffff,4908207183,1510879897,6.5541,0.757618,elderly
892f5aadb13ffff,892f5aadbcfffff,4908207183,473169641,17.0694,0.052048,elderly
892f5aadb17ffff,892f5aadb03ffff,295399473,4908207838,9.4921,0.539845,elderly
892f5aadb17ffff,892f5aadb07ffff,295399473,9239285385,18.1569,0.020809,elderly
892f5aadb17ffff,892f5aadb0fffff,295399473,6206442994,18.0596,0.023047,elderly
892f5aadb17ffff,892f5aadb13ffff,295399473,4908207183,12.6863,0.295221,elderly
892f5aadb17ffff,892f5aadb17ffff,295399473,295399473,2.2027,0.970369,elderly
892f5aadb17ffff,892f5aadb1bffff,295399473,13313849470,18.1651,0.020626,elderly
892f5aadb17ffff,892f5aadb83ffff,295399473,499192381,19.3667,0.002472,elderly
892f5aadb17ffff,892f5aadb8bffff,295399473,3900871904,18.8206,0.008555,elderly
892f5aadb17ffff,892f5aadb8fffff,295399473,1809615766,15.8533,0.102371,elderly
892f5aadb17ffff,892f5aadbabffff,295399473,307423640,14.0495,0.20297,elderly
892f5aadb17ffff,892f5aadbc7ffff,295399473,1510879897,17.0998,0.050995,elderly
892f5aadb1bffff,892f5aadb03ffff,13313849470,4908207838,11.7218,0.366411,elderly
892f5aadb1bffff,892f5aadb0bffff,13313849470,12954056341,9.9459,0.504249,elderly
892f5aadb1bffff,892f5aadb0fffff,13313849470,6206442994,18.5149,0.013543,elderly
892f5aadb1bffff,892f5aadb13ffff,13313849470,4908207183,13.523,0.237214,elderly
892f5aadb1bffff,892f5aadb17ffff,13313849470,295399473,18.1541,0.020871,elderly
892f5aadb1bffff,892f5aadb1bffff,13313849470,13313849470,0.8545,0.995503,elderly
892f5aadb1bffff,892f5aadb47ffff,13313849470,11061297136,17.3352,0.043169,elderly
892f5aadb1bffff,892f5aadb57ffff,13313849470,4511339216,10.7913,0.43801,elderly
892f5aadb1bffff,892f5aadb8bffff,13313849470,3900871904,17.7855,0.029946,elderly
892f5aadb1bffff,892f5aadbc7ffff,13313849470,1510879897,12.3851,0.317029,elderly
892f5aadb1bffff,892f5aadbcfffff,13313849470,473169641,11.9756,0.347314,elderly
892f5aadb23ffff,892f5a3665bffff,6206442559,475768206,13.1439,0.262994,elderly
892f5aadb23ffff,892f5a366dbffff,6206442559,6277517902,19.0387,0.005689,elderly
892f5aadb23ffff,892f5aadb07ffff,6206442559,9239285385,16.7649,0.063182,elderly
892f5aadb23ffff,892f5aadb0fffff,6206442559,6206442994,16.5288,0.072502,elderly
892f5aadb23ffff,892f5aadb23ffff,6206442559,6206442559,0.2926,0.999472,elderly
892f5aadb23ffff,892f5aadb27ffff,6206442559,517549695,9.6673,0.526117,elderly
892f5aadb23ffff,892f5aadb2bffff,6206442559,1986321871,10.8735,0.431609,elderly
892f5aadb23ffff,892f5aadb2fffff,6206442559,5180913963,9.8216,0.514009,elderly
892f5aadb23ffff,892f5aadb33ffff,6206442559,517548726,9.1058,0.569999,elderly
892f5aadb23ffff,892f5aadb37ffff,6206442559,2393515085,10.3965,0.468881,elderly
892f5aadb23ffff,892f5aadb3bffff,6206442559,13240346340,9.5461,0.535618,elderly
892f5aadb23ffff,892f5aadbabffff,6206442559,307423640,17.2537,0.045808,elderly
892f5aadb23ffff,892f5aadbafffff,6206442559,307423619,17.0961,0.05112,elderly
892f5aadb27ffff,892f5a3664bffff,517549695,8364977378,19.2509,0.003457,elderly
892f5aadb27ffff,892f5a36653ffff,517549695,1520857592,16.2857,0.082713,elderly
892f5aadb27ffff,892f5a3665bffff,517549695,475768206,9.2362,0.559846,elderly
892f5aadb27ffff,892f5a366dbffff,517549695,6277517902,18.4528,0.014695,elderly
892f5aadb27ffff,892f5aadb23ffff,517549695,6206442559,11.8997,0.353,elderly
892f5aadb27ffff,892f5aadb27ffff,517549695,517549695,0.4811,0.998573,elderly
892f5aadb27ffff,892f5aadb2bffff,517549695,1986321871,19.5982,0.000996,elderly
892f5aadb27ffff,892f5aadb2fffff,517549695,5180913963,10.3464,0.472808,elderly
892f5aadb27ffff,892f5aadb33ffff,517549695,517548726,15.9492,0.097851,elderly
892f5aadb27ffff,892f5aadb37ffff,517549695,2393515085,9.8105,0.514879,elderly
892f5aadb27ffff,892f5aadbafffff,517549695,307423619,18.5791,0.012402,elderly
892f5aadb2bffff,892f5a3665bffff,1986321871,475768206,18.4076,0.01556,elderly
892f5aadb2bffff,892f5a37593ffff,1986321871,255996108,12.3658,0.318436,elderly
892f5aadb2bffff,892f5aadb03ffff,1986321871,4908207838,18.3339,0.017026,elderly
892f5aadb2bffff,892f5aadb07ffff,1986321871,9239285385,17.3049,0.044141,elderly
892f5aadb2bffff,892f5aadb0fffff,1986321871,6206442994,13.6029,0.231894,elderly
892f5aadb2bffff,892f5aadb23ffff,1986321871,6206442559,10.6676,0.447663,elderly
892f5aadb2bffff,892f5aadb27ffff,1986321871,517549695,16.7235,0.064773,elderly
892f5aadb2bffff,892f5aadb2bffff,1986321871,1986321871,1.5083,0.986033,elderly
892f5aadb2bffff,892f5aadb2fffff,1986321871,5180913963,14.3231,0.185962,elderly
892f5aadb2bffff,892f5aadb33ffff,1986321871,517548726,18.1871,0.020137,elderly
892f5aadb2bffff,892f5aadb37ffff,1986321871,2393515085,17.7356,0.031296,elderly
892f5aadb2bffff,892f5aadb3bffff,1986321871,13240346340,7.1156,0.718865,elderly
892f5aadb2bffff,892f5aadb63ffff,1986321871,2375772172,19.2283,0.003669,elderly
892f5aadb2bffff,892f5aadb67ffff,1986321871,305443506,12.3838,0.317119,elderly
892f5aadb2bffff,892f5aadb77ffff,1986321871,2377135303,11.0743,0.416026,elderly
892f5aadb2fffff,892f5a3664bffff,5180913963,8364977378,17.6269,0.034339,elderly
892f5aadb2fffff,892f5a36653ffff,5180913963,1520857592,18.1212,0.021616,elderly
892f5aadb2fffff,892f5a3665bffff,5180913963,475768206,10.5772,0.454728,elderly
892f5aadb2fffff,892f5a37583ffff,5180913963,1813858066,17.6809,0.032809,elderly
892f5aadb2fffff,892f5a37597ffff,5180913963,13140663722,17.5388,0.036902,elderly
892f5aadb2fffff,892f5aadb23ffff,5180913963,6206442559,10.9013,0.429449,elderly
892f5aadb2fffff,892f5aadb27ffff,5180913963,517549695,9.2974,0.555071,elderly
892f5aadb2fffff,892f5aadb2bffff,5180913963,1986321871,11.8324,0.358065,elderly
892f5aadb2fffff,892f5aadb2fffff,5180913963,5180913963,1.4263,0.987504,elderly
892f5aadb2fffff,892f5aadb33ffff,5180913963,517548726,19.7145,0.000503,elderly
892f5aadb2fffff,892f5aadb37ffff,5180913963,2393515085,15.7365,0.108,elderly
892f5aadb2fffff,892f5aadb3bffff,5180913963,13240346340,14.4083,0.180783,elderly
892f5aadb33ffff,892f5a366dbffff,517548726,6277517902,15.7236,0.108629,elderly
892f5aadb33ffff,892f5aadb07ffff,517548726,9239285385,14.7759,0.159111,elderly
892f5aadb33ffff,892f5aadb0fffff,517548726,6206442994,15.7004,0.109765,elderly
892f5aadb33ffff,892f5aadb23ffff,517548726,6206442559,9.7302,0.521181,elderly
892f5aadb33ffff,892f5aadb27ffff,517548726,517549695,14.3688,0.183181,elderly
892f5aadb33ffff,892f5aadb2bffff,517548726,1986321871,18.9863,0.006325,elderly
892f5aadb33ffff,892f5aadb2fffff,517548726,5180913963,19.1639,0.004306,elderly
892f5aadb33ffff,892f5aadb33ffff,517548726,517548726,0.0795,0.999961,elderly
892f5aadb33ffff,892f5aadb37ffff,517548726,2393515085,8.3707,0.626574,elderly
892f5aadb33ffff,892f5aadb3bffff,517548726,13240346340,10.7036,0.444853,elderly
892f5aadb33ffff,892f5aadba3ffff,517548726,5158143495,16.0545,0.092992,elderly
892f5aadb33ffff,892f5aadba7ffff,517548726,307423646,15.0357,0.14447,elderly
892f5aadb33ffff,892f5aadbabffff,517548726,307423640,9.2151,0.561488,elderly
892f5aadb33ffff,892f5aadbafffff,517548726,307423619,9.0873,0.57144,elderly
892f5aadb37ffff,892f5a3665bffff,2393515085,475768206,17.5024,0.037988,elderly
892f5aadb37ffff,892f5a366dbffff,2393515085,6277517902,9.5583,0.534665,elderly
892f5aadb37ffff,892f5aadb23ffff,2393515085,6206442559,12.0329,0.343032,elderly
892f5aadb37ffff,892f5aadb27ffff,2393515085,517549695,9.5573,0.534738,elderly
892f5aadb37ffff,892f5aadb2bffff,2393515085,1986321871,19.9236,3.6e-05,elderly
892f5aadb37ffff,892f5aadb2fffff,2393515085,5180913963,15.2594,0.13234,elderly
892f5aadb37ffff,892f5aadb33ffff,2393515085,517548726,9.5317,0.536746,elderly
892f5aadb37ffff,892f5aadb37ffff,2393515085,2393515085,0.6251,0.997591,elderly
892f5aadb37ffff,892f5aadb3bffff,2393515085,13240346340,16.9477,0.056378,elderly
892f5aadb37ffff,892f5aadba3ffff,2393515085,5158143495,18.2839,0.018057,elderly
892f5aadb37ffff,892f5aadba7ffff,2393515085,307423646,15.9129,0.099552,elderly
892f5aadb37ffff,892f5aadbabffff,2393515085,307423640,15.306,0.129869,elderly
892f5aadb37ffff,892f5aadbafffff,2393515085,307423619,9.6832,0.524873,elderly
892f5aadb3bffff,892f5aadb03ffff,13240346340,4908207838,12.4605,0.311529,elderly
892f5aadb3bffff,892f5aadb07ffff,13240346340,9239285385,11.1575,0.409592,elderly
892f5aadb3bffff,892f5aadb0fffff,13240346340,6206442994,7.9509,0.658168,elderly
892f5aadb3bffff,892f5aadb17ffff,13240346340,295399473,19.6679,0.00068,elderly
892f5aadb3bffff,892f5aadb23ffff,13240346340,6206442559,12.0217,0.343871,elderly
892f5aadb3bffff,892f5aadb2bffff,13240346340,1986321871,10.5555,0.45643,elderly
892f5aadb3bffff,892f5aadb2fffff,13240346340,5180913963,18.6331,0.01148,elderly
892f5aadb3bffff,892f5aadb33ffff,13240346340,517548726,12.4867,0.309621,elderly
892f5aadb3bffff,892f5aadb37ffff,13240346340,2393515085,17.6716,0.033072,elderly
892f5aadb3bffff,892f5aadb3bffff,13240346340,13240346340,0.9683,0.994228,elderly
892f5aadb3bffff,892f5aadb73ffff,13240346340,4870614084,18.2224,0.019366,elderly
892f5aadb3bffff,892f5aadbabffff,13240346340,307423640,17.7661,0.030469,elderly
892f5aadb43ffff,892f5aadb43ffff,11065027594,11065027594,0.8219,0.995839,elderly
892f5aadb43ffff,892f5aadb47ffff,11065027594,11061297136,12.0573,0.341215,elderly
892f5aadb43ffff,892f5aadb4fffff,11065027594,4511333552,16.8871,0.058594,elderly
892f5aadb43ffff,892f5aadb57ffff,11065027594,4511339216,12.6802,0.295661,elderly
892f5aadb47ffff,892f5aadb0fffff,11061297136,6206442994,17.7658,0.030477,elderly
892f5aadb47ffff,892f5aadb1bffff,11061297136,13313849470,18.5047,0.013729,elderly
892f5aadb47ffff,892f5aadb43ffff,11061297136,11065027594,13.2333,0.256837,elderly
892f5aadb47ffff,892f5aadb47ffff,11061297136,11061297136,0.2768,0.999527,elderly
892f5aadb47ffff,892f5aadb4bffff,11061297136,473169537,19.8388,0.00016,elderly
892f5aadb47ffff,892f5aadb4fffff,11061297136,4511333552,13.9974,0.206276,elderly
892f5aadb47ffff,892f5aadb57ffff,11061297136,4511339216,11.4337,0.388345,elderly
892f5aadb47ffff,892f5aadb73ffff,11061297136,4870614084,12.6428,0.298349,elderly
892f5aadb47ffff,892f5aadb7bffff,11061297136,5025536627,14.6711,0.165178,elderly
892f5aadb4bffff,892f5a37487ffff,473169537,473169530,10.0105,0.499179,elderly
892f5aadb4bffff,892f5a374b3ffff,473169537,11072417469,11.2142,0.405213,elderly
892f5aadb4bffff,892f5a374b7ffff,473169537,4511333938,18.7534,0.009555,elderly
892f5aadb4bffff,892f5a374bbffff,473169537,1665929771,14.9467,0.149421,elderly
892f5aadb4bffff,892f5aadb4bffff,473169537,473169537,1.6268,0.983765,elderly
892f5aadb4bffff,892f5aadb4fffff,473169537,4511333552,12.993,0.273492,elderly
892f5aadb4fffff,892f5a37487ffff,4511333552,473169530,14.6898,0.164088,elderly
892f5aadb4fffff,892f5a374a3ffff,4511333552,7942739530,15.7516,0.107263,elderly
892f5aadb4fffff,892f5a374a7ffff,4511333552,9791542150,18.7553,0.009527,elderly
892f5aadb4fffff,892f5a374b3ffff,4511333552,11072417469,9.1384,0.567463,elderly
892f5aadb4fffff,892f5a374b7ffff,4511333552,4511333938,10.7232,0.443322,elderly
892f5aadb4fffff,892f5a374bbffff,4511333552,1665929771,17.9918,0.024671,elderly
892f5aadb4fffff,892f5aadb43ffff,4511333552,11065027594,15.3501,0.12755,elderly
892f5aadb4fffff,892f5aadb47ffff,4511333552,11061297136,13.0115,0.272203,elderly
892f5aadb4fffff,892f5aadb4bffff,4511333552,473169537,12.0098,0.344756,elderly
892f5aadb4fffff,892f5aadb4fffff,4511333552,4511333552,0.3086,0.999413,elderly
892f5aadb4fffff,892f5aadb6bffff,4511333552,472447041,18.4892,0.014014,elderly
892f5aadb4fffff,892f5aadb73ffff,4511333552,4870614084,17.4991,0.038086,elderly
892f5aadb4fffff,892f5aadb7bffff,4511333552,5025536627,10.6351,0.450203,elderly
892f5aadb57ffff,892f5aadb03ffff,4511339216,4908207838,17.4066,0.040919,elderly
892f5aadb57ffff,892f5aadb0bffff,4511339216,12954056341,15.1742,0.136904,elderly
892f5aadb57ffff,892f5aadb13ffff,4511339216,4908207183,19.5265,0.001383,elderly
892f5aadb57ffff,892f5aadb1bffff,4511339216,13313849470,11.0444,0.41834,elderly
892f5aadb57ffff,892f5aadb43ffff,4511339216,11065027594,12.8276,0.285149,elderly
892f5aadb57ffff,892f5aadb47ffff,4511339216,11061297136,11.5487,0.37956,elderly
892f5aadb57ffff,892f5aadb57ffff,4511339216,4511339216,0.5588,0.998075,elderly
892f5aadb57ffff,892f5aadb73ffff,4511339216,4870614084,19.3585,0.002536,elderly
892f5aadb57ffff,892f5aadbc7ffff,4511339216,1510879897,18.3885,0.015933,elderly
892f5aadb57ffff,892f5aadbcfffff,4511339216,473169641,10.7877,0.438293,elderly
892f5aadb63ffff,892f5a37593ffff,2375772172,255996108,15.4916,0.120226,elderly
892f5aadb63ffff,892f5a3759bffff,2375772172,255995938,15.1436,0.13856,elderly
892f5aadb63ffff,892f5aadb2bffff,2375772172,1986321871,16.2534,0.084119,elderly
892f5aadb63ffff,892f5aadb63ffff,2375772172,2375772172,0.238,0.999651,elderly
892f5aadb63ffff,892f5aadb67ffff,2375772172,305443506,11.0048,0.421409,elderly
892f5aadb63ffff,892f5aadb6fffff,2375772172,5422306027,12.9178,0.278774,elderly
892f5aadb63ffff,892f5aadb77ffff,2375772172,2377135303,12.9429,0.277013,elderly
892f5aadb67ffff,892f5a37593ffff,305443506,255996108,6.7227,0.746182,elderly
892f5aadb67ffff,892f5a3759bffff,305443506,255995938,10.9006,0.429501,elderly
892f5aadb67ffff,892f5a375d7ffff,305443506,472447132,19.751,0.000382,elderly
892f5aadb67ffff,892f5aadb2bffff,305443506,1986321871,11.9281,0.350874,elderly
892f5aadb67ffff,892f5aadb3bffff,305443506,13240346340,17.5354,0.037002,elderly
892f5aadb67ffff,892f5aadb63ffff,305443506,2375772172,11.1941,0.406764,elderly
892f5aadb67ffff,892f5aadb67ffff,305443506,305443506,1.0806,0.992814,elderly
892f5aadb67ffff,892f5aadb6fffff,305443506,5422306027,12.035,0.342879,elderly
892f5aadb67ffff,892f5aadb77ffff,305443506,2377135303,9.7341,0.520875,elderly
892f5aadb6bffff,892f5a374a3ffff,472447041,7942739530,17.9824,0.024902,elderly
892f5aadb6bffff,892f5a374a7ffff,472447041,9791542150,8.855,0.589444,elderly
892f5aadb6bffff,892f5a374afffff,472447041,475368981,18.27,0.018348,elderly
892f5aadb6bffff,892f5a374b7ffff,472447041,4511333938,10.6327,0.450392,elderly
892f5aadb6bffff,892f5a3759bffff,472447041,255995938,19.3222,0.002831,elderly
892f5aadb6bffff,892f5a375c3ffff,472447041,472447266,18.3422,0.016858,elderly
892f5aadb6bffff,892f5a375d3ffff,472447041,4717672327,11.8674,0.355427,elderly
892f5aadb6bffff,892f5a375d7ffff,472447041,472447132,12.4457,0.312602,elderly
892f5aadb6bffff,892f5a375dbffff,472447041,475368843,18.7307,0.009906,elderly
892f5aadb6bffff,892f5aadb4fffff,472447041,4511333552,19.3127,0.002911,elderly
892f5aadb6bffff,892f5aadb67ffff,472447041,305443506,19.5723,0.001128,elderly
892f5aadb6bffff,892f5aadb6bffff,472447041,472447041,0.6654,0.997271,elderly
892f5aadb6bffff,892f5aadb6fffff,472447041,5422306027,9.6871,0.524567,elderly
892f5aadb6bffff,892f5aadb73ffff,472447041,4870614084,19.4613,0.001789,elderly
892f5aadb6bffff,892f5aadb7bffff,472447041,5025536627,12.5973,0.301623,elderly
892f5aadb6fffff,892f5a374a7ffff,5422306027,9791542150,17.872,0.027673,elderly
892f5aadb6fffff,892f5a374b7ffff,5422306027,4511333938,19.6497,0.000757,elderly
892f5aadb6fffff,892f5a3758bffff,5422306027,6281439102,19.8906,7.4e-05,elderly
892f5aadb6fffff,892f5a37593ffff,5422306027,255996108,14.5017,0.175176,elderly
892f5aadb6fffff,892f5a3759bffff,5422306027,255995938,9.7648,0.518466,elderly
892f5aadb6fffff,892f5a375c3ffff,5422306027,472447266,15.3476,0.127681,elderly
892f5aadb6fffff,892f5a375d3ffff,5422306027,4717672327,10.2156,0.483068,elderly
892f5aadb6fffff,892f5a375d7ffff,5422306027,472447132,9.4511,0.543054,elderly
892f5aadb6fffff,892f5aadb2bffff,5422306027,1986321871,18.2166,0.01949,elderly
892f5aadb6fffff,892f5aadb63ffff,5422306027,2375772172,12.1268,0.336055,elderly
892f5aadb6fffff,892f5aadb67ffff,5422306027,305443506,10.0149,0.498831,elderly
892f5aadb6fffff,892f5aadb6bffff,5422306027,472447041,9.6825,0.524929,elderly
892f5aadb6fffff,892f5aadb6fffff,5422306027,5422306027,0.1297,0.999896,elderly
892f5aadb6fffff,892f5aadb77ffff,5422306027,2377135303,15.5515,0.117183,elderly
892f5aadb6fffff,892f5aadb7bffff,5422306027,5025536627,15.0426,0.144087,elderly
892f5aadb73ffff,892f5aadb03ffff,4870614084,4908207838,18.4264,0.015197,elderly
892f5aadb73ffff,892f5aadb07ffff,4870614084,9239285385,18.4457,0.014829,elderly
892f5aadb73ffff,892f5aadb0fffff,4870614084,6206442994,9.3416,0.551618,elderly
892f5aadb73ffff,892f5aadb3bffff,4870614084,13240346340,17.7773,0.030166,elderly
892f5aadb73ffff,892f5aadb47ffff,4870614084,11061297136,10.9039,0.42925,elderly
892f5aadb73ffff,892f5aadb4fffff,4870614084,4511333552,19.3239,0.002817,elderly
892f5aadb73ffff,892f5aadb57ffff,4870614084,4511339216,17.5638,0.036167,elderly
892f5aadb73ffff,892f5aadb73ffff,4870614084,4870614084,0.7977,0.99608,elderly
892f5aadb73ffff,892f5aadb7bffff,4870614084,5025536627,10.5782,0.454653,elderly
892f5aadb77ffff,892f5a37593ffff,2377135303,255996108,14.3204,0.186128,elderly
892f5aadb77ffff,892f5a3759bffff,2377135303,255995938,18.2474,0.018827,elderly
892f5aadb77ffff,892f5aadb23ffff,2377135303,6206442559,19.3207,0.002844,elderly
892f5aadb77ffff,892f5aadb2bffff,2377135303,1986321871,10.1614,0.487328,elderly
892f5aadb77ffff,892f5aadb3bffff,2377135303,13240346340,15.7687,0.106433,elderly
892f5aadb77ffff,892f5aadb63ffff,2377135303,2375772172,14.4799,0.176476,elderly
892f5aadb77ffff,892f5aadb67ffff,2377135303,305443506,10.2399,0.481159,elderly
892f5aadb77ffff,892f5aadb6fffff,2377135303,5422306027,17.6639,0.033287,elderly
892f5aadb77ffff,892f5aadb77ffff,2377135303,2377135303,0.3785,0.999117,elderly
892f5aadb7bffff,892f5a374a3ffff,5025536627,7942739530,18.871,0.007843,elderly
892f5aadb7bffff,892f5a374a7ffff,5025536627,9791542150,13.8819,0.213664,elderly
892f5aadb7bffff,892f5a374b3ffff,5025536627,11072417469,17.7032,0.032189,elderly
892f5aadb7bffff,892f5a374b7ffff,5025536627,4511333938,10.7622,0.440276,elderly
892f5aadb7bffff,892f5aadb0fffff,5025536627,6206442994,13.6849,0.226483,elderly
892f5aadb7bffff,892f5aadb43ffff,5025536627,11065027594,19.0497,0.005561,elderly
892f5aadb7bffff,892f5aadb47ffff,5025536627,11061297136,10.7408,0.441952,elderly
892f5aadb7bffff,892f5aadb4bffff,5025536627,473169537,19.2813,0.003183,elderly
892f5aadb7bffff,892f5aadb4fffff,5025536627,4511333552,8.8734,0.588021,elderly
892f5aadb7bffff,892f5aadb6bffff,5025536627,472447041,9.9982,0.500139,elderly
892f5aadb7bffff,892f5aadb6fffff,5025536627,5422306027,13.9472,0.20947,elderly
892f5aadb7bffff,892f5aadb73ffff,5025536627,4870614084,6.9917,0.727576,elderly
892f5aadb7bffff,892f5aadb7bffff,5025536627,5025536627,0.1277,0.999899,elderly
892f5aadb83ffff,892f5aadb03ffff,499192381,4908207838,19.6455,0.000775,elderly
892f5aadb83ffff,892f5aadb13ffff,499192381,4908207183,11.9373,0.350186,elderly
892f5aadb83ffff,892f5aadb17ffff,499192381,295399473,15.4999,0.119802,elderly
892f5aadb83ffff,892f5aadb83ffff,499192381,499192381,3.7723,0.914759,elderly
892f5aadb83ffff,892f5aadb8bffff,499192381,3900871904,7.0077,0.726454,elderly
892f5aadb83ffff,892f5aadb8fffff,499192381,1809615766,15.2817,0.131155,elderly
892f5aadb83ffff,892f5aadbc7ffff,499192381,1510879897,16.0283,0.094187,elderly
892f5aadb8bffff,892f5aadb03ffff,3900871904,4908207838,19.3255,0.002804,elderly
892f5aadb8bffff,892f5aadb13ffff,3900871904,4908207183,9.6755,0.525474,elderly
892f5aadb8bffff,892f5aadb17ffff,3900871904,295399473,17.8174,0.029099,elderly
892f5aadb8bffff,892f5aadb1bffff,3900871904,13313849470,18.1298,0.02142,elderly
892f5aadb8bffff,892f5aadb83ffff,3900871904,499192381,9.8604,0.510964,elderly
892f5aadb8bffff,892f5aadb8bffff,3900871904,3900871904,0.4386,0.998814,elderly
892f5aadb8bffff,892f5aadb8fffff,3900871904,1809615766,17.5991,0.035137,elderly
892f5aadb8bffff,892f5aadbc7ffff,3900871904,1510879897,9.986,0.501099,elderly
892f5aadb8fffff,892f5aadb13ffff,1809615766,4908207183,15.3549,0.127296,elderly
892f5aadb8fffff,892f5aadb17ffff,1809615766,295399473,18.0907,0.022318,elderly
892f5aadb8fffff,892f5aadb8fffff,1809615766,1809615766,3.4188,0.929617,elderly
892f5aadb8fffff,892f5aadbc7ffff,1809615766,1510879897,19.446,0.001892,elderly
892f5aadba3ffff,892f5a366dbffff,5158143495,6277517902,18.8217,0.00854,elderly
892f5aadba3ffff,892f5aadb07ffff,5158143495,9239285385,17.4473,0.039659,elderly
892f5aadba3ffff,892f5aadb33ffff,5158143495,517548726,16.601,0.069589,elderly
892f5aadba3ffff,892f5aadb37ffff,5158143495,2393515085,19.7458,0.000398,elderly
892f5aadba3ffff,892f5aadba3ffff,5158143495,5158143495,1.9419,0.976917,elderly
892f5aadba3ffff,892f5aadba7ffff,5158143495,307423646,8.9135,0.584921,elderly
892f5aadba3ffff,892f5aadbabffff,5158143495,307423640,8.36,0.627382,elderly
892f5aadba3ffff,892f5aadbafffff,5158143495,307423619,10.1854,0.485438,elderly
892f5aadba3ffff,892f5aadbbbffff,5158143495,517470423,13.2712,0.254236,elderly
892f5aadba7ffff,892f5a366dbffff,307423646,6277517902,17.6246,0.034403,elderly
892f5aadba7ffff,892f5aadb33ffff,307423646,517548726,17.4193,0.040523,elderly
892f5aadba7ffff,892f5aadb37ffff,307423646,2393515085,19.0442,0.005625,elderly
892f5aadba7ffff,892f5aadba3ffff,307423646,5158143495,10.5829,0.454285,elderly
892f5aadba7ffff,892f5aadba7ffff,307423646,307423646,5.6716,0.814362,elderly
892f5aadba7ffff,892f5aadbabffff,307423646,307423640,12.708,0.293671,elderly
892f5aadba7ffff,892f5aadbafffff,307423646,307423619,9.4838,0.540499,elderly
892f5aadbabffff,892f5a366dbffff,307423640,6277517902,18.5499,0.012915,elderly
892f5aadbabffff,892f5aadb07ffff,307423640,9239285385,9.477,0.541027,elderly
892f5aadbabffff,892f5aadb0fffff,307423640,6206442994,17.6377,0.034031,elderly
892f5aadbabffff,892f5aadb17ffff,307423640,295399473,15.2498,0.132852,elderly
892f5aadbabffff,892f5aadb33ffff,307423640,517548726,12.3277,0.321233,elderly
892f5aadbabffff,892f5aadb37ffff,307423640,2393515085,18.8356,0.00834,elderly
892f5aadbabffff,892f5aadb3bffff,307423640,13240346340,19.7713,0.000323,elderly
892f5aadbabffff,892f5aadba3ffff,307423640,5158143495,9.9637,0.502849,elderly
892f5aadbabffff,892f5aadba7ffff,307423640,307423646,11.9826,0.34679,elderly
892f5aadbabffff,892f5aadbabffff,307423640,307423640,0.3897,0.999063,elderly
892f5aadbabffff,892f5aadbafffff,307423640,307423619,11.0966,0.4143,elderly
892f5aadbabffff,892f5aadbbbffff,307423640,517470423,14.4518,0.178163,elderly
892f5aadbafffff,892f5a366dbffff,307423619,6277517902,9.939,0.504788,elderly
892f5aadbafffff,892f5aadb07ffff,307423619,9239285385,15.5882,0.115337,elderly
892f5aadbafffff,892f5aadb23ffff,307423619,6206442559,19.6985,0.000561,elderly
892f5aadbafffff,892f5aadb27ffff,307423619,517549695,18.4821,0.014145,elderly
892f5aadbafffff,892f5aadb33ffff,307423619,517548726,10.1036,0.491864,elderly
892f5aadbafffff,892f5aadb37ffff,307423619,2393515085,10.2691,0.478873,elderly
892f5aadbafffff,892f5aadba3ffff,307423619,5158143495,9.3094,0.554135,elderly
892f5aadbafffff,892f5aadba7ffff,307423619,307423646,6.9384,0.731299,elderly
892f5aadbafffff,892f5aadbabffff,307423619,307423640,8.4888,0.617581,elderly
892f5aadbafffff,892f5aadbafffff,307423619,307423619,0.7087,0.996905,elderly
892f5aadbafffff,892f5aadbbbffff,307423619,517470423,19.7681,0.000332,elderly
892f5aadbbbffff,892f5aadb07ffff,517470423,9239285385,19.758,0.000361,elderly
892f5aadbbbffff,892f5aadba3ffff,517470423,5158143495,11.5714,0.377832,elderly
892f5aadbbbffff,892f5aadba7ffff,517470423,307423646,17.5296,0.037176,elderly
892f5aadbbbffff,892f5aadbabffff,517470423,307423640,10.6707,0.447423,elderly
892f5aadbbbffff,892f5aadbafffff,517470423,307423619,18.3054,0.017609,elderly
892f5aadbbbffff,892f5aadbbbffff,517470423,517470423,2.902,0.948946,elderly
892f5aadbc7ffff,892f5aadb03ffff,1510879897,4908207838,16.2866,0.082674,elderly
892f5aadbc7ffff,892f5aadb0bffff,1510879897,12954056341,18.9386,0.006933,elderly
892f5aadbc7ffff,892f5aadb13ffff,1510879897,4908207183,7.0277,0.725053,elderly
892f5aadbc7ffff,892f5aadb17ffff,1510879897,295399473,16.5154,0.07305,elderly
892f5aadbc7ffff,892f5aadb1bffff,1510879897,13313849470,14.0336,0.203975,elderly
892f5aadbc7ffff,892f5aadb57ffff,1510879897,4511339216,19.784,0.000288,elderly
892f5aadbc7ffff,892f5aadb83ffff,1510879897,499192381,19.3108,0.002927,elderly
892f5aadbc7ffff,892f5aadb8bffff,1510879897,3900871904,11.2903,0.399355,elderly
892f5aadbc7ffff,892f5aadb8fffff,1510879897,1809615766,16.9443,0.056499,elderly
892f5aadbc7ffff,892f5aadbc7ffff,1510879897,1510879897,4.5342,0.878455,elderly
892f5aadbc7ffff,892f5aadbcfffff,1510879897,473169641,16.4052,0.077619,elderly
892f5aadbcfffff,892f5aadb03ffff,473169641,4908207838,18.7401,0.00976,elderly
892f5aadbcfffff,892f5aadb0bffff,473169641,12954056341,16.8401,0.060339,elderly
892f5aadbcfffff,892f5aadb1bffff,473169641,13313849470,12.3779,0.317549,elderly
892f5aadbcfffff,892f5aadb57ffff,473169641,4511339216,13.4974,0.238928,elderly
892f5aadbcfffff,892f5aadbc7ffff,473169641,1510879897,19.6743,0.000654,elderly
892f5aadbcfffff,892f5aadbcfffff,473169641,473169641,3.7008,0.917869,elderly
