source_h3_id,target_h3_id,source_node_id,target_node_id,time_min,alpha_20,profile_key
89a8100c083ffff,89a8100c083ffff,10879607506,10879607506,1.5388,0.985465,athlete
89a8100c083ffff,89a8100c087ffff,10879607506,6359582195,10.3346,0.473732,athlete
89a8100c083ffff,89a8100c08fffff,10879607506,12501696631,4.1449,0.897716,athlete
89a8100c083ffff,89a8100c093ffff,10879607506,296285873,7.0208,0.725538,athlete
89a8100c083ffff,89a8100c097ffff,10879607506,459335450,7.3098,0.705057,athlete
89a8100c083ffff,89a8100c09bffff,10879607506,4293923366,8.7217,0.599726,athlete
89a8100c083ffff,89a8100c0b3ffff,10879607506,4293906838,11.3983,0.391056,athlete
89a8100c083ffff,89a8100c0d3ffff,10879607506,296284761,18.0763,0.022654,athlete
89a8100c083ffff,89a8100c0d7ffff,10879607506,296284684,12.0325,0.343068,athlete
89a8100c083ffff,89a8100c427ffff,10879607506,12986505496,15.0241,0.14511,athlete
89a8100c083ffff,89a8100c42bffff,10879607506,12943884579,17.519,0.037491,athlete
89a8100c083ffff,89a8100c463ffff,10879607506,466929967,18.7654,0.009373,athlete
89a8100c083ffff,89a8100c467ffff,10879607506,296285901,10.7194,0.44362,athlete
89a8100c083ffff,89a8100c46bffff,10879607506,12505529937,19.8601,0.000121,athlete
89a8100c083ffff,89a8100c46fffff,10879607506,4849813871,12.5547,0.3047,athlete
89a8100c083ffff,89a8100c54bffff,10879607506,8944143746,12.7115,0.293419,athlete
89a8100c083ffff,89a8100c55bffff,10879607506,12697580033,15.0313,0.14471,athlete
89a8100c087ffff,89a8100c083ffff,6359582195,10879607506,10.8304,0.434962,athlete
89a8100c087ffff,89a8100c087ffff,6359582195,6359582195,0.7177,0.996826,athlete
89a8100c087ffff,89a8100c08fffff,6359582195,12501696631,13.273,0.254117,athlete
89a8100c087ffff,89a8100c093ffff,6359582195,296285873,12.9533,0.27628,athlete
89a8100c087ffff,89a8100c097ffff,6359582195,459335450,9.7872,0.516712,athlete
89a8100c087ffff,89a8100c09bffff,6359582195,4293923366,17.62,0.034537,athlete
89a8100c087ffff,89a8100c0b3ffff,6359582195,4293906838,7.4443,0.695376,athlete
89a8100c087ffff,89a8100c427ffff,6359582195,12986505496,15.9667,0.097035,athlete
89a8100c087ffff,89a8100c467ffff,6359582195,296285901,18.4398,0.014941,athlete
89a8100c087ffff,89a8100c54bffff,6359582195,8944143746,8.7575,0.596969,athlete
89a8100c087ffff,89a8100c55bffff,6359582195,12697580033,11.7651,0.36314,athlete
89a8100c08bffff,89a8100c08bffff,7033857127,7033857127,1.4875,0.986413,athlete
89a8100c08bffff,89a8100c09bffff,7033857127,4293923366,15.2203,0.134425,athlete
89a8100c08bffff,89a8100c0c3ffff,7033857127,4293920655,13.9992,0.206158,athlete
89a8100c08bffff,89a8100c0c7ffff,7033857127,296284589,4.7853,0.865276,athlete
89a8100c08bffff,89a8100c0cbffff,7033857127,12487325808,18.1636,0.02066,athlete
89a8100c08bffff,89a8100c0d3ffff,7033857127,296284761,13.8779,0.213916,athlete
89a8100c08bffff,89a8100c0d7ffff,7033857127,296284684,8.4538,0.62025,athlete
89a8100c08bffff,89a8100c0dbffff,7033857127,6769468141,17.7957,0.029675,athlete
89a8100c08bffff,89a8100c463ffff,7033857127,466929967,19.2475,0.003489,athlete
89a8100c08bffff,89a8100c467ffff,7033857127,296285901,16.9943,0.054699,athlete
89a8100c08bffff,89a8100c46bffff,7033857127,12505529937,18.0646,0.022927,athlete
89a8100c08bffff,89a8100c46fffff,7033857127,4849813871,12.3253,0.321406,athlete
89a8100c08fffff,89a8100c083ffff,12501696631,10879607506,5.3511,0.833529,athlete
89a8100c08fffff,89a8100c087ffff,12501696631,6359582195,14.0467,0.203146,athlete
89a8100c08fffff,89a8100c08fffff,12501696631,12501696631,3.0547,0.943535,athlete
89a8100c08fffff,89a8100c093ffff,12501696631,296285873,10.8254,0.435358,athlete
89a8100c08fffff,89a8100c097ffff,12501696631,459335450,11.0219,0.420085,athlete
89a8100c08fffff,89a8100c09bffff,12501696631,4293923366,11.4794,0.384852,athlete
89a8100c08fffff,89a8100c0b3ffff,12501696631,4293906838,15.1105,0.140366,athlete
89a8100c08fffff,89a8100c0d3ffff,12501696631,296284761,19.6422,0.000789,athlete
89a8100c08fffff,89a8100c0d7ffff,12501696631,296284684,13.5984,0.232194,athlete
89a8100c08fffff,89a8100c427ffff,12501696631,12986505496,18.7362,0.009819,athlete
89a8100c08fffff,89a8100c467ffff,12501696631,296285901,13.817,0.217854,athlete
89a8100c08fffff,89a8100c46fffff,12501696631,4849813871,14.1206,0.1985,athlete
89a8100c08fffff,89a8100c54bffff,12501696631,8944143746,16.4236,0.076844,athlete
89a8100c08fffff,89a8100c55bffff,12501696631,12697580033,18.7435,0.009708,athlete
89a8100c093ffff,89a8100c083ffff,296285873,10879607506,5.3574,0.833156,athlete
89a8100c093ffff,89a8100c087ffff,296285873,6359582195,10.6183,0.451514,athlete
89a8100c093ffff,89a8100c08bffff,296285873,7033857127,17.7106,0.031984,athlete
89a8100c093ffff,89a8100c08fffff,296285873,12501696631,7.8924,0.662524,athlete
89a8100c093ffff,89a8100c093ffff,296285873,296285873,0.3362,0.999303,athlete
89a8100c093ffff,89a8100c097ffff,296285873,459335450,7.5935,0.684539,athlete
89a8100c093ffff,89a8100c09bffff,296285873,4293923366,5.7893,0.80712,athlete
89a8100c093ffff,89a8100c0b3ffff,296285873,4293906838,11.682,0.369425,athlete
89a8100c093ffff,89a8100c0c3ffff,296285873,4293920655,18.2606,0.018546,athlete
89a8100c093ffff,89a8100c0c7ffff,296285873,296284589,18.0604,0.023027,athlete
89a8100c093ffff,89a8100c0d3ffff,296285873,296284761,15.517,0.118932,athlete
89a8100c093ffff,89a8100c0d7ffff,296285873,296284684,9.4732,0.541331,athlete
89a8100c093ffff,89a8100c40fffff,296285873,2522075891,17.4524,0.039504,athlete
89a8100c093ffff,89a8100c423ffff,296285873,12915366285,17.6381,0.034018,athlete
89a8100c093ffff,89a8100c427ffff,296285873,12986505496,14.9274,0.150502,athlete
89a8100c093ffff,89a8100c42bffff,296285873,12943884579,12.7553,0.290292,athlete
89a8100c093ffff,89a8100c42fffff,296285873,2522075760,19.7718,0.000321,athlete
89a8100c093ffff,89a8100c433ffff,296285873,12832662172,19.5235,0.0014,athlete
89a8100c093ffff,89a8100c43bffff,296285873,12826024589,17.4697,0.038975,athlete
89a8100c093ffff,89a8100c463ffff,296285873,466929967,14.6551,0.166113,athlete
89a8100c093ffff,89a8100c467ffff,296285873,296285901,6.6091,0.753907,athlete
89a8100c093ffff,89a8100c46bffff,296285873,12505529937,17.3007,0.044274,athlete
89a8100c093ffff,89a8100c46fffff,296285873,4849813871,9.9953,0.500367,athlete
89a8100c093ffff,89a8100c477ffff,296285873,12572862106,15.2877,0.130833,athlete
89a8100c093ffff,89a8100c54bffff,296285873,8944143746,12.9952,0.27334,athlete
89a8100c093ffff,89a8100c55bffff,296285873,12697580033,14.9346,0.150096,athlete
89a8100c097ffff,89a8100c083ffff,459335450,10879607506,4.9686,0.855291,athlete
89a8100c097ffff,89a8100c087ffff,459335450,6359582195,6.9502,0.730472,athlete
89a8100c097ffff,89a8100c08fffff,459335450,12501696631,7.4112,0.697769,athlete
89a8100c097ffff,89a8100c093ffff,459335450,296285873,7.0915,0.720571,athlete
89a8100c097ffff,89a8100c097ffff,459335450,459335450,0.9565,0.994367,athlete
89a8100c097ffff,89a8100c09bffff,459335450,4293923366,11.7582,0.363663,athlete
89a8100c097ffff,89a8100c0b3ffff,459335450,4293906838,8.0139,0.653467,athlete
89a8100c097ffff,89a8100c0d7ffff,459335450,296284684,15.4421,0.122768,athlete
89a8100c097ffff,89a8100c427ffff,459335450,12986505496,8.6708,0.603636,athlete
89a8100c097ffff,89a8100c42bffff,459335450,12943884579,18.2321,0.019156,athlete
89a8100c097ffff,89a8100c437ffff,459335450,12941702505,17.432,0.040129,athlete
89a8100c097ffff,89a8100c467ffff,459335450,296285901,12.578,0.303014,athlete
89a8100c097ffff,89a8100c46fffff,459335450,4849813871,15.9642,0.097149,athlete
89a8100c097ffff,89a8100c543ffff,459335450,7721333437,19.3007,0.003013,athlete
89a8100c097ffff,89a8100c547ffff,459335450,12703971545,19.7113,0.000514,athlete
89a8100c097ffff,89a8100c54bffff,459335450,8944143746,7.0384,0.724305,athlete
89a8100c097ffff,89a8100c54fffff,459335450,11423253323,19.6383,0.000807,athlete
89a8100c097ffff,89a8100c55bffff,459335450,12697580033,8.6781,0.603081,athlete
89a8100c09bffff,89a8100c083ffff,4293923366,10879607506,10.357,0.471974,athlete
89a8100c09bffff,89a8100c087ffff,4293923366,6359582195,18.4494,0.014758,athlete
89a8100c09bffff,89a8100c08bffff,4293923366,7033857127,14.7204,0.162308,athlete
89a8100c09bffff,89a8100c08fffff,4293923366,12501696631,12.7942,0.287521,athlete
89a8100c09bffff,89a8100c093ffff,4293923366,296285873,8.8436,0.590328,athlete
89a8100c09bffff,89a8100c097ffff,4293923366,459335450,15.4246,0.123672,athlete
89a8100c09bffff,89a8100c09bffff,4293923366,4293923366,0.7836,0.996217,athlete
89a8100c09bffff,89a8100c0b3ffff,4293923366,4293906838,19.5131,0.001462,athlete
89a8100c09bffff,89a8100c0c3ffff,4293923366,4293920655,15.2705,0.13175,athlete
89a8100c09bffff,89a8100c0c7ffff,4293923366,296284589,15.0702,0.142567,athlete
89a8100c09bffff,89a8100c0cbffff,4293923366,12487325808,19.4348,0.001969,athlete
89a8100c09bffff,89a8100c0d3ffff,4293923366,296284761,12.5268,0.306715,athlete
89a8100c09bffff,89a8100c0d7ffff,4293923366,296284684,6.483,0.762388,athlete
89a8100c09bffff,89a8100c0dbffff,4293923366,6769468141,19.0669,0.005361,athlete
89a8100c09bffff,89a8100c40fffff,4293923366,2522075891,18.6357,0.011438,athlete
89a8100c09bffff,89a8100c423ffff,4293923366,12915366285,18.8214,0.008544,athlete
89a8100c09bffff,89a8100c42bffff,4293923366,12943884579,13.9386,0.210024,athlete
89a8100c09bffff,89a8100c43bffff,4293923366,12826024589,18.653,0.01115,athlete
89a8100c09bffff,89a8100c463ffff,4293923366,466929967,14.1382,0.197398,athlete
89a8100c09bffff,89a8100c467ffff,4293923366,296285901,6.3925,0.768414,athlete
89a8100c09bffff,89a8100c46bffff,4293923366,12505529937,14.3106,0.186732,athlete
89a8100c09bffff,89a8100c46fffff,4293923366,4849813871,7.0052,0.726635,athlete
89a8100c09bffff,89a8100c477ffff,4293923366,12572862106,16.471,0.074874,athlete
89a8100c09bffff,89a8100c6a7ffff,4293923366,296285598,18.3288,0.017129,athlete
89a8100c0b3ffff,89a8100c083ffff,4293906838,10879607506,10.6928,0.445696,athlete
89a8100c0b3ffff,89a8100c087ffff,4293906838,6359582195,6.2429,0.778247,athlete
89a8100c0b3ffff,89a8100c08fffff,4293906838,12501696631,13.1353,0.263588,athlete
89a8100c0b3ffff,89a8100c093ffff,4293906838,296285873,12.8156,0.286001,athlete
89a8100c0b3ffff,89a8100c097ffff,4293906838,459335450,9.6495,0.527512,athlete
89a8100c0b3ffff,89a8100c09bffff,4293906838,4293923366,17.4823,0.038593,athlete
89a8100c0b3ffff,89a8100c0b3ffff,4293906838,4293906838,5.1083,0.847489,athlete
89a8100c0b3ffff,89a8100c427ffff,4293906838,12986505496,15.829,0.103529,athlete
89a8100c0b3ffff,89a8100c467ffff,4293906838,296285901,18.3021,0.017677,athlete
89a8100c0b3ffff,89a8100c54bffff,4293906838,8944143746,8.4888,0.617581,athlete
89a8100c0b3ffff,89a8100c55bffff,4293906838,12697580033,11.6274,0.373569,athlete
89a8100c0c3ffff,89a8100c08bffff,4293920655,7033857127,14.3439,0.184696,athlete
89a8100c0c3ffff,89a8100c09bffff,4293920655,4293923366,16.0366,0.093809,athlete
89a8100c0c3ffff,89a8100c0c3ffff,4293920655,4293920655,0.8112,0.995946,athlete
89a8100c0c3ffff,89a8100c0c7ffff,4293920655,296284589,14.6937,0.16386,athlete
89a8100c0c3ffff,89a8100c0cbffff,4293920655,12487325808,6.8492,0.737487,athlete
89a8100c0c3ffff,89a8100c0d3ffff,4293920655,296284761,5.7229,0.811214,athlete
89a8100c0c3ffff,89a8100c0d7ffff,4293920655,296284684,9.5185,0.537784,athlete
89a8100c0c3ffff,89a8100c0dbffff,4293920655,6769468141,8.7876,0.594644,athlete
89a8100c0c3ffff,89a8100c463ffff,4293920655,466929967,12.585,0.30251,athlete
89a8100c0c3ffff,89a8100c467ffff,4293920655,296285901,17.0619,0.052312,athlete
89a8100c0c3ffff,89a8100c46bffff,4293920655,12505529937,9.9096,0.507099,athlete
89a8100c0c3ffff,89a8100c46fffff,4293920655,4849813871,11.0785,0.4157,athlete
89a8100c0c3ffff,89a8100c473ffff,4293920655,466938137,18.7482,0.009634,athlete
89a8100c0c3ffff,89a8100c47bffff,4293920655,466930008,16.1003,0.090914,athlete
89a8100c0c3ffff,89a8100c637ffff,4293920655,445044750,10.7451,0.441615,athlete
89a8100c0c3ffff,89a8100c6a3ffff,4293920655,466929753,18.394,0.015825,athlete
89a8100c0c3ffff,89a8100c6a7ffff,4293920655,296285598,12.7676,0.289415,athlete
89a8100c0c3ffff,89a8100c6afffff,4293920655,1448778106,15.2819,0.13114,athlete
89a8100c0c3ffff,89a8100c6b7ffff,4293920655,466929739,16.0081,0.095118,athlete
89a8100c0c7ffff,89a8100c08bffff,296284589,7033857127,5.0862,0.848732,athlete
89a8100c0c7ffff,89a8100c09bffff,296284589,4293923366,15.4371,0.123023,athlete
89a8100c0c7ffff,89a8100c0c3ffff,296284589,4293920655,14.216,0.192554,athlete
89a8100c0c7ffff,89a8100c0c7ffff,296284589,296284589,2.8332,0.951296,athlete
89a8100c0c7ffff,89a8100c0cbffff,296284589,12487325808,18.3804,0.016094,athlete
89a8100c0c7ffff,89a8100c0d3ffff,296284589,296284761,14.0948,0.20012,athlete
89a8100c0c7ffff,89a8100c0d7ffff,296284589,296284684,8.6706,0.603656,athlete
89a8100c0c7ffff,89a8100c0dbffff,296284589,6769468141,18.0125,0.02417,athlete
89a8100c0c7ffff,89a8100c463ffff,296284589,466929967,19.4643,0.001769,athlete
89a8100c0c7ffff,89a8100c467ffff,296284589,296285901,17.2111,0.047214,athlete
89a8100c0c7ffff,89a8100c46bffff,296284589,12505529937,18.2814,0.018108,athlete
89a8100c0c7ffff,89a8100c46fffff,296284589,4849813871,12.5421,0.305608,athlete
89a8100c0cbffff,89a8100c0c3ffff,12487325808,4293920655,7.4048,0.698231,athlete
89a8100c0cbffff,89a8100c0cbffff,12487325808,12487325808,2.501,0.961908,athlete
89a8100c0cbffff,89a8100c0d3ffff,12487325808,296284761,11.4966,0.383534,athlete
89a8100c0cbffff,89a8100c0d7ffff,12487325808,296284684,15.3203,0.129113,athlete
89a8100c0cbffff,89a8100c0dbffff,12487325808,6769468141,6.0129,0.793071,athlete
89a8100c0cbffff,89a8100c463ffff,12487325808,466929967,18.3147,0.017418,athlete
89a8100c0cbffff,89a8100c46bffff,12487325808,12505529937,14.4276,0.179623,athlete
89a8100c0cbffff,89a8100c46fffff,12487325808,4849813871,16.8522,0.059886,athlete
89a8100c0cbffff,89a8100c47bffff,12487325808,466930008,18.4781,0.014219,athlete
89a8100c0cbffff,89a8100c637ffff,12487325808,445044750,6.9208,0.732522,athlete
89a8100c0cbffff,89a8100c6a3ffff,12487325808,466929753,16.1408,0.089092,athlete
89a8100c0cbffff,89a8100c6a7ffff,12487325808,296285598,12.9519,0.276377,athlete
89a8100c0cbffff,89a8100c6afffff,12487325808,1448778106,13.0287,0.271,athlete
89a8100c0cbffff,89a8100c6b7ffff,12487325808,466929739,17.2803,0.044936,athlete
89a8100c0d3ffff,89a8100c083ffff,296284761,10879607506,19.3769,0.002393,athlete
89a8100c0d3ffff,89a8100c08bffff,296284761,7033857127,12.5737,0.303326,athlete
89a8100c0d3ffff,89a8100c093ffff,296284761,296285873,18.3015,0.017689,athlete
89a8100c0d3ffff,89a8100c09bffff,296284761,4293923366,11.2298,0.404008,athlete
89a8100c0d3ffff,89a8100c0c3ffff,296284761,4293920655,4.3497,0.887765,athlete
89a8100c0d3ffff,89a8100c0c7ffff,296284761,296284589,12.9235,0.278377,athlete
89a8100c0d3ffff,89a8100c0cbffff,296284761,12487325808,8.514,0.615652,athlete
89a8100c0d3ffff,89a8100c0d3ffff,296284761,296284761,0.9162,0.994831,athlete
89a8100c0d3ffff,89a8100c0d7ffff,296284761,296284684,4.7398,0.867703,athlete
89a8100c0d3ffff,89a8100c0dbffff,296284761,6769468141,8.0849,0.648156,athlete
89a8100c0d3ffff,89a8100c40bffff,296284761,3807737497,17.4358,0.040014,athlete
89a8100c0d3ffff,89a8100c40fffff,296284761,2522075891,18.9918,0.006257,athlete
89a8100c0d3ffff,89a8100c42bffff,296284761,12943884579,17.9879,0.024765,athlete
89a8100c0d3ffff,89a8100c447ffff,296284761,3472333400,16.9967,0.054614,athlete
89a8100c0d3ffff,89a8100c44bffff,296284761,466938136,19.9111,4.9e-05,athlete
89a8100c0d3ffff,89a8100c44fffff,296284761,467820676,16.2226,0.085467,athlete
89a8100c0d3ffff,89a8100c463ffff,296284761,466929967,7.7782,0.670977,athlete
89a8100c0d3ffff,89a8100c467ffff,296284761,296285901,12.2551,0.326565,athlete
89a8100c0d3ffff,89a8100c46bffff,296284761,12505529937,5.1029,0.847795,athlete
89a8100c0d3ffff,89a8100c46fffff,296284761,4849813871,6.2717,0.776364,athlete
89a8100c0d3ffff,89a8100c473ffff,296284761,466938137,13.9415,0.209838,athlete
89a8100c0d3ffff,89a8100c477ffff,296284761,12572862106,18.4608,0.014543,athlete
89a8100c0d3ffff,89a8100c47bffff,296284761,466930008,11.5082,0.382652,athlete
89a8100c0d3ffff,89a8100c637ffff,296284761,445044750,12.4099,0.315213,athlete
89a8100c0d3ffff,89a8100c6a3ffff,296284761,466929753,14.4306,0.179438,athlete
89a8100c0d3ffff,89a8100c6a7ffff,296284761,296285598,8.4163,0.623101,athlete
89a8100c0d3ffff,89a8100c6afffff,296284761,1448778106,12.986,0.273982,athlete
89a8100c0d3ffff,89a8100c6b3ffff,296284761,466932573,17.8753,0.027589,athlete
89a8100c0d3ffff,89a8100c6b7ffff,296284761,466929739,11.6168,0.37438,athlete
89a8100c0d7ffff,89a8100c083ffff,296284684,10879607506,16.5598,0.071245,athlete
89a8100c0d7ffff,89a8100c08bffff,296284684,7033857127,9.8837,0.509134,athlete
89a8100c0d7ffff,89a8100c08fffff,296284684,12501696631,17.225,0.046753,athlete
89a8100c0d7ffff,89a8100c093ffff,296284684,296285873,15.4845,0.12059,athlete
89a8100c0d7ffff,89a8100c09bffff,296284684,4293923366,8.4128,0.623373,athlete
89a8100c0d7ffff,89a8100c0c3ffff,296284684,4293920655,10.4337,0.465963,athlete
89a8100c0d7ffff,89a8100c0c7ffff,296284684,296284589,10.2335,0.481666,athlete
89a8100c0d7ffff,89a8100c0cbffff,296284684,12487325808,14.5981,0.169458,athlete
89a8100c0d7ffff,89a8100c0d3ffff,296284684,296284761,7.6901,0.677468,athlete
89a8100c0d7ffff,89a8100c0d7ffff,296284684,296284684,1.6462,0.983376,athlete
89a8100c0d7ffff,89a8100c0dbffff,296284684,6769468141,14.2302,0.191677,athlete
89a8100c0d7ffff,89a8100c42bffff,296284684,12943884579,15.9196,0.099234,athlete
89a8100c0d7ffff,89a8100c463ffff,296284684,466929967,12.6508,0.297773,athlete
89a8100c0d7ffff,89a8100c467ffff,296284684,296285901,10.1868,0.485331,athlete
89a8100c0d7ffff,89a8100c46bffff,296284684,12505529937,11.8767,0.354726,athlete
89a8100c0d7ffff,89a8100c46fffff,296284684,4849813871,5.5178,0.823663,athlete
89a8100c0d7ffff,89a8100c473ffff,296284684,466938137,19.4841,0.001641,athlete
89a8100c0d7ffff,89a8100c477ffff,296284684,12572862106,18.4521,0.014708,athlete
89a8100c0d7ffff,89a8100c47bffff,296284684,466930008,18.2821,0.018095,athlete
89a8100c0d7ffff,89a8100c637ffff,296284684,445044750,18.494,0.013926,athlete
89a8100c0d7ffff,89a8100c6a7ffff,296284684,296285598,15.1902,0.136041,athlete
89a8100c0d7ffff,89a8100c6afffff,296284684,1448778106,19.7599,0.000355,athlete
89a8100c0d7ffff,89a8100c6b7ffff,296284684,466929739,18.3907,0.015891,athlete
89a8100c0dbffff,89a8100c08bffff,6769468141,7033857127,17.813,0.029215,athlete
89a8100c0dbffff,89a8100c09bffff,6769468141,4293923366,18.7934,0.008953,athlete
89a8100c0dbffff,89a8100c0c3ffff,6769468141,4293920655,8.0564,0.650291,athlete
89a8100c0dbffff,89a8100c0c7ffff,6769468141,296284589,18.1628,0.020677,athlete
89a8100c0dbffff,89a8100c0cbffff,6769468141,12487325808,4.2981,0.890306,athlete
89a8100c0dbffff,89a8100c0d3ffff,6769468141,296284761,8.4798,0.618266,athlete
89a8100c0dbffff,89a8100c0d7ffff,6769468141,296284684,12.3034,0.32301,athlete
89a8100c0dbffff,89a8100c0dbffff,6769468141,6769468141,0.6317,0.997541,athlete
89a8100c0dbffff,89a8100c447ffff,6769468141,3472333400,19.7741,0.000315,athlete
89a8100c0dbffff,89a8100c44fffff,6769468141,467820676,16.9161,0.057527,athlete
89a8100c0dbffff,89a8100c463ffff,6769468141,466929967,15.1464,0.138408,athlete
89a8100c0dbffff,89a8100c467ffff,6769468141,296285901,19.6233,0.000875,athlete
89a8100c0dbffff,89a8100c46bffff,6769468141,12505529937,11.2571,0.401904,athlete
89a8100c0dbffff,89a8100c46fffff,6769468141,4849813871,13.8354,0.216666,athlete
89a8100c0dbffff,89a8100c47bffff,6769468141,466930008,15.3077,0.129776,athlete
89a8100c0dbffff,89a8100c637ffff,6769468141,445044750,6.7132,0.746827,athlete
89a8100c0dbffff,89a8100c6a3ffff,6769468141,466929753,12.2584,0.326326,athlete
89a8100c0dbffff,89a8100c6a7ffff,6769468141,296285598,7.9105,0.661176,athlete
89a8100c0dbffff,89a8100c6afffff,6769468141,1448778106,9.1463,0.566851,athlete
89a8100c0dbffff,89a8100c6b3ffff,6769468141,466932573,17.3695,0.04208,athlete
89a8100c0dbffff,89a8100c6b7ffff,6769468141,466929739,12.2389,0.327756,athlete
89a8100c403ffff,89a8100c0d7ffff,467743614,296284684,19.9028,5.8e-05,athlete
89a8100c403ffff,89a8100c403ffff,467743614,467743614,0.4862,0.998542,athlete
89a8100c403ffff,89a8100c40bffff,467743614,3807737497,11.5256,0.38132,athlete
89a8100c403ffff,89a8100c40fffff,467743614,2522075891,5.4931,0.825136,athlete
89a8100c403ffff,89a8100c413ffff,467743614,466938077,6.7461,0.744578,athlete
89a8100c403ffff,89a8100c417ffff,467743614,467743606,5.2431,0.8398,athlete
89a8100c403ffff,89a8100c41bffff,467743614,467763633,9.7757,0.517611,athlete
89a8100c403ffff,89a8100c42bffff,467743614,12943884579,15.3894,0.125494,athlete
89a8100c403ffff,89a8100c43bffff,467743614,12826024589,19.6849,0.000612,athlete
89a8100c403ffff,89a8100c443ffff,467743614,4947151527,16.3562,0.07969,athlete
89a8100c403ffff,89a8100c447ffff,467743614,3472333400,14.5804,0.1705,athlete
89a8100c403ffff,89a8100c44fffff,467743614,467820676,18.4952,0.013904,athlete
89a8100c403ffff,89a8100c453ffff,467743614,467820559,15.7271,0.108455,athlete
89a8100c403ffff,89a8100c457ffff,467743614,467820599,12.8471,0.283767,athlete
89a8100c403ffff,89a8100c463ffff,467743614,466929967,14.9839,0.147341,athlete
89a8100c403ffff,89a8100c467ffff,467743614,296285901,15.6905,0.110254,athlete
89a8100c403ffff,89a8100c46fffff,467743614,4849813871,17.4027,0.041038,athlete
89a8100c403ffff,89a8100c473ffff,467743614,466938137,11.8376,0.35767,athlete
89a8100c403ffff,89a8100c477ffff,467743614,12572862106,10.666,0.447785,athlete
89a8100c403ffff,89a8100c47bffff,467743614,466930008,16.9618,0.055866,athlete
89a8100c403ffff,89a8100c483ffff,467743614,9091230323,18.0224,0.023931,athlete
89a8100c403ffff,89a8100c487ffff,467743614,8943221347,17.4344,0.040057,athlete
89a8100c403ffff,89a8100c48bffff,467743614,467764073,10.77,0.439669,athlete
89a8100c403ffff,89a8100c48fffff,467743614,467743522,11.1985,0.406428,athlete
89a8100c403ffff,89a8100c49bffff,467743614,9562434245,17.2117,0.047197,athlete
89a8100c403ffff,89a8100c4a3ffff,467743614,12904007453,19.2479,0.003485,athlete
89a8100c403ffff,89a8100c4bbffff,467743614,387095725,12.8174,0.285874,athlete
89a8100c403ffff,89a8100c4c3ffff,467743614,4947385383,19.827,0.000185,athlete
89a8100c403ffff,89a8100c4cbffff,467743614,467842583,19.4617,0.001787,athlete
89a8100c403ffff,89a8100c4cfffff,467743614,467763429,15.6053,0.114477,athlete
89a8100c403ffff,89a8100c4d7ffff,467743614,9562334166,17.0234,0.053665,athlete
89a8100c407ffff,89a8100c407ffff,12882374109,12882374109,0.6556,0.997351,athlete
89a8100c407ffff,89a8100c423ffff,12882374109,12915366285,11.2839,0.399846,athlete
89a8100c407ffff,89a8100c42bffff,12882374109,12943884579,14.4326,0.179322,athlete
89a8100c407ffff,89a8100c42fffff,12882374109,2522075760,19.8972,6.5e-05,athlete
89a8100c407ffff,89a8100c433ffff,12882374109,12832662172,11.0069,0.421251,athlete
89a8100c407ffff,89a8100c437ffff,12882374109,12941702505,19.8498,0.000139,athlete
89a8100c407ffff,89a8100c43bffff,12882374109,12826024589,8.1841,0.640691,athlete
89a8100c407ffff,89a8100c467ffff,12882374109,296285901,17.5839,0.035579,athlete
89a8100c407ffff,89a8100c477ffff,12882374109,12572862106,19.5598,0.001195,athlete
89a8100c407ffff,89a8100c4a3ffff,12882374109,12904007453,15.7103,0.109278,athlete
89a8100c407ffff,89a8100c4abffff,12882374109,5049652087,11.5399,0.38023,athlete
89a8100c407ffff,89a8100c4afffff,12882374109,12996381317,15.932,0.098653,athlete
89a8100c407ffff,89a8100c4b7ffff,12882374109,387095770,19.6285,0.000851,athlete
89a8100c407ffff,89a8100c4bbffff,12882374109,387095725,16.7668,0.063109,athlete
89a8100c40bffff,89a8100c09bffff,3807737497,4293923366,19.9415,2.1e-05,athlete
89a8100c40bffff,89a8100c0d3ffff,3807737497,296284761,16.8577,0.059682,athlete
89a8100c40bffff,89a8100c0d7ffff,3807737497,296284684,16.8058,0.061627,athlete
89a8100c40bffff,89a8100c403ffff,3807737497,467743614,9.9816,0.501446,athlete
89a8100c40bffff,89a8100c40bffff,3807737497,3807737497,1.0777,0.992853,athlete
89a8100c40bffff,89a8100c40fffff,3807737497,2522075891,6.8944,0.734352,athlete
89a8100c40bffff,89a8100c413ffff,3807737497,466938077,15.3038,0.129983,athlete
89a8100c40bffff,89a8100c417ffff,3807737497,467743606,14.7384,0.161266,athlete
89a8100c40bffff,89a8100c41bffff,3807737497,467763633,6.9756,0.728702,athlete
89a8100c40bffff,89a8100c42bffff,3807737497,12943884579,16.5432,0.071915,athlete
89a8100c40bffff,89a8100c443ffff,3807737497,4947151527,9.1924,0.563261,athlete
89a8100c40bffff,89a8100c447ffff,3807737497,3472333400,7.9185,0.660587,athlete
89a8100c40bffff,89a8100c44bffff,3807737497,466938136,13.5471,0.235603,athlete
89a8100c40bffff,89a8100c44fffff,3807737497,467820676,11.8332,0.358002,athlete
89a8100c40bffff,89a8100c453ffff,3807737497,467820559,11.7681,0.362911,athlete
89a8100c40bffff,89a8100c457ffff,3807737497,467820599,8.3915,0.624989,athlete
89a8100c40bffff,89a8100c45bffff,3807737497,467820516,14.4746,0.176795,athlete
89a8100c40bffff,89a8100c463ffff,3807737497,466929967,9.7314,0.521093,athlete
89a8100c40bffff,89a8100c467ffff,3807737497,296285901,15.5678,0.116361,athlete
89a8100c40bffff,89a8100c46bffff,3807737497,12505529937,14.4394,0.17891,athlete
89a8100c40bffff,89a8100c46fffff,3807737497,4849813871,13.942,0.209805,athlete
89a8100c40bffff,89a8100c473ffff,3807737497,466938137,5.2673,0.838399,athlete
89a8100c40bffff,89a8100c477ffff,3807737497,12572862106,11.8198,0.359009,athlete
89a8100c40bffff,89a8100c47bffff,3807737497,466930008,10.2999,0.476455,athlete
89a8100c40bffff,89a8100c48bffff,3807737497,467764073,18.3063,0.017591,athlete
89a8100c40bffff,89a8100c48fffff,3807737497,467743522,19.7562,0.000367,athlete
89a8100c40bffff,89a8100c4c3ffff,3807737497,4947385383,18.1459,0.021057,athlete
89a8100c40bffff,89a8100c4c7ffff,3807737497,1467730305,18.3719,0.016262,athlete
89a8100c40bffff,89a8100c4cbffff,3807737497,467842583,16.784,0.062453,athlete
89a8100c40bffff,89a8100c4cfffff,3807737497,467763429,12.9277,0.278081,athlete
89a8100c40bffff,89a8100c4d7ffff,3807737497,9562334166,16.2943,0.082341,athlete
89a8100c40bffff,89a8100c4dbffff,3807737497,6634220130,19.2692,0.003291,athlete
89a8100c40bffff,89a8100c6a3ffff,3807737497,466929753,19.1815,0.004127,athlete
89a8100c40bffff,89a8100c6a7ffff,3807737497,296285598,19.4252,0.002037,athlete
89a8100c40bffff,89a8100c6b3ffff,3807737497,466932573,17.1912,0.04788,athlete
89a8100c40bffff,89a8100c6b7ffff,3807737497,466929739,15.0902,0.141472,athlete
89a8100c40bffff,89a8100f127ffff,3807737497,413363270,17.6684,0.033161,athlete
89a8100c40fffff,89a8100c093ffff,2522075891,296285873,18.3428,0.016845,athlete
89a8100c40fffff,89a8100c09bffff,2522075891,4293923366,17.1839,0.048126,athlete
89a8100c40fffff,89a8100c0d7ffff,2522075891,296284684,16.6222,0.068743,athlete
89a8100c40fffff,89a8100c403ffff,2522075891,467743614,6.6341,0.752211,athlete
89a8100c40fffff,89a8100c40bffff,2522075891,3807737497,9.5195,0.537703,athlete
89a8100c40fffff,89a8100c40fffff,2522075891,2522075891,1.0431,0.993304,athlete
89a8100c40fffff,89a8100c413ffff,2522075891,466938077,12.5978,0.301584,athlete
89a8100c40fffff,89a8100c417ffff,2522075891,467743606,11.391,0.391621,athlete
89a8100c40fffff,89a8100c41bffff,2522075891,467763633,13.41,0.244804,athlete
89a8100c40fffff,89a8100c423ffff,2522075891,12915366285,16.9916,0.054796,athlete
89a8100c40fffff,89a8100c42bffff,2522075891,12943884579,12.1088,0.337387,athlete
89a8100c40fffff,89a8100c42fffff,2522075891,2522075760,19.1253,0.004713,athlete
89a8100c40fffff,89a8100c433ffff,2522075891,12832662172,18.458,0.014595,athlete
89a8100c40fffff,89a8100c43bffff,2522075891,12826024589,16.4043,0.077655,athlete
89a8100c40fffff,89a8100c443ffff,2522075891,4947151527,16.7102,0.065287,athlete
89a8100c40fffff,89a8100c447ffff,2522075891,3472333400,12.5743,0.303284,athlete
89a8100c40fffff,89a8100c44bffff,2522075891,466938136,19.641,0.000795,athlete
89a8100c40fffff,89a8100c44fffff,2522075891,467820676,16.0871,0.091508,athlete
89a8100c40fffff,89a8100c453ffff,2522075891,467820559,19.286,0.003142,athlete
89a8100c40fffff,89a8100c457ffff,2522075891,467820599,16.4814,0.074445,athlete
89a8100c40fffff,89a8100c463ffff,2522075891,466929967,12.2579,0.326361,athlete
89a8100c40fffff,89a8100c467ffff,2522075891,296285901,12.4098,0.31522,athlete
89a8100c40fffff,89a8100c46bffff,2522075891,12505529937,18.1359,0.021283,athlete
89a8100c40fffff,89a8100c46fffff,2522075891,4849813871,14.1221,0.198403,athlete
89a8100c40fffff,89a8100c473ffff,2522075891,466938137,9.2296,0.560358,athlete
89a8100c40fffff,89a8100c477ffff,2522075891,12572862106,7.3854,0.699625,athlete
89a8100c40fffff,89a8100c47bffff,2522075891,466930008,14.5538,0.172075,athlete
89a8100c40fffff,89a8100c48bffff,2522075891,467764073,16.6218,0.068762,athlete
89a8100c40fffff,89a8100c48fffff,2522075891,467743522,17.0502,0.052721,athlete
89a8100c40fffff,89a8100c4bbffff,2522075891,387095725,18.8152,0.008634,athlete
89a8100c40fffff,89a8100c4cfffff,2522075891,467763429,19.2396,0.003563,athlete
89a8100c40fffff,89a8100c6b7ffff,2522075891,466929739,19.3441,0.002651,athlete
89a8100c413ffff,89a8100c403ffff,466938077,467743614,3.9363,0.90743,athlete
89a8100c413ffff,89a8100c40bffff,466938077,3807737497,14.0178,0.204978,athlete
89a8100c413ffff,89a8100c40fffff,466938077,2522075891,8.9432,0.582623,athlete
89a8100c413ffff,89a8100c413ffff,466938077,466938077,0.972,0.994183,athlete
89a8100c413ffff,89a8100c417ffff,466938077,467743606,6.9472,0.73068,athlete
89a8100c413ffff,89a8100c41bffff,466938077,467763633,11.2317,0.403866,athlete
89a8100c413ffff,89a8100c42bffff,466938077,12943884579,18.8395,0.008285,athlete
89a8100c413ffff,89a8100c443ffff,466938077,4947151527,17.8121,0.029237,athlete
89a8100c413ffff,89a8100c447ffff,466938077,3472333400,17.4045,0.040981,athlete
89a8100c413ffff,89a8100c453ffff,466938077,467820559,17.1831,0.048153,athlete
89a8100c413ffff,89a8100c457ffff,466938077,467820599,14.3031,0.187189,athlete
89a8100c413ffff,89a8100c463ffff,466938077,466929967,17.8081,0.029346,athlete
89a8100c413ffff,89a8100c467ffff,466938077,296285901,19.1405,0.00455,athlete
89a8100c413ffff,89a8100c473ffff,466938077,466938137,14.6617,0.165722,athlete
89a8100c413ffff,89a8100c477ffff,466938077,12572862106,14.1161,0.19878,athlete
89a8100c413ffff,89a8100c47bffff,466938077,466930008,19.786,0.000283,athlete
89a8100c413ffff,89a8100c483ffff,466938077,9091230323,12.2483,0.327065,athlete
89a8100c413ffff,89a8100c487ffff,466938077,8943221347,11.6603,0.371075,athlete
89a8100c413ffff,89a8100c48bffff,466938077,467764073,4.9959,0.853778,athlete
89a8100c413ffff,89a8100c48fffff,466938077,467743522,5.4244,0.829218,athlete
89a8100c413ffff,89a8100c493ffff,466938077,9089875466,15.8475,0.102646,athlete
89a8100c413ffff,89a8100c497ffff,466938077,9532442497,15.3494,0.127586,athlete
89a8100c413ffff,89a8100c49bffff,466938077,9562434245,11.4376,0.388049,athlete
89a8100c413ffff,89a8100c4a3ffff,466938077,12904007453,18.1323,0.021363,athlete
89a8100c413ffff,89a8100c4bbffff,466938077,387095725,12.0077,0.344914,athlete
89a8100c413ffff,89a8100c4c3ffff,466938077,4947385383,17.3291,0.043363,athlete
89a8100c413ffff,89a8100c4cfffff,466938077,467763429,17.0132,0.054028,athlete
89a8100c413ffff,89a8100c4d3ffff,466938077,9562600840,19.7524,0.000378,athlete
89a8100c413ffff,89a8100c4d7ffff,466938077,9562334166,12.0132,0.344504,athlete
89a8100c413ffff,89a8100e22fffff,466938077,9085206286,18.8283,0.008445,athlete
89a8100c413ffff,89a8100e267ffff,466938077,9560548910,16.6052,0.069422,athlete
89a8100c413ffff,89a8100e26bffff,466938077,9528567209,18.2539,0.018688,athlete
89a8100c413ffff,89a8100e26fffff,466938077,9562570594,17.281,0.044914,athlete
89a8100c413ffff,89a8100e34bffff,466938077,389063239,16.3606,0.079504,athlete
89a8100c413ffff,89a8100e34fffff,466938077,12334906522,19.6235,0.000874,athlete
89a8100c417ffff,89a8100c403ffff,467743606,467743614,4.0525,0.902071,athlete
89a8100c417ffff,89a8100c40bffff,467743606,3807737497,15.0919,0.141378,athlete
89a8100c417ffff,89a8100c40fffff,467743606,2522075891,9.0594,0.573607,athlete
89a8100c417ffff,89a8100c413ffff,467743606,466938077,9.4454,0.543502,athlete
89a8100c417ffff,89a8100c417ffff,467743606,467743606,0.6299,0.997554,athlete
89a8100c417ffff,89a8100c41bffff,467743606,467763633,13.342,0.24941,athlete
89a8100c417ffff,89a8100c42bffff,467743606,12943884579,18.9557,0.006712,athlete
89a8100c417ffff,89a8100c443ffff,467743606,4947151527,19.9225,3.7e-05,athlete
89a8100c417ffff,89a8100c447ffff,467743606,3472333400,18.1467,0.021038,athlete
89a8100c417ffff,89a8100c453ffff,467743606,467820559,19.2934,0.003076,athlete
89a8100c417ffff,89a8100c457ffff,467743606,467820599,16.4134,0.077272,athlete
89a8100c417ffff,89a8100c463ffff,467743606,466929967,18.5502,0.01291,athlete
89a8100c417ffff,89a8100c467ffff,467743606,296285901,19.2567,0.003404,athlete
89a8100c417ffff,89a8100c473ffff,467743606,466938137,15.4039,0.124742,athlete
89a8100c417ffff,89a8100c477ffff,467743606,12572862106,14.2323,0.191545,athlete
89a8100c417ffff,89a8100c483ffff,467743606,9091230323,17.9944,0.024609,athlete
89a8100c417ffff,89a8100c487ffff,467743606,8943221347,14.3846,0.182219,athlete
89a8100c417ffff,89a8100c48bffff,467743606,467764073,13.4694,0.240806,athlete
89a8100c417ffff,89a8100c48fffff,467743606,467743522,12.5133,0.307695,athlete
89a8100c417ffff,89a8100c497ffff,467743606,9532442497,19.793,0.000264,athlete
89a8100c417ffff,89a8100c49bffff,467743606,9562434245,19.911,4.9e-05,athlete
89a8100c417ffff,89a8100c4a3ffff,467743606,12904007453,14.9921,0.146885,athlete
89a8100c417ffff,89a8100c4abffff,467743606,5049652087,17.1789,0.048295,athlete
89a8100c417ffff,89a8100c4b7ffff,467743606,387095770,19.0848,0.005157,athlete
89a8100c417ffff,89a8100c4bbffff,467743606,387095725,8.5616,0.612012,athlete
89a8100c417ffff,89a8100c4cfffff,467743606,467763429,19.1716,0.004227,athlete
89a8100c417ffff,89a8100e34bffff,467743606,389063239,17.7218,0.031677,athlete
89a8100c417ffff,89a8100e34fffff,467743606,12334906522,16.4832,0.074369,athlete
89a8100c41bffff,89a8100c0d3ffff,467763633,296284761,18.7896,0.00901,athlete
89a8100c41bffff,89a8100c403ffff,467763633,467743614,7.1962,0.713162,athlete
89a8100c41bffff,89a8100c40bffff,467763633,3807737497,5.7497,0.809563,athlete
89a8100c41bffff,89a8100c40fffff,467763633,2522075891,10.0407,0.496803,athlete
89a8100c41bffff,89a8100c413ffff,467763633,466938077,11.2919,0.399231,athlete
89a8100c41bffff,89a8100c417ffff,467763633,467743606,11.132,0.411564,athlete
89a8100c41bffff,89a8100c41bffff,467763633,467763633,0.8234,0.995824,athlete
89a8100c41bffff,89a8100c42bffff,467763633,12943884579,19.8411,0.000156,athlete
89a8100c41bffff,89a8100c443ffff,467763633,4947151527,8.623,0.607306,athlete
89a8100c41bffff,89a8100c447ffff,467763633,3472333400,8.279,0.633529,athlete
89a8100c41bffff,89a8100c44bffff,467763633,466938136,12.9778,0.274562,athlete
89a8100c41bffff,89a8100c44fffff,467763633,467820676,12.107,0.337523,athlete
89a8100c41bffff,89a8100c453ffff,467763633,467820559,6.7748,0.742608,athlete
89a8100c41bffff,89a8100c457ffff,467763633,467820599,5.114,0.847167,athlete
89a8100c41bffff,89a8100c45bffff,467763633,467820516,13.311,0.251518,athlete
89a8100c41bffff,89a8100c463ffff,467763633,466929967,14.0311,0.204138,athlete
89a8100c41bffff,89a8100c467ffff,467763633,296285901,19.8675,0.000108,athlete
89a8100c41bffff,89a8100c46bffff,467763633,12505529937,15.9387,0.098338,athlete
89a8100c41bffff,89a8100c46fffff,467763633,4849813871,18.2417,0.01895,athlete
89a8100c41bffff,89a8100c473ffff,467763633,466938137,9.567,0.533979,athlete
89a8100c41bffff,89a8100c477ffff,467763633,12572862106,15.1177,0.139969,athlete
89a8100c41bffff,89a8100c47bffff,467763633,466930008,10.6604,0.448225,athlete
89a8100c41bffff,89a8100c483ffff,467763633,9091230323,17.2039,0.047456,athlete
89a8100c41bffff,89a8100c48bffff,467763633,467764073,12.2956,0.323586,athlete
89a8100c41bffff,89a8100c48fffff,467763633,467743522,15.7442,0.107622,athlete
89a8100c41bffff,89a8100c493ffff,467763633,9089875466,19.6741,0.000655,athlete
89a8100c41bffff,89a8100c49bffff,467763633,9562434245,14.1225,0.198381,athlete
89a8100c41bffff,89a8100c4bbffff,467763633,387095725,17.5092,0.037783,athlete
89a8100c41bffff,89a8100c4c3ffff,467763633,4947385383,11.9937,0.345964,athlete
89a8100c41bffff,89a8100c4c7ffff,467763633,1467730305,12.2197,0.329173,athlete
89a8100c41bffff,89a8100c4cbffff,467763633,467842583,10.6318,0.450458,athlete
89a8100c41bffff,89a8100c4cfffff,467763633,467763429,6.7755,0.742562,athlete
89a8100c41bffff,89a8100c4d7ffff,467763633,9562334166,10.1421,0.488837,athlete
89a8100c41bffff,89a8100c4dbffff,467763633,6634220130,13.117,0.264856,athlete
89a8100c41bffff,89a8100c6a3ffff,467763633,466929753,19.4553,0.001829,athlete
89a8100c41bffff,89a8100c6a7ffff,467763633,296285598,19.699,0.000559,athlete
89a8100c41bffff,89a8100c6b3ffff,467763633,466932573,17.465,0.039119,athlete
89a8100c41bffff,89a8100c6b7ffff,467763633,466929739,15.364,0.126821,athlete
89a8100c41bffff,89a8100e267ffff,467763633,9560548910,19.2901,0.003106,athlete
89a8100c41bffff,89a8100e26fffff,467763633,9562570594,19.9659,7e-06,athlete
89a8100c41bffff,89a8100f127ffff,467763633,413363270,12.6751,0.296026,athlete
89a8100c41bffff,89a8100f137ffff,467763633,413363599,15.1368,0.138931,athlete
89a8100c41bffff,89a8100f1a7ffff,467763633,8941348148,17.9947,0.024601,athlete
89a8100c423ffff,89a8100c093ffff,12915366285,296285873,18.5145,0.01355,athlete
89a8100c423ffff,89a8100c09bffff,12915366285,4293923366,17.3556,0.042517,athlete
89a8100c423ffff,89a8100c0d7ffff,12915366285,296284684,16.7939,0.062076,athlete
89a8100c423ffff,89a8100c407ffff,12915366285,12882374109,11.4848,0.384439,athlete
89a8100c423ffff,89a8100c40fffff,12915366285,2522075891,16.8265,0.060849,athlete
89a8100c423ffff,89a8100c423ffff,12915366285,12915366285,1.5292,0.985644,athlete
89a8100c423ffff,89a8100c427ffff,12915366285,12986505496,14.2978,0.187514,athlete
89a8100c423ffff,89a8100c42bffff,12915366285,12943884579,8.2957,0.632262,athlete
89a8100c423ffff,89a8100c42fffff,12915366285,2522075760,13.7604,0.221538,athlete
89a8100c423ffff,89a8100c433ffff,12915366285,12832662172,7.3744,0.700417,athlete
89a8100c423ffff,89a8100c437ffff,12915366285,12941702505,10.249,0.480447,athlete
89a8100c423ffff,89a8100c43bffff,12915366285,12826024589,8.2687,0.634308,athlete
89a8100c423ffff,89a8100c463ffff,12915366285,466929967,16.6294,0.068457,athlete
89a8100c423ffff,89a8100c467ffff,12915366285,296285901,12.5816,0.302756,athlete
89a8100c423ffff,89a8100c46fffff,12915366285,4849813871,15.7764,0.10606,athlete
89a8100c423ffff,89a8100c477ffff,12915366285,12572862106,14.6618,0.165718,athlete
89a8100c423ffff,89a8100c4a3ffff,12915366285,12904007453,17.3501,0.042692,athlete
89a8100c423ffff,89a8100c4abffff,12915366285,5049652087,14.422,0.179958,athlete
89a8100c423ffff,89a8100c4afffff,12915366285,12996381317,12.9883,0.273822,athlete
89a8100c423ffff,89a8100c5cbffff,12915366285,13037844868,19.5541,0.001226,athlete
89a8100c423ffff,89a8100c5dbffff,12915366285,12535296158,18.7349,0.009841,athlete
89a8100c427ffff,89a8100c083ffff,12986505496,10879607506,12.4958,0.30896,athlete
89a8100c427ffff,89a8100c087ffff,12986505496,6359582195,13.7749,0.22059,athlete
89a8100c427ffff,89a8100c08fffff,12986505496,12501696631,14.9384,0.149886,athlete
89a8100c427ffff,89a8100c093ffff,12986505496,296285873,14.6187,0.168245,athlete
89a8100c427ffff,89a8100c097ffff,12986505496,459335450,8.4837,0.617968,athlete
89a8100c427ffff,89a8100c09bffff,12986505496,4293923366,19.2854,0.003147,athlete
89a8100c427ffff,89a8100c0b3ffff,12986505496,4293906838,14.6699,0.165245,athlete
89a8100c427ffff,89a8100c423ffff,12986505496,12915366285,11.9574,0.34868,athlete
89a8100c427ffff,89a8100c427ffff,12986505496,12986505496,0.4153,0.998936,athlete
89a8100c427ffff,89a8100c42bffff,12986505496,12943884579,18.5699,0.012562,athlete
89a8100c427ffff,89a8100c433ffff,12986505496,12832662172,17.6486,0.033719,athlete
89a8100c427ffff,89a8100c437ffff,12986505496,12941702505,9.1765,0.564497,athlete
89a8100c427ffff,89a8100c43bffff,12986505496,12826024589,18.5429,0.013039,athlete
89a8100c427ffff,89a8100c4a3ffff,12986505496,12904007453,17.5466,0.036671,athlete
89a8100c427ffff,89a8100c4a7ffff,12986505496,12889670101,16.9024,0.058027,athlete
89a8100c427ffff,89a8100c4abffff,12986505496,5049652087,18.9113,0.007294,athlete
89a8100c427ffff,89a8100c4afffff,12986505496,12996381317,12.3939,0.316382,athlete
89a8100c427ffff,89a8100c51bffff,12986505496,12586078227,19.557,0.00121,athlete
89a8100c427ffff,89a8100c543ffff,12986505496,7721333437,17.8972,0.02703,athlete
89a8100c427ffff,89a8100c547ffff,12986505496,12703971545,19.9589,1e-05,athlete
89a8100c427ffff,89a8100c54bffff,12986505496,8944143746,10.8562,0.432957,athlete
89a8100c427ffff,89a8100c553ffff,12986505496,12227887010,13.6679,0.227597,athlete
89a8100c427ffff,89a8100c557ffff,12986505496,12697580224,16.3179,0.081326,athlete
89a8100c427ffff,89a8100c55bffff,12986505496,12697580033,11.3882,0.391832,athlete
89a8100c427ffff,89a8100c5c3ffff,12986505496,303868171,16.327,0.080934,athlete
89a8100c427ffff,89a8100c5c7ffff,12986505496,2816708327,19.5005,0.001538,athlete
89a8100c427ffff,89a8100c5cbffff,12986505496,13037844868,11.7631,0.363292,athlete
89a8100c427ffff,89a8100c5cfffff,12986505496,2687705140,15.4581,0.12194,athlete
89a8100c427ffff,89a8100c5d3ffff,12986505496,1097971350,16.8137,0.061331,athlete
89a8100c427ffff,89a8100c5d7ffff,12986505496,303867318,19.464,0.001771,athlete
89a8100c427ffff,89a8100c5dbffff,12986505496,12535296158,13.9121,0.211721,athlete
89a8100c42bffff,89a8100c083ffff,12943884579,10879607506,16.9233,0.057264,athlete
89a8100c42bffff,89a8100c08fffff,12943884579,12501696631,19.4583,0.001809,athlete
89a8100c42bffff,89a8100c093ffff,12943884579,296285873,13.6032,0.231876,athlete
89a8100c42bffff,89a8100c09bffff,12943884579,4293923366,12.4443,0.312707,athlete
89a8100c42bffff,89a8100c0d3ffff,12943884579,296284761,17.9264,0.026289,athlete
89a8100c42bffff,89a8100c0d7ffff,12943884579,296284684,11.8826,0.354287,athlete
89a8100c42bffff,89a8100c403ffff,12943884579,467743614,16.3368,0.080518,athlete
89a8100c42bffff,89a8100c407ffff,12943884579,12882374109,14.5235,0.173875,athlete
89a8100c42bffff,89a8100c40bffff,12943884579,3807737497,18.4943,0.013919,athlete
89a8100c42bffff,89a8100c40fffff,12943884579,2522075891,11.9151,0.351845,athlete
89a8100c42bffff,89a8100c423ffff,12943884579,12915366285,8.6854,0.602516,athlete
89a8100c42bffff,89a8100c42bffff,12943884579,12943884579,0.8597,0.995448,athlete
89a8100c42bffff,89a8100c42fffff,12943884579,2522075760,8.2117,0.638611,athlete
89a8100c42bffff,89a8100c433ffff,12943884579,12832662172,12.0274,0.343446,athlete
89a8100c42bffff,89a8100c437ffff,12943884579,12941702505,17.2513,0.045886,athlete
89a8100c42bffff,89a8100c43bffff,12943884579,12826024589,10.9287,0.427319,athlete
89a8100c42bffff,89a8100c463ffff,12943884579,466929967,11.7181,0.366695,athlete
89a8100c42bffff,89a8100c467ffff,12943884579,296285901,7.6702,0.678924,athlete
89a8100c42bffff,89a8100c46bffff,12943884579,12505529937,17.3106,0.043958,athlete
89a8100c42bffff,89a8100c46fffff,12943884579,4849813871,10.8651,0.432265,athlete
89a8100c42bffff,89a8100c473ffff,12943884579,466938137,16.6009,0.069593,athlete
89a8100c42bffff,89a8100c477ffff,12943884579,12572862106,9.7505,0.519593,athlete
89a8100c42bffff,89a8100c47bffff,12943884579,466930008,18.8074,0.008748,athlete
89a8100c42bffff,89a8100c4abffff,12943884579,5049652087,19.3217,0.002836,athlete
89a8100c42bffff,89a8100c4afffff,12943884579,12996381317,19.8866,7.9e-05,athlete
89a8100c42bffff,89a8100c6b7ffff,12943884579,466929739,19.7355,0.000431,athlete
89a8100c42fffff,89a8100c093ffff,2522075760,296285873,17.7134,0.031907,athlete
89a8100c42fffff,89a8100c09bffff,2522075760,4293923366,16.5545,0.071458,athlete
89a8100c42fffff,89a8100c0d7ffff,2522075760,296284684,15.9928,0.095823,athlete
89a8100c42fffff,89a8100c407ffff,2522075760,12882374109,16.4881,0.074167,athlete
89a8100c42fffff,89a8100c40fffff,2522075760,2522075891,16.0254,0.094324,athlete
89a8100c42fffff,89a8100c423ffff,2522075760,12915366285,10.6501,0.449033,athlete
89a8100c42fffff,89a8100c42bffff,2522075760,12943884579,5.4647,0.82683,athlete
89a8100c42fffff,89a8100c42fffff,2522075760,2522075760,1.6504,0.983291,athlete
89a8100c42fffff,89a8100c433ffff,2522075760,12832662172,13.9921,0.206612,athlete
89a8100c42fffff,89a8100c437ffff,2522075760,12941702505,19.216,0.003787,athlete
89a8100c42fffff,89a8100c43bffff,2522075760,12826024589,13.0139,0.272033,athlete
89a8100c42fffff,89a8100c463ffff,2522075760,466929967,15.8283,0.103564,athlete
89a8100c42fffff,89a8100c467ffff,2522075760,296285901,11.7804,0.36198,athlete
89a8100c42fffff,89a8100c46fffff,2522075760,4849813871,14.9753,0.14782,athlete
89a8100c42fffff,89a8100c477ffff,2522075760,12572862106,13.8607,0.215028,athlete
89a8100c433ffff,89a8100c093ffff,12832662172,296285873,18.5268,0.013328,athlete
89a8100c433ffff,89a8100c09bffff,12832662172,4293923366,17.3679,0.042128,athlete
89a8100c433ffff,89a8100c0d7ffff,12832662172,296284684,16.8062,0.061611,athlete
89a8100c433ffff,89a8100c407ffff,12832662172,12882374109,8.6534,0.604976,athlete
89a8100c433ffff,89a8100c40fffff,12832662172,2522075891,16.7791,0.062641,athlete
89a8100c433ffff,89a8100c417ffff,12832662172,467743606,19.7655,0.000339,athlete
89a8100c433ffff,89a8100c423ffff,12832662172,12915366285,5.0664,0.849846,athlete
89a8100c433ffff,89a8100c427ffff,12832662172,12986505496,17.6811,0.032805,athlete
89a8100c433ffff,89a8100c42bffff,12832662172,12943884579,9.3793,0.548671,athlete
89a8100c433ffff,89a8100c42fffff,12832662172,2522075760,14.844,0.155217,athlete
89a8100c433ffff,89a8100c433ffff,12832662172,12832662172,0.7825,0.996228,athlete
89a8100c433ffff,89a8100c437ffff,12832662172,12941702505,13.6323,0.229948,athlete
89a8100c433ffff,89a8100c43bffff,12832662172,12826024589,6.8067,0.740413,athlete
89a8100c433ffff,89a8100c463ffff,12832662172,466929967,16.6417,0.06797,athlete
89a8100c433ffff,89a8100c467ffff,12832662172,296285901,12.5939,0.301869,athlete
89a8100c433ffff,89a8100c46fffff,12832662172,4849813871,15.7887,0.105466,athlete
89a8100c433ffff,89a8100c477ffff,12832662172,12572862106,14.6144,0.168495,athlete
89a8100c433ffff,89a8100c487ffff,12832662172,8943221347,18.8194,0.008573,athlete
89a8100c433ffff,89a8100c4a3ffff,12832662172,12904007453,11.4121,0.389999,athlete
89a8100c433ffff,89a8100c4a7ffff,12832662172,12889670101,16.1313,0.089518,athlete
89a8100c433ffff,89a8100c4abffff,12832662172,5049652087,8.0767,0.648766,athlete
89a8100c433ffff,89a8100c4afffff,12832662172,12996381317,9.5252,0.537253,athlete
89a8100c433ffff,89a8100c4b3ffff,12832662172,8943221351,17.838,0.028558,athlete
89a8100c433ffff,89a8100c4b7ffff,12832662172,387095770,15.3303,0.128589,athlete
89a8100c433ffff,89a8100c4bbffff,12832662172,387095725,15.1934,0.135871,athlete
89a8100c433ffff,89a8100c5dbffff,12832662172,12535296158,16.9854,0.05502,athlete
89a8100c433ffff,89a8100e34fffff,12832662172,12334906522,19.5646,0.001169,athlete
89a8100c437ffff,89a8100c083ffff,12941702505,10879607506,19.8793,9e-05,athlete
89a8100c437ffff,89a8100c097ffff,12941702505,459335450,15.8672,0.101711,athlete
89a8100c437ffff,89a8100c407ffff,12941702505,12882374109,14.9137,0.151273,athlete
89a8100c437ffff,89a8100c423ffff,12941702505,12915366285,6.2521,0.777647,athlete
89a8100c437ffff,89a8100c427ffff,12941702505,12986505496,7.7988,0.669458,athlete
89a8100c437ffff,89a8100c42bffff,12941702505,12943884579,12.8647,0.282523,athlete
89a8100c437ffff,89a8100c42fffff,12941702505,2522075760,18.3294,0.017118,athlete
89a8100c437ffff,89a8100c433ffff,12941702505,12832662172,10.4504,0.464658,athlete
89a8100c437ffff,89a8100c437ffff,12941702505,12941702505,1.318,0.989323,athlete
89a8100c437ffff,89a8100c43bffff,12941702505,12826024589,12.8377,0.284437,athlete
89a8100c437ffff,89a8100c467ffff,12941702505,296285901,17.1506,0.049254,athlete
89a8100c437ffff,89a8100c477ffff,12941702505,12572862106,19.2308,0.003645,athlete
89a8100c437ffff,89a8100c4a3ffff,12941702505,12904007453,13.3501,0.248862,athlete
89a8100c437ffff,89a8100c4a7ffff,12941702505,12889670101,12.7059,0.293822,athlete
89a8100c437ffff,89a8100c4abffff,12941702505,5049652087,11.536,0.380528,athlete
89a8100c437ffff,89a8100c4afffff,12941702505,12996381317,8.1911,0.640165,athlete
89a8100c437ffff,89a8100c4b3ffff,12941702505,8943221351,19.5506,0.001245,athlete
89a8100c437ffff,89a8100c4b7ffff,12941702505,387095770,16.8649,0.059416,athlete
89a8100c437ffff,89a8100c4bbffff,12941702505,387095725,17.2008,0.04756,athlete
89a8100c437ffff,89a8100c543ffff,12941702505,7721333437,19.1892,0.00405,athlete
89a8100c437ffff,89a8100c54bffff,12941702505,8944143746,18.2397,0.018993,athlete
89a8100c437ffff,89a8100c553ffff,12941702505,12227887010,14.9599,0.148678,athlete
89a8100c437ffff,89a8100c557ffff,12941702505,12697580224,17.6099,0.034825,athlete
89a8100c437ffff,89a8100c55bffff,12941702505,12697580033,18.3983,0.015742,athlete
89a8100c437ffff,89a8100c5c3ffff,12941702505,303868171,16.4262,0.076736,athlete
89a8100c437ffff,89a8100c5cbffff,12941702505,13037844868,13.0551,0.269159,athlete
89a8100c437ffff,89a8100c5cfffff,12941702505,2687705140,16.7502,0.063746,athlete
89a8100c437ffff,89a8100c5d3ffff,12941702505,1097971350,14.4737,0.176848,athlete
89a8100c437ffff,89a8100c5d7ffff,12941702505,303867318,19.5632,0.001176,athlete
89a8100c437ffff,89a8100c5dbffff,12941702505,12535296158,10.124,0.490263,athlete
89a8100c437ffff,89a8100e363ffff,12941702505,388512103,19.8859,8e-05,athlete
89a8100c437ffff,89a8100e36bffff,12941702505,389063054,16.4893,0.07412,athlete
89a8100c437ffff,89a8100e36fffff,12941702505,389063008,16.6943,0.065907,athlete
89a8100c43bffff,89a8100c093ffff,12826024589,296285873,17.5164,0.03757,athlete
89a8100c43bffff,89a8100c09bffff,12826024589,4293923366,16.3575,0.079635,athlete
89a8100c43bffff,89a8100c0d7ffff,12826024589,296284684,15.7958,0.105126,athlete
89a8100c43bffff,89a8100c403ffff,12826024589,467743614,19.8077,0.000228,athlete
89a8100c43bffff,89a8100c407ffff,12826024589,12882374109,7.1366,0.717384,athlete
89a8100c43bffff,89a8100c40fffff,12826024589,2522075891,15.3861,0.125669,athlete
89a8100c43bffff,89a8100c423ffff,12826024589,12915366285,6.9747,0.728767,athlete
89a8100c43bffff,89a8100c427ffff,12826024589,12986505496,19.5893,0.00104,athlete
89a8100c43bffff,89a8100c42bffff,12826024589,12943884579,9.7063,0.52306,athlete
89a8100c43bffff,89a8100c42fffff,12826024589,2522075760,15.171,0.137081,athlete
89a8100c43bffff,89a8100c433ffff,12826024589,12832662172,8.1873,0.640454,athlete
89a8100c43bffff,89a8100c437ffff,12826024589,12941702505,15.5406,0.117736,athlete
89a8100c43bffff,89a8100c43bffff,12826024589,12826024589,1.2496,0.9904,athlete
89a8100c43bffff,89a8100c463ffff,12826024589,466929967,15.6313,0.113184,athlete
89a8100c43bffff,89a8100c467ffff,12826024589,296285901,11.5834,0.376919,athlete
89a8100c43bffff,89a8100c46fffff,12826024589,4849813871,14.7783,0.158973,athlete
89a8100c43bffff,89a8100c477ffff,12826024589,12572862106,13.2214,0.25765,athlete
89a8100c43bffff,89a8100c4a3ffff,12826024589,12904007453,16.1056,0.090671,athlete
89a8100c43bffff,89a8100c4abffff,12826024589,5049652087,12.64,0.298545,athlete
89a8100c43bffff,89a8100c4afffff,12826024589,12996381317,14.4771,0.176644,athlete
89a8100c43bffff,89a8100c4bbffff,12826024589,387095725,19.784,0.000288,athlete
89a8100c443ffff,89a8100c0d3ffff,4947151527,296284761,19.1428,0.004526,athlete
89a8100c443ffff,89a8100c403ffff,4947151527,467743614,16.8143,0.061308,athlete
89a8100c443ffff,89a8100c40bffff,4947151527,3807737497,10.0195,0.498471,athlete
89a8100c443ffff,89a8100c40fffff,4947151527,2522075891,15.6899,0.110283,athlete
89a8100c443ffff,89a8100c41bffff,4947151527,467763633,11.6318,0.373239,athlete
89a8100c443ffff,89a8100c443ffff,4947151527,4947151527,0.4375,0.99882,athlete
89a8100c443ffff,89a8100c447ffff,4947151527,3472333400,7.1815,0.714202,athlete
89a8100c443ffff,89a8100c44bffff,4947151527,466938136,4.7923,0.8649,athlete
89a8100c443ffff,89a8100c44fffff,4947151527,467820676,5.7254,0.81106,athlete
89a8100c443ffff,89a8100c453ffff,4947151527,467820559,7.4623,0.694072,athlete
89a8100c443ffff,89a8100c457ffff,4947151527,467820599,6.8316,0.738699,athlete
89a8100c443ffff,89a8100c45bffff,4947151527,467820516,5.7198,0.811408,athlete
89a8100c443ffff,89a8100c463ffff,4947151527,466929967,15.6534,0.112085,athlete
89a8100c443ffff,89a8100c46bffff,4947151527,12505529937,15.4996,0.119819,athlete
89a8100c443ffff,89a8100c46fffff,4947151527,4849813871,19.864,0.000114,athlete
89a8100c443ffff,89a8100c473ffff,4947151527,466938137,12.6213,0.299894,athlete
89a8100c443ffff,89a8100c47bffff,4947151527,466930008,10.7873,0.438322,athlete
89a8100c443ffff,89a8100c4c3ffff,4947151527,4947385383,18.552,0.012878,athlete
89a8100c443ffff,89a8100c4c7ffff,4947151527,1467730305,18.7781,0.009182,athlete
89a8100c443ffff,89a8100c4cbffff,4947151527,467842583,13.8487,0.215804,athlete
89a8100c443ffff,89a8100c4cfffff,4947151527,467763429,12.5179,0.307362,athlete
89a8100c443ffff,89a8100c4dbffff,4947151527,6634220130,14.821,0.156525,athlete
89a8100c443ffff,89a8100c6a3ffff,4947151527,466929753,13.0738,0.267859,athlete
89a8100c443ffff,89a8100c6a7ffff,4947151527,296285598,14.6608,0.16578,athlete
89a8100c443ffff,89a8100c6afffff,4947151527,1448778106,18.145,0.021075,athlete
89a8100c443ffff,89a8100c6b3ffff,4947151527,466932573,11.0835,0.415315,athlete
89a8100c443ffff,89a8100c6b7ffff,4947151527,466929739,10.3258,0.474426,athlete
89a8100c443ffff,89a8100f127ffff,4947151527,413363270,10.9078,0.42894,athlete
89a8100c443ffff,89a8100f137ffff,4947151527,413363599,13.6001,0.23208,athlete
89a8100c443ffff,89a8100f1a7ffff,4947151527,8941348148,19.3938,0.002265,athlete
89a8100c447ffff,89a8100c0c3ffff,3472333400,4293920655,17.2896,0.044635,athlete
89a8100c447ffff,89a8100c0cbffff,3472333400,12487325808,18.4332,0.015066,athlete
89a8100c447ffff,89a8100c0d3ffff,3472333400,296284761,13.8561,0.215324,athlete
89a8100c447ffff,89a8100c0d7ffff,3472333400,296284684,16.6831,0.066343,athlete
89a8100c447ffff,89a8100c0dbffff,3472333400,6769468141,16.2207,0.085546,athlete
89a8100c447ffff,89a8100c403ffff,3472333400,467743614,12.8264,0.285233,athlete
89a8100c447ffff,89a8100c40bffff,3472333400,3807737497,7.1148,0.718928,athlete
89a8100c447ffff,89a8100c40fffff,3472333400,2522075891,9.7393,0.520471,athlete
89a8100c447ffff,89a8100c413ffff,3472333400,466938077,18.0052,0.024345,athlete
89a8100c447ffff,89a8100c417ffff,3472333400,467743606,17.5833,0.035596,athlete
89a8100c447ffff,89a8100c41bffff,3472333400,467763633,8.7271,0.599312,athlete
89a8100c447ffff,89a8100c42bffff,3472333400,12943884579,19.3881,0.002308,athlete
89a8100c447ffff,89a8100c443ffff,3472333400,4947151527,5.2207,0.841086,athlete
89a8100c447ffff,89a8100c447ffff,3472333400,3472333400,0.8598,0.995446,athlete
89a8100c447ffff,89a8100c44bffff,3472333400,466938136,7.9265,0.659985,athlete
89a8100c447ffff,89a8100c44fffff,3472333400,467820676,4.9414,0.856792,athlete
89a8100c447ffff,89a8100c453ffff,3472333400,467820559,7.7964,0.669632,athlete
89a8100c447ffff,89a8100c457ffff,3472333400,467820599,5.3509,0.83354,athlete
89a8100c447ffff,89a8100c45bffff,3472333400,467820516,10.4687,0.463222,athlete
89a8100c447ffff,89a8100c463ffff,3472333400,466929967,9.9169,0.506528,athlete
89a8100c447ffff,89a8100c467ffff,3472333400,296285901,15.7974,0.105046,athlete
89a8100c447ffff,89a8100c46bffff,3472333400,12505529937,10.2129,0.483282,athlete
89a8100c447ffff,89a8100c46fffff,3472333400,4849813871,14.1275,0.198065,athlete
89a8100c447ffff,89a8100c473ffff,3472333400,466938137,6.2996,0.774538,athlete
89a8100c447ffff,89a8100c477ffff,3472333400,12572862106,14.6647,0.16555,athlete
89a8100c447ffff,89a8100c47bffff,3472333400,466930008,4.9346,0.857168,athlete
89a8100c447ffff,89a8100c4c3ffff,3472333400,4947385383,17.3403,0.043005,athlete
89a8100c447ffff,89a8100c4c7ffff,3472333400,1467730305,17.5664,0.036091,athlete
89a8100c447ffff,89a8100c4cbffff,3472333400,467842583,14.1828,0.194616,athlete
89a8100c447ffff,89a8100c4cfffff,3472333400,467763429,11.3062,0.398131,athlete
89a8100c447ffff,89a8100c4d7ffff,3472333400,9562334166,18.0458,0.023372,athlete
89a8100c447ffff,89a8100c4dbffff,3472333400,6634220130,16.2704,0.083376,athlete
89a8100c447ffff,89a8100c6a3ffff,3472333400,466929753,12.2897,0.324016,athlete
89a8100c447ffff,89a8100c6a7ffff,3472333400,296285598,12.5334,0.306236,athlete
89a8100c447ffff,89a8100c6afffff,3472333400,1448778106,17.1031,0.050878,athlete
89a8100c447ffff,89a8100c6b3ffff,3472333400,466932573,10.2995,0.47649,athlete
89a8100c447ffff,89a8100c6b7ffff,3472333400,466929739,8.1984,0.639614,athlete
89a8100c447ffff,89a8100f127ffff,3472333400,413363270,13.6967,0.225704,athlete
89a8100c447ffff,89a8100f137ffff,3472333400,413363599,16.1584,0.088304,athlete
89a8100c44bffff,89a8100c0d3ffff,466938136,296284761,19.5473,0.001264,athlete
89a8100c44bffff,89a8100c40bffff,466938136,3807737497,14.8415,0.155357,athlete
89a8100c44bffff,89a8100c40fffff,466938136,2522075891,18.8782,0.007742,athlete
89a8100c44bffff,89a8100c41bffff,466938136,467763633,16.4538,0.075586,athlete
89a8100c44bffff,89a8100c443ffff,466938136,4947151527,5.2596,0.838848,athlete
89a8100c44bffff,89a8100c447ffff,466938136,3472333400,9.9988,0.500096,athlete
89a8100c44bffff,89a8100c44bffff,466938136,466938136,1.7518,0.98119,athlete
89a8100c44bffff,89a8100c44fffff,466938136,467820676,6.13,0.785574,athlete
89a8100c44bffff,89a8100c453ffff,466938136,467820559,10.8357,0.434554,athlete
89a8100c44bffff,89a8100c457ffff,466938136,467820599,11.6536,0.371579,athlete
89a8100c44bffff,89a8100c45bffff,466938136,467820516,6.1292,0.785622,athlete
89a8100c44bffff,89a8100c463ffff,466938136,466929967,16.0579,0.092835,athlete
89a8100c44bffff,89a8100c46bffff,466938136,12505529937,15.9041,0.099965,athlete
89a8100c44bffff,89a8100c473ffff,466938136,466938137,13.5531,0.235206,athlete
89a8100c44bffff,89a8100c47bffff,466938136,466930008,11.1918,0.406939,athlete
89a8100c44bffff,89a8100c4cbffff,466938136,467842583,15.2869,0.130876,athlete
89a8100c44bffff,89a8100c4cfffff,466938136,467763429,16.7247,0.064725,athlete
89a8100c44bffff,89a8100c4dbffff,466938136,6634220130,15.952,0.09772,athlete
89a8100c44bffff,89a8100c6a3ffff,466938136,466929753,13.4783,0.240206,athlete
89a8100c44bffff,89a8100c6a7ffff,466938136,296285598,15.0653,0.14284,athlete
89a8100c44bffff,89a8100c6afffff,466938136,1448778106,18.5496,0.012921,athlete
89a8100c44bffff,89a8100c6b3ffff,466938136,466932573,11.488,0.384195,athlete
89a8100c44bffff,89a8100c6b7ffff,466938136,466929739,10.7303,0.442769,athlete
89a8100c44bffff,89a8100f127ffff,466938136,413363270,12.0388,0.342596,athlete
89a8100c44bffff,89a8100f137ffff,466938136,413363599,14.7311,0.161693,athlete
89a8100c44fffff,89a8100c0c3ffff,467820676,4293920655,17.4254,0.040333,athlete
89a8100c44fffff,89a8100c0cbffff,467820676,12487325808,17.8985,0.026997,athlete
89a8100c44fffff,89a8100c0d3ffff,467820676,296284761,13.9919,0.206619,athlete
89a8100c44fffff,89a8100c0d7ffff,467820676,296284684,16.8189,0.061132,athlete
89a8100c44fffff,89a8100c0dbffff,467820676,6769468141,14.9044,0.151797,athlete
89a8100c44fffff,89a8100c403ffff,467820676,467743614,16.5973,0.069736,athlete
89a8100c44fffff,89a8100c40bffff,467820676,3807737497,11.492,0.383888,athlete
89a8100c44fffff,89a8100c40fffff,467820676,2522075891,13.5101,0.238072,athlete
89a8100c44fffff,89a8100c41bffff,467820676,467763633,13.6512,0.228698,athlete
89a8100c44fffff,89a8100c443ffff,467820676,4947151527,4.6117,0.874448,athlete
89a8100c44fffff,89a8100c447ffff,467820676,3472333400,5.7935,0.806859,athlete
89a8100c44fffff,89a8100c44bffff,467820676,466938136,4.2632,0.892017,athlete
89a8100c44fffff,89a8100c44fffff,467820676,467820676,0.5746,0.997965,athlete
89a8100c44fffff,89a8100c453ffff,467820676,467820559,10.6749,0.447095,athlete
89a8100c44fffff,89a8100c457ffff,467820676,467820599,8.8998,0.585979,athlete
89a8100c44fffff,89a8100c45bffff,467820676,467820516,8.6406,0.605957,athlete
89a8100c44fffff,89a8100c463ffff,467820676,466929967,10.5025,0.460571,athlete
89a8100c44fffff,89a8100c467ffff,467820676,296285901,16.4993,0.073707,athlete
89a8100c44fffff,89a8100c46bffff,467820676,12505529937,10.3487,0.472624,athlete
89a8100c44fffff,89a8100c46fffff,467820676,4849813871,14.7132,0.162729,athlete
89a8100c44fffff,89a8100c473ffff,467820676,466938137,7.9977,0.654679,athlete
89a8100c44fffff,89a8100c477ffff,467820676,12572862106,16.8754,0.059026,athlete
89a8100c44fffff,89a8100c47bffff,467820676,466930008,5.6365,0.816499,athlete
89a8100c44fffff,89a8100c4cbffff,467820676,467842583,17.0612,0.052334,athlete
89a8100c44fffff,89a8100c4cfffff,467820676,467763429,14.8551,0.154584,athlete
89a8100c44fffff,89a8100c4dbffff,467820676,6634220130,18.4634,0.014495,athlete
89a8100c44fffff,89a8100c6a3ffff,467820676,466929753,7.9229,0.660254,athlete
89a8100c44fffff,89a8100c6a7ffff,467820676,296285598,9.5099,0.538452,athlete
89a8100c44fffff,89a8100c6afffff,467820676,1448778106,12.9942,0.27341,athlete
89a8100c44fffff,89a8100c6b3ffff,467820676,466932573,5.9326,0.798157,athlete
89a8100c44fffff,89a8100c6b7ffff,467820676,466929739,5.1749,0.843706,athlete
89a8100c44fffff,89a8100f127ffff,467820676,413363270,14.5502,0.172288,athlete
89a8100c44fffff,89a8100f137ffff,467820676,413363599,17.2425,0.046176,athlete
89a8100c453ffff,89a8100c403ffff,467820559,467743614,16.5243,0.072686,athlete
89a8100c453ffff,89a8100c40bffff,467820559,3807737497,13.4887,0.239509,athlete
89a8100c453ffff,89a8100c40fffff,467820559,2522075891,19.1591,0.004356,athlete
89a8100c453ffff,89a8100c41bffff,467820559,467763633,10.1515,0.488099,athlete
89a8100c453ffff,89a8100c443ffff,467820559,4947151527,8.1052,0.646629,athlete
89a8100c453ffff,89a8100c447ffff,467820559,3472333400,10.9601,0.424883,athlete
89a8100c453ffff,89a8100c44bffff,467820559,466938136,11.5328,0.380771,athlete
89a8100c453ffff,89a8100c44fffff,467820559,467820676,11.5892,0.37648,athlete
89a8100c453ffff,89a8100c453ffff,467820559,467820559,0.505,0.998428,athlete
89a8100c453ffff,89a8100c457ffff,467820559,467820599,7.9535,0.657975,athlete
89a8100c453ffff,89a8100c45bffff,467820559,467820516,8.166,0.642058,athlete
89a8100c453ffff,89a8100c463ffff,467820559,466929967,19.5497,0.00125,athlete
89a8100c453ffff,89a8100c46bffff,467820559,12505529937,19.3959,0.002249,athlete
89a8100c453ffff,89a8100c473ffff,467820559,466938137,16.3998,0.077844,athlete
89a8100c453ffff,89a8100c47bffff,467820559,466930008,14.6837,0.164444,athlete
89a8100c453ffff,89a8100c4c3ffff,467820559,4947385383,12.3166,0.322041,athlete
89a8100c453ffff,89a8100c4c7ffff,467820559,1467730305,15.2181,0.134546,athlete
89a8100c453ffff,89a8100c4cbffff,467820559,467842583,6.8913,0.734566,athlete
89a8100c453ffff,89a8100c4cfffff,467820559,467763429,8.9579,0.581483,athlete
89a8100c453ffff,89a8100c4d3ffff,467820559,9562600840,19.8187,0.000203,athlete
89a8100c453ffff,89a8100c4d7ffff,467820559,9562334166,18.0402,0.023506,athlete
89a8100c453ffff,89a8100c4dbffff,467820559,6634220130,8.979,0.579848,athlete
89a8100c453ffff,89a8100c6a3ffff,467820559,466929753,18.9375,0.006948,athlete
89a8100c453ffff,89a8100c6a7ffff,467820559,296285598,19.1812,0.00413,athlete
89a8100c453ffff,89a8100c6b3ffff,467820559,466932573,16.9472,0.056395,athlete
89a8100c453ffff,89a8100c6b7ffff,467820559,466929739,14.8462,0.155092,athlete
89a8100c453ffff,89a8100e26bffff,467820559,9528567209,17.5309,0.037138,athlete
89a8100c453ffff,89a8100f127ffff,467820559,413363270,6.4053,0.767564,athlete
89a8100c453ffff,89a8100f137ffff,467820559,413363599,8.867,0.58852,athlete
89a8100c453ffff,89a8100f1a7ffff,467820559,8941348148,13.9772,0.207559,athlete
89a8100c453ffff,89a8100f1afffff,467820559,413363541,19.851,0.000137,athlete
89a8100c453ffff,89a8100f1b7ffff,467820559,1489531937,19.3152,0.00289,athlete
89a8100c457ffff,89a8100c0d3ffff,467820599,296284761,17.5684,0.036032,athlete
89a8100c457ffff,89a8100c0dbffff,467820599,6769468141,19.5293,0.001366,athlete
89a8100c457ffff,89a8100c403ffff,467820599,467743614,11.4232,0.389152,athlete
89a8100c457ffff,89a8100c40bffff,467820599,3807737497,8.0179,0.65317,athlete
89a8100c457ffff,89a8100c40fffff,467820599,2522075891,13.6883,0.226256,athlete
89a8100c457ffff,89a8100c413ffff,467820599,466938077,15.5189,0.118835,athlete
89a8100c457ffff,89a8100c417ffff,467820599,467743606,15.359,0.127083,athlete
89a8100c457ffff,89a8100c41bffff,467820599,467763633,6.2407,0.778392,athlete
89a8100c457ffff,89a8100c443ffff,467820599,4947151527,4.6999,0.869822,athlete
89a8100c457ffff,89a8100c447ffff,467820599,3472333400,5.4893,0.825363,athlete
89a8100c457ffff,89a8100c44bffff,467820599,466938136,9.0546,0.573978,athlete
89a8100c457ffff,89a8100c44fffff,467820599,467820676,8.1838,0.640715,athlete
89a8100c457ffff,89a8100c453ffff,467820599,467820559,5.4419,0.82818,athlete
89a8100c457ffff,89a8100c457ffff,467820599,467820599,1.1908,0.991278,athlete
89a8100c457ffff,89a8100c45bffff,467820599,467820516,9.9821,0.501405,athlete
89a8100c457ffff,89a8100c463ffff,467820599,466929967,14.079,0.201113,athlete
89a8100c457ffff,89a8100c46bffff,467820599,12505529937,13.9251,0.210884,athlete
89a8100c457ffff,89a8100c46fffff,467820599,4849813871,18.2896,0.017937,athlete
89a8100c457ffff,89a8100c473ffff,467820599,466938137,10.929,0.427291,athlete
89a8100c457ffff,89a8100c477ffff,467820599,12572862106,18.6137,0.011807,athlete
89a8100c457ffff,89a8100c47bffff,467820599,466930008,9.2129,0.561661,athlete
89a8100c457ffff,89a8100c48bffff,467820599,467764073,17.5714,0.035943,athlete
89a8100c457ffff,89a8100c48fffff,467820599,467743522,19.9713,5e-06,athlete
89a8100c457ffff,89a8100c49bffff,467820599,9562434245,19.5398,0.001306,athlete
89a8100c457ffff,89a8100c4c3ffff,467820599,4947385383,13.1802,0.260484,athlete
89a8100c457ffff,89a8100c4c7ffff,467820599,1467730305,13.4063,0.245052,athlete
89a8100c457ffff,89a8100c4cbffff,467820599,467842583,11.0025,0.421592,athlete
89a8100c457ffff,89a8100c4cfffff,467820599,467763429,7.1461,0.71671,athlete
89a8100c457ffff,89a8100c4d7ffff,467820599,9562334166,15.5594,0.116782,athlete
89a8100c457ffff,89a8100c4dbffff,467820599,6634220130,13.4876,0.239579,athlete
89a8100c457ffff,89a8100c6a3ffff,467820599,466929753,15.5322,0.118162,athlete
89a8100c457ffff,89a8100c6a7ffff,467820599,296285598,15.7758,0.106089,athlete
89a8100c457ffff,89a8100c6b3ffff,467820599,466932573,13.5419,0.235953,athlete
89a8100c457ffff,89a8100c6b7ffff,467820599,466929739,11.4408,0.387801,athlete
89a8100c457ffff,89a8100f127ffff,467820599,413363270,11.3422,0.395363,athlete
89a8100c457ffff,89a8100f137ffff,467820599,413363599,13.8039,0.218705,athlete
89a8100c457ffff,89a8100f1a7ffff,467820599,8941348148,18.3653,0.016393,athlete
89a8100c45bffff,89a8100c40bffff,467820516,3807737497,17.2573,0.045687,athlete
89a8100c45bffff,89a8100c41bffff,467820516,467763633,17.5106,0.037742,athlete
89a8100c45bffff,89a8100c443ffff,467820516,4947151527,7.6754,0.678544,athlete
89a8100c45bffff,89a8100c447ffff,467820516,3472333400,14.0293,0.204252,athlete
89a8100c45bffff,89a8100c44bffff,467820516,466938136,7.6175,0.68278,athlete
89a8100c45bffff,89a8100c44fffff,467820516,467820676,11.9957,0.345811,athlete
89a8100c45bffff,89a8100c453ffff,467820516,467820559,9.4397,0.543949,athlete
89a8100c45bffff,89a8100c457ffff,467820516,467820599,14.0695,0.201711,athlete
89a8100c45bffff,89a8100c45bffff,467820516,467820516,0.6592,0.997322,athlete
89a8100c45bffff,89a8100c473ffff,467820516,466938137,19.4188,0.002082,athlete
89a8100c45bffff,89a8100c47bffff,467820516,466930008,17.0576,0.052461,athlete
89a8100c45bffff,89a8100c4c3ffff,467820516,4947385383,19.3163,0.002881,athlete
89a8100c45bffff,89a8100c4cbffff,467820516,467842583,13.891,0.213079,athlete
89a8100c45bffff,89a8100c4cfffff,467820516,467763429,16.3169,0.081367,athlete
89a8100c45bffff,89a8100c4dbffff,467820516,6634220130,14.556,0.171944,athlete
89a8100c45bffff,89a8100c6a3ffff,467820516,466929753,19.3441,0.002652,athlete
89a8100c45bffff,89a8100c6b3ffff,467820516,466932573,17.3538,0.042577,athlete
89a8100c45bffff,89a8100c6b7ffff,467820516,466929739,16.5961,0.069787,athlete
89a8100c45bffff,89a8100f127ffff,467820516,413363270,10.6428,0.449598,athlete
89a8100c45bffff,89a8100f137ffff,467820516,413363599,13.3351,0.24988,athlete
89a8100c45bffff,89a8100f1a7ffff,467820516,8941348148,19.1288,0.004674,athlete
89a8100c463ffff,89a8100c083ffff,466929967,10879607506,19.7615,0.000351,athlete
89a8100c463ffff,89a8100c08bffff,466929967,7033857127,17.4354,0.040024,athlete
89a8100c463ffff,89a8100c093ffff,466929967,296285873,16.824,0.060943,athlete
89a8100c463ffff,89a8100c09bffff,466929967,4293923366,12.3337,0.320789,athlete
89a8100c463ffff,89a8100c0c3ffff,466929967,4293920655,12.6833,0.295436,athlete
89a8100c463ffff,89a8100c0c7ffff,466929967,296284589,17.7852,0.029954,athlete
89a8100c463ffff,89a8100c0cbffff,466929967,12487325808,16.8477,0.060054,athlete
89a8100c463ffff,89a8100c0d3ffff,466929967,296284761,9.2499,0.55878,athlete
89a8100c463ffff,89a8100c0d7ffff,466929967,296284684,9.198,0.562824,athlete
89a8100c463ffff,89a8100c0dbffff,466929967,6769468141,16.3305,0.080788,athlete
89a8100c463ffff,89a8100c403ffff,466929967,467743614,15.2543,0.132608,athlete
89a8100c463ffff,89a8100c40bffff,466929967,3807737497,12.1214,0.33645,athlete
89a8100c463ffff,89a8100c40fffff,466929967,2522075891,12.1672,0.33306,athlete
89a8100c463ffff,89a8100c41bffff,466929967,467763633,17.0335,0.05331,athlete
89a8100c463ffff,89a8100c423ffff,466929967,12915366285,17.5582,0.036329,athlete
89a8100c463ffff,89a8100c42bffff,466929967,12943884579,12.6754,0.296003,athlete
89a8100c463ffff,89a8100c42fffff,466929967,2522075760,19.6919,0.000585,athlete
89a8100c463ffff,89a8100c433ffff,466929967,12832662172,19.4436,0.001909,athlete
89a8100c463ffff,89a8100c43bffff,466929967,12826024589,17.3899,0.041439,athlete
89a8100c463ffff,89a8100c443ffff,466929967,4947151527,17.5827,0.035614,athlete
89a8100c463ffff,89a8100c447ffff,466929967,3472333400,13.9907,0.206698,athlete
89a8100c463ffff,89a8100c44bffff,466929967,466938136,17.2654,0.045424,athlete
89a8100c463ffff,89a8100c44fffff,466929967,467820676,13.5768,0.233625,athlete
89a8100c463ffff,89a8100c457ffff,466929967,467820599,17.9256,0.026311,athlete
89a8100c463ffff,89a8100c463ffff,466929967,466929967,0.9536,0.994401,athlete
89a8100c463ffff,89a8100c467ffff,466929967,296285901,8.8092,0.592981,athlete
89a8100c463ffff,89a8100c46bffff,466929967,12505529937,6.8316,0.738701,athlete
89a8100c463ffff,89a8100c46fffff,466929967,4849813871,6.3342,0.772265,athlete
89a8100c463ffff,89a8100c473ffff,466929967,466938137,8.548,0.61305,athlete
89a8100c463ffff,89a8100c477ffff,466929967,12572862106,11.7359,0.365343,athlete
89a8100c463ffff,89a8100c47bffff,466929967,466930008,8.5902,0.609821,athlete
89a8100c463ffff,89a8100c6a3ffff,466929967,466929753,17.9108,0.026683,athlete
89a8100c463ffff,89a8100c6a7ffff,466929967,296285598,13.306,0.251859,athlete
89a8100c463ffff,89a8100c6afffff,466929967,1448778106,17.8757,0.027578,athlete
89a8100c463ffff,89a8100c6b3ffff,466929967,466932573,15.9205,0.099193,athlete
89a8100c463ffff,89a8100c6b7ffff,466929967,466929739,8.971,0.580463,athlete
89a8100c467ffff,89a8100c083ffff,296285901,10879607506,11.6172,0.374346,athlete
89a8100c467ffff,89a8100c087ffff,296285901,6359582195,18.3164,0.017382,athlete
89a8100c467ffff,89a8100c08bffff,296285901,7033857127,14.9281,0.150463,athlete
89a8100c467ffff,89a8100c08fffff,296285901,12501696631,14.0544,0.202661,athlete
89a8100c467ffff,89a8100c093ffff,296285901,296285873,8.7106,0.600578,athlete
89a8100c467ffff,89a8100c097ffff,296285901,459335450,15.2916,0.130628,athlete
89a8100c467ffff,89a8100c09bffff,296285901,4293923366,5.439,0.828351,athlete
89a8100c467ffff,89a8100c0b3ffff,296285901,4293906838,19.3802,0.002368,athlete
89a8100c467ffff,89a8100c0c3ffff,296285901,4293920655,15.4781,0.120916,athlete
89a8100c467ffff,89a8100c0c7ffff,296285901,296284589,15.2779,0.131356,athlete
89a8100c467ffff,89a8100c0cbffff,296285901,12487325808,19.6425,0.000788,athlete
89a8100c467ffff,89a8100c0d3ffff,296285901,296284761,12.7344,0.29178,athlete
89a8100c467ffff,89a8100c0d7ffff,296285901,296284684,6.6906,0.748369,athlete
89a8100c467ffff,89a8100c0dbffff,296285901,6769468141,19.2746,0.003243,athlete
89a8100c467ffff,89a8100c403ffff,296285901,467743614,17.3298,0.043341,athlete
89a8100c467ffff,89a8100c407ffff,296285901,12882374109,17.4753,0.038806,athlete
89a8100c467ffff,89a8100c40bffff,296285901,3807737497,19.3584,0.002537,athlete
89a8100c467ffff,89a8100c40fffff,296285901,2522075891,12.9082,0.279456,athlete
89a8100c467ffff,89a8100c423ffff,296285901,12915366285,13.0939,0.266461,athlete
89a8100c467ffff,89a8100c42bffff,296285901,12943884579,8.2111,0.638661,athlete
89a8100c467ffff,89a8100c42fffff,296285901,2522075760,15.2275,0.13404,athlete
89a8100c467ffff,89a8100c433ffff,296285901,12832662172,14.9792,0.147603,athlete
89a8100c467ffff,89a8100c43bffff,296285901,12826024589,12.9255,0.278234,athlete
89a8100c467ffff,89a8100c463ffff,296285901,466929967,8.7109,0.600554,athlete
89a8100c467ffff,89a8100c467ffff,296285901,296285901,0.6649,0.997275,athlete
89a8100c467ffff,89a8100c46bffff,296285901,12505529937,12.1186,0.336661,athlete
89a8100c467ffff,89a8100c46fffff,296285901,4849813871,5.6731,0.814267,athlete
89a8100c467ffff,89a8100c473ffff,296285901,466938137,15.785,0.105646,athlete
89a8100c467ffff,89a8100c477ffff,296285901,12572862106,10.7435,0.441738,athlete
89a8100c467ffff,89a8100c47bffff,296285901,466930008,15.9633,0.097194,athlete
89a8100c467ffff,89a8100c6a7ffff,296285901,296285598,18.5365,0.013154,athlete
89a8100c467ffff,89a8100c6b7ffff,296285901,466929739,16.5532,0.07151,athlete
89a8100c46bffff,89a8100c08bffff,12505529937,7033857127,15.8503,0.102515,athlete
89a8100c46bffff,89a8100c093ffff,12505529937,296285873,19.1571,0.004376,athlete
89a8100c46bffff,89a8100c09bffff,12505529937,4293923366,12.3847,0.317055,athlete
89a8100c46bffff,89a8100c0c3ffff,12505529937,4293920655,8.6229,0.607313,athlete
89a8100c46bffff,89a8100c0c7ffff,12505529937,296284589,16.2001,0.086457,athlete
89a8100c46bffff,89a8100c0cbffff,12505529937,12487325808,12.3892,0.316724,athlete
89a8100c46bffff,89a8100c0d3ffff,12505529937,296284761,5.1895,0.842877,athlete
89a8100c46bffff,89a8100c0d7ffff,12505529937,296284684,8.0164,0.65328,athlete
89a8100c46bffff,89a8100c0dbffff,12505529937,6769468141,11.2358,0.403545,athlete
89a8100c46bffff,89a8100c403ffff,12505529937,467743614,19.7473,0.000394,athlete
89a8100c46bffff,89a8100c40bffff,12505529937,3807737497,15.1041,0.140714,athlete
89a8100c46bffff,89a8100c40fffff,12505529937,2522075891,16.6601,0.067245,athlete
89a8100c46bffff,89a8100c41bffff,12505529937,467763633,17.7078,0.032063,athlete
89a8100c46bffff,89a8100c42bffff,12505529937,12943884579,16.8443,0.060183,athlete
89a8100c46bffff,89a8100c443ffff,12505529937,4947151527,16.739,0.064176,athlete
89a8100c46bffff,89a8100c447ffff,12505529937,3472333400,13.7623,0.22141,athlete
89a8100c46bffff,89a8100c44bffff,12505529937,466938136,16.4217,0.076926,athlete
89a8100c46bffff,89a8100c44fffff,12505529937,467820676,12.7331,0.291875,athlete
89a8100c46bffff,89a8100c453ffff,12505529937,467820559,19.5274,0.001377,athlete
89a8100c46bffff,89a8100c457ffff,12505529937,467820599,17.0819,0.051615,athlete
89a8100c46bffff,89a8100c463ffff,12505529937,466929967,5.4465,0.827906,athlete
89a8100c46bffff,89a8100c467ffff,12505529937,296285901,11.1114,0.413151,athlete
89a8100c46bffff,89a8100c46bffff,12505529937,12505529937,0.731,0.996708,athlete
89a8100c46bffff,89a8100c46fffff,12505529937,4849813871,7.4266,0.696654,athlete
89a8100c46bffff,89a8100c473ffff,12505529937,466938137,11.6098,0.37491,athlete
89a8100c46bffff,89a8100c477ffff,12505529937,12572862106,16.2289,0.085188,athlete
89a8100c46bffff,89a8100c47bffff,12505529937,466930008,8.2195,0.638025,athlete
89a8100c46bffff,89a8100c637ffff,12505529937,445044750,16.2852,0.082738,athlete
89a8100c46bffff,89a8100c6a3ffff,12505529937,466929753,14.51,0.17468,athlete
89a8100c46bffff,89a8100c6a7ffff,12505529937,296285598,8.4957,0.617052,athlete
89a8100c46bffff,89a8100c6afffff,12505529937,1448778106,13.0654,0.268441,athlete
89a8100c46bffff,89a8100c6b3ffff,12505529937,466932573,15.0768,0.142207,athlete
89a8100c46bffff,89a8100c6b7ffff,12505529937,466929739,8.1273,0.644967,athlete
89a8100c46fffff,89a8100c083ffff,4849813871,10879607506,16.0709,0.092244,athlete
89a8100c46fffff,89a8100c08bffff,4849813871,7033857127,13.0256,0.271214,athlete
89a8100c46fffff,89a8100c08fffff,4849813871,12501696631,16.7361,0.064286,athlete
89a8100c46fffff,89a8100c093ffff,4849813871,296285873,14.9956,0.146692,athlete
89a8100c46fffff,89a8100c09bffff,4849813871,4293923366,7.9239,0.660184,athlete
89a8100c46fffff,89a8100c0c3ffff,4849813871,4293920655,12.1507,0.33428,athlete
89a8100c46fffff,89a8100c0c7ffff,4849813871,296284589,13.3754,0.247143,athlete
89a8100c46fffff,89a8100c0cbffff,4849813871,12487325808,16.315,0.081449,athlete
89a8100c46fffff,89a8100c0d3ffff,4849813871,296284761,9.104,0.570143,athlete
89a8100c46fffff,89a8100c0d7ffff,4849813871,296284684,4.7882,0.865121,athlete
89a8100c46fffff,89a8100c0dbffff,4849813871,6769468141,15.9472,0.097945,athlete
89a8100c46fffff,89a8100c40bffff,4849813871,3807737497,19.1252,0.004714,athlete
89a8100c46fffff,89a8100c40fffff,4849813871,2522075891,15.9966,0.095649,athlete
89a8100c46fffff,89a8100c423ffff,4849813871,12915366285,18.773,0.009258,athlete
89a8100c46fffff,89a8100c42bffff,4849813871,12943884579,13.8902,0.213127,athlete
89a8100c46fffff,89a8100c43bffff,4849813871,12826024589,18.6046,0.011962,athlete
89a8100c46fffff,89a8100c463ffff,4849813871,466929967,8.1325,0.644582,athlete
89a8100c46fffff,89a8100c467ffff,4849813871,296285901,8.1574,0.642707,athlete
89a8100c46fffff,89a8100c46bffff,4849813871,12505529937,10.2712,0.478708,athlete
89a8100c46fffff,89a8100c46fffff,4849813871,4849813871,0.899,0.995023,athlete
89a8100c46fffff,89a8100c473ffff,4849813871,466938137,15.5518,0.117168,athlete
89a8100c46fffff,89a8100c477ffff,4849813871,12572862106,15.2703,0.131757,athlete
89a8100c46fffff,89a8100c47bffff,4849813871,466930008,15.594,0.115046,athlete
89a8100c46fffff,89a8100c6a7ffff,4849813871,296285598,14.2894,0.188026,athlete
89a8100c46fffff,89a8100c6afffff,4849813871,1448778106,18.8591,0.008007,athlete
89a8100c46fffff,89a8100c6b7ffff,4849813871,466929739,15.9748,0.096659,athlete
89a8100c473ffff,89a8100c093ffff,466938137,296285873,19.6245,0.00087,athlete
89a8100c473ffff,89a8100c09bffff,466938137,4293923366,15.9835,0.096256,athlete
89a8100c473ffff,89a8100c0c3ffff,466938137,4293920655,16.3331,0.080674,athlete
89a8100c473ffff,89a8100c0d3ffff,466938137,296284761,12.8996,0.280056,athlete
89a8100c473ffff,89a8100c0d7ffff,466938137,296284684,12.8478,0.283723,athlete
89a8100c473ffff,89a8100c0dbffff,466938137,6769468141,18.9787,0.00642,athlete
89a8100c473ffff,89a8100c403ffff,466938137,467743614,9.9089,0.507156,athlete
89a8100c473ffff,89a8100c40bffff,466938137,3807737497,4.8827,0.860009,athlete
89a8100c473ffff,89a8100c40fffff,466938137,2522075891,6.8217,0.739381,athlete
89a8100c473ffff,89a8100c413ffff,466938137,466938077,15.5171,0.118924,athlete
89a8100c473ffff,89a8100c417ffff,466938137,467743606,14.6657,0.165489,athlete
89a8100c473ffff,89a8100c41bffff,466938137,467763633,10.4042,0.468274,athlete
89a8100c473ffff,89a8100c423ffff,466938137,12915366285,19.841,0.000156,athlete
89a8100c473ffff,89a8100c42bffff,466938137,12943884579,14.9582,0.148776,athlete
89a8100c473ffff,89a8100c43bffff,466938137,12826024589,19.2537,0.003432,athlete
89a8100c473ffff,89a8100c443ffff,466938137,4947151527,11.7495,0.364316,athlete
89a8100c473ffff,89a8100c447ffff,466938137,3472333400,7.5342,0.68886,athlete
89a8100c473ffff,89a8100c44bffff,466938137,466938136,11.8553,0.356336,athlete
89a8100c473ffff,89a8100c44fffff,466938137,467820676,8.1668,0.641999,athlete
89a8100c473ffff,89a8100c453ffff,466938137,467820559,14.3253,0.185833,athlete
89a8100c473ffff,89a8100c457ffff,466938137,467820599,11.8202,0.358984,athlete
89a8100c473ffff,89a8100c45bffff,466938137,467820516,16.2328,0.085018,athlete
89a8100c473ffff,89a8100c463ffff,466938137,466929967,5.7733,0.808107,athlete
89a8100c473ffff,89a8100c467ffff,466938137,296285901,11.6097,0.374915,athlete
89a8100c473ffff,89a8100c46bffff,466938137,12505529937,10.4813,0.462231,athlete
89a8100c473ffff,89a8100c46fffff,466938137,4849813871,9.9839,0.501261,athlete
89a8100c473ffff,89a8100c473ffff,466938137,466938137,1.3093,0.989463,athlete
89a8100c473ffff,89a8100c477ffff,466938137,12572862106,10.2348,0.481563,athlete
89a8100c473ffff,89a8100c47bffff,466938137,466930008,6.6335,0.752255,athlete
89a8100c473ffff,89a8100c48bffff,466938137,467764073,19.5411,0.001299,athlete
89a8100c473ffff,89a8100c48fffff,466938137,467743522,19.9695,6e-06,athlete
89a8100c473ffff,89a8100c4cfffff,466938137,467763429,16.3563,0.079685,athlete
89a8100c473ffff,89a8100c4d7ffff,466938137,9562334166,19.723,0.000473,athlete
89a8100c473ffff,89a8100c6a3ffff,466938137,466929753,15.5151,0.119028,athlete
89a8100c473ffff,89a8100c6a7ffff,466938137,296285598,15.7588,0.106915,athlete
89a8100c473ffff,89a8100c6b3ffff,466938137,466932573,13.5248,0.237091,athlete
89a8100c473ffff,89a8100c6b7ffff,466938137,466929739,11.4238,0.389106,athlete
89a8100c477ffff,89a8100c083ffff,12572862106,10879607506,18.5365,0.013153,athlete
89a8100c477ffff,89a8100c093ffff,12572862106,296285873,15.2164,0.134634,athlete
89a8100c477ffff,89a8100c09bffff,12572862106,4293923366,14.0575,0.202464,athlete
89a8100c477ffff,89a8100c0d3ffff,12572862106,296284761,19.3365,0.002713,athlete
89a8100c477ffff,89a8100c0d7ffff,12572862106,296284684,13.4958,0.23903,athlete
89a8100c477ffff,89a8100c403ffff,12572862106,467743614,10.8453,0.433804,athlete
89a8100c477ffff,89a8100c407ffff,12572862106,12882374109,17.8277,0.028827,athlete
89a8100c477ffff,89a8100c40bffff,12572862106,3807737497,13.0029,0.272804,athlete
89a8100c477ffff,89a8100c40fffff,12572862106,2522075891,6.4237,0.766341,athlete
89a8100c477ffff,89a8100c413ffff,12572862106,466938077,16.7759,0.06276,athlete
89a8100c477ffff,89a8100c417ffff,12572862106,467743606,15.6022,0.114635,athlete
89a8100c477ffff,89a8100c41bffff,12572862106,467763633,17.5881,0.035456,athlete
89a8100c477ffff,89a8100c423ffff,12572862106,12915366285,13.8652,0.214736,athlete
89a8100c477ffff,89a8100c42bffff,12572862106,12943884579,8.9824,0.579581,athlete
89a8100c477ffff,89a8100c42fffff,12572862106,2522075760,15.9989,0.095544,athlete
89a8100c477ffff,89a8100c433ffff,12572862106,12832662172,15.3316,0.128517,athlete
89a8100c477ffff,89a8100c43bffff,12572862106,12826024589,13.2779,0.253779,athlete
89a8100c477ffff,89a8100c447ffff,12572862106,3472333400,16.0576,0.092848,athlete
89a8100c477ffff,89a8100c44fffff,12572862106,467820676,17.9669,0.02528,athlete
89a8100c477ffff,89a8100c463ffff,12572862106,466929967,11.088,0.414962,athlete
89a8100c477ffff,89a8100c467ffff,12572862106,296285901,9.2834,0.556159,athlete
89a8100c477ffff,89a8100c46bffff,12572862106,12505529937,16.9182,0.05745,athlete
89a8100c477ffff,89a8100c46fffff,12572862106,4849813871,12.4341,0.31345,athlete
89a8100c477ffff,89a8100c473ffff,12572862106,466938137,11.1095,0.413304,athlete
89a8100c477ffff,89a8100c477ffff,12572862106,12572862106,2.2476,0.969161,athlete
89a8100c477ffff,89a8100c47bffff,12572862106,466930008,15.2288,0.133969,athlete
89a8100c477ffff,89a8100c6b7ffff,12572862106,466929739,19.1055,0.004928,athlete
89a8100c47bffff,89a8100c093ffff,466930008,296285873,19.3652,0.002484,athlete
89a8100c47bffff,89a8100c09bffff,466930008,4293923366,15.68,0.110767,athlete
89a8100c47bffff,89a8100c0c3ffff,466930008,4293920655,12.8426,0.284088,athlete
89a8100c47bffff,89a8100c0cbffff,466930008,12487325808,13.9862,0.206984,athlete
89a8100c47bffff,89a8100c0d3ffff,466930008,296284761,9.4091,0.546341,athlete
89a8100c47bffff,89a8100c0d7ffff,466930008,296284684,12.2361,0.327965,athlete
89a8100c47bffff,89a8100c0dbffff,466930008,6769468141,12.8328,0.28478,athlete
89a8100c47bffff,89a8100c403ffff,466930008,467743614,15.0547,0.14342,athlete
89a8100c47bffff,89a8100c40bffff,466930008,3807737497,9.9494,0.503973,athlete
89a8100c47bffff,89a8100c40fffff,466930008,2522075891,11.9676,0.347916,athlete
89a8100c47bffff,89a8100c417ffff,466930008,467743606,19.8116,0.000219,athlete
89a8100c47bffff,89a8100c41bffff,466930008,467763633,12.1482,0.334461,athlete
89a8100c47bffff,89a8100c42bffff,466930008,12943884579,15.2167,0.134621,athlete
89a8100c47bffff,89a8100c43bffff,466930008,12826024589,19.9311,2.9e-05,athlete
89a8100c47bffff,89a8100c443ffff,466930008,4947151527,9.6712,0.525811,athlete
89a8100c47bffff,89a8100c447ffff,466930008,3472333400,6.0304,0.791957,athlete
89a8100c47bffff,89a8100c44bffff,466930008,466938136,9.3539,0.550655,athlete
89a8100c47bffff,89a8100c44fffff,466930008,467820676,5.6654,0.81474,athlete
89a8100c47bffff,89a8100c453ffff,466930008,467820559,12.4597,0.311589,athlete
89a8100c47bffff,89a8100c457ffff,466930008,467820599,10.0141,0.498893,athlete
89a8100c47bffff,89a8100c45bffff,466930008,467820516,13.7314,0.223432,athlete
89a8100c47bffff,89a8100c463ffff,466930008,466929967,5.4699,0.82652,athlete
89a8100c47bffff,89a8100c467ffff,466930008,296285901,11.3504,0.394731,athlete
89a8100c47bffff,89a8100c46bffff,466930008,12505529937,5.7659,0.808565,athlete
89a8100c47bffff,89a8100c46fffff,466930008,4849813871,9.6805,0.525082,athlete
89a8100c47bffff,89a8100c473ffff,466930008,466938137,6.4551,0.764247,athlete
89a8100c47bffff,89a8100c477ffff,466930008,12572862106,11.7264,0.366061,athlete
89a8100c47bffff,89a8100c47bffff,466930008,466930008,0.4876,0.998534,athlete
89a8100c47bffff,89a8100c4cbffff,466930008,467842583,18.846,0.008192,athlete
89a8100c47bffff,89a8100c4cfffff,466930008,467763429,15.9694,0.096909,athlete
89a8100c47bffff,89a8100c637ffff,466930008,445044750,17.8821,0.027414,athlete
89a8100c47bffff,89a8100c6a3ffff,466930008,466929753,9.9993,0.500052,athlete
89a8100c47bffff,89a8100c6a7ffff,466930008,296285598,9.7677,0.51824,athlete
89a8100c47bffff,89a8100c6afffff,466930008,1448778106,14.3374,0.185091,athlete
89a8100c47bffff,89a8100c6b3ffff,466930008,466932573,8.009,0.653833,athlete
89a8100c47bffff,89a8100c6b7ffff,466930008,466929739,5.4327,0.828724,athlete
89a8100c47bffff,89a8100f127ffff,466930008,413363270,18.3599,0.0165,athlete
89a8100c483ffff,89a8100c403ffff,9091230323,467743614,12.0558,0.341328,athlete
89a8100c483ffff,89a8100c407ffff,9091230323,12882374109,19.4872,0.001621,athlete
89a8100c483ffff,89a8100c40bffff,9091230323,3807737497,18.9483,0.006807,athlete
89a8100c483ffff,89a8100c40fffff,9091230323,2522075891,16.5947,0.06984,athlete
89a8100c483ffff,89a8100c413ffff,9091230323,466938077,9.0916,0.571107,athlete
89a8100c483ffff,89a8100c417ffff,9091230323,467743606,12.5881,0.302287,athlete
89a8100c483ffff,89a8100c41bffff,9091230323,467763633,14.1448,0.196984,athlete
89a8100c483ffff,89a8100c433ffff,9091230323,12832662172,18.9577,0.006686,athlete
89a8100c483ffff,89a8100c457ffff,9091230323,467820599,18.3126,0.017461,athlete
89a8100c483ffff,89a8100c483ffff,9091230323,9091230323,0.5879,0.99787,athlete
89a8100c483ffff,89a8100c487ffff,9091230323,8943221347,5.3973,0.830817,athlete
89a8100c483ffff,89a8100c48bffff,9091230323,467764073,4.8815,0.860074,athlete
89a8100c483ffff,89a8100c48fffff,9091230323,467743522,6.2058,0.780662,athlete
89a8100c483ffff,89a8100c493ffff,9091230323,9089875466,6.5182,0.760033,athlete
89a8100c483ffff,89a8100c497ffff,9091230323,9532442497,6.0928,0.787967,athlete
89a8100c483ffff,89a8100c49bffff,9091230323,9562434245,4.8897,0.859627,athlete
89a8100c483ffff,89a8100c4a3ffff,9091230323,12904007453,12.604,0.301138,athlete
89a8100c483ffff,89a8100c4a7ffff,9091230323,12889670101,17.6319,0.034196,athlete
89a8100c483ffff,89a8100c4abffff,9091230323,5049652087,14.7908,0.158256,athlete
89a8100c483ffff,89a8100c4afffff,9091230323,12996381317,17.9025,0.026893,athlete
89a8100c483ffff,89a8100c4b3ffff,9091230323,8943221351,19.0298,0.005795,athlete
89a8100c483ffff,89a8100c4b7ffff,9091230323,387095770,16.6967,0.065812,athlete
89a8100c483ffff,89a8100c4bbffff,9091230323,387095725,8.0983,0.647149,athlete
89a8100c483ffff,89a8100c4c3ffff,9091230323,4947385383,13.6364,0.229676,athlete
89a8100c483ffff,89a8100c4c7ffff,9091230323,1467730305,16.5616,0.071174,athlete
89a8100c483ffff,89a8100c4cbffff,9091230323,467842583,18.092,0.022288,athlete
89a8100c483ffff,89a8100c4cfffff,9091230323,467763429,14.5546,0.172025,athlete
89a8100c483ffff,89a8100c4d3ffff,9091230323,9562600840,13.2045,0.258812,athlete
89a8100c483ffff,89a8100c4d7ffff,9091230323,9562334166,8.3206,0.630378,athlete
89a8100c483ffff,89a8100c4dbffff,9091230323,6634220130,16.3721,0.079016,athlete
89a8100c483ffff,89a8100e223ffff,9091230323,9085138924,13.032,0.270768,athlete
89a8100c483ffff,89a8100e227ffff,9091230323,8943483316,12.5887,0.302243,athlete
89a8100c483ffff,89a8100e22bffff,9091230323,9111245172,13.7109,0.224771,athlete
89a8100c483ffff,89a8100e22fffff,9091230323,9085206286,9.3743,0.549064,athlete
89a8100c483ffff,89a8100e233ffff,9091230323,9083125917,17.0328,0.053335,athlete
89a8100c483ffff,89a8100e237ffff,9091230323,9496451280,17.0702,0.052022,athlete
89a8100c483ffff,89a8100e23bffff,9091230323,12911190024,16.9471,0.056398,athlete
89a8100c483ffff,89a8100e263ffff,9091230323,9560517151,11.9095,0.352271,athlete
89a8100c483ffff,89a8100e267ffff,9091230323,9560548910,7.4215,0.697024,athlete
89a8100c483ffff,89a8100e26bffff,9091230323,9528567209,11.706,0.367607,athlete
89a8100c483ffff,89a8100e26fffff,9091230323,9562570594,10.7331,0.442551,athlete
89a8100c483ffff,89a8100e273ffff,9091230323,9512718996,17.7942,0.029714,athlete
89a8100c483ffff,89a8100e277ffff,9091230323,9175432224,14.1171,0.19872,athlete
89a8100c483ffff,89a8100e27bffff,9091230323,12911199240,17.0972,0.051083,athlete
89a8100c483ffff,89a8100e343ffff,9091230323,8943486125,15.7641,0.106656,athlete
89a8100c483ffff,89a8100e347ffff,9091230323,477232281,17.9191,0.026474,athlete
89a8100c483ffff,89a8100e34bffff,9091230323,389063239,9.7829,0.517051,athlete
89a8100c483ffff,89a8100e34fffff,9091230323,12334906522,14.0951,0.200096,athlete
89a8100c483ffff,89a8100e353ffff,9091230323,6945448510,16.6211,0.068789,athlete
89a8100c483ffff,89a8100e357ffff,9091230323,9509533701,18.2865,0.018003,athlete
89a8100c483ffff,89a8100e35bffff,9091230323,9546062800,11.8949,0.353362,athlete
89a8100c483ffff,89a8100e37bffff,9091230323,8943221373,19.4429,0.001913,athlete
89a8100c483ffff,89a8100e3cbffff,9091230323,9523090342,17.6249,0.034395,athlete
89a8100c483ffff,89a8100e3cfffff,9091230323,9509243980,17.628,0.034305,athlete
89a8100c483ffff,89a8100f1a7ffff,9091230323,8941348148,16.3542,0.079772,athlete
89a8100c483ffff,89a8100f1b7ffff,9091230323,1489531937,17.4927,0.038281,athlete
89a8100c487ffff,89a8100c403ffff,8943221347,467743614,12.3566,0.319115,athlete
89a8100c487ffff,89a8100c407ffff,8943221347,12882374109,16.515,0.073064,athlete
89a8100c487ffff,89a8100c40fffff,8943221347,2522075891,17.3634,0.042271,athlete
89a8100c487ffff,89a8100c413ffff,8943221347,466938077,9.3923,0.547657,athlete
89a8100c487ffff,89a8100c417ffff,8943221347,467743606,10.1844,0.485516,athlete
89a8100c487ffff,89a8100c41bffff,8943221347,467763633,19.6201,0.00089,athlete
89a8100c487ffff,89a8100c423ffff,8943221347,12915366285,19.921,3.9e-05,athlete
89a8100c487ffff,89a8100c433ffff,8943221347,12832662172,15.9856,0.096158,athlete
89a8100c487ffff,89a8100c43bffff,8943221347,12826024589,19.6589,0.000718,athlete
89a8100c487ffff,89a8100c483ffff,8943221347,9091230323,7.0088,0.726382,athlete
89a8100c487ffff,89a8100c487ffff,8943221347,8943221347,0.8321,0.995735,athlete
89a8100c487ffff,89a8100c48bffff,8943221347,467764073,10.1818,0.485721,athlete
89a8100c487ffff,89a8100c48fffff,8943221347,467743522,6.0339,0.791732,athlete
89a8100c487ffff,89a8100c493ffff,8943221347,9089875466,11.3501,0.394755,athlete
89a8100c487ffff,89a8100c497ffff,8943221347,9532442497,6.5364,0.758808,athlete
89a8100c487ffff,89a8100c49bffff,8943221347,9562434245,11.1557,0.409731,athlete
89a8100c487ffff,89a8100c4a3ffff,8943221347,12904007453,9.6318,0.528899,athlete
89a8100c487ffff,89a8100c4a7ffff,8943221347,12889670101,14.6597,0.16584,athlete
89a8100c487ffff,89a8100c4abffff,8943221347,5049652087,11.8186,0.359101,athlete
89a8100c487ffff,89a8100c4afffff,8943221347,12996381317,14.9304,0.150334,athlete
89a8100c487ffff,89a8100c4b3ffff,8943221347,8943221351,16.0577,0.092845,athlete
89a8100c487ffff,89a8100c4b7ffff,8943221347,387095770,13.7246,0.223878,athlete
89a8100c487ffff,89a8100c4bbffff,8943221347,387095725,5.6124,0.817964,athlete
89a8100c487ffff,89a8100c4c3ffff,8943221347,4947385383,19.1117,0.00486,athlete
89a8100c487ffff,89a8100c4d3ffff,8943221347,9562600840,19.4705,0.001728,athlete
89a8100c487ffff,89a8100c4d7ffff,8943221347,9562334166,13.7958,0.21923,athlete
89a8100c487ffff,89a8100c5dbffff,8943221347,12535296158,18.9793,0.006412,athlete
89a8100c487ffff,89a8100e223ffff,8943221347,9085138924,13.901,0.212435,athlete
89a8100c487ffff,89a8100e227ffff,8943221347,8943483316,13.0323,0.270748,athlete
89a8100c487ffff,89a8100e22bffff,8943221347,9111245172,15.0009,0.146395,athlete
89a8100c487ffff,89a8100e22fffff,8943221347,9085206286,10.2895,0.47727,athlete
89a8100c487ffff,89a8100e233ffff,8943221347,9083125917,17.9017,0.026914,athlete
89a8100c487ffff,89a8100e237ffff,8943221347,9496451280,17.8544,0.028129,athlete
89a8100c487ffff,89a8100e23bffff,8943221347,12911190024,18.2371,0.019048,athlete
89a8100c487ffff,89a8100e263ffff,8943221347,9560517151,18.1755,0.020395,athlete
89a8100c487ffff,89a8100e267ffff,8943221347,9560548910,13.6875,0.22631,athlete
89a8100c487ffff,89a8100e26bffff,8943221347,9528567209,17.972,0.025155,athlete
89a8100c487ffff,89a8100e26fffff,8943221347,9562570594,16.9991,0.054529,athlete
89a8100c487ffff,89a8100e277ffff,8943221347,9175432224,19.0957,0.005035,athlete
89a8100c487ffff,89a8100e30bffff,8943221347,12492914735,16.9136,0.057619,athlete
89a8100c487ffff,89a8100e31bffff,8943221347,9545366658,19.5429,0.001288,athlete
89a8100c487ffff,89a8100e343ffff,8943221347,8943486125,11.8481,0.356883,athlete
89a8100c487ffff,89a8100e347ffff,8943221347,477232281,13.3539,0.248603,athlete
89a8100c487ffff,89a8100e34bffff,8943221347,389063239,7.5476,0.687884,athlete
89a8100c487ffff,89a8100e34fffff,8943221347,12334906522,11.123,0.412258,athlete
89a8100c487ffff,89a8100e353ffff,8943221347,6945448510,16.9842,0.055062,athlete
89a8100c487ffff,89a8100e357ffff,8943221347,9509533701,15.8749,0.101344,athlete
89a8100c487ffff,89a8100e35bffff,8943221347,9546062800,11.3865,0.391963,athlete
89a8100c487ffff,89a8100e36bffff,8943221347,389063054,19.474,0.001705,athlete
89a8100c487ffff,89a8100e373ffff,8943221347,387095764,17.9595,0.025466,athlete
89a8100c487ffff,89a8100e37bffff,8943221347,8943221373,14.8777,0.153305,athlete
89a8100c487ffff,89a8100e3cbffff,8943221347,9523090342,18.0685,0.022836,athlete
89a8100c487ffff,89a8100e3cfffff,8943221347,9509243980,18.0717,0.022763,athlete
89a8100c48bffff,89a8100c403ffff,467764073,467743614,7.6952,0.677091,athlete
89a8100c48bffff,89a8100c40bffff,467764073,3807737497,16.9318,0.056955,athlete
89a8100c48bffff,89a8100c40fffff,467764073,2522075891,12.2341,0.328114,athlete
89a8100c48bffff,89a8100c413ffff,467764073,466938077,4.7309,0.868177,athlete
89a8100c48bffff,89a8100c417ffff,467764073,467743606,10.7061,0.444653,athlete
89a8100c48bffff,89a8100c41bffff,467764073,467763633,12.1282,0.335946,athlete
89a8100c48bffff,89a8100c443ffff,467764073,4947151527,19.8051,0.000234,athlete
89a8100c48bffff,89a8100c447ffff,467764073,3472333400,19.461,0.001791,athlete
89a8100c48bffff,89a8100c453ffff,467764073,467820559,18.0758,0.022665,athlete
89a8100c48bffff,89a8100c457ffff,467764073,467820599,16.296,0.082268,athlete
89a8100c48bffff,89a8100c473ffff,467764073,466938137,17.8597,0.027993,athlete
89a8100c48bffff,89a8100c477ffff,467764073,12572862106,17.407,0.040904,athlete
89a8100c48bffff,89a8100c483ffff,467764073,9091230323,7.7732,0.671346,athlete
89a8100c48bffff,89a8100c487ffff,467764073,8943221347,11.9139,0.351938,athlete
89a8100c48bffff,89a8100c48bffff,467764073,467764073,0.5208,0.998328,athlete
89a8100c48bffff,89a8100c48fffff,467764073,467743522,6.1251,0.785889,athlete
89a8100c48bffff,89a8100c493ffff,467764073,9089875466,11.3724,0.393044,athlete
89a8100c48bffff,89a8100c497ffff,467764073,9532442497,11.2932,0.399128,athlete
89a8100c48bffff,89a8100c49bffff,467764073,9562434245,6.9625,0.729616,athlete
89a8100c48bffff,89a8100c4a3ffff,467764073,12904007453,18.3859,0.015984,athlete
89a8100c48bffff,89a8100c4bbffff,467764073,387095725,12.889,0.280804,athlete
89a8100c48bffff,89a8100c4c3ffff,467764073,4947385383,12.854,0.283282,athlete
89a8100c48bffff,89a8100c4c7ffff,467764073,1467730305,15.7791,0.10593,athlete
89a8100c48bffff,89a8100c4cbffff,467764073,467842583,16.3944,0.078072,athlete
89a8100c48bffff,89a8100c4cfffff,467764073,467763429,12.5381,0.3059,athlete
89a8100c48bffff,89a8100c4d3ffff,467764073,9562600840,15.2773,0.131384,athlete
89a8100c48bffff,89a8100c4d7ffff,467764073,9562334166,7.5381,0.688572,athlete
89a8100c48bffff,89a8100c4dbffff,467764073,6634220130,15.5896,0.115263,athlete
89a8100c48bffff,89a8100e223ffff,467764073,9085138924,18.2203,0.01941,athlete
89a8100c48bffff,89a8100e227ffff,467764073,8943483316,17.7891,0.02985,athlete
89a8100c48bffff,89a8100e22bffff,467764073,9111245172,18.8993,0.007455,athlete
89a8100c48bffff,89a8100e22fffff,467764073,9085206286,14.5626,0.171553,athlete
89a8100c48bffff,89a8100e263ffff,467764073,9560517151,15.5848,0.115507,athlete
89a8100c48bffff,89a8100e267ffff,467764073,9560548910,12.1301,0.335808,athlete
89a8100c48bffff,89a8100e26bffff,467764073,9528567209,13.7788,0.220334,athlete
89a8100c48bffff,89a8100e26fffff,467764073,9562570594,12.8059,0.286691,athlete
89a8100c48bffff,89a8100e277ffff,467764073,9175432224,18.9713,0.006513,athlete
89a8100c48bffff,89a8100e27bffff,467764073,12911199240,19.17,0.004243,athlete
89a8100c48bffff,89a8100e34bffff,467764073,389063239,16.6142,0.069064,athlete
89a8100c48bffff,89a8100e34fffff,467764073,12334906522,19.8771,9.3e-05,athlete
89a8100c48bffff,89a8100e35bffff,467764073,9546062800,17.0954,0.051147,athlete
89a8100c48bffff,89a8100f1a7ffff,467764073,8941348148,18.1095,0.021884,athlete
89a8100c48bffff,89a8100f1b7ffff,467764073,1489531937,19.5655,0.001164,athlete
89a8100c48fffff,89a8100c403ffff,467743522,467743614,6.9327,0.731692,athlete
89a8100c48fffff,89a8100c40bffff,467743522,3807737497,17.0142,0.053991,athlete
89a8100c48fffff,89a8100c40fffff,467743522,2522075891,11.9396,0.350011,athlete
89a8100c48fffff,89a8100c413ffff,467743522,466938077,3.9684,0.90596,athlete
89a8100c48fffff,89a8100c417ffff,467743522,467743606,9.571,0.533667,athlete
89a8100c48fffff,89a8100c41bffff,467743522,467763633,14.2281,0.191804,athlete
89a8100c48fffff,89a8100c433ffff,467743522,12832662172,19.6718,0.000664,athlete
89a8100c48fffff,89a8100c457ffff,467743522,467820599,17.2995,0.044313,athlete
89a8100c48fffff,89a8100c473ffff,467743522,466938137,17.6582,0.033449,athlete
89a8100c48fffff,89a8100c477ffff,467743522,12572862106,17.1125,0.050554,athlete
89a8100c48fffff,89a8100c483ffff,467743522,9091230323,8.7364,0.598593,athlete
89a8100c48fffff,89a8100c487ffff,467743522,8943221347,6.846,0.737705,athlete
89a8100c48fffff,89a8100c48bffff,467743522,467764073,4.758,0.866735,athlete
89a8100c48fffff,89a8100c48fffff,467743522,467743522,0.6101,0.997706,athlete
89a8100c48fffff,89a8100c493ffff,467743522,9089875466,13.1301,0.263949,athlete
89a8100c48fffff,89a8100c497ffff,467743522,9532442497,10.5351,0.458024,athlete
89a8100c48fffff,89a8100c49bffff,467743522,9562434245,8.7202,0.599842,athlete
89a8100c48fffff,89a8100c4a3ffff,467743522,12904007453,13.3181,0.25104,athlete
89a8100c48fffff,89a8100c4a7ffff,467743522,12889670101,18.3459,0.016782,athlete
89a8100c48fffff,89a8100c4abffff,467743522,5049652087,15.5048,0.119551,athlete
89a8100c48fffff,89a8100c4afffff,467743522,12996381317,18.6166,0.011759,athlete
89a8100c48fffff,89a8100c4b3ffff,467743522,8943221351,19.7439,0.000405,athlete
89a8100c48fffff,89a8100c4b7ffff,467743522,387095770,17.4108,0.040787,athlete
89a8100c48fffff,89a8100c4bbffff,467743522,387095725,7.374,0.700443,athlete
89a8100c48fffff,89a8100c4c3ffff,467743522,4947385383,14.6117,0.168658,athlete
89a8100c48fffff,89a8100c4c7ffff,467743522,1467730305,17.5368,0.036962,athlete
89a8100c48fffff,89a8100c4cbffff,467743522,467842583,19.0673,0.005357,athlete
89a8100c48fffff,89a8100c4cfffff,467743522,467763429,15.5299,0.118277,athlete
89a8100c48fffff,89a8100c4d3ffff,467743522,9562600840,17.035,0.053255,athlete
89a8100c48fffff,89a8100c4d7ffff,467743522,9562334166,9.2958,0.555195,athlete
89a8100c48fffff,89a8100c4dbffff,467743522,6634220130,17.3473,0.042782,athlete
89a8100c48fffff,89a8100e223ffff,467743522,9085138924,17.6717,0.033067,athlete
89a8100c48fffff,89a8100e227ffff,467743522,8943483316,17.031,0.053397,athlete
89a8100c48fffff,89a8100e22bffff,467743522,9111245172,18.3507,0.016686,athlete
89a8100c48fffff,89a8100e22fffff,467743522,9085206286,14.014,0.205217,athlete
89a8100c48fffff,89a8100e263ffff,467743522,9560517151,17.3425,0.042936,athlete
89a8100c48fffff,89a8100e267ffff,467743522,9560548910,13.8878,0.213284,athlete
89a8100c48fffff,89a8100e26bffff,467743522,9528567209,15.5365,0.11794,athlete
89a8100c48fffff,89a8100e26fffff,467743522,9562570594,14.5636,0.171495,athlete
89a8100c48fffff,89a8100e343ffff,467743522,8943486125,17.3033,0.044191,athlete
89a8100c48fffff,89a8100e347ffff,467743522,477232281,18.8092,0.008722,athlete
89a8100c48fffff,89a8100e34bffff,467743522,389063239,11.5463,0.379746,athlete
89a8100c48fffff,89a8100e34fffff,467743522,12334906522,14.8092,0.157201,athlete
89a8100c48fffff,89a8100e35bffff,467743522,9546062800,15.3852,0.125714,athlete
89a8100c48fffff,89a8100f1a7ffff,467743522,8941348148,19.8672,0.000109,athlete
89a8100c493ffff,89a8100c403ffff,9089875466,467743614,18.5026,0.013768,athlete
89a8100c493ffff,89a8100c413ffff,9089875466,466938077,15.5383,0.11785,athlete
89a8100c493ffff,89a8100c483ffff,9089875466,9091230323,9.3657,0.549734,athlete
89a8100c493ffff,89a8100c487ffff,9089875466,8943221347,12.7846,0.288203,athlete
89a8100c493ffff,89a8100c48bffff,9089875466,467764073,11.3282,0.396436,athlete
89a8100c493ffff,89a8100c48fffff,9089875466,467743522,14.8288,0.156081,athlete
89a8100c493ffff,89a8100c493ffff,9089875466,9089875466,0.5432,0.998181,athlete
89a8100c493ffff,89a8100c497ffff,9089875466,9532442497,8.6756,0.603271,athlete
89a8100c493ffff,89a8100c49bffff,9089875466,9562434245,6.1637,0.783395,athlete
89a8100c493ffff,89a8100c4bbffff,9089875466,387095725,16.7212,0.06486,athlete
89a8100c493ffff,89a8100c4c3ffff,9089875466,4947385383,16.5567,0.071372,athlete
89a8100c493ffff,89a8100c4c7ffff,9089875466,1467730305,19.4818,0.001656,athlete
89a8100c493ffff,89a8100c4d3ffff,9089875466,9562600840,14.6359,0.167234,athlete
89a8100c493ffff,89a8100c4d7ffff,9089875466,9562334166,11.2408,0.403163,athlete
89a8100c493ffff,89a8100c4dbffff,9089875466,6634220130,19.2923,0.003086,athlete
89a8100c493ffff,89a8100e203ffff,9089875466,9078053043,18.2998,0.017725,athlete
89a8100c493ffff,89a8100e207ffff,9089875466,9078104201,19.0348,0.005736,athlete
89a8100c493ffff,89a8100e20bffff,9089875466,9509544505,17.6874,0.032628,athlete
89a8100c493ffff,89a8100e20fffff,9089875466,9509342521,15.8124,0.104324,athlete
89a8100c493ffff,89a8100e223ffff,9089875466,9085138924,11.235,0.403611,athlete
89a8100c493ffff,89a8100e227ffff,9089875466,8943483316,11.768,0.362916,athlete
89a8100c493ffff,89a8100e22bffff,9089875466,9111245172,9.9151,0.50667,athlete
89a8100c493ffff,89a8100e22fffff,9089875466,9085206286,8.1446,0.643671,athlete
89a8100c493ffff,89a8100e233ffff,9089875466,9083125917,15.2439,0.133163,athlete
89a8100c493ffff,89a8100e237ffff,9089875466,9496451280,15.3848,0.125736,athlete
89a8100c493ffff,89a8100e23bffff,9089875466,12911190024,13.7706,0.220868,athlete
89a8100c493ffff,89a8100e247ffff,9089875466,9546511598,16.6442,0.067872,athlete
89a8100c493ffff,89a8100e263ffff,9089875466,9560517151,8.9561,0.581621,athlete
89a8100c493ffff,89a8100e267ffff,9089875466,9560548910,4.4547,0.882505,athlete
89a8100c493ffff,89a8100e26bffff,9089875466,9528567209,13.1374,0.263443,athlete
89a8100c493ffff,89a8100e26fffff,9089875466,9562570594,12.1645,0.33326,athlete
89a8100c493ffff,89a8100e273ffff,9089875466,9512718996,13.1742,0.260901,athlete
89a8100c493ffff,89a8100e277ffff,9089875466,9175432224,8.3487,0.628241,athlete
89a8100c493ffff,89a8100e27bffff,9089875466,12911199240,12.6547,0.297494,athlete
89a8100c493ffff,89a8100e2abffff,9089875466,12829462717,19.2092,0.003852,athlete
89a8100c493ffff,89a8100e34bffff,9089875466,389063239,16.3096,0.081682,athlete
89a8100c493ffff,89a8100e353ffff,9089875466,6945448510,17.5411,0.036834,athlete
89a8100c493ffff,89a8100e357ffff,9089875466,9509533701,19.8719,0.000101,athlete
89a8100c493ffff,89a8100e35bffff,9089875466,9546062800,14.2863,0.188218,athlete
89a8100c493ffff,89a8100e3cbffff,9089875466,9523090342,16.8043,0.061685,athlete
89a8100c493ffff,89a8100e3cfffff,9089875466,9509243980,17.128,0.050023,athlete
89a8100c493ffff,89a8100f1a7ffff,9089875466,8941348148,17.4808,0.038638,athlete
89a8100c493ffff,89a8100f1b7ffff,9089875466,1489531937,18.018,0.024036,athlete
89a8100c497ffff,89a8100c403ffff,9532442497,467743614,15.4872,0.120448,athlete
89a8100c497ffff,89a8100c413ffff,9532442497,466938077,12.523,0.306992,athlete
89a8100c497ffff,89a8100c417ffff,9532442497,467743606,15.355,0.127293,athlete
89a8100c497ffff,89a8100c41bffff,9532442497,467763633,18.9587,0.006674,athlete
89a8100c497ffff,89a8100c483ffff,9532442497,9091230323,7.1757,0.714616,athlete
89a8100c497ffff,89a8100c487ffff,9532442497,8943221347,6.0026,0.793727,athlete
89a8100c497ffff,89a8100c48bffff,9532442497,467764073,9.6954,0.523916,athlete
89a8100c497ffff,89a8100c48fffff,9532442497,467743522,9.1646,0.565422,athlete
89a8100c497ffff,89a8100c493ffff,9532442497,9089875466,6.7073,0.747231,athlete
89a8100c497ffff,89a8100c497ffff,9532442497,9532442497,1.6326,0.983648,athlete
89a8100c497ffff,89a8100c49bffff,9532442497,9562434245,8.7494,0.597591,athlete
89a8100c497ffff,89a8100c4a3ffff,9532442497,12904007453,14.8024,0.157591,athlete
89a8100c497ffff,89a8100c4a7ffff,9532442497,12889670101,19.8303,0.000178,athlete
89a8100c497ffff,89a8100c4abffff,9532442497,5049652087,16.9891,0.054885,athlete
89a8100c497ffff,89a8100c4b7ffff,9532442497,387095770,18.8951,0.007512,athlete
89a8100c497ffff,89a8100c4bbffff,9532442497,387095725,10.7829,0.438668,athlete
89a8100c497ffff,89a8100c4c3ffff,9532442497,4947385383,18.4503,0.014741,athlete
89a8100c497ffff,89a8100c4cfffff,9532442497,467763429,19.3685,0.002458,athlete
89a8100c497ffff,89a8100c4d3ffff,9532442497,9562600840,17.0643,0.052228,athlete
89a8100c497ffff,89a8100c4d7ffff,9532442497,9562334166,13.1345,0.263647,athlete
89a8100c497ffff,89a8100e207ffff,9532442497,9078104201,18.8584,0.008018,athlete
89a8100c497ffff,89a8100e20fffff,9532442497,9509342521,19.514,0.001456,athlete
89a8100c497ffff,89a8100e223ffff,9532442497,9085138924,9.2581,0.558134,athlete
89a8100c497ffff,89a8100e227ffff,9532442497,8943483316,8.1285,0.644876,athlete
89a8100c497ffff,89a8100e22bffff,9532442497,9111245172,10.3581,0.471889,athlete
89a8100c497ffff,89a8100e22fffff,9532442497,9085206286,5.6467,0.815878,athlete
89a8100c497ffff,89a8100e233ffff,9532442497,9083125917,13.2589,0.25508,athlete
89a8100c497ffff,89a8100e237ffff,9532442497,9496451280,13.2038,0.258862,athlete
89a8100c497ffff,89a8100e23bffff,9532442497,12911190024,13.5943,0.232466,athlete
89a8100c497ffff,89a8100e263ffff,9532442497,9560517151,14.9459,0.149464,athlete
89a8100c497ffff,89a8100e267ffff,9532442497,9560548910,10.4579,0.464065,athlete
89a8100c497ffff,89a8100e26bffff,9532442497,9528567209,15.5658,0.116463,athlete
89a8100c497ffff,89a8100e26fffff,9532442497,9562570594,14.5928,0.169767,athlete
89a8100c497ffff,89a8100e273ffff,9532442497,9512718996,19.2784,0.003209,athlete
89a8100c497ffff,89a8100e277ffff,9532442497,9175432224,14.4529,0.178096,athlete
89a8100c497ffff,89a8100e27bffff,9532442497,12911199240,18.7588,0.009472,athlete
89a8100c497ffff,89a8100e2abffff,9532442497,12829462717,17.2242,0.046781,athlete
89a8100c497ffff,89a8100e2afffff,9532442497,9465336398,17.8953,0.027078,athlete
89a8100c497ffff,89a8100e31bffff,9532442497,9545366658,16.6217,0.068762,athlete
89a8100c497ffff,89a8100e343ffff,9532442497,8943486125,14.3412,0.184862,athlete
89a8100c497ffff,89a8100e347ffff,9532442497,477232281,18.5244,0.013371,athlete
89a8100c497ffff,89a8100e34bffff,9532442497,389063239,9.5276,0.537068,athlete
89a8100c497ffff,89a8100e34fffff,9532442497,12334906522,16.2935,0.082377,athlete
89a8100c497ffff,89a8100e353ffff,9532442497,6945448510,12.1609,0.333521,athlete
89a8100c497ffff,89a8100e357ffff,9532442497,9509533701,13.8263,0.217249,athlete
89a8100c497ffff,89a8100e35bffff,9532442497,9546062800,7.4348,0.696064,athlete
89a8100c497ffff,89a8100e3c3ffff,9532442497,9509169514,17.9881,0.024762,athlete
89a8100c497ffff,89a8100e3c7ffff,9532442497,9532804243,18.7209,0.010058,athlete
89a8100c497ffff,89a8100e3cbffff,9532442497,9523090342,13.1648,0.261551,athlete
89a8100c497ffff,89a8100e3cfffff,9532442497,9509243980,13.1679,0.261335,athlete
89a8100c497ffff,89a8100e3dbffff,9532442497,9517279686,17.6757,0.032956,athlete
89a8100c49bffff,89a8100c403ffff,9562434245,467743614,15.4375,0.123005,athlete
89a8100c49bffff,89a8100c40bffff,9562434245,3807737497,19.9899,1e-06,athlete
89a8100c49bffff,89a8100c40fffff,9562434245,2522075891,19.9764,3e-06,athlete
89a8100c49bffff,89a8100c413ffff,9562434245,466938077,12.4732,0.310604,athlete
89a8100c49bffff,89a8100c417ffff,9562434245,467743606,18.4484,0.014777,athlete
89a8100c49bffff,89a8100c41bffff,9562434245,467763633,15.0636,0.142932,athlete
89a8100c49bffff,89a8100c457ffff,9562434245,467820599,19.3542,0.002571,athlete
89a8100c49bffff,89a8100c483ffff,9562434245,9091230323,8.2515,0.635609,athlete
89a8100c49bffff,89a8100c487ffff,9562434245,8943221347,12.906,0.279608,athlete
89a8100c49bffff,89a8100c48bffff,9562434245,467764073,8.2631,0.634727,athlete
89a8100c49bffff,89a8100c48fffff,9562434245,467743522,11.7688,0.362856,athlete
89a8100c49bffff,89a8100c493ffff,9562434245,9089875466,6.576,0.756142,athlete
89a8100c49bffff,89a8100c497ffff,9562434245,9532442497,10.8546,0.433078,athlete
89a8100c49bffff,89a8100c49bffff,9562434245,9562434245,0.0401,0.99999,athlete
89a8100c49bffff,89a8100c4bbffff,9562434245,387095725,15.607,0.114393,athlete
89a8100c49bffff,89a8100c4c3ffff,9562434245,4947385383,11.4173,0.389601,athlete
89a8100c49bffff,89a8100c4c7ffff,9562434245,1467730305,14.3425,0.184783,athlete
89a8100c49bffff,89a8100c4cbffff,9562434245,467842583,15.8729,0.101437,athlete
89a8100c49bffff,89a8100c4cfffff,9562434245,467763429,14.9535,0.149041,athlete
89a8100c49bffff,89a8100c4d3ffff,9562434245,9562600840,9.4966,0.539498,athlete
89a8100c49bffff,89a8100c4d7ffff,9562434245,9562334166,6.1015,0.787408,athlete
89a8100c49bffff,89a8100c4dbffff,9562434245,6634220130,14.153,0.196473,athlete
89a8100c49bffff,89a8100e223ffff,9562434245,9085138924,15.3087,0.129725,athlete
89a8100c49bffff,89a8100e227ffff,9562434245,8943483316,15.2745,0.131537,athlete
89a8100c49bffff,89a8100e22bffff,9562434245,9111245172,15.7412,0.107768,athlete
89a8100c49bffff,89a8100e22fffff,9562434245,9085206286,11.651,0.37178,athlete
89a8100c49bffff,89a8100e233ffff,9562434245,9083125917,19.3095,0.002939,athlete
89a8100c49bffff,89a8100e237ffff,9562434245,9496451280,19.4503,0.001863,athlete
89a8100c49bffff,89a8100e23bffff,9562434245,12911190024,19.2238,0.003712,athlete
89a8100c49bffff,89a8100e247ffff,9562434245,9546511598,16.5636,0.071092,athlete
89a8100c49bffff,89a8100e24fffff,9562434245,467944912,16.3508,0.079919,athlete
89a8100c49bffff,89a8100e263ffff,9562434245,9560517151,8.9663,0.580833,athlete
89a8100c49bffff,89a8100e267ffff,9562434245,9560548910,5.5963,0.818938,athlete
89a8100c49bffff,89a8100e26bffff,9562434245,9528567209,7.0726,0.721903,athlete
89a8100c49bffff,89a8100e26fffff,9562434245,9562570594,6.0996,0.787527,athlete
89a8100c49bffff,89a8100e273ffff,9562434245,9512718996,14.9902,0.146992,athlete
89a8100c49bffff,89a8100e277ffff,9562434245,9175432224,13.1445,0.262951,athlete
89a8100c49bffff,89a8100e27bffff,9562434245,12911199240,12.4637,0.311293,athlete
89a8100c49bffff,89a8100e34bffff,9562434245,389063239,17.2916,0.044571,athlete
89a8100c49bffff,89a8100e35bffff,9562434245,9546062800,16.6568,0.067376,athlete
89a8100c49bffff,89a8100f1a3ffff,9562434245,7288855586,19.2098,0.003846,athlete
89a8100c49bffff,89a8100f1a7ffff,9562434245,8941348148,11.7208,0.36649,athlete
89a8100c49bffff,89a8100f1afffff,9562434245,413363541,18.5554,0.012818,athlete
89a8100c49bffff,89a8100f1b3ffff,9562434245,4619786697,17.0758,0.051825,athlete
89a8100c49bffff,89a8100f1b7ffff,9562434245,1489531937,12.8592,0.282912,athlete
89a8100c4a3ffff,89a8100c403ffff,12904007453,467743614,13.2807,0.25359,athlete
89a8100c4a3ffff,89a8100c407ffff,12904007453,12882374109,10.6018,0.452807,athlete
89a8100c4a3ffff,89a8100c40fffff,12904007453,2522075891,18.2876,0.01798,athlete
89a8100c4a3ffff,89a8100c413ffff,12904007453,466938077,14.6597,0.16584,athlete
89a8100c4a3ffff,89a8100c417ffff,12904007453,467743606,9.9865,0.501062,athlete
89a8100c4a3ffff,89a8100c423ffff,12904007453,12915366285,12.0472,0.341972,athlete
89a8100c4a3ffff,89a8100c427ffff,12904007453,12986505496,15.4564,0.122031,athlete
89a8100c4a3ffff,89a8100c42bffff,12904007453,12943884579,16.6525,0.067546,athlete
89a8100c4a3ffff,89a8100c433ffff,12904007453,12832662172,8.1118,0.646134,athlete
89a8100c4a3ffff,89a8100c437ffff,12904007453,12941702505,12.6321,0.299116,athlete
89a8100c4a3ffff,89a8100c43bffff,12904007453,12826024589,11.7851,0.36163,athlete
89a8100c4a3ffff,89a8100c467ffff,12904007453,296285901,19.867,0.000109,athlete
89a8100c4a3ffff,89a8100c483ffff,12904007453,9091230323,12.8459,0.283856,athlete
89a8100c4a3ffff,89a8100c487ffff,12904007453,8943221347,9.0404,0.575081,athlete
89a8100c4a3ffff,89a8100c48bffff,12904007453,467764073,15.524,0.118578,athlete
89a8100c4a3ffff,89a8100c48fffff,12904007453,467743522,11.3761,0.392764,athlete
89a8100c4a3ffff,89a8100c493ffff,12904007453,9089875466,18.6213,0.01168,athlete
89a8100c4a3ffff,89a8100c497ffff,12904007453,9532442497,14.5524,0.17216,athlete
89a8100c4a3ffff,89a8100c49bffff,12904007453,9562434245,16.9928,0.054754,athlete
89a8100c4a3ffff,89a8100c4a3ffff,12904007453,12904007453,0.5702,0.997996,athlete
89a8100c4a3ffff,89a8100c4a7ffff,12904007453,12889670101,5.5981,0.818826,athlete
89a8100c4a3ffff,89a8100c4abffff,12904007453,5049652087,4.7399,0.867701,athlete
89a8100c4a3ffff,89a8100c4afffff,12904007453,12996381317,7.0566,0.723026,athlete
89a8100c4a3ffff,89a8100c4b3ffff,12904007453,8943221351,6.9961,0.72727,athlete
89a8100c4a3ffff,89a8100c4b7ffff,12904007453,387095770,4.663,0.871767,athlete
89a8100c4a3ffff,89a8100c4bbffff,12904007453,387095725,5.4144,0.829807,athlete
89a8100c4a3ffff,89a8100c4d7ffff,12904007453,9562334166,19.1379,0.004577,athlete
89a8100c4a3ffff,89a8100c5c3ffff,12904007453,303868171,17.1832,0.04815,athlete
89a8100c4a3ffff,89a8100c5cbffff,12904007453,13037844868,18.2139,0.019551,athlete
89a8100c4a3ffff,89a8100c5d3ffff,12904007453,1097971350,15.2307,0.133871,athlete
89a8100c4a3ffff,89a8100c5dbffff,12904007453,12535296158,10.8809,0.431032,athlete
89a8100c4a3ffff,89a8100e22fffff,12904007453,9085206286,18.1235,0.021564,athlete
89a8100c4a3ffff,89a8100e267ffff,12904007453,9560548910,19.5246,0.001393,athlete
89a8100c4a3ffff,89a8100e343ffff,12904007453,8943486125,16.2526,0.08415,athlete
89a8100c4a3ffff,89a8100e347ffff,12904007453,477232281,17.7585,0.030675,athlete
89a8100c4a3ffff,89a8100e34bffff,12904007453,389063239,12.3775,0.317579,athlete
89a8100c4a3ffff,89a8100e34fffff,12904007453,12334906522,8.8449,0.590224,athlete
89a8100c4a3ffff,89a8100e35bffff,12904007453,9546062800,16.6451,0.067837,athlete
89a8100c4a3ffff,89a8100e36bffff,12904007453,389063054,17.2462,0.046053,athlete
89a8100c4a3ffff,89a8100e36fffff,12904007453,389063008,17.4512,0.039539,athlete
89a8100c4a3ffff,89a8100e37bffff,12904007453,8943221373,19.2822,0.003175,athlete
89a8100c4a7ffff,89a8100c403ffff,12889670101,467743614,19.282,0.003177,athlete
89a8100c4a7ffff,89a8100c407ffff,12889670101,12882374109,16.3385,0.080442,athlete
89a8100c4a7ffff,89a8100c417ffff,12889670101,467743606,15.9877,0.096058,athlete
89a8100c4a7ffff,89a8100c423ffff,12889670101,12915366285,17.2364,0.046375,athlete
89a8100c4a7ffff,89a8100c427ffff,12889670101,12986505496,15.6441,0.112543,athlete
89a8100c4a7ffff,89a8100c433ffff,12889670101,12832662172,13.8486,0.215812,athlete
89a8100c4a7ffff,89a8100c437ffff,12889670101,12941702505,12.8198,0.285701,athlete
89a8100c4a7ffff,89a8100c43bffff,12889670101,12826024589,17.5218,0.037407,athlete
89a8100c4a7ffff,89a8100c483ffff,12889670101,9091230323,18.8471,0.008176,athlete
89a8100c4a7ffff,89a8100c487ffff,12889670101,8943221347,15.0417,0.14414,athlete
89a8100c4a7ffff,89a8100c48fffff,12889670101,467743522,17.3773,0.041833,athlete
89a8100c4a7ffff,89a8100c4a3ffff,12889670101,12904007453,6.5715,0.756445,athlete
89a8100c4a7ffff,89a8100c4a7ffff,12889670101,12889670101,0.6815,0.997138,athlete
89a8100c4a7ffff,89a8100c4abffff,12889670101,5049652087,10.4766,0.462601,athlete
89a8100c4a7ffff,89a8100c4afffff,12889670101,12996381317,7.7831,0.670617,athlete
89a8100c4a7ffff,89a8100c4b3ffff,12889670101,8943221351,9.267,0.557443,athlete
89a8100c4a7ffff,89a8100c4b7ffff,12889670101,387095770,5.88,0.801466,athlete
89a8100c4a7ffff,89a8100c4bbffff,12889670101,387095725,11.4157,0.389729,athlete
89a8100c4a7ffff,89a8100c5c3ffff,12889670101,303868171,17.3709,0.042034,athlete
89a8100c4a7ffff,89a8100c5cbffff,12889670101,13037844868,18.4016,0.015677,athlete
89a8100c4a7ffff,89a8100c5d3ffff,12889670101,1097971350,15.4184,0.123989,athlete
89a8100c4a7ffff,89a8100c5dbffff,12889670101,12535296158,11.0687,0.416459,athlete
89a8100c4a7ffff,89a8100e34bffff,12889670101,389063239,18.3788,0.016125,athlete
89a8100c4a7ffff,89a8100e34fffff,12889670101,12334906522,12.5493,0.305084,athlete
89a8100c4a7ffff,89a8100e36bffff,12889670101,389063054,17.434,0.040069,athlete
89a8100c4a7ffff,89a8100e36fffff,12889670101,389063008,17.639,0.033993,athlete
89a8100c4abffff,89a8100c403ffff,5049652087,467743614,16.9715,0.055517,athlete
89a8100c4abffff,89a8100c407ffff,5049652087,12882374109,8.436,0.621607,athlete
89a8100c4abffff,89a8100c413ffff,5049652087,466938077,18.3506,0.016689,athlete
89a8100c4abffff,89a8100c417ffff,5049652087,467743606,13.6773,0.22698,athlete
89a8100c4abffff,89a8100c423ffff,5049652087,12915366285,10.2296,0.481974,athlete
89a8100c4abffff,89a8100c427ffff,5049652087,12986505496,18.3056,0.017605,athlete
89a8100c4abffff,89a8100c42bffff,5049652087,12943884579,14.5429,0.172724,athlete
89a8100c4abffff,89a8100c433ffff,5049652087,12832662172,5.946,0.797314,athlete
89a8100c4abffff,89a8100c437ffff,5049652087,12941702505,12.4731,0.310613,athlete
89a8100c4abffff,89a8100c43bffff,5049652087,12826024589,9.6193,0.529886,athlete
89a8100c4abffff,89a8100c467ffff,5049652087,296285901,17.7574,0.030704,athlete
89a8100c4abffff,89a8100c477ffff,5049652087,12572862106,19.778,0.000304,athlete
89a8100c4abffff,89a8100c483ffff,5049652087,9091230323,16.5367,0.072181,athlete
89a8100c4abffff,89a8100c487ffff,5049652087,8943221347,12.7312,0.292009,athlete
89a8100c4abffff,89a8100c48bffff,5049652087,467764073,19.2148,0.003798,athlete
89a8100c4abffff,89a8100c48fffff,5049652087,467743522,15.0669,0.142751,athlete
89a8100c4abffff,89a8100c497ffff,5049652087,9532442497,18.2432,0.018918,athlete
89a8100c4abffff,89a8100c4a3ffff,5049652087,12904007453,6.0397,0.791367,athlete
89a8100c4abffff,89a8100c4a7ffff,5049652087,12889670101,10.8098,0.436568,athlete
89a8100c4abffff,89a8100c4abffff,5049652087,5049652087,0.6186,0.997641,athlete
89a8100c4abffff,89a8100c4afffff,5049652087,12996381317,8.1427,0.643809,athlete
89a8100c4abffff,89a8100c4b3ffff,5049652087,8943221351,12.4655,0.311165,athlete
89a8100c4abffff,89a8100c4b7ffff,5049652087,387095770,9.9578,0.503315,athlete
89a8100c4abffff,89a8100c4bbffff,5049652087,387095725,9.1052,0.570044,athlete
89a8100c4abffff,89a8100c5d3ffff,5049652087,1097971350,19.1985,0.003958,athlete
89a8100c4abffff,89a8100c5dbffff,5049652087,12535296158,14.8487,0.154947,athlete
89a8100c4abffff,89a8100e343ffff,5049652087,8943486125,19.9435,2e-05,athlete
89a8100c4abffff,89a8100e34bffff,5049652087,389063239,16.0684,0.092359,athlete
89a8100c4abffff,89a8100e34fffff,5049652087,12334906522,13.5474,0.235583,athlete
89a8100c4afffff,89a8100c097ffff,12996381317,459335450,19.1045,0.004938,athlete
89a8100c4afffff,89a8100c403ffff,12996381317,467743614,19.2251,0.003699,athlete
89a8100c4afffff,89a8100c407ffff,12996381317,12882374109,11.8714,0.355128,athlete
89a8100c4afffff,89a8100c417ffff,12996381317,467743606,15.9309,0.098704,athlete
89a8100c4afffff,89a8100c423ffff,12996381317,12915366285,10.2488,0.480464,athlete
89a8100c4afffff,89a8100c427ffff,12996381317,12986505496,11.0361,0.418981,athlete
89a8100c4afffff,89a8100c42bffff,12996381317,12943884579,14.8541,0.154641,athlete
89a8100c4afffff,89a8100c433ffff,12996381317,12832662172,7.4081,0.69799,athlete
89a8100c4afffff,89a8100c437ffff,12996381317,12941702505,8.2016,0.639377,athlete
89a8100c4afffff,89a8100c43bffff,12996381317,12826024589,11.9509,0.349161,athlete
89a8100c4afffff,89a8100c467ffff,12996381317,296285901,18.0686,0.022834,athlete
89a8100c4afffff,89a8100c483ffff,12996381317,9091230323,18.7903,0.008999,athlete
89a8100c4afffff,89a8100c487ffff,12996381317,8943221347,14.9849,0.147288,athlete
89a8100c4afffff,89a8100c48fffff,12996381317,467743522,17.3205,0.043638,athlete
89a8100c4afffff,89a8100c4a3ffff,12996381317,12904007453,7.4862,0.692342,athlete
89a8100c4afffff,89a8100c4a7ffff,12996381317,12889670101,7.5172,0.690093,athlete
89a8100c4afffff,89a8100c4abffff,12996381317,5049652087,8.3717,0.6265,athlete
89a8100c4afffff,89a8100c4afffff,12996381317,12996381317,0.5046,0.99843,athlete
89a8100c4afffff,89a8100c4b3ffff,12996381317,8943221351,13.6867,0.22636,athlete
89a8100c4afffff,89a8100c4b7ffff,12996381317,387095770,11.001,0.421708,athlete
89a8100c4afffff,89a8100c4bbffff,12996381317,387095725,11.3588,0.394086,athlete
89a8100c4afffff,89a8100c553ffff,12996381317,12227887010,18.1973,0.019913,athlete
89a8100c4afffff,89a8100c5c3ffff,12996381317,303868171,14.267,0.189406,athlete
89a8100c4afffff,89a8100c5cbffff,12996381317,13037844868,15.2977,0.130307,athlete
89a8100c4afffff,89a8100c5cfffff,12996381317,2687705140,18.3425,0.016851,athlete
89a8100c4afffff,89a8100c5d3ffff,12996381317,1097971350,12.3145,0.322199,athlete
89a8100c4afffff,89a8100c5d7ffff,12996381317,303867318,17.404,0.040999,athlete
89a8100c4afffff,89a8100c5dbffff,12996381317,12535296158,7.9648,0.657139,athlete
89a8100c4afffff,89a8100e34bffff,12996381317,389063239,18.322,0.017269,athlete
89a8100c4afffff,89a8100e34fffff,12996381317,12334906522,15.6992,0.109822,athlete
89a8100c4afffff,89a8100e363ffff,12996381317,388512103,17.7267,0.031542,athlete
89a8100c4afffff,89a8100e367ffff,12996381317,142814786,19.8834,8.4e-05,athlete
89a8100c4afffff,89a8100e36bffff,12996381317,389063054,14.33,0.18554,athlete
89a8100c4afffff,89a8100e36fffff,12996381317,389063008,14.5351,0.173187,athlete
89a8100c4afffff,89a8100e37bffff,12996381317,8943221373,19.0526,0.005527,athlete
89a8100c4b3ffff,89a8100c407ffff,8943221351,12882374109,17.7807,0.030076,athlete
89a8100c4b3ffff,89a8100c417ffff,8943221351,467743606,17.1654,0.048751,athlete
89a8100c4b3ffff,89a8100c423ffff,8943221351,12915366285,19.2261,0.00369,athlete
89a8100c4b3ffff,89a8100c433ffff,8943221351,12832662172,15.2907,0.130677,athlete
89a8100c4b3ffff,89a8100c437ffff,8943221351,12941702505,19.4747,0.001701,athlete
89a8100c4b3ffff,89a8100c43bffff,8943221351,12826024589,18.964,0.006606,athlete
89a8100c4b3ffff,89a8100c487ffff,8943221351,8943221347,16.2193,0.085609,athlete
89a8100c4b3ffff,89a8100c48fffff,8943221351,467743522,18.555,0.012826,athlete
89a8100c4b3ffff,89a8100c4a3ffff,8943221351,12904007453,7.7491,0.673123,athlete
89a8100c4b3ffff,89a8100c4a7ffff,8943221351,12889670101,9.6685,0.526025,athlete
89a8100c4b3ffff,89a8100c4abffff,8943221351,5049652087,11.9188,0.351573,athlete
89a8100c4b3ffff,89a8100c4afffff,8943221351,12996381317,14.1892,0.194216,athlete
89a8100c4b3ffff,89a8100c4b3ffff,8943221351,8943221351,1.2874,0.989812,athlete
89a8100c4b3ffff,89a8100c4b7ffff,8943221351,387095770,7.4954,0.691673,athlete
89a8100c4b3ffff,89a8100c4bbffff,8943221351,387095725,12.5933,0.30191,athlete
89a8100c4b3ffff,89a8100c5dbffff,8943221351,12535296158,17.7236,0.031627,athlete
89a8100c4b3ffff,89a8100e34bffff,8943221351,389063239,19.5564,0.001213,athlete
89a8100c4b3ffff,89a8100e34fffff,8943221351,12334906522,6.9916,0.727586,athlete
89a8100c4b7ffff,89a8100c403ffff,387095770,467743614,18.3594,0.016512,athlete
89a8100c4b7ffff,89a8100c407ffff,387095770,12882374109,15.5492,0.117297,athlete
89a8100c4b7ffff,89a8100c413ffff,387095770,466938077,19.7384,0.000422,athlete
89a8100c4b7ffff,89a8100c417ffff,387095770,467743606,15.0652,0.142847,athlete
89a8100c4b7ffff,89a8100c423ffff,387095770,12915366285,16.9946,0.054688,athlete
89a8100c4b7ffff,89a8100c427ffff,387095770,12986505496,19.7329,0.00044,athlete
89a8100c4b7ffff,89a8100c433ffff,387095770,12832662172,13.0593,0.268867,athlete
89a8100c4b7ffff,89a8100c437ffff,387095770,12941702505,16.9086,0.057802,athlete
89a8100c4b7ffff,89a8100c43bffff,387095770,12826024589,16.7325,0.064424,athlete
89a8100c4b7ffff,89a8100c483ffff,387095770,9091230323,17.9246,0.026336,athlete
89a8100c4b7ffff,89a8100c487ffff,387095770,8943221347,14.1191,0.198592,athlete
89a8100c4b7ffff,89a8100c48fffff,387095770,467743522,16.4547,0.075548,athlete
89a8100c4b7ffff,89a8100c497ffff,387095770,9532442497,19.631,0.00084,athlete
89a8100c4b7ffff,89a8100c4a3ffff,387095770,12904007453,5.6489,0.815743,athlete
89a8100c4b7ffff,89a8100c4a7ffff,387095770,12889670101,5.9959,0.794154,athlete
89a8100c4b7ffff,89a8100c4abffff,387095770,5049652087,9.6873,0.524548,athlete
89a8100c4b7ffff,89a8100c4afffff,387095770,12996381317,11.7865,0.361522,athlete
89a8100c4b7ffff,89a8100c4b3ffff,387095770,8943221351,7.2098,0.71219,athlete
89a8100c4b7ffff,89a8100c4b7ffff,387095770,387095770,1.1102,0.992416,athlete
89a8100c4b7ffff,89a8100c4bbffff,387095770,387095725,10.4931,0.461313,athlete
89a8100c4b7ffff,89a8100c5d3ffff,387095770,1097971350,19.5072,0.001498,athlete
89a8100c4b7ffff,89a8100c5dbffff,387095770,12535296158,15.1574,0.137813,athlete
89a8100c4b7ffff,89a8100e34bffff,387095770,389063239,17.4562,0.039387,athlete
89a8100c4b7ffff,89a8100e34fffff,387095770,12334906522,10.4922,0.461383,athlete
89a8100c4bbffff,89a8100c403ffff,387095725,467743614,8.2449,0.636109,athlete
89a8100c4bbffff,89a8100c407ffff,387095725,12882374109,13.6923,0.225997,athlete
89a8100c4bbffff,89a8100c40bffff,387095725,3807737497,18.5181,0.013484,athlete
89a8100c4bbffff,89a8100c40fffff,387095725,2522075891,13.2517,0.25557,athlete
89a8100c4bbffff,89a8100c413ffff,387095725,466938077,9.6239,0.529522,athlete
89a8100c4bbffff,89a8100c417ffff,387095725,467743606,4.9506,0.856284,athlete
89a8100c4bbffff,89a8100c41bffff,387095725,467763633,15.7321,0.108216,athlete
89a8100c4bbffff,89a8100c423ffff,387095725,12915366285,17.0982,0.05105,athlete
89a8100c4bbffff,89a8100c433ffff,387095725,12832662172,13.1628,0.261688,athlete
89a8100c4bbffff,89a8100c437ffff,387095725,12941702505,17.8073,0.029366,athlete
89a8100c4bbffff,89a8100c43bffff,387095725,12826024589,16.8361,0.060489,athlete
89a8100c4bbffff,89a8100c457ffff,387095725,467820599,18.8035,0.008806,athlete
89a8100c4bbffff,89a8100c473ffff,387095725,466938137,19.1621,0.004324,athlete
89a8100c4bbffff,89a8100c477ffff,387095725,12572862106,18.4247,0.01523,athlete
89a8100c4bbffff,89a8100c483ffff,387095725,9091230323,9.9671,0.502588,athlete
89a8100c4bbffff,89a8100c487ffff,387095725,8943221347,6.3573,0.770737,athlete
89a8100c4bbffff,89a8100c48bffff,387095725,467764073,10.9267,0.427475,athlete
89a8100c4bbffff,89a8100c48fffff,387095725,467743522,6.7788,0.742335,athlete
89a8100c4bbffff,89a8100c493ffff,387095725,9089875466,15.7424,0.107709,athlete
89a8100c4bbffff,89a8100c497ffff,387095725,9532442497,11.7657,0.363091,athlete
89a8100c4bbffff,89a8100c49bffff,387095725,9562434245,14.114,0.198913,athlete
89a8100c4bbffff,89a8100c4a3ffff,387095725,12904007453,6.8091,0.740253,athlete
89a8100c4bbffff,89a8100c4a7ffff,387095725,12889670101,11.8369,0.357721,athlete
89a8100c4bbffff,89a8100c4abffff,387095725,5049652087,8.9958,0.578541,athlete
89a8100c4bbffff,89a8100c4afffff,387095725,12996381317,12.1076,0.337478,athlete
89a8100c4bbffff,89a8100c4b3ffff,387095725,8943221351,13.2349,0.256725,athlete
89a8100c4bbffff,89a8100c4b7ffff,387095725,387095770,10.9018,0.429411,athlete
89a8100c4bbffff,89a8100c4bbffff,387095725,387095725,0.3786,0.999116,athlete
89a8100c4bbffff,89a8100c4d7ffff,387095725,9562334166,15.4645,0.121614,athlete
89a8100c4bbffff,89a8100c5dbffff,387095725,12535296158,16.1566,0.088387,athlete
89a8100c4bbffff,89a8100e223ffff,387095725,9085138924,18.9024,0.007413,athlete
89a8100c4bbffff,89a8100e227ffff,387095725,8943483316,18.2616,0.018525,athlete
89a8100c4bbffff,89a8100e22bffff,387095725,9111245172,19.5813,0.001081,athlete
89a8100c4bbffff,89a8100e22fffff,387095725,9085206286,15.2447,0.133122,athlete
89a8100c4bbffff,89a8100e267ffff,387095725,9560548910,16.6458,0.06781,athlete
89a8100c4bbffff,89a8100e26fffff,387095725,9562570594,19.9574,1.1e-05,athlete
89a8100c4bbffff,89a8100e30bffff,387095725,12492914735,18.635,0.011449,athlete
89a8100c4bbffff,89a8100e343ffff,387095725,8943486125,13.5695,0.23411,athlete
89a8100c4bbffff,89a8100e347ffff,387095725,477232281,15.0754,0.142286,athlete
89a8100c4bbffff,89a8100e34bffff,387095725,389063239,9.6945,0.523989,athlete
89a8100c4bbffff,89a8100e34fffff,387095725,12334906522,8.3002,0.631922,athlete
89a8100c4bbffff,89a8100e353ffff,387095725,6945448510,19.4528,0.001846,athlete
89a8100c4bbffff,89a8100e357ffff,387095725,9509533701,17.5964,0.035217,athlete
89a8100c4bbffff,89a8100e35bffff,387095725,9546062800,13.962,0.208527,athlete
89a8100c4bbffff,89a8100e373ffff,387095725,387095764,19.6809,0.000628,athlete
89a8100c4bbffff,89a8100e37bffff,387095725,8943221373,16.5991,0.069663,athlete
89a8100c4c3ffff,89a8100c403ffff,4947385383,467743614,19.477,0.001686,athlete
89a8100c4c3ffff,89a8100c40bffff,4947385383,3807737497,19.4881,0.001615,athlete
89a8100c4c3ffff,89a8100c413ffff,4947385383,466938077,19.3655,0.002481,athlete
89a8100c4c3ffff,89a8100c41bffff,4947385383,467763633,14.5618,0.171601,athlete
89a8100c4c3ffff,89a8100c443ffff,4947385383,4947151527,17.9056,0.026814,athlete
89a8100c4c3ffff,89a8100c447ffff,4947385383,3472333400,18.6951,0.010467,athlete
89a8100c4c3ffff,89a8100c453ffff,4947385383,467820559,13.9263,0.210811,athlete
89a8100c4c3ffff,89a8100c457ffff,4947385383,467820599,14.3966,0.181494,athlete
89a8100c4c3ffff,89a8100c45bffff,4947385383,467820516,19.8301,0.000178,athlete
89a8100c4c3ffff,89a8100c483ffff,4947385383,9091230323,18.8296,0.008426,athlete
89a8100c4c3ffff,89a8100c48bffff,4947385383,467764073,15.1555,0.13792,athlete
89a8100c4c3ffff,89a8100c48fffff,4947385383,467743522,18.6612,0.011016,athlete
89a8100c4c3ffff,89a8100c493ffff,4947385383,9089875466,18.2211,0.019394,athlete
89a8100c4c3ffff,89a8100c49bffff,4947385383,9562434245,12.6695,0.29643,athlete
89a8100c4c3ffff,89a8100c4c3ffff,4947385383,4947385383,0.4938,0.998496,athlete
89a8100c4c3ffff,89a8100c4c7ffff,4947385383,1467730305,6.0919,0.788025,athlete
89a8100c4c3ffff,89a8100c4cbffff,4947385383,467842583,4.9495,0.856349,athlete
89a8100c4c3ffff,89a8100c4cfffff,4947385383,467763429,6.6236,0.752922,athlete
89a8100c4c3ffff,89a8100c4d3ffff,4947385383,9562600840,15.7856,0.105617,athlete
89a8100c4c3ffff,89a8100c4d7ffff,4947385383,9562334166,6.2174,0.779912,athlete
89a8100c4c3ffff,89a8100c4dbffff,4947385383,6634220130,5.2615,0.838738,athlete
89a8100c4c3ffff,89a8100e267ffff,4947385383,9560548910,17.8371,0.028581,athlete
89a8100c4c3ffff,89a8100e26bffff,4947385383,9528567209,13.4977,0.238902,athlete
89a8100c4c3ffff,89a8100e26fffff,4947385383,9562570594,18.5129,0.01358,athlete
89a8100c4c3ffff,89a8100e27bffff,4947385383,12911199240,19.3406,0.00268,athlete
89a8100c4c3ffff,89a8100f127ffff,4947385383,413363270,10.2958,0.47678,athlete
89a8100c4c3ffff,89a8100f137ffff,4947385383,413363599,12.7574,0.290139,athlete
89a8100c4c3ffff,89a8100f1a3ffff,4947385383,7288855586,17.938,0.026,athlete
89a8100c4c3ffff,89a8100f1a7ffff,4947385383,8941348148,10.1392,0.489071,athlete
89a8100c4c3ffff,89a8100f1afffff,4947385383,413363541,16.1613,0.088174,athlete
89a8100c4c3ffff,89a8100f1b7ffff,4947385383,1489531937,15.6255,0.113469,athlete
89a8100c4c7ffff,89a8100c403ffff,1467730305,467743614,19.5238,0.001398,athlete
89a8100c4c7ffff,89a8100c40bffff,1467730305,3807737497,19.3716,0.002434,athlete
89a8100c4c7ffff,89a8100c41bffff,1467730305,467763633,14.4452,0.178559,athlete
89a8100c4c7ffff,89a8100c443ffff,1467730305,4947151527,17.7891,0.029851,athlete
89a8100c4c7ffff,89a8100c447ffff,1467730305,3472333400,18.5785,0.012413,athlete
89a8100c4c7ffff,89a8100c453ffff,1467730305,467820559,14.0881,0.200541,athlete
89a8100c4c7ffff,89a8100c457ffff,1467730305,467820599,14.28,0.188605,athlete
89a8100c4c7ffff,89a8100c48bffff,1467730305,467764073,17.3968,0.041224,athlete
89a8100c4c7ffff,89a8100c49bffff,1467730305,9562434245,14.9108,0.151436,athlete
89a8100c4c7ffff,89a8100c4c3ffff,1467730305,4947385383,5.5739,0.820289,athlete
89a8100c4c7ffff,89a8100c4c7ffff,1467730305,1467730305,2.1078,0.972844,athlete
89a8100c4c7ffff,89a8100c4cbffff,1467730305,467842583,9.3771,0.548848,athlete
89a8100c4c7ffff,89a8100c4cfffff,1467730305,467763429,6.507,0.760777,athlete
89a8100c4c7ffff,89a8100c4d3ffff,1467730305,9562600840,18.8337,0.008368,athlete
89a8100c4c7ffff,89a8100c4d7ffff,1467730305,9562334166,8.4587,0.619876,athlete
89a8100c4c7ffff,89a8100c4dbffff,1467730305,6634220130,8.3095,0.631214,athlete
89a8100c4c7ffff,89a8100e26bffff,1467730305,9528567209,16.5458,0.071811,athlete
89a8100c4c7ffff,89a8100f127ffff,1467730305,413363270,14.7234,0.162139,athlete
89a8100c4c7ffff,89a8100f137ffff,1467730305,413363599,15.8882,0.100715,athlete
89a8100c4c7ffff,89a8100f1a7ffff,1467730305,8941348148,13.1872,0.260002,athlete
89a8100c4c7ffff,89a8100f1afffff,1467730305,413363541,19.2094,0.003851,athlete
89a8100c4c7ffff,89a8100f1b7ffff,1467730305,1489531937,18.6736,0.010813,athlete
89a8100c4cbffff,89a8100c41bffff,467842583,467763633,15.6089,0.114299,athlete
89a8100c4cbffff,89a8100c443ffff,467842583,4947151527,18.089,0.022358,athlete
89a8100c4cbffff,89a8100c447ffff,467842583,3472333400,19.7421,0.00041,athlete
89a8100c4cbffff,89a8100c44bffff,467842583,466938136,19.7594,0.000357,athlete
89a8100c4cbffff,89a8100c453ffff,467842583,467820559,10.4888,0.461649,athlete
89a8100c4cbffff,89a8100c457ffff,467842583,467820599,15.4437,0.122685,athlete
89a8100c4cbffff,89a8100c45bffff,467842583,467820516,16.3926,0.078149,athlete
89a8100c4cbffff,89a8100c49bffff,467842583,9562434245,19.1129,0.004847,athlete
89a8100c4cbffff,89a8100c4c3ffff,467842583,4947385383,6.9373,0.731375,athlete
89a8100c4cbffff,89a8100c4c7ffff,467842583,1467730305,11.6819,0.369437,athlete
89a8100c4cbffff,89a8100c4cbffff,467842583,467842583,1.5119,0.985965,athlete
89a8100c4cbffff,89a8100c4cfffff,467842583,467763429,7.6707,0.678888,athlete
89a8100c4cbffff,89a8100c4d3ffff,467842583,9562600840,16.2766,0.083108,athlete
89a8100c4cbffff,89a8100c4d7ffff,467842583,9562334166,12.6608,0.297054,athlete
89a8100c4cbffff,89a8100c4dbffff,467842583,6634220130,5.4369,0.828479,athlete
89a8100c4cbffff,89a8100e26bffff,467842583,9528567209,13.9888,0.206822,athlete
89a8100c4cbffff,89a8100e27bffff,467842583,12911199240,19.6664,0.000686,athlete
89a8100c4cbffff,89a8100f127ffff,467842583,413363270,6.8582,0.736858,athlete
89a8100c4cbffff,89a8100f137ffff,467842583,413363599,9.3199,0.55331,athlete
89a8100c4cbffff,89a8100f1a3ffff,467842583,7288855586,18.0855,0.02244,athlete
89a8100c4cbffff,89a8100f1a7ffff,467842583,8941348148,10.4351,0.465856,athlete
89a8100c4cbffff,89a8100f1afffff,467842583,413363541,16.3089,0.081715,athlete
89a8100c4cbffff,89a8100f1b7ffff,467842583,1489531937,15.773,0.106224,athlete
89a8100c4cfffff,89a8100c403ffff,467763429,467743614,13.7419,0.222745,athlete
89a8100c4cfffff,89a8100c40bffff,467763429,3807737497,13.5896,0.232774,athlete
89a8100c4cfffff,89a8100c40fffff,467763429,2522075891,16.5864,0.070173,athlete
89a8100c4cfffff,89a8100c413ffff,467763429,466938077,17.8376,0.028568,athlete
89a8100c4cfffff,89a8100c417ffff,467763429,467743606,17.6777,0.0329,athlete
89a8100c4cfffff,89a8100c41bffff,467763429,467763633,8.6633,0.604214,athlete
89a8100c4cfffff,89a8100c443ffff,467763429,4947151527,12.0071,0.344958,athlete
89a8100c4cfffff,89a8100c447ffff,467763429,3472333400,12.7966,0.287355,athlete
89a8100c4cfffff,89a8100c44bffff,467763429,466938136,16.3619,0.079448,athlete
89a8100c4cfffff,89a8100c44fffff,467763429,467820676,15.4911,0.120252,athlete
89a8100c4cfffff,89a8100c453ffff,467763429,467820559,8.3061,0.631472,athlete
89a8100c4cfffff,89a8100c457ffff,467763429,467820599,8.4981,0.616868,athlete
89a8100c4cfffff,89a8100c45bffff,467763429,467820516,14.8423,0.15531,athlete
89a8100c4cfffff,89a8100c473ffff,467763429,466938137,17.4069,0.040907,athlete
89a8100c4cfffff,89a8100c47bffff,467763429,466930008,16.5202,0.072854,athlete
89a8100c4cfffff,89a8100c483ffff,467763429,9091230323,19.2444,0.003518,athlete
89a8100c4cfffff,89a8100c48bffff,467763429,467764073,14.336,0.185174,athlete
89a8100c4cfffff,89a8100c48fffff,467763429,467743522,19.0759,0.005259,athlete
89a8100c4cfffff,89a8100c49bffff,467763429,9562434245,15.4371,0.123026,athlete
89a8100c4cfffff,89a8100c4c3ffff,467763429,4947385383,6.7593,0.743676,athlete
89a8100c4cfffff,89a8100c4c7ffff,467763429,1467730305,6.9853,0.728022,athlete
89a8100c4cfffff,89a8100c4cbffff,467763429,467842583,4.5815,0.876017,athlete
89a8100c4cfffff,89a8100c4cfffff,467763429,467763429,0.7251,0.99676,athlete
89a8100c4cfffff,89a8100c4d3ffff,467763429,9562600840,17.5907,0.03538,athlete
89a8100c4cfffff,89a8100c4d7ffff,467763429,9562334166,11.4568,0.386583,athlete
89a8100c4cfffff,89a8100c4dbffff,467763429,6634220130,7.0666,0.72232,athlete
89a8100c4cfffff,89a8100c6b7ffff,467763429,466929739,18.7481,0.009636,athlete
89a8100c4cfffff,89a8100e26bffff,467763429,9528567209,15.3029,0.130031,athlete
89a8100c4cfffff,89a8100f127ffff,467763429,413363270,9.1057,0.570009,athlete
89a8100c4cfffff,89a8100f137ffff,467763429,413363599,11.5674,0.378139,athlete
89a8100c4cfffff,89a8100f1a3ffff,467763429,7288855586,19.7431,0.000407,athlete
89a8100c4cfffff,89a8100f1a7ffff,467763429,8941348148,11.9443,0.349656,athlete
89a8100c4cfffff,89a8100f1afffff,467763429,413363541,17.9665,0.025291,athlete
89a8100c4cfffff,89a8100f1b7ffff,467763429,1489531937,17.4307,0.040171,athlete
89a8100c4d3ffff,89a8100c453ffff,9562600840,467820559,19.9808,2e-06,athlete
89a8100c4d3ffff,89a8100c483ffff,9562600840,9091230323,16.8859,0.058638,athlete
89a8100c4d3ffff,89a8100c48bffff,9562600840,467764073,16.8736,0.059092,athlete
89a8100c4d3ffff,89a8100c493ffff,9562600840,9089875466,15.3677,0.126627,athlete
89a8100c4d3ffff,89a8100c497ffff,9562600840,9532442497,19.489,0.00161,athlete
89a8100c4d3ffff,89a8100c49bffff,9562600840,9562434245,9.8161,0.514442,athlete
89a8100c4d3ffff,89a8100c4c3ffff,9562600840,4947385383,14.9853,0.147262,athlete
89a8100c4d3ffff,89a8100c4c7ffff,9562600840,1467730305,18.5919,0.012181,athlete
89a8100c4d3ffff,89a8100c4cbffff,9562600840,467842583,13.4529,0.241913,athlete
89a8100c4d3ffff,89a8100c4cfffff,9562600840,467763429,17.8433,0.02842,athlete
89a8100c4d3ffff,89a8100c4d3ffff,9562600840,9562600840,1.5642,0.984983,athlete
89a8100c4d3ffff,89a8100c4d7ffff,9562600840,9562334166,14.7119,0.162803,athlete
89a8100c4d3ffff,89a8100c4dbffff,9562600840,6634220130,9.5523,0.53513,athlete
89a8100c4d3ffff,89a8100e247ffff,9562600840,9546511598,16.9749,0.055397,athlete
89a8100c4d3ffff,89a8100e24fffff,9562600840,467944912,16.9094,0.057771,athlete
89a8100c4d3ffff,89a8100e263ffff,9562600840,9560517151,13.8628,0.21489,athlete
89a8100c4d3ffff,89a8100e267ffff,9562600840,9560548910,14.3718,0.183,athlete
89a8100c4d3ffff,89a8100e26bffff,9562600840,9528567209,9.017,0.576895,athlete
89a8100c4d3ffff,89a8100e26fffff,9562600840,9562570594,7.8599,0.664931,athlete
89a8100c4d3ffff,89a8100e273ffff,9562600840,9512718996,19.8868,7.9e-05,athlete
89a8100c4d3ffff,89a8100e27bffff,9562600840,12911199240,15.3609,0.12698,athlete
89a8100c4d3ffff,89a8100f127ffff,9562600840,413363270,15.8532,0.102376,athlete
89a8100c4d3ffff,89a8100f137ffff,9562600840,413363599,14.8012,0.15766,athlete
89a8100c4d3ffff,89a8100f1a3ffff,9562600840,7288855586,17.1944,0.047774,athlete
89a8100c4d3ffff,89a8100f1a7ffff,9562600840,8941348148,8.046,0.651066,athlete
89a8100c4d3ffff,89a8100f1afffff,9562600840,413363541,15.8646,0.101832,athlete
89a8100c4d3ffff,89a8100f1b3ffff,9562600840,4619786697,17.6345,0.034122,athlete
89a8100c4d3ffff,89a8100f1b7ffff,9562600840,1489531937,13.3562,0.248446,athlete
89a8100c4d7ffff,89a8100c403ffff,9562334166,467743614,15.5391,0.117811,athlete
89a8100c4d7ffff,89a8100c40bffff,9562334166,3807737497,16.8723,0.059138,athlete
89a8100c4d7ffff,89a8100c40fffff,9562334166,2522075891,18.3836,0.01603,athlete
89a8100c4d7ffff,89a8100c413ffff,9562334166,466938077,13.9946,0.206448,athlete
89a8100c4d7ffff,89a8100c417ffff,9562334166,467743606,19.4749,0.0017,athlete
89a8100c4d7ffff,89a8100c41bffff,9562334166,467763633,11.946,0.349531,athlete
89a8100c4d7ffff,89a8100c443ffff,9562334166,4947151527,19.7456,0.000399,athlete
89a8100c4d7ffff,89a8100c447ffff,9562334166,3472333400,19.4016,0.002207,athlete
89a8100c4d7ffff,89a8100c453ffff,9562334166,467820559,17.8936,0.027121,athlete
89a8100c4d7ffff,89a8100c457ffff,9562334166,467820599,16.2366,0.084852,athlete
89a8100c4d7ffff,89a8100c483ffff,9562334166,9091230323,13.4588,0.241518,athlete
89a8100c4d7ffff,89a8100c487ffff,9562334166,8943221347,18.1133,0.021798,athlete
89a8100c4d7ffff,89a8100c48bffff,9562334166,467764073,9.7846,0.516916,athlete
89a8100c4d7ffff,89a8100c48fffff,9562334166,467743522,13.2903,0.252934,athlete
89a8100c4d7ffff,89a8100c493ffff,9562334166,9089875466,12.8502,0.283549,athlete
89a8100c4d7ffff,89a8100c497ffff,9562334166,9532442497,16.7566,0.063499,athlete
89a8100c4d7ffff,89a8100c49bffff,9562334166,9562434245,7.2986,0.705857,athlete
89a8100c4d7ffff,89a8100c4bbffff,9562334166,387095725,19.9971,0.0,athlete
89a8100c4d7ffff,89a8100c4c3ffff,9562334166,4947385383,6.1623,0.783483,athlete
89a8100c4d7ffff,89a8100c4c7ffff,9562334166,1467730305,9.0875,0.571424,athlete
89a8100c4d7ffff,89a8100c4cbffff,9562334166,467842583,10.618,0.451541,athlete
89a8100c4d7ffff,89a8100c4cfffff,9562334166,467763429,11.8358,0.357803,athlete
89a8100c4d7ffff,89a8100c4d3ffff,9562334166,9562600840,15.6135,0.11407,athlete
89a8100c4d7ffff,89a8100c4d7ffff,9562334166,9562334166,0.7453,0.996578,athlete
89a8100c4d7ffff,89a8100c4dbffff,9562334166,6634220130,8.898,0.58612,athlete
89a8100c4d7ffff,89a8100e22fffff,9562334166,9085206286,17.9252,0.02632,athlete
89a8100c4d7ffff,89a8100e263ffff,9562334166,9560517151,15.9209,0.099175,athlete
89a8100c4d7ffff,89a8100e267ffff,9562334166,9560548910,12.4662,0.311114,athlete
89a8100c4d7ffff,89a8100e26bffff,9562334166,9528567209,13.8649,0.214757,athlete
89a8100c4d7ffff,89a8100e26fffff,9562334166,9562570594,13.142,0.263124,athlete
89a8100c4d7ffff,89a8100e27bffff,9562334166,12911199240,19.5061,0.001504,athlete
89a8100c4d7ffff,89a8100f127ffff,9562334166,413363270,15.6499,0.112256,athlete
89a8100c4d7ffff,89a8100f137ffff,9562334166,413363599,14.9526,0.149086,athlete
89a8100c4d7ffff,89a8100f1a3ffff,9562334166,7288855586,19.8366,0.000165,athlete
89a8100c4d7ffff,89a8100f1a7ffff,9562334166,8941348148,11.4179,0.389557,athlete
89a8100c4d7ffff,89a8100f1afffff,9562334166,413363541,18.06,0.023036,athlete
89a8100c4d7ffff,89a8100f1b7ffff,9562334166,1489531937,16.9639,0.055792,athlete
89a8100c4dbffff,89a8100c41bffff,6634220130,467763633,19.1371,0.004586,athlete
89a8100c4dbffff,89a8100c453ffff,6634220130,467820559,13.244,0.256101,athlete
89a8100c4dbffff,89a8100c457ffff,6634220130,467820599,18.9719,0.006506,athlete
89a8100c4dbffff,89a8100c45bffff,6634220130,467820516,17.3082,0.044032,athlete
89a8100c4dbffff,89a8100c49bffff,6634220130,9562434245,18.9017,0.007423,athlete
89a8100c4dbffff,89a8100c4c3ffff,6634220130,4947385383,8.341,0.628826,athlete
89a8100c4dbffff,89a8100c4c7ffff,6634220130,1467730305,12.6511,0.297752,athlete
89a8100c4dbffff,89a8100c4cbffff,6634220130,467842583,6.716,0.746635,athlete
89a8100c4dbffff,89a8100c4cfffff,6634220130,467763429,11.1989,0.406391,athlete
89a8100c4dbffff,89a8100c4d3ffff,6634220130,9562600840,13.4197,0.244148,athlete
89a8100c4dbffff,89a8100c4d7ffff,6634220130,9562334166,12.4496,0.312324,athlete
89a8100c4dbffff,89a8100c4dbffff,6634220130,6634220130,1.0109,0.99371,athlete
89a8100c4dbffff,89a8100e247ffff,6634220130,9546511598,15.9804,0.096399,athlete
89a8100c4dbffff,89a8100e24fffff,6634220130,467944912,15.7576,0.106971,athlete
89a8100c4dbffff,89a8100e257ffff,6634220130,370857290,19.5464,0.001269,athlete
89a8100c4dbffff,89a8100e263ffff,6634220130,9560517151,18.0107,0.024212,athlete
89a8100c4dbffff,89a8100e26bffff,6634220130,9528567209,11.1319,0.411571,athlete
89a8100c4dbffff,89a8100e26fffff,6634220130,9562570594,18.2311,0.019176,athlete
89a8100c4dbffff,89a8100e27bffff,6634220130,12911199240,15.2682,0.131868,athlete
89a8100c4dbffff,89a8100f127ffff,6634220130,413363270,7.7628,0.672115,athlete
89a8100c4dbffff,89a8100f137ffff,6634220130,413363599,8.5895,0.609875,athlete
89a8100c4dbffff,89a8100f1a3ffff,6634220130,7288855586,13.6874,0.226319,athlete
89a8100c4dbffff,89a8100f1a7ffff,6634220130,8941348148,6.037,0.79154,athlete
89a8100c4dbffff,89a8100f1afffff,6634220130,413363541,11.9107,0.352174,athlete
89a8100c4dbffff,89a8100f1b3ffff,6634220130,4619786697,17.192,0.047854,athlete
89a8100c4dbffff,89a8100f1b7ffff,6634220130,1489531937,11.3749,0.392851,athlete
89a8100c503ffff,89a8100c503ffff,11341903975,11341903975,0.6186,0.997642,athlete
89a8100c503ffff,89a8100c507ffff,11341903975,11401601119,6.3301,0.77253,athlete
89a8100c503ffff,89a8100c50bffff,11341903975,13452873729,10.1854,0.485438,athlete
89a8100c503ffff,89a8100c50fffff,11341903975,11279900601,7.2171,0.711674,athlete
89a8100c503ffff,89a8100c513ffff,11341903975,303862596,7.0742,0.721789,athlete
89a8100c503ffff,89a8100c517ffff,11341903975,11409667724,9.5516,0.535187,athlete
89a8100c503ffff,89a8100c51bffff,11341903975,12586078227,8.2339,0.636939,athlete
89a8100c503ffff,89a8100c533ffff,11341903975,11384427621,10.5958,0.453272,athlete
89a8100c503ffff,89a8100c53bffff,11341903975,2308420508,10.7192,0.443636,athlete
89a8100c503ffff,89a8100c547ffff,11341903975,12703971545,15.0334,0.144595,athlete
89a8100c503ffff,89a8100c557ffff,11341903975,12697580224,13.6412,0.229362,athlete
89a8100c503ffff,89a8100c573ffff,11341903975,457593059,10.649,0.449113,athlete
89a8100c503ffff,89a8100c583ffff,11341903975,12265197248,14.8866,0.152798,athlete
89a8100c503ffff,89a8100c587ffff,11341903975,11373935088,12.5398,0.305776,athlete
89a8100c503ffff,89a8100c58bffff,11341903975,1393378103,11.0233,0.419975,athlete
89a8100c503ffff,89a8100c58fffff,11341903975,4252790480,10.0282,0.497788,athlete
89a8100c503ffff,89a8100c593ffff,11341903975,304111065,19.137,0.004587,athlete
89a8100c503ffff,89a8100c597ffff,11341903975,8943051152,18.953,0.006747,athlete
89a8100c503ffff,89a8100c59bffff,11341903975,8954073387,14.4456,0.178535,athlete
89a8100c503ffff,89a8100c5abffff,11341903975,11394279071,9.6396,0.528292,athlete
89a8100c503ffff,89a8100c5bbffff,11341903975,303855012,11.512,0.382358,athlete
89a8100c503ffff,89a8100c5c3ffff,11341903975,303868171,16.5127,0.073159,athlete
89a8100c503ffff,89a8100c5c7ffff,11341903975,2816708327,10.1738,0.486353,athlete
89a8100c503ffff,89a8100c5cbffff,11341903975,13037844868,19.0545,0.005505,athlete
89a8100c503ffff,89a8100c5cfffff,11341903975,2687705140,14.8148,0.156882,athlete
89a8100c503ffff,89a8100c5d7ffff,11341903975,303867318,12.7722,0.289086,athlete
89a8100c503ffff,89a8100e367ffff,11341903975,142814786,19.2946,0.003067,athlete
89a8100c507ffff,89a8100c503ffff,11401601119,11341903975,7.3692,0.700792,athlete
89a8100c507ffff,89a8100c507ffff,11401601119,11401601119,1.3676,0.988507,athlete
89a8100c507ffff,89a8100c50bffff,11401601119,13452873729,15.9688,0.096938,athlete
89a8100c507ffff,89a8100c50fffff,11401601119,11279900601,8.1606,0.642463,athlete
89a8100c507ffff,89a8100c513ffff,11401601119,303862596,13.2173,0.257936,athlete
89a8100c507ffff,89a8100c517ffff,11401601119,11409667724,9.4613,0.542259,athlete
89a8100c507ffff,89a8100c51bffff,11401601119,12586078227,14.8069,0.157331,athlete
89a8100c507ffff,89a8100c533ffff,11401601119,11384427621,5.6333,0.816692,athlete
89a8100c507ffff,89a8100c53bffff,11401601119,2308420508,6.021,0.792559,athlete
89a8100c507ffff,89a8100c547ffff,11401601119,12703971545,19.4504,0.001862,athlete
89a8100c507ffff,89a8100c557ffff,11401601119,12697580224,19.6503,0.000754,athlete
89a8100c507ffff,89a8100c573ffff,11401601119,457593059,14.7167,0.162524,athlete
89a8100c507ffff,89a8100c583ffff,11401601119,12265197248,19.2243,0.003707,athlete
89a8100c507ffff,89a8100c587ffff,11401601119,11373935088,15.9917,0.095873,athlete
89a8100c507ffff,89a8100c58bffff,11401601119,1393378103,17.1664,0.048717,athlete
89a8100c507ffff,89a8100c58fffff,11401601119,4252790480,13.8534,0.215501,athlete
89a8100c507ffff,89a8100c5abffff,11401601119,11394279071,6.0532,0.790504,athlete
89a8100c507ffff,89a8100c5bbffff,11401601119,303855012,10.7528,0.441011,athlete
89a8100c507ffff,89a8100c5c7ffff,11401601119,2816708327,16.3169,0.081371,athlete
89a8100c507ffff,89a8100c5d7ffff,11401601119,303867318,18.9153,0.00724,athlete
89a8100c50bffff,89a8100c427ffff,13452873729,12986505496,17.7077,0.032063,athlete
89a8100c50bffff,89a8100c503ffff,13452873729,11341903975,10.2309,0.481866,athlete
89a8100c50bffff,89a8100c507ffff,13452873729,11401601119,14.0352,0.203873,athlete
89a8100c50bffff,89a8100c50bffff,13452873729,13452873729,1.2189,0.990863,athlete
89a8100c50bffff,89a8100c50fffff,13452873729,11279900601,6.6994,0.747771,athlete
89a8100c50bffff,89a8100c513ffff,13452873729,303862596,11.8791,0.354551,athlete
89a8100c50bffff,89a8100c517ffff,13452873729,11409667724,17.423,0.040409,athlete
89a8100c50bffff,89a8100c51bffff,13452873729,12586078227,9.4554,0.542717,athlete
89a8100c50bffff,89a8100c533ffff,13452873729,11384427621,18.3009,0.017702,athlete
89a8100c50bffff,89a8100c53bffff,13452873729,2308420508,16.1801,0.087341,athlete
89a8100c50bffff,89a8100c543ffff,13452873729,7721333437,15.1201,0.139842,athlete
89a8100c50bffff,89a8100c547ffff,13452873729,12703971545,6.2781,0.775948,athlete
89a8100c50bffff,89a8100c54bffff,13452873729,8944143746,18.03,0.023748,athlete
89a8100c50bffff,89a8100c54fffff,13452873729,11423253323,13.1178,0.264799,athlete
89a8100c50bffff,89a8100c553ffff,13452873729,12227887010,14.2285,0.191779,athlete
89a8100c50bffff,89a8100c557ffff,13452873729,12697580224,4.9004,0.859039,athlete
89a8100c50bffff,89a8100c55bffff,13452873729,12697580033,17.1783,0.048313,athlete
89a8100c50bffff,89a8100c573ffff,13452873729,457593059,5.4724,0.826371,athlete
89a8100c50bffff,89a8100c58bffff,13452873729,1393378103,15.8282,0.103568,athlete
89a8100c50bffff,89a8100c58fffff,13452873729,4252790480,16.9197,0.057396,athlete
89a8100c50bffff,89a8100c59bffff,13452873729,8954073387,19.2505,0.003461,athlete
89a8100c50bffff,89a8100c5abffff,13452873729,11394279071,17.5109,0.037732,athlete
89a8100c50bffff,89a8100c5bbffff,13452873729,303855012,19.3834,0.002343,athlete
89a8100c50bffff,89a8100c5c3ffff,13452873729,303868171,15.7958,0.105126,athlete
89a8100c50bffff,89a8100c5c7ffff,13452873729,2816708327,14.9787,0.147633,athlete
89a8100c50bffff,89a8100c5cbffff,13452873729,13037844868,14.5097,0.174699,athlete
89a8100c50bffff,89a8100c5cfffff,13452873729,2687705140,12.6346,0.298935,athlete
89a8100c50bffff,89a8100c5d7ffff,13452873729,303867318,17.5771,0.035776,athlete
89a8100c50fffff,89a8100c503ffff,11279900601,11341903975,7.7453,0.673401,athlete
89a8100c50fffff,89a8100c507ffff,11279900601,11401601119,7.5389,0.688516,athlete
89a8100c50fffff,89a8100c50bffff,11279900601,13452873729,8.0112,0.653671,athlete
89a8100c50fffff,89a8100c50fffff,11279900601,11279900601,0.2031,0.999746,athlete
89a8100c50fffff,89a8100c513ffff,11279900601,303862596,12.7697,0.289265,athlete
89a8100c50fffff,89a8100c517ffff,11279900601,11409667724,10.9266,0.42748,athlete
89a8100c50fffff,89a8100c51bffff,11279900601,12586078227,10.8165,0.43605,athlete
89a8100c50fffff,89a8100c533ffff,11279900601,11384427621,11.8046,0.360158,athlete
89a8100c50fffff,89a8100c53bffff,11279900601,2308420508,9.8812,0.509328,athlete
89a8100c50fffff,89a8100c547ffff,11279900601,12703971545,11.4929,0.383821,athlete
89a8100c50fffff,89a8100c54fffff,11279900601,11423253323,18.3326,0.017052,athlete
89a8100c50fffff,89a8100c557ffff,11279900601,12697580224,11.6928,0.368612,athlete
89a8100c50fffff,89a8100c573ffff,11279900601,457593059,6.7592,0.743683,athlete
89a8100c50fffff,89a8100c587ffff,11279900601,11373935088,17.4571,0.039361,athlete
89a8100c50fffff,89a8100c58bffff,11279900601,1393378103,16.7188,0.064953,athlete
89a8100c50fffff,89a8100c58fffff,11279900601,4252790480,15.3187,0.129197,athlete
89a8100c50fffff,89a8100c5abffff,11279900601,11394279071,11.0146,0.420651,athlete
89a8100c50fffff,89a8100c5bbffff,11279900601,303855012,12.8871,0.280944,athlete
89a8100c50fffff,89a8100c5c7ffff,11279900601,2816708327,15.8693,0.101609,athlete
89a8100c50fffff,89a8100c5cfffff,11279900601,2687705140,18.6004,0.012034,athlete
89a8100c50fffff,89a8100c5d7ffff,11279900601,303867318,18.4678,0.014412,athlete
89a8100c513ffff,89a8100c503ffff,303862596,11341903975,9.5286,0.536988,athlete
89a8100c513ffff,89a8100c507ffff,303862596,11401601119,14.9808,0.147514,athlete
89a8100c513ffff,89a8100c50bffff,303862596,13452873729,14.3405,0.184902,athlete
89a8100c513ffff,89a8100c50fffff,303862596,11279900601,14.9397,0.149809,athlete
89a8100c513ffff,89a8100c513ffff,303862596,303862596,1.2892,0.989783,athlete
89a8100c513ffff,89a8100c517ffff,303862596,11409667724,8.4099,0.623592,athlete
89a8100c513ffff,89a8100c51bffff,303862596,12586078227,9.0215,0.576553,athlete
89a8100c513ffff,89a8100c533ffff,303862596,11384427621,18.5293,0.013282,athlete
89a8100c513ffff,89a8100c53bffff,303862596,2308420508,19.468,0.001745,athlete
89a8100c513ffff,89a8100c547ffff,303862596,12703971545,17.1665,0.048711,athlete
89a8100c513ffff,89a8100c557ffff,303862596,12697580224,15.7743,0.106164,athlete
89a8100c513ffff,89a8100c573ffff,303862596,457593059,18.3717,0.016266,athlete
89a8100c513ffff,89a8100c583ffff,303862596,12265197248,10.3631,0.4715,athlete
89a8100c513ffff,89a8100c587ffff,303862596,11373935088,9.9406,0.504664,athlete
89a8100c513ffff,89a8100c58bffff,303862596,1393378103,5.2383,0.840074,athlete
89a8100c513ffff,89a8100c58fffff,303862596,4252790480,6.3298,0.772553,athlete
89a8100c513ffff,89a8100c593ffff,303862596,304111065,13.352,0.24873,athlete
89a8100c513ffff,89a8100c597ffff,303862596,8943051152,14.4294,0.17951,athlete
89a8100c513ffff,89a8100c59bffff,303862596,8954073387,8.6606,0.60442,athlete
89a8100c513ffff,89a8100c5abffff,303862596,11394279071,13.2119,0.258306,athlete
89a8100c513ffff,89a8100c5bbffff,303862596,303855012,11.1582,0.409538,athlete
89a8100c513ffff,89a8100c5c3ffff,303862596,303868171,13.8639,0.214823,athlete
89a8100c513ffff,89a8100c5c7ffff,303862596,2816708327,6.7535,0.744069,athlete
89a8100c513ffff,89a8100c5cbffff,303862596,13037844868,17.2488,0.045966,athlete
89a8100c513ffff,89a8100c5cfffff,303862596,2687705140,13.3615,0.24809,athlete
89a8100c513ffff,89a8100c5d3ffff,303862596,1097971350,19.3671,0.002469,athlete
89a8100c513ffff,89a8100c5d7ffff,303862596,303867318,6.9872,0.727889,athlete
89a8100c513ffff,89a8100e32bffff,303862596,142777323,19.0383,0.005694,athlete
89a8100c513ffff,89a8100e32fffff,303862596,13305140329,14.96,0.148675,athlete
89a8100c513ffff,89a8100e363ffff,303862596,388512103,18.6459,0.011268,athlete
89a8100c513ffff,89a8100e367ffff,303862596,142814786,13.5096,0.238111,athlete
89a8100c513ffff,89a8100e36fffff,303862596,389063008,17.1027,0.050892,athlete
89a8100c513ffff,89a8100e377ffff,303862596,8550924518,19.6052,0.000961,athlete
89a8100c517ffff,89a8100c503ffff,11409667724,11341903975,11.8334,0.35799,athlete
89a8100c517ffff,89a8100c507ffff,11409667724,11401601119,11.2126,0.405339,athlete
89a8100c517ffff,89a8100c50fffff,11409667724,11279900601,13.5488,0.235488,athlete
89a8100c517ffff,89a8100c513ffff,11409667724,303862596,9.4635,0.542084,athlete
89a8100c517ffff,89a8100c517ffff,11409667724,11409667724,1.2372,0.990587,athlete
89a8100c517ffff,89a8100c51bffff,11409667724,12586078227,17.1709,0.048564,athlete
89a8100c517ffff,89a8100c533ffff,11409667724,11384427621,11.7982,0.360643,athlete
89a8100c517ffff,89a8100c53bffff,11409667724,2308420508,15.6767,0.110929,athlete
89a8100c517ffff,89a8100c583ffff,11409667724,12265197248,11.0003,0.421763,athlete
89a8100c517ffff,89a8100c587ffff,11409667724,11373935088,7.7677,0.671754,athlete
89a8100c517ffff,89a8100c58bffff,11409667724,1393378103,9.7059,0.523089,athlete
89a8100c517ffff,89a8100c58fffff,11409667724,4252790480,5.6293,0.816934,athlete
89a8100c517ffff,89a8100c593ffff,11409667724,304111065,16.9317,0.056958,athlete
89a8100c517ffff,89a8100c597ffff,11409667724,8943051152,15.0666,0.142766,athlete
89a8100c517ffff,89a8100c59bffff,11409667724,8954073387,14.0685,0.201769,athlete
89a8100c517ffff,89a8100c5abffff,11409667724,11394279071,6.4322,0.765775,athlete
89a8100c517ffff,89a8100c5bbffff,11409667724,303855012,6.105,0.78718,athlete
89a8100c517ffff,89a8100c5c7ffff,11409667724,2816708327,14.518,0.174204,athlete
89a8100c517ffff,89a8100c5d7ffff,11409667724,303867318,14.7517,0.160504,athlete
89a8100c517ffff,89a8100e32fffff,11409667724,13305140329,17.9974,0.024535,athlete
89a8100c517ffff,89a8100e367ffff,11409667724,142814786,18.9175,0.007211,athlete
89a8100c51bffff,89a8100c427ffff,12586078227,12986505496,15.5893,0.115277,athlete
89a8100c51bffff,89a8100c437ffff,12586078227,12941702505,18.2729,0.018287,athlete
89a8100c51bffff,89a8100c503ffff,12586078227,11341903975,7.0577,0.72295,athlete
89a8100c51bffff,89a8100c507ffff,12586078227,11401601119,12.1388,0.335159,athlete
89a8100c51bffff,89a8100c50bffff,12586078227,13452873729,8.3207,0.630369,athlete
89a8100c51bffff,89a8100c50fffff,12586078227,11279900601,9.1394,0.567388,athlete
89a8100c51bffff,89a8100c513ffff,12586078227,303862596,5.606,0.81835,athlete
89a8100c51bffff,89a8100c517ffff,12586078227,11409667724,12.7267,0.292334,athlete
89a8100c51bffff,89a8100c51bffff,12586078227,12586078227,0.6198,0.997633,athlete
89a8100c51bffff,89a8100c533ffff,12586078227,11384427621,16.4045,0.077646,athlete
89a8100c51bffff,89a8100c53bffff,12586078227,2308420508,14.9514,0.149156,athlete
89a8100c51bffff,89a8100c543ffff,12586078227,7721333437,15.4916,0.120226,athlete
89a8100c51bffff,89a8100c547ffff,12586078227,12703971545,11.1467,0.410422,athlete
89a8100c51bffff,89a8100c54bffff,12586078227,8944143746,19.1951,0.003991,athlete
89a8100c51bffff,89a8100c54fffff,12586078227,11423253323,17.8126,0.029226,athlete
89a8100c51bffff,89a8100c553ffff,12586078227,12227887010,14.6001,0.169341,athlete
89a8100c51bffff,89a8100c557ffff,12586078227,12697580224,9.0231,0.576425,athlete
89a8100c51bffff,89a8100c55bffff,12586078227,12697580033,18.3434,0.016833,athlete
89a8100c51bffff,89a8100c573ffff,12586078227,457593059,12.4092,0.315265,athlete
89a8100c51bffff,89a8100c583ffff,12586078227,12265197248,14.6799,0.164664,athlete
89a8100c51bffff,89a8100c587ffff,12586078227,11373935088,14.2574,0.189995,athlete
89a8100c51bffff,89a8100c58bffff,12586078227,1393378103,8.0017,0.654379,athlete
89a8100c51bffff,89a8100c58fffff,12586078227,4252790480,10.6466,0.449304,athlete
89a8100c51bffff,89a8100c593ffff,12586078227,304111065,16.1154,0.090229,athlete
89a8100c51bffff,89a8100c597ffff,12586078227,8943051152,18.606,0.011939,athlete
89a8100c51bffff,89a8100c59bffff,12586078227,8954073387,11.424,0.389086,athlete
89a8100c51bffff,89a8100c5abffff,12586078227,11394279071,15.6145,0.114017,athlete
89a8100c51bffff,89a8100c5bbffff,12586078227,303855012,15.475,0.121076,athlete
89a8100c51bffff,89a8100c5c3ffff,12586078227,303868171,10.8243,0.435444,athlete
89a8100c51bffff,89a8100c5c7ffff,12586078227,2816708327,6.8975,0.734141,athlete
89a8100c51bffff,89a8100c5cbffff,12586078227,13037844868,12.0754,0.339869,athlete
89a8100c51bffff,89a8100c5cfffff,12586078227,2687705140,8.7455,0.597891,athlete
89a8100c51bffff,89a8100c5d3ffff,12586078227,1097971350,16.3275,0.080915,athlete
89a8100c51bffff,89a8100c5d7ffff,12586078227,303867318,9.7506,0.519579,athlete
89a8100c51bffff,89a8100c5dbffff,12586078227,12535296158,17.1716,0.048539,athlete
89a8100c51bffff,89a8100e32fffff,12586078227,13305140329,17.7234,0.031631,athlete
89a8100c51bffff,89a8100e367ffff,12586078227,142814786,16.273,0.083265,athlete
89a8100c51bffff,89a8100e36fffff,12586078227,389063008,19.8662,0.00011,athlete
89a8100c533ffff,89a8100c503ffff,11384427621,11341903975,12.2538,0.326665,athlete
89a8100c533ffff,89a8100c507ffff,11384427621,11401601119,6.3509,0.771162,athlete
89a8100c533ffff,89a8100c50fffff,11384427621,11279900601,13.125,0.2643,athlete
89a8100c533ffff,89a8100c513ffff,11384427621,303862596,16.7682,0.063057,athlete
89a8100c533ffff,89a8100c517ffff,11384427621,11409667724,10.4748,0.462744,athlete
89a8100c533ffff,89a8100c51bffff,11384427621,12586078227,18.6865,0.010605,athlete
89a8100c533ffff,89a8100c533ffff,11384427621,11384427621,1.4931,0.986311,athlete
89a8100c533ffff,89a8100c53bffff,11384427621,2308420508,7.6778,0.678366,athlete
89a8100c533ffff,89a8100c573ffff,11384427621,457593059,19.6811,0.000627,athlete
89a8100c533ffff,89a8100c587ffff,11384427621,11373935088,17.0053,0.05431,athlete
89a8100c533ffff,89a8100c58bffff,11384427621,1393378103,18.9435,0.00687,athlete
89a8100c533ffff,89a8100c58fffff,11384427621,4252790480,14.8669,0.153917,athlete
89a8100c533ffff,89a8100c5abffff,11384427621,11394279071,7.056,0.723064,athlete
89a8100c533ffff,89a8100c5bbffff,11384427621,303855012,11.7557,0.363849,athlete
89a8100c533ffff,89a8100c5c7ffff,11384427621,2816708327,19.8678,0.000108,athlete
89a8100c53bffff,89a8100c503ffff,2308420508,11341903975,10.3493,0.47258,athlete
89a8100c53bffff,89a8100c507ffff,2308420508,11401601119,4.3477,0.887861,athlete
89a8100c53bffff,89a8100c50bffff,2308420508,13452873729,16.5702,0.070826,athlete
89a8100c53bffff,89a8100c50fffff,2308420508,11279900601,9.72,0.521981,athlete
89a8100c53bffff,89a8100c513ffff,2308420508,303862596,16.1974,0.086576,athlete
89a8100c53bffff,89a8100c517ffff,2308420508,11409667724,11.935,0.350351,athlete
89a8100c53bffff,89a8100c51bffff,2308420508,12586078227,16.6995,0.065705,athlete
89a8100c53bffff,89a8100c533ffff,2308420508,11384427621,5.225,0.840841,athlete
89a8100c53bffff,89a8100c53bffff,2308420508,2308420508,1.9248,0.977321,athlete
89a8100c53bffff,89a8100c573ffff,2308420508,457593059,15.3181,0.129227,athlete
89a8100c53bffff,89a8100c587ffff,2308420508,11373935088,18.4655,0.014455,athlete
89a8100c53bffff,89a8100c58fffff,2308420508,4252790480,16.3271,0.08093,athlete
89a8100c53bffff,89a8100c5abffff,2308420508,11394279071,8.5163,0.615478,athlete
89a8100c53bffff,89a8100c5bbffff,2308420508,303855012,13.2159,0.258026,athlete
89a8100c53bffff,89a8100c5c7ffff,2308420508,2816708327,19.297,0.003046,athlete
89a8100c543ffff,89a8100c087ffff,7721333437,6359582195,18.0951,0.022217,athlete
89a8100c543ffff,89a8100c097ffff,7721333437,459335450,17.908,0.026754,athlete
89a8100c543ffff,89a8100c0b3ffff,7721333437,4293906838,18.9901,0.006278,athlete
89a8100c543ffff,89a8100c427ffff,7721333437,12986505496,17.9964,0.024558,athlete
89a8100c543ffff,89a8100c50bffff,7721333437,13452873729,17.159,0.048967,athlete
89a8100c543ffff,89a8100c51bffff,7721333437,12586078227,18.7369,0.009809,athlete
89a8100c543ffff,89a8100c543ffff,7721333437,7721333437,0.9198,0.99479,athlete
89a8100c543ffff,89a8100c547ffff,7721333437,12703971545,12.6093,0.300758,athlete
89a8100c543ffff,89a8100c54bffff,7721333437,8944143746,13.6405,0.229404,athlete
89a8100c543ffff,89a8100c54fffff,7721333437,11423253323,8.5095,0.615999,athlete
89a8100c543ffff,89a8100c553ffff,7721333437,12227887010,8.0238,0.65273,athlete
89a8100c543ffff,89a8100c557ffff,7721333437,12697580224,12.7653,0.28958,athlete
89a8100c543ffff,89a8100c55bffff,7721333437,12697580033,12.7889,0.287902,athlete
89a8100c543ffff,89a8100c573ffff,7721333437,457593059,16.7971,0.061958,athlete
89a8100c543ffff,89a8100c5c3ffff,7721333437,303868171,19.0607,0.005433,athlete
89a8100c543ffff,89a8100c5c7ffff,7721333437,2816708327,19.9418,2.1e-05,athlete
89a8100c543ffff,89a8100c5cbffff,7721333437,13037844868,15.5267,0.118436,athlete
89a8100c543ffff,89a8100c5cfffff,7721333437,2687705140,15.8995,0.100183,athlete
89a8100c547ffff,89a8100c087ffff,12703971545,6359582195,17.4344,0.040057,athlete
89a8100c547ffff,89a8100c097ffff,12703971545,459335450,17.2473,0.046019,athlete
89a8100c547ffff,89a8100c0b3ffff,12703971545,4293906838,18.3294,0.017118,athlete
89a8100c547ffff,89a8100c427ffff,12703971545,12986505496,17.2599,0.045603,athlete
89a8100c547ffff,89a8100c437ffff,12703971545,12941702505,19.9435,2e-05,athlete
89a8100c547ffff,89a8100c503ffff,12703971545,11341903975,14.8307,0.155975,athlete
89a8100c547ffff,89a8100c507ffff,12703971545,11401601119,17.0221,0.05371,athlete
89a8100c547ffff,89a8100c50bffff,12703971545,13452873729,6.016,0.792877,athlete
89a8100c547ffff,89a8100c50fffff,12703971545,11279900601,9.6863,0.524628,athlete
89a8100c547ffff,89a8100c513ffff,12703971545,303862596,14.6597,0.165841,athlete
89a8100c547ffff,89a8100c51bffff,12703971545,12586078227,12.2361,0.327968,athlete
89a8100c547ffff,89a8100c53bffff,12703971545,2308420508,19.167,0.004274,athlete
89a8100c547ffff,89a8100c543ffff,12703971545,7721333437,11.24,0.403226,athlete
89a8100c547ffff,89a8100c547ffff,12703971545,12703971545,0.1289,0.999897,athlete
89a8100c547ffff,89a8100c54bffff,12703971545,8944143746,12.9798,0.27442,athlete
89a8100c547ffff,89a8100c54fffff,12703971545,11423253323,7.6884,0.677588,athlete
89a8100c547ffff,89a8100c553ffff,12703971545,12227887010,12.2222,0.328995,athlete
89a8100c547ffff,89a8100c557ffff,12703971545,12697580224,7.4686,0.693614,athlete
89a8100c547ffff,89a8100c55bffff,12703971545,12697580033,12.1281,0.335954,athlete
89a8100c547ffff,89a8100c573ffff,12703971545,457593059,5.3256,0.835016,athlete
89a8100c547ffff,89a8100c58bffff,12703971545,1393378103,18.6088,0.01189,athlete
89a8100c547ffff,89a8100c58fffff,12703971545,4252790480,19.7003,0.000554,athlete
89a8100c547ffff,89a8100c5c3ffff,12703971545,303868171,15.3479,0.127661,athlete
89a8100c547ffff,89a8100c5c7ffff,12703971545,2816708327,16.2291,0.085178,athlete
89a8100c547ffff,89a8100c5cbffff,12703971545,13037844868,14.0618,0.202192,athlete
89a8100c547ffff,89a8100c5cfffff,12703971545,2687705140,12.1868,0.331609,athlete
89a8100c547ffff,89a8100c5d7ffff,12703971545,303867318,18.4849,0.014093,athlete
89a8100c54bffff,89a8100c083ffff,8944143746,10879607506,11.3104,0.39781,athlete
89a8100c54bffff,89a8100c087ffff,8944143746,6359582195,7.2974,0.70594,athlete
89a8100c54bffff,89a8100c08fffff,8944143746,12501696631,13.7529,0.222027,athlete
89a8100c54bffff,89a8100c093ffff,8944143746,296285873,13.4332,0.243239,athlete
89a8100c54bffff,89a8100c097ffff,8944143746,459335450,8.4487,0.62064,athlete
89a8100c54bffff,89a8100c09bffff,8944143746,4293923366,18.0999,0.022106,athlete
89a8100c54bffff,89a8100c0b3ffff,8944143746,4293906838,8.1925,0.640065,athlete
89a8100c54bffff,89a8100c427ffff,8944143746,12986505496,11.7359,0.365348,athlete
89a8100c54bffff,89a8100c467ffff,8944143746,296285901,18.9197,0.007182,athlete
89a8100c54bffff,89a8100c543ffff,8944143746,7721333437,16.2081,0.086104,athlete
89a8100c54bffff,89a8100c547ffff,8944143746,12703971545,16.6187,0.068884,athlete
89a8100c54bffff,89a8100c54bffff,8944143746,8944143746,0.4918,0.998509,athlete
89a8100c54bffff,89a8100c54fffff,8944143746,11423253323,16.5456,0.071819,athlete
89a8100c54bffff,89a8100c553ffff,8944143746,12227887010,17.1325,0.04987,athlete
89a8100c54bffff,89a8100c557ffff,8944143746,12697580224,17.3863,0.04155,athlete
89a8100c54bffff,89a8100c55bffff,8944143746,12697580033,7.5343,0.688853,athlete
89a8100c54fffff,89a8100c087ffff,11423253323,6359582195,18.3152,0.017408,athlete
89a8100c54fffff,89a8100c097ffff,11423253323,459335450,18.1281,0.02146,athlete
89a8100c54fffff,89a8100c0b3ffff,11423253323,4293906838,19.2102,0.003843,athlete
89a8100c54fffff,89a8100c427ffff,11423253323,12986505496,19.5278,0.001375,athlete
89a8100c54fffff,89a8100c50bffff,11423253323,13452873729,16.7093,0.065324,athlete
89a8100c54fffff,89a8100c543ffff,11423253323,7721333437,8.392,0.624952,athlete
89a8100c54fffff,89a8100c547ffff,11423253323,12703971545,11.542,0.380072,athlete
89a8100c54fffff,89a8100c54bffff,11423253323,8944143746,13.8606,0.215033,athlete
89a8100c54fffff,89a8100c54fffff,11423253323,11423253323,1.331,0.989112,athlete
89a8100c54fffff,89a8100c553ffff,11423253323,12227887010,13.5377,0.236227,athlete
89a8100c54fffff,89a8100c557ffff,11423253323,12697580224,13.6584,0.228228,athlete
89a8100c54fffff,89a8100c55bffff,11423253323,12697580033,13.0089,0.272379,athlete
89a8100c54fffff,89a8100c573ffff,11423253323,457593059,16.0189,0.09462,athlete
89a8100c54fffff,89a8100c5cbffff,11423253323,13037844868,17.5609,0.03625,athlete
89a8100c54fffff,89a8100c5cfffff,11423253323,2687705140,17.4308,0.040167,athlete
89a8100c553ffff,89a8100c087ffff,12227887010,6359582195,18.7028,0.010345,athlete
89a8100c553ffff,89a8100c097ffff,12227887010,459335450,18.5157,0.013529,athlete
89a8100c553ffff,89a8100c0b3ffff,12227887010,4293906838,19.5978,0.000998,athlete
89a8100c553ffff,89a8100c423ffff,12227887010,12915366285,17.2412,0.046219,athlete
89a8100c553ffff,89a8100c427ffff,12227887010,12986505496,11.7768,0.362258,athlete
89a8100c553ffff,89a8100c437ffff,12227887010,12941702505,14.4603,0.177652,athlete
89a8100c553ffff,89a8100c4afffff,12227887010,12996381317,17.6777,0.032899,athlete
89a8100c553ffff,89a8100c50bffff,12227887010,13452873729,14.636,0.167231,athlete
89a8100c553ffff,89a8100c513ffff,12227887010,303862596,19.0128,0.005999,athlete
89a8100c553ffff,89a8100c51bffff,12227887010,12586078227,16.2139,0.085848,athlete
89a8100c553ffff,89a8100c543ffff,12227887010,7721333437,6.3923,0.768423,athlete
89a8100c553ffff,89a8100c547ffff,12227887010,12703971545,12.9645,0.27549,athlete
89a8100c553ffff,89a8100c54bffff,12227887010,8944143746,14.2482,0.190564,athlete
89a8100c553ffff,89a8100c54fffff,12227887010,11423253323,13.3226,0.250728,athlete
89a8100c553ffff,89a8100c553ffff,12227887010,12227887010,0.7364,0.996658,athlete
89a8100c553ffff,89a8100c557ffff,12227887010,12697580224,10.2423,0.480978,athlete
89a8100c553ffff,89a8100c55bffff,12227887010,12697580033,13.3965,0.245715,athlete
89a8100c553ffff,89a8100c573ffff,12227887010,457593059,17.1523,0.049194,athlete
89a8100c553ffff,89a8100c58bffff,12227887010,1393378103,19.6047,0.000964,athlete
89a8100c553ffff,89a8100c5c3ffff,12227887010,303868171,13.6737,0.22722,athlete
89a8100c553ffff,89a8100c5c7ffff,12227887010,2816708327,16.3275,0.080914,athlete
89a8100c553ffff,89a8100c5cbffff,12227887010,13037844868,8.2394,0.636523,athlete
89a8100c553ffff,89a8100c5cfffff,12227887010,2687705140,12.2852,0.324354,athlete
89a8100c553ffff,89a8100c5d3ffff,12227887010,1097971350,17.4016,0.041071,athlete
89a8100c553ffff,89a8100c5d7ffff,12227887010,303867318,15.8212,0.103904,athlete
89a8100c553ffff,89a8100c5dbffff,12227887010,12535296158,16.6203,0.06882,athlete
89a8100c553ffff,89a8100e367ffff,12227887010,142814786,19.1592,0.004354,athlete
89a8100c557ffff,89a8100c087ffff,12697580224,6359582195,17.809,0.029321,athlete
89a8100c557ffff,89a8100c097ffff,12697580224,459335450,17.6219,0.034482,athlete
89a8100c557ffff,89a8100c0b3ffff,12697580224,4293906838,18.704,0.010325,athlete
89a8100c557ffff,89a8100c423ffff,12697580224,12915366285,18.4966,0.013878,athlete
89a8100c557ffff,89a8100c427ffff,12697580224,12986505496,13.0322,0.270757,athlete
89a8100c557ffff,89a8100c437ffff,12697580224,12941702505,15.7157,0.109015,athlete
89a8100c557ffff,89a8100c4afffff,12697580224,12996381317,18.9331,0.007005,athlete
89a8100c557ffff,89a8100c503ffff,12697580224,11341903975,13.255,0.255345,athlete
89a8100c557ffff,89a8100c507ffff,12697580224,11401601119,17.3958,0.041253,athlete
89a8100c557ffff,89a8100c50bffff,12697580224,13452873729,4.6186,0.87409,athlete
89a8100c557ffff,89a8100c50fffff,12697580224,11279900601,10.06,0.495288,athlete
89a8100c557ffff,89a8100c513ffff,12697580224,303862596,12.9899,0.273713,athlete
89a8100c557ffff,89a8100c51bffff,12697580224,12586078227,8.7072,0.600841,athlete
89a8100c557ffff,89a8100c53bffff,12697580224,2308420508,19.5407,0.001301,athlete
89a8100c557ffff,89a8100c543ffff,12697580224,7721333437,10.4445,0.465119,athlete
89a8100c557ffff,89a8100c547ffff,12697580224,12703971545,6.9927,0.727504,athlete
89a8100c557ffff,89a8100c54bffff,12697580224,8944143746,13.3544,0.248566,athlete
89a8100c557ffff,89a8100c54fffff,12697580224,11423253323,11.9719,0.347589,athlete
89a8100c557ffff,89a8100c553ffff,12697580224,12227887010,9.5529,0.535084,athlete
89a8100c557ffff,89a8100c557ffff,12697580224,12697580224,0.2249,0.999688,athlete
89a8100c557ffff,89a8100c55bffff,12697580224,12697580033,12.5028,0.308459,athlete
89a8100c557ffff,89a8100c573ffff,12697580224,457593059,8.6038,0.608778,athlete
89a8100c557ffff,89a8100c58bffff,12697580224,1393378103,15.2786,0.13132,athlete
89a8100c557ffff,89a8100c58fffff,12697580224,4252790480,18.0305,0.023737,athlete
89a8100c557ffff,89a8100c59bffff,12697580224,8954073387,18.2181,0.019459,athlete
89a8100c557ffff,89a8100c5c3ffff,12697580224,303868171,11.1202,0.412474,athlete
89a8100c557ffff,89a8100c5c7ffff,12697580224,2816708327,12.0014,0.345389,athlete
89a8100c557ffff,89a8100c5cbffff,12697580224,13037844868,9.8341,0.51303,athlete
89a8100c557ffff,89a8100c5cfffff,12697580224,2687705140,7.959,0.657567,athlete
89a8100c557ffff,89a8100c5d3ffff,12697580224,1097971350,16.5955,0.069808,athlete
89a8100c557ffff,89a8100c5d7ffff,12697580224,303867318,14.2571,0.190012,athlete
89a8100c557ffff,89a8100c5dbffff,12697580224,12535296158,15.8142,0.104242,athlete
89a8100c55bffff,89a8100c083ffff,12697580033,10879607506,11.4496,0.387127,athlete
89a8100c55bffff,89a8100c087ffff,12697580033,6359582195,8.1567,0.642761,athlete
89a8100c55bffff,89a8100c08fffff,12697580033,12501696631,13.8922,0.213001,athlete
89a8100c55bffff,89a8100c093ffff,12697580033,296285873,13.5725,0.233914,athlete
89a8100c55bffff,89a8100c097ffff,12697580033,459335450,7.4375,0.695869,athlete
89a8100c55bffff,89a8100c09bffff,12697580033,4293923366,18.2392,0.019004,athlete
89a8100c55bffff,89a8100c0b3ffff,12697580033,4293906838,9.0517,0.574206,athlete
89a8100c55bffff,89a8100c427ffff,12697580033,12986505496,10.0005,0.499958,athlete
89a8100c55bffff,89a8100c437ffff,12697580033,12941702505,18.7617,0.009428,athlete
89a8100c55bffff,89a8100c467ffff,12697580033,296285901,19.059,0.005452,athlete
89a8100c55bffff,89a8100c50bffff,12697580033,13452873729,17.9314,0.026165,athlete
89a8100c55bffff,89a8100c543ffff,12697580033,7721333437,12.6426,0.298359,athlete
89a8100c55bffff,89a8100c547ffff,12697580033,12703971545,13.0532,0.269289,athlete
89a8100c55bffff,89a8100c54bffff,12697580033,8944143746,5.1864,0.843053,athlete
89a8100c55bffff,89a8100c54fffff,12697580033,11423253323,12.9801,0.274395,athlete
89a8100c55bffff,89a8100c553ffff,12697580033,12227887010,13.567,0.234278,athlete
89a8100c55bffff,89a8100c557ffff,12697580033,12697580224,13.8209,0.217605,athlete
89a8100c55bffff,89a8100c55bffff,12697580033,12697580033,1.0634,0.99304,athlete
89a8100c55bffff,89a8100c573ffff,12697580033,457593059,17.241,0.046225,athlete
89a8100c55bffff,89a8100c5cbffff,12697580033,13037844868,17.5902,0.035396,athlete
89a8100c55bffff,89a8100c5cfffff,12697580033,2687705140,17.4601,0.039269,athlete
89a8100c573ffff,89a8100c503ffff,457593059,11341903975,10.9705,0.424073,athlete
89a8100c573ffff,89a8100c507ffff,457593059,11401601119,12.7588,0.290044,athlete
89a8100c573ffff,89a8100c50bffff,457593059,13452873729,5.6652,0.814751,athlete
89a8100c573ffff,89a8100c50fffff,457593059,11279900601,5.4229,0.829302,athlete
89a8100c573ffff,89a8100c513ffff,457593059,303862596,15.8498,0.102537,athlete
89a8100c573ffff,89a8100c517ffff,457593059,11409667724,16.1465,0.088835,athlete
89a8100c573ffff,89a8100c51bffff,457593059,12586078227,13.8966,0.212717,athlete
89a8100c573ffff,89a8100c533ffff,457593059,11384427621,17.0245,0.053627,athlete
89a8100c573ffff,89a8100c53bffff,457593059,2308420508,14.9036,0.151838,athlete
89a8100c573ffff,89a8100c543ffff,457593059,7721333437,16.3568,0.079663,athlete
89a8100c573ffff,89a8100c547ffff,457593059,12703971545,5.9655,0.796079,athlete
89a8100c573ffff,89a8100c54bffff,457593059,8944143746,17.8559,0.028091,athlete
89a8100c573ffff,89a8100c54fffff,457593059,11423253323,12.8052,0.286738,athlete
89a8100c573ffff,89a8100c553ffff,457593059,12227887010,17.0982,0.051047,athlete
89a8100c573ffff,89a8100c557ffff,457593059,12697580224,9.3467,0.551217,athlete
89a8100c573ffff,89a8100c55bffff,457593059,12697580033,17.0042,0.054347,athlete
89a8100c573ffff,89a8100c573ffff,457593059,457593059,1.0622,0.993056,athlete
89a8100c573ffff,89a8100c58bffff,457593059,1393378103,19.7989,0.000249,athlete
89a8100c573ffff,89a8100c5abffff,457593059,11394279071,16.2345,0.084944,athlete
89a8100c573ffff,89a8100c5bbffff,457593059,303855012,18.1069,0.021944,athlete
89a8100c573ffff,89a8100c5c3ffff,457593059,303868171,19.7309,0.000447,athlete
89a8100c573ffff,89a8100c5c7ffff,457593059,2816708327,18.9494,0.006793,athlete
89a8100c573ffff,89a8100c5cbffff,457593059,13037844868,18.4448,0.014845,athlete
89a8100c573ffff,89a8100c5cfffff,457593059,2687705140,16.5697,0.070844,athlete
89a8100c583ffff,89a8100c513ffff,12265197248,303862596,14.5546,0.172026,athlete
89a8100c583ffff,89a8100c517ffff,12265197248,11409667724,14.3333,0.185345,athlete
89a8100c583ffff,89a8100c583ffff,12265197248,12265197248,0.6592,0.997322,athlete
89a8100c583ffff,89a8100c587ffff,12265197248,11373935088,8.1565,0.64277,athlete
89a8100c583ffff,89a8100c58bffff,12265197248,1393378103,14.797,0.157899,athlete
89a8100c583ffff,89a8100c58fffff,12265197248,4252790480,7.9847,0.655649,athlete
89a8100c583ffff,89a8100c593ffff,12265197248,304111065,13.4923,0.239266,athlete
89a8100c583ffff,89a8100c597ffff,12265197248,8943051152,12.5855,0.302472,athlete
89a8100c583ffff,89a8100c59bffff,12265197248,8954073387,14.1773,0.194959,athlete
89a8100c583ffff,89a8100c5abffff,12265197248,11394279071,18.9871,0.006315,athlete
89a8100c583ffff,89a8100c5bbffff,12265197248,303855012,14.3005,0.187346,athlete
89a8100c583ffff,89a8100c5c7ffff,12265197248,2816708327,19.6091,0.000942,athlete
89a8100c583ffff,89a8100c5d7ffff,12265197248,303867318,19.1297,0.004665,athlete
89a8100c583ffff,89a8100e32bffff,12265197248,142777323,19.9695,6e-06,athlete
89a8100c583ffff,89a8100e32fffff,12265197248,13305140329,15.1003,0.140921,athlete
89a8100c583ffff,89a8100e367ffff,12265197248,142814786,14.4463,0.178493,athlete
89a8100c587ffff,89a8100c503ffff,11373935088,11341903975,17.148,0.04934,athlete
89a8100c587ffff,89a8100c513ffff,11373935088,303862596,13.9402,0.209921,athlete
89a8100c587ffff,89a8100c517ffff,11373935088,11409667724,10.3843,0.469835,athlete
89a8100c587ffff,89a8100c583ffff,11373935088,12265197248,8.1483,0.643394,athlete
89a8100c587ffff,89a8100c587ffff,11373935088,11373935088,1.3578,0.988671,athlete
89a8100c587ffff,89a8100c58bffff,11373935088,1393378103,14.1826,0.19463,athlete
89a8100c587ffff,89a8100c58fffff,11373935088,4252790480,5.8326,0.804428,athlete
89a8100c587ffff,89a8100c593ffff,11373935088,304111065,12.8449,0.283925,athlete
89a8100c587ffff,89a8100c597ffff,11373935088,8943051152,10.9798,0.423348,athlete
89a8100c587ffff,89a8100c59bffff,11373935088,8954073387,17.0273,0.053527,athlete
89a8100c587ffff,89a8100c5abffff,11373935088,11394279071,14.7815,0.158786,athlete
89a8100c587ffff,89a8100c5bbffff,11373935088,303855012,10.0949,0.492544,athlete
89a8100c587ffff,89a8100c5c7ffff,11373935088,2816708327,18.9946,0.006222,athlete
89a8100c587ffff,89a8100c5d7ffff,11373935088,303867318,19.2283,0.003669,athlete
89a8100c587ffff,89a8100e32bffff,11373935088,142777323,19.5634,0.001175,athlete
89a8100c587ffff,89a8100e32fffff,11373935088,13305140329,13.9106,0.211818,athlete
89a8100c587ffff,89a8100e367ffff,11373935088,142814786,17.2964,0.044416,athlete
89a8100c58bffff,89a8100c503ffff,1393378103,11341903975,15.0369,0.144402,athlete
89a8100c58bffff,89a8100c507ffff,1393378103,11401601119,19.7574,0.000363,athlete
89a8100c58bffff,89a8100c50bffff,1393378103,13452873729,19.8488,0.000141,athlete
89a8100c58bffff,89a8100c513ffff,1393378103,303862596,6.7975,0.741051,athlete
89a8100c58bffff,89a8100c517ffff,1393378103,11409667724,9.8729,0.50998,athlete
89a8100c58bffff,89a8100c51bffff,1393378103,12586078227,12.9041,0.279742,athlete
89a8100c58bffff,89a8100c557ffff,1393378103,12697580224,19.6358,0.000818,athlete
89a8100c58bffff,89a8100c583ffff,1393378103,12265197248,11.8261,0.358536,athlete
89a8100c58bffff,89a8100c587ffff,1393378103,11373935088,11.4037,0.390648,athlete
89a8100c58bffff,89a8100c58bffff,1393378103,1393378103,0.502,0.998446,athlete
89a8100c58bffff,89a8100c58fffff,1393378103,4252790480,7.7928,0.669899,athlete
89a8100c58bffff,89a8100c593ffff,1393378103,304111065,9.6862,0.52464,athlete
89a8100c58bffff,89a8100c597ffff,1393378103,8943051152,12.1767,0.332353,athlete
89a8100c58bffff,89a8100c59bffff,1393378103,8954073387,4.9948,0.853845,athlete
89a8100c58bffff,89a8100c5abffff,1393378103,11394279071,14.6749,0.164954,athlete
89a8100c58bffff,89a8100c5bbffff,1393378103,303855012,12.6212,0.299898,athlete
89a8100c58bffff,89a8100c5c3ffff,1393378103,303868171,15.0032,0.146267,athlete
89a8100c58bffff,89a8100c5c7ffff,1393378103,2816708327,8.0797,0.648546,athlete
89a8100c58bffff,89a8100c5cbffff,1393378103,13037844868,18.3882,0.01594,athlete
89a8100c58bffff,89a8100c5cfffff,1393378103,2687705140,15.1322,0.139184,athlete
89a8100c58bffff,89a8100c5d3ffff,1393378103,1097971350,18.5955,0.012119,athlete
89a8100c58bffff,89a8100c5d7ffff,1393378103,303867318,8.1266,0.645023,athlete
89a8100c58bffff,89a8100e32bffff,1393378103,142777323,15.3724,0.126381,athlete
89a8100c58bffff,89a8100e32fffff,1393378103,13305140329,11.2941,0.399058,athlete
89a8100c58bffff,89a8100e363ffff,1393378103,388512103,14.98,0.147558,athlete
89a8100c58bffff,89a8100e367ffff,1393378103,142814786,9.8437,0.512276,athlete
89a8100c58bffff,89a8100e36fffff,1393378103,389063008,13.4369,0.242991,athlete
89a8100c58bffff,89a8100e373ffff,1393378103,387095764,18.6615,0.011011,athlete
89a8100c58bffff,89a8100e377ffff,1393378103,8550924518,15.9393,0.098311,athlete
89a8100c58fffff,89a8100c503ffff,4252790480,11341903975,13.7006,0.225446,athlete
89a8100c58fffff,89a8100c507ffff,4252790480,11401601119,16.9904,0.054839,athlete
89a8100c58fffff,89a8100c50fffff,4252790480,11279900601,19.3267,0.002794,athlete
89a8100c58fffff,89a8100c513ffff,4252790480,303862596,9.2292,0.56039,athlete
89a8100c58fffff,89a8100c517ffff,4252790480,11409667724,7.106,0.719547,athlete
89a8100c58fffff,89a8100c51bffff,4252790480,12586078227,16.9615,0.055878,athlete
89a8100c58fffff,89a8100c533ffff,4252790480,11384427621,17.576,0.035809,athlete
89a8100c58fffff,89a8100c583ffff,4252790480,12265197248,6.5017,0.761134,athlete
89a8100c58fffff,89a8100c587ffff,4252790480,11373935088,4.8674,0.860839,athlete
89a8100c58fffff,89a8100c58bffff,4252790480,1393378103,9.4716,0.541454,athlete
89a8100c58fffff,89a8100c58fffff,4252790480,4252790480,0.7575,0.996465,athlete
89a8100c58fffff,89a8100c593ffff,4252790480,304111065,12.4222,0.31432,athlete
89a8100c58fffff,89a8100c597ffff,4252790480,8943051152,10.5571,0.456302,athlete
89a8100c58fffff,89a8100c59bffff,4252790480,8954073387,13.8342,0.21674,athlete
89a8100c58fffff,89a8100c5abffff,4252790480,11394279071,11.8617,0.355861,athlete
89a8100c58fffff,89a8100c5bbffff,4252790480,303855012,7.1751,0.714659,athlete
89a8100c58fffff,89a8100c5c7ffff,4252790480,2816708327,14.2836,0.188382,athlete
89a8100c58fffff,89a8100c5d7ffff,4252790480,303867318,14.5173,0.174242,athlete
89a8100c58fffff,89a8100e32bffff,4252790480,142777323,19.1407,0.004548,athlete
89a8100c58fffff,89a8100e32fffff,4252790480,13305140329,13.4878,0.239565,athlete
89a8100c58fffff,89a8100e367ffff,4252790480,142814786,14.7854,0.158562,athlete
89a8100c593ffff,89a8100c513ffff,304111065,303862596,17.9418,0.025905,athlete
89a8100c593ffff,89a8100c517ffff,304111065,11409667724,19.1358,0.0046,athlete
89a8100c593ffff,89a8100c583ffff,304111065,12265197248,12.7011,0.294167,athlete
89a8100c593ffff,89a8100c587ffff,304111065,11373935088,12.088,0.338933,athlete
89a8100c593ffff,89a8100c58bffff,304111065,1393378103,11.9842,0.346672,athlete
89a8100c593ffff,89a8100c58fffff,304111065,4252790480,12.9757,0.274706,athlete
89a8100c593ffff,89a8100c593ffff,304111065,304111065,1.2545,0.990323,athlete
89a8100c593ffff,89a8100c597ffff,304111065,8943051152,5.5688,0.820597,athlete
89a8100c593ffff,89a8100c59bffff,304111065,8954073387,8.1861,0.640546,athlete
89a8100c593ffff,89a8100c5bbffff,304111065,303855012,19.1018,0.004968,athlete
89a8100c593ffff,89a8100c5c7ffff,304111065,2816708327,17.0589,0.052417,athlete
89a8100c593ffff,89a8100c5d3ffff,304111065,1097971350,18.0905,0.022324,athlete
89a8100c593ffff,89a8100c5d7ffff,304111065,303867318,14.5811,0.170456,athlete
89a8100c593ffff,89a8100e30fffff,304111065,8002779153,15.7797,0.105903,athlete
89a8100c593ffff,89a8100e32bffff,304111065,142777323,7.973,0.656524,athlete
89a8100c593ffff,89a8100e32fffff,304111065,13305140329,4.6862,0.870544,athlete
89a8100c593ffff,89a8100e33bffff,304111065,40257098,16.2906,0.082504,athlete
89a8100c593ffff,89a8100e363ffff,304111065,388512103,14.475,0.176769,athlete
89a8100c593ffff,89a8100e367ffff,304111065,142814786,6.7667,0.743165,athlete
89a8100c593ffff,89a8100e36bffff,304111065,389063054,19.5304,0.001359,athlete
89a8100c593ffff,89a8100e36fffff,304111065,389063008,12.9319,0.277784,athlete
89a8100c593ffff,89a8100e373ffff,304111065,387095764,18.1565,0.020818,athlete
89a8100c593ffff,89a8100e377ffff,304111065,8550924518,15.4343,0.123166,athlete
89a8100c597ffff,89a8100c513ffff,8943051152,303862596,16.4601,0.075327,athlete
89a8100c597ffff,89a8100c517ffff,8943051152,11409667724,16.0502,0.093186,athlete
89a8100c597ffff,89a8100c583ffff,8943051152,12265197248,10.6369,0.45006,athlete
89a8100c597ffff,89a8100c587ffff,8943051152,11373935088,9.0025,0.578026,athlete
89a8100c597ffff,89a8100c58bffff,8943051152,1393378103,15.018,0.145449,athlete
89a8100c597ffff,89a8100c58fffff,8943051152,4252790480,9.8902,0.508625,athlete
89a8100c597ffff,89a8100c593ffff,8943051152,304111065,5.2762,0.837889,athlete
89a8100c597ffff,89a8100c597ffff,8943051152,8943051152,1.3669,0.988518,athlete
89a8100c597ffff,89a8100c59bffff,8943051152,8954073387,12.2077,0.330062,athlete
89a8100c597ffff,89a8100c5bbffff,8943051152,303855012,16.0163,0.094741,athlete
89a8100c597ffff,89a8100c5d7ffff,8943051152,303867318,17.6149,0.034681,athlete
89a8100c597ffff,89a8100e30fffff,8943051152,8002779153,19.8013,0.000243,athlete
89a8100c597ffff,89a8100e32bffff,8943051152,142777323,11.9946,0.345892,athlete
89a8100c597ffff,89a8100e32fffff,8943051152,13305140329,6.3418,0.77176,athlete
89a8100c597ffff,89a8100e363ffff,8943051152,388512103,18.4967,0.013876,athlete
89a8100c597ffff,89a8100e367ffff,8943051152,142814786,10.7883,0.438242,athlete
89a8100c597ffff,89a8100e36fffff,8943051152,389063008,16.9535,0.056166,athlete
89a8100c597ffff,89a8100e377ffff,8943051152,8550924518,19.456,0.001825,athlete
89a8100c59bffff,89a8100c503ffff,8954073387,11341903975,19.1886,0.004055,athlete
89a8100c59bffff,89a8100c513ffff,8954073387,303862596,10.9492,0.425728,athlete
89a8100c59bffff,89a8100c517ffff,8954073387,11409667724,14.3284,0.185641,athlete
89a8100c59bffff,89a8100c51bffff,8954073387,12586078227,16.3233,0.081096,athlete
89a8100c59bffff,89a8100c583ffff,8954073387,12265197248,11.0736,0.416078,athlete
89a8100c59bffff,89a8100c587ffff,8954073387,11373935088,13.5157,0.237703,athlete
89a8100c59bffff,89a8100c58bffff,8954073387,1393378103,4.9916,0.854018,athlete
89a8100c59bffff,89a8100c58fffff,8954073387,4252790480,12.2483,0.327067,athlete
89a8100c59bffff,89a8100c593ffff,8954073387,304111065,6.9058,0.733559,athlete
89a8100c59bffff,89a8100c597ffff,8954073387,8943051152,9.8181,0.514287,athlete
89a8100c59bffff,89a8100c59bffff,8954073387,8954073387,0.4275,0.998873,athlete
89a8100c59bffff,89a8100c5abffff,8954073387,11394279071,19.1304,0.004658,athlete
89a8100c59bffff,89a8100c5bbffff,8954073387,303855012,17.0767,0.051795,athlete
89a8100c59bffff,89a8100c5c3ffff,8954073387,303868171,14.7784,0.158967,athlete
89a8100c59bffff,89a8100c5c7ffff,8954073387,2816708327,10.0663,0.494795,athlete
89a8100c59bffff,89a8100c5cbffff,8954073387,13037844868,18.3073,0.017571,athlete
89a8100c59bffff,89a8100c5cfffff,8954073387,2687705140,16.8584,0.059654,athlete
89a8100c59bffff,89a8100c5d3ffff,8954073387,1097971350,14.0282,0.204319,athlete
89a8100c59bffff,89a8100c5d7ffff,8954073387,303867318,7.5886,0.684897,athlete
89a8100c59bffff,89a8100e30bffff,8954073387,12492914735,18.2676,0.018398,athlete
89a8100c59bffff,89a8100e30fffff,8954073387,8002779153,16.738,0.064213,athlete
89a8100c59bffff,89a8100e32bffff,8954073387,142777323,10.8051,0.436932,athlete
89a8100c59bffff,89a8100e32fffff,8954073387,13305140329,8.9355,0.583217,athlete
89a8100c59bffff,89a8100e33bffff,8954073387,40257098,17.2489,0.045965,athlete
89a8100c59bffff,89a8100e347ffff,8954073387,477232281,18.1879,0.020119,athlete
89a8100c59bffff,89a8100e363ffff,8954073387,388512103,10.4128,0.467605,athlete
89a8100c59bffff,89a8100e367ffff,8954073387,142814786,5.2764,0.837874,athlete
89a8100c59bffff,89a8100e36bffff,8954073387,389063054,15.4682,0.121426,athlete
89a8100c59bffff,89a8100e36fffff,8954073387,389063008,8.8696,0.588315,athlete
89a8100c59bffff,89a8100e373ffff,8954073387,387095764,14.0942,0.200155,athlete
89a8100c59bffff,89a8100e377ffff,8954073387,8550924518,11.3721,0.393071,athlete
89a8100c59bffff,89a8100e37bffff,8954073387,8943221373,17.852,0.028192,athlete
89a8100c5abffff,89a8100c503ffff,11394279071,11341903975,12.7455,0.290994,athlete
89a8100c5abffff,89a8100c507ffff,11394279071,11401601119,7.0152,0.725931,athlete
89a8100c5abffff,89a8100c50fffff,11394279071,11279900601,13.6167,0.230979,athlete
89a8100c5abffff,89a8100c513ffff,11394279071,303862596,13.1206,0.264608,athlete
89a8100c5abffff,89a8100c517ffff,11394279071,11409667724,4.8943,0.859376,athlete
89a8100c5abffff,89a8100c51bffff,11394279071,12586078227,19.0333,0.005753,athlete
89a8100c5abffff,89a8100c533ffff,11394279071,11384427621,7.4924,0.69189,athlete
89a8100c5abffff,89a8100c53bffff,11394279071,2308420508,11.4445,0.387521,athlete
89a8100c5abffff,89a8100c583ffff,11394279071,12265197248,14.6573,0.165982,athlete
89a8100c5abffff,89a8100c587ffff,11394279071,11373935088,11.4247,0.389033,athlete
89a8100c5abffff,89a8100c58bffff,11394279071,1393378103,13.363,0.247988,athlete
89a8100c5abffff,89a8100c58fffff,11394279071,4252790480,9.2864,0.555932,athlete
89a8100c5abffff,89a8100c597ffff,11394279071,8943051152,18.7237,0.010015,athlete
89a8100c5abffff,89a8100c59bffff,11394279071,8954073387,17.7256,0.031572,athlete
89a8100c5abffff,89a8100c5abffff,11394279071,11394279071,1.1231,0.99224,athlete
89a8100c5abffff,89a8100c5bbffff,11394279071,303855012,6.1105,0.786824,athlete
89a8100c5abffff,89a8100c5c7ffff,11394279071,2816708327,18.175,0.020404,athlete
89a8100c5abffff,89a8100c5d7ffff,11394279071,303867318,18.4087,0.015539,athlete
89a8100c5bbffff,89a8100c503ffff,303855012,11341903975,13.8566,0.21529,athlete
89a8100c5bbffff,89a8100c507ffff,303855012,11401601119,12.3916,0.316548,athlete
89a8100c5bbffff,89a8100c50fffff,303855012,11279900601,14.7279,0.161876,athlete
89a8100c5bbffff,89a8100c513ffff,303855012,303862596,12.7159,0.293103,athlete
89a8100c5bbffff,89a8100c517ffff,303855012,11409667724,5.5538,0.821502,athlete
89a8100c5bbffff,89a8100c533ffff,303855012,11384427621,12.9772,0.2746,athlete
89a8100c5bbffff,89a8100c53bffff,303855012,2308420508,16.8558,0.059752,athlete
89a8100c5bbffff,89a8100c583ffff,303855012,12265197248,11.4936,0.383767,athlete
89a8100c5bbffff,89a8100c587ffff,303855012,11373935088,7.8622,0.664767,athlete
89a8100c5bbffff,89a8100c58bffff,303855012,1393378103,12.9583,0.275927,athlete
89a8100c5bbffff,89a8100c58fffff,303855012,4252790480,5.8506,0.803305,athlete
89a8100c5bbffff,89a8100c593ffff,303855012,304111065,17.1596,0.048945,athlete
89a8100c5bbffff,89a8100c597ffff,303855012,8943051152,15.2946,0.130472,athlete
89a8100c5bbffff,89a8100c59bffff,303855012,8954073387,17.3209,0.043624,athlete
89a8100c5bbffff,89a8100c5abffff,303855012,11394279071,6.9287,0.73197,athlete
89a8100c5bbffff,89a8100c5bbffff,303855012,303855012,1.9884,0.975809,athlete
89a8100c5bbffff,89a8100c5c7ffff,303855012,2816708327,17.7704,0.030353,athlete
89a8100c5bbffff,89a8100c5d7ffff,303855012,303867318,18.0041,0.024373,athlete
89a8100c5bbffff,89a8100e32fffff,303855012,13305140329,18.2253,0.019302,athlete
89a8100c5bbffff,89a8100e367ffff,303855012,142814786,19.7773,0.000306,athlete
89a8100c5c3ffff,89a8100c423ffff,303868171,12915366285,17.6532,0.03359,athlete
89a8100c5c3ffff,89a8100c427ffff,303868171,12986505496,13.6465,0.229008,athlete
89a8100c5c3ffff,89a8100c433ffff,303868171,12832662172,18.8367,0.008325,athlete
89a8100c5c3ffff,89a8100c437ffff,303868171,12941702505,14.8723,0.153606,athlete
89a8100c5c3ffff,89a8100c4a3ffff,303868171,12904007453,16.415,0.077208,athlete
89a8100c5c3ffff,89a8100c4a7ffff,303868171,12889670101,15.7707,0.106335,athlete
89a8100c5c3ffff,89a8100c4abffff,303868171,5049652087,18.026,0.023846,athlete
89a8100c5c3ffff,89a8100c4afffff,303868171,12996381317,12.2241,0.328854,athlete
89a8100c5c3ffff,89a8100c4b7ffff,303868171,387095770,19.9297,3e-05,athlete
89a8100c5c3ffff,89a8100c503ffff,303868171,11341903975,17.2148,0.047092,athlete
89a8100c5c3ffff,89a8100c50bffff,303868171,13452873729,16.6552,0.067438,athlete
89a8100c5c3ffff,89a8100c50fffff,303868171,11279900601,19.9222,3.7e-05,athlete
89a8100c5c3ffff,89a8100c513ffff,303868171,303862596,12.0348,0.342896,athlete
89a8100c5c3ffff,89a8100c517ffff,303868171,11409667724,18.0727,0.022739,athlete
89a8100c5c3ffff,89a8100c51bffff,303868171,12586078227,11.6597,0.371119,athlete
89a8100c5c3ffff,89a8100c543ffff,303868171,7721333437,16.8895,0.058504,athlete
89a8100c5c3ffff,89a8100c547ffff,303868171,12703971545,15.9146,0.099471,athlete
89a8100c5c3ffff,89a8100c54fffff,303868171,11423253323,19.8372,0.000163,athlete
89a8100c5c3ffff,89a8100c553ffff,303868171,12227887010,13.0741,0.267835,athlete
89a8100c5c3ffff,89a8100c557ffff,303868171,12697580224,12.2736,0.325207,athlete
89a8100c5c3ffff,89a8100c55bffff,303868171,12697580033,19.9111,4.9e-05,athlete
89a8100c5c3ffff,89a8100c573ffff,303868171,457593059,19.7006,0.000553,athlete
89a8100c5c3ffff,89a8100c583ffff,303868171,12265197248,18.281,0.018117,athlete
89a8100c5c3ffff,89a8100c587ffff,303868171,11373935088,19.6034,0.00097,athlete
89a8100c5c3ffff,89a8100c58bffff,303868171,1393378103,10.6891,0.445982,athlete
89a8100c5c3ffff,89a8100c58fffff,303868171,4252790480,15.9926,0.095835,athlete
89a8100c5c3ffff,89a8100c593ffff,303868171,304111065,14.5349,0.173194,athlete
89a8100c5c3ffff,89a8100c597ffff,303868171,8943051152,17.0255,0.053591,athlete
89a8100c5c3ffff,89a8100c59bffff,303868171,8954073387,9.8435,0.512287,athlete
89a8100c5c3ffff,89a8100c5c3ffff,303868171,303868171,1.8796,0.978365,athlete
89a8100c5c3ffff,89a8100c5c7ffff,303868171,2816708327,7.7435,0.673538,athlete
89a8100c5c3ffff,89a8100c5cbffff,303868171,13037844868,7.8988,0.662049,athlete
89a8100c5c3ffff,89a8100c5cfffff,303868171,2687705140,6.4499,0.764594,athlete
89a8100c5c3ffff,89a8100c5d3ffff,303868171,1097971350,7.3828,0.699811,athlete
89a8100c5c3ffff,89a8100c5d7ffff,303868171,303867318,5.0166,0.852633,athlete
89a8100c5c3ffff,89a8100c5dbffff,303868171,12535296158,8.227,0.637459,athlete
89a8100c5c3ffff,89a8100e32bffff,303868171,142777323,17.0179,0.053862,athlete
89a8100c5c3ffff,89a8100e32fffff,303868171,13305140329,16.1429,0.088996,athlete
89a8100c5c3ffff,89a8100e363ffff,303868171,388512103,15.6905,0.110252,athlete
89a8100c5c3ffff,89a8100e367ffff,303868171,142814786,12.8704,0.282118,athlete
89a8100c5c3ffff,89a8100e36bffff,303868171,389063054,12.2939,0.323713,athlete
89a8100c5c3ffff,89a8100e36fffff,303868171,389063008,11.0028,0.421563,athlete
89a8100c5c3ffff,89a8100e377ffff,303868171,8550924518,17.8357,0.028616,athlete
89a8100c5c3ffff,89a8100e37bffff,303868171,8943221373,17.0164,0.053914,athlete
89a8100c5c7ffff,89a8100c427ffff,2816708327,12986505496,17.3244,0.043513,athlete
89a8100c5c7ffff,89a8100c4afffff,2816708327,12996381317,18.5362,0.01316,athlete
89a8100c5c7ffff,89a8100c503ffff,2816708327,11341903975,12.0092,0.344802,athlete
89a8100c5c7ffff,89a8100c507ffff,2816708327,11401601119,17.4614,0.039228,athlete
89a8100c5c7ffff,89a8100c50bffff,2816708327,13452873729,16.7808,0.062573,athlete
89a8100c5c7ffff,89a8100c50fffff,2816708327,11279900601,17.4203,0.040491,athlete
89a8100c5c7ffff,89a8100c513ffff,2816708327,303862596,5.611,0.818048,athlete
89a8100c5c7ffff,89a8100c517ffff,2816708327,11409667724,11.6488,0.371943,athlete
89a8100c5c7ffff,89a8100c51bffff,2816708327,12586078227,9.0799,0.572012,athlete
89a8100c5c7ffff,89a8100c543ffff,2816708327,7721333437,19.9803,2e-06,athlete
89a8100c5c7ffff,89a8100c547ffff,2816708327,12703971545,17.6482,0.033732,athlete
89a8100c5c7ffff,89a8100c553ffff,2816708327,12227887010,16.752,0.063676,athlete
89a8100c5c7ffff,89a8100c557ffff,2816708327,12697580224,14.0071,0.205654,athlete
89a8100c5c7ffff,89a8100c583ffff,2816708327,12265197248,13.602,0.231952,athlete
89a8100c5c7ffff,89a8100c587ffff,2816708327,11373935088,13.1796,0.26053,athlete
89a8100c5c7ffff,89a8100c58bffff,2816708327,1393378103,5.2442,0.839737,athlete
89a8100c5c7ffff,89a8100c58fffff,2816708327,4252790480,9.5688,0.533844,athlete
89a8100c5c7ffff,89a8100c593ffff,2816708327,304111065,11.9253,0.351082,athlete
89a8100c5c7ffff,89a8100c597ffff,2816708327,8943051152,14.4159,0.18033,athlete
89a8100c5c7ffff,89a8100c59bffff,2816708327,8954073387,7.2339,0.710478,athlete
89a8100c5c7ffff,89a8100c5abffff,2816708327,11394279071,16.4508,0.07571,athlete
89a8100c5c7ffff,89a8100c5bbffff,2816708327,303855012,14.3971,0.181461,athlete
89a8100c5c7ffff,89a8100c5c3ffff,2816708327,303868171,8.1917,0.640123,athlete
89a8100c5c7ffff,89a8100c5c7ffff,2816708327,2816708327,1.0172,0.993631,athlete
89a8100c5c7ffff,89a8100c5cbffff,2816708327,13037844868,11.5767,0.377432,athlete
89a8100c5c7ffff,89a8100c5cfffff,2816708327,2687705140,8.0697,0.649295,athlete
89a8100c5c7ffff,89a8100c5d3ffff,2816708327,1097971350,13.6949,0.225823,athlete
89a8100c5c7ffff,89a8100c5d7ffff,2816708327,303867318,3.9886,0.905034,athlete
89a8100c5c7ffff,89a8100c5dbffff,2816708327,12535296158,14.5391,0.172948,athlete
89a8100c5c7ffff,89a8100e32bffff,2816708327,142777323,16.878,0.058928,athlete
89a8100c5c7ffff,89a8100e32fffff,2816708327,13305140329,13.5333,0.236526,athlete
89a8100c5c7ffff,89a8100e363ffff,2816708327,388512103,16.4545,0.075556,athlete
89a8100c5c7ffff,89a8100e367ffff,2816708327,142814786,11.8425,0.357304,athlete
89a8100c5c7ffff,89a8100e36bffff,2816708327,389063054,18.606,0.01194,athlete
89a8100c5c7ffff,89a8100e36fffff,2816708327,389063008,14.9114,0.151402,athlete
89a8100c5c7ffff,89a8100e377ffff,2816708327,8550924518,17.4138,0.040692,athlete
89a8100c5cbffff,89a8100c097ffff,13037844868,459335450,16.0547,0.092982,athlete
89a8100c5cbffff,89a8100c423ffff,13037844868,12915366285,13.4507,0.24206,athlete
89a8100c5cbffff,89a8100c427ffff,13037844868,12986505496,7.9863,0.655532,athlete
89a8100c5cbffff,89a8100c433ffff,13037844868,12832662172,18.5766,0.012446,athlete
89a8100c5cbffff,89a8100c437ffff,13037844868,12941702505,10.6698,0.447487,athlete
89a8100c5cbffff,89a8100c4a3ffff,13037844868,12904007453,16.1549,0.088463,athlete
89a8100c5cbffff,89a8100c4a7ffff,13037844868,12889670101,15.5107,0.119254,athlete
89a8100c5cbffff,89a8100c4abffff,13037844868,5049652087,17.7659,0.030475,athlete
89a8100c5cbffff,89a8100c4afffff,13037844868,12996381317,11.964,0.348185,athlete
89a8100c5cbffff,89a8100c4b7ffff,13037844868,387095770,19.6696,0.000673,athlete
89a8100c5cbffff,89a8100c503ffff,13037844868,11341903975,17.7495,0.030919,athlete
89a8100c5cbffff,89a8100c50bffff,13037844868,13452873729,13.4059,0.245084,athlete
89a8100c5cbffff,89a8100c50fffff,13037844868,11279900601,18.8473,0.008174,athlete
89a8100c5cbffff,89a8100c513ffff,13037844868,303862596,14.2696,0.189247,athlete
89a8100c5cbffff,89a8100c51bffff,13037844868,12586078227,11.6408,0.372552,athlete
89a8100c5cbffff,89a8100c543ffff,13037844868,7721333437,11.7737,0.36249,athlete
89a8100c5cbffff,89a8100c547ffff,13037844868,12703971545,12.6652,0.296734,athlete
89a8100c5cbffff,89a8100c54bffff,13037844868,8944143746,16.0268,0.094257,athlete
89a8100c5cbffff,89a8100c54fffff,13037844868,11423253323,15.1013,0.140868,athlete
89a8100c5cbffff,89a8100c553ffff,13037844868,12227887010,6.1178,0.786357,athlete
89a8100c5cbffff,89a8100c557ffff,13037844868,12697580224,9.0242,0.576338,athlete
89a8100c5cbffff,89a8100c55bffff,13037844868,12697580033,15.1751,0.136855,athlete
89a8100c5cbffff,89a8100c573ffff,13037844868,457593059,16.4513,0.075692,athlete
89a8100c5cbffff,89a8100c58bffff,13037844868,1393378103,14.4968,0.175466,athlete
89a8100c5cbffff,89a8100c58fffff,13037844868,4252790480,18.2695,0.018358,athlete
89a8100c5cbffff,89a8100c593ffff,13037844868,304111065,19.0224,0.005883,athlete
89a8100c5cbffff,89a8100c59bffff,13037844868,8954073387,14.331,0.185481,athlete
89a8100c5cbffff,89a8100c5c3ffff,13037844868,303868171,6.4405,0.765224,athlete
89a8100c5cbffff,89a8100c5c7ffff,13037844868,2816708327,10.2698,0.478813,athlete
89a8100c5cbffff,89a8100c5cbffff,13037844868,13037844868,0.428,0.99887,athlete
89a8100c5cbffff,89a8100c5cfffff,13037844868,2687705140,6.1037,0.787266,athlete
89a8100c5cbffff,89a8100c5d3ffff,13037844868,1097971350,9.5903,0.532155,athlete
89a8100c5cbffff,89a8100c5d7ffff,13037844868,303867318,9.5774,0.533164,athlete
89a8100c5cbffff,89a8100c5dbffff,13037844868,12535296158,8.809,0.593,athlete
89a8100c5cbffff,89a8100e363ffff,13037844868,388512103,19.5563,0.001214,athlete
89a8100c5cbffff,89a8100e367ffff,13037844868,142814786,17.4313,0.040152,athlete
89a8100c5cbffff,89a8100e36bffff,13037844868,389063054,16.1597,0.088246,athlete
89a8100c5cbffff,89a8100e36fffff,13037844868,389063008,13.2103,0.258414,athlete
89a8100c5cfffff,89a8100c097ffff,2687705140,459335450,19.8687,0.000106,athlete
89a8100c5cfffff,89a8100c423ffff,2687705140,12915366285,17.2648,0.045444,athlete
89a8100c5cfffff,89a8100c427ffff,2687705140,12986505496,11.8004,0.360477,athlete
89a8100c5cfffff,89a8100c437ffff,2687705140,12941702505,14.4839,0.176238,athlete
89a8100c5cfffff,89a8100c4a3ffff,2687705140,12904007453,19.3154,0.002888,athlete
89a8100c5cfffff,89a8100c4a7ffff,2687705140,12889670101,18.6712,0.010853,athlete
89a8100c5cfffff,89a8100c4afffff,2687705140,12996381317,15.1245,0.139601,athlete
89a8100c5cfffff,89a8100c503ffff,2687705140,11341903975,14.6993,0.163536,athlete
89a8100c5cfffff,89a8100c50bffff,2687705140,13452873729,12.0462,0.342047,athlete
89a8100c5cfffff,89a8100c50fffff,2687705140,11279900601,17.0422,0.053001,athlete
89a8100c5cfffff,89a8100c513ffff,2687705140,303862596,11.189,0.407161,athlete
89a8100c5cfffff,89a8100c517ffff,2687705140,11409667724,17.269,0.045305,athlete
89a8100c5cfffff,89a8100c51bffff,2687705140,12586078227,8.7797,0.595258,athlete
89a8100c5cfffff,89a8100c543ffff,2687705140,7721333437,13.6376,0.229595,athlete
89a8100c5cfffff,89a8100c547ffff,2687705140,12703971545,11.3056,0.398179,athlete
89a8100c5cfffff,89a8100c54bffff,2687705140,8944143746,17.5109,0.037733,athlete
89a8100c5cfffff,89a8100c54fffff,2687705140,11423253323,16.2759,0.083141,athlete
89a8100c5cfffff,89a8100c553ffff,2687705140,12227887010,11.0494,0.417956,athlete
89a8100c5cfffff,89a8100c557ffff,2687705140,12697580224,7.6645,0.679341,athlete
89a8100c5cfffff,89a8100c55bffff,2687705140,12697580033,16.6592,0.067279,athlete
89a8100c5cfffff,89a8100c573ffff,2687705140,457593059,15.0916,0.141396,athlete
89a8100c5cfffff,89a8100c583ffff,2687705140,12265197248,19.2222,0.003727,athlete
89a8100c5cfffff,89a8100c587ffff,2687705140,11373935088,18.7997,0.00886,athlete
89a8100c5cfffff,89a8100c58bffff,2687705140,1393378103,11.0088,0.421098,athlete
89a8100c5cfffff,89a8100c58fffff,2687705140,4252790480,15.1889,0.136112,athlete
89a8100c5cfffff,89a8100c593ffff,2687705140,304111065,17.69,0.032557,athlete
89a8100c5cfffff,89a8100c59bffff,2687705140,8954073387,12.9986,0.273104,athlete
89a8100c5cfffff,89a8100c5c3ffff,2687705140,303868171,5.4492,0.827745,athlete
89a8100c5cfffff,89a8100c5c7ffff,2687705140,2816708327,6.7819,0.742124,athlete
89a8100c5cfffff,89a8100c5cbffff,2687705140,13037844868,6.2193,0.779783,athlete
89a8100c5cfffff,89a8100c5cfffff,2687705140,2687705140,1.2874,0.989811,athlete
89a8100c5cfffff,89a8100c5d3ffff,2687705140,1097971350,10.9525,0.425472,athlete
89a8100c5cfffff,89a8100c5d7ffff,2687705140,303867318,8.5862,0.610129,athlete
89a8100c5cfffff,89a8100c5dbffff,2687705140,12535296158,11.7966,0.360758,athlete
89a8100c5cfffff,89a8100e32fffff,2687705140,13305140329,19.298,0.003037,athlete
89a8100c5cfffff,89a8100e363ffff,2687705140,388512103,19.2601,0.003373,athlete
89a8100c5cfffff,89a8100e367ffff,2687705140,142814786,16.4401,0.076158,athlete
89a8100c5cfffff,89a8100e36bffff,2687705140,389063054,15.8635,0.101885,athlete
89a8100c5cfffff,89a8100e36fffff,2687705140,389063008,14.5725,0.170968,athlete
89a8100c5d3ffff,89a8100c423ffff,1097971350,12915366285,19.7569,0.000364,athlete
89a8100c5d3ffff,89a8100c427ffff,1097971350,12986505496,17.0137,0.05401,athlete
89a8100c5d3ffff,89a8100c433ffff,1097971350,12832662172,19.7496,0.000387,athlete
89a8100c5d3ffff,89a8100c437ffff,1097971350,12941702505,16.1257,0.08977,athlete
89a8100c5d3ffff,89a8100c4a3ffff,1097971350,12904007453,17.3279,0.043402,athlete
89a8100c5d3ffff,89a8100c4a7ffff,1097971350,12889670101,16.6837,0.066321,athlete
89a8100c5d3ffff,89a8100c4abffff,1097971350,5049652087,18.9389,0.006929,athlete
89a8100c5d3ffff,89a8100c4afffff,1097971350,12996381317,13.137,0.263471,athlete
89a8100c5d3ffff,89a8100c51bffff,1097971350,12586078227,19.9285,3.2e-05,athlete
89a8100c5d3ffff,89a8100c553ffff,1097971350,12227887010,19.6617,0.000706,athlete
89a8100c5d3ffff,89a8100c557ffff,1097971350,12697580224,19.9373,2.4e-05,athlete
89a8100c5d3ffff,89a8100c58bffff,1097971350,1393378103,17.9332,0.026118,athlete
89a8100c5d3ffff,89a8100c593ffff,1097971350,304111065,15.6782,0.110856,athlete
89a8100c5d3ffff,89a8100c597ffff,1097971350,8943051152,19.8489,0.000141,athlete
89a8100c5d3ffff,89a8100c59bffff,1097971350,8954073387,13.3691,0.247571,athlete
89a8100c5d3ffff,89a8100c5c3ffff,1097971350,303868171,10.1484,0.488349,athlete
89a8100c5d3ffff,89a8100c5c7ffff,1097971350,2816708327,16.0123,0.094927,athlete
89a8100c5d3ffff,89a8100c5cbffff,1097971350,13037844868,13.972,0.207892,athlete
89a8100c5d3ffff,89a8100c5cfffff,1097971350,2687705140,14.7187,0.162409,athlete
89a8100c5d3ffff,89a8100c5d3ffff,1097971350,1097971350,0.6008,0.997775,athlete
89a8100c5d3ffff,89a8100c5d7ffff,1097971350,303867318,13.2853,0.253273,athlete
89a8100c5d3ffff,89a8100c5dbffff,1097971350,12535296158,8.8215,0.592032,athlete
89a8100c5d3ffff,89a8100e30bffff,1097971350,12492914735,19.8047,0.000235,athlete
89a8100c5d3ffff,89a8100e30fffff,1097971350,8002779153,17.1058,0.050785,athlete
89a8100c5d3ffff,89a8100e32bffff,1097971350,142777323,13.9878,0.206885,athlete
89a8100c5d3ffff,89a8100e32fffff,1097971350,13305140329,18.4673,0.01442,athlete
89a8100c5d3ffff,89a8100e33bffff,1097971350,40257098,17.6167,0.03463,athlete
89a8100c5d3ffff,89a8100e347ffff,1097971350,477232281,18.5946,0.012135,athlete
89a8100c5d3ffff,89a8100e363ffff,1097971350,388512103,10.8942,0.430003,athlete
89a8100c5d3ffff,89a8100e367ffff,1097971350,142814786,9.5692,0.533809,athlete
89a8100c5d3ffff,89a8100e36bffff,1097971350,389063054,9.9569,0.503384,athlete
89a8100c5d3ffff,89a8100e36fffff,1097971350,389063008,4.2208,0.894072,athlete
89a8100c5d3ffff,89a8100e373ffff,1097971350,387095764,15.6313,0.113182,athlete
89a8100c5d3ffff,89a8100e377ffff,1097971350,8550924518,12.5521,0.304885,athlete
89a8100c5d3ffff,89a8100e37bffff,1097971350,8943221373,14.6794,0.16469,athlete
89a8100c5d7ffff,89a8100c427ffff,303867318,12986505496,19.6029,0.000972,athlete
89a8100c5d7ffff,89a8100c4afffff,303867318,12996381317,18.3903,0.015898,athlete
89a8100c5d7ffff,89a8100c503ffff,303867318,11341903975,16.1278,0.089671,athlete
89a8100c5d7ffff,89a8100c513ffff,303867318,303862596,7.8884,0.662821,athlete
89a8100c5d7ffff,89a8100c517ffff,303867318,11409667724,13.9263,0.210811,athlete
89a8100c5d7ffff,89a8100c51bffff,303867318,12586078227,13.2625,0.254833,athlete
89a8100c5d7ffff,89a8100c553ffff,303867318,12227887010,19.0305,0.005787,athlete
89a8100c5d7ffff,89a8100c557ffff,303867318,12697580224,18.23,0.019202,athlete
89a8100c5d7ffff,89a8100c583ffff,303867318,12265197248,14.1346,0.197618,athlete
89a8100c5d7ffff,89a8100c587ffff,303867318,11373935088,15.457,0.121999,athlete
89a8100c5d7ffff,89a8100c58bffff,303867318,1393378103,6.5427,0.758381,athlete
89a8100c5d7ffff,89a8100c58fffff,303867318,4252790480,11.8462,0.357025,athlete
89a8100c5d7ffff,89a8100c593ffff,303867318,304111065,10.3886,0.469502,athlete
89a8100c5d7ffff,89a8100c597ffff,303867318,8943051152,12.8791,0.281505,athlete
89a8100c5d7ffff,89a8100c59bffff,303867318,8954073387,5.6972,0.812795,athlete
89a8100c5d7ffff,89a8100c5abffff,303867318,11394279071,18.7283,0.009943,athlete
89a8100c5d7ffff,89a8100c5bbffff,303867318,303855012,16.6746,0.066678,athlete
89a8100c5d7ffff,89a8100c5c3ffff,303867318,303868171,8.06,0.650022,athlete
89a8100c5d7ffff,89a8100c5c7ffff,303867318,2816708327,6.0212,0.792543,athlete
89a8100c5d7ffff,89a8100c5cbffff,303867318,13037844868,13.8552,0.215385,athlete
89a8100c5d7ffff,89a8100c5cfffff,303867318,2687705140,12.4063,0.315475,athlete
89a8100c5d7ffff,89a8100c5d3ffff,303867318,1097971350,13.5491,0.235471,athlete
89a8100c5d7ffff,89a8100c5d7ffff,303867318,303867318,0.8702,0.995337,athlete
89a8100c5d7ffff,89a8100c5dbffff,303867318,12535296158,14.3933,0.181696,athlete
89a8100c5d7ffff,89a8100e30fffff,303867318,8002779153,19.6614,0.000707,athlete
89a8100c5d7ffff,89a8100e32bffff,303867318,142777323,13.7596,0.221589,athlete
89a8100c5d7ffff,89a8100e32fffff,303867318,13305140329,11.9965,0.34575,athlete
89a8100c5d7ffff,89a8100e363ffff,303867318,388512103,13.3361,0.249811,athlete
89a8100c5d7ffff,89a8100e367ffff,303867318,142814786,8.724,0.599544,athlete
89a8100c5d7ffff,89a8100e36bffff,303867318,389063054,18.3915,0.015875,athlete
89a8100c5d7ffff,89a8100e36fffff,303867318,389063008,11.793,0.361035,athlete
89a8100c5d7ffff,89a8100e373ffff,303867318,387095764,17.0176,0.053873,athlete
89a8100c5d7ffff,89a8100e377ffff,303867318,8550924518,14.2954,0.18766,athlete
89a8100c5dbffff,89a8100c097ffff,12535296158,459335450,18.5511,0.012894,athlete
89a8100c5dbffff,89a8100c407ffff,12535296158,12882374109,16.5732,0.070704,athlete
89a8100c5dbffff,89a8100c417ffff,12535296158,467743606,18.1329,0.02135,athlete
89a8100c5dbffff,89a8100c423ffff,12535296158,12915366285,12.9168,0.278848,athlete
89a8100c5dbffff,89a8100c427ffff,12535296158,12986505496,10.4827,0.462124,athlete
89a8100c5dbffff,89a8100c42bffff,12535296158,12943884579,19.5294,0.001366,athlete
89a8100c5dbffff,89a8100c433ffff,12535296158,12832662172,12.1099,0.337306,athlete
89a8100c5dbffff,89a8100c437ffff,12535296158,12941702505,8.4859,0.617796,athlete
89a8100c5dbffff,89a8100c43bffff,12535296158,12826024589,16.6527,0.067535,athlete
89a8100c5dbffff,89a8100c487ffff,12535296158,8943221347,17.1868,0.048028,athlete
89a8100c5dbffff,89a8100c48fffff,12535296158,467743522,19.5225,0.001406,athlete
89a8100c5dbffff,89a8100c4a3ffff,12535296158,12904007453,9.6882,0.524482,athlete
89a8100c5dbffff,89a8100c4a7ffff,12535296158,12889670101,9.044,0.574805,athlete
89a8100c5dbffff,89a8100c4abffff,12535296158,5049652087,11.2992,0.39867,athlete
89a8100c5dbffff,89a8100c4afffff,12535296158,12996381317,5.4973,0.824887,athlete
89a8100c5dbffff,89a8100c4b3ffff,12535296158,8943221351,15.8887,0.100692,athlete
89a8100c5dbffff,89a8100c4b7ffff,12535296158,387095770,13.2029,0.258922,athlete
89a8100c5dbffff,89a8100c4bbffff,12535296158,387095725,13.5608,0.234692,athlete
89a8100c5dbffff,89a8100c513ffff,12535296158,303862596,18.0943,0.022235,athlete
89a8100c5dbffff,89a8100c51bffff,12535296158,12586078227,17.7192,0.031746,athlete
89a8100c5dbffff,89a8100c543ffff,12535296158,7721333437,19.464,0.001771,athlete
89a8100c5dbffff,89a8100c547ffff,12535296158,12703971545,19.2816,0.00318,athlete
89a8100c5dbffff,89a8100c54bffff,12535296158,8944143746,19.7957,0.000258,athlete
89a8100c5dbffff,89a8100c553ffff,12535296158,12227887010,15.2348,0.133653,athlete
89a8100c5dbffff,89a8100c557ffff,12535296158,12697580224,15.6406,0.11272,athlete
89a8100c5dbffff,89a8100c55bffff,12535296158,12697580033,18.944,0.006863,athlete
89a8100c5dbffff,89a8100c58bffff,12535296158,1393378103,16.7487,0.063803,athlete
89a8100c5dbffff,89a8100c59bffff,12535296158,8954073387,15.9031,0.100012,athlete
89a8100c5dbffff,89a8100c5c3ffff,12535296158,303868171,7.9391,0.659048,athlete
89a8100c5dbffff,89a8100c5c7ffff,12535296158,2816708327,13.803,0.218761,athlete
89a8100c5dbffff,89a8100c5cbffff,12535296158,13037844868,9.6752,0.5255,athlete
89a8100c5dbffff,89a8100c5cfffff,12535296158,2687705140,12.5095,0.307971,athlete
89a8100c5dbffff,89a8100c5d3ffff,12535296158,1097971350,5.7681,0.808429,athlete
89a8100c5dbffff,89a8100c5d7ffff,12535296158,303867318,11.0761,0.415885,athlete
89a8100c5dbffff,89a8100c5dbffff,12535296158,12535296158,1.1818,0.99141,athlete
89a8100c5dbffff,89a8100e32bffff,12535296158,142777323,19.155,0.004398,athlete
89a8100c5dbffff,89a8100e347ffff,12535296158,477232281,18.3307,0.017091,athlete
89a8100c5dbffff,89a8100e34fffff,12535296158,12334906522,17.9012,0.026927,athlete
89a8100c5dbffff,89a8100e363ffff,12535296158,388512103,13.0896,0.266754,athlete
89a8100c5dbffff,89a8100e367ffff,12535296158,142814786,14.7365,0.16138,athlete
89a8100c5dbffff,89a8100e36bffff,12535296158,389063054,9.693,0.5241,athlete
89a8100c5dbffff,89a8100e36fffff,12535296158,389063008,9.3881,0.547983,athlete
89a8100c5dbffff,89a8100e373ffff,12535296158,387095764,17.4973,0.038141,athlete
89a8100c5dbffff,89a8100e377ffff,12535296158,8550924518,17.7194,0.031742,athlete
89a8100c5dbffff,89a8100e37bffff,12535296158,8943221373,14.4155,0.180348,athlete
89a8100c637ffff,89a8100c0c3ffff,445044750,4293920655,12.3328,0.320858,athlete
89a8100c637ffff,89a8100c0cbffff,445044750,12487325808,7.9529,0.658026,athlete
89a8100c637ffff,89a8100c0d3ffff,445044750,296284761,16.3197,0.081247,athlete
89a8100c637ffff,89a8100c0dbffff,445044750,6769468141,9.4601,0.542354,athlete
89a8100c637ffff,89a8100c46bffff,445044750,12505529937,19.2507,0.00346,athlete
89a8100c637ffff,89a8100c637ffff,445044750,445044750,2.3877,0.965243,athlete
89a8100c637ffff,89a8100c6a3ffff,445044750,466929753,19.5879,0.001047,athlete
89a8100c637ffff,89a8100c6a7ffff,445044750,296285598,16.3991,0.077876,athlete
89a8100c637ffff,89a8100c6afffff,445044750,1448778106,16.4758,0.074674,athlete
89a8100c6a3ffff,89a8100c0c3ffff,466929753,4293920655,18.1246,0.02154,athlete
89a8100c6a3ffff,89a8100c0cbffff,466929753,12487325808,14.0165,0.20506,athlete
89a8100c6a3ffff,89a8100c0d3ffff,466929753,296284761,15.9435,0.098116,athlete
89a8100c6a3ffff,89a8100c0d7ffff,466929753,296284684,18.7705,0.009296,athlete
89a8100c6a3ffff,89a8100c0dbffff,466929753,6769468141,11.8589,0.356065,athlete
89a8100c6a3ffff,89a8100c443ffff,466929753,4947151527,16.1516,0.08861,athlete
89a8100c6a3ffff,89a8100c447ffff,466929753,3472333400,17.3333,0.043227,athlete
89a8100c6a3ffff,89a8100c44bffff,466929753,466938136,15.803,0.104777,athlete
89a8100c6a3ffff,89a8100c44fffff,466929753,467820676,12.1145,0.336967,athlete
89a8100c6a3ffff,89a8100c463ffff,466929753,466929967,19.0281,0.005816,athlete
89a8100c6a3ffff,89a8100c46bffff,466929753,12505529937,15.5975,0.114866,athlete
89a8100c6a3ffff,89a8100c46fffff,466929753,4849813871,18.6536,0.01114,athlete
89a8100c6a3ffff,89a8100c473ffff,466929753,466938137,19.5376,0.001318,athlete
89a8100c6a3ffff,89a8100c47bffff,466929753,466930008,14.162,0.19591,athlete
89a8100c6a3ffff,89a8100c637ffff,466929753,445044750,16.4316,0.076512,athlete
89a8100c6a3ffff,89a8100c6a3ffff,466929753,466929753,1.2109,0.990982,athlete
89a8100c6a3ffff,89a8100c6a7ffff,466929753,296285598,9.8387,0.512666,athlete
89a8100c6a3ffff,89a8100c6afffff,466929753,1448778106,7.1847,0.713975,athlete
89a8100c6a3ffff,89a8100c6b3ffff,466929753,466932573,9.2581,0.558138,athlete
89a8100c6a3ffff,89a8100c6b7ffff,466929753,466929739,13.7004,0.22546,athlete
89a8100c6a7ffff,89a8100c08bffff,296285598,7033857127,18.1088,0.0219,athlete
89a8100c6a7ffff,89a8100c09bffff,296285598,4293923366,15.1163,0.140048,athlete
89a8100c6a7ffff,89a8100c0c3ffff,296285598,4293920655,10.586,0.454039,athlete
89a8100c6a7ffff,89a8100c0c7ffff,296285598,296284589,18.4586,0.014583,athlete
89a8100c6a7ffff,89a8100c0cbffff,296285598,12487325808,9.7318,0.521059,athlete
89a8100c6a7ffff,89a8100c0d3ffff,296285598,296284761,7.448,0.695106,athlete
89a8100c6a7ffff,89a8100c0d7ffff,296285598,296284684,10.275,0.478407,athlete
89a8100c6a7ffff,89a8100c0dbffff,296285598,6769468141,6.8785,0.735459,athlete
89a8100c6a7ffff,89a8100c40bffff,296285598,3807737497,19.4753,0.001697,athlete
89a8100c6a7ffff,89a8100c443ffff,296285598,4947151527,14.3547,0.184038,athlete
89a8100c6a7ffff,89a8100c447ffff,296285598,3472333400,13.7768,0.22047,athlete
89a8100c6a7ffff,89a8100c44bffff,296285598,466938136,14.0374,0.203736,athlete
89a8100c6a7ffff,89a8100c44fffff,296285598,467820676,10.3488,0.472617,athlete
89a8100c6a7ffff,89a8100c453ffff,296285598,467820559,18.6582,0.011066,athlete
89a8100c6a7ffff,89a8100c457ffff,296285598,467820599,16.8831,0.05874,athlete
89a8100c6a7ffff,89a8100c45bffff,296285598,467820516,18.4148,0.01542,athlete
89a8100c6a7ffff,89a8100c463ffff,296285598,466929967,10.9914,0.422451,athlete
89a8100c6a7ffff,89a8100c467ffff,296285598,296285901,15.4683,0.12142,athlete
89a8100c6a7ffff,89a8100c46bffff,296285598,12505529937,7.1021,0.719822,athlete
89a8100c6a7ffff,89a8100c46fffff,296285598,4849813871,10.1582,0.487578,athlete
89a8100c6a7ffff,89a8100c473ffff,296285598,466938137,15.981,0.09637,athlete
89a8100c6a7ffff,89a8100c47bffff,296285598,466930008,10.5777,0.454687,athlete
89a8100c6a7ffff,89a8100c637ffff,296285598,445044750,12.1469,0.334564,athlete
89a8100c6a7ffff,89a8100c6a3ffff,296285598,466929753,7.3576,0.701629,athlete
89a8100c6a7ffff,89a8100c6a7ffff,296285598,296285598,1.3433,0.988911,athlete
89a8100c6a7ffff,89a8100c6afffff,296285598,1448778106,5.913,0.799396,athlete
89a8100c6a7ffff,89a8100c6b3ffff,296285598,466932573,10.8022,0.437161,athlete
89a8100c6a7ffff,89a8100c6b7ffff,296285598,466929739,5.6717,0.814354,athlete
89a8100c6afffff,89a8100c0c3ffff,1448778106,4293920655,15.9248,0.09899,athlete
89a8100c6afffff,89a8100c0cbffff,1448778106,12487325808,11.8168,0.359241,athlete
89a8100c6afffff,89a8100c0d3ffff,1448778106,296284761,14.9864,0.147203,athlete
89a8100c6afffff,89a8100c0d7ffff,1448778106,296284684,17.8134,0.029205,athlete
89a8100c6afffff,89a8100c0dbffff,1448778106,6769468141,9.6592,0.526754,athlete
89a8100c6afffff,89a8100c44bffff,1448778106,466938136,19.7692,0.000328,athlete
89a8100c6afffff,89a8100c44fffff,1448778106,467820676,16.0807,0.0918,athlete
89a8100c6afffff,89a8100c463ffff,1448778106,466929967,18.5297,0.013275,athlete
89a8100c6afffff,89a8100c46bffff,1448778106,12505529937,14.6404,0.166968,athlete
89a8100c6afffff,89a8100c46fffff,1448778106,4849813871,17.6965,0.032374,athlete
89a8100c6afffff,89a8100c47bffff,1448778106,466930008,18.1161,0.021733,athlete
89a8100c6afffff,89a8100c637ffff,1448778106,445044750,14.2318,0.191575,athlete
89a8100c6afffff,89a8100c6a3ffff,1448778106,466929753,7.7548,0.672702,athlete
89a8100c6afffff,89a8100c6a7ffff,1448778106,296285598,8.8816,0.587387,athlete
89a8100c6afffff,89a8100c6afffff,1448778106,1448778106,2.1048,0.972921,athlete
89a8100c6afffff,89a8100c6b3ffff,1448778106,466932573,15.1646,0.137425,athlete
89a8100c6afffff,89a8100c6b7ffff,1448778106,466929739,13.21,0.258433,athlete
89a8100c6b3ffff,89a8100c0cbffff,466932573,12487325808,17.9522,0.025646,athlete
89a8100c6b3ffff,89a8100c0d3ffff,466932573,296284761,17.4029,0.041033,athlete
89a8100c6b3ffff,89a8100c0dbffff,466932573,6769468141,15.7946,0.105182,athlete
89a8100c6b3ffff,89a8100c40bffff,466932573,3807737497,17.9173,0.02652,athlete
89a8100c6b3ffff,89a8100c40fffff,466932573,2522075891,19.9354,2.6e-05,athlete
89a8100c6b3ffff,89a8100c443ffff,466932573,4947151527,11.037,0.418918,athlete
89a8100c6b3ffff,89a8100c447ffff,466932573,3472333400,12.2187,0.329247,athlete
89a8100c6b3ffff,89a8100c44bffff,466932573,466938136,10.6884,0.446036,athlete
89a8100c6b3ffff,89a8100c44fffff,466932573,467820676,6.9999,0.727004,athlete
89a8100c6b3ffff,89a8100c453ffff,466932573,467820559,17.1001,0.050981,athlete
89a8100c6b3ffff,89a8100c457ffff,466932573,467820599,15.3251,0.128861,athlete
89a8100c6b3ffff,89a8100c45bffff,466932573,467820516,15.0659,0.142807,athlete
89a8100c6b3ffff,89a8100c463ffff,466932573,466929967,13.9135,0.211633,athlete
89a8100c6b3ffff,89a8100c467ffff,466932573,296285901,19.9103,5e-05,athlete
89a8100c6b3ffff,89a8100c46bffff,466932573,12505529937,13.7596,0.221585,athlete
89a8100c6b3ffff,89a8100c46fffff,466932573,4849813871,18.1241,0.02155,athlete
89a8100c6b3ffff,89a8100c473ffff,466932573,466938137,14.423,0.179899,athlete
89a8100c6b3ffff,89a8100c47bffff,466932573,466930008,9.0474,0.574538,athlete
89a8100c6b3ffff,89a8100c6a3ffff,466932573,466929753,6.0524,0.790551,athlete
89a8100c6b3ffff,89a8100c6a7ffff,466932573,296285598,11.443,0.387632,athlete
89a8100c6b3ffff,89a8100c6afffff,466932573,1448778106,12.0262,0.343533,athlete
89a8100c6b3ffff,89a8100c6b3ffff,466932573,466932573,0.718,0.996824,athlete
89a8100c6b3ffff,89a8100c6b7ffff,466932573,466929739,8.5858,0.610157,athlete
89a8100c6b7ffff,89a8100c09bffff,466929739,4293923366,17.1534,0.049158,athlete
89a8100c6b7ffff,89a8100c0c3ffff,466929739,4293920655,13.7268,0.223732,athlete
89a8100c6b7ffff,89a8100c0cbffff,466929739,12487325808,14.0706,0.20164,athlete
89a8100c6b7ffff,89a8100c0d3ffff,466929739,296284761,10.2933,0.476971,athlete
89a8100c6b7ffff,89a8100c0d7ffff,466929739,296284684,13.1203,0.264627,athlete
89a8100c6b7ffff,89a8100c0dbffff,466929739,6769468141,11.0765,0.415852,athlete
89a8100c6b7ffff,89a8100c40bffff,466929739,3807737497,15.1507,0.138178,athlete
89a8100c6b7ffff,89a8100c40fffff,466929739,2522075891,17.1688,0.048634,athlete
89a8100c6b7ffff,89a8100c41bffff,466929739,467763633,17.3099,0.043979,athlete
89a8100c6b7ffff,89a8100c42bffff,466929739,12943884579,18.6651,0.010952,athlete
89a8100c6b7ffff,89a8100c443ffff,466929739,4947151527,10.0301,0.497638,athlete
89a8100c6b7ffff,89a8100c447ffff,466929739,3472333400,9.4521,0.542975,athlete
89a8100c6b7ffff,89a8100c44bffff,466929739,466938136,9.7128,0.52255,athlete
89a8100c6b7ffff,89a8100c44fffff,466929739,467820676,6.0242,0.792352,athlete
89a8100c6b7ffff,89a8100c453ffff,466929739,467820559,14.3335,0.185327,athlete
89a8100c6b7ffff,89a8100c457ffff,466929739,467820599,12.5585,0.304422,athlete
89a8100c6b7ffff,89a8100c45bffff,466929739,467820516,14.0902,0.200404,athlete
89a8100c6b7ffff,89a8100c463ffff,466929739,466929967,6.9432,0.730961,athlete
89a8100c6b7ffff,89a8100c467ffff,466929739,296285901,14.2166,0.19252,athlete
89a8100c6b7ffff,89a8100c46bffff,466929739,12505529937,6.6501,0.751126,athlete
89a8100c6b7ffff,89a8100c46fffff,466929739,4849813871,11.1538,0.409874,athlete
89a8100c6b7ffff,89a8100c473ffff,466929739,466938137,11.6564,0.37137,athlete
89a8100c6b7ffff,89a8100c477ffff,466929739,12572862106,17.492,0.038301,athlete
89a8100c6b7ffff,89a8100c47bffff,466929739,466930008,6.2531,0.777581,athlete
89a8100c6b7ffff,89a8100c4cfffff,466929739,467763429,18.5138,0.013563,athlete
89a8100c6b7ffff,89a8100c637ffff,466929739,445044750,16.4857,0.074269,athlete
89a8100c6b7ffff,89a8100c6a3ffff,466929739,466929753,10.3582,0.471882,athlete
89a8100c6b7ffff,89a8100c6a7ffff,466929739,296285598,5.6821,0.813719,athlete
89a8100c6b7ffff,89a8100c6afffff,466929739,1448778106,10.2518,0.480231,athlete
89a8100c6b7ffff,89a8100c6b3ffff,466929739,466932573,8.3679,0.626785,athlete
89a8100c6b7ffff,89a8100c6b7ffff,466929739,466929739,1.3471,0.988848,athlete
89a8100c6b7ffff,89a8100f127ffff,466929739,413363270,19.8966,6.6e-05,athlete
89a8100e06fffff,89a8100e06fffff,3416576930,3416576930,1.3674,0.988511,athlete
89a8100e06fffff,89a8100e237ffff,3416576930,9496451280,17.683,0.032751,athlete
89a8100e06fffff,89a8100e2a7ffff,3416576930,12831235988,14.365,0.183411,athlete
89a8100e06fffff,89a8100e2afffff,3416576930,9465336398,16.3369,0.080513,athlete
89a8100e06fffff,89a8100e303ffff,3416576930,1393379394,18.6573,0.011079,athlete
89a8100e06fffff,89a8100e313ffff,3416576930,9515286969,14.8934,0.152416,athlete
89a8100e06fffff,89a8100e31bffff,3416576930,9545366658,18.6808,0.010697,athlete
89a8100e06fffff,89a8100e383ffff,3416576930,9521965871,13.3425,0.24938,athlete
89a8100e06fffff,89a8100e387ffff,3416576930,8953251344,16.526,0.072616,athlete
89a8100e06fffff,89a8100e38bffff,3416576930,12505567548,11.6403,0.372594,athlete
89a8100e06fffff,89a8100e38fffff,3416576930,9537001559,15.4691,0.121377,athlete
89a8100e06fffff,89a8100e393ffff,3416576930,1393381000,14.225,0.191996,athlete
89a8100e06fffff,89a8100e39bffff,3416576930,1393380693,9.9533,0.503669,athlete
89a8100e06fffff,89a8100e3c3ffff,3416576930,9509169514,10.5943,0.453389,athlete
89a8100e06fffff,89a8100e3c7ffff,3416576930,9532804243,11.1619,0.409253,athlete
89a8100e06fffff,89a8100e3cbffff,3416576930,9523090342,15.6517,0.112165,athlete
89a8100e06fffff,89a8100e3cfffff,3416576930,9509243980,14.9235,0.150723,athlete
89a8100e06fffff,89a8100e3d3ffff,3416576930,9517170654,4.8196,0.863428,athlete
89a8100e06fffff,89a8100e3d7ffff,3416576930,9503196643,6.4978,0.761397,athlete
89a8100e06fffff,89a8100e3dbffff,3416576930,9517279686,12.5339,0.306202,athlete
89a8100e203ffff,89a8100c493ffff,9078053043,9089875466,19.6256,0.000864,athlete
89a8100e203ffff,89a8100e203ffff,9078053043,9078053043,3.2618,0.935796,athlete
89a8100e203ffff,89a8100e207ffff,9078053043,9078104201,10.779,0.438972,athlete
89a8100e203ffff,89a8100e20bffff,9078053043,9509544505,11.4599,0.386344,athlete
89a8100e203ffff,89a8100e20fffff,9078053043,9509342521,8.0434,0.65126,athlete
89a8100e203ffff,89a8100e223ffff,9078053043,9085138924,16.7627,0.063264,athlete
89a8100e203ffff,89a8100e22bffff,9078053043,9111245172,14.4948,0.175587,athlete
89a8100e203ffff,89a8100e233ffff,9078053043,9083125917,14.2852,0.188284,athlete
89a8100e203ffff,89a8100e237ffff,9078053043,9496451280,18.9128,0.007273,athlete
89a8100e203ffff,89a8100e23bffff,9078053043,12911190024,13.3111,0.251513,athlete
89a8100e203ffff,89a8100e247ffff,9078053043,9546511598,16.6046,0.069447,athlete
89a8100e203ffff,89a8100e257ffff,9078053043,370857290,16.4303,0.076565,athlete
89a8100e203ffff,89a8100e263ffff,9078053043,9560517151,19.5737,0.001121,athlete
89a8100e203ffff,89a8100e273ffff,9078053043,9512718996,13.847,0.215913,athlete
89a8100e203ffff,89a8100e277ffff,9078053043,9175432224,13.2247,0.257423,athlete
89a8100e203ffff,89a8100e2abffff,9078053043,12829462717,15.8599,0.102058,athlete
89a8100e203ffff,89a8100e2afffff,9078053043,9465336398,17.6919,0.032502,athlete
89a8100e207ffff,89a8100c493ffff,9078104201,9089875466,18.5809,0.012372,athlete
89a8100e207ffff,89a8100e203ffff,9078104201,9078053043,9.8281,0.513502,athlete
89a8100e207ffff,89a8100e207ffff,9078104201,9078104201,0.7694,0.996353,athlete
89a8100e207ffff,89a8100e20bffff,9078104201,9509544505,12.2367,0.327921,athlete
89a8100e207ffff,89a8100e20fffff,9078104201,9509342521,8.8203,0.592126,athlete
89a8100e207ffff,89a8100e223ffff,9078104201,9085138924,11.9982,0.345623,athlete
89a8100e207ffff,89a8100e227ffff,9078104201,8943483316,17.6772,0.032914,athlete
89a8100e207ffff,89a8100e22bffff,9078104201,9111245172,12.3663,0.318399,athlete
89a8100e207ffff,89a8100e22fffff,9078104201,9085206286,16.8564,0.059729,athlete
89a8100e207ffff,89a8100e233ffff,9078104201,9083125917,8.5202,0.615183,athlete
89a8100e207ffff,89a8100e237ffff,9078104201,9496451280,13.5459,0.235687,athlete
89a8100e207ffff,89a8100e23bffff,9078104201,12911190024,9.0196,0.576698,athlete
89a8100e207ffff,89a8100e247ffff,9078104201,9546511598,17.3814,0.041705,athlete
89a8100e207ffff,89a8100e257ffff,9078104201,370857290,17.2071,0.047348,athlete
89a8100e207ffff,89a8100e273ffff,9078104201,9512718996,14.404,0.181043,athlete
89a8100e207ffff,89a8100e277ffff,9078104201,9175432224,13.6088,0.231504,athlete
89a8100e207ffff,89a8100e2a7ffff,9078104201,12831235988,15.3914,0.125392,athlete
89a8100e207ffff,89a8100e2abffff,9078104201,12829462717,10.0948,0.492555,athlete
89a8100e207ffff,89a8100e2afffff,9078104201,9465336398,11.9269,0.350965,athlete
89a8100e207ffff,89a8100e3cbffff,9078104201,9523090342,17.3938,0.041317,athlete
89a8100e207ffff,89a8100e3dbffff,9078104201,9517279686,16.0676,0.092392,athlete
89a8100e20bffff,89a8100c493ffff,9509544505,9089875466,18.862,0.007967,athlete
89a8100e20bffff,89a8100e203ffff,9509544505,9078053043,11.874,0.354931,athlete
89a8100e20bffff,89a8100e207ffff,9509544505,9078104201,13.6018,0.231969,athlete
89a8100e20bffff,89a8100e20bffff,9509544505,9509544505,2.5651,0.95996,athlete
89a8100e20bffff,89a8100e20fffff,9509544505,9509342521,6.0676,0.789583,athlete
89a8100e20bffff,89a8100e223ffff,9509544505,9085138924,19.2119,0.003826,athlete
89a8100e20bffff,89a8100e22bffff,9509544505,9111245172,16.1877,0.087004,athlete
89a8100e20bffff,89a8100e233ffff,9509544505,9083125917,17.1081,0.050708,athlete
89a8100e20bffff,89a8100e23bffff,9509544505,12911190024,15.7215,0.108733,athlete
89a8100e20bffff,89a8100e243ffff,9509544505,1538576134,12.0844,0.339199,athlete
89a8100e20bffff,89a8100e247ffff,9509544505,9546511598,8.2245,0.637646,athlete
89a8100e20bffff,89a8100e24bffff,9509544505,467944723,19.8293,0.00018,athlete
89a8100e20bffff,89a8100e24fffff,9509544505,467944912,13.0044,0.272699,athlete
89a8100e20bffff,89a8100e257ffff,9509544505,370857290,7.8035,0.66911,athlete
89a8100e20bffff,89a8100e263ffff,9509544505,9560517151,13.8225,0.217497,athlete
89a8100e20bffff,89a8100e267ffff,9509544505,9560548910,18.7202,0.010069,athlete
89a8100e20bffff,89a8100e26bffff,9509544505,9528567209,19.0459,0.005605,athlete
89a8100e20bffff,89a8100e273ffff,9509544505,9512718996,7.8605,0.664891,athlete
89a8100e20bffff,89a8100e277ffff,9509544505,9175432224,11.2511,0.402373,athlete
89a8100e20bffff,89a8100e27bffff,9509544505,12911199240,13.7283,0.223632,athlete
89a8100e20bffff,89a8100e2abffff,9509544505,12829462717,18.6827,0.010666,athlete
89a8100e20bffff,89a8100f1a7ffff,9509544505,8941348148,18.0581,0.023082,athlete
89a8100e20bffff,89a8100f1b3ffff,9509544505,4619786697,19.7448,0.000402,athlete
89a8100e20bffff,89a8100f1b7ffff,9509544505,1489531937,14.464,0.177431,athlete
89a8100e20fffff,89a8100c493ffff,9509342521,9089875466,15.6645,0.111532,athlete
89a8100e20fffff,89a8100e203ffff,9509342521,9078053043,7.0659,0.722374,athlete
89a8100e20fffff,89a8100e207ffff,9509342521,9078104201,8.7936,0.594184,athlete
89a8100e20fffff,89a8100e20bffff,9509342521,9509544505,4.6758,0.87109,athlete
89a8100e20fffff,89a8100e20fffff,9509342521,9509342521,0.9797,0.994091,athlete
89a8100e20fffff,89a8100e223ffff,9509342521,9085138924,14.4903,0.175855,athlete
89a8100e20fffff,89a8100e22bffff,9509342521,9111245172,11.4661,0.38587,athlete
89a8100e20fffff,89a8100e22fffff,9509342521,9085206286,18.8062,0.008765,athlete
89a8100e20fffff,89a8100e233ffff,9509342521,9083125917,12.2999,0.323271,athlete
89a8100e20fffff,89a8100e237ffff,9509342521,9496451280,16.6404,0.068022,athlete
89a8100e20fffff,89a8100e23bffff,9509342521,12911190024,10.9998,0.421796,athlete
89a8100e20fffff,89a8100e243ffff,9509342521,1538576134,13.9272,0.210753,athlete
89a8100e20fffff,89a8100e247ffff,9509342521,9546511598,9.8205,0.514095,athlete
89a8100e20fffff,89a8100e24fffff,9509342521,467944912,14.8471,0.155037,athlete
89a8100e20fffff,89a8100e257ffff,9509342521,370857290,9.6463,0.527768,athlete
89a8100e20fffff,89a8100e263ffff,9509342521,9560517151,13.1804,0.260476,athlete
89a8100e20fffff,89a8100e267ffff,9509342521,9560548910,15.5227,0.118641,athlete
89a8100e20fffff,89a8100e26bffff,9509342521,9528567209,18.4037,0.015636,athlete
89a8100e20fffff,89a8100e273ffff,9509342521,9512718996,7.2183,0.711586,athlete
89a8100e20fffff,89a8100e277ffff,9509342521,9175432224,8.0536,0.650503,athlete
89a8100e20fffff,89a8100e27bffff,9509342521,12911199240,13.7929,0.219419,athlete
89a8100e20fffff,89a8100e2a7ffff,9509342521,12831235988,19.1711,0.004232,athlete
89a8100e20fffff,89a8100e2abffff,9509342521,12829462717,13.8745,0.214137,athlete
89a8100e20fffff,89a8100e2afffff,9509342521,9465336398,15.7066,0.109462,athlete
89a8100e20fffff,89a8100e3cbffff,9509342521,9523090342,19.9379,2.4e-05,athlete
89a8100e20fffff,89a8100e3dbffff,9509342521,9517279686,19.8474,0.000144,athlete
89a8100e20fffff,89a8100f1a7ffff,9509342521,8941348148,19.9008,6.1e-05,athlete
89a8100e20fffff,89a8100f1b7ffff,9509342521,1489531937,16.3068,0.081805,athlete
89a8100e223ffff,89a8100c483ffff,9085138924,9091230323,15.4569,0.122006,athlete
89a8100e223ffff,89a8100c487ffff,9085138924,8943221347,14.9098,0.151494,athlete
89a8100e223ffff,89a8100c48bffff,9085138924,467764073,17.7416,0.031134,athlete
89a8100e223ffff,89a8100c48fffff,9085138924,467743522,17.5734,0.035884,athlete
89a8100e223ffff,89a8100c493ffff,9085138924,9089875466,10.1035,0.491869,athlete
89a8100e223ffff,89a8100c497ffff,9085138924,9532442497,10.8007,0.437278,athlete
89a8100e223ffff,89a8100c49bffff,9085138924,9562434245,14.0299,0.204214,athlete
89a8100e223ffff,89a8100c4bbffff,9085138924,387095725,19.4056,0.002178,athlete
89a8100e223ffff,89a8100c4d7ffff,9085138924,9562334166,19.1069,0.004912,athlete
89a8100e223ffff,89a8100e203ffff,9085138924,9078053043,14.3439,0.184697,athlete
89a8100e223ffff,89a8100e207ffff,9085138924,9078104201,11.2626,0.401486,athlete
89a8100e223ffff,89a8100e20bffff,9085138924,9509544505,15.7333,0.108157,athlete
89a8100e223ffff,89a8100e20fffff,9085138924,9509342521,12.1872,0.331574,athlete
89a8100e223ffff,89a8100e223ffff,9085138924,9085138924,0.3776,0.999121,athlete
89a8100e223ffff,89a8100e227ffff,9085138924,8943483316,6.7331,0.74547,athlete
89a8100e223ffff,89a8100e22bffff,9085138924,9111245172,6.6185,0.75327,athlete
89a8100e223ffff,89a8100e22fffff,9085138924,9085206286,5.3108,0.835877,athlete
89a8100e223ffff,89a8100e233ffff,9085138924,9083125917,4.8529,0.861626,athlete
89a8100e223ffff,89a8100e237ffff,9085138924,9496451280,5.0304,0.85186,athlete
89a8100e223ffff,89a8100e23bffff,9085138924,12911190024,6.2675,0.776643,athlete
89a8100e223ffff,89a8100e247ffff,9085138924,9546511598,18.1379,0.021236,athlete
89a8100e223ffff,89a8100e257ffff,9085138924,370857290,19.4744,0.001703,athlete
89a8100e223ffff,89a8100e263ffff,9085138924,9560517151,17.051,0.052693,athlete
89a8100e223ffff,89a8100e267ffff,9085138924,9560548910,13.9551,0.208966,athlete
89a8100e223ffff,89a8100e273ffff,9085138924,9512718996,13.549,0.235474,athlete
89a8100e223ffff,89a8100e277ffff,9085138924,9175432224,11.5425,0.380033,athlete
89a8100e223ffff,89a8100e27bffff,9085138924,12911199240,19.0239,0.005865,athlete
89a8100e223ffff,89a8100e2a7ffff,9085138924,12831235988,14.0981,0.199912,athlete
89a8100e223ffff,89a8100e2abffff,9085138924,12829462717,8.8182,0.592284,athlete
89a8100e223ffff,89a8100e2afffff,9085138924,9465336398,10.6335,0.450326,athlete
89a8100e223ffff,89a8100e303ffff,9085138924,1393379394,19.2698,0.003286,athlete
89a8100e223ffff,89a8100e31bffff,9085138924,9545366658,15.6914,0.110209,athlete
89a8100e223ffff,89a8100e343ffff,9085138924,8943486125,15.8124,0.104325,athlete
89a8100e223ffff,89a8100e347ffff,9085138924,477232281,19.8161,0.000209,athlete
89a8100e223ffff,89a8100e34bffff,9085138924,389063239,14.9633,0.148493,athlete
89a8100e223ffff,89a8100e353ffff,9085138924,6945448510,12.7103,0.293508,athlete
89a8100e223ffff,89a8100e357ffff,9085138924,9509533701,15.0411,0.144172,athlete
89a8100e223ffff,89a8100e35bffff,9085138924,9546062800,9.4555,0.542714,athlete
89a8100e223ffff,89a8100e3c3ffff,9085138924,9509169514,12.3657,0.318443,athlete
89a8100e223ffff,89a8100e3c7ffff,9085138924,9532804243,15.3318,0.128506,athlete
89a8100e223ffff,89a8100e3cbffff,9085138924,9523090342,7.7973,0.669565,athlete
89a8100e223ffff,89a8100e3cfffff,9085138924,9509243980,12.2375,0.32786,athlete
89a8100e223ffff,89a8100e3d3ffff,9085138924,9517170654,18.0485,0.023308,athlete
89a8100e223ffff,89a8100e3d7ffff,9085138924,9503196643,16.7245,0.064734,athlete
89a8100e223ffff,89a8100e3dbffff,9085138924,9517279686,11.2441,0.402909,athlete
89a8100e227ffff,89a8100c483ffff,8943483316,9091230323,16.798,0.061921,athlete
89a8100e227ffff,89a8100c487ffff,8943483316,8943221347,16.2348,0.084929,athlete
89a8100e227ffff,89a8100c48bffff,8943483316,467764073,19.2331,0.003624,athlete
89a8100e227ffff,89a8100c48fffff,8943483316,467743522,18.9146,0.00725,athlete
89a8100e227ffff,89a8100c493ffff,8943483316,9089875466,12.918,0.278758,athlete
89a8100e227ffff,89a8100c497ffff,8943483316,9532442497,12.1258,0.336128,athlete
89a8100e227ffff,89a8100c49bffff,8943483316,9562434245,15.5214,0.118708,athlete
89a8100e227ffff,89a8100e06fffff,8943483316,3416576930,19.9967,0.0,athlete
89a8100e227ffff,89a8100e207ffff,8943483316,9078104201,18.5796,0.012393,athlete
89a8100e227ffff,89a8100e223ffff,8943483316,9085138924,9.3939,0.547533,athlete
89a8100e227ffff,89a8100e227ffff,8943483316,8943483316,0.7158,0.996843,athlete
89a8100e227ffff,89a8100e22bffff,8943483316,9111245172,12.86,0.282854,athlete
89a8100e227ffff,89a8100e22fffff,8943483316,9085206286,7.0339,0.724622,athlete
89a8100e227ffff,89a8100e233ffff,8943483316,9083125917,12.17,0.33285,athlete
89a8100e227ffff,89a8100e237ffff,8943483316,9496451280,6.0425,0.791185,athlete
89a8100e227ffff,89a8100e23bffff,8943483316,12911190024,14.2373,0.191239,athlete
89a8100e227ffff,89a8100e267ffff,8943483316,9560548910,16.7696,0.063001,athlete
89a8100e227ffff,89a8100e277ffff,8943483316,9175432224,18.1261,0.021505,athlete
89a8100e227ffff,89a8100e2a7ffff,8943483316,12831235988,13.5795,0.233449,athlete
89a8100e227ffff,89a8100e2abffff,8943483316,12829462717,16.1353,0.089337,athlete
89a8100e227ffff,89a8100e2afffff,8943483316,9465336398,10.5891,0.453797,athlete
89a8100e227ffff,89a8100e303ffff,8943483316,1393379394,14.6767,0.164848,athlete
89a8100e227ffff,89a8100e30bffff,8943483316,12492914735,17.9689,0.025231,athlete
89a8100e227ffff,89a8100e30fffff,8943483316,8002779153,19.5252,0.00139,athlete
89a8100e227ffff,89a8100e31bffff,8943483316,9545366658,11.0983,0.414165,athlete
89a8100e227ffff,89a8100e343ffff,8943483316,8943486125,12.5593,0.304366,athlete
89a8100e227ffff,89a8100e347ffff,8943483316,477232281,16.563,0.071117,athlete
89a8100e227ffff,89a8100e34bffff,8943483316,389063239,13.7618,0.221442,athlete
89a8100e227ffff,89a8100e353ffff,8943483316,6945448510,9.0761,0.572307,athlete
89a8100e227ffff,89a8100e357ffff,8943483316,9509533701,11.7749,0.362396,athlete
89a8100e227ffff,89a8100e35bffff,8943483316,9546062800,8.2541,0.635413,athlete
89a8100e227ffff,89a8100e37bffff,8943483316,8943221373,19.9875,1e-06,athlete
89a8100e227ffff,89a8100e38bffff,8943483316,12505567548,19.6465,0.000771,athlete
89a8100e227ffff,89a8100e3c3ffff,8943483316,9509169514,11.2292,0.404055,athlete
89a8100e227ffff,89a8100e3c7ffff,8943483316,9532804243,13.1037,0.26578,athlete
89a8100e227ffff,89a8100e3cbffff,8943483316,9523090342,5.8586,0.802803,athlete
89a8100e227ffff,89a8100e3cfffff,8943483316,9509243980,7.6445,0.680809,athlete
89a8100e227ffff,89a8100e3d3ffff,8943483316,9517170654,17.0606,0.052356,athlete
89a8100e227ffff,89a8100e3d7ffff,8943483316,9503196643,15.588,0.115344,athlete
89a8100e227ffff,89a8100e3dbffff,8943483316,9517279686,10.3695,0.470992,athlete
89a8100e22bffff,89a8100c483ffff,9111245172,9091230323,15.8125,0.104324,athlete
89a8100e22bffff,89a8100c487ffff,9111245172,8943221347,15.7363,0.108008,athlete
89a8100e22bffff,89a8100c48bffff,9111245172,467764073,18.0971,0.022169,athlete
89a8100e22bffff,89a8100c48fffff,9111245172,467743522,17.929,0.026224,athlete
89a8100e22bffff,89a8100c493ffff,9111245172,9089875466,9.8354,0.51293,athlete
89a8100e22bffff,89a8100c497ffff,9111245172,9532442497,11.6273,0.373581,athlete
89a8100e22bffff,89a8100c49bffff,9111245172,9562434245,14.3854,0.18217,athlete
89a8100e22bffff,89a8100c4bbffff,9111245172,387095725,19.8215,0.000197,athlete
89a8100e22bffff,89a8100c4d7ffff,9111245172,9562334166,19.4625,0.001781,athlete
89a8100e22bffff,89a8100e203ffff,9111245172,9078053043,12.2579,0.32636,athlete
89a8100e22bffff,89a8100e207ffff,9111245172,9078104201,12.5162,0.307484,athlete
89a8100e22bffff,89a8100e20bffff,9111245172,9509544505,13.6473,0.228959,athlete
89a8100e22bffff,89a8100e20fffff,9111245172,9509342521,10.1013,0.492047,athlete
89a8100e22bffff,89a8100e223ffff,9111245172,9085138924,7.5097,0.690634,athlete
89a8100e22bffff,89a8100e227ffff,9111245172,8943483316,11.4075,0.390354,athlete
89a8100e22bffff,89a8100e22bffff,9111245172,9111245172,0.5509,0.998129,athlete
89a8100e22bffff,89a8100e22fffff,9111245172,9085206286,8.1109,0.6462,athlete
89a8100e22bffff,89a8100e233ffff,9111245172,9083125917,11.6795,0.369617,athlete
89a8100e22bffff,89a8100e237ffff,9111245172,9496451280,12.0263,0.343525,athlete
89a8100e22bffff,89a8100e23bffff,9111245172,12911190024,7.1937,0.713337,athlete
89a8100e22bffff,89a8100e247ffff,9111245172,9546511598,14.964,0.14845,athlete
89a8100e22bffff,89a8100e24fffff,9111245172,467944912,19.9932,0.0,athlete
89a8100e22bffff,89a8100e257ffff,9111245172,370857290,17.3884,0.041485,athlete
89a8100e22bffff,89a8100e263ffff,9111245172,9560517151,11.2732,0.400667,athlete
89a8100e22bffff,89a8100e267ffff,9111245172,9560548910,11.2938,0.399081,athlete
89a8100e22bffff,89a8100e26bffff,9111245172,9528567209,18.0535,0.02319,athlete
89a8100e22bffff,89a8100e26fffff,9111245172,9562570594,18.0271,0.023819,athlete
89a8100e22bffff,89a8100e273ffff,9111245172,9512718996,10.3751,0.470554,athlete
89a8100e22bffff,89a8100e277ffff,9111245172,9175432224,6.3823,0.769088,athlete
89a8100e22bffff,89a8100e27bffff,9111245172,12911199240,13.506,0.238351,athlete
89a8100e22bffff,89a8100e2abffff,9111245172,12829462717,15.6448,0.11251,athlete
89a8100e22bffff,89a8100e2afffff,9111245172,9465336398,17.4601,0.039269,athlete
89a8100e22bffff,89a8100e34bffff,9111245172,389063239,19.2613,0.003362,athlete
89a8100e22bffff,89a8100e353ffff,9111245172,6945448510,17.1806,0.048239,athlete
89a8100e22bffff,89a8100e357ffff,9111245172,9509533701,19.5114,0.001472,athlete
89a8100e22bffff,89a8100e35bffff,9111245172,9546062800,13.9258,0.210844,athlete
89a8100e22bffff,89a8100e3c3ffff,9111245172,9509169514,19.3617,0.002511,athlete
89a8100e22bffff,89a8100e3cbffff,9111245172,9523090342,14.7933,0.158112,athlete
89a8100e22bffff,89a8100e3cfffff,9111245172,9509243980,16.7675,0.063084,athlete
89a8100e22bffff,89a8100e3dbffff,9111245172,9517279686,18.24,0.018985,athlete
89a8100e22fffff,89a8100c403ffff,9085206286,467743614,19.2773,0.003218,athlete
89a8100e22fffff,89a8100c413ffff,9085206286,466938077,16.313,0.081536,athlete
89a8100e22fffff,89a8100c417ffff,9085206286,467743606,19.3369,0.00271,athlete
89a8100e22fffff,89a8100c483ffff,9085206286,9091230323,10.8381,0.434364,athlete
89a8100e22fffff,89a8100c487ffff,9085206286,8943221347,10.5386,0.457752,athlete
89a8100e22fffff,89a8100c48bffff,9085206286,467764073,13.1228,0.264453,athlete
89a8100e22fffff,89a8100c48fffff,9085206286,467743522,12.9547,0.276183,athlete
89a8100e22fffff,89a8100c493ffff,9085206286,9089875466,6.8078,0.740342,athlete
89a8100e22fffff,89a8100c497ffff,9085206286,9532442497,6.4295,0.765953,athlete
89a8100e22fffff,89a8100c49bffff,9085206286,9562434245,9.4111,0.546186,athlete
89a8100e22fffff,89a8100c4a3ffff,9085206286,12904007453,19.0539,0.005511,athlete
89a8100e22fffff,89a8100c4bbffff,9085206286,387095725,14.8471,0.155038,athlete
89a8100e22fffff,89a8100c4c3ffff,9085206286,4947385383,19.8041,0.000237,athlete
89a8100e22fffff,89a8100c4d3ffff,9085206286,9562600840,17.8833,0.027384,athlete
89a8100e22fffff,89a8100c4d7ffff,9085206286,9562334166,14.4882,0.175981,athlete
89a8100e22fffff,89a8100e203ffff,9085206286,9078053043,18.1113,0.021843,athlete
89a8100e22fffff,89a8100e207ffff,9085206286,9078104201,14.7602,0.160012,athlete
89a8100e22fffff,89a8100e20bffff,9085206286,9509544505,19.5007,0.001537,athlete
89a8100e22fffff,89a8100e20fffff,9085206286,9509342521,15.9547,0.097594,athlete
89a8100e22fffff,89a8100e223ffff,9085206286,9085138924,4.3498,0.887758,athlete
89a8100e22fffff,89a8100e227ffff,9085206286,8943483316,4.5081,0.879791,athlete
89a8100e22fffff,89a8100e22bffff,9085206286,9111245172,6.8244,0.739198,athlete
89a8100e22fffff,89a8100e22fffff,9085206286,9085206286,0.5905,0.997851,athlete
89a8100e22fffff,89a8100e233ffff,9085206286,9083125917,8.3505,0.628104,athlete
89a8100e22fffff,89a8100e237ffff,9085206286,9496451280,8.4914,0.617378,athlete
89a8100e22fffff,89a8100e23bffff,9085206286,12911190024,10.0349,0.497259,athlete
89a8100e22fffff,89a8100e263ffff,9085206286,9560517151,15.1608,0.137632,athlete
89a8100e22fffff,89a8100e267ffff,9085206286,9560548910,10.6594,0.448307,athlete
89a8100e22fffff,89a8100e26bffff,9085206286,9528567209,16.3848,0.078477,athlete
89a8100e22fffff,89a8100e26fffff,9085206286,9562570594,15.4119,0.124329,athlete
89a8100e22fffff,89a8100e273ffff,9085206286,9512718996,16.3217,0.081162,athlete
89a8100e22fffff,89a8100e277ffff,9085206286,9175432224,12.0904,0.338754,athlete
89a8100e22fffff,89a8100e27bffff,9085206286,12911199240,18.8593,0.008005,athlete
89a8100e22fffff,89a8100e2a7ffff,9085206286,12831235988,17.2652,0.045431,athlete
89a8100e22fffff,89a8100e2abffff,9085206286,12829462717,12.3158,0.322099,athlete
89a8100e22fffff,89a8100e2afffff,9085206286,9465336398,14.118,0.198661,athlete
89a8100e22fffff,89a8100e303ffff,9085206286,1393379394,16.9003,0.058107,athlete
89a8100e22fffff,89a8100e30bffff,9085206286,12492914735,18.793,0.00896,athlete
89a8100e22fffff,89a8100e31bffff,9085206286,9545366658,13.3219,0.250781,athlete
89a8100e22fffff,89a8100e343ffff,9085206286,8943486125,13.3833,0.246608,athlete
89a8100e22fffff,89a8100e347ffff,9085206286,477232281,17.387,0.041529,athlete
89a8100e22fffff,89a8100e34bffff,9085206286,389063239,12.5341,0.306185,athlete
89a8100e22fffff,89a8100e353ffff,9085206286,6945448510,10.2811,0.477926,athlete
89a8100e22fffff,89a8100e357ffff,9085206286,9509533701,12.612,0.300564,athlete
89a8100e22fffff,89a8100e35bffff,9085206286,9546062800,7.0264,0.725149,athlete
89a8100e22fffff,89a8100e3c3ffff,9085206286,9509169514,14.6882,0.164179,athlete
89a8100e22fffff,89a8100e3c7ffff,9085206286,9532804243,15.4211,0.123853,athlete
89a8100e22fffff,89a8100e3cbffff,9085206286,9523090342,9.5443,0.535759,athlete
89a8100e22fffff,89a8100e3cfffff,9085206286,9509243980,9.868,0.510364,athlete
89a8100e22fffff,89a8100e3d7ffff,9085206286,9503196643,18.9897,0.006283,athlete
89a8100e22fffff,89a8100e3dbffff,9085206286,9517279686,14.0552,0.202608,athlete
89a8100e233ffff,89a8100c483ffff,9083125917,9091230323,19.6909,0.000589,athlete
89a8100e233ffff,89a8100c487ffff,9083125917,8943221347,19.1438,0.004515,athlete
89a8100e233ffff,89a8100c493ffff,9083125917,9089875466,14.2541,0.1902,athlete
89a8100e233ffff,89a8100c497ffff,9083125917,9532442497,15.0348,0.14452,athlete
89a8100e233ffff,89a8100c49bffff,9083125917,9562434245,18.2639,0.018477,athlete
89a8100e233ffff,89a8100e06fffff,9083125917,3416576930,19.5784,0.001096,athlete
89a8100e233ffff,89a8100e203ffff,9083125917,9078053043,11.786,0.361564,athlete
89a8100e233ffff,89a8100e207ffff,9083125917,9078104201,6.9834,0.728155,athlete
89a8100e233ffff,89a8100e20bffff,9083125917,9509544505,14.1946,0.193882,athlete
89a8100e233ffff,89a8100e20fffff,9083125917,9509342521,10.7782,0.439035,athlete
89a8100e233ffff,89a8100e223ffff,9083125917,9085138924,4.6116,0.87445,athlete
89a8100e233ffff,89a8100e227ffff,9083125917,8943483316,9.9744,0.502009,athlete
89a8100e233ffff,89a8100e22bffff,9083125917,9111245172,10.535,0.458029,athlete
89a8100e233ffff,89a8100e22fffff,9083125917,9085206286,9.5449,0.535714,athlete
89a8100e233ffff,89a8100e233ffff,9083125917,9083125917,0.5738,0.997971,athlete
89a8100e233ffff,89a8100e237ffff,9083125917,9496451280,6.0271,0.792169,athlete
89a8100e233ffff,89a8100e23bffff,9083125917,12911190024,7.2925,0.706294,athlete
89a8100e233ffff,89a8100e247ffff,9083125917,9546511598,18.7419,0.009732,athlete
89a8100e233ffff,89a8100e257ffff,9083125917,370857290,19.165,0.004294,athlete
89a8100e233ffff,89a8100e263ffff,9083125917,9560517151,19.2317,0.003637,athlete
89a8100e233ffff,89a8100e267ffff,9083125917,9560548910,18.1057,0.021972,athlete
89a8100e233ffff,89a8100e273ffff,9083125917,9512718996,14.7278,0.16188,athlete
89a8100e233ffff,89a8100e277ffff,9083125917,9175432224,12.7213,0.292719,athlete
89a8100e233ffff,89a8100e2a7ffff,9083125917,12831235988,9.8189,0.514222,athlete
89a8100e233ffff,89a8100e2abffff,9083125917,12829462717,4.5391,0.878203,athlete
89a8100e233ffff,89a8100e2afffff,9083125917,9465336398,6.3544,0.770933,athlete
89a8100e233ffff,89a8100e31bffff,9083125917,9545366658,18.9549,0.006722,athlete
89a8100e233ffff,89a8100e34bffff,9083125917,389063239,19.1973,0.003969,athlete
89a8100e233ffff,89a8100e353ffff,9083125917,6945448510,16.9443,0.056498,athlete
89a8100e233ffff,89a8100e357ffff,9083125917,9509533701,19.2752,0.003237,athlete
89a8100e233ffff,89a8100e35bffff,9083125917,9546062800,13.6895,0.226175,athlete
89a8100e233ffff,89a8100e3c3ffff,9083125917,9509169514,13.3624,0.248026,athlete
89a8100e233ffff,89a8100e3c7ffff,9083125917,9532804243,17.2255,0.046738,athlete
89a8100e233ffff,89a8100e3cbffff,9083125917,9523090342,9.691,0.52426,athlete
89a8100e233ffff,89a8100e3cfffff,9083125917,9509243980,15.0797,0.14205,athlete
89a8100e233ffff,89a8100e3d3ffff,9083125917,9517170654,15.0014,0.146367,athlete
89a8100e233ffff,89a8100e3d7ffff,9083125917,9503196643,17.7212,0.031693,athlete
89a8100e233ffff,89a8100e3dbffff,9083125917,9517279686,10.4951,0.461151,athlete
89a8100e237ffff,89a8100c493ffff,9496451280,9089875466,16.1957,0.086651,athlete
89a8100e237ffff,89a8100c497ffff,9496451280,9532442497,16.48,0.074501,athlete
89a8100e237ffff,89a8100c49bffff,9496451280,9562434245,19.8757,9.5e-05,athlete
89a8100e237ffff,89a8100e06fffff,9496451280,3416576930,16.6254,0.068616,athlete
89a8100e237ffff,89a8100e203ffff,9496451280,9078053043,17.9111,0.026676,athlete
89a8100e237ffff,89a8100e207ffff,9496451280,9078104201,13.5856,0.233039,athlete
89a8100e237ffff,89a8100e20bffff,9496451280,9509544505,19.3005,0.003015,athlete
89a8100e237ffff,89a8100e20fffff,9496451280,9509342521,15.7545,0.107124,athlete
89a8100e237ffff,89a8100e223ffff,9496451280,9085138924,6.627,0.752692,athlete
89a8100e237ffff,89a8100e227ffff,9496451280,8943483316,6.1288,0.785651,athlete
89a8100e237ffff,89a8100e22bffff,9496451280,9111245172,12.8679,0.282295,athlete
89a8100e237ffff,89a8100e22fffff,9496451280,9085206286,11.288,0.399532,athlete
89a8100e237ffff,89a8100e233ffff,9496451280,9083125917,7.4079,0.698006,athlete
89a8100e237ffff,89a8100e237ffff,9496451280,9496451280,0.2836,0.999504,athlete
89a8100e237ffff,89a8100e23bffff,9496451280,12911190024,9.8347,0.512981,athlete
89a8100e237ffff,89a8100e273ffff,9496451280,9512718996,17.2179,0.046988,athlete
89a8100e237ffff,89a8100e277ffff,9496451280,9175432224,15.2114,0.134903,athlete
89a8100e237ffff,89a8100e2a7ffff,9496451280,12831235988,9.5,0.53923,athlete
89a8100e237ffff,89a8100e2abffff,9496451280,12829462717,10.7663,0.439958,athlete
89a8100e237ffff,89a8100e2afffff,9496451280,9465336398,6.349,0.771289,athlete
89a8100e237ffff,89a8100e303ffff,9496451280,1393379394,18.2314,0.019171,athlete
89a8100e237ffff,89a8100e31bffff,9496451280,9545366658,15.0744,0.142337,athlete
89a8100e237ffff,89a8100e343ffff,9496451280,8943486125,17.4217,0.040447,athlete
89a8100e237ffff,89a8100e34bffff,9496451280,389063239,18.1999,0.019855,athlete
89a8100e237ffff,89a8100e353ffff,9496451280,6945448510,13.8221,0.217523,athlete
89a8100e237ffff,89a8100e357ffff,9496451280,9509533701,15.751,0.107291,athlete
89a8100e237ffff,89a8100e35bffff,9496451280,9546062800,12.6922,0.294804,athlete
89a8100e237ffff,89a8100e38bffff,9496451280,12505567548,16.9336,0.056888,athlete
89a8100e237ffff,89a8100e39bffff,9496451280,1393380693,18.787,0.009049,athlete
89a8100e237ffff,89a8100e3c3ffff,9496451280,9509169514,7.858,0.665079,athlete
89a8100e237ffff,89a8100e3c7ffff,9496451280,9532804243,13.0758,0.26772,athlete
89a8100e237ffff,89a8100e3cbffff,9496451280,9523090342,5.8105,0.805801,athlete
89a8100e237ffff,89a8100e3cfffff,9496451280,9509243980,11.1992,0.406373,athlete
89a8100e237ffff,89a8100e3d3ffff,9496451280,9517170654,13.4764,0.240336,athlete
89a8100e237ffff,89a8100e3d7ffff,9496451280,9503196643,12.2167,0.329395,athlete
89a8100e237ffff,89a8100e3dbffff,9496451280,9517279686,6.6719,0.749642,athlete
89a8100e23bffff,89a8100c483ffff,12911190024,9091230323,18.2381,0.019027,athlete
89a8100e23bffff,89a8100c487ffff,12911190024,8943221347,18.162,0.020695,athlete
89a8100e23bffff,89a8100c493ffff,12911190024,9089875466,12.261,0.326131,athlete
89a8100e23bffff,89a8100c497ffff,12911190024,9532442497,14.0529,0.202754,athlete
89a8100e23bffff,89a8100c49bffff,12911190024,9562434245,16.8111,0.061428,athlete
89a8100e23bffff,89a8100e203ffff,12911190024,9078053043,9.753,0.519398,athlete
89a8100e23bffff,89a8100e207ffff,12911190024,9078104201,6.9407,0.731137,athlete
89a8100e23bffff,89a8100e20bffff,12911190024,9509544505,11.1423,0.410762,athlete
89a8100e23bffff,89a8100e20fffff,12911190024,9509342521,7.5963,0.68433,athlete
89a8100e23bffff,89a8100e223ffff,12911190024,9085138924,5.6784,0.813944,athlete
89a8100e23bffff,89a8100e227ffff,12911190024,8943483316,11.4551,0.386711,athlete
89a8100e23bffff,89a8100e22bffff,12911190024,9111245172,4.961,0.855713,athlete
89a8100e23bffff,89a8100e22fffff,12911190024,9085206286,10.5366,0.457907,athlete
89a8100e23bffff,89a8100e233ffff,12911190024,9083125917,6.8273,0.738997,athlete
89a8100e23bffff,89a8100e237ffff,12911190024,9496451280,7.8745,0.66385,athlete
89a8100e23bffff,89a8100e23bffff,12911190024,12911190024,1.0225,0.993564,athlete
89a8100e23bffff,89a8100e243ffff,12911190024,1538576134,19.1644,0.004301,athlete
89a8100e23bffff,89a8100e247ffff,12911190024,9546511598,13.5893,0.232793,athlete
89a8100e23bffff,89a8100e24fffff,12911190024,467944912,18.6185,0.011727,athlete
89a8100e23bffff,89a8100e257ffff,12911190024,370857290,14.8835,0.152977,athlete
89a8100e23bffff,89a8100e263ffff,12911190024,9560517151,13.6577,0.228273,athlete
89a8100e23bffff,89a8100e267ffff,12911190024,9560548910,13.6783,0.226916,athlete
89a8100e23bffff,89a8100e26bffff,12911190024,9528567209,19.2395,0.003564,athlete
89a8100e23bffff,89a8100e273ffff,12911190024,9512718996,9.1538,0.566264,athlete
89a8100e23bffff,89a8100e277ffff,12911190024,9175432224,7.1473,0.716629,athlete
89a8100e23bffff,89a8100e27bffff,12911190024,12911199240,14.6287,0.167657,athlete
89a8100e23bffff,89a8100e2a7ffff,12911190024,12831235988,16.0724,0.092176,athlete
89a8100e23bffff,89a8100e2abffff,12911190024,12829462717,10.7926,0.437912,athlete
89a8100e23bffff,89a8100e2afffff,12911190024,9465336398,12.6079,0.30086,athlete
89a8100e23bffff,89a8100e353ffff,12911190024,6945448510,18.0111,0.024203,athlete
89a8100e23bffff,89a8100e35bffff,12911190024,9546062800,14.7563,0.160237,athlete
89a8100e23bffff,89a8100e3c3ffff,12911190024,9509169514,15.2098,0.134987,athlete
89a8100e23bffff,89a8100e3c7ffff,12911190024,9532804243,18.7062,0.010291,athlete
89a8100e23bffff,89a8100e3cbffff,12911190024,9523090342,11.1717,0.408497,athlete
89a8100e23bffff,89a8100e3cfffff,12911190024,9509243980,16.5603,0.071224,athlete
89a8100e23bffff,89a8100e3d7ffff,12911190024,9503196643,19.5686,0.001147,athlete
89a8100e23bffff,89a8100e3dbffff,12911190024,9517279686,14.0882,0.20053,athlete
89a8100e243ffff,89a8100c4dbffff,1538576134,6634220130,17.7227,0.031652,athlete
89a8100e243ffff,89a8100e20bffff,1538576134,9509544505,12.1695,0.332885,athlete
89a8100e243ffff,89a8100e20fffff,1538576134,9509342521,15.404,0.124735,athlete
89a8100e243ffff,89a8100e243ffff,1538576134,1538576134,1.9515,0.976691,athlete
89a8100e243ffff,89a8100e247ffff,1538576134,9546511598,4.3632,0.887091,athlete
89a8100e243ffff,89a8100e24bffff,1538576134,467944723,10.3321,0.47393,athlete
89a8100e243ffff,89a8100e24fffff,1538576134,467944912,4.4766,0.881396,athlete
89a8100e243ffff,89a8100e257ffff,1538576134,370857290,7.9292,0.659785,athlete
89a8100e243ffff,89a8100e263ffff,1538576134,9560517151,17.0257,0.053585,athlete
89a8100e243ffff,89a8100e26bffff,1538576134,9528567209,15.7367,0.107989,athlete
89a8100e243ffff,89a8100e273ffff,1538576134,9512718996,12.2881,0.324136,athlete
89a8100e243ffff,89a8100e277ffff,1538576134,9175432224,18.3403,0.016896,athlete
89a8100e243ffff,89a8100e27bffff,1538576134,12911199240,9.867,0.510442,athlete
89a8100e243ffff,89a8100f1a3ffff,1538576134,7288855586,17.0121,0.054065,athlete
89a8100e243ffff,89a8100f1a7ffff,1538576134,8941348148,13.3749,0.247177,athlete
89a8100e243ffff,89a8100f1afffff,1538576134,413363541,19.283,0.003168,athlete
89a8100e243ffff,89a8100f1b3ffff,1538576134,4619786697,10.3444,0.47296,athlete
89a8100e243ffff,89a8100f1b7ffff,1538576134,1489531937,9.7809,0.517208,athlete
89a8100e247ffff,89a8100c4dbffff,9546511598,6634220130,15.1151,0.140114,athlete
89a8100e247ffff,89a8100e203ffff,9546511598,9078053043,19.7789,0.000302,athlete
89a8100e247ffff,89a8100e20bffff,9546511598,9509544505,10.7379,0.442172,athlete
89a8100e247ffff,89a8100e20fffff,9546511598,9509342521,13.9724,0.207861,athlete
89a8100e247ffff,89a8100e22bffff,9546511598,9111245172,19.7546,0.000372,athlete
89a8100e247ffff,89a8100e243ffff,9546511598,1538576134,6.2941,0.7749,athlete
89a8100e247ffff,89a8100e247ffff,9546511598,9546511598,0.497,0.998477,athlete
89a8100e247ffff,89a8100e24bffff,9546511598,467944723,13.0797,0.267447,athlete
89a8100e247ffff,89a8100e24fffff,9546511598,467944912,5.7136,0.811785,athlete
89a8100e247ffff,89a8100e257ffff,9546511598,370857290,4.4998,0.880214,athlete
89a8100e247ffff,89a8100e263ffff,9546511598,9560517151,13.5962,0.232337,athlete
89a8100e247ffff,89a8100e267ffff,9546511598,9560548910,19.0556,0.005491,athlete
89a8100e247ffff,89a8100e26bffff,9546511598,9528567209,12.3327,0.320866,athlete
89a8100e247ffff,89a8100e273ffff,9546511598,9512718996,8.6094,0.608352,athlete
89a8100e247ffff,89a8100e277ffff,9546511598,9175432224,14.6616,0.165733,athlete
89a8100e247ffff,89a8100e27bffff,9546511598,12911199240,6.4376,0.765416,athlete
89a8100e247ffff,89a8100f137ffff,9546511598,413363599,19.4101,0.002145,athlete
89a8100e247ffff,89a8100f1a3ffff,9546511598,7288855586,14.4045,0.181014,athlete
89a8100e247ffff,89a8100f1a7ffff,9546511598,8941348148,10.7673,0.43988,athlete
89a8100e247ffff,89a8100f1afffff,9546511598,413363541,16.6754,0.066646,athlete
89a8100e247ffff,89a8100f1b3ffff,9546511598,4619786697,12.4541,0.311996,athlete
89a8100e247ffff,89a8100f1b7ffff,9546511598,1489531937,7.1733,0.714787,athlete
89a8100e24bffff,89a8100c4dbffff,467944723,6634220130,17.932,0.026149,athlete
89a8100e24bffff,89a8100e20bffff,467944723,9509544505,17.681,0.032807,athlete
89a8100e24bffff,89a8100e243ffff,467944723,1538576134,8.0344,0.651939,athlete
89a8100e24bffff,89a8100e247ffff,467944723,9546511598,8.8809,0.587444,athlete
89a8100e24bffff,89a8100e24bffff,467944723,467944723,0.484,0.998556,athlete
89a8100e24bffff,89a8100e24fffff,467944723,467944912,6.2843,0.775542,athlete
89a8100e24bffff,89a8100e257ffff,467944723,370857290,12.4469,0.31252,athlete
89a8100e24bffff,89a8100e263ffff,467944723,9560517151,18.5326,0.013224,athlete
89a8100e24bffff,89a8100e26bffff,467944723,9528567209,14.184,0.19454,athlete
89a8100e24bffff,89a8100e273ffff,467944723,9512718996,16.8058,0.061629,athlete
89a8100e24bffff,89a8100e27bffff,467944723,12911199240,14.3847,0.182216,athlete
89a8100e24bffff,89a8100f1a3ffff,467944723,7288855586,14.7724,0.15931,athlete
89a8100e24bffff,89a8100f1a7ffff,467944723,8941348148,13.5843,0.233131,athlete
89a8100e24bffff,89a8100f1afffff,467944723,413363541,17.3624,0.042304,athlete
89a8100e24bffff,89a8100f1b3ffff,467944723,4619786697,6.8426,0.73794,athlete
89a8100e24bffff,89a8100f1b7ffff,467944723,1489531937,9.3028,0.55465,athlete
89a8100e24fffff,89a8100c4cbffff,467944912,467842583,19.2445,0.003517,athlete
89a8100e24fffff,89a8100c4d3ffff,467944912,9562600840,19.7959,0.000257,athlete
89a8100e24fffff,89a8100c4dbffff,467944912,6634220130,13.9926,0.206577,athlete
89a8100e24fffff,89a8100e20bffff,467944912,9509544505,13.7081,0.224959,athlete
89a8100e24fffff,89a8100e20fffff,467944912,9509342521,16.9426,0.056562,athlete
89a8100e24fffff,89a8100e243ffff,467944912,1538576134,5.1016,0.847866,athlete
89a8100e24fffff,89a8100e247ffff,467944912,9546511598,4.4376,0.883368,athlete
89a8100e24fffff,89a8100e24bffff,467944912,467944723,9.207,0.562117,athlete
89a8100e24fffff,89a8100e24fffff,467944912,467944912,0.2405,0.999643,athlete
89a8100e24fffff,89a8100e257ffff,467944912,370857290,8.0036,0.65424,athlete
89a8100e24fffff,89a8100e263ffff,467944912,9560517151,15.9996,0.095508,athlete
89a8100e24fffff,89a8100e26bffff,467944912,9528567209,11.6909,0.368751,athlete
89a8100e24fffff,89a8100e273ffff,467944912,9512718996,12.3625,0.318681,athlete
89a8100e24fffff,89a8100e277ffff,467944912,9175432224,18.4146,0.015424,athlete
89a8100e24fffff,89a8100e27bffff,467944912,12911199240,9.9414,0.504602,athlete
89a8100e24fffff,89a8100f127ffff,467944912,413363270,19.3396,0.002688,athlete
89a8100e24fffff,89a8100f137ffff,467944912,413363599,18.2876,0.017979,athlete
89a8100e24fffff,89a8100f1a3ffff,467944912,7288855586,13.1499,0.262579,athlete
89a8100e24fffff,89a8100f1a7ffff,467944912,8941348148,9.6449,0.527878,athlete
89a8100e24fffff,89a8100f1afffff,467944912,413363541,15.5529,0.117111,athlete
89a8100e24fffff,89a8100f1b3ffff,467944912,4619786697,7.5922,0.684633,athlete
89a8100e24fffff,89a8100f1b7ffff,467944912,1489531937,6.0508,0.790655,athlete
89a8100e257ffff,89a8100c4dbffff,370857290,6634220130,18.9924,0.006249,athlete
89a8100e257ffff,89a8100e203ffff,370857290,9078053043,19.6692,0.000675,athlete
89a8100e257ffff,89a8100e20bffff,370857290,9509544505,10.6283,0.450735,athlete
89a8100e257ffff,89a8100e20fffff,370857290,9509342521,13.8628,0.214894,athlete
89a8100e257ffff,89a8100e243ffff,370857290,1538576134,10.1714,0.486538,athlete
89a8100e257ffff,89a8100e247ffff,370857290,9546511598,4.8111,0.863886,athlete
89a8100e257ffff,89a8100e24bffff,370857290,467944723,16.957,0.05604,athlete
89a8100e257ffff,89a8100e24fffff,370857290,467944912,9.591,0.532103,athlete
89a8100e257ffff,89a8100e257ffff,370857290,370857290,3.8353,0.911977,athlete
89a8100e257ffff,89a8100e263ffff,370857290,9560517151,17.2381,0.04632,athlete
89a8100e257ffff,89a8100e26bffff,370857290,9528567209,16.21,0.086019,athlete
89a8100e257ffff,89a8100e273ffff,370857290,9512718996,11.2761,0.400446,athlete
89a8100e257ffff,89a8100e277ffff,370857290,9175432224,17.5636,0.036172,athlete
89a8100e257ffff,89a8100e27bffff,370857290,12911199240,10.3149,0.475275,athlete
89a8100e257ffff,89a8100f1a3ffff,370857290,7288855586,18.2819,0.018099,athlete
89a8100e257ffff,89a8100f1a7ffff,370857290,8941348148,14.6447,0.166721,athlete
89a8100e257ffff,89a8100f1b3ffff,370857290,4619786697,16.3314,0.080747,athlete
89a8100e257ffff,89a8100f1b7ffff,370857290,1489531937,11.0506,0.417859,athlete
89a8100e263ffff,89a8100c483ffff,9560517151,9091230323,17.3232,0.043551,athlete
89a8100e263ffff,89a8100c48bffff,9560517151,467764073,19.1316,0.004645,athlete
89a8100e263ffff,89a8100c493ffff,9560517151,9089875466,11.7465,0.364542,athlete
89a8100e263ffff,89a8100c497ffff,9560517151,9532442497,19.819,0.000202,athlete
89a8100e263ffff,89a8100c49bffff,9560517151,9562434245,11.3818,0.392325,athlete
89a8100e263ffff,89a8100c4cbffff,9560517151,467842583,19.3245,0.002812,athlete
89a8100e263ffff,89a8100c4d3ffff,9560517151,9562600840,15.605,0.114495,athlete
89a8100e263ffff,89a8100c4d7ffff,9560517151,9562334166,16.9699,0.055574,athlete
89a8100e263ffff,89a8100c4dbffff,9560517151,6634220130,14.7642,0.159784,athlete
89a8100e263ffff,89a8100e203ffff,9560517151,9078053043,19.5183,0.001431,athlete
89a8100e263ffff,89a8100e20bffff,9560517151,9509544505,13.4665,0.241001,athlete
89a8100e263ffff,89a8100e20fffff,9560517151,9509342521,13.6899,0.226153,athlete
89a8100e263ffff,89a8100e223ffff,9560517151,9085138924,19.0852,0.005153,athlete
89a8100e263ffff,89a8100e22bffff,9560517151,9111245172,12.4072,0.315412,athlete
89a8100e263ffff,89a8100e22fffff,9560517151,9085206286,19.288,0.003124,athlete
89a8100e263ffff,89a8100e23bffff,9560517151,12911190024,17.2422,0.046184,athlete
89a8100e263ffff,89a8100e243ffff,9560517151,1538576134,15.2641,0.132089,athlete
89a8100e263ffff,89a8100e247ffff,9560517151,9546511598,9.9038,0.507558,athlete
89a8100e263ffff,89a8100e24bffff,9560517151,467944723,19.7902,0.000271,athlete
89a8100e263ffff,89a8100e24fffff,9560517151,467944912,13.5428,0.235893,athlete
89a8100e263ffff,89a8100e257ffff,9560517151,370857290,13.4698,0.240778,athlete
89a8100e263ffff,89a8100e263ffff,9560517151,9560517151,0.4722,0.998625,athlete
89a8100e263ffff,89a8100e267ffff,9560517151,9560548910,5.9316,0.798222,athlete
89a8100e263ffff,89a8100e26bffff,9560517151,9528567209,7.3596,0.701481,athlete
89a8100e263ffff,89a8100e26fffff,9560517151,9562570594,10.204,0.483981,athlete
89a8100e263ffff,89a8100e273ffff,9560517151,9512718996,6.4961,0.761509,athlete
89a8100e263ffff,89a8100e277ffff,9560517151,9175432224,9.0979,0.570613,athlete
89a8100e263ffff,89a8100e27bffff,9560517151,12911199240,5.9142,0.799317,athlete
89a8100e263ffff,89a8100f137ffff,9560517151,413363599,19.5214,0.001412,athlete
89a8100e263ffff,89a8100f1a3ffff,9560517151,7288855586,16.4018,0.077761,athlete
89a8100e263ffff,89a8100f1a7ffff,9560517151,8941348148,10.0332,0.497396,athlete
89a8100e263ffff,89a8100f1afffff,9560517151,413363541,16.8678,0.059306,athlete
89a8100e263ffff,89a8100f1b3ffff,9560517151,4619786697,14.2678,0.189358,athlete
89a8100e263ffff,89a8100f1b7ffff,9560517151,1489531937,10.2624,0.4794,athlete
89a8100e267ffff,89a8100c413ffff,9560548910,466938077,17.8341,0.028659,athlete
89a8100e267ffff,89a8100c483ffff,9560548910,9091230323,11.6615,0.370981,athlete
89a8100e267ffff,89a8100c487ffff,9560548910,8943221347,16.316,0.081406,athlete
89a8100e267ffff,89a8100c48bffff,9560548910,467764073,13.624,0.230495,athlete
89a8100e267ffff,89a8100c48fffff,9560548910,467743522,17.1246,0.050139,athlete
89a8100e267ffff,89a8100c493ffff,9560548910,9089875466,6.0817,0.788679,athlete
89a8100e267ffff,89a8100c497ffff,9560548910,9532442497,14.1542,0.196399,athlete
89a8100e267ffff,89a8100c49bffff,9560548910,9562434245,6.0915,0.78805,athlete
89a8100e267ffff,89a8100c4bbffff,9560548910,387095725,19.0171,0.005948,athlete
89a8100e267ffff,89a8100c4c3ffff,9560548910,4947385383,16.9357,0.056812,athlete
89a8100e267ffff,89a8100c4c7ffff,9560548910,1467730305,19.8608,0.000119,athlete
89a8100e267ffff,89a8100c4d3ffff,9560548910,9562600840,14.2383,0.191175,athlete
89a8100e267ffff,89a8100c4d7ffff,9560548910,9562334166,11.6198,0.374146,athlete
89a8100e267ffff,89a8100c4dbffff,9560548910,6634220130,17.9932,0.024637,athlete
89a8100e267ffff,89a8100e203ffff,9560548910,9078053043,19.5759,0.001109,athlete
89a8100e267ffff,89a8100e20bffff,9560548910,9509544505,17.3351,0.043171,athlete
89a8100e267ffff,89a8100e20fffff,9560548910,9509342521,15.4601,0.121838,athlete
89a8100e267ffff,89a8100e223ffff,9560548910,9085138924,16.7136,0.065158,athlete
89a8100e267ffff,89a8100e227ffff,9560548910,8943483316,17.2466,0.04604,athlete
89a8100e267ffff,89a8100e22bffff,9560548910,9111245172,11.1911,0.406993,athlete
89a8100e267ffff,89a8100e22fffff,9560548910,9085206286,13.6231,0.230554,athlete
89a8100e267ffff,89a8100e23bffff,9560548910,12911190024,16.4427,0.076048,athlete
89a8100e267ffff,89a8100e243ffff,9560548910,1538576134,19.3143,0.002898,athlete
89a8100e267ffff,89a8100e247ffff,9560548910,9546511598,13.954,0.209039,athlete
89a8100e267ffff,89a8100e24fffff,9560548910,467944912,17.1073,0.050733,athlete
89a8100e267ffff,89a8100e257ffff,9560548910,370857290,17.52,0.037462,athlete
89a8100e267ffff,89a8100e263ffff,9560548910,9560517151,4.7375,0.867828,athlete
89a8100e267ffff,89a8100e267ffff,9560548910,9560548910,0.1404,0.999878,athlete
89a8100e267ffff,89a8100e26bffff,9560548910,9528567209,9.9691,0.502423,athlete
89a8100e267ffff,89a8100e26fffff,9560548910,9562570594,9.5874,0.532381,athlete
89a8100e267ffff,89a8100e273ffff,9560548910,9512718996,10.5463,0.457144,athlete
89a8100e267ffff,89a8100e277ffff,9560548910,9175432224,7.9964,0.654777,athlete
89a8100e267ffff,89a8100e27bffff,9560548910,12911199240,9.9644,0.502795,athlete
89a8100e267ffff,89a8100e35bffff,9560548910,9546062800,19.7649,0.000341,athlete
89a8100e267ffff,89a8100f1a3ffff,9560548910,7288855586,19.9663,7e-06,athlete
89a8100e267ffff,89a8100f1a7ffff,9560548910,8941348148,13.2622,0.254853,athlete
89a8100e267ffff,89a8100f1b3ffff,9560548910,4619786697,17.8323,0.028705,athlete
89a8100e267ffff,89a8100f1b7ffff,9560548910,1489531937,13.7994,0.218996,athlete
89a8100e26bffff,89a8100c483ffff,9528567209,9091230323,19.5728,0.001125,athlete
89a8100e26bffff,89a8100c48bffff,9528567209,467764073,19.5845,0.001065,athlete
89a8100e26bffff,89a8100c493ffff,9528567209,9089875466,18.0547,0.023163,athlete
89a8100e26bffff,89a8100c49bffff,9528567209,9562434245,11.5349,0.380612,athlete
89a8100e26bffff,89a8100c4c3ffff,9528567209,4947385383,15.3986,0.125015,athlete
89a8100e26bffff,89a8100c4c7ffff,9528567209,1467730305,19.0052,0.006092,athlete
89a8100e26bffff,89a8100c4cbffff,9528567209,467842583,13.8662,0.214674,athlete
89a8100e26bffff,89a8100c4cfffff,9528567209,467763429,18.2566,0.018633,athlete
89a8100e26bffff,89a8100c4d3ffff,9528567209,9562600840,11.7182,0.366686,athlete
89a8100e26bffff,89a8100c4d7ffff,9528567209,9562334166,15.9603,0.097332,athlete
89a8100e26bffff,89a8100c4dbffff,9528567209,6634220130,9.9656,0.502698,athlete
89a8100e26bffff,89a8100e20bffff,9528567209,9509544505,19.8525,0.000134,athlete
89a8100e26bffff,89a8100e22bffff,9528567209,9111245172,19.804,0.000237,athlete
89a8100e26bffff,89a8100e243ffff,9528567209,1538576134,15.2695,0.131802,athlete
89a8100e26bffff,89a8100e247ffff,9528567209,9546511598,10.7508,0.441171,athlete
89a8100e26bffff,89a8100e24bffff,9528567209,467944723,16.6558,0.067414,athlete
89a8100e26bffff,89a8100e24fffff,9528567209,467944912,10.4083,0.467952,athlete
89a8100e26bffff,89a8100e257ffff,9528567209,370857290,14.3168,0.186352,athlete
89a8100e26bffff,89a8100e263ffff,9528567209,9560517151,8.6307,0.606716,athlete
89a8100e26bffff,89a8100e267ffff,9528567209,9560548910,13.116,0.264926,athlete
89a8100e26bffff,89a8100e26bffff,9528567209,9528567209,0.2463,0.999626,athlete
89a8100e26bffff,89a8100e26fffff,9528567209,9562570594,9.9593,0.503193,athlete
89a8100e26bffff,89a8100e273ffff,9528567209,9512718996,12.8821,0.281292,athlete
89a8100e26bffff,89a8100e277ffff,9528567209,9175432224,15.4839,0.120619,athlete
89a8100e26bffff,89a8100e27bffff,9528567209,12911199240,8.3088,0.631272,athlete
89a8100e26bffff,89a8100f127ffff,9528567209,413363270,15.8787,0.101162,athlete
89a8100e26bffff,89a8100f137ffff,9528567209,413363599,14.8267,0.156199,athlete
89a8100e26bffff,89a8100f1a3ffff,9528567209,7288855586,13.2673,0.254502,athlete
89a8100e26bffff,89a8100f1a7ffff,9528567209,8941348148,5.3385,0.834263,athlete
89a8100e26bffff,89a8100f1afffff,9528567209,413363541,12.2448,0.327327,athlete
89a8100e26bffff,89a8100f1b3ffff,9528567209,4619786697,11.1333,0.411457,athlete
89a8100e26bffff,89a8100f1b7ffff,9528567209,1489531937,6.9088,0.733351,athlete
89a8100e26fffff,89a8100c413ffff,9562570594,466938077,19.7785,0.000303,athlete
89a8100e26fffff,89a8100c483ffff,9562570594,9091230323,15.5807,0.115711,athlete
89a8100e26fffff,89a8100c48bffff,9562570594,467764073,15.5684,0.116328,athlete
89a8100e26fffff,89a8100c48fffff,9562570594,467743522,19.0742,0.005278,athlete
89a8100e26fffff,89a8100c493ffff,9562570594,9089875466,14.0626,0.202146,athlete
89a8100e26fffff,89a8100c497ffff,9562570594,9532442497,18.1839,0.020208,athlete
89a8100e26fffff,89a8100c49bffff,9562570594,9562434245,7.7379,0.673952,athlete
89a8100e26fffff,89a8100c4c3ffff,9562570594,4947385383,18.7226,0.010031,athlete
89a8100e26fffff,89a8100c4cbffff,9562570594,467842583,19.5518,0.001239,athlete
89a8100e26fffff,89a8100c4d3ffff,9562570594,9562600840,8.9243,0.584087,athlete
89a8100e26fffff,89a8100c4d7ffff,9562570594,9562334166,13.4068,0.245022,athlete
89a8100e26fffff,89a8100c4dbffff,9562570594,6634220130,15.6512,0.112192,athlete
89a8100e26fffff,89a8100e22bffff,9562570594,9111245172,18.9232,0.007136,athlete
89a8100e26fffff,89a8100e22fffff,9562570594,9085206286,19.1376,0.004581,athlete
89a8100e26fffff,89a8100e247ffff,9562570594,9546511598,16.4969,0.073807,athlete
89a8100e26fffff,89a8100e24fffff,9562570594,467944912,16.2841,0.082782,athlete
89a8100e26fffff,89a8100e263ffff,9562570594,9560517151,9.5262,0.537179,athlete
89a8100e26fffff,89a8100e267ffff,9562570594,9560548910,10.3515,0.472407,athlete
89a8100e26fffff,89a8100e26bffff,9562570594,9528567209,7.0059,0.726584,athlete
89a8100e26fffff,89a8100e26fffff,9562570594,9562570594,0.0161,0.999998,athlete
89a8100e26fffff,89a8100e273ffff,9562570594,9512718996,15.5501,0.117254,athlete
89a8100e26fffff,89a8100e277ffff,9562570594,9175432224,15.7284,0.108392,athlete
89a8100e26fffff,89a8100e27bffff,9562570594,12911199240,12.397,0.316154,athlete
89a8100e26fffff,89a8100f1a3ffff,9562570594,7288855586,19.1431,0.004522,athlete
89a8100e26fffff,89a8100f1a7ffff,9562570594,8941348148,11.3029,0.39838,athlete
89a8100e26fffff,89a8100f1afffff,9562570594,413363541,18.2092,0.019652,athlete
89a8100e26fffff,89a8100f1b3ffff,9562570594,4619786697,17.0091,0.054171,athlete
89a8100e26fffff,89a8100f1b7ffff,9562570594,1489531937,12.7925,0.287642,athlete
89a8100e273ffff,89a8100c493ffff,9512718996,9089875466,14.366,0.183348,athlete
89a8100e273ffff,89a8100c49bffff,9512718996,9562434245,17.3391,0.043042,athlete
89a8100e273ffff,89a8100c4dbffff,9512718996,6634220130,19.0042,0.006104,athlete
89a8100e273ffff,89a8100e203ffff,9512718996,9078053043,13.8886,0.213228,athlete
89a8100e273ffff,89a8100e207ffff,9512718996,9078104201,15.6164,0.113924,athlete
89a8100e273ffff,89a8100e20bffff,9512718996,9509544505,7.4379,0.695841,athlete
89a8100e273ffff,89a8100e20fffff,9512718996,9509342521,8.0603,0.65,athlete
89a8100e273ffff,89a8100e223ffff,9512718996,9085138924,15.1748,0.136871,athlete
89a8100e273ffff,89a8100e22bffff,9512718996,9111245172,11.8481,0.356884,athlete
89a8100e273ffff,89a8100e22fffff,9512718996,9085206286,18.928,0.007072,athlete
89a8100e273ffff,89a8100e233ffff,9512718996,9083125917,17.2484,0.045979,athlete
89a8100e273ffff,89a8100e237ffff,9512718996,9496451280,18.2112,0.019609,athlete
89a8100e273ffff,89a8100e23bffff,9512718996,12911190024,12.1578,0.333751,athlete
89a8100e273ffff,89a8100e243ffff,9512718996,1538576134,10.9013,0.429445,athlete
89a8100e273ffff,89a8100e247ffff,9512718996,9546511598,5.2918,0.836984,athlete
89a8100e273ffff,89a8100e24bffff,9512718996,467944723,17.6869,0.032642,athlete
89a8100e273ffff,89a8100e24fffff,9512718996,467944912,10.3209,0.474807,athlete
89a8100e273ffff,89a8100e257ffff,9512718996,370857290,7.6692,0.679,athlete
89a8100e273ffff,89a8100e263ffff,9512718996,9560517151,6.4296,0.76595,athlete
89a8100e273ffff,89a8100e267ffff,9512718996,9560548910,11.7667,0.363016,athlete
89a8100e273ffff,89a8100e26bffff,9512718996,9528567209,11.6529,0.371636,athlete
89a8100e273ffff,89a8100e26fffff,9512718996,9562570594,16.1614,0.088173,athlete
89a8100e273ffff,89a8100e273ffff,9512718996,9512718996,0.4347,0.998835,athlete
89a8100e273ffff,89a8100e277ffff,9512718996,9175432224,6.755,0.743965,athlete
89a8100e273ffff,89a8100e27bffff,9512718996,12911199240,7.0421,0.724043,athlete
89a8100e273ffff,89a8100f1a3ffff,9512718996,7288855586,19.0118,0.006012,athlete
89a8100e273ffff,89a8100f1a7ffff,9512718996,8941348148,14.2732,0.189023,athlete
89a8100e273ffff,89a8100f1b3ffff,9512718996,4619786697,17.0613,0.05233,athlete
89a8100e273ffff,89a8100f1b7ffff,9512718996,1489531937,11.7805,0.361973,athlete
89a8100e277ffff,89a8100c483ffff,9175432224,9091230323,17.7142,0.031886,athlete
89a8100e277ffff,89a8100c48bffff,9175432224,467764073,19.6767,0.000645,athlete
89a8100e277ffff,89a8100c493ffff,9175432224,9089875466,9.0983,0.570585,athlete
89a8100e277ffff,89a8100c497ffff,9175432224,9532442497,17.1708,0.048569,athlete
89a8100e277ffff,89a8100c49bffff,9175432224,9562434245,14.2299,0.191693,athlete
89a8100e277ffff,89a8100c4d7ffff,9175432224,9562334166,19.5892,0.00104,athlete
89a8100e277ffff,89a8100e203ffff,9175432224,9078053043,12.79,0.287821,athlete
89a8100e277ffff,89a8100e207ffff,9175432224,9078104201,14.0385,0.203666,athlete
89a8100e277ffff,89a8100e20bffff,9175432224,9509544505,10.2962,0.476748,athlete
89a8100e277ffff,89a8100e20fffff,9175432224,9509342521,8.4212,0.622732,athlete
89a8100e277ffff,89a8100e223ffff,9175432224,9085138924,12.6769,0.295898,athlete
89a8100e277ffff,89a8100e227ffff,9175432224,8943483316,16.9568,0.056048,athlete
89a8100e277ffff,89a8100e22bffff,9175432224,9111245172,6.7039,0.747466,athlete
89a8100e277ffff,89a8100e22fffff,9175432224,9085206286,13.6602,0.228106,athlete
89a8100e277ffff,89a8100e233ffff,9175432224,9083125917,14.7505,0.160571,athlete
89a8100e277ffff,89a8100e237ffff,9175432224,9496451280,15.7132,0.109137,athlete
89a8100e277ffff,89a8100e23bffff,9175432224,12911190024,9.6599,0.5267,athlete
89a8100e277ffff,89a8100e243ffff,9175432224,1538576134,16.4142,0.077241,athlete
89a8100e277ffff,89a8100e247ffff,9175432224,9546511598,10.8046,0.436975,athlete
89a8100e277ffff,89a8100e24fffff,9175432224,467944912,15.8337,0.103305,athlete
89a8100e277ffff,89a8100e257ffff,9175432224,370857290,13.4174,0.244307,athlete
89a8100e277ffff,89a8100e263ffff,9175432224,9560517151,7.8263,0.667422,athlete
89a8100e277ffff,89a8100e267ffff,9175432224,9560548910,8.4266,0.622318,athlete
89a8100e277ffff,89a8100e26bffff,9175432224,9528567209,13.0497,0.269537,athlete
89a8100e277ffff,89a8100e26fffff,9175432224,9562570594,15.1599,0.13768,athlete
89a8100e277ffff,89a8100e273ffff,9175432224,9512718996,6.2157,0.780021,athlete
89a8100e277ffff,89a8100e277ffff,9175432224,9175432224,0.8602,0.995443,athlete
89a8100e277ffff,89a8100e27bffff,9175432224,12911199240,8.4389,0.621385,athlete
89a8100e277ffff,89a8100e2abffff,9175432224,12829462717,18.4687,0.014394,athlete
89a8100e277ffff,89a8100e35bffff,9175432224,9546062800,19.4751,0.001699,athlete
89a8100e277ffff,89a8100e3cbffff,9175432224,9523090342,18.9956,0.00621,athlete
89a8100e277ffff,89a8100f1a7ffff,9175432224,8941348148,15.67,0.111263,athlete
89a8100e277ffff,89a8100f1b3ffff,9175432224,4619786697,19.7257,0.000464,athlete
89a8100e277ffff,89a8100f1b7ffff,9175432224,1489531937,15.8992,0.100196,athlete
89a8100e27bffff,89a8100c493ffff,12911199240,9089875466,17.745,0.031039,athlete
89a8100e27bffff,89a8100c49bffff,12911199240,9562434245,17.4016,0.041073,athlete
89a8100e27bffff,89a8100c4cbffff,12911199240,467842583,19.4511,0.001857,athlete
89a8100e27bffff,89a8100c4d3ffff,12911199240,9562600840,18.8303,0.008416,athlete
89a8100e27bffff,89a8100c4dbffff,12911199240,6634220130,14.1992,0.193595,athlete
89a8100e27bffff,89a8100e20bffff,12911199240,9509544505,14.959,0.148731,athlete
89a8100e27bffff,89a8100e20fffff,12911199240,9509342521,17.7302,0.031444,athlete
89a8100e27bffff,89a8100e22bffff,12911199240,9111245172,17.4583,0.039323,athlete
89a8100e27bffff,89a8100e243ffff,12911199240,1538576134,10.5151,0.459585,athlete
89a8100e27bffff,89a8100e247ffff,12911199240,9546511598,5.1548,0.844851,athlete
89a8100e27bffff,89a8100e24bffff,12911199240,467944723,17.3007,0.044275,athlete
89a8100e27bffff,89a8100e24fffff,12911199240,467944912,9.9347,0.505129,athlete
89a8100e27bffff,89a8100e257ffff,12911199240,370857290,8.7208,0.599791,athlete
89a8100e27bffff,89a8100e263ffff,12911199240,9560517151,8.1457,0.643584,athlete
89a8100e27bffff,89a8100e267ffff,12911199240,9560548910,13.6051,0.231748,athlete
89a8100e27bffff,89a8100e26bffff,12911199240,9528567209,9.1029,0.570222,athlete
89a8100e27bffff,89a8100e26fffff,12911199240,9562570594,15.8708,0.10154,athlete
89a8100e27bffff,89a8100e273ffff,12911199240,9512718996,10.5365,0.457915,athlete
89a8100e27bffff,89a8100e277ffff,12911199240,9175432224,13.1383,0.263383,athlete
89a8100e27bffff,89a8100e27bffff,12911199240,12911199240,0.9871,0.994002,athlete
89a8100e27bffff,89a8100f137ffff,12911199240,413363599,18.9565,0.006702,athlete
89a8100e27bffff,89a8100f1a3ffff,12911199240,7288855586,14.5792,0.170569,athlete
89a8100e27bffff,89a8100f1a7ffff,12911199240,8941348148,9.4682,0.541716,athlete
89a8100e27bffff,89a8100f1afffff,12911199240,413363541,16.2801,0.082956,athlete
89a8100e27bffff,89a8100f1b3ffff,12911199240,4619786697,12.4452,0.312639,athlete
89a8100e27bffff,89a8100f1b7ffff,12911199240,1489531937,9.1096,0.569702,athlete
89a8100e2a7ffff,89a8100e06fffff,12831235988,3416576930,13.9092,0.211904,athlete
89a8100e2a7ffff,89a8100e207ffff,12831235988,9078104201,15.6484,0.112334,athlete
89a8100e2a7ffff,89a8100e20fffff,12831235988,9509342521,19.4431,0.001912,athlete
89a8100e2a7ffff,89a8100e223ffff,12831235988,9085138924,14.8345,0.155757,athlete
89a8100e2a7ffff,89a8100e227ffff,12831235988,8943483316,12.3891,0.316733,athlete
89a8100e2a7ffff,89a8100e22fffff,12831235988,9085206286,18.5924,0.012173,athlete
89a8100e2a7ffff,89a8100e233ffff,12831235988,9083125917,11.396,0.391234,athlete
89a8100e2a7ffff,89a8100e237ffff,12831235988,9496451280,8.587,0.610068,athlete
89a8100e2a7ffff,89a8100e23bffff,12831235988,12911190024,18.0381,0.023556,athlete
89a8100e2a7ffff,89a8100e2a7ffff,12831235988,12831235988,2.6121,0.958498,athlete
89a8100e2a7ffff,89a8100e2abffff,12831235988,12829462717,12.829,0.285048,athlete
89a8100e2a7ffff,89a8100e2afffff,12831235988,9465336398,4.9457,0.856554,athlete
89a8100e2a7ffff,89a8100e31bffff,12831235988,9545366658,18.4017,0.015674,athlete
89a8100e2a7ffff,89a8100e353ffff,12831235988,6945448510,17.4439,0.039764,athlete
89a8100e2a7ffff,89a8100e357ffff,12831235988,9509533701,19.0783,0.005231,athlete
89a8100e2a7ffff,89a8100e35bffff,12831235988,9546062800,17.1655,0.048745,athlete
89a8100e2a7ffff,89a8100e38bffff,12831235988,12505567548,19.106,0.004922,athlete
89a8100e2a7ffff,89a8100e39bffff,12831235988,1393380693,17.9196,0.026461,athlete
89a8100e2a7ffff,89a8100e3c3ffff,12831235988,9509169514,9.999,0.500076,athlete
89a8100e2a7ffff,89a8100e3c7ffff,12831235988,9532804243,15.3005,0.130158,athlete
89a8100e2a7ffff,89a8100e3cbffff,12831235988,9523090342,9.3733,0.549138,athlete
89a8100e2a7ffff,89a8100e3cfffff,12831235988,9509243980,13.9543,0.209017,athlete
89a8100e2a7ffff,89a8100e3d3ffff,12831235988,9517170654,9.3024,0.554678,athlete
89a8100e2a7ffff,89a8100e3d7ffff,12831235988,9503196643,12.8951,0.280377,athlete
89a8100e2a7ffff,89a8100e3dbffff,12831235988,9517279686,5.8606,0.80268,athlete
89a8100e2abffff,89a8100c493ffff,12829462717,9089875466,18.5924,0.012173,athlete
89a8100e2abffff,89a8100c497ffff,12829462717,9532442497,19.3839,0.002339,athlete
89a8100e2abffff,89a8100e203ffff,12829462717,9078053043,13.4954,0.239061,athlete
89a8100e2abffff,89a8100e207ffff,12829462717,9078104201,8.6928,0.601944,athlete
89a8100e2abffff,89a8100e20bffff,12829462717,9509544505,15.904,0.099968,athlete
89a8100e2abffff,89a8100e20fffff,12829462717,9509342521,12.4876,0.30956,athlete
89a8100e2abffff,89a8100e223ffff,12829462717,9085138924,9.0383,0.575248,athlete
89a8100e2abffff,89a8100e227ffff,12829462717,8943483316,14.1427,0.197115,athlete
89a8100e2abffff,89a8100e22bffff,12829462717,9111245172,14.6621,0.165701,athlete
89a8100e2abffff,89a8100e22fffff,12829462717,9085206286,13.894,0.212881,athlete
89a8100e2abffff,89a8100e233ffff,12829462717,9083125917,5.0004,0.853532,athlete
89a8100e2abffff,89a8100e237ffff,12829462717,9496451280,9.8667,0.51047,athlete
89a8100e2abffff,89a8100e23bffff,12829462717,12911190024,11.3559,0.394312,athlete
89a8100e2abffff,89a8100e273ffff,12829462717,9512718996,17.6009,0.035086,athlete
89a8100e2abffff,89a8100e277ffff,12829462717,9175432224,16.8056,0.061634,athlete
89a8100e2abffff,89a8100e2a7ffff,12829462717,12831235988,11.5705,0.377897,athlete
89a8100e2abffff,89a8100e2abffff,12829462717,12829462717,2.8235,0.951625,athlete
89a8100e2abffff,89a8100e2afffff,12829462717,9465336398,8.106,0.646569,athlete
89a8100e2abffff,89a8100e35bffff,12829462717,9546062800,17.876,0.027571,athlete
89a8100e2abffff,89a8100e3c3ffff,12829462717,9509169514,16.2401,0.084698,athlete
89a8100e2abffff,89a8100e3cbffff,12829462717,9523090342,13.8593,0.21512,athlete
89a8100e2abffff,89a8100e3cfffff,12829462717,9509243980,19.2479,0.003485,athlete
89a8100e2abffff,89a8100e3d3ffff,12829462717,9517170654,16.7531,0.063633,athlete
89a8100e2abffff,89a8100e3dbffff,12829462717,9517279686,12.2468,0.327178,athlete
89a8100e2afffff,89a8100e06fffff,9465336398,3416576930,15.0126,0.145747,athlete
89a8100e2afffff,89a8100e203ffff,9465336398,9078053043,16.507,0.073395,athlete
89a8100e2afffff,89a8100e207ffff,9465336398,9078104201,11.7044,0.367728,athlete
89a8100e2afffff,89a8100e20bffff,9465336398,9509544505,18.9156,0.007236,athlete
89a8100e2afffff,89a8100e20fffff,9465336398,9509342521,15.4992,0.119839,athlete
89a8100e2afffff,89a8100e223ffff,9465336398,9085138924,11.2715,0.400797,athlete
89a8100e2afffff,89a8100e227ffff,9465336398,8943483316,9.0607,0.573508,athlete
89a8100e2afffff,89a8100e22bffff,9465336398,9111245172,17.3847,0.0416,athlete
89a8100e2afffff,89a8100e22fffff,9465336398,9085206286,15.2639,0.132099,athlete
89a8100e2afffff,89a8100e233ffff,9465336398,9083125917,7.4521,0.694814,athlete
89a8100e2afffff,89a8100e237ffff,9465336398,9496451280,4.9282,0.85752,athlete
89a8100e2afffff,89a8100e23bffff,9465336398,12911190024,14.1422,0.197145,athlete
89a8100e2afffff,89a8100e277ffff,9465336398,9175432224,19.571,0.001135,athlete
89a8100e2afffff,89a8100e2a7ffff,9465336398,12831235988,4.2289,0.893682,athlete
89a8100e2afffff,89a8100e2abffff,9465336398,12829462717,8.7583,0.596904,athlete
89a8100e2afffff,89a8100e2afffff,9465336398,9465336398,0.7644,0.9964,athlete
89a8100e2afffff,89a8100e31bffff,9465336398,9545366658,18.0063,0.024318,athlete
89a8100e2afffff,89a8100e353ffff,9465336398,6945448510,16.754,0.063598,athlete
89a8100e2afffff,89a8100e357ffff,9465336398,9509533701,18.6829,0.010662,athlete
89a8100e2afffff,89a8100e35bffff,9465336398,9546062800,16.4367,0.076297,athlete
89a8100e2afffff,89a8100e38bffff,9465336398,12505567548,19.7642,0.000343,athlete
89a8100e2afffff,89a8100e39bffff,9465336398,1393380693,19.0229,0.005877,athlete
89a8100e2afffff,89a8100e3c3ffff,9465336398,9509169514,10.6885,0.446028,athlete
89a8100e2afffff,89a8100e3c7ffff,9465336398,9532804243,15.9063,0.09986,athlete
89a8100e2afffff,89a8100e3cbffff,9465336398,9523090342,8.7424,0.598132,athlete
89a8100e2afffff,89a8100e3cfffff,9465336398,9509243980,14.1311,0.197843,athlete
89a8100e2afffff,89a8100e3d3ffff,9465336398,9517170654,10.4058,0.468151,athlete
89a8100e2afffff,89a8100e3d7ffff,9465336398,9503196643,13.9985,0.206206,athlete
89a8100e2afffff,89a8100e3dbffff,9465336398,9517279686,6.6952,0.748055,athlete
89a8100e303ffff,89a8100e303ffff,1393379394,1393379394,0.3466,0.999259,athlete
89a8100e303ffff,89a8100e307ffff,1393379394,2277870854,14.3184,0.186252,athlete
89a8100e303ffff,89a8100e30bffff,1393379394,12492914735,15.3692,0.126548,athlete
89a8100e303ffff,89a8100e30fffff,1393379394,8002779153,15.519,0.118829,athlete
89a8100e303ffff,89a8100e313ffff,1393379394,9515286969,9.212,0.561734,athlete
89a8100e303ffff,89a8100e317ffff,1393379394,304465094,11.8398,0.357503,athlete
89a8100e303ffff,89a8100e31bffff,1393379394,9545366658,11.0339,0.419151,athlete
89a8100e303ffff,89a8100e323ffff,1393379394,2277870859,18.0296,0.023759,athlete
89a8100e303ffff,89a8100e32bffff,1393379394,142777323,18.0964,0.022187,athlete
89a8100e303ffff,89a8100e33bffff,1393379394,40257098,13.8785,0.213882,athlete
89a8100e303ffff,89a8100e353ffff,1393379394,6945448510,18.8795,0.007725,athlete
89a8100e303ffff,89a8100e357ffff,1393379394,9509533701,15.8843,0.100899,athlete
89a8100e303ffff,89a8100e373ffff,1393379394,387095764,19.3293,0.002772,athlete
89a8100e303ffff,89a8100e377ffff,1393379394,8550924518,17.7639,0.030528,athlete
89a8100e303ffff,89a8100e383ffff,1393379394,9521965871,17.7619,0.030581,athlete
89a8100e303ffff,89a8100e387ffff,1393379394,8953251344,16.9226,0.057289,athlete
89a8100e303ffff,89a8100e38bffff,1393379394,12505567548,12.7169,0.293034,athlete
89a8100e303ffff,89a8100e38fffff,1393379394,9537001559,12.7444,0.291072,athlete
89a8100e303ffff,89a8100e393ffff,1393379394,1393381000,18.8452,0.008204,athlete
89a8100e303ffff,89a8100e39bffff,1393379394,1393380693,14.5734,0.170912,athlete
89a8100e303ffff,89a8100e3abffff,1393379394,6697913344,15.7751,0.106123,athlete
89a8100e303ffff,89a8100e3bbffff,1393379394,13305140303,16.0297,0.094126,athlete
89a8100e303ffff,89a8100e3c3ffff,1393379394,9509169514,17.0458,0.052876,athlete
89a8100e303ffff,89a8100e3c7ffff,1393379394,9532804243,12.5895,0.302182,athlete
89a8100e303ffff,89a8100e3cbffff,1393379394,9523090342,17.4575,0.039347,athlete
89a8100e303ffff,89a8100e3cfffff,1393379394,9509243980,11.538,0.380377,athlete
89a8100e303ffff,89a8100e3d7ffff,1393379394,9503196643,16.2542,0.084084,athlete
89a8100e307ffff,89a8100e303ffff,2277870854,1393379394,13.8385,0.216464,athlete
89a8100e307ffff,89a8100e307ffff,2277870854,2277870854,1.1471,0.991905,athlete
89a8100e307ffff,89a8100e30bffff,2277870854,12492914735,16.3387,0.080434,athlete
89a8100e307ffff,89a8100e30fffff,2277870854,8002779153,11.0803,0.415562,athlete
89a8100e307ffff,89a8100e313ffff,2277870854,9515286969,15.4528,0.122215,athlete
89a8100e307ffff,89a8100e317ffff,2277870854,304465094,10.7281,0.442942,athlete
89a8100e307ffff,89a8100e31bffff,2277870854,9545366658,15.1004,0.140913,athlete
89a8100e307ffff,89a8100e323ffff,2277870854,2277870859,11.983,0.346758,athlete
89a8100e307ffff,89a8100e32bffff,2277870854,142777323,15.0774,0.142174,athlete
89a8100e307ffff,89a8100e333ffff,2277870854,6359663538,9.4938,0.539718,athlete
89a8100e307ffff,89a8100e33bffff,2277870854,40257098,10.8595,0.4327,athlete
89a8100e307ffff,89a8100e357ffff,2277870854,9509533701,19.4243,0.002043,athlete
89a8100e307ffff,89a8100e373ffff,2277870854,387095764,19.5494,0.001252,athlete
89a8100e307ffff,89a8100e377ffff,2277870854,8550924518,14.7449,0.160894,athlete
89a8100e307ffff,89a8100e387ffff,2277870854,8953251344,19.0439,0.005629,athlete
89a8100e307ffff,89a8100e38bffff,2277870854,12505567548,18.9577,0.006686,athlete
89a8100e307ffff,89a8100e38fffff,2277870854,9537001559,14.5999,0.169347,athlete
89a8100e307ffff,89a8100e3abffff,2277870854,6697913344,8.4948,0.61712,athlete
89a8100e307ffff,89a8100e3bbffff,2277870854,13305140303,12.0565,0.34128,athlete
89a8100e30bffff,89a8100c59bffff,12492914735,8954073387,17.7426,0.031105,athlete
89a8100e30bffff,89a8100c5d3ffff,12492914735,1097971350,19.9388,2.3e-05,athlete
89a8100e30bffff,89a8100e227ffff,12492914735,8943483316,19.2772,0.003219,athlete
89a8100e30bffff,89a8100e303ffff,12492914735,1393379394,12.1605,0.333555,athlete
89a8100e30bffff,89a8100e307ffff,12492914735,2277870854,13.0415,0.270108,athlete
89a8100e30bffff,89a8100e30bffff,12492914735,12492914735,0.1679,0.999826,athlete
89a8100e30bffff,89a8100e30fffff,12492914735,8002779153,9.4324,0.544517,athlete
89a8100e30bffff,89a8100e313ffff,12492914735,9515286969,18.4237,0.015249,athlete
89a8100e30bffff,89a8100e317ffff,12492914735,304465094,16.7315,0.064466,athlete
89a8100e30bffff,89a8100e31bffff,12492914735,9545366658,7.6135,0.683079,athlete
89a8100e30bffff,89a8100e323ffff,12492914735,2277870859,17.6615,0.033355,athlete
89a8100e30bffff,89a8100e32bffff,12492914735,142777323,14.8926,0.15246,athlete
89a8100e30bffff,89a8100e333ffff,12492914735,6359663538,19.0309,0.005782,athlete
89a8100e30bffff,89a8100e33bffff,12492914735,40257098,14.2391,0.191125,athlete
89a8100e30bffff,89a8100e343ffff,12492914735,8943486125,13.0775,0.267599,athlete
89a8100e30bffff,89a8100e347ffff,12492914735,477232281,6.3004,0.774484,athlete
89a8100e30bffff,89a8100e34bffff,12492914735,389063239,17.1227,0.050203,athlete
89a8100e30bffff,89a8100e353ffff,12492914735,6945448510,12.7279,0.29225,athlete
89a8100e30bffff,89a8100e357ffff,12492914735,9509533701,5.6421,0.816155,athlete
89a8100e30bffff,89a8100e35bffff,12492914735,9546062800,15.6823,0.110654,athlete
89a8100e30bffff,89a8100e363ffff,12492914735,388512103,10.5105,0.459949,athlete
89a8100e30bffff,89a8100e367ffff,12492914735,142814786,13.9427,0.209759,athlete
89a8100e30bffff,89a8100e36bffff,12492914735,389063054,14.7891,0.158353,athlete
89a8100e30bffff,89a8100e36fffff,12492914735,389063008,14.7802,0.158861,athlete
89a8100e30bffff,89a8100e373ffff,12492914735,387095764,5.3787,0.831909,athlete
89a8100e30bffff,89a8100e377ffff,12492914735,8550924518,9.9392,0.504776,athlete
89a8100e30bffff,89a8100e37bffff,12492914735,8943221373,10.43,0.466254,athlete
89a8100e30bffff,89a8100e38bffff,12492914735,12505567548,15.8494,0.102555,athlete
89a8100e30bffff,89a8100e38fffff,12492914735,9537001559,19.5784,0.001096,athlete
89a8100e30bffff,89a8100e39bffff,12492914735,1393380693,17.7028,0.032201,athlete
89a8100e30bffff,89a8100e3abffff,12492914735,6697913344,14.4982,0.175385,athlete
89a8100e30bffff,89a8100e3bbffff,12492914735,13305140303,18.0599,0.02304,athlete
89a8100e30bffff,89a8100e3c3ffff,12492914735,9509169514,17.4019,0.041065,athlete
89a8100e30bffff,89a8100e3c7ffff,12492914735,9532804243,15.1907,0.136017,athlete
89a8100e30bffff,89a8100e3cbffff,12492914735,9523090342,17.4557,0.039401,athlete
89a8100e30bffff,89a8100e3cfffff,12492914735,9509243980,12.0737,0.339997,athlete
89a8100e30bffff,89a8100e3d7ffff,12492914735,9503196643,18.9085,0.007331,athlete
89a8100e30fffff,89a8100c593ffff,8002779153,304111065,15.8536,0.102355,athlete
89a8100e30fffff,89a8100c59bffff,8002779153,8954073387,19.0607,0.005432,athlete
89a8100e30fffff,89a8100e303ffff,8002779153,1393379394,14.688,0.164193,athlete
89a8100e30fffff,89a8100e307ffff,8002779153,2277870854,10.5036,0.460485,athlete
89a8100e30fffff,89a8100e30bffff,8002779153,12492914735,11.8185,0.359108,athlete
89a8100e30fffff,89a8100e30fffff,8002779153,8002779153,1.5822,0.984637,athlete
89a8100e30fffff,89a8100e313ffff,8002779153,9515286969,17.0097,0.05415,athlete
89a8100e30fffff,89a8100e317ffff,8002779153,304465094,14.1936,0.193941,athlete
89a8100e30fffff,89a8100e31bffff,8002779153,9545366658,10.5802,0.454491,athlete
89a8100e30fffff,89a8100e323ffff,8002779153,2277870859,11.1758,0.40818,athlete
89a8100e30fffff,89a8100e32bffff,8002779153,142777323,7.6782,0.67834,athlete
89a8100e30fffff,89a8100e32fffff,8002779153,13305140329,18.1701,0.020513,athlete
89a8100e30fffff,89a8100e333ffff,8002779153,6359663538,16.4931,0.073964,athlete
89a8100e30fffff,89a8100e33bffff,8002779153,40257098,7.0247,0.725268,athlete
89a8100e30fffff,89a8100e347ffff,8002779153,477232281,16.7003,0.065671,athlete
89a8100e30fffff,89a8100e357ffff,8002779153,9509533701,14.9041,0.151811,athlete
89a8100e30fffff,89a8100e363ffff,8002779153,388512103,15.8483,0.102608,athlete
89a8100e30fffff,89a8100e367ffff,8002779153,142814786,14.1326,0.197746,athlete
89a8100e30fffff,89a8100e36fffff,8002779153,389063008,16.0983,0.091002,athlete
89a8100e30fffff,89a8100e373ffff,8002779153,387095764,11.4927,0.383834,athlete
89a8100e30fffff,89a8100e377ffff,8002779153,8550924518,6.6882,0.748531,athlete
89a8100e30fffff,89a8100e37bffff,8002779153,8943221373,16.544,0.071884,athlete
89a8100e30fffff,89a8100e38bffff,8002779153,12505567548,17.3245,0.043511,athlete
89a8100e30fffff,89a8100e38fffff,8002779153,9537001559,17.1958,0.047727,athlete
89a8100e30fffff,89a8100e39bffff,8002779153,1393380693,19.1778,0.004164,athlete
89a8100e30fffff,89a8100e3abffff,8002779153,6697913344,11.9604,0.348455,athlete
89a8100e30fffff,89a8100e3bbffff,8002779153,13305140303,15.522,0.118675,athlete
89a8100e30fffff,89a8100e3c7ffff,8002779153,9532804243,17.1259,0.050095,athlete
89a8100e30fffff,89a8100e3cfffff,8002779153,9509243980,16.9176,0.057472,athlete
89a8100e313ffff,89a8100e06fffff,9515286969,3416576930,14.9487,0.149306,athlete
89a8100e313ffff,89a8100e303ffff,9515286969,1393379394,6.9754,0.728716,athlete
89a8100e313ffff,89a8100e307ffff,9515286969,2277870854,13.6961,0.225742,athlete
89a8100e313ffff,89a8100e30bffff,9515286969,12492914735,19.1138,0.004836,athlete
89a8100e313ffff,89a8100e30fffff,9515286969,8002779153,15.8297,0.103497,athlete
89a8100e313ffff,89a8100e313ffff,9515286969,9515286969,0.159,0.999844,athlete
89a8100e313ffff,89a8100e317ffff,9515286969,304465094,9.1456,0.566901,athlete
89a8100e313ffff,89a8100e31bffff,9515286969,9545366658,14.7786,0.158956,athlete
89a8100e313ffff,89a8100e323ffff,9515286969,2277870859,17.4073,0.040895,athlete
89a8100e313ffff,89a8100e32bffff,9515286969,142777323,17.4741,0.038842,athlete
89a8100e313ffff,89a8100e333ffff,9515286969,6359663538,19.6856,0.00061,athlete
89a8100e313ffff,89a8100e33bffff,9515286969,40257098,13.2562,0.255265,athlete
89a8100e313ffff,89a8100e357ffff,9515286969,9509533701,19.6289,0.000849,athlete
89a8100e313ffff,89a8100e377ffff,9515286969,8550924518,17.1416,0.049559,athlete
89a8100e313ffff,89a8100e383ffff,9515286969,9521965871,11.6624,0.370916,athlete
89a8100e313ffff,89a8100e387ffff,9515286969,8953251344,10.1741,0.486328,athlete
89a8100e313ffff,89a8100e38bffff,9515286969,12505567548,6.7164,0.746609,athlete
89a8100e313ffff,89a8100e38fffff,9515286969,9537001559,7.4149,0.697502,athlete
89a8100e313ffff,89a8100e393ffff,9515286969,1393381000,12.8447,0.283941,athlete
89a8100e313ffff,89a8100e39bffff,9515286969,1393380693,8.5729,0.611145,athlete
89a8100e313ffff,89a8100e3abffff,9515286969,6697913344,14.359,0.183777,athlete
89a8100e313ffff,89a8100e3bbffff,9515286969,13305140303,12.9543,0.276209,athlete
89a8100e313ffff,89a8100e3c3ffff,9515286969,9509169514,14.0106,0.205432,athlete
89a8100e313ffff,89a8100e3c7ffff,9515286969,9532804243,11.6125,0.374707,athlete
89a8100e313ffff,89a8100e3cbffff,9515286969,9523090342,19.4467,0.001887,athlete
89a8100e313ffff,89a8100e3cfffff,9515286969,9509243980,15.5646,0.11652,athlete
89a8100e313ffff,89a8100e3d3ffff,9515286969,9517170654,16.2658,0.083577,athlete
89a8100e313ffff,89a8100e3d7ffff,9515286969,9503196643,12.2692,0.325524,athlete
89a8100e313ffff,89a8100e3dbffff,9515286969,9517279686,19.6618,0.000705,athlete
89a8100e317ffff,89a8100e303ffff,304465094,1393379394,11.5738,0.377649,athlete
89a8100e317ffff,89a8100e307ffff,304465094,2277870854,10.2778,0.478192,athlete
89a8100e317ffff,89a8100e30bffff,304465094,12492914735,19.9102,5e-05,athlete
89a8100e317ffff,89a8100e30fffff,304465094,8002779153,14.6518,0.166306,athlete
89a8100e317ffff,89a8100e313ffff,304465094,9515286969,11.331,0.396223,athlete
89a8100e317ffff,89a8100e317ffff,304465094,304465094,0.3489,0.999249,athlete
89a8100e317ffff,89a8100e31bffff,304465094,9545366658,18.6719,0.010841,athlete
89a8100e317ffff,89a8100e323ffff,304465094,2277870859,15.9338,0.098571,athlete
89a8100e317ffff,89a8100e32bffff,304465094,142777323,18.6489,0.011219,athlete
89a8100e317ffff,89a8100e333ffff,304465094,6359663538,17.3031,0.044197,athlete
89a8100e317ffff,89a8100e33bffff,304465094,40257098,14.431,0.179418,athlete
89a8100e317ffff,89a8100e377ffff,304465094,8550924518,18.3164,0.017384,athlete
89a8100e317ffff,89a8100e383ffff,304465094,9521965871,11.3978,0.3911,athlete
89a8100e317ffff,89a8100e387ffff,304465094,8953251344,9.8088,0.515015,athlete
89a8100e317ffff,89a8100e38bffff,304465094,12505567548,11.6124,0.374711,athlete
89a8100e317ffff,89a8100e38fffff,304465094,9537001559,5.6305,0.81686,athlete
89a8100e317ffff,89a8100e393ffff,304465094,1393381000,19.138,0.004576,athlete
89a8100e317ffff,89a8100e39bffff,304465094,1393380693,14.8663,0.153949,athlete
89a8100e317ffff,89a8100e3abffff,304465094,6697913344,5.5622,0.820992,athlete
89a8100e317ffff,89a8100e3bbffff,304465094,13305140303,4.5387,0.87822,athlete
89a8100e317ffff,89a8100e3c7ffff,304465094,9532804243,18.0848,0.022455,athlete
89a8100e317ffff,89a8100e3d7ffff,304465094,9503196643,18.7416,0.009736,athlete
89a8100e31bffff,89a8100e06fffff,9545366658,3416576930,19.9838,2e-06,athlete
89a8100e31bffff,89a8100e227ffff,9545366658,8943483316,15.1131,0.140221,athlete
89a8100e31bffff,89a8100e237ffff,9545366658,9496451280,18.8283,0.008444,athlete
89a8100e31bffff,89a8100e303ffff,9545366658,1393379394,9.2598,0.558006,athlete
89a8100e31bffff,89a8100e307ffff,9545366658,2277870854,13.2461,0.255954,athlete
89a8100e31bffff,89a8100e30bffff,9545366658,12492914735,9.1985,0.562784,athlete
89a8100e31bffff,89a8100e30fffff,9545366658,8002779153,9.6371,0.528486,athlete
89a8100e31bffff,89a8100e313ffff,9545366658,9515286969,15.523,0.118626,athlete
89a8100e31bffff,89a8100e317ffff,9545366658,304465094,16.9361,0.056797,athlete
89a8100e31bffff,89a8100e31bffff,9545366658,9545366658,0.3675,0.999167,athlete
89a8100e31bffff,89a8100e323ffff,9545366658,2277870859,17.8662,0.027824,athlete
89a8100e31bffff,89a8100e32bffff,9545366658,142777323,15.0973,0.141085,athlete
89a8100e31bffff,89a8100e333ffff,9545366658,6359663538,19.2356,0.0036,athlete
89a8100e31bffff,89a8100e33bffff,9545366658,40257098,14.4438,0.178646,athlete
89a8100e31bffff,89a8100e343ffff,9545366658,8943486125,16.9057,0.057908,athlete
89a8100e31bffff,89a8100e347ffff,9545366658,477232281,12.6503,0.297808,athlete
89a8100e31bffff,89a8100e353ffff,9545366658,6945448510,12.3036,0.322999,athlete
89a8100e31bffff,89a8100e357ffff,9545366658,9509533701,5.2178,0.841251,athlete
89a8100e31bffff,89a8100e35bffff,9545366658,9546062800,15.258,0.132411,athlete
89a8100e31bffff,89a8100e363ffff,9545366658,388512103,17.1008,0.050957,athlete
89a8100e31bffff,89a8100e373ffff,9545366658,387095764,11.969,0.347805,athlete
89a8100e31bffff,89a8100e377ffff,9545366658,8550924518,14.6565,0.166027,athlete
89a8100e31bffff,89a8100e37bffff,9545366658,8943221373,17.0203,0.053774,athlete
89a8100e31bffff,89a8100e383ffff,9545366658,9521965871,17.9906,0.0247,athlete
89a8100e31bffff,89a8100e387ffff,9545366658,8953251344,19.4369,0.001955,athlete
89a8100e31bffff,89a8100e38bffff,9545366658,12505567548,12.9487,0.276599,athlete
89a8100e31bffff,89a8100e38fffff,9545366658,9537001559,16.6777,0.066556,athlete
89a8100e31bffff,89a8100e393ffff,9545366658,1393381000,19.0738,0.005282,athlete
89a8100e31bffff,89a8100e39bffff,9545366658,1393380693,14.8021,0.157607,athlete
89a8100e31bffff,89a8100e3abffff,9545366658,6697913344,14.7028,0.163328,athlete
89a8100e31bffff,89a8100e3bbffff,9545366658,13305140303,18.2645,0.018464,athlete
89a8100e31bffff,89a8100e3c3ffff,9545366658,9509169514,12.5012,0.308574,athlete
89a8100e31bffff,89a8100e3c7ffff,9545366658,9532804243,12.29,0.323998,athlete
89a8100e31bffff,89a8100e3cbffff,9545366658,9523090342,12.555,0.304672,athlete
89a8100e31bffff,89a8100e3cfffff,9545366658,9509243980,7.173,0.714807,athlete
89a8100e31bffff,89a8100e3d7ffff,9545366658,9503196643,16.0078,0.095132,athlete
89a8100e31bffff,89a8100e3dbffff,9545366658,9517279686,17.8646,0.027866,athlete
89a8100e323ffff,89a8100e303ffff,2277870859,1393379394,18.3882,0.01594,athlete
89a8100e323ffff,89a8100e307ffff,2277870859,2277870854,14.147,0.196848,athlete
89a8100e323ffff,89a8100e30fffff,2277870859,8002779153,12.5389,0.305837,athlete
89a8100e323ffff,89a8100e317ffff,2277870859,304465094,18.1344,0.021317,athlete
89a8100e323ffff,89a8100e323ffff,2277870859,2277870859,2.8017,0.952355,athlete
89a8100e323ffff,89a8100e32bffff,2277870859,142777323,13.7033,0.22527,athlete
89a8100e323ffff,89a8100e33bffff,2277870859,40257098,5.5453,0.822012,athlete
89a8100e323ffff,89a8100e373ffff,2277870859,387095764,18.1753,0.020398,athlete
89a8100e323ffff,89a8100e377ffff,2277870859,8550924518,13.3708,0.247455,athlete
89a8100e323ffff,89a8100e3abffff,2277870859,6697913344,15.9011,0.100107,athlete
89a8100e323ffff,89a8100e3bbffff,2277870859,13305140303,19.4627,0.001779,athlete
89a8100e32bffff,89a8100c58bffff,142777323,1393378103,19.2266,0.003686,athlete
89a8100e32bffff,89a8100c593ffff,142777323,304111065,9.8039,0.515396,athlete
89a8100e32bffff,89a8100c597ffff,142777323,8943051152,13.9521,0.209159,athlete
89a8100e32bffff,89a8100c59bffff,142777323,8954073387,14.6624,0.165683,athlete
89a8100e32bffff,89a8100c5d3ffff,142777323,1097971350,18.9391,0.006927,athlete
89a8100e32bffff,89a8100c5d7ffff,142777323,303867318,19.8915,7.3e-05,athlete
89a8100e32bffff,89a8100e303ffff,142777323,1393379394,18.8488,0.008152,athlete
89a8100e32bffff,89a8100e307ffff,142777323,2277870854,16.0233,0.094418,athlete
89a8100e32bffff,89a8100e30bffff,142777323,12492914735,19.0108,0.006023,athlete
89a8100e32bffff,89a8100e30fffff,142777323,8002779153,9.4352,0.544304,athlete
89a8100e32bffff,89a8100e317ffff,142777323,304465094,19.7133,0.000507,athlete
89a8100e32bffff,89a8100e31bffff,142777323,9545366658,17.7726,0.030294,athlete
89a8100e32bffff,89a8100e323ffff,142777323,2277870859,14.0971,0.199969,athlete
89a8100e32bffff,89a8100e32bffff,142777323,142777323,1.6285,0.98373,athlete
89a8100e32bffff,89a8100e32fffff,142777323,13305140329,12.1205,0.336522,athlete
89a8100e32bffff,89a8100e33bffff,142777323,40257098,9.9461,0.504237,athlete
89a8100e32bffff,89a8100e363ffff,142777323,388512103,15.3237,0.128936,athlete
89a8100e32bffff,89a8100e367ffff,142777323,142814786,8.0829,0.648301,athlete
89a8100e32bffff,89a8100e36fffff,142777323,389063008,13.7805,0.220225,athlete
89a8100e32bffff,89a8100e373ffff,142777323,387095764,15.0715,0.142497,athlete
89a8100e32bffff,89a8100e377ffff,142777323,8550924518,10.267,0.479033,athlete
89a8100e32bffff,89a8100e3abffff,142777323,6697913344,17.48,0.038663,athlete
89a8100e32fffff,89a8100c583ffff,13305140329,12265197248,15.2352,0.133629,athlete
89a8100e32fffff,89a8100c587ffff,13305140329,11373935088,13.6008,0.232036,athlete
89a8100e32fffff,89a8100c58bffff,13305140329,1393378103,14.8283,0.156112,athlete
89a8100e32fffff,89a8100c58fffff,13305140329,4252790480,14.4885,0.175965,athlete
89a8100e32fffff,89a8100c593ffff,13305140329,304111065,5.0864,0.848722,athlete
89a8100e32fffff,89a8100c597ffff,13305140329,8943051152,7.0815,0.721271,athlete
89a8100e32fffff,89a8100c59bffff,13305140329,8954073387,12.018,0.34415,athlete
89a8100e32fffff,89a8100c5c7ffff,13305140329,2816708327,19.9029,5.8e-05,athlete
89a8100e32fffff,89a8100c5d7ffff,13305140329,303867318,17.4252,0.04034,athlete
89a8100e32fffff,89a8100e30fffff,13305140329,8002779153,18.7569,0.009502,athlete
89a8100e32fffff,89a8100e32bffff,13305140329,142777323,10.9502,0.425645,athlete
89a8100e32fffff,89a8100e32fffff,13305140329,13305140329,2.5694,0.959828,athlete
89a8100e32fffff,89a8100e33bffff,13305140329,40257098,19.2678,0.003303,athlete
89a8100e32fffff,89a8100e363ffff,13305140329,388512103,18.3069,0.017578,athlete
89a8100e32fffff,89a8100e367ffff,13305140329,142814786,10.5463,0.457149,athlete
89a8100e32fffff,89a8100e36fffff,13305140329,389063008,16.7638,0.063224,athlete
89a8100e32fffff,89a8100e377ffff,13305140329,8550924518,19.2662,0.003317,athlete
89a8100e333ffff,89a8100e307ffff,6359663538,2277870854,10.7978,0.437505,athlete
89a8100e333ffff,89a8100e30fffff,6359663538,8002779153,18.3738,0.016225,athlete
89a8100e333ffff,89a8100e317ffff,6359663538,304465094,18.6439,0.011302,athlete
89a8100e333ffff,89a8100e323ffff,6359663538,2277870859,19.2765,0.003225,athlete
89a8100e333ffff,89a8100e333ffff,6359663538,6359663538,2.3445,0.966476,athlete
89a8100e333ffff,89a8100e33bffff,6359663538,40257098,18.153,0.020897,athlete
89a8100e333ffff,89a8100e3abffff,6359663538,6697913344,16.4106,0.077392,athlete
89a8100e333ffff,89a8100e3bbffff,6359663538,13305140303,19.9722,5e-06,athlete
89a8100e33bffff,89a8100c593ffff,40257098,304111065,17.7526,0.030833,athlete
89a8100e33bffff,89a8100e303ffff,40257098,1393379394,14.262,0.189712,athlete
89a8100e33bffff,89a8100e307ffff,40257098,2277870854,11.4365,0.388132,athlete
89a8100e33bffff,89a8100e30bffff,40257098,12492914735,17.9884,0.024753,athlete
89a8100e33bffff,89a8100e30fffff,40257098,8002779153,8.4128,0.623374,athlete
89a8100e33bffff,89a8100e313ffff,40257098,9515286969,15.8763,0.101277,athlete
89a8100e33bffff,89a8100e317ffff,40257098,304465094,15.1265,0.139492,athlete
89a8100e33bffff,89a8100e31bffff,40257098,9545366658,16.7502,0.063746,athlete
89a8100e33bffff,89a8100e323ffff,40257098,2277870859,5.5702,0.820512,athlete
89a8100e33bffff,89a8100e32bffff,40257098,142777323,9.5772,0.533186,athlete
89a8100e33bffff,89a8100e333ffff,40257098,6359663538,17.4259,0.040317,athlete
89a8100e33bffff,89a8100e33bffff,40257098,40257098,1.4191,0.987629,athlete
89a8100e33bffff,89a8100e347ffff,40257098,477232281,19.4364,0.001958,athlete
89a8100e33bffff,89a8100e363ffff,40257098,388512103,17.7473,0.030978,athlete
89a8100e33bffff,89a8100e367ffff,40257098,142814786,16.0316,0.094038,athlete
89a8100e33bffff,89a8100e36fffff,40257098,389063008,17.9973,0.024538,athlete
89a8100e33bffff,89a8100e373ffff,40257098,387095764,14.0491,0.202995,athlete
89a8100e33bffff,89a8100e377ffff,40257098,8550924518,9.2446,0.559187,athlete
89a8100e33bffff,89a8100e37bffff,40257098,8943221373,19.1004,0.004984,athlete
89a8100e33bffff,89a8100e38bffff,40257098,12505567548,19.3813,0.00236,athlete
89a8100e33bffff,89a8100e38fffff,40257098,9537001559,16.0624,0.09263,athlete
89a8100e33bffff,89a8100e3abffff,40257098,6697913344,12.8932,0.280509,athlete
89a8100e33bffff,89a8100e3bbffff,40257098,13305140303,16.4549,0.075542,athlete
89a8100e343ffff,89a8100c417ffff,8943486125,467743606,19.253,0.003438,athlete
89a8100e343ffff,89a8100c483ffff,8943486125,9091230323,19.1583,0.004364,athlete
89a8100e343ffff,89a8100c487ffff,8943486125,8943221347,13.7044,0.225197,athlete
89a8100e343ffff,89a8100c48fffff,8943486125,467743522,18.2321,0.019155,athlete
89a8100e343ffff,89a8100c497ffff,8943486125,9532442497,15.3956,0.125174,athlete
89a8100e343ffff,89a8100c4a3ffff,8943486125,12904007453,18.7004,0.010382,athlete
89a8100e343ffff,89a8100c4bbffff,8943486125,387095725,14.6809,0.164602,athlete
89a8100e343ffff,89a8100e223ffff,8943486125,9085138924,17.1982,0.047647,athlete
89a8100e343ffff,89a8100e227ffff,8943486125,8943483316,12.0863,0.339057,athlete
89a8100e343ffff,89a8100e22fffff,8943486125,9085206286,14.6675,0.165384,athlete
89a8100e343ffff,89a8100e237ffff,8943486125,9496451280,17.2514,0.045884,athlete
89a8100e343ffff,89a8100e303ffff,8943486125,1393379394,19.4385,0.001944,athlete
89a8100e343ffff,89a8100e30bffff,8943486125,12492914735,10.1616,0.487308,athlete
89a8100e343ffff,89a8100e30fffff,8943486125,8002779153,17.2096,0.047266,athlete
89a8100e343ffff,89a8100e31bffff,8943486125,9545366658,12.7497,0.29069,athlete
89a8100e343ffff,89a8100e343ffff,8943486125,8943486125,0.9221,0.994764,athlete
89a8100e343ffff,89a8100e347ffff,8943486125,477232281,6.6019,0.75439,athlete
89a8100e343ffff,89a8100e34bffff,8943486125,389063239,8.5866,0.610097,athlete
89a8100e343ffff,89a8100e353ffff,8943486125,6945448510,9.1888,0.56354,athlete
89a8100e343ffff,89a8100e357ffff,8943486125,9509533701,9.0817,0.571874,athlete
89a8100e343ffff,89a8100e35bffff,8943486125,9546062800,7.9721,0.65659,athlete
89a8100e343ffff,89a8100e363ffff,8943486125,388512103,14.8895,0.152635,athlete
89a8100e343ffff,89a8100e367ffff,8943486125,142814786,19.1701,0.004242,athlete
89a8100e343ffff,89a8100e36bffff,8943486125,389063054,12.9467,0.276742,athlete
89a8100e343ffff,89a8100e373ffff,8943486125,387095764,11.4321,0.388468,athlete
89a8100e343ffff,89a8100e377ffff,8943486125,8550924518,15.9926,0.095833,athlete
89a8100e343ffff,89a8100e37bffff,8943486125,8943221373,8.3503,0.628119,athlete
89a8100e343ffff,89a8100e3c3ffff,8943486125,9509169514,18.426,0.015205,athlete
89a8100e343ffff,89a8100e3c7ffff,8943486125,9532804243,18.6508,0.011186,athlete
89a8100e343ffff,89a8100e3cbffff,8943486125,9523090342,14.0136,0.205245,athlete
89a8100e343ffff,89a8100e3cfffff,8943486125,9509243980,13.0978,0.266187,athlete
89a8100e343ffff,89a8100e3dbffff,8943486125,9517279686,18.5804,0.01238,athlete
89a8100e347ffff,89a8100c487ffff,477232281,8943221347,15.8471,0.102664,athlete
89a8100e347ffff,89a8100c497ffff,477232281,9532442497,19.6384,0.000806,athlete
89a8100e347ffff,89a8100c4bbffff,477232281,387095725,16.8236,0.060955,athlete
89a8100e347ffff,89a8100c593ffff,477232281,304111065,19.4718,0.00172,athlete
89a8100e347ffff,89a8100c59bffff,477232281,8954073387,17.1626,0.048844,athlete
89a8100e347ffff,89a8100c5d3ffff,477232281,1097971350,19.3588,0.002534,athlete
89a8100e347ffff,89a8100e227ffff,477232281,8943483316,16.799,0.061884,athlete
89a8100e347ffff,89a8100e22fffff,477232281,9085206286,19.6619,0.000705,athlete
89a8100e347ffff,89a8100e303ffff,477232281,1393379394,14.722,0.162216,athlete
89a8100e347ffff,89a8100e307ffff,477232281,2277870854,15.603,0.114592,athlete
89a8100e347ffff,89a8100e30bffff,477232281,12492914735,3.9802,0.905422,athlete
89a8100e347ffff,89a8100e30fffff,477232281,8002779153,11.994,0.34594,athlete
89a8100e347ffff,89a8100e317ffff,477232281,304465094,19.293,0.00308,athlete
89a8100e347ffff,89a8100e31bffff,477232281,9545366658,8.64,0.606,athlete
89a8100e347ffff,89a8100e323ffff,477232281,2277870859,18.9081,0.007336,athlete
89a8100e347ffff,89a8100e32bffff,477232281,142777323,15.4105,0.124398,athlete
89a8100e347ffff,89a8100e33bffff,477232281,40257098,14.757,0.160195,athlete
89a8100e347ffff,89a8100e343ffff,477232281,8943486125,7.1976,0.713063,athlete
89a8100e347ffff,89a8100e347ffff,477232281,477232281,0.4205,0.99891,athlete
89a8100e347ffff,89a8100e34bffff,477232281,389063239,11.2428,0.403009,athlete
89a8100e347ffff,89a8100e353ffff,477232281,6945448510,10.2497,0.480395,athlete
89a8100e347ffff,89a8100e357ffff,477232281,9509533701,6.2222,0.779597,athlete
89a8100e347ffff,89a8100e35bffff,477232281,9546062800,13.2041,0.258838,athlete
89a8100e347ffff,89a8100e363ffff,477232281,388512103,9.9305,0.505458,athlete
89a8100e347ffff,89a8100e367ffff,477232281,142814786,13.3627,0.248004,athlete
89a8100e347ffff,89a8100e36bffff,477232281,389063054,10.4812,0.462243,athlete
89a8100e347ffff,89a8100e36fffff,477232281,389063008,14.2002,0.193533,athlete
89a8100e347ffff,89a8100e373ffff,477232281,387095764,5.6247,0.817215,athlete
89a8100e347ffff,89a8100e377ffff,477232281,8550924518,10.1852,0.485457,athlete
89a8100e347ffff,89a8100e37bffff,477232281,8943221373,6.1221,0.78608,athlete
89a8100e347ffff,89a8100e38bffff,477232281,12505567548,18.411,0.015494,athlete
89a8100e347ffff,89a8100e3abffff,477232281,6697913344,17.0597,0.052386,athlete
89a8100e347ffff,89a8100e3c3ffff,477232281,9509169514,16.7238,0.06476,athlete
89a8100e347ffff,89a8100e3c7ffff,477232281,9532804243,16.9487,0.056341,athlete
89a8100e347ffff,89a8100e3cbffff,477232281,9523090342,15.7709,0.106329,athlete
89a8100e347ffff,89a8100e3cfffff,477232281,9509243980,11.3957,0.391261,athlete
89a8100e34bffff,89a8100c403ffff,389063239,467743614,16.6384,0.068102,athlete
89a8100e34bffff,89a8100c407ffff,389063239,12882374109,19.6748,0.000652,athlete
89a8100e34bffff,89a8100c413ffff,389063239,466938077,14.3582,0.183825,athlete
89a8100e34bffff,89a8100c417ffff,389063239,467743606,13.3442,0.249263,athlete
89a8100e34bffff,89a8100c433ffff,389063239,12832662172,19.1453,0.004499,athlete
89a8100e34bffff,89a8100c483ffff,389063239,9091230323,11.6832,0.369336,athlete
89a8100e34bffff,89a8100c487ffff,389063239,8943221347,7.7956,0.669695,athlete
89a8100e34bffff,89a8100c48bffff,389063239,467764073,15.1477,0.138338,athlete
89a8100e34bffff,89a8100c48fffff,389063239,467743522,10.9998,0.421795,athlete
89a8100e34bffff,89a8100c493ffff,389063239,9089875466,13.6442,0.229164,athlete
89a8100e34bffff,89a8100c497ffff,389063239,9532442497,8.8304,0.591342,athlete
89a8100e34bffff,89a8100c49bffff,389063239,9562434245,15.445,0.122617,athlete
89a8100e34bffff,89a8100c4a3ffff,389063239,12904007453,12.7916,0.28771,athlete
89a8100e34bffff,89a8100c4a7ffff,389063239,12889670101,17.8195,0.029044,athlete
89a8100e34bffff,89a8100c4abffff,389063239,5049652087,14.9783,0.147652,athlete
89a8100e34bffff,89a8100c4afffff,389063239,12996381317,18.0901,0.022333,athlete
89a8100e34bffff,89a8100c4b3ffff,389063239,8943221351,19.2174,0.003773,athlete
89a8100e34bffff,89a8100c4b7ffff,389063239,387095770,16.8843,0.058696,athlete
89a8100e34bffff,89a8100c4bbffff,389063239,387095725,8.7721,0.595843,athlete
89a8100e34bffff,89a8100c4d7ffff,389063239,9562334166,18.7617,0.009429,athlete
89a8100e34bffff,89a8100e223ffff,389063239,9085138924,15.2936,0.130523,athlete
89a8100e34bffff,89a8100e227ffff,389063239,8943483316,11.5122,0.382343,athlete
89a8100e34bffff,89a8100e22bffff,389063239,9111245172,17.295,0.044461,athlete
89a8100e34bffff,89a8100e22fffff,389063239,9085206286,12.5836,0.302612,athlete
89a8100e34bffff,89a8100e233ffff,389063239,9083125917,19.1834,0.004107,athlete
89a8100e34bffff,89a8100e237ffff,389063239,9496451280,16.5875,0.07013,athlete
89a8100e34bffff,89a8100e267ffff,389063239,9560548910,17.3948,0.041285,athlete
89a8100e34bffff,89a8100e30bffff,389063239,12492914735,13.5805,0.233378,athlete
89a8100e34bffff,89a8100e31bffff,389063239,9545366658,15.1636,0.137479,athlete
89a8100e34bffff,89a8100e343ffff,389063239,8943486125,6.8448,0.737789,athlete
89a8100e34bffff,89a8100e347ffff,389063239,477232281,10.0209,0.498361,athlete
89a8100e34bffff,89a8100e34bffff,389063239,389063239,0.4349,0.998834,athlete
89a8100e34bffff,89a8100e34fffff,389063239,12334906522,14.2827,0.18844,athlete
89a8100e34bffff,89a8100e353ffff,389063239,6945448510,10.3001,0.476439,athlete
89a8100e34bffff,89a8100e357ffff,389063239,9509533701,11.4956,0.383616,athlete
89a8100e34bffff,89a8100e35bffff,389063239,9546062800,4.7024,0.869687,athlete
89a8100e34bffff,89a8100e363ffff,389063239,388512103,18.0838,0.022478,athlete
89a8100e34bffff,89a8100e36bffff,389063239,389063054,16.141,0.089081,athlete
89a8100e34bffff,89a8100e373ffff,389063239,387095764,14.6264,0.16779,athlete
89a8100e34bffff,89a8100e377ffff,389063239,8550924518,19.1869,0.004073,athlete
89a8100e34bffff,89a8100e37bffff,389063239,8943221373,11.5446,0.37987,athlete
89a8100e34bffff,89a8100e3c3ffff,389063239,9509169514,19.2223,0.003726,athlete
89a8100e34bffff,89a8100e3c7ffff,389063239,9532804243,19.9552,1.2e-05,athlete
89a8100e34bffff,89a8100e3cbffff,389063239,9523090342,14.402,0.181166,athlete
89a8100e34bffff,89a8100e3cfffff,389063239,9509243980,14.4021,0.181158,athlete
89a8100e34bffff,89a8100e3dbffff,389063239,9517279686,18.9647,0.006598,athlete
89a8100e34fffff,89a8100c403ffff,12334906522,467743614,17.3109,0.043947,athlete
89a8100e34fffff,89a8100c407ffff,12334906522,12882374109,19.1211,0.004758,athlete
89a8100e34fffff,89a8100c413ffff,12334906522,466938077,18.6899,0.010549,athlete
89a8100e34fffff,89a8100c417ffff,12334906522,467743606,14.0167,0.205048,athlete
89a8100e34fffff,89a8100c433ffff,12334906522,12832662172,18.5916,0.012185,athlete
89a8100e34fffff,89a8100c483ffff,12334906522,9091230323,16.8761,0.058999,athlete
89a8100e34fffff,89a8100c487ffff,12334906522,8943221347,13.0706,0.268077,athlete
89a8100e34fffff,89a8100c48bffff,12334906522,467764073,19.5542,0.001226,athlete
89a8100e34fffff,89a8100c48fffff,12334906522,467743522,15.4063,0.124619,athlete
89a8100e34fffff,89a8100c497ffff,12334906522,9532442497,18.5826,0.012342,athlete
89a8100e34fffff,89a8100c4a3ffff,12334906522,12904007453,11.1602,0.409383,athlete
89a8100e34fffff,89a8100c4a7ffff,12334906522,12889670101,12.6336,0.299004,athlete
89a8100e34fffff,89a8100c4abffff,12334906522,5049652087,14.4247,0.179798,athlete
89a8100e34fffff,89a8100c4afffff,12334906522,12996381317,17.5364,0.036973,athlete
89a8100e34fffff,89a8100c4b3ffff,12334906522,8943221351,7.0044,0.726684,athlete
89a8100e34fffff,89a8100c4b7ffff,12334906522,387095770,10.4606,0.463858,athlete
89a8100e34fffff,89a8100c4bbffff,12334906522,387095725,9.4446,0.543566,athlete
89a8100e34fffff,89a8100e34bffff,12334906522,389063239,16.4077,0.07751,athlete
89a8100e34fffff,89a8100e34fffff,12334906522,12334906522,1.6115,0.984067,athlete
89a8100e353ffff,89a8100c487ffff,6945448510,8943221347,19.0457,0.005607,athlete
89a8100e353ffff,89a8100c493ffff,6945448510,9089875466,18.0528,0.023207,athlete
89a8100e353ffff,89a8100c497ffff,6945448510,9532442497,15.4118,0.124331,athlete
89a8100e353ffff,89a8100e06fffff,6945448510,3416576930,19.6101,0.000937,athlete
89a8100e353ffff,89a8100e223ffff,6945448510,9085138924,14.6992,0.163537,athlete
89a8100e353ffff,89a8100e227ffff,6945448510,8943483316,8.9959,0.578539,athlete
89a8100e353ffff,89a8100e22bffff,6945448510,9111245172,17.9948,0.024599,athlete
89a8100e353ffff,89a8100e22fffff,6945448510,9085206286,12.1686,0.332954,athlete
89a8100e353ffff,89a8100e233ffff,6945448510,9083125917,18.5891,0.012229,athlete
89a8100e353ffff,89a8100e237ffff,6945448510,9496451280,14.1609,0.19598,athlete
89a8100e353ffff,89a8100e2a7ffff,6945448510,12831235988,18.3992,0.015724,athlete
89a8100e353ffff,89a8100e2afffff,6945448510,9465336398,18.5049,0.013725,athlete
89a8100e353ffff,89a8100e303ffff,6945448510,1393379394,13.112,0.265202,athlete
89a8100e353ffff,89a8100e30bffff,6945448510,12492914735,11.4134,0.389901,athlete
89a8100e353ffff,89a8100e30fffff,6945448510,8002779153,17.2038,0.04746,athlete
89a8100e353ffff,89a8100e313ffff,6945448510,9515286969,19.3752,0.002406,athlete
89a8100e353ffff,89a8100e31bffff,6945448510,9545366658,8.7769,0.595469,athlete
89a8100e353ffff,89a8100e343ffff,6945448510,8943486125,10.1184,0.490698,athlete
89a8100e353ffff,89a8100e347ffff,6945448510,477232281,10.0074,0.499416,athlete
89a8100e353ffff,89a8100e34bffff,6945448510,389063239,12.0714,0.340167,athlete
89a8100e353ffff,89a8100e353ffff,6945448510,6945448510,1.1326,0.992108,athlete
89a8100e353ffff,89a8100e357ffff,6945448510,9509533701,5.2324,0.840415,athlete
89a8100e353ffff,89a8100e35bffff,6945448510,9546062800,7.1915,0.713495,athlete
89a8100e353ffff,89a8100e363ffff,6945448510,388512103,19.3158,0.002885,athlete
89a8100e353ffff,89a8100e373ffff,6945448510,387095764,14.184,0.194542,athlete
89a8100e353ffff,89a8100e377ffff,6945448510,8550924518,18.7445,0.009692,athlete
89a8100e353ffff,89a8100e37bffff,6945448510,8943221373,15.5163,0.118968,athlete
89a8100e353ffff,89a8100e38bffff,6945448510,12505567548,18.1734,0.02044,athlete
89a8100e353ffff,89a8100e3c3ffff,6945448510,9509169514,11.4079,0.390321,athlete
89a8100e353ffff,89a8100e3c7ffff,6945448510,9532804243,11.6328,0.373162,athlete
89a8100e353ffff,89a8100e3cbffff,6945448510,9523090342,8.1144,0.64594,athlete
89a8100e353ffff,89a8100e3cfffff,6945448510,9509243980,6.0798,0.788801,athlete
89a8100e353ffff,89a8100e3d3ffff,6945448510,9517170654,19.1835,0.004107,athlete
89a8100e353ffff,89a8100e3d7ffff,6945448510,9503196643,15.2015,0.135437,athlete
89a8100e353ffff,89a8100e3dbffff,6945448510,9517279686,13.5704,0.23405,athlete
89a8100e357ffff,89a8100c497ffff,9509533701,9532442497,19.1366,0.004591,athlete
89a8100e357ffff,89a8100e223ffff,9509533701,9085138924,19.6358,0.000818,athlete
89a8100e357ffff,89a8100e227ffff,9509533701,8943483316,14.2423,0.19093,athlete
89a8100e357ffff,89a8100e22fffff,9509533701,9085206286,17.1052,0.050807,athlete
89a8100e357ffff,89a8100e237ffff,9509533701,9496451280,18.7349,0.009841,athlete
89a8100e357ffff,89a8100e303ffff,9509533701,1393379394,13.1675,0.261361,athlete
89a8100e357ffff,89a8100e307ffff,9509533701,2277870854,16.97,0.055573,athlete
89a8100e357ffff,89a8100e30bffff,9509533701,12492914735,7.0245,0.72528,athlete
89a8100e357ffff,89a8100e30fffff,9509533701,8002779153,13.3609,0.248125,athlete
89a8100e357ffff,89a8100e313ffff,9509533701,9515286969,19.4307,0.001998,athlete
89a8100e357ffff,89a8100e31bffff,9509533701,9545366658,4.2752,0.891429,athlete
89a8100e357ffff,89a8100e32bffff,9509533701,142777323,18.8211,0.008548,athlete
89a8100e357ffff,89a8100e33bffff,9509533701,40257098,18.1676,0.020569,athlete
89a8100e357ffff,89a8100e343ffff,9509533701,8943486125,12.5131,0.307711,athlete
89a8100e357ffff,89a8100e347ffff,9509533701,477232281,8.6385,0.606115,athlete
89a8100e357ffff,89a8100e34bffff,9509533701,389063239,15.5273,0.118407,athlete
89a8100e357ffff,89a8100e353ffff,9509533701,6945448510,7.6929,0.677257,athlete
89a8100e357ffff,89a8100e357ffff,9509533701,9509533701,0.5067,0.998417,athlete
89a8100e357ffff,89a8100e35bffff,9509533701,9546062800,10.6474,0.449242,athlete
89a8100e357ffff,89a8100e363ffff,9509533701,388512103,14.9268,0.150533,athlete
89a8100e357ffff,89a8100e367ffff,9509533701,142814786,18.3591,0.016518,athlete
89a8100e357ffff,89a8100e36bffff,9509533701,389063054,18.6993,0.010401,athlete
89a8100e357ffff,89a8100e36fffff,9509533701,389063008,19.1965,0.003977,athlete
89a8100e357ffff,89a8100e373ffff,9509533701,387095764,9.795,0.516095,athlete
89a8100e357ffff,89a8100e377ffff,9509533701,8550924518,14.3555,0.183987,athlete
89a8100e357ffff,89a8100e37bffff,9509533701,8943221373,14.3402,0.184922,athlete
89a8100e357ffff,89a8100e38bffff,9509533701,12505567548,16.8565,0.059726,athlete
89a8100e357ffff,89a8100e39bffff,9509533701,1393380693,18.7098,0.010232,athlete
89a8100e357ffff,89a8100e3abffff,9509533701,6697913344,18.4267,0.015192,athlete
89a8100e357ffff,89a8100e3c3ffff,9509533701,9509169514,12.4077,0.315376,athlete
89a8100e357ffff,89a8100e3c7ffff,9509533701,9532804243,12.6326,0.299082,athlete
89a8100e357ffff,89a8100e3cbffff,9509533701,9523090342,12.4616,0.31145,athlete
89a8100e357ffff,89a8100e3cfffff,9509533701,9509243980,7.0795,0.721412,athlete
89a8100e357ffff,89a8100e3d7ffff,9509533701,9503196643,16.2012,0.086405,athlete
89a8100e357ffff,89a8100e3dbffff,9509533701,9517279686,17.7711,0.030334,athlete
89a8100e35bffff,89a8100c413ffff,9546062800,466938077,19.2241,0.003709,athlete
89a8100e35bffff,89a8100c417ffff,9546062800,467743606,18.6388,0.011387,athlete
89a8100e35bffff,89a8100c483ffff,9546062800,9091230323,15.619,0.113793,athlete
89a8100e35bffff,89a8100c487ffff,9546062800,8943221347,12.7038,0.293973,athlete
89a8100e35bffff,89a8100c48bffff,9546062800,467764073,18.1387,0.021218,athlete
89a8100e35bffff,89a8100c48fffff,9546062800,467743522,15.8658,0.101777,athlete
89a8100e35bffff,89a8100c493ffff,9546062800,9089875466,14.1664,0.195638,athlete
89a8100e35bffff,89a8100c497ffff,9546062800,9532442497,10.076,0.494033,athlete
89a8100e35bffff,89a8100c49bffff,9546062800,9562434245,16.7697,0.062998,athlete
89a8100e35bffff,89a8100c4a3ffff,9546062800,12904007453,18.0862,0.022424,athlete
89a8100e35bffff,89a8100c4bbffff,9546062800,387095725,14.0667,0.201888,athlete
89a8100e35bffff,89a8100e223ffff,9546062800,9085138924,10.8128,0.436332,athlete
89a8100e35bffff,89a8100e227ffff,9546062800,8943483316,7.0315,0.724789,athlete
89a8100e35bffff,89a8100e22bffff,9546062800,9111245172,14.1084,0.199266,athlete
89a8100e35bffff,89a8100e22fffff,9546062800,9085206286,8.2822,0.633285,athlete
89a8100e35bffff,89a8100e233ffff,9546062800,9083125917,14.7027,0.163338,athlete
89a8100e35bffff,89a8100e237ffff,9546062800,9496451280,12.1067,0.337541,athlete
89a8100e35bffff,89a8100e23bffff,9546062800,12911190024,16.7028,0.065577,athlete
89a8100e35bffff,89a8100e267ffff,9546062800,9560548910,18.018,0.024038,athlete
89a8100e35bffff,89a8100e277ffff,9546062800,9175432224,19.3744,0.002412,athlete
89a8100e35bffff,89a8100e2a7ffff,9546062800,12831235988,17.7298,0.031456,athlete
89a8100e35bffff,89a8100e2abffff,9546062800,12829462717,18.668,0.010905,athlete
89a8100e35bffff,89a8100e2afffff,9546062800,9465336398,16.7982,0.061914,athlete
89a8100e35bffff,89a8100e303ffff,9546062800,1393379394,16.9536,0.056162,athlete
89a8100e35bffff,89a8100e30bffff,9546062800,12492914735,14.1593,0.196075,athlete
89a8100e35bffff,89a8100e31bffff,9546062800,9545366658,11.6464,0.372132,athlete
89a8100e35bffff,89a8100e343ffff,9546062800,8943486125,8.2902,0.632679,athlete
89a8100e35bffff,89a8100e347ffff,9546062800,477232281,12.7534,0.29043,athlete
89a8100e35bffff,89a8100e34bffff,9546062800,389063239,5.7295,0.810812,athlete
89a8100e35bffff,89a8100e34fffff,9546062800,12334906522,19.5773,0.001102,athlete
89a8100e35bffff,89a8100e353ffff,9546062800,6945448510,6.7829,0.742055,athlete
89a8100e35bffff,89a8100e357ffff,9546062800,9509533701,7.9783,0.656126,athlete
89a8100e35bffff,89a8100e35bffff,9546062800,9546062800,0.148,0.999865,athlete
89a8100e35bffff,89a8100e36bffff,9546062800,389063054,19.459,0.001804,athlete
89a8100e35bffff,89a8100e373ffff,9546062800,387095764,16.9299,0.057023,athlete
89a8100e35bffff,89a8100e37bffff,9546062800,8943221373,14.8626,0.154159,athlete
89a8100e35bffff,89a8100e3c3ffff,9546062800,9509169514,14.7416,0.161086,athlete
89a8100e35bffff,89a8100e3c7ffff,9546062800,9532804243,15.4744,0.121105,athlete
89a8100e35bffff,89a8100e3cbffff,9546062800,9523090342,9.9213,0.506183,athlete
89a8100e35bffff,89a8100e3cfffff,9546062800,9509243980,9.9214,0.506173,athlete
89a8100e35bffff,89a8100e3d7ffff,9546062800,9503196643,19.0431,0.005638,athlete
89a8100e35bffff,89a8100e3dbffff,9546062800,9517279686,14.4839,0.176238,athlete
89a8100e363ffff,89a8100c583ffff,388512103,12265197248,19.7807,0.000297,athlete
89a8100e363ffff,89a8100c58bffff,388512103,1393378103,15.3664,0.126696,athlete
89a8100e363ffff,89a8100c593ffff,388512103,304111065,13.1114,0.265246,athlete
89a8100e363ffff,89a8100c597ffff,388512103,8943051152,17.2821,0.04488,athlete
89a8100e363ffff,89a8100c59bffff,388512103,8954073387,10.8022,0.437159,athlete
89a8100e363ffff,89a8100c5d3ffff,388512103,1097971350,11.7706,0.362723,athlete
89a8100e363ffff,89a8100c5d7ffff,388512103,303867318,15.5653,0.116487,athlete
89a8100e363ffff,89a8100c5dbffff,388512103,12535296158,19.2057,0.003886,athlete
89a8100e363ffff,89a8100e30bffff,388512103,12492914735,11.425,0.389013,athlete
89a8100e363ffff,89a8100e30fffff,388512103,8002779153,13.423,0.243924,athlete
89a8100e363ffff,89a8100e31bffff,388512103,9545366658,16.4303,0.076565,athlete
89a8100e363ffff,89a8100e323ffff,388512103,2277870859,18.5385,0.013119,athlete
89a8100e363ffff,89a8100e32bffff,388512103,142777323,11.4209,0.389327,athlete
89a8100e363ffff,89a8100e32fffff,388512103,13305140329,15.9005,0.100136,athlete
89a8100e363ffff,89a8100e33bffff,388512103,40257098,14.3874,0.182054,athlete
89a8100e363ffff,89a8100e343ffff,388512103,8943486125,17.1264,0.050078,athlete
89a8100e363ffff,89a8100e347ffff,388512103,477232281,11.3453,0.395126,athlete
89a8100e363ffff,89a8100e357ffff,388512103,9509533701,14.459,0.177732,athlete
89a8100e363ffff,89a8100e363ffff,388512103,388512103,0.9895,0.993972,athlete
89a8100e363ffff,89a8100e367ffff,388512103,142814786,7.0023,0.726832,athlete
89a8100e363ffff,89a8100e36bffff,388512103,389063054,6.1201,0.786211,athlete
89a8100e363ffff,89a8100e36fffff,388512103,389063008,7.8398,0.666423,athlete
89a8100e363ffff,89a8100e373ffff,388512103,387095764,7.2516,0.709219,athlete
89a8100e363ffff,89a8100e377ffff,388512103,8550924518,6.9771,0.728593,athlete
89a8100e363ffff,89a8100e37bffff,388512103,8943221373,11.0093,0.421058,athlete
89a8100e367ffff,89a8100c513ffff,142814786,303862596,17.5333,0.037066,athlete
89a8100e367ffff,89a8100c583ffff,142814786,12265197248,13.2104,0.258404,athlete
89a8100e367ffff,89a8100c587ffff,142814786,11373935088,15.6525,0.112128,athlete
89a8100e367ffff,89a8100c58bffff,142814786,1393378103,11.5757,0.377502,athlete
89a8100e367ffff,89a8100c58fffff,142814786,4252790480,14.7352,0.161456,athlete
89a8100e367ffff,89a8100c593ffff,142814786,304111065,6.5411,0.758489,athlete
89a8100e367ffff,89a8100c597ffff,142814786,8943051152,10.7118,0.44421,athlete
89a8100e367ffff,89a8100c59bffff,142814786,8954073387,7.0116,0.726184,athlete
89a8100e367ffff,89a8100c5c3ffff,142814786,303868171,19.7215,0.000478,athlete
89a8100e367ffff,89a8100c5c7ffff,142814786,2816708327,16.6504,0.067628,athlete
89a8100e367ffff,89a8100c5d3ffff,142814786,1097971350,12.3831,0.317171,athlete
89a8100e367ffff,89a8100c5d7ffff,142814786,303867318,12.5317,0.306358,athlete
89a8100e367ffff,89a8100e30bffff,142814786,12492914735,16.6226,0.06873,athlete
89a8100e367ffff,89a8100e30fffff,142814786,8002779153,13.7675,0.221072,athlete
89a8100e367ffff,89a8100e323ffff,142814786,2277870859,18.4295,0.015138,athlete
89a8100e367ffff,89a8100e32bffff,142814786,142777323,5.9608,0.796375,athlete
89a8100e367ffff,89a8100e32fffff,142814786,13305140329,9.3302,0.552506,athlete
89a8100e367ffff,89a8100e33bffff,142814786,40257098,14.2784,0.188704,athlete
89a8100e367ffff,89a8100e347ffff,142814786,477232281,16.5428,0.071931,athlete
89a8100e367ffff,89a8100e357ffff,142814786,9509533701,19.6566,0.000727,athlete
89a8100e367ffff,89a8100e363ffff,142814786,388512103,8.7677,0.596183,athlete
89a8100e367ffff,89a8100e367ffff,142814786,142814786,0.4321,0.998849,athlete
89a8100e367ffff,89a8100e36bffff,142814786,389063054,13.8231,0.217461,athlete
89a8100e367ffff,89a8100e36fffff,142814786,389063008,7.2245,0.711145,athlete
89a8100e367ffff,89a8100e373ffff,142814786,387095764,12.4491,0.312357,athlete
89a8100e367ffff,89a8100e377ffff,142814786,8550924518,9.727,0.521436,athlete
89a8100e367ffff,89a8100e37bffff,142814786,8943221373,16.2069,0.086155,athlete
89a8100e36bffff,89a8100c437ffff,389063054,12941702505,18.7087,0.01025,athlete
89a8100e36bffff,89a8100c4a3ffff,389063054,12904007453,19.911,4.9e-05,athlete
89a8100e36bffff,89a8100c4a7ffff,389063054,12889670101,19.2668,0.003313,athlete
89a8100e36bffff,89a8100c4afffff,389063054,12996381317,15.7201,0.108801,athlete
89a8100e36bffff,89a8100c58bffff,389063054,1393378103,18.2199,0.019419,athlete
89a8100e36bffff,89a8100c593ffff,389063054,304111065,15.9649,0.097116,athlete
89a8100e36bffff,89a8100c59bffff,389063054,8954073387,13.6558,0.228397,athlete
89a8100e36bffff,89a8100c5c3ffff,389063054,303868171,14.859,0.154365,athlete
89a8100e36bffff,89a8100c5cbffff,389063054,13037844868,19.6404,0.000797,athlete
89a8100e36bffff,89a8100c5cfffff,389063054,2687705140,19.4293,0.002008,athlete
89a8100e36bffff,89a8100c5d3ffff,389063054,1097971350,9.9865,0.501064,athlete
89a8100e36bffff,89a8100c5d7ffff,389063054,303867318,17.9959,0.024571,athlete
89a8100e36bffff,89a8100c5dbffff,389063054,12535296158,13.5321,0.236604,athlete
89a8100e36bffff,89a8100e30bffff,389063054,12492914735,13.7136,0.2246,athlete
89a8100e36bffff,89a8100e30fffff,389063054,8002779153,16.2766,0.083109,athlete
89a8100e36bffff,89a8100e31bffff,389063054,9545366658,18.7189,0.01009,athlete
89a8100e36bffff,89a8100e32bffff,389063054,142777323,14.2745,0.188947,athlete
89a8100e36bffff,89a8100e32fffff,389063054,13305140329,18.754,0.009546,athlete
89a8100e36bffff,89a8100e33bffff,389063054,40257098,17.2409,0.046227,athlete
89a8100e36bffff,89a8100e343ffff,389063054,8943486125,13.219,0.257815,athlete
89a8100e36bffff,89a8100e347ffff,389063054,477232281,10.607,0.452397,athlete
89a8100e36bffff,89a8100e34bffff,389063054,389063239,17.2643,0.04546,athlete
89a8100e36bffff,89a8100e353ffff,389063054,6945448510,19.1023,0.004963,athlete
89a8100e36bffff,89a8100e357ffff,389063054,9509533701,16.4087,0.077468,athlete
89a8100e36bffff,89a8100e35bffff,389063054,9546062800,19.9336,2.7e-05,athlete
89a8100e36bffff,89a8100e363ffff,389063054,388512103,3.8431,0.911629,athlete
89a8100e36bffff,89a8100e367ffff,389063054,142814786,9.8559,0.511317,athlete
89a8100e36bffff,89a8100e36bffff,389063054,389063054,0.4465,0.998771,athlete
89a8100e36bffff,89a8100e36fffff,389063054,389063008,9.4823,0.540617,athlete
89a8100e36bffff,89a8100e373ffff,389063054,387095764,9.5401,0.536089,athlete
89a8100e36bffff,89a8100e377ffff,389063054,8550924518,9.8307,0.513295,athlete
89a8100e36bffff,89a8100e37bffff,389063054,8943221373,7.1151,0.718903,athlete
89a8100e36fffff,89a8100c4afffff,389063008,12996381317,18.1619,0.020696,athlete
89a8100e36fffff,89a8100c583ffff,389063008,12265197248,18.5939,0.012147,athlete
89a8100e36fffff,89a8100c58bffff,389063008,1393378103,14.1796,0.194816,athlete
89a8100e36fffff,89a8100c593ffff,389063008,304111065,11.9246,0.351137,athlete
89a8100e36fffff,89a8100c597ffff,389063008,8943051152,16.0952,0.09114,athlete
89a8100e36fffff,89a8100c59bffff,389063008,8954073387,9.6154,0.530186,athlete
89a8100e36fffff,89a8100c5c3ffff,389063008,303868171,15.1733,0.136955,athlete
89a8100e36fffff,89a8100c5c7ffff,389063008,2816708327,19.2542,0.003427,athlete
89a8100e36fffff,89a8100c5cbffff,389063008,13037844868,18.9969,0.006194,athlete
89a8100e36fffff,89a8100c5cfffff,389063008,2687705140,19.7436,0.000405,athlete
89a8100e36fffff,89a8100c5d3ffff,389063008,1097971350,5.6258,0.817151,athlete
89a8100e36fffff,89a8100c5d7ffff,389063008,303867318,14.3785,0.182593,athlete
89a8100e36fffff,89a8100c5dbffff,389063008,12535296158,13.8464,0.21595,athlete
89a8100e36fffff,89a8100e30bffff,389063008,12492914735,16.051,0.093148,athlete
89a8100e36fffff,89a8100e30fffff,389063008,8002779153,14.5214,0.173999,athlete
89a8100e36fffff,89a8100e323ffff,389063008,2277870859,19.1834,0.004108,athlete
89a8100e36fffff,89a8100e32bffff,389063008,142777323,10.2341,0.481619,athlete
89a8100e36fffff,89a8100e32fffff,389063008,13305140329,14.7137,0.162701,athlete
89a8100e36fffff,89a8100e33bffff,389063008,40257098,15.0323,0.144657,athlete
89a8100e36fffff,89a8100e347ffff,389063008,477232281,15.9713,0.096819,athlete
89a8100e36fffff,89a8100e357ffff,389063008,9509533701,19.085,0.005155,athlete
89a8100e36fffff,89a8100e363ffff,389063008,388512103,8.1962,0.639785,athlete
89a8100e36fffff,89a8100e367ffff,389063008,142814786,5.8155,0.805489,athlete
89a8100e36fffff,89a8100e36bffff,389063008,389063054,12.3005,0.323223,athlete
89a8100e36fffff,89a8100e36fffff,389063008,389063008,0.4672,0.998654,athlete
89a8100e36fffff,89a8100e373ffff,389063008,387095764,11.8776,0.354662,athlete
89a8100e36fffff,89a8100e377ffff,389063008,8550924518,9.1555,0.566135,athlete
89a8100e36fffff,89a8100e37bffff,389063008,8943221373,15.6354,0.112977,athlete
89a8100e373ffff,89a8100c58bffff,387095764,1393378103,17.8465,0.028335,athlete
89a8100e373ffff,89a8100c593ffff,387095764,304111065,15.5915,0.11517,athlete
89a8100e373ffff,89a8100c597ffff,387095764,8943051152,19.7622,0.000349,athlete
89a8100e373ffff,89a8100c59bffff,387095764,8954073387,13.2824,0.253475,athlete
89a8100e373ffff,89a8100c5d3ffff,387095764,1097971350,15.4785,0.120894,athlete
89a8100e373ffff,89a8100c5d7ffff,387095764,303867318,18.0454,0.023382,athlete
89a8100e373ffff,89a8100e303ffff,387095764,1393379394,15.8338,0.103303,athlete
89a8100e373ffff,89a8100e307ffff,387095764,2277870854,16.128,0.089664,athlete
89a8100e373ffff,89a8100e30bffff,387095764,12492914735,5.0919,0.848414,athlete
89a8100e373ffff,89a8100e30fffff,387095764,8002779153,8.8359,0.590917,athlete
89a8100e373ffff,89a8100e317ffff,387095764,304465094,19.818,0.000204,athlete
89a8100e373ffff,89a8100e31bffff,387095764,9545366658,10.0972,0.492367,athlete
89a8100e373ffff,89a8100e323ffff,387095764,2277870859,14.2018,0.193432,athlete
89a8100e373ffff,89a8100e32bffff,387095764,142777323,10.7043,0.4448,athlete
89a8100e373ffff,89a8100e32fffff,387095764,13305140329,18.3806,0.01609,athlete
89a8100e373ffff,89a8100e33bffff,387095764,40257098,10.0508,0.496014,athlete
89a8100e373ffff,89a8100e343ffff,387095764,8943486125,12.7715,0.28914,athlete
89a8100e373ffff,89a8100e347ffff,387095764,477232281,6.3057,0.774139,athlete
89a8100e373ffff,89a8100e34bffff,387095764,389063239,16.8167,0.061215,athlete
89a8100e373ffff,89a8100e353ffff,387095764,6945448510,15.2116,0.134892,athlete
89a8100e373ffff,89a8100e357ffff,387095764,9509533701,8.1259,0.645076,athlete
89a8100e373ffff,89a8100e35bffff,387095764,9546062800,18.1661,0.020603,athlete
89a8100e373ffff,89a8100e363ffff,387095764,388512103,6.0502,0.790692,athlete
89a8100e373ffff,89a8100e367ffff,387095764,142814786,9.4825,0.540603,athlete
89a8100e373ffff,89a8100e36bffff,387095764,389063054,10.3288,0.474187,athlete
89a8100e373ffff,89a8100e36fffff,387095764,389063008,10.3199,0.474883,athlete
89a8100e373ffff,89a8100e373ffff,387095764,387095764,0.9184,0.994806,athlete
89a8100e373ffff,89a8100e377ffff,387095764,8550924518,5.4789,0.825981,athlete
89a8100e373ffff,89a8100e37bffff,387095764,8943221373,5.9697,0.795813,athlete
89a8100e373ffff,89a8100e38bffff,387095764,12505567548,19.5227,0.001405,athlete
89a8100e373ffff,89a8100e3abffff,387095764,6697913344,17.5847,0.035555,athlete
89a8100e373ffff,89a8100e3c3ffff,387095764,9509169514,19.8856,8.1e-05,athlete
89a8100e373ffff,89a8100e3c7ffff,387095764,9532804243,18.864,0.00794,athlete
89a8100e373ffff,89a8100e3cbffff,387095764,9523090342,19.9395,2.3e-05,athlete
89a8100e373ffff,89a8100e3cfffff,387095764,9509243980,14.5574,0.171859,athlete
89a8100e377ffff,89a8100c58bffff,8550924518,1393378103,18.6927,0.010506,athlete
89a8100e377ffff,89a8100c593ffff,8550924518,304111065,16.4377,0.076258,athlete
89a8100e377ffff,89a8100c59bffff,8550924518,8954073387,14.1285,0.198001,athlete
89a8100e377ffff,89a8100c5d3ffff,8550924518,1097971350,16.3247,0.081034,athlete
89a8100e377ffff,89a8100c5d7ffff,8550924518,303867318,18.8916,0.007559,athlete
89a8100e377ffff,89a8100e303ffff,8550924518,1393379394,17.0057,0.054294,athlete
89a8100e377ffff,89a8100e307ffff,8550924518,2277870854,14.1802,0.194778,athlete
89a8100e377ffff,89a8100e30bffff,8550924518,12492914735,12.4257,0.314064,athlete
89a8100e377ffff,89a8100e30fffff,8550924518,8002779153,6.8881,0.734789,athlete
89a8100e377ffff,89a8100e313ffff,8550924518,9515286969,18.62,0.011701,athlete
89a8100e377ffff,89a8100e317ffff,8550924518,304465094,17.8702,0.027721,athlete
89a8100e377ffff,89a8100e31bffff,8550924518,9545366658,15.7752,0.10612,athlete
89a8100e377ffff,89a8100e323ffff,8550924518,2277870859,12.254,0.326645,athlete
89a8100e377ffff,89a8100e32bffff,8550924518,142777323,8.7564,0.597049,athlete
89a8100e377ffff,89a8100e32fffff,8550924518,13305140329,19.2268,0.003684,athlete
89a8100e377ffff,89a8100e33bffff,8550924518,40257098,8.1029,0.6468,athlete
89a8100e377ffff,89a8100e347ffff,8550924518,477232281,13.6395,0.229475,athlete
89a8100e377ffff,89a8100e357ffff,8550924518,9509533701,15.4597,0.121862,athlete
89a8100e377ffff,89a8100e363ffff,8550924518,388512103,9.6938,0.524042,athlete
89a8100e377ffff,89a8100e367ffff,8550924518,142814786,10.3286,0.474201,athlete
89a8100e377ffff,89a8100e36bffff,8550924518,389063054,14.8243,0.156336,athlete
89a8100e377ffff,89a8100e36fffff,8550924518,389063008,11.1661,0.408924,athlete
89a8100e377ffff,89a8100e373ffff,8550924518,387095764,8.2522,0.635551,athlete
89a8100e377ffff,89a8100e377ffff,8550924518,8550924518,0.4422,0.998794,athlete
89a8100e377ffff,89a8100e37bffff,8550924518,8943221373,13.3035,0.25203,athlete
89a8100e377ffff,89a8100e38fffff,8550924518,9537001559,18.8061,0.008767,athlete
89a8100e377ffff,89a8100e3abffff,8550924518,6697913344,15.6369,0.112902,athlete
89a8100e377ffff,89a8100e3bbffff,8550924518,13305140303,19.1986,0.003957,athlete
89a8100e37bffff,89a8100c487ffff,8943221373,8943221347,17.3855,0.041575,athlete
89a8100e37bffff,89a8100c4bbffff,8943221373,387095725,18.362,0.016459,athlete
89a8100e37bffff,89a8100c593ffff,8943221373,304111065,18.3866,0.015972,athlete
89a8100e37bffff,89a8100c59bffff,8943221373,8954073387,16.0774,0.091948,athlete
89a8100e37bffff,89a8100c5d3ffff,8943221373,1097971350,15.9344,0.09854,athlete
89a8100e37bffff,89a8100c5dbffff,8943221373,12535296158,19.4801,0.001666,athlete
89a8100e37bffff,89a8100e227ffff,8943221373,8943483316,19.9002,6.1e-05,athlete
89a8100e37bffff,89a8100e303ffff,8943221373,1393379394,19.4548,0.001832,athlete
89a8100e37bffff,89a8100e307ffff,8943221373,2277870854,19.7491,0.000388,athlete
89a8100e37bffff,89a8100e30bffff,8943221373,12492914735,8.7129,0.600398,athlete
89a8100e37bffff,89a8100e30fffff,8943221373,8002779153,12.457,0.311784,athlete
89a8100e37bffff,89a8100e31bffff,8943221373,9545366658,13.5924,0.23259,athlete
89a8100e37bffff,89a8100e323ffff,8943221373,2277870859,17.8229,0.028953,athlete
89a8100e37bffff,89a8100e32bffff,8943221373,142777323,14.3253,0.18583,athlete
89a8100e37bffff,89a8100e33bffff,8943221373,40257098,13.6718,0.227342,athlete
89a8100e37bffff,89a8100e343ffff,8943221373,8943486125,8.7359,0.598627,athlete
89a8100e37bffff,89a8100e347ffff,8943221373,477232281,5.3728,0.832253,athlete
89a8100e37bffff,89a8100e34bffff,8943221373,389063239,12.7812,0.288447,athlete
89a8100e37bffff,89a8100e353ffff,8943221373,6945448510,14.6192,0.168212,athlete
89a8100e37bffff,89a8100e357ffff,8943221373,9509533701,11.1746,0.408271,athlete
89a8100e37bffff,89a8100e35bffff,8943221373,9546062800,15.4505,0.122331,athlete
89a8100e37bffff,89a8100e363ffff,8943221373,388512103,8.8453,0.590194,athlete
89a8100e37bffff,89a8100e367ffff,8943221373,142814786,12.2775,0.324916,athlete
89a8100e37bffff,89a8100e36bffff,8943221373,389063054,7.2284,0.710868,athlete
89a8100e37bffff,89a8100e36fffff,8943221373,389063008,13.115,0.264995,athlete
89a8100e37bffff,89a8100e373ffff,8943221373,387095764,4.5395,0.878181,athlete
89a8100e37bffff,89a8100e377ffff,8943221373,8550924518,9.1,0.570452,athlete
89a8100e37bffff,89a8100e37bffff,8943221373,8943221373,0.0848,0.999956,athlete
89a8100e37bffff,89a8100e3cfffff,8943221373,9509243980,16.348,0.080037,athlete
89a8100e383ffff,89a8100e06fffff,9521965871,3416576930,13.2365,0.256615,athlete
89a8100e383ffff,89a8100e303ffff,9521965871,1393379394,15.0908,0.141439,athlete
89a8100e383ffff,89a8100e307ffff,9521965871,2277870854,19.5076,0.001495,athlete
89a8100e383ffff,89a8100e30fffff,9521965871,8002779153,19.5648,0.001168,athlete
89a8100e383ffff,89a8100e313ffff,9521965871,9515286969,11.3269,0.396538,athlete
89a8100e383ffff,89a8100e317ffff,9521965871,304465094,11.8383,0.357617,athlete
89a8100e383ffff,89a8100e31bffff,9521965871,9545366658,16.3028,0.081974,athlete
89a8100e383ffff,89a8100e383ffff,9521965871,9521965871,1.4932,0.98631,athlete
89a8100e383ffff,89a8100e387ffff,9521965871,8953251344,4.6767,0.871044,athlete
89a8100e383ffff,89a8100e38bffff,9521965871,12505567548,7.9406,0.65894,athlete
89a8100e383ffff,89a8100e38fffff,9521965871,9537001559,5.6234,0.817293,athlete
89a8100e383ffff,89a8100e393ffff,9521965871,1393381000,10.9147,0.428403,athlete
89a8100e383ffff,89a8100e39bffff,9521965871,1393380693,6.643,0.751607,athlete
89a8100e383ffff,89a8100e3abffff,9521965871,6697913344,14.7921,0.158181,athlete
89a8100e383ffff,89a8100e3bbffff,9521965871,13305140303,11.1628,0.409177,athlete
89a8100e383ffff,89a8100e3c3ffff,9521965871,9509169514,15.5349,0.118022,athlete
89a8100e383ffff,89a8100e3c7ffff,9521965871,9532804243,13.1367,0.263488,athlete
89a8100e383ffff,89a8100e3cfffff,9521965871,9509243980,17.8538,0.028146,athlete
89a8100e383ffff,89a8100e3d3ffff,9521965871,9517170654,14.5536,0.172088,athlete
89a8100e383ffff,89a8100e3d7ffff,9521965871,9503196643,12.8476,0.28373,athlete
89a8100e383ffff,89a8100e3dbffff,9521965871,9517279686,19.9204,3.9e-05,athlete
89a8100e387ffff,89a8100e06fffff,8953251344,3416576930,17.5918,0.03535,athlete
89a8100e387ffff,89a8100e303ffff,8953251344,1393379394,17.1276,0.050038,athlete
89a8100e387ffff,89a8100e307ffff,8953251344,2277870854,18.9957,0.006209,athlete
89a8100e387ffff,89a8100e313ffff,8953251344,9515286969,11.0911,0.414721,athlete
89a8100e387ffff,89a8100e317ffff,8953251344,304465094,11.3265,0.396572,athlete
89a8100e387ffff,89a8100e31bffff,8953251344,9545366658,19.3907,0.002289,athlete
89a8100e387ffff,89a8100e383ffff,8953251344,9521965871,6.0116,0.793153,athlete
89a8100e387ffff,89a8100e387ffff,8953251344,8953251344,2.9458,0.947418,athlete
89a8100e387ffff,89a8100e38bffff,8953251344,12505567548,9.7521,0.519462,athlete
89a8100e387ffff,89a8100e38fffff,8953251344,9537001559,5.1115,0.847305,athlete
89a8100e387ffff,89a8100e393ffff,8953251344,1393381000,15.2824,0.131115,athlete
89a8100e387ffff,89a8100e39bffff,8953251344,1393380693,11.0107,0.420954,athlete
89a8100e387ffff,89a8100e3abffff,8953251344,6697913344,14.2802,0.188594,athlete
89a8100e387ffff,89a8100e3bbffff,8953251344,13305140303,10.651,0.448961,athlete
89a8100e387ffff,89a8100e3c3ffff,8953251344,9509169514,18.6227,0.011655,athlete
89a8100e387ffff,89a8100e3c7ffff,8953251344,9532804243,16.2246,0.085378,athlete
89a8100e387ffff,89a8100e3d3ffff,8953251344,9517170654,18.9089,0.007326,athlete
89a8100e387ffff,89a8100e3d7ffff,8953251344,9503196643,16.8813,0.058805,athlete
89a8100e38bffff,89a8100e06fffff,12505567548,3416576930,12.2984,0.32338,athlete
89a8100e38bffff,89a8100e237ffff,12505567548,9496451280,19.5153,0.001449,athlete
89a8100e38bffff,89a8100e303ffff,12505567548,1393379394,11.0752,0.415956,athlete
89a8100e38bffff,89a8100e307ffff,12505567548,2277870854,17.7959,0.029668,athlete
89a8100e38bffff,89a8100e30bffff,12505567548,12492914735,16.6425,0.067939,athlete
89a8100e38bffff,89a8100e30fffff,12505567548,8002779153,15.5692,0.11629,athlete
89a8100e38bffff,89a8100e313ffff,12505567548,9515286969,7.3113,0.70495,athlete
89a8100e38bffff,89a8100e317ffff,12505567548,304465094,12.7156,0.293125,athlete
89a8100e38bffff,89a8100e31bffff,12505567548,9545366658,12.3072,0.322731,athlete
89a8100e38bffff,89a8100e33bffff,12505567548,40257098,17.356,0.042506,athlete
89a8100e38bffff,89a8100e357ffff,12505567548,9509533701,17.1576,0.049014,athlete
89a8100e38bffff,89a8100e383ffff,12505567548,9521965871,9.0298,0.575904,athlete
89a8100e38bffff,89a8100e387ffff,12505567548,8953251344,9.26,0.557992,athlete
89a8100e38bffff,89a8100e38bffff,12505567548,12505567548,0.1473,0.999866,athlete
89a8100e38bffff,89a8100e38fffff,12505567548,9537001559,6.5007,0.761202,athlete
89a8100e38bffff,89a8100e393ffff,12505567548,1393381000,10.1944,0.484738,athlete
89a8100e38bffff,89a8100e39bffff,12505567548,1393380693,5.9226,0.798788,athlete
89a8100e38bffff,89a8100e3abffff,12505567548,6697913344,15.6694,0.111294,athlete
89a8100e38bffff,89a8100e3bbffff,12505567548,13305140303,12.0401,0.342496,athlete
89a8100e38bffff,89a8100e3c3ffff,12505567548,9509169514,11.5393,0.380277,athlete
89a8100e38bffff,89a8100e3c7ffff,12505567548,9532804243,9.1411,0.56725,athlete
89a8100e38bffff,89a8100e3cbffff,12505567548,9523090342,16.9754,0.055377,athlete
89a8100e38bffff,89a8100e3cfffff,12505567548,9509243980,13.8581,0.215193,athlete
89a8100e38bffff,89a8100e3d3ffff,12505567548,9517170654,13.6155,0.231061,athlete
89a8100e38bffff,89a8100e3d7ffff,12505567548,9503196643,9.7979,0.515868,athlete
89a8100e38bffff,89a8100e3dbffff,12505567548,9517279686,17.1905,0.047904,athlete
89a8100e38fffff,89a8100e06fffff,9537001559,3416576930,16.5338,0.0723,athlete
89a8100e38fffff,89a8100e303ffff,9537001559,1393379394,13.4902,0.239405,athlete
89a8100e38fffff,89a8100e307ffff,9537001559,2277870854,14.5407,0.17285,athlete
89a8100e38fffff,89a8100e30fffff,9537001559,8002779153,18.9147,0.007248,athlete
89a8100e38fffff,89a8100e313ffff,9537001559,9515286969,8.2076,0.638925,athlete
89a8100e38fffff,89a8100e317ffff,9537001559,304465094,7.1371,0.717347,athlete
89a8100e38fffff,89a8100e31bffff,9537001559,9545366658,16.5426,0.071941,athlete
89a8100e38fffff,89a8100e33bffff,9537001559,40257098,16.4247,0.076798,athlete
89a8100e38fffff,89a8100e383ffff,9537001559,9521965871,6.6894,0.74845,athlete
89a8100e38fffff,89a8100e387ffff,9537001559,8953251344,5.1005,0.84793,athlete
89a8100e38fffff,89a8100e38bffff,9537001559,12505567548,6.9041,0.733681,athlete
89a8100e38fffff,89a8100e38fffff,9537001559,9537001559,0.5216,0.998322,athlete
89a8100e38fffff,89a8100e393ffff,9537001559,1393381000,14.4297,0.179493,athlete
89a8100e38fffff,89a8100e39bffff,9537001559,1393380693,10.158,0.487593,athlete
89a8100e38fffff,89a8100e3abffff,9537001559,6697913344,9.8252,0.513726,athlete
89a8100e38fffff,89a8100e3bbffff,9537001559,13305140303,6.196,0.781302,athlete
89a8100e38fffff,89a8100e3c3ffff,9537001559,9509169514,15.7747,0.106144,athlete
89a8100e38fffff,89a8100e3c7ffff,9537001559,9532804243,13.3765,0.247068,athlete
89a8100e38fffff,89a8100e3cfffff,9537001559,9509243980,18.0935,0.022253,athlete
89a8100e38fffff,89a8100e3d3ffff,9537001559,9517170654,17.8508,0.028222,athlete
89a8100e38fffff,89a8100e3d7ffff,9537001559,9503196643,14.0333,0.203996,athlete
89a8100e393ffff,89a8100e06fffff,1393381000,3416576930,16.6171,0.068948,athlete
89a8100e393ffff,89a8100e303ffff,1393381000,1393379394,18.7111,0.010212,athlete
89a8100e393ffff,89a8100e313ffff,1393381000,9515286969,14.9472,0.149389,athlete
89a8100e393ffff,89a8100e31bffff,1393381000,9545366658,19.904,5.7e-05,athlete
89a8100e393ffff,89a8100e383ffff,1393381000,9521965871,13.3433,0.249324,athlete
89a8100e393ffff,89a8100e387ffff,1393381000,8953251344,16.5268,0.072582,athlete
89a8100e393ffff,89a8100e38bffff,1393381000,12505567548,11.6422,0.372445,athlete
89a8100e393ffff,89a8100e38fffff,1393381000,9537001559,15.4711,0.121277,athlete
89a8100e393ffff,89a8100e393ffff,1393381000,1393381000,1.0174,0.993628,athlete
89a8100e393ffff,89a8100e39bffff,1393381000,1393380693,4.9838,0.854454,athlete
89a8100e393ffff,89a8100e3c3ffff,1393381000,9509169514,19.1361,0.004597,athlete
89a8100e393ffff,89a8100e3c7ffff,1393381000,9532804243,16.7379,0.064218,athlete
89a8100e393ffff,89a8100e3d3ffff,1393381000,9517170654,17.9341,0.026095,athlete
89a8100e393ffff,89a8100e3d7ffff,1393381000,9503196643,16.2282,0.085218,athlete
89a8100e39bffff,89a8100e06fffff,1393380693,3416576930,12.3747,0.317787,athlete
89a8100e39bffff,89a8100e303ffff,1393380693,1393379394,14.4688,0.177145,athlete
89a8100e39bffff,89a8100e30bffff,1393380693,12492914735,19.9969,0.0,athlete
89a8100e39bffff,89a8100e30fffff,1393380693,8002779153,18.9236,0.007131,athlete
89a8100e39bffff,89a8100e313ffff,1393380693,9515286969,10.7049,0.444754,athlete
89a8100e39bffff,89a8100e317ffff,1393380693,304465094,17.4436,0.039773,athlete
89a8100e39bffff,89a8100e31bffff,1393380693,9545366658,15.6616,0.111678,athlete
89a8100e39bffff,89a8100e383ffff,1393380693,9521965871,9.1009,0.57038,athlete
89a8100e39bffff,89a8100e387ffff,1393380693,8953251344,12.2845,0.324405,athlete
89a8100e39bffff,89a8100e38bffff,1393380693,12505567548,7.3999,0.698585,athlete
89a8100e39bffff,89a8100e38fffff,1393380693,9537001559,11.2287,0.404097,athlete
89a8100e39bffff,89a8100e393ffff,1393380693,1393381000,5.0179,0.852555,athlete
89a8100e39bffff,89a8100e39bffff,1393380693,1393380693,0.7414,0.996613,athlete
89a8100e39bffff,89a8100e3bbffff,1393380693,13305140303,16.7681,0.063058,athlete
89a8100e39bffff,89a8100e3c3ffff,1393380693,9509169514,14.8937,0.152401,athlete
89a8100e39bffff,89a8100e3c7ffff,1393380693,9532804243,12.4955,0.308985,athlete
89a8100e39bffff,89a8100e3cfffff,1393380693,9509243980,17.2125,0.047169,athlete
89a8100e39bffff,89a8100e3d3ffff,1393380693,9517170654,13.6918,0.226029,athlete
89a8100e39bffff,89a8100e3d7ffff,1393380693,9503196643,11.9858,0.346549,athlete
89a8100e39bffff,89a8100e3dbffff,1393380693,9517279686,19.0586,0.005457,athlete
89a8100e3abffff,89a8100e303ffff,6697913344,1393379394,15.3294,0.128635,athlete
89a8100e3abffff,89a8100e307ffff,6697913344,2277870854,8.1972,0.639707,athlete
89a8100e3abffff,89a8100e30bffff,6697913344,12492914735,17.8296,0.028776,athlete
89a8100e3abffff,89a8100e30fffff,6697913344,8002779153,12.5712,0.303505,athlete
89a8100e3abffff,89a8100e313ffff,6697913344,9515286969,16.6269,0.068556,athlete
89a8100e3abffff,89a8100e317ffff,6697913344,304465094,5.6448,0.815992,athlete
89a8100e3abffff,89a8100e31bffff,6697913344,9545366658,16.5914,0.069975,athlete
89a8100e3abffff,89a8100e323ffff,6697913344,2277870859,13.8532,0.215513,athlete
89a8100e3abffff,89a8100e32bffff,6697913344,142777323,16.5683,0.070901,athlete
89a8100e3abffff,89a8100e333ffff,6697913344,6359663538,15.2226,0.134304,athlete
89a8100e3abffff,89a8100e33bffff,6697913344,40257098,12.3504,0.319565,athlete
89a8100e3abffff,89a8100e377ffff,6697913344,8550924518,16.2358,0.084886,athlete
89a8100e3abffff,89a8100e383ffff,6697913344,9521965871,15.5496,0.11728,athlete
89a8100e3abffff,89a8100e387ffff,6697913344,8953251344,13.9606,0.208616,athlete
89a8100e3abffff,89a8100e38bffff,6697913344,12505567548,15.7642,0.106651,athlete
89a8100e3abffff,89a8100e38fffff,6697913344,9537001559,9.5167,0.537922,athlete
89a8100e3abffff,89a8100e39bffff,6697913344,1393380693,19.0181,0.005935,athlete
89a8100e3abffff,89a8100e3abffff,6697913344,6697913344,2.0185,0.975077,athlete
89a8100e3abffff,89a8100e3bbffff,6697913344,13305140303,6.9732,0.728868,athlete
89a8100e3bbffff,89a8100e303ffff,13305140303,1393379394,15.4687,0.121396,athlete
89a8100e3bbffff,89a8100e307ffff,13305140303,2277870854,11.3112,0.397742,athlete
89a8100e3bbffff,89a8100e30fffff,13305140303,8002779153,15.6852,0.110511,athlete
89a8100e3bbffff,89a8100e313ffff,13305140303,9515286969,13.7627,0.221386,athlete
89a8100e3bbffff,89a8100e317ffff,13305140303,304465094,4.2438,0.892959,athlete
89a8100e3bbffff,89a8100e31bffff,13305140303,9545366658,19.7054,0.000535,athlete
89a8100e3bbffff,89a8100e323ffff,13305140303,2277870859,16.9672,0.055671,athlete
89a8100e3bbffff,89a8100e32bffff,13305140303,142777323,19.6824,0.000622,athlete
89a8100e3bbffff,89a8100e333ffff,13305140303,6359663538,18.3366,0.01697,athlete
89a8100e3bbffff,89a8100e33bffff,13305140303,40257098,15.4645,0.121616,athlete
89a8100e3bbffff,89a8100e377ffff,13305140303,8550924518,19.3498,0.002605,athlete
89a8100e3bbffff,89a8100e383ffff,13305140303,9521965871,12.2446,0.327341,athlete
89a8100e3bbffff,89a8100e387ffff,13305140303,8953251344,10.4916,0.461428,athlete
89a8100e3bbffff,89a8100e38bffff,13305140303,12505567548,12.4592,0.31162,athlete
89a8100e3bbffff,89a8100e38fffff,13305140303,9537001559,6.2117,0.780281,athlete
89a8100e3bbffff,89a8100e393ffff,13305140303,1393381000,19.9849,1e-06,athlete
89a8100e3bbffff,89a8100e39bffff,13305140303,1393380693,15.7131,0.10914,athlete
89a8100e3bbffff,89a8100e3abffff,13305140303,6697913344,6.5957,0.75481,athlete
89a8100e3bbffff,89a8100e3bbffff,13305140303,13305140303,2.9665,0.946692,athlete
89a8100e3bbffff,89a8100e3c7ffff,13305140303,9532804243,18.9317,0.007024,athlete
89a8100e3bbffff,89a8100e3d7ffff,13305140303,9503196643,19.5884,0.001044,athlete
89a8100e3c3ffff,89a8100e06fffff,9509169514,3416576930,9.043,0.574878,athlete
89a8100e3c3ffff,89a8100e223ffff,9509169514,9085138924,14.5248,0.173797,athlete
89a8100e3c3ffff,89a8100e227ffff,9509169514,8943483316,12.0097,0.344764,athlete
89a8100e3c3ffff,89a8100e22fffff,9509169514,9085206286,18.0796,0.022577,athlete
89a8100e3c3ffff,89a8100e233ffff,9509169514,9083125917,15.3057,0.129885,athlete
89a8100e3c3ffff,89a8100e237ffff,9509169514,9496451280,8.4034,0.624085,athlete
89a8100e3c3ffff,89a8100e23bffff,9509169514,12911190024,17.7325,0.031382,athlete
89a8100e3c3ffff,89a8100e2a7ffff,9509169514,12831235988,10.7141,0.444035,athlete
89a8100e3c3ffff,89a8100e2abffff,9509169514,12829462717,17.9186,0.026485,athlete
89a8100e3c3ffff,89a8100e2afffff,9509169514,9465336398,12.0806,0.339487,athlete
89a8100e3c3ffff,89a8100e303ffff,9509169514,1393379394,11.7871,0.361481,athlete
89a8100e3c3ffff,89a8100e30bffff,9509169514,12492914735,16.1089,0.090524,athlete
89a8100e3c3ffff,89a8100e30fffff,9509169514,8002779153,17.6291,0.034276,athlete
89a8100e3c3ffff,89a8100e313ffff,9509169514,9515286969,12.4258,0.314056,athlete
89a8100e3c3ffff,89a8100e317ffff,9509169514,304465094,19.2951,0.003062,athlete
89a8100e3c3ffff,89a8100e31bffff,9509169514,9545366658,9.2022,0.562493,athlete
89a8100e3c3ffff,89a8100e343ffff,9509169514,8943486125,19.8457,0.000147,athlete
89a8100e3c3ffff,89a8100e347ffff,9509169514,477232281,16.2802,0.082953,athlete
89a8100e3c3ffff,89a8100e353ffff,9509169514,6945448510,12.1436,0.334802,athlete
89a8100e3c3ffff,89a8100e357ffff,9509169514,9509533701,9.8788,0.509516,athlete
89a8100e3c3ffff,89a8100e35bffff,9509169514,9546062800,15.9794,0.096445,athlete
89a8100e3c3ffff,89a8100e373ffff,9509169514,387095764,18.8795,0.007725,athlete
89a8100e3c3ffff,89a8100e383ffff,9509169514,9521965871,14.3931,0.181707,athlete
89a8100e3c3ffff,89a8100e387ffff,9509169514,8953251344,15.8394,0.103034,athlete
89a8100e3c3ffff,89a8100e38bffff,9509169514,12505567548,9.3512,0.550867,athlete
89a8100e3c3ffff,89a8100e38fffff,9509169514,9537001559,13.0802,0.267414,athlete
89a8100e3c3ffff,89a8100e393ffff,9509169514,1393381000,15.4763,0.121008,athlete
89a8100e3c3ffff,89a8100e39bffff,9509169514,1393380693,11.2046,0.405957,athlete
89a8100e3c3ffff,89a8100e3bbffff,9509169514,13305140303,18.6196,0.011708,athlete
89a8100e3c3ffff,89a8100e3c3ffff,9509169514,9509169514,0.2442,0.999632,athlete
89a8100e3c3ffff,89a8100e3c7ffff,9509169514,9532804243,5.6505,0.815648,athlete
89a8100e3c3ffff,89a8100e3cbffff,9509169514,9523090342,5.9049,0.799904,athlete
89a8100e3c3ffff,89a8100e3cfffff,9509169514,9509243980,4.7548,0.866904,athlete
89a8100e3c3ffff,89a8100e3d3ffff,9509169514,9517170654,9.0708,0.57272,athlete
89a8100e3c3ffff,89a8100e3d7ffff,9509169514,9503196643,4.6344,0.873266,athlete
89a8100e3c3ffff,89a8100e3dbffff,9509169514,9517279686,5.8954,0.800498,athlete
89a8100e3c7ffff,89a8100e06fffff,9532804243,3416576930,9.7757,0.517613,athlete
89a8100e3c7ffff,89a8100e223ffff,9532804243,9085138924,19.465,0.001764,athlete
89a8100e3c7ffff,89a8100e227ffff,9532804243,8943483316,15.0914,0.141409,athlete
89a8100e3c7ffff,89a8100e237ffff,9532804243,9496451280,14.6787,0.164731,athlete
89a8100e3c7ffff,89a8100e2a7ffff,9532804243,12831235988,17.1778,0.04833,athlete
89a8100e3c7ffff,89a8100e2afffff,9532804243,9465336398,18.5443,0.013014,athlete
89a8100e3c7ffff,89a8100e303ffff,9532804243,1393379394,9.3456,0.55131,athlete
89a8100e3c7ffff,89a8100e307ffff,9532804243,2277870854,17.4215,0.040454,athlete
89a8100e3c7ffff,89a8100e30bffff,9532804243,12492914735,14.4613,0.177595,athlete
89a8100e3c7ffff,89a8100e30fffff,9532804243,8002779153,13.8125,0.218147,athlete
89a8100e3c7ffff,89a8100e313ffff,9532804243,9515286969,10.4983,0.4609,athlete
89a8100e3c7ffff,89a8100e317ffff,9532804243,304465094,17.3676,0.042139,athlete
89a8100e3c7ffff,89a8100e31bffff,9532804243,9545366658,10.126,0.490105,athlete
89a8100e3c7ffff,89a8100e32bffff,9532804243,142777323,19.2727,0.00326,athlete
89a8100e3c7ffff,89a8100e33bffff,9532804243,40257098,18.6192,0.011715,athlete
89a8100e3c7ffff,89a8100e347ffff,9532804243,477232281,18.2678,0.018395,athlete
89a8100e3c7ffff,89a8100e353ffff,9532804243,6945448510,14.1312,0.197832,athlete
89a8100e3c7ffff,89a8100e357ffff,9532804243,9509533701,11.8664,0.355502,athlete
89a8100e3c7ffff,89a8100e35bffff,9532804243,9546062800,18.4383,0.01497,athlete
89a8100e3c7ffff,89a8100e373ffff,9532804243,387095764,18.4214,0.015294,athlete
89a8100e3c7ffff,89a8100e377ffff,9532804243,8550924518,18.8319,0.008393,athlete
89a8100e3c7ffff,89a8100e383ffff,9532804243,9521965871,12.4656,0.311155,athlete
89a8100e3c7ffff,89a8100e387ffff,9532804243,8953251344,13.9119,0.211731,athlete
89a8100e3c7ffff,89a8100e38bffff,9532804243,12505567548,7.4238,0.696859,athlete
89a8100e3c7ffff,89a8100e38fffff,9532804243,9537001559,11.1527,0.409961,athlete
89a8100e3c7ffff,89a8100e393ffff,9532804243,1393381000,13.5488,0.235487,athlete
89a8100e3c7ffff,89a8100e39bffff,9532804243,1393380693,9.2771,0.556653,athlete
89a8100e3c7ffff,89a8100e3abffff,9532804243,6697913344,18.8782,0.007742,athlete
89a8100e3c7ffff,89a8100e3bbffff,9532804243,13305140303,16.6921,0.065991,athlete
89a8100e3c7ffff,89a8100e3c3ffff,9532804243,9509169514,6.708,0.747183,athlete
89a8100e3c7ffff,89a8100e3c7ffff,9532804243,9532804243,0.8158,0.9959,athlete
89a8100e3c7ffff,89a8100e3cbffff,9532804243,9523090342,8.8075,0.593109,athlete
89a8100e3c7ffff,89a8100e3cfffff,9532804243,9509243980,6.5801,0.755866,athlete
89a8100e3c7ffff,89a8100e3d3ffff,9532804243,9517170654,11.0928,0.414594,athlete
89a8100e3c7ffff,89a8100e3d7ffff,9532804243,9503196643,5.3533,0.833396,athlete
89a8100e3c7ffff,89a8100e3dbffff,9532804243,9517279686,12.3592,0.318922,athlete
89a8100e3cbffff,89a8100c493ffff,9523090342,9089875466,19.1671,0.004273,athlete
89a8100e3cbffff,89a8100c497ffff,9523090342,9532442497,18.161,0.020716,athlete
89a8100e3cbffff,89a8100e06fffff,9523090342,3416576930,14.7462,0.160818,athlete
89a8100e3cbffff,89a8100e207ffff,9523090342,9078104201,19.5474,0.001263,athlete
89a8100e3cbffff,89a8100e223ffff,9523090342,9085138924,11.203,0.406077,athlete
89a8100e3cbffff,89a8100e227ffff,9523090342,8943483316,7.1925,0.713425,athlete
89a8100e3cbffff,89a8100e22bffff,9523090342,9111245172,17.4439,0.039763,athlete
89a8100e3cbffff,89a8100e22fffff,9523090342,9085206286,13.2829,0.253435,athlete
89a8100e3cbffff,89a8100e233ffff,9523090342,9083125917,13.1377,0.263422,athlete
89a8100e3cbffff,89a8100e237ffff,9523090342,9496451280,6.7643,0.743332,athlete
89a8100e3cbffff,89a8100e23bffff,9523090342,12911190024,15.205,0.135248,athlete
89a8100e3cbffff,89a8100e2a7ffff,9523090342,12831235988,10.768,0.43983,athlete
89a8100e3cbffff,89a8100e2abffff,9523090342,12829462717,16.8616,0.059535,athlete
89a8100e3cbffff,89a8100e2afffff,9523090342,9465336398,11.0236,0.419956,athlete
89a8100e3cbffff,89a8100e303ffff,9523090342,1393379394,13.2665,0.254556,athlete
89a8100e3cbffff,89a8100e30bffff,9523090342,12492914735,17.0162,0.053919,athlete
89a8100e3cbffff,89a8100e30fffff,9523090342,8002779153,18.5364,0.013156,athlete
89a8100e3cbffff,89a8100e313ffff,9523090342,9515286969,17.553,0.036483,athlete
89a8100e3cbffff,89a8100e31bffff,9523090342,9545366658,10.1096,0.491394,athlete
89a8100e3cbffff,89a8100e343ffff,9523090342,8943486125,15.2864,0.130906,athlete
89a8100e3cbffff,89a8100e347ffff,9523090342,477232281,16.8381,0.060415,athlete
89a8100e3cbffff,89a8100e34bffff,9523090342,389063239,16.9278,0.057099,athlete
89a8100e3cbffff,89a8100e353ffff,9523090342,6945448510,8.8667,0.588543,athlete
89a8100e3cbffff,89a8100e357ffff,9523090342,9509533701,10.7862,0.43841,athlete
89a8100e3cbffff,89a8100e35bffff,9523090342,9546062800,11.4201,0.389392,athlete
89a8100e3cbffff,89a8100e373ffff,9523090342,387095764,19.7868,0.00028,athlete
89a8100e3cbffff,89a8100e383ffff,9523090342,9521965871,19.5203,0.001419,athlete
89a8100e3cbffff,89a8100e38bffff,9523090342,12505567548,14.4784,0.176566,athlete
89a8100e3cbffff,89a8100e38fffff,9523090342,9537001559,18.2074,0.019692,athlete
89a8100e3cbffff,89a8100e39bffff,9523090342,1393380693,16.3318,0.080731,athlete
89a8100e3cbffff,89a8100e3c3ffff,9523090342,9509169514,5.9788,0.79524,athlete
89a8100e3cbffff,89a8100e3c7ffff,9523090342,9532804243,8.0814,0.648414,athlete
89a8100e3cbffff,89a8100e3cbffff,9523090342,9523090342,0.4041,0.998993,athlete
89a8100e3cbffff,89a8100e3cfffff,9523090342,9509243980,6.2343,0.778809,athlete
89a8100e3cbffff,89a8100e3d3ffff,9523090342,9517170654,11.9585,0.348596,athlete
89a8100e3cbffff,89a8100e3d7ffff,9523090342,9503196643,10.3375,0.473502,athlete
89a8100e3cbffff,89a8100e3dbffff,9523090342,9517279686,5.9392,0.797741,athlete
89a8100e3cfffff,89a8100c497ffff,9509243980,9532442497,19.4736,0.001708,athlete
89a8100e3cfffff,89a8100e06fffff,9509243980,3416576930,14.3321,0.185418,athlete
89a8100e3cfffff,89a8100e223ffff,9509243980,9085138924,17.2655,0.04542,athlete
89a8100e3cfffff,89a8100e227ffff,9509243980,8943483316,9.7432,0.520167,athlete
89a8100e3cfffff,89a8100e22fffff,9509243980,9085206286,14.8329,0.155849,athlete
89a8100e3cfffff,89a8100e233ffff,9509243980,9083125917,19.2002,0.003941,athlete
89a8100e3cfffff,89a8100e237ffff,9509243980,9496451280,13.0555,0.269127,athlete
89a8100e3cfffff,89a8100e2a7ffff,9509243980,12831235988,16.4887,0.074144,athlete
89a8100e3cfffff,89a8100e2afffff,9509243980,9465336398,17.3543,0.04256,athlete
89a8100e3cfffff,89a8100e303ffff,9509243980,1393379394,7.8021,0.669213,athlete
89a8100e3cfffff,89a8100e307ffff,9509243980,2277870854,17.4539,0.039459,athlete
89a8100e3cfffff,89a8100e30bffff,9509243980,12492914735,12.3247,0.32145,athlete
89a8100e3cfffff,89a8100e30fffff,9509243980,8002779153,13.8448,0.216052,athlete
89a8100e3cfffff,89a8100e313ffff,9509243980,9515286969,14.0653,0.201972,athlete
89a8100e3cfffff,89a8100e317ffff,9509243980,304465094,16.6932,0.065949,athlete
89a8100e3cfffff,89a8100e31bffff,9509243980,9545366658,5.418,0.829593,athlete
89a8100e3cfffff,89a8100e32bffff,9509243980,142777323,19.305,0.002976,athlete
89a8100e3cfffff,89a8100e33bffff,9509243980,40257098,18.6515,0.011175,athlete
89a8100e3cfffff,89a8100e343ffff,9509243980,8943486125,16.2329,0.085011,athlete
89a8100e3cfffff,89a8100e347ffff,9509243980,477232281,12.496,0.30895,athlete
89a8100e3cfffff,89a8100e34bffff,9509243980,389063239,18.189,0.020095,athlete
89a8100e3cfffff,89a8100e353ffff,9509243980,6945448510,8.3594,0.627429,athlete
89a8100e3cfffff,89a8100e357ffff,9509243980,9509533701,6.0946,0.787848,athlete
89a8100e3cfffff,89a8100e35bffff,9509243980,9546062800,12.7327,0.291908,athlete
89a8100e3cfffff,89a8100e373ffff,9509243980,387095764,15.0952,0.141197,athlete
89a8100e3cfffff,89a8100e377ffff,9509243980,8550924518,18.8643,0.007936,athlete
89a8100e3cfffff,89a8100e37bffff,9509243980,8943221373,18.1976,0.019906,athlete
89a8100e3cfffff,89a8100e383ffff,9509243980,9521965871,17.9372,0.026019,athlete
89a8100e3cfffff,89a8100e387ffff,9509243980,8953251344,19.3835,0.002343,athlete
89a8100e3cfffff,89a8100e38bffff,9509243980,12505567548,12.8953,0.28036,athlete
89a8100e3cfffff,89a8100e38fffff,9509243980,9537001559,16.6243,0.068662,athlete
89a8100e3cfffff,89a8100e393ffff,9509243980,1393381000,19.0204,0.005908,athlete
89a8100e3cfffff,89a8100e39bffff,9509243980,1393380693,14.7487,0.160676,athlete
89a8100e3cfffff,89a8100e3abffff,9509243980,6697913344,18.9106,0.007303,athlete
89a8100e3cfffff,89a8100e3c3ffff,9509243980,9509169514,6.2988,0.774592,athlete
89a8100e3cfffff,89a8100e3c7ffff,9509243980,9532804243,6.3547,0.77091,athlete
89a8100e3cfffff,89a8100e3cbffff,9509243980,9523090342,6.7823,0.742097,athlete
89a8100e3cfffff,89a8100e3cfffff,9509243980,9509243980,0.7699,0.996348,athlete
89a8100e3cfffff,89a8100e3d3ffff,9509243980,9517170654,14.9194,0.150949,athlete
89a8100e3cfffff,89a8100e3d7ffff,9509243980,9503196643,9.9234,0.506017,athlete
89a8100e3cfffff,89a8100e3dbffff,9509243980,9517279686,11.6701,0.370333,athlete
89a8100e3d3ffff,89a8100e06fffff,9517170654,3416576930,6.2086,0.780482,athlete
89a8100e3d3ffff,89a8100e227ffff,9517170654,8943483316,17.7006,0.032261,athlete
89a8100e3d3ffff,89a8100e233ffff,9517170654,9083125917,17.0835,0.051557,athlete
89a8100e3d3ffff,89a8100e237ffff,9517170654,9496451280,14.0246,0.204545,athlete
89a8100e3d3ffff,89a8100e2a7ffff,9517170654,12831235988,10.7066,0.444618,athlete
89a8100e3d3ffff,89a8100e2abffff,9517170654,12829462717,18.5166,0.013513,athlete
89a8100e3d3ffff,89a8100e2afffff,9517170654,9465336398,12.6785,0.295784,athlete
89a8100e3d3ffff,89a8100e313ffff,9517170654,9515286969,17.5168,0.037556,athlete
89a8100e3d3ffff,89a8100e31bffff,9517170654,9545366658,18.2556,0.018653,athlete
89a8100e3d3ffff,89a8100e357ffff,9517170654,9509533701,18.9322,0.007017,athlete
89a8100e3d3ffff,89a8100e383ffff,9517170654,9521965871,15.9659,0.097073,athlete
89a8100e3d3ffff,89a8100e387ffff,9517170654,8953251344,19.1494,0.004456,athlete
89a8100e3d3ffff,89a8100e38bffff,9517170654,12505567548,14.2637,0.189609,athlete
89a8100e3d3ffff,89a8100e38fffff,9517170654,9537001559,18.0925,0.022276,athlete
89a8100e3d3ffff,89a8100e393ffff,9517170654,1393381000,16.8484,0.060027,athlete
89a8100e3d3ffff,89a8100e39bffff,9517170654,1393380693,12.5767,0.303107,athlete
89a8100e3d3ffff,89a8100e3c3ffff,9517170654,9509169514,9.8529,0.511552,athlete
89a8100e3d3ffff,89a8100e3c7ffff,9517170654,9532804243,13.0327,0.270719,athlete
89a8100e3d3ffff,89a8100e3cbffff,9517170654,9523090342,12.0183,0.344124,athlete
89a8100e3d3ffff,89a8100e3cfffff,9517170654,9509243980,13.8082,0.218426,athlete
89a8100e3d3ffff,89a8100e3d3ffff,9517170654,9517170654,1.1612,0.991705,athlete
89a8100e3d3ffff,89a8100e3d7ffff,9517170654,9503196643,8.3686,0.62673,athlete
89a8100e3d3ffff,89a8100e3dbffff,9517170654,9517279686,8.8755,0.587861,athlete
89a8100e3d7ffff,89a8100e06fffff,9503196643,3416576930,5.8811,0.801393,athlete
89a8100e3d7ffff,89a8100e227ffff,9503196643,8943483316,18.016,0.024086,athlete
89a8100e3d7ffff,89a8100e233ffff,9503196643,9083125917,19.9977,0.0,athlete
89a8100e3d7ffff,89a8100e237ffff,9503196643,9496451280,14.4096,0.180705,athlete
89a8100e3d7ffff,89a8100e2a7ffff,9503196643,12831235988,13.8117,0.218198,athlete
89a8100e3d7ffff,89a8100e2afffff,9503196643,9465336398,15.5927,0.11511,athlete
89a8100e3d7ffff,89a8100e303ffff,9503196643,1393379394,14.0794,0.201082,athlete
89a8100e3d7ffff,89a8100e30bffff,9503196643,12492914735,18.7604,0.009449,athlete
89a8100e3d7ffff,89a8100e30fffff,9503196643,8002779153,17.6871,0.032637,athlete
89a8100e3d7ffff,89a8100e313ffff,9503196643,9515286969,12.2905,0.323961,athlete
89a8100e3d7ffff,89a8100e317ffff,9503196643,304465094,19.1598,0.004349,athlete
89a8100e3d7ffff,89a8100e31bffff,9503196643,9545366658,14.4251,0.179769,athlete
89a8100e3d7ffff,89a8100e353ffff,9503196643,6945448510,17.8782,0.027515,athlete
89a8100e3d7ffff,89a8100e357ffff,9503196643,9509533701,15.6134,0.114075,athlete
89a8100e3d7ffff,89a8100e383ffff,9503196643,9521965871,13.2807,0.253591,athlete
89a8100e3d7ffff,89a8100e387ffff,9503196643,8953251344,15.7041,0.109584,athlete
89a8100e3d7ffff,89a8100e38bffff,9503196643,12505567548,9.2159,0.561425,athlete
89a8100e3d7ffff,89a8100e38fffff,9503196643,9537001559,12.9449,0.276872,athlete
89a8100e3d7ffff,89a8100e393ffff,9503196643,1393381000,14.1632,0.195834,athlete
89a8100e3d7ffff,89a8100e39bffff,9503196643,1393380693,9.8915,0.508522,athlete
89a8100e3d7ffff,89a8100e3bbffff,9503196643,13305140303,18.4843,0.014104,athlete
89a8100e3d7ffff,89a8100e3c3ffff,9503196643,9509169514,6.585,0.755537,athlete
89a8100e3d7ffff,89a8100e3c7ffff,9503196643,9532804243,6.1809,0.782283,athlete
89a8100e3d7ffff,89a8100e3cbffff,9503196643,9523090342,12.0765,0.339786,athlete
89a8100e3d7ffff,89a8100e3cfffff,9503196643,9509243980,10.327,0.474327,athlete
89a8100e3d7ffff,89a8100e3d3ffff,9503196643,9517170654,7.1982,0.713016,athlete
89a8100e3d7ffff,89a8100e3d7ffff,9503196643,9503196643,1.2908,0.989758,athlete
89a8100e3d7ffff,89a8100e3dbffff,9503196643,9517279686,9.4076,0.546464,athlete
89a8100e3dbffff,89a8100e06fffff,9517279686,3416576930,11.8529,0.356517,athlete
89a8100e3dbffff,89a8100e207ffff,9517279686,9078104201,15.6296,0.113267,athlete
89a8100e3dbffff,89a8100e20fffff,9517279686,9509342521,19.4243,0.002043,athlete
89a8100e3dbffff,89a8100e223ffff,9517279686,9085138924,11.9652,0.348092,athlete
89a8100e3dbffff,89a8100e227ffff,9517279686,8943483316,9.5198,0.537676,athlete
89a8100e3dbffff,89a8100e22bffff,9517279686,9111245172,18.2061,0.019719,athlete
89a8100e3dbffff,89a8100e22fffff,9517279686,9085206286,15.7231,0.108654,athlete
89a8100e3dbffff,89a8100e233ffff,9517279686,9083125917,11.3772,0.392675,athlete
89a8100e3dbffff,89a8100e237ffff,9517279686,9496451280,5.8438,0.803726,athlete
89a8100e3dbffff,89a8100e23bffff,9517279686,12911190024,15.1729,0.136975,athlete
89a8100e3dbffff,89a8100e2a7ffff,9517279686,12831235988,5.5601,0.821118,athlete
89a8100e3dbffff,89a8100e2abffff,9517279686,12829462717,12.8103,0.286382,athlete
89a8100e3dbffff,89a8100e2afffff,9517279686,9465336398,6.9722,0.728941,athlete
89a8100e3dbffff,89a8100e303ffff,9517279686,1393379394,16.2967,0.082237,athlete
89a8100e3dbffff,89a8100e313ffff,9517279686,9515286969,17.4908,0.038338,athlete
89a8100e3dbffff,89a8100e31bffff,9517279686,9545366658,13.7119,0.224707,athlete
89a8100e3dbffff,89a8100e343ffff,9517279686,8943486125,18.1677,0.020567,athlete
89a8100e3dbffff,89a8100e34bffff,9517279686,389063239,19.7975,0.000253,athlete
89a8100e3dbffff,89a8100e353ffff,9517279686,6945448510,12.8018,0.286983,athlete
89a8100e3dbffff,89a8100e357ffff,9517279686,9509533701,14.3885,0.181983,athlete
89a8100e3dbffff,89a8100e35bffff,9517279686,9546062800,14.2897,0.188009,athlete
89a8100e3dbffff,89a8100e383ffff,9517279686,9521965871,19.2524,0.003443,athlete
89a8100e3dbffff,89a8100e38bffff,9517279686,12505567548,14.4162,0.180309,athlete
89a8100e3dbffff,89a8100e38fffff,9517279686,9537001559,18.1451,0.021073,athlete
89a8100e3dbffff,89a8100e39bffff,9517279686,1393380693,15.8633,0.101896,athlete
89a8100e3dbffff,89a8100e3c3ffff,9517279686,9509169514,5.3092,0.835971,athlete
89a8100e3dbffff,89a8100e3c7ffff,9517279686,9532804243,10.6107,0.452112,athlete
89a8100e3dbffff,89a8100e3cbffff,9517279686,9523090342,4.4181,0.884349,athlete
89a8100e3dbffff,89a8100e3cfffff,9517279686,9509243980,9.2645,0.557637,athlete
89a8100e3dbffff,89a8100e3d3ffff,9517279686,9517170654,7.4648,0.693891,athlete
89a8100e3dbffff,89a8100e3d7ffff,9517279686,9503196643,9.0778,0.572178,athlete
89a8100e3dbffff,89a8100e3dbffff,9517279686,9517279686,0.6604,0.997312,athlete
89a8100f127ffff,89a8100c41bffff,413363270,467763633,19.0518,0.005536,athlete
89a8100f127ffff,89a8100c443ffff,413363270,4947151527,16.0445,0.093447,athlete
89a8100f127ffff,89a8100c44bffff,413363270,466938136,16.4207,0.076966,athlete
89a8100f127ffff,89a8100c453ffff,413363270,467820559,9.9122,0.506898,athlete
89a8100f127ffff,89a8100c457ffff,413363270,467820599,16.8538,0.059827,athlete
89a8100f127ffff,89a8100c45bffff,413363270,467820516,13.0539,0.269242,athlete
89a8100f127ffff,89a8100c4c3ffff,413363270,4947385383,12.193,0.331148,athlete
89a8100f127ffff,89a8100c4c7ffff,413363270,1467730305,16.9376,0.056742,athlete
89a8100f127ffff,89a8100c4cbffff,413363270,467842583,6.7677,0.743097,athlete
89a8100f127ffff,89a8100c4cfffff,413363270,467763429,12.9265,0.278166,athlete
89a8100f127ffff,89a8100c4d3ffff,413363270,9562600840,19.3243,0.002813,athlete
89a8100f127ffff,89a8100c4d7ffff,413363270,9562334166,17.9165,0.026538,athlete
89a8100f127ffff,89a8100c4dbffff,413363270,6634220130,7.4216,0.697014,athlete
89a8100f127ffff,89a8100e26bffff,413363270,9528567209,17.0365,0.053203,athlete
89a8100f127ffff,89a8100f127ffff,413363270,413363270,0.3432,0.999274,athlete
89a8100f127ffff,89a8100f137ffff,413363270,413363599,5.3847,0.831556,athlete
89a8100f127ffff,89a8100f1a3ffff,413363270,7288855586,18.7893,0.009014,athlete
89a8100f127ffff,89a8100f1a7ffff,413363270,8941348148,11.9416,0.349861,athlete
89a8100f127ffff,89a8100f1afffff,413363270,413363541,17.0127,0.054044,athlete
89a8100f127ffff,89a8100f1b7ffff,413363270,1489531937,16.577,0.070551,athlete
89a8100f137ffff,89a8100c443ffff,413363599,4947151527,19.0239,0.005866,athlete
89a8100f137ffff,89a8100c44bffff,413363599,466938136,19.4001,0.002218,athlete
89a8100f137ffff,89a8100c453ffff,413363599,467820559,12.661,0.297041,athlete
89a8100f137ffff,89a8100c457ffff,413363599,467820599,19.6026,0.000974,athlete
89a8100f137ffff,89a8100c45bffff,413363599,467820516,16.0333,0.093961,athlete
89a8100f137ffff,89a8100c4c3ffff,413363599,4947385383,14.9418,0.149694,athlete
89a8100f137ffff,89a8100c4c7ffff,413363599,1467730305,19.6864,0.000606,athlete
89a8100f137ffff,89a8100c4cbffff,413363599,467842583,9.5165,0.537938,athlete
89a8100f137ffff,89a8100c4cfffff,413363599,467763429,15.6753,0.111003,athlete
89a8100f137ffff,89a8100c4d3ffff,413363599,9562600840,18.5594,0.012747,athlete
89a8100f137ffff,89a8100c4d7ffff,413363599,9562334166,18.0716,0.022763,athlete
89a8100f137ffff,89a8100c4dbffff,413363599,6634220130,8.8089,0.593,athlete
89a8100f137ffff,89a8100e26bffff,413363599,9528567209,16.2716,0.083326,athlete
89a8100f137ffff,89a8100f127ffff,413363599,413363270,5.6718,0.814346,athlete
89a8100f137ffff,89a8100f137ffff,413363599,413363599,0.2562,0.999595,athlete
89a8100f137ffff,89a8100f1a3ffff,413363599,7288855586,18.0244,0.023883,athlete
89a8100f137ffff,89a8100f1a7ffff,413363599,8941348148,11.1767,0.408109,athlete
89a8100f137ffff,89a8100f1afffff,413363599,413363541,16.2478,0.084361,athlete
89a8100f137ffff,89a8100f1b7ffff,413363599,1489531937,15.8121,0.104341,athlete
89a8100f1a3ffff,89a8100c4c3ffff,7288855586,4947385383,17.1241,0.050158,athlete
89a8100f1a3ffff,89a8100c4cbffff,7288855586,467842583,15.0458,0.143912,athlete
89a8100f1a3ffff,89a8100c4cfffff,7288855586,467763429,19.982,2e-06,athlete
89a8100f1a3ffff,89a8100c4d3ffff,7288855586,9562600840,16.6012,0.069581,athlete
89a8100f1a3ffff,89a8100c4d7ffff,7288855586,9562334166,18.8427,0.008238,athlete
89a8100f1a3ffff,89a8100c4dbffff,7288855586,6634220130,9.7939,0.516184,athlete
89a8100f1a3ffff,89a8100e243ffff,7288855586,1538576134,15.1503,0.1382,athlete
89a8100f1a3ffff,89a8100e247ffff,7288855586,9546511598,12.6275,0.299444,athlete
89a8100f1a3ffff,89a8100e24bffff,7288855586,467944723,15.079,0.142087,athlete
89a8100f1a3ffff,89a8100e24fffff,7288855586,467944912,10.2891,0.4773,athlete
89a8100f1a3ffff,89a8100e257ffff,7288855586,370857290,16.1935,0.086746,athlete
89a8100f1a3ffff,89a8100e263ffff,7288855586,9560517151,15.7099,0.1093,athlete
89a8100f1a3ffff,89a8100e26bffff,7288855586,9528567209,11.0065,0.421279,athlete
89a8100f1a3ffff,89a8100e26fffff,7288855586,9562570594,18.3757,0.016187,athlete
89a8100f1a3ffff,89a8100e273ffff,7288855586,9512718996,19.9613,9e-06,athlete
89a8100f1a3ffff,89a8100e27bffff,7288855586,12911199240,12.417,0.314694,athlete
89a8100f1a3ffff,89a8100f127ffff,7288855586,413363270,15.0447,0.143971,athlete
89a8100f1a3ffff,89a8100f137ffff,7288855586,413363599,13.9927,0.206571,athlete
89a8100f1a3ffff,89a8100f1a3ffff,7288855586,7288855586,0.6708,0.997227,athlete
89a8100f1a3ffff,89a8100f1a7ffff,7288855586,8941348148,6.4501,0.764581,athlete
89a8100f1a3ffff,89a8100f1afffff,7288855586,413363541,7.1463,0.716695,athlete
89a8100f1a3ffff,89a8100f1b3ffff,7288855586,4619786697,8.9215,0.584302,athlete
89a8100f1a3ffff,89a8100f1b7ffff,7288855586,1489531937,4.507,0.879848,athlete
89a8100f1a7ffff,89a8100c453ffff,8941348148,467820559,17.0917,0.051273,athlete
89a8100f1a7ffff,89a8100c49bffff,8941348148,9562434245,17.4029,0.041033,athlete
89a8100f1a7ffff,89a8100c4c3ffff,8941348148,4947385383,12.4483,0.312414,athlete
89a8100f1a7ffff,89a8100c4c7ffff,8941348148,1467730305,16.7584,0.063432,athlete
89a8100f1a7ffff,89a8100c4cbffff,8941348148,467842583,10.5638,0.45578,athlete
89a8100f1a7ffff,89a8100c4cfffff,8941348148,467763429,15.3062,0.129855,athlete
89a8100f1a7ffff,89a8100c4d3ffff,8941348148,9562600840,10.7319,0.44264,athlete
89a8100f1a7ffff,89a8100c4d7ffff,8941348148,9562334166,14.0343,0.20393,athlete
89a8100f1a7ffff,89a8100c4dbffff,8941348148,6634220130,5.3119,0.835817,athlete
89a8100f1a7ffff,89a8100e243ffff,8941348148,1538576134,15.3707,0.126471,athlete
89a8100f1a7ffff,89a8100e247ffff,8941348148,9546511598,10.5243,0.458869,athlete
89a8100f1a7ffff,89a8100e24bffff,8941348148,467944723,17.3948,0.041286,athlete
89a8100f1a7ffff,89a8100e24fffff,8941348148,467944912,10.5095,0.460024,athlete
89a8100f1a7ffff,89a8100e257ffff,8941348148,370857290,14.0903,0.2004,athlete
89a8100f1a7ffff,89a8100e263ffff,8941348148,9560517151,12.5712,0.303503,athlete
89a8100f1a7ffff,89a8100e267ffff,8941348148,9560548910,17.8446,0.028384,athlete
89a8100f1a7ffff,89a8100e26bffff,8941348148,9528567209,6.5754,0.75618,athlete
89a8100f1a7ffff,89a8100e26fffff,8941348148,9562570594,13.6747,0.227151,athlete
89a8100f1a7ffff,89a8100e273ffff,8941348148,9512718996,16.8226,0.060993,athlete
89a8100f1a7ffff,89a8100e277ffff,8941348148,9175432224,19.4244,0.002042,athlete
89a8100f1a7ffff,89a8100e27bffff,8941348148,12911199240,9.8121,0.514752,athlete
89a8100f1a7ffff,89a8100f127ffff,8941348148,413363270,11.2818,0.400004,athlete
89a8100f1a7ffff,89a8100f137ffff,8941348148,413363599,10.2298,0.481955,athlete
89a8100f1a7ffff,89a8100f1a3ffff,8941348148,7288855586,9.965,0.502747,athlete
89a8100f1a7ffff,89a8100f1a7ffff,8941348148,8941348148,0.5809,0.99792,athlete
89a8100f1a7ffff,89a8100f1afffff,8941348148,413363541,8.6352,0.606368,athlete
89a8100f1a7ffff,89a8100f1b3ffff,8941348148,4619786697,11.8723,0.35506,athlete
89a8100f1a7ffff,89a8100f1b7ffff,8941348148,1489531937,6.1268,0.785776,athlete
89a8100f1afffff,89a8100c4c3ffff,413363541,4947385383,17.1838,0.048129,athlete
89a8100f1afffff,89a8100c4cbffff,413363541,467842583,15.1056,0.140633,athlete
89a8100f1afffff,89a8100c4d3ffff,413363541,9562600840,16.661,0.067212,athlete
89a8100f1afffff,89a8100c4d7ffff,413363541,9562334166,18.9025,0.007412,athlete
89a8100f1afffff,89a8100c4dbffff,413363541,6634220130,9.8537,0.511493,athlete
89a8100f1afffff,89a8100e243ffff,413363541,1538576134,19.1534,0.004415,athlete
89a8100f1afffff,89a8100e247ffff,413363541,9546511598,15.2108,0.134936,athlete
89a8100f1afffff,89a8100e24fffff,413363541,467944912,14.2922,0.187856,athlete
89a8100f1afffff,89a8100e257ffff,413363541,370857290,18.7768,0.009201,athlete
89a8100f1afffff,89a8100e263ffff,413363541,9560517151,17.2647,0.045447,athlete
89a8100f1afffff,89a8100e26bffff,413363541,9528567209,11.3361,0.395829,athlete
89a8100f1afffff,89a8100e26fffff,413363541,9562570594,18.4354,0.015024,athlete
89a8100f1afffff,89a8100e27bffff,413363541,12911199240,14.4986,0.175357,athlete
89a8100f1afffff,89a8100f127ffff,413363541,413363270,15.1045,0.140692,athlete
89a8100f1afffff,89a8100f137ffff,413363541,413363599,14.0525,0.202784,athlete
89a8100f1afffff,89a8100f1a3ffff,413363541,7288855586,9.1186,0.569002,athlete
89a8100f1afffff,89a8100f1a7ffff,413363541,8941348148,6.5099,0.760588,athlete
89a8100f1afffff,89a8100f1afffff,413363541,413363541,0.892,0.9951,athlete
89a8100f1afffff,89a8100f1b3ffff,413363541,4619786697,14.1512,0.196581,athlete
89a8100f1afffff,89a8100f1b7ffff,413363541,1489531937,9.1973,0.562876,athlete
89a8100f1b3ffff,89a8100c4cbffff,4619786697,467842583,19.5232,0.001402,athlete
89a8100f1b3ffff,89a8100c4d3ffff,4619786697,9562600840,19.6956,0.000572,athlete
89a8100f1b3ffff,89a8100c4dbffff,4619786697,6634220130,14.2713,0.189143,athlete
89a8100f1b3ffff,89a8100e243ffff,4619786697,1538576134,10.3761,0.470477,athlete
89a8100f1b3ffff,89a8100e247ffff,4619786697,9546511598,11.1542,0.409843,athlete
89a8100f1b3ffff,89a8100e24bffff,4619786697,467944723,9.287,0.555878,athlete
89a8100f1b3ffff,89a8100e24fffff,4619786697,467944912,6.9571,0.729993,athlete
89a8100f1b3ffff,89a8100e257ffff,4619786697,370857290,14.7202,0.162321,athlete
89a8100f1b3ffff,89a8100e263ffff,4619786697,9560517151,15.2266,0.134087,athlete
89a8100f1b3ffff,89a8100e26bffff,4619786697,9528567209,10.5233,0.45895,athlete
89a8100f1b3ffff,89a8100e26fffff,4619786697,9562570594,19.2019,0.003924,athlete
89a8100f1b3ffff,89a8100e273ffff,4619786697,9512718996,19.0791,0.005222,athlete
89a8100f1b3ffff,89a8100e27bffff,4619786697,12911199240,11.9338,0.350445,athlete
89a8100f1b3ffff,89a8100f127ffff,4619786697,413363270,19.6183,0.000899,athlete
89a8100f1b3ffff,89a8100f137ffff,4619786697,413363599,18.5662,0.012627,athlete
89a8100f1b3ffff,89a8100f1a3ffff,4619786697,7288855586,11.1116,0.413135,athlete
89a8100f1b3ffff,89a8100f1a7ffff,4619786697,8941348148,9.9235,0.506007,athlete
89a8100f1b3ffff,89a8100f1afffff,4619786697,413363541,13.7016,0.225382,athlete
89a8100f1b3ffff,89a8100f1b3ffff,4619786697,4619786697,0.3042,0.999429,athlete
89a8100f1b3ffff,89a8100f1b7ffff,4619786697,1489531937,5.642,0.816161,athlete
89a8100f1b7ffff,89a8100c49bffff,1489531937,9562434245,17.8682,0.027772,athlete
89a8100f1b7ffff,89a8100c4c3ffff,1489531937,4947385383,17.0999,0.05099,athlete
89a8100f1b7ffff,89a8100c4cbffff,1489531937,467842583,15.0216,0.145246,athlete
89a8100f1b7ffff,89a8100c4cfffff,1489531937,467763429,19.9578,1.1e-05,athlete
89a8100f1b7ffff,89a8100c4d3ffff,1489531937,9562600840,15.5731,0.116095,athlete
89a8100f1b7ffff,89a8100c4d7ffff,1489531937,9562334166,18.8186,0.008585,athlete
89a8100f1b7ffff,89a8100c4dbffff,1489531937,6634220130,9.7697,0.518081,athlete
89a8100f1b7ffff,89a8100e20bffff,1489531937,9509544505,18.3532,0.016636,athlete
89a8100f1b7ffff,89a8100e243ffff,1489531937,1538576134,11.0718,0.416219,athlete
89a8100f1b7ffff,89a8100e247ffff,1489531937,9546511598,8.549,0.612974,athlete
89a8100f1b7ffff,89a8100e24bffff,1489531937,467944723,13.2935,0.252714,athlete
89a8100f1b7ffff,89a8100e24fffff,1489531937,467944912,6.2106,0.78035,athlete
89a8100f1b7ffff,89a8100e257ffff,1489531937,370857290,12.115,0.336925,athlete
89a8100f1b7ffff,89a8100e263ffff,1489531937,9560517151,12.3173,0.32199,athlete
89a8100f1b7ffff,89a8100e267ffff,1489531937,9560548910,17.7767,0.030182,athlete
89a8100f1b7ffff,89a8100e26bffff,1489531937,9528567209,7.6139,0.683043,athlete
89a8100f1b7ffff,89a8100e26fffff,1489531937,9562570594,16.2926,0.082415,athlete
89a8100f1b7ffff,89a8100e273ffff,1489531937,9512718996,16.4739,0.074754,athlete
89a8100f1b7ffff,89a8100e277ffff,1489531937,9175432224,19.1705,0.004238,athlete
89a8100f1b7ffff,89a8100e27bffff,1489531937,12911199240,10.0922,0.492763,athlete
89a8100f1b7ffff,89a8100f127ffff,1489531937,413363270,15.1167,0.140024,athlete
89a8100f1b7ffff,89a8100f137ffff,1489531937,413363599,14.0647,0.202011,athlete
89a8100f1b7ffff,89a8100f1a3ffff,1489531937,7288855586,7.6597,0.679692,athlete
89a8100f1b7ffff,89a8100f1a7ffff,1489531937,8941348148,5.422,0.829359,athlete
89a8100f1b7ffff,89a8100f1afffff,1489531937,413363541,10.2497,0.480392,athlete
89a8100f1b7ffff,89a8100f1b3ffff,1489531937,4619786697,7.136,0.717428,athlete
89a8100f1b7ffff,89a8100f1b7ffff,1489531937,1489531937,0.4285,0.998868,athlete
