source_h3_id,target_h3_id,source_node_id,target_node_id,time_min,alpha_20,profile_key
89a8100c083ffff,89a8100c083ffff,10879607506,10879607506,1.8466,0.979114,average_adult
89a8100c083ffff,89a8100c087ffff,10879607506,6359582195,13.1054,0.265662,average_adult
89a8100c083ffff,89a8100c08fffff,10879607506,12501696631,5.0638,0.84999,average_adult
89a8100c083ffff,89a8100c093ffff,10879607506,296285873,9.2719,0.557061,average_adult
89a8100c083ffff,89a8100c097ffff,10879607506,459335450,9.6126,0.530409,average_adult
89a8100c083ffff,89a8100c09bffff,10879607506,4293923366,10.986,0.422865,average_adult
89a8100c083ffff,89a8100c0b3ffff,10879607506,4293906838,14.5371,0.173064,average_adult
89a8100c083ffff,89a8100c0d7ffff,10879607506,296284684,15.1754,0.136839,average_adult
89a8100c083ffff,89a8100c427ffff,10879607506,12986505496,19.7841,0.000288,average_adult
89a8100c083ffff,89a8100c467ffff,10879607506,296285901,13.902,0.212368,average_adult
89a8100c083ffff,89a8100c46fffff,10879607506,4849813871,15.9799,0.09642,average_adult
89a8100c083ffff,89a8100c54bffff,10879607506,8944143746,16.3943,0.078077,average_adult
89a8100c083ffff,89a8100c55bffff,10879607506,12697580033,19.6865,0.000606,average_adult
89a8100c087ffff,89a8100c083ffff,6359582195,10879607506,13.8021,0.21882,average_adult
89a8100c087ffff,89a8100c087ffff,6359582195,6359582195,0.8612,0.995432,average_adult
89a8100c087ffff,89a8100c08fffff,6359582195,12501696631,16.803,0.061733,average_adult
89a8100c087ffff,89a8100c093ffff,6359582195,296285873,16.8293,0.060742,average_adult
89a8100c087ffff,89a8100c097ffff,6359582195,459335450,12.6622,0.296954,average_adult
89a8100c087ffff,89a8100c0b3ffff,6359582195,4293906838,9.316,0.553614,average_adult
89a8100c087ffff,89a8100c54bffff,6359582195,8944143746,11.1732,0.408379,average_adult
89a8100c087ffff,89a8100c55bffff,6359582195,12697580033,15.2524,0.13271,average_adult
89a8100c08bffff,89a8100c08bffff,7033857127,7033857127,1.785,0.980474,average_adult
89a8100c08bffff,89a8100c09bffff,7033857127,4293923366,19.4805,0.001664,average_adult
89a8100c08bffff,89a8100c0c3ffff,7033857127,4293920655,18.0241,0.023891,average_adult
89a8100c08bffff,89a8100c0c7ffff,7033857127,296284589,5.8462,0.803576,average_adult
89a8100c08bffff,89a8100c0d3ffff,7033857127,296284761,17.8971,0.027032,average_adult
89a8100c08bffff,89a8100c0d7ffff,7033857127,296284684,10.6512,0.448945,average_adult
89a8100c08bffff,89a8100c46fffff,7033857127,4849813871,15.7721,0.10627,average_adult
89a8100c08fffff,89a8100c083ffff,12501696631,10879607506,6.8609,0.736671,average_adult
89a8100c08fffff,89a8100c087ffff,12501696631,6359582195,17.9959,0.024572,average_adult
89a8100c08fffff,89a8100c08fffff,12501696631,12501696631,3.6657,0.919377,average_adult
89a8100c08fffff,89a8100c093ffff,12501696631,296285873,14.2733,0.189017,average_adult
89a8100c08fffff,89a8100c097ffff,12501696631,459335450,14.5031,0.175092,average_adult
89a8100c08fffff,89a8100c09bffff,12501696631,4293923366,14.4922,0.175744,average_adult
89a8100c08fffff,89a8100c0b3ffff,12501696631,4293906838,19.4276,0.002019,average_adult
89a8100c08fffff,89a8100c0d7ffff,12501696631,296284684,17.2433,0.046148,average_adult
89a8100c08fffff,89a8100c467ffff,12501696631,296285901,17.8974,0.027025,average_adult
89a8100c08fffff,89a8100c46fffff,12501696631,4849813871,18.0478,0.023325,average_adult
89a8100c093ffff,89a8100c083ffff,296285873,10879607506,6.7716,0.742827,average_adult
89a8100c093ffff,89a8100c087ffff,296285873,6359582195,13.448,0.242238,average_adult
89a8100c093ffff,89a8100c08fffff,296285873,12501696631,9.8834,0.509156,average_adult
89a8100c093ffff,89a8100c093ffff,296285873,296285873,0.4035,0.998996,average_adult
89a8100c093ffff,89a8100c097ffff,296285873,459335450,9.9553,0.503514,average_adult
89a8100c093ffff,89a8100c09bffff,296285873,4293923366,7.1257,0.718152,average_adult
89a8100c093ffff,89a8100c0b3ffff,296285873,4293906838,14.8798,0.153184,average_adult
89a8100c093ffff,89a8100c0d7ffff,296285873,296284684,11.8372,0.357699,average_adult
89a8100c093ffff,89a8100c427ffff,296285873,12986505496,19.5522,0.001236,average_adult
89a8100c093ffff,89a8100c42bffff,296285873,12943884579,16.3948,0.078054,average_adult
89a8100c093ffff,89a8100c463ffff,296285873,466929967,18.8834,0.007672,average_adult
89a8100c093ffff,89a8100c467ffff,296285873,296285901,8.5055,0.616305,average_adult
89a8100c093ffff,89a8100c46fffff,296285873,4849813871,12.6417,0.298424,average_adult
89a8100c093ffff,89a8100c477ffff,296285873,12572862106,19.8439,0.00015,average_adult
89a8100c093ffff,89a8100c54bffff,296285873,8944143746,16.7369,0.064254,average_adult
89a8100c093ffff,89a8100c55bffff,296285873,12697580033,19.4547,0.001833,average_adult
89a8100c097ffff,89a8100c083ffff,459335450,10879607506,6.1953,0.781346,average_adult
89a8100c097ffff,89a8100c087ffff,459335450,6359582195,8.5482,0.613041,average_adult
89a8100c097ffff,89a8100c08fffff,459335450,12501696631,9.1962,0.562964,average_adult
89a8100c097ffff,89a8100c093ffff,459335450,296285873,9.2225,0.560912,average_adult
89a8100c097ffff,89a8100c097ffff,459335450,459335450,1.1478,0.991896,average_adult
89a8100c097ffff,89a8100c09bffff,459335450,4293923366,14.7976,0.157861,average_adult
89a8100c097ffff,89a8100c0b3ffff,459335450,4293906838,9.9799,0.501577,average_adult
89a8100c097ffff,89a8100c0d7ffff,459335450,296284684,19.5091,0.001486,average_adult
89a8100c097ffff,89a8100c427ffff,459335450,12986505496,11.3193,0.397125,average_adult
89a8100c097ffff,89a8100c467ffff,459335450,296285901,16.1774,0.087461,average_adult
89a8100c097ffff,89a8100c54bffff,459335450,8944143746,8.9086,0.585298,average_adult
89a8100c097ffff,89a8100c55bffff,459335450,12697580033,11.2217,0.404634,average_adult
89a8100c09bffff,89a8100c083ffff,4293923366,10879607506,13.3731,0.2473,average_adult
89a8100c09bffff,89a8100c08bffff,4293923366,7033857127,18.6641,0.010968,average_adult
89a8100c09bffff,89a8100c08fffff,4293923366,12501696631,16.388,0.078341,average_adult
89a8100c09bffff,89a8100c093ffff,4293923366,296285873,11.554,0.379156,average_adult
89a8100c09bffff,89a8100c09bffff,4293923366,4293923366,0.9404,0.994555,average_adult
89a8100c09bffff,89a8100c0c3ffff,4293923366,4293920655,19.6335,0.000828,average_adult
89a8100c09bffff,89a8100c0c7ffff,4293923366,296284589,19.1312,0.004649,average_adult
89a8100c09bffff,89a8100c0d3ffff,4293923366,296284761,16.1791,0.087384,average_adult
89a8100c09bffff,89a8100c0d7ffff,4293923366,296284684,7.9879,0.65541,average_adult
89a8100c09bffff,89a8100c42bffff,4293923366,12943884579,17.9478,0.025754,average_adult
89a8100c09bffff,89a8100c463ffff,4293923366,466929967,18.223,0.019352,average_adult
89a8100c09bffff,89a8100c467ffff,4293923366,296285901,8.1897,0.640276,average_adult
89a8100c09bffff,89a8100c46bffff,4293923366,12505529937,18.6225,0.011659,average_adult
89a8100c09bffff,89a8100c46fffff,4293923366,4849813871,8.7924,0.594276,average_adult
89a8100c0b3ffff,89a8100c083ffff,4293906838,10879607506,13.4799,0.240101,average_adult
89a8100c0b3ffff,89a8100c087ffff,4293906838,6359582195,7.562,0.686833,average_adult
89a8100c0b3ffff,89a8100c08fffff,4293906838,12501696631,16.4807,0.074473,average_adult
89a8100c0b3ffff,89a8100c093ffff,4293906838,296285873,16.5071,0.073391,average_adult
89a8100c0b3ffff,89a8100c097ffff,4293906838,459335450,12.3399,0.320335,average_adult
89a8100c0b3ffff,89a8100c0b3ffff,4293906838,4293906838,6.1299,0.785575,average_adult
89a8100c0b3ffff,89a8100c54bffff,4293906838,8944143746,10.7646,0.440095,average_adult
89a8100c0b3ffff,89a8100c55bffff,4293906838,12697580033,14.9301,0.150348,average_adult
89a8100c0c3ffff,89a8100c08bffff,4293920655,7033857127,18.5272,0.013321,average_adult
89a8100c0c3ffff,89a8100c0c3ffff,4293920655,4293920655,0.9735,0.994166,average_adult
89a8100c0c3ffff,89a8100c0c7ffff,4293920655,296284589,18.9943,0.006226,average_adult
89a8100c0c3ffff,89a8100c0cbffff,4293920655,12487325808,8.7571,0.596998,average_adult
89a8100c0c3ffff,89a8100c0d3ffff,4293920655,296284761,7.5406,0.688394,average_adult
89a8100c0c3ffff,89a8100c0d7ffff,4293920655,296284684,12.3015,0.323151,average_adult
89a8100c0c3ffff,89a8100c0dbffff,4293920655,6769468141,11.4547,0.386741,average_adult
89a8100c0c3ffff,89a8100c463ffff,4293920655,466929967,16.2545,0.084067,average_adult
89a8100c0c3ffff,89a8100c46bffff,4293920655,12505529937,12.9887,0.273797,average_adult
89a8100c0c3ffff,89a8100c46fffff,4293920655,4849813871,14.3783,0.182605,average_adult
89a8100c0c3ffff,89a8100c637ffff,4293920655,445044750,13.6636,0.22788,average_adult
89a8100c0c3ffff,89a8100c6a7ffff,4293920655,296285598,16.6225,0.068734,average_adult
89a8100c0c3ffff,89a8100c6afffff,4293920655,1448778106,19.7327,0.000441,average_adult
89a8100c0c7ffff,89a8100c08bffff,296284589,7033857127,6.3413,0.771792,average_adult
89a8100c0c7ffff,89a8100c09bffff,296284589,4293923366,19.7849,0.000286,average_adult
89a8100c0c7ffff,89a8100c0c3ffff,296284589,4293920655,18.3284,0.017137,average_adult
89a8100c0c7ffff,89a8100c0c7ffff,296284589,296284589,3.3999,0.930376,average_adult
89a8100c0c7ffff,89a8100c0d3ffff,296284589,296284761,18.2014,0.019822,average_adult
89a8100c0c7ffff,89a8100c0d7ffff,296284589,296284684,10.9556,0.425233,average_adult
89a8100c0c7ffff,89a8100c46fffff,296284589,4849813871,16.0764,0.091992,average_adult
89a8100c0cbffff,89a8100c0c3ffff,12487325808,4293920655,9.5981,0.531547,average_adult
89a8100c0cbffff,89a8100c0cbffff,12487325808,12487325808,3.0013,0.945458,average_adult
89a8100c0cbffff,89a8100c0d3ffff,12487325808,296284761,15.1002,0.140925,average_adult
89a8100c0cbffff,89a8100c0d7ffff,12487325808,296284684,19.8611,0.000119,average_adult
89a8100c0cbffff,89a8100c0dbffff,12487325808,6769468141,7.8238,0.667607,average_adult
89a8100c0cbffff,89a8100c46bffff,12487325808,12505529937,18.9137,0.007262,average_adult
89a8100c0cbffff,89a8100c637ffff,12487325808,445044750,8.5972,0.609286,average_adult
89a8100c0cbffff,89a8100c6a7ffff,12487325808,296285598,16.8352,0.060523,average_adult
89a8100c0cbffff,89a8100c6afffff,12487325808,1448778106,16.9741,0.055424,average_adult
89a8100c0d3ffff,89a8100c08bffff,296284761,7033857127,15.9933,0.095803,average_adult
89a8100c0d3ffff,89a8100c09bffff,296284761,4293923366,14.2689,0.189286,average_adult
89a8100c0d3ffff,89a8100c0c3ffff,296284761,4293920655,5.5032,0.824534,average_adult
89a8100c0d3ffff,89a8100c0c7ffff,296284761,296284589,16.4604,0.075315,average_adult
89a8100c0d3ffff,89a8100c0cbffff,296284761,12487325808,10.6513,0.448938,average_adult
89a8100c0d3ffff,89a8100c0d3ffff,296284761,296284761,1.0994,0.992563,average_adult
89a8100c0d3ffff,89a8100c0d7ffff,296284761,296284684,5.8603,0.802695,average_adult
89a8100c0d3ffff,89a8100c0dbffff,296284761,6769468141,10.3989,0.46869,average_adult
89a8100c0d3ffff,89a8100c463ffff,296284761,466929967,9.8134,0.514656,average_adult
89a8100c0d3ffff,89a8100c467ffff,296284761,296285901,15.6302,0.113234,average_adult
89a8100c0d3ffff,89a8100c46bffff,296284761,12505529937,6.5475,0.75806,average_adult
89a8100c0d3ffff,89a8100c46fffff,296284761,4849813871,7.9371,0.659199,average_adult
89a8100c0d3ffff,89a8100c473ffff,296284761,466938137,18.1155,0.021748,average_adult
89a8100c0d3ffff,89a8100c47bffff,296284761,466930008,14.9841,0.147329,average_adult
89a8100c0d3ffff,89a8100c637ffff,296284761,445044750,15.5578,0.116864,average_adult
89a8100c0d3ffff,89a8100c6a3ffff,296284761,466929753,18.407,0.015573,average_adult
89a8100c0d3ffff,89a8100c6a7ffff,296284761,296285598,10.8726,0.431682,average_adult
89a8100c0d3ffff,89a8100c6afffff,296284761,1448778106,16.5605,0.071218,average_adult
89a8100c0d3ffff,89a8100c6b7ffff,296284761,466929739,15.0207,0.145301,average_adult
89a8100c0d7ffff,89a8100c08bffff,296284684,7033857127,12.6517,0.29771,average_adult
89a8100c0d7ffff,89a8100c09bffff,296284684,4293923366,10.8048,0.436961,average_adult
89a8100c0d7ffff,89a8100c0c3ffff,296284684,4293920655,13.6211,0.230691,average_adult
89a8100c0d7ffff,89a8100c0c7ffff,296284684,296284589,13.1188,0.264735,average_adult
89a8100c0d7ffff,89a8100c0cbffff,296284684,12487325808,18.7692,0.009316,average_adult
89a8100c0d7ffff,89a8100c0d3ffff,296284684,296284761,10.1667,0.486912,average_adult
89a8100c0d7ffff,89a8100c0d7ffff,296284684,296284684,1.9755,0.97612,average_adult
89a8100c0d7ffff,89a8100c0dbffff,296284684,6769468141,18.5499,0.012915,average_adult
89a8100c0d7ffff,89a8100c463ffff,296284684,466929967,16.527,0.072577,average_adult
89a8100c0d7ffff,89a8100c467ffff,296284684,296285901,13.4727,0.240579,average_adult
89a8100c0d7ffff,89a8100c46bffff,296284684,12505529937,15.6148,0.114005,average_adult
89a8100c0d7ffff,89a8100c46fffff,296284684,4849813871,7.0964,0.720226,average_adult
89a8100c0d7ffff,89a8100c6a7ffff,296284684,296285598,19.9398,2.2e-05,average_adult
89a8100c0dbffff,89a8100c0c3ffff,6769468141,4293920655,10.3221,0.474715,average_adult
89a8100c0dbffff,89a8100c0cbffff,6769468141,12487325808,5.2945,0.836823,average_adult
89a8100c0dbffff,89a8100c0d3ffff,6769468141,296284761,10.9879,0.422719,average_adult
89a8100c0dbffff,89a8100c0d7ffff,6769468141,296284684,15.7489,0.107397,average_adult
89a8100c0dbffff,89a8100c0dbffff,6769468141,6769468141,0.758,0.99646,average_adult
89a8100c0dbffff,89a8100c463ffff,6769468141,466929967,19.4933,0.001583,average_adult
89a8100c0dbffff,89a8100c46bffff,6769468141,12505529937,14.6022,0.169217,average_adult
89a8100c0dbffff,89a8100c46fffff,6769468141,4849813871,17.8256,0.028882,average_adult
89a8100c0dbffff,89a8100c47bffff,6769468141,466930008,19.9598,1e-05,average_adult
89a8100c0dbffff,89a8100c637ffff,6769468141,445044750,8.2601,0.634955,average_adult
89a8100c0dbffff,89a8100c6a3ffff,6769468141,466929753,16.0022,0.09539,average_adult
89a8100c0dbffff,89a8100c6a7ffff,6769468141,296285598,10.2167,0.482985,average_adult
89a8100c0dbffff,89a8100c6afffff,6769468141,1448778106,11.8387,0.357589,average_adult
89a8100c0dbffff,89a8100c6b7ffff,6769468141,466929739,15.8531,0.10238,average_adult
89a8100c403ffff,89a8100c403ffff,467743614,467743614,0.5835,0.997902,average_adult
89a8100c403ffff,89a8100c40bffff,467743614,3807737497,15.136,0.138973,average_adult
89a8100c403ffff,89a8100c40fffff,467743614,2522075891,6.9914,0.727596,average_adult
89a8100c403ffff,89a8100c413ffff,467743614,466938077,8.9979,0.578383,average_adult
89a8100c403ffff,89a8100c417ffff,467743614,467743606,6.7972,0.741073,average_adult
89a8100c403ffff,89a8100c41bffff,467743614,467763633,12.9155,0.278941,average_adult
89a8100c403ffff,89a8100c42bffff,467743614,12943884579,19.7305,0.000448,average_adult
89a8100c403ffff,89a8100c447ffff,467743614,3472333400,19.1424,0.00453,average_adult
89a8100c403ffff,89a8100c457ffff,467743614,467820599,16.8317,0.060651,average_adult
89a8100c403ffff,89a8100c463ffff,467743614,466929967,19.532,0.00135,average_adult
89a8100c403ffff,89a8100c473ffff,467743614,466938137,15.5346,0.118038,average_adult
89a8100c403ffff,89a8100c477ffff,467743614,12572862106,13.6891,0.226206,average_adult
89a8100c403ffff,89a8100c48bffff,467743614,467764073,14.3115,0.186673,average_adult
89a8100c403ffff,89a8100c48fffff,467743614,467743522,14.9444,0.149548,average_adult
89a8100c403ffff,89a8100c4bbffff,467743614,387095725,16.9777,0.055295,average_adult
89a8100c407ffff,89a8100c407ffff,12882374109,12882374109,0.7867,0.996187,average_adult
89a8100c407ffff,89a8100c423ffff,12882374109,12915366285,14.58,0.170525,average_adult
89a8100c407ffff,89a8100c42bffff,12882374109,12943884579,18.6287,0.011554,average_adult
89a8100c407ffff,89a8100c433ffff,12882374109,12832662172,14.5253,0.173766,average_adult
89a8100c407ffff,89a8100c43bffff,12882374109,12826024589,10.6489,0.44912,average_adult
89a8100c407ffff,89a8100c4abffff,12882374109,5049652087,15.2583,0.132397,average_adult
89a8100c40bffff,89a8100c403ffff,3807737497,467743614,12.8122,0.286242,average_adult
89a8100c40bffff,89a8100c40bffff,3807737497,3807737497,1.2932,0.989719,average_adult
89a8100c40bffff,89a8100c40fffff,3807737497,2522075891,8.5816,0.610482,average_adult
89a8100c40bffff,89a8100c417ffff,3807737497,467743606,19.0259,0.005842,average_adult
89a8100c40bffff,89a8100c41bffff,3807737497,467763633,9.0681,0.57293,average_adult
89a8100c40bffff,89a8100c443ffff,3807737497,4947151527,11.9493,0.349284,average_adult
89a8100c40bffff,89a8100c447ffff,3807737497,3472333400,10.2672,0.479021,average_adult
89a8100c40bffff,89a8100c44bffff,3807737497,466938136,17.2976,0.044375,average_adult
89a8100c40bffff,89a8100c44fffff,3807737497,467820676,15.2189,0.134499,average_adult
89a8100c40bffff,89a8100c453ffff,3807737497,467820559,15.1659,0.137354,average_adult
89a8100c40bffff,89a8100c457ffff,3807737497,467820599,10.8359,0.434541,average_adult
89a8100c40bffff,89a8100c45bffff,3807737497,467820516,18.5782,0.012418,average_adult
89a8100c40bffff,89a8100c463ffff,3807737497,466929967,12.3443,0.320016,average_adult
89a8100c40bffff,89a8100c467ffff,3807737497,296285901,19.9338,2.7e-05,average_adult
89a8100c40bffff,89a8100c46bffff,3807737497,12505529937,18.7598,0.009458,average_adult
89a8100c40bffff,89a8100c46fffff,3807737497,4849813871,17.6051,0.034965,average_adult
89a8100c40bffff,89a8100c473ffff,3807737497,466938137,6.7758,0.742544,average_adult
89a8100c40bffff,89a8100c477ffff,3807737497,12572862106,15.0778,0.142151,average_adult
89a8100c40bffff,89a8100c47bffff,3807737497,466930008,13.2589,0.255081,average_adult
89a8100c40bffff,89a8100c4cfffff,3807737497,467763429,16.774,0.062834,average_adult
89a8100c40bffff,89a8100c6b7ffff,3807737497,466929739,19.1125,0.004851,average_adult
89a8100c40fffff,89a8100c403ffff,2522075891,467743614,8.6388,0.606095,average_adult
89a8100c40fffff,89a8100c40bffff,2522075891,3807737497,12.4592,0.311621,average_adult
89a8100c40fffff,89a8100c40fffff,2522075891,2522075891,1.2517,0.990367,average_adult
89a8100c40fffff,89a8100c413ffff,2522075891,466938077,16.6083,0.069299,average_adult
89a8100c40fffff,89a8100c417ffff,2522075891,467743606,14.8525,0.154732,average_adult
89a8100c40fffff,89a8100c41bffff,2522075891,467763633,17.6285,0.034294,average_adult
89a8100c40fffff,89a8100c42bffff,2522075891,12943884579,15.5244,0.118557,average_adult
89a8100c40fffff,89a8100c447ffff,2522075891,3472333400,16.4656,0.075097,average_adult
89a8100c40fffff,89a8100c463ffff,2522075891,466929967,15.8853,0.100852,average_adult
89a8100c40fffff,89a8100c467ffff,2522075891,296285901,15.8736,0.101407,average_adult
89a8100c40fffff,89a8100c46fffff,2522075891,4849813871,18.0829,0.0225,average_adult
89a8100c40fffff,89a8100c473ffff,2522075891,466938137,12.0525,0.341577,average_adult
89a8100c40fffff,89a8100c477ffff,2522075891,12572862106,9.4829,0.540568,average_adult
89a8100c40fffff,89a8100c47bffff,2522075891,466930008,19.0662,0.00537,average_adult
89a8100c413ffff,89a8100c403ffff,466938077,467743614,4.8909,0.859562,average_adult
89a8100c413ffff,89a8100c40bffff,466938077,3807737497,18.1218,0.021603,average_adult
89a8100c413ffff,89a8100c40fffff,466938077,2522075891,11.2988,0.398697,average_adult
89a8100c413ffff,89a8100c413ffff,466938077,466938077,1.1664,0.991631,average_adult
89a8100c413ffff,89a8100c417ffff,466938077,467743606,8.8038,0.5934,average_adult
89a8100c413ffff,89a8100c41bffff,466938077,467763633,14.5836,0.17031,average_adult
89a8100c413ffff,89a8100c457ffff,466938077,467820599,18.4999,0.013816,average_adult
89a8100c413ffff,89a8100c473ffff,466938077,466938137,19.0414,0.005657,average_adult
89a8100c413ffff,89a8100c477ffff,466938077,12572862106,17.9965,0.024557,average_adult
89a8100c413ffff,89a8100c483ffff,466938077,9091230323,16.1692,0.087823,average_adult
89a8100c413ffff,89a8100c487ffff,466938077,8943221347,15.3026,0.130046,average_adult
89a8100c413ffff,89a8100c48bffff,466938077,467764073,6.4801,0.762583,average_adult
89a8100c413ffff,89a8100c48fffff,466938077,467743522,7.113,0.719056,average_adult
89a8100c413ffff,89a8100c49bffff,466938077,9562434245,14.8143,0.15691,average_adult
89a8100c413ffff,89a8100c4bbffff,466938077,387095725,15.8095,0.104466,average_adult
89a8100c413ffff,89a8100c4d7ffff,466938077,9562334166,15.4412,0.122812,average_adult
89a8100c417ffff,89a8100c403ffff,467743606,467743614,4.9767,0.854845,average_adult
89a8100c417ffff,89a8100c40bffff,467743606,3807737497,19.5293,0.001366,average_adult
89a8100c417ffff,89a8100c40fffff,467743606,2522075891,11.3847,0.392105,average_adult
89a8100c417ffff,89a8100c413ffff,467743606,466938077,12.4799,0.310115,average_adult
89a8100c417ffff,89a8100c417ffff,467743606,467743606,0.7559,0.99648,average_adult
89a8100c417ffff,89a8100c41bffff,467743606,467763633,17.3087,0.044018,average_adult
89a8100c417ffff,89a8100c473ffff,467743606,466938137,19.9278,3.2e-05,average_adult
89a8100c417ffff,89a8100c477ffff,467743606,12572862106,18.0823,0.022514,average_adult
89a8100c417ffff,89a8100c487ffff,467743606,8943221347,19.135,0.004609,average_adult
89a8100c417ffff,89a8100c48bffff,467743606,467764073,17.7936,0.02973,average_adult
89a8100c417ffff,89a8100c48fffff,467743606,467743522,16.5807,0.070401,average_adult
89a8100c417ffff,89a8100c4a3ffff,467743606,12904007453,19.8543,0.000131,average_adult
89a8100c417ffff,89a8100c4bbffff,467743606,387095725,11.4571,0.386555,average_adult
89a8100c41bffff,89a8100c403ffff,467763633,467743614,9.1196,0.568925,average_adult
89a8100c41bffff,89a8100c40bffff,467763633,3807737497,7.2591,0.708677,average_adult
89a8100c41bffff,89a8100c40fffff,467763633,2522075891,12.7135,0.293278,average_adult
89a8100c41bffff,89a8100c413ffff,467763633,466938077,14.6749,0.164954,average_adult
89a8100c41bffff,89a8100c417ffff,467763633,467743606,14.2373,0.191234,average_adult
89a8100c41bffff,89a8100c41bffff,467763633,467763633,0.9881,0.99399,average_adult
89a8100c41bffff,89a8100c443ffff,467763633,4947151527,10.9286,0.427329,average_adult
89a8100c41bffff,89a8100c447ffff,467763633,3472333400,10.5661,0.455595,average_adult
89a8100c41bffff,89a8100c44bffff,467763633,466938136,16.2769,0.083094,average_adult
89a8100c41bffff,89a8100c44fffff,467763633,467820676,15.3859,0.125676,average_adult
89a8100c41bffff,89a8100c453ffff,467763633,467820559,8.4407,0.621243,average_adult
89a8100c41bffff,89a8100c457ffff,467763633,467820599,6.4466,0.764818,average_adult
89a8100c41bffff,89a8100c45bffff,467763633,467820516,16.9109,0.057716,average_adult
89a8100c41bffff,89a8100c463ffff,467763633,466929967,17.8249,0.028901,average_adult
89a8100c41bffff,89a8100c473ffff,467763633,466938137,12.2564,0.326469,average_adult
89a8100c41bffff,89a8100c477ffff,467763633,12572862106,19.3885,0.002305,average_adult
89a8100c41bffff,89a8100c47bffff,467763633,466930008,13.5578,0.234891,average_adult
89a8100c41bffff,89a8100c48bffff,467763633,467764073,15.8635,0.101883,average_adult
89a8100c41bffff,89a8100c49bffff,467763633,9562434245,18.2394,0.018999,average_adult
89a8100c41bffff,89a8100c4c3ffff,467763633,4947385383,15.2411,0.133312,average_adult
89a8100c41bffff,89a8100c4c7ffff,467763633,1467730305,15.454,0.122155,average_adult
89a8100c41bffff,89a8100c4cbffff,467763633,467842583,13.5022,0.2386,average_adult
89a8100c41bffff,89a8100c4cfffff,467763633,467763429,8.694,0.601857,average_adult
89a8100c41bffff,89a8100c4d7ffff,467763633,9562334166,12.9562,0.276076,average_adult
89a8100c41bffff,89a8100c4dbffff,467763633,6634220130,16.7125,0.0652,average_adult
89a8100c41bffff,89a8100c6b7ffff,467763633,466929739,19.3282,0.002781,average_adult
89a8100c41bffff,89a8100f127ffff,467763633,413363270,15.759,0.106903,average_adult
89a8100c41bffff,89a8100f137ffff,467763633,413363599,19.0342,0.005743,average_adult
89a8100c423ffff,89a8100c407ffff,12915366285,12882374109,14.7915,0.158212,average_adult
89a8100c423ffff,89a8100c423ffff,12915366285,12915366285,1.8351,0.979372,average_adult
89a8100c423ffff,89a8100c427ffff,12915366285,12986505496,18.7874,0.009042,average_adult
89a8100c423ffff,89a8100c42bffff,12915366285,12943884579,10.6418,0.449681,average_adult
89a8100c423ffff,89a8100c42fffff,12915366285,2522075760,17.9805,0.024946,average_adult
89a8100c423ffff,89a8100c433ffff,12915366285,12832662172,9.6355,0.528611,average_adult
89a8100c423ffff,89a8100c437ffff,12915366285,12941702505,13.5704,0.234051,average_adult
89a8100c423ffff,89a8100c43bffff,12915366285,12826024589,10.7426,0.441806,average_adult
89a8100c423ffff,89a8100c467ffff,12915366285,296285901,16.0839,0.091653,average_adult
89a8100c423ffff,89a8100c46fffff,12915366285,4849813871,19.9801,2e-06,average_adult
89a8100c423ffff,89a8100c477ffff,12915366285,12572862106,19.0058,0.006084,average_adult
89a8100c423ffff,89a8100c4abffff,12915366285,5049652087,19.0453,0.005612,average_adult
89a8100c423ffff,89a8100c4afffff,12915366285,12996381317,17.0279,0.053505,average_adult
89a8100c427ffff,89a8100c083ffff,12986505496,10879607506,16.0287,0.094171,average_adult
89a8100c427ffff,89a8100c087ffff,12986505496,6359582195,17.4859,0.038485,average_adult
89a8100c427ffff,89a8100c08fffff,12986505496,12501696631,19.0296,0.005798,average_adult
89a8100c427ffff,89a8100c093ffff,12986505496,296285873,19.0559,0.005488,average_adult
89a8100c427ffff,89a8100c097ffff,12986505496,459335450,10.9811,0.423246,average_adult
89a8100c427ffff,89a8100c0b3ffff,12986505496,4293906838,18.715,0.01015,average_adult
89a8100c427ffff,89a8100c423ffff,12986505496,12915366285,15.4311,0.123334,average_adult
89a8100c427ffff,89a8100c427ffff,12986505496,12986505496,0.4984,0.998469,average_adult
89a8100c427ffff,89a8100c437ffff,12986505496,12941702505,11.9666,0.347985,average_adult
89a8100c427ffff,89a8100c4afffff,12986505496,12996381317,16.2083,0.086092,average_adult
89a8100c427ffff,89a8100c54bffff,12986505496,8944143746,13.9147,0.211555,average_adult
89a8100c427ffff,89a8100c553ffff,12986505496,12227887010,18.0582,0.023079,average_adult
89a8100c427ffff,89a8100c55bffff,12986505496,12697580033,14.7884,0.158394,average_adult
89a8100c427ffff,89a8100c5cbffff,12986505496,13037844868,15.6919,0.110184,average_adult
89a8100c427ffff,89a8100c5dbffff,12986505496,12535296158,18.4121,0.015473,average_adult
89a8100c42bffff,89a8100c093ffff,12943884579,296285873,17.5005,0.038045,average_adult
89a8100c42bffff,89a8100c09bffff,12943884579,4293923366,15.8241,0.103764,average_adult
89a8100c42bffff,89a8100c0d7ffff,12943884579,296284684,14.849,0.154932,average_adult
89a8100c42bffff,89a8100c407ffff,12943884579,12882374109,18.6117,0.011842,average_adult
89a8100c42bffff,89a8100c40fffff,12943884579,2522075891,15.3655,0.126743,average_adult
89a8100c42bffff,89a8100c423ffff,12943884579,12915366285,11.23,0.403998,average_adult
89a8100c42bffff,89a8100c42bffff,12943884579,12943884579,1.0316,0.993449,average_adult
89a8100c42bffff,89a8100c42fffff,12943884579,2522075760,10.728,0.442944,average_adult
89a8100c42bffff,89a8100c433ffff,12943884579,12832662172,15.6025,0.114616,average_adult
89a8100c42bffff,89a8100c43bffff,12943884579,12826024589,14.1575,0.196193,average_adult
89a8100c42bffff,89a8100c463ffff,12943884579,466929967,15.0488,0.143744,average_adult
89a8100c42bffff,89a8100c467ffff,12943884579,296285901,9.6737,0.525619,average_adult
89a8100c42bffff,89a8100c46fffff,12943884579,4849813871,13.5699,0.234086,average_adult
89a8100c42bffff,89a8100c477ffff,12943884579,12572862106,12.5956,0.301743,average_adult
89a8100c42fffff,89a8100c0d7ffff,2522075760,296284684,19.9393,2.3e-05,average_adult
89a8100c42fffff,89a8100c423ffff,2522075760,12915366285,13.4654,0.241071,average_adult
89a8100c42fffff,89a8100c42bffff,2522075760,12943884579,6.7182,0.746484,average_adult
89a8100c42fffff,89a8100c42fffff,2522075760,2522075760,1.9805,0.975999,average_adult
89a8100c42fffff,89a8100c433ffff,2522075760,12832662172,17.9588,0.025482,average_adult
89a8100c42fffff,89a8100c43bffff,2522075760,12826024589,16.6661,0.067011,average_adult
89a8100c42fffff,89a8100c467ffff,2522075760,296285901,14.7639,0.159796,average_adult
89a8100c42fffff,89a8100c46fffff,2522075760,4849813871,18.6602,0.011033,average_adult
89a8100c42fffff,89a8100c477ffff,2522075760,12572862106,17.6859,0.032671,average_adult
89a8100c433ffff,89a8100c407ffff,12832662172,12882374109,11.0219,0.420083,average_adult
89a8100c433ffff,89a8100c423ffff,12832662172,12915366285,6.2327,0.778911,average_adult
89a8100c433ffff,89a8100c42bffff,12832662172,12943884579,11.8205,0.358956,average_adult
89a8100c433ffff,89a8100c42fffff,12832662172,2522075760,19.1593,0.004353,average_adult
89a8100c433ffff,89a8100c433ffff,12832662172,12832662172,0.9389,0.994572,average_adult
89a8100c433ffff,89a8100c437ffff,12832662172,12941702505,17.7834,0.030003,average_adult
89a8100c433ffff,89a8100c43bffff,12832662172,12826024589,8.6399,0.606009,average_adult
89a8100c433ffff,89a8100c467ffff,12832662172,296285901,15.9126,0.099567,average_adult
89a8100c433ffff,89a8100c46fffff,12832662172,4849813871,19.8088,0.000226,average_adult
89a8100c433ffff,89a8100c477ffff,12832662172,12572862106,18.8345,0.008356,average_adult
89a8100c433ffff,89a8100c4a3ffff,12832662172,12904007453,14.7954,0.157991,average_adult
89a8100c433ffff,89a8100c4abffff,12832662172,5049652087,10.6589,0.448342,average_adult
89a8100c433ffff,89a8100c4afffff,12832662172,12996381317,12.6136,0.300449,average_adult
89a8100c433ffff,89a8100c4b7ffff,12832662172,387095770,19.5695,0.001143,average_adult
89a8100c433ffff,89a8100c4bbffff,12832662172,387095725,19.4967,0.001562,average_adult
89a8100c437ffff,89a8100c407ffff,12941702505,12882374109,18.8791,0.00773,average_adult
89a8100c437ffff,89a8100c423ffff,12941702505,12915366285,7.7363,0.674068,average_adult
89a8100c437ffff,89a8100c427ffff,12941702505,12986505496,9.8958,0.508186,average_adult
89a8100c437ffff,89a8100c42bffff,12941702505,12943884579,16.3583,0.079599,average_adult
89a8100c437ffff,89a8100c433ffff,12941702505,12832662172,13.1692,0.261243,average_adult
89a8100c437ffff,89a8100c437ffff,12941702505,12941702505,1.5816,0.98465,average_adult
89a8100c437ffff,89a8100c43bffff,12941702505,12826024589,16.4592,0.075364,average_adult
89a8100c437ffff,89a8100c4a3ffff,12941702505,12904007453,17.2545,0.045781,average_adult
89a8100c437ffff,89a8100c4a7ffff,12941702505,12889670101,16.443,0.076037,average_adult
89a8100c437ffff,89a8100c4abffff,12941702505,5049652087,14.8914,0.152531,average_adult
89a8100c437ffff,89a8100c4afffff,12941702505,12996381317,10.6349,0.45022,average_adult
89a8100c437ffff,89a8100c553ffff,12941702505,12227887010,19.4171,0.002095,average_adult
89a8100c437ffff,89a8100c5cbffff,12941702505,13037844868,17.0508,0.052701,average_adult
89a8100c437ffff,89a8100c5d3ffff,12941702505,1097971350,18.5469,0.012968,average_adult
89a8100c437ffff,89a8100c5dbffff,12941702505,12535296158,13.2225,0.257579,average_adult
89a8100c43bffff,89a8100c407ffff,12826024589,12882374109,9.0221,0.576503,average_adult
89a8100c43bffff,89a8100c40fffff,12826024589,2522075891,19.918,4.1e-05,average_adult
89a8100c43bffff,89a8100c423ffff,12826024589,12915366285,8.8552,0.589429,average_adult
89a8100c43bffff,89a8100c42bffff,12826024589,12943884579,12.5006,0.308614,average_adult
89a8100c43bffff,89a8100c42fffff,12826024589,2522075760,19.8394,0.000159,average_adult
89a8100c43bffff,89a8100c433ffff,12826024589,12832662172,10.6629,0.44803,average_adult
89a8100c43bffff,89a8100c43bffff,12826024589,12826024589,1.4995,0.986195,average_adult
89a8100c43bffff,89a8100c467ffff,12826024589,296285901,14.8282,0.156114,average_adult
89a8100c43bffff,89a8100c46fffff,12826024589,4849813871,18.7245,0.010003,average_adult
89a8100c43bffff,89a8100c477ffff,12826024589,12572862106,17.1481,0.049336,average_adult
89a8100c43bffff,89a8100c4abffff,12826024589,5049652087,16.649,0.067684,average_adult
89a8100c43bffff,89a8100c4afffff,12826024589,12996381317,18.944,0.006862,average_adult
89a8100c443ffff,89a8100c40bffff,4947151527,3807737497,13.1519,0.262441,average_adult
89a8100c443ffff,89a8100c41bffff,4947151527,467763633,15.3088,0.129722,average_adult
89a8100c443ffff,89a8100c443ffff,4947151527,4947151527,0.525,0.998301,average_adult
89a8100c443ffff,89a8100c447ffff,4947151527,3472333400,9.2472,0.558989,average_adult
89a8100c443ffff,89a8100c44bffff,4947151527,466938136,5.8734,0.801879,average_adult
89a8100c443ffff,89a8100c44fffff,4947151527,467820676,7.5536,0.687449,average_adult
89a8100c443ffff,89a8100c453ffff,4947151527,467820559,9.6547,0.527103,average_adult
89a8100c443ffff,89a8100c457ffff,4947151527,467820599,9.0644,0.573219,average_adult
89a8100c443ffff,89a8100c45bffff,4947151527,467820516,7.154,0.716156,average_adult
89a8100c443ffff,89a8100c46bffff,4947151527,12505529937,19.934,2.7e-05,average_adult
89a8100c443ffff,89a8100c473ffff,4947151527,466938137,16.2284,0.085209,average_adult
89a8100c443ffff,89a8100c47bffff,4947151527,466930008,13.9151,0.211529,average_adult
89a8100c443ffff,89a8100c4cbffff,4947151527,467842583,17.6253,0.034384,average_adult
89a8100c443ffff,89a8100c4cfffff,4947151527,467763429,16.1904,0.086883,average_adult
89a8100c443ffff,89a8100c4dbffff,4947151527,6634220130,18.6035,0.011982,average_adult
89a8100c443ffff,89a8100c6a3ffff,4947151527,466929753,16.7383,0.0642,average_adult
89a8100c443ffff,89a8100c6a7ffff,4947151527,296285598,18.9089,0.007326,average_adult
89a8100c443ffff,89a8100c6b3ffff,4947151527,466932573,14.4395,0.178903,average_adult
89a8100c443ffff,89a8100c6b7ffff,4947151527,466929739,13.1779,0.260648,average_adult
89a8100c443ffff,89a8100f127ffff,4947151527,413363270,13.6332,0.229888,average_adult
89a8100c443ffff,89a8100f137ffff,4947151527,413363599,17.1851,0.048087,average_adult
89a8100c447ffff,89a8100c0d3ffff,3472333400,296284761,17.5125,0.037685,average_adult
89a8100c447ffff,89a8100c403ffff,3472333400,467743614,16.5904,0.070014,average_adult
89a8100c447ffff,89a8100c40bffff,3472333400,3807737497,9.0608,0.573498,average_adult
89a8100c447ffff,89a8100c40fffff,3472333400,2522075891,12.3598,0.31888,average_adult
89a8100c447ffff,89a8100c41bffff,3472333400,467763633,11.2177,0.404947,average_adult
89a8100c447ffff,89a8100c443ffff,3472333400,4947151527,6.6143,0.753551,average_adult
89a8100c447ffff,89a8100c447ffff,3472333400,3472333400,1.0318,0.993447,average_adult
89a8100c447ffff,89a8100c44bffff,3472333400,466938136,9.8748,0.509832,average_adult
89a8100c447ffff,89a8100c44fffff,3472333400,467820676,6.1924,0.781532,average_adult
89a8100c447ffff,89a8100c453ffff,3472333400,467820559,9.831,0.513275,average_adult
89a8100c447ffff,89a8100c457ffff,3472333400,467820599,6.913,0.733059,average_adult
89a8100c447ffff,89a8100c45bffff,3472333400,467820516,13.2433,0.256151,average_adult
89a8100c447ffff,89a8100c463ffff,3472333400,466929967,12.4338,0.313469,average_adult
89a8100c447ffff,89a8100c46bffff,3472333400,12505529937,12.8157,0.285998,average_adult
89a8100c447ffff,89a8100c46fffff,3472333400,4849813871,17.6947,0.032426,average_adult
89a8100c447ffff,89a8100c473ffff,3472333400,466938137,8.013,0.653533,average_adult
89a8100c447ffff,89a8100c477ffff,3472333400,12572862106,18.856,0.008051,average_adult
89a8100c447ffff,89a8100c47bffff,3472333400,466930008,6.2408,0.778384,average_adult
89a8100c447ffff,89a8100c4cbffff,3472333400,467842583,17.8015,0.029519,average_adult
89a8100c447ffff,89a8100c4cfffff,3472333400,467763429,14.7004,0.163468,average_adult
89a8100c447ffff,89a8100c6a3ffff,3472333400,466929753,15.3772,0.12613,average_adult
89a8100c447ffff,89a8100c6a7ffff,3472333400,296285598,15.817,0.104103,average_adult
89a8100c447ffff,89a8100c6b3ffff,3472333400,466932573,13.0784,0.267536,average_adult
89a8100c447ffff,89a8100c6b7ffff,3472333400,466929739,10.086,0.493245,average_adult
89a8100c447ffff,89a8100f127ffff,3472333400,413363270,17.1492,0.049298,average_adult
89a8100c44bffff,89a8100c40bffff,466938136,3807737497,19.2411,0.003548,average_adult
89a8100c44bffff,89a8100c443ffff,466938136,4947151527,6.6143,0.753555,average_adult
89a8100c44bffff,89a8100c447ffff,466938136,3472333400,12.9313,0.277826,average_adult
89a8100c44bffff,89a8100c44bffff,466938136,466938136,2.1021,0.972989,average_adult
89a8100c44bffff,89a8100c44fffff,466938136,467820676,8.0631,0.649788,average_adult
89a8100c44bffff,89a8100c453ffff,466938136,467820559,13.9579,0.208791,average_adult
89a8100c44bffff,89a8100c457ffff,466938136,467820599,15.1536,0.138019,average_adult
89a8100c44bffff,89a8100c45bffff,466938136,467820516,7.765,0.671952,average_adult
89a8100c44bffff,89a8100c473ffff,466938136,466938137,17.674,0.033004,average_adult
89a8100c44bffff,89a8100c47bffff,466938136,466930008,14.5665,0.171323,average_adult
89a8100c44bffff,89a8100c4cbffff,466938136,467842583,19.3263,0.002797,average_adult
89a8100c44bffff,89a8100c6a3ffff,466938136,466929753,17.2479,0.045998,average_adult
89a8100c44bffff,89a8100c6a7ffff,466938136,296285598,19.4184,0.002085,average_adult
89a8100c44bffff,89a8100c6b3ffff,466938136,466932573,14.9491,0.149287,average_adult
89a8100c44bffff,89a8100c6b7ffff,466938136,466929739,13.6874,0.226316,average_adult
89a8100c44bffff,89a8100f127ffff,466938136,413363270,15.0933,0.141305,average_adult
89a8100c44bffff,89a8100f137ffff,466938136,413363599,18.6451,0.011281,average_adult
89a8100c44fffff,89a8100c0d3ffff,467820676,296284761,17.8235,0.028938,average_adult
89a8100c44fffff,89a8100c0dbffff,467820676,6769468141,18.9392,0.006925,average_adult
89a8100c44fffff,89a8100c40bffff,467820676,3807737497,14.8984,0.152135,average_adult
89a8100c44fffff,89a8100c40fffff,467820676,2522075891,17.212,0.047187,average_adult
89a8100c44fffff,89a8100c41bffff,467820676,467763633,17.5129,0.037673,average_adult
89a8100c44fffff,89a8100c443ffff,467820676,4947151527,5.9177,0.799095,average_adult
89a8100c44fffff,89a8100c447ffff,467820676,3472333400,7.3271,0.703818,average_adult
89a8100c44fffff,89a8100c44bffff,467820676,466938136,5.3371,0.834345,average_adult
89a8100c44fffff,89a8100c44fffff,467820676,467820676,0.6895,0.99707,average_adult
89a8100c44fffff,89a8100c453ffff,467820676,467820559,13.7746,0.220609,average_adult
89a8100c44fffff,89a8100c457ffff,467820676,467820599,11.3858,0.392017,average_adult
89a8100c44fffff,89a8100c45bffff,467820676,467820516,11.0,0.421783,average_adult
89a8100c44fffff,89a8100c463ffff,467820676,466929967,13.3196,0.250936,average_adult
89a8100c44fffff,89a8100c46bffff,467820676,12505529937,13.1266,0.26419,average_adult
89a8100c44fffff,89a8100c46fffff,467820676,4849813871,18.5804,0.012379,average_adult
89a8100c44fffff,89a8100c473ffff,467820676,466938137,10.3004,0.476415,average_adult
89a8100c44fffff,89a8100c47bffff,467820676,466930008,7.1929,0.713393,average_adult
89a8100c44fffff,89a8100c4cfffff,467820676,467763429,19.1732,0.004211,average_adult
89a8100c44fffff,89a8100c6a3ffff,467820676,466929753,9.8743,0.509872,average_adult
89a8100c44fffff,89a8100c6a7ffff,467820676,296285598,12.0449,0.342144,average_adult
89a8100c44fffff,89a8100c6afffff,467820676,1448778106,16.6335,0.068297,average_adult
89a8100c44fffff,89a8100c6b3ffff,467820676,466932573,7.5755,0.685852,average_adult
89a8100c44fffff,89a8100c6b7ffff,467820676,466929739,6.3138,0.773603,average_adult
89a8100c44fffff,89a8100f127ffff,467820676,413363270,18.3282,0.017141,average_adult
89a8100c453ffff,89a8100c40bffff,467820559,3807737497,17.662,0.033341,average_adult
89a8100c453ffff,89a8100c41bffff,467820559,467763633,13.4339,0.243193,average_adult
89a8100c453ffff,89a8100c443ffff,467820559,4947151527,10.653,0.448803,average_adult
89a8100c453ffff,89a8100c447ffff,467820559,3472333400,14.4668,0.177262,average_adult
89a8100c453ffff,89a8100c44bffff,467820559,466938136,14.9476,0.149367,average_adult
89a8100c453ffff,89a8100c44fffff,467820559,467820676,15.1104,0.14037,average_adult
89a8100c453ffff,89a8100c453ffff,467820559,467820559,0.606,0.997737,average_adult
89a8100c453ffff,89a8100c457ffff,467820559,467820599,10.4418,0.465326,average_adult
89a8100c453ffff,89a8100c45bffff,467820559,467820516,10.5315,0.458305,average_adult
89a8100c453ffff,89a8100c47bffff,467820559,466930008,19.1347,0.004611,average_adult
89a8100c453ffff,89a8100c4c3ffff,467820559,4947385383,15.9011,0.100104,average_adult
89a8100c453ffff,89a8100c4c7ffff,467820559,1467730305,19.8216,0.000196,average_adult
89a8100c453ffff,89a8100c4cbffff,467820559,467842583,8.5765,0.61087,average_adult
89a8100c453ffff,89a8100c4cfffff,467820559,467763429,11.6132,0.374655,average_adult
89a8100c453ffff,89a8100c4dbffff,467820559,6634220130,11.2735,0.400642,average_adult
89a8100c453ffff,89a8100c6b7ffff,467820559,466929739,19.0526,0.005526,average_adult
89a8100c453ffff,89a8100f127ffff,467820559,413363270,7.9243,0.660155,average_adult
89a8100c453ffff,89a8100f137ffff,467820559,413363599,11.1994,0.406353,average_adult
89a8100c453ffff,89a8100f1a7ffff,467820559,8941348148,17.8016,0.029518,average_adult
89a8100c457ffff,89a8100c403ffff,467820599,467743614,14.7687,0.159522,average_adult
89a8100c457ffff,89a8100c40bffff,467820599,3807737497,10.2972,0.476666,average_adult
89a8100c457ffff,89a8100c40fffff,467820599,2522075891,17.4005,0.041106,average_adult
89a8100c457ffff,89a8100c417ffff,467820599,467743606,19.8864,8e-05,average_adult
89a8100c457ffff,89a8100c41bffff,467820599,467763633,8.1372,0.644224,average_adult
89a8100c457ffff,89a8100c443ffff,467820599,4947151527,5.911,0.799519,average_adult
89a8100c457ffff,89a8100c447ffff,467820599,3472333400,7.102,0.719828,average_adult
89a8100c457ffff,89a8100c44bffff,467820599,466938136,11.2593,0.401735,average_adult
89a8100c457ffff,89a8100c44fffff,467820599,467820676,10.3684,0.471085,average_adult
89a8100c457ffff,89a8100c453ffff,467820599,467820559,6.7631,0.743413,average_adult
89a8100c457ffff,89a8100c457ffff,467820599,467820599,1.429,0.987457,average_adult
89a8100c457ffff,89a8100c45bffff,467820599,467820516,12.5399,0.305765,average_adult
89a8100c457ffff,89a8100c463ffff,467820599,466929967,17.8966,0.027044,average_adult
89a8100c457ffff,89a8100c46bffff,467820599,12505529937,17.7889,0.029856,average_adult
89a8100c457ffff,89a8100c473ffff,467820599,466938137,14.0833,0.200842,average_adult
89a8100c457ffff,89a8100c47bffff,467820599,466930008,11.7699,0.362775,average_adult
89a8100c457ffff,89a8100c4c3ffff,467820599,4947385383,17.212,0.047186,average_adult
89a8100c457ffff,89a8100c4c7ffff,467820599,1467730305,17.4249,0.040351,average_adult
89a8100c457ffff,89a8100c4cbffff,467820599,467842583,14.0247,0.204543,average_adult
89a8100c457ffff,89a8100c4cfffff,467820599,467763429,9.2164,0.56139,average_adult
89a8100c457ffff,89a8100c4dbffff,467820599,6634220130,17.2349,0.046427,average_adult
89a8100c457ffff,89a8100c6a3ffff,467820599,466929753,19.5532,0.001231,average_adult
89a8100c457ffff,89a8100c6b3ffff,467820599,466932573,17.2543,0.045786,average_adult
89a8100c457ffff,89a8100c6b7ffff,467820599,466929739,14.3106,0.186729,average_adult
89a8100c457ffff,89a8100f127ffff,467820599,413363270,14.0814,0.200961,average_adult
89a8100c457ffff,89a8100f137ffff,467820599,413363599,17.3566,0.042489,average_adult
89a8100c45bffff,89a8100c443ffff,467820516,4947151527,10.0105,0.499173,average_adult
89a8100c45bffff,89a8100c447ffff,467820516,3472333400,18.4435,0.01487,average_adult
89a8100c45bffff,89a8100c44bffff,467820516,466938136,9.8807,0.50937,average_adult
89a8100c45bffff,89a8100c44fffff,467820516,467820676,15.8417,0.102926,average_adult
89a8100c45bffff,89a8100c453ffff,467820516,467820559,12.3907,0.31662,average_adult
89a8100c45bffff,89a8100c457ffff,467820516,467820599,18.5499,0.012915,average_adult
89a8100c45bffff,89a8100c45bffff,467820516,467820516,0.791,0.996145,average_adult
89a8100c45bffff,89a8100c4cbffff,467820516,467842583,17.7591,0.030658,average_adult
89a8100c45bffff,89a8100c4dbffff,467820516,6634220130,18.4963,0.013882,average_adult
89a8100c45bffff,89a8100f127ffff,467820516,413363270,13.5261,0.237008,average_adult
89a8100c45bffff,89a8100f137ffff,467820516,413363599,17.0779,0.051751,average_adult
89a8100c463ffff,89a8100c09bffff,466929967,4293923366,15.6197,0.11376,average_adult
89a8100c463ffff,89a8100c0c3ffff,466929967,4293920655,16.4224,0.076896,average_adult
89a8100c463ffff,89a8100c0d3ffff,466929967,296284761,12.0186,0.344102,average_adult
89a8100c463ffff,89a8100c0d7ffff,466929967,296284684,11.5692,0.378001,average_adult
89a8100c463ffff,89a8100c403ffff,466929967,467743614,19.909,5.1e-05,average_adult
89a8100c463ffff,89a8100c40bffff,466929967,3807737497,15.9896,0.095974,average_adult
89a8100c463ffff,89a8100c40fffff,466929967,2522075891,15.6784,0.110847,average_adult
89a8100c463ffff,89a8100c42bffff,466929967,12943884579,16.4436,0.076013,average_adult
89a8100c463ffff,89a8100c447ffff,466929967,3472333400,18.4955,0.013898,average_adult
89a8100c463ffff,89a8100c44fffff,466929967,467820676,17.7174,0.031797,average_adult
89a8100c463ffff,89a8100c463ffff,466929967,466929967,1.1443,0.991945,average_adult
89a8100c463ffff,89a8100c467ffff,466929967,296285901,11.4455,0.38744,average_adult
89a8100c463ffff,89a8100c46bffff,466929967,12505529937,8.9637,0.581029,average_adult
89a8100c463ffff,89a8100c46fffff,466929967,4849813871,7.8091,0.668698,average_adult
89a8100c463ffff,89a8100c473ffff,466929967,466938137,11.2824,0.39996,average_adult
89a8100c463ffff,89a8100c477ffff,466929967,12572862106,15.2474,0.13298,average_adult
89a8100c463ffff,89a8100c47bffff,466929967,466930008,11.3066,0.398097,average_adult
89a8100c463ffff,89a8100c6a7ffff,466929967,296285598,17.4542,0.039448,average_adult
89a8100c463ffff,89a8100c6b7ffff,466929967,466929739,11.7232,0.366309,average_adult
89a8100c467ffff,89a8100c083ffff,296285901,10879607506,15.1632,0.137501,average_adult
89a8100c467ffff,89a8100c08bffff,296285901,7033857127,18.9568,0.006698,average_adult
89a8100c467ffff,89a8100c08fffff,296285901,12501696631,18.1781,0.020336,average_adult
89a8100c467ffff,89a8100c093ffff,296285901,296285873,11.5196,0.381784,average_adult
89a8100c467ffff,89a8100c09bffff,296285901,4293923366,6.9484,0.7306,average_adult
89a8100c467ffff,89a8100c0c3ffff,296285901,4293920655,19.9262,3.4e-05,average_adult
89a8100c467ffff,89a8100c0c7ffff,296285901,296284589,19.4239,0.002046,average_adult
89a8100c467ffff,89a8100c0d3ffff,296285901,296284761,16.4718,0.074841,average_adult
89a8100c467ffff,89a8100c0d7ffff,296285901,296284684,8.2806,0.633404,average_adult
89a8100c467ffff,89a8100c40fffff,296285901,2522075891,16.7751,0.062793,average_adult
89a8100c467ffff,89a8100c423ffff,296285901,12915366285,16.609,0.069268,average_adult
89a8100c467ffff,89a8100c42bffff,296285901,12943884579,10.5561,0.456379,average_adult
89a8100c467ffff,89a8100c42fffff,296285901,2522075760,19.866,0.000111,average_adult
89a8100c467ffff,89a8100c433ffff,296285901,12832662172,19.5135,0.001459,average_adult
89a8100c467ffff,89a8100c43bffff,296285901,12826024589,16.8061,0.061618,average_adult
89a8100c467ffff,89a8100c463ffff,296285901,466929967,11.1758,0.408176,average_adult
89a8100c467ffff,89a8100c467ffff,296285901,296285901,0.7979,0.996078,average_adult
89a8100c467ffff,89a8100c46bffff,296285901,12505529937,15.819,0.10401,average_adult
89a8100c467ffff,89a8100c46fffff,296285901,4849813871,7.0015,0.726889,average_adult
89a8100c467ffff,89a8100c477ffff,296285901,12572862106,14.0052,0.205776,average_adult
89a8100c46bffff,89a8100c09bffff,12505529937,4293923366,15.7978,0.105029,average_adult
89a8100c46bffff,89a8100c0c3ffff,12505529937,4293920655,11.0162,0.420524,average_adult
89a8100c46bffff,89a8100c0cbffff,12505529937,12487325808,15.9314,0.098683,average_adult
89a8100c46bffff,89a8100c0d3ffff,12505529937,296284761,6.6124,0.753679,average_adult
89a8100c46bffff,89a8100c0d7ffff,12505529937,296284684,10.046,0.49639,average_adult
89a8100c46bffff,89a8100c0dbffff,12505529937,6769468141,14.5796,0.170545,average_adult
89a8100c46bffff,89a8100c40bffff,12505529937,3807737497,19.7235,0.000472,average_adult
89a8100c46bffff,89a8100c447ffff,12505529937,3472333400,18.1599,0.020742,average_adult
89a8100c46bffff,89a8100c44fffff,12505529937,467820676,16.5295,0.072475,average_adult
89a8100c46bffff,89a8100c463ffff,12505529937,466929967,6.8234,0.739263,average_adult
89a8100c46bffff,89a8100c467ffff,12505529937,296285901,14.3194,0.186192,average_adult
89a8100c46bffff,89a8100c46bffff,12505529937,12505529937,0.8771,0.995262,average_adult
89a8100c46bffff,89a8100c46fffff,12505529937,4849813871,9.4659,0.541896,average_adult
89a8100c46bffff,89a8100c473ffff,12505529937,466938137,15.1255,0.139545,average_adult
89a8100c46bffff,89a8100c47bffff,12505529937,466930008,10.7572,0.440667,average_adult
89a8100c46bffff,89a8100c6a3ffff,12505529937,466929753,18.5898,0.012216,average_adult
89a8100c46bffff,89a8100c6a7ffff,12505529937,296285598,11.0554,0.417485,average_adult
89a8100c46bffff,89a8100c6afffff,12505529937,1448778106,16.7433,0.064008,average_adult
89a8100c46bffff,89a8100c6b3ffff,12505529937,466932573,19.5131,0.001462,average_adult
89a8100c46bffff,89a8100c6b7ffff,12505529937,466929739,10.5353,0.458009,average_adult
89a8100c46fffff,89a8100c08bffff,4849813871,7033857127,16.7554,0.063544,average_adult
89a8100c46fffff,89a8100c093ffff,4849813871,296285873,19.9786,3e-06,average_adult
89a8100c46fffff,89a8100c09bffff,4849813871,4293923366,10.1297,0.48981,average_adult
89a8100c46fffff,89a8100c0c3ffff,4849813871,4293920655,15.9013,0.100098,average_adult
89a8100c46fffff,89a8100c0c7ffff,4849813871,296284589,17.2225,0.046836,average_adult
89a8100c46fffff,89a8100c0d3ffff,4849813871,296284761,12.0832,0.339294,average_adult
89a8100c46fffff,89a8100c0d7ffff,4849813871,296284684,6.0793,0.788834,average_adult
89a8100c46fffff,89a8100c42bffff,4849813871,12943884579,18.0902,0.02233,average_adult
89a8100c46fffff,89a8100c463ffff,4849813871,466929967,10.6438,0.449526,average_adult
89a8100c46fffff,89a8100c467ffff,4849813871,296285901,10.7187,0.443677,average_adult
89a8100c46fffff,89a8100c46bffff,4849813871,12505529937,13.628,0.230231,average_adult
89a8100c46fffff,89a8100c46fffff,4849813871,4849813871,1.0788,0.992838,average_adult
89a8100c46fffff,89a8100c6a7ffff,4849813871,296285598,18.9503,0.006782,average_adult
89a8100c473ffff,89a8100c0d3ffff,466938137,296284761,16.61,0.069229,average_adult
89a8100c473ffff,89a8100c0d7ffff,466938137,296284684,16.1606,0.088208,average_adult
89a8100c473ffff,89a8100c403ffff,466938137,467743614,12.7133,0.29329,average_adult
89a8100c473ffff,89a8100c40bffff,466938137,3807737497,6.2783,0.775935,average_adult
89a8100c473ffff,89a8100c40fffff,466938137,2522075891,8.4827,0.618044,average_adult
89a8100c473ffff,89a8100c417ffff,466938137,467743606,18.927,0.007085,average_adult
89a8100c473ffff,89a8100c41bffff,466938137,467763633,13.5528,0.235226,average_adult
89a8100c473ffff,89a8100c42bffff,466938137,12943884579,19.1174,0.004797,average_adult
89a8100c473ffff,89a8100c443ffff,466938137,4947151527,15.0023,0.146319,average_adult
89a8100c473ffff,89a8100c447ffff,466938137,3472333400,9.8603,0.510968,average_adult
89a8100c473ffff,89a8100c44bffff,466938137,466938136,15.1925,0.135921,average_adult
89a8100c473ffff,89a8100c44fffff,466938137,467820676,10.5449,0.457257,average_adult
89a8100c473ffff,89a8100c453ffff,466938137,467820559,18.2189,0.019441,average_adult
89a8100c473ffff,89a8100c457ffff,466938137,467820599,15.301,0.130131,average_adult
89a8100c473ffff,89a8100c463ffff,466938137,466929967,7.1396,0.71717,average_adult
89a8100c473ffff,89a8100c467ffff,466938137,296285901,14.7292,0.161803,average_adult
89a8100c473ffff,89a8100c46bffff,466938137,12505529937,13.5551,0.235068,average_adult
89a8100c473ffff,89a8100c46fffff,466938137,4849813871,12.4005,0.315903,average_adult
89a8100c473ffff,89a8100c473ffff,466938137,466938137,1.5711,0.98485,average_adult
89a8100c473ffff,89a8100c477ffff,466938137,12572862106,13.076,0.267704,average_adult
89a8100c473ffff,89a8100c47bffff,466938137,466930008,8.5848,0.610234,average_adult
89a8100c473ffff,89a8100c6a3ffff,466938137,466929753,19.7297,0.000451,average_adult
89a8100c473ffff,89a8100c6b3ffff,466938137,466932573,17.4308,0.040166,average_adult
89a8100c473ffff,89a8100c6b7ffff,466938137,466929739,14.4385,0.178967,average_adult
89a8100c477ffff,89a8100c093ffff,12572862106,296285873,19.562,0.001183,average_adult
89a8100c477ffff,89a8100c09bffff,12572862106,4293923366,17.8856,0.027324,average_adult
89a8100c477ffff,89a8100c0d7ffff,12572862106,296284684,16.9105,0.057732,average_adult
89a8100c477ffff,89a8100c403ffff,12572862106,467743614,13.9679,0.208148,average_adult
89a8100c477ffff,89a8100c40bffff,12572862106,3807737497,16.8303,0.060705,average_adult
89a8100c477ffff,89a8100c40fffff,12572862106,2522075891,8.1144,0.64594,average_adult
89a8100c477ffff,89a8100c423ffff,12572862106,12915366285,17.4389,0.039918,average_adult
89a8100c477ffff,89a8100c42bffff,12572862106,12943884579,11.386,0.392004,average_adult
89a8100c477ffff,89a8100c433ffff,12572862106,12832662172,19.7753,0.000311,average_adult
89a8100c477ffff,89a8100c43bffff,12572862106,12826024589,17.0679,0.052102,average_adult
89a8100c477ffff,89a8100c463ffff,12572862106,466929967,14.3312,0.185471,average_adult
89a8100c477ffff,89a8100c467ffff,12572862106,296285901,11.7352,0.3654,average_adult
89a8100c477ffff,89a8100c46fffff,12572862106,4849813871,15.6314,0.113175,average_adult
89a8100c477ffff,89a8100c473ffff,12572862106,466938137,14.3503,0.184302,average_adult
89a8100c477ffff,89a8100c477ffff,12572862106,12572862106,2.6971,0.955795,average_adult
89a8100c47bffff,89a8100c09bffff,466930008,4293923366,19.8495,0.00014,average_adult
89a8100c47bffff,89a8100c0c3ffff,466930008,4293920655,16.2606,0.083805,average_adult
89a8100c47bffff,89a8100c0cbffff,466930008,12487325808,17.6917,0.03251,average_adult
89a8100c47bffff,89a8100c0d3ffff,466930008,296284761,11.8568,0.356228,average_adult
89a8100c47bffff,89a8100c0d7ffff,466930008,296284684,15.2903,0.130698,average_adult
89a8100c47bffff,89a8100c0dbffff,466930008,6769468141,16.3399,0.080383,average_adult
89a8100c47bffff,89a8100c403ffff,466930008,467743614,19.3987,0.002228,average_adult
89a8100c47bffff,89a8100c40bffff,466930008,3807737497,12.8545,0.283244,average_adult
89a8100c47bffff,89a8100c40fffff,466930008,2522075891,15.1681,0.137235,average_adult
89a8100c47bffff,89a8100c41bffff,466930008,467763633,15.8642,0.101853,average_adult
89a8100c47bffff,89a8100c42bffff,466930008,12943884579,19.4239,0.002046,average_adult
89a8100c47bffff,89a8100c443ffff,466930008,4947151527,12.3675,0.318311,average_adult
89a8100c47bffff,89a8100c447ffff,466930008,3472333400,7.9877,0.655427,average_adult
89a8100c47bffff,89a8100c44bffff,466930008,466938136,11.898,0.353132,average_adult
89a8100c47bffff,89a8100c44fffff,466930008,467820676,7.2504,0.709302,average_adult
89a8100c47bffff,89a8100c453ffff,466930008,467820559,15.9855,0.09616,average_adult
89a8100c47bffff,89a8100c457ffff,466930008,467820599,13.0676,0.268285,average_adult
89a8100c47bffff,89a8100c45bffff,466930008,467820516,17.5609,0.036252,average_adult
89a8100c47bffff,89a8100c463ffff,466930008,466929967,6.7781,0.742383,average_adult
89a8100c47bffff,89a8100c467ffff,466930008,296285901,14.4259,0.179723,average_adult
89a8100c47bffff,89a8100c46bffff,466930008,12505529937,7.1599,0.715734,average_adult
89a8100c47bffff,89a8100c46fffff,466930008,4849813871,12.0389,0.342586,average_adult
89a8100c47bffff,89a8100c473ffff,466930008,466938137,8.2565,0.635226,average_adult
89a8100c47bffff,89a8100c477ffff,466930008,12572862106,14.9497,0.149251,average_adult
89a8100c47bffff,89a8100c47bffff,466930008,466930008,0.5851,0.99789,average_adult
89a8100c47bffff,89a8100c6a3ffff,466930008,466929753,12.5328,0.306279,average_adult
89a8100c47bffff,89a8100c6a7ffff,466930008,296285598,12.3206,0.32175,average_adult
89a8100c47bffff,89a8100c6afffff,466930008,1448778106,18.0085,0.024266,average_adult
89a8100c47bffff,89a8100c6b3ffff,466930008,466932573,10.234,0.481626,average_adult
89a8100c47bffff,89a8100c6b7ffff,466930008,466929739,6.5896,0.755225,average_adult
89a8100c483ffff,89a8100c403ffff,9091230323,467743614,15.2426,0.133232,average_adult
89a8100c483ffff,89a8100c413ffff,9091230323,466938077,11.5182,0.38189,average_adult
89a8100c483ffff,89a8100c417ffff,9091230323,467743606,15.6476,0.112373,average_adult
89a8100c483ffff,89a8100c41bffff,9091230323,467763633,17.8224,0.028966,average_adult
89a8100c483ffff,89a8100c483ffff,9091230323,9091230323,0.7054,0.996934,average_adult
89a8100c483ffff,89a8100c487ffff,9091230323,8943221347,6.6566,0.750685,average_adult
89a8100c483ffff,89a8100c48bffff,9091230323,467764073,6.05,0.790709,average_adult
89a8100c483ffff,89a8100c48fffff,9091230323,467743522,7.7426,0.673602,average_adult
89a8100c483ffff,89a8100c493ffff,9091230323,9089875466,8.0197,0.653039,average_adult
89a8100c483ffff,89a8100c497ffff,9091230323,9532442497,7.461,0.69417,average_adult
89a8100c483ffff,89a8100c49bffff,9091230323,9562434245,6.0704,0.789399,average_adult
89a8100c483ffff,89a8100c4a3ffff,9091230323,12904007453,15.8912,0.100574,average_adult
89a8100c483ffff,89a8100c4abffff,9091230323,5049652087,18.6061,0.011938,average_adult
89a8100c483ffff,89a8100c4bbffff,9091230323,387095725,10.041,0.496781,average_adult
89a8100c483ffff,89a8100c4c3ffff,9091230323,4947385383,17.3405,0.042999,average_adult
89a8100c483ffff,89a8100c4cfffff,9091230323,467763429,18.1811,0.02027,average_adult
89a8100c483ffff,89a8100c4d3ffff,9091230323,9562600840,16.57,0.070832,average_adult
89a8100c483ffff,89a8100c4d7ffff,9091230323,9562334166,10.3603,0.471716,average_adult
89a8100c483ffff,89a8100e223ffff,9091230323,9085138924,16.2627,0.083714,average_adult
89a8100c483ffff,89a8100e227ffff,9091230323,8943483316,15.6016,0.114664,average_adult
89a8100c483ffff,89a8100e22bffff,9091230323,9111245172,17.4574,0.03935,average_adult
89a8100c483ffff,89a8100e22fffff,9091230323,9085206286,11.7778,0.362176,average_adult
89a8100c483ffff,89a8100e263ffff,9091230323,9560517151,15.0085,0.145972,average_adult
89a8100c483ffff,89a8100e267ffff,9091230323,9560548910,9.2825,0.556234,average_adult
89a8100c483ffff,89a8100e26bffff,9091230323,9528567209,14.5673,0.171276,average_adult
89a8100c483ffff,89a8100e26fffff,9091230323,9562570594,13.5795,0.233447,average_adult
89a8100c483ffff,89a8100e277ffff,9091230323,9175432224,17.8986,0.026994,average_adult
89a8100c483ffff,89a8100e34bffff,9091230323,389063239,12.4012,0.315853,average_adult
89a8100c483ffff,89a8100e34fffff,9091230323,12334906522,17.5837,0.035583,average_adult
89a8100c483ffff,89a8100e35bffff,9091230323,9546062800,14.8884,0.1527,average_adult
89a8100c487ffff,89a8100c403ffff,8943221347,467743614,15.7224,0.108688,average_adult
89a8100c487ffff,89a8100c413ffff,8943221347,466938077,11.9979,0.345646,average_adult
89a8100c487ffff,89a8100c417ffff,8943221347,467743606,12.9048,0.279693,average_adult
89a8100c487ffff,89a8100c483ffff,8943221347,9091230323,9.0681,0.572933,average_adult
89a8100c487ffff,89a8100c487ffff,8943221347,8943221347,0.9985,0.993863,average_adult
89a8100c487ffff,89a8100c48bffff,8943221347,467764073,13.0867,0.266957,average_adult
89a8100c487ffff,89a8100c48fffff,8943221347,467743522,7.755,0.672688,average_adult
89a8100c487ffff,89a8100c493ffff,8943221347,9089875466,14.6535,0.166205,average_adult
89a8100c487ffff,89a8100c497ffff,8943221347,9532442497,8.4302,0.62205,average_adult
89a8100c487ffff,89a8100c49bffff,8943221347,9562434245,14.2472,0.190626,average_adult
89a8100c487ffff,89a8100c4a3ffff,8943221347,12904007453,12.4269,0.313977,average_adult
89a8100c487ffff,89a8100c4a7ffff,8943221347,12889670101,18.8927,0.007544,average_adult
89a8100c487ffff,89a8100c4abffff,8943221347,5049652087,15.1418,0.138661,average_adult
89a8100c487ffff,89a8100c4afffff,8943221347,12996381317,19.4236,0.002048,average_adult
89a8100c487ffff,89a8100c4b7ffff,8943221347,387095770,17.3985,0.041168,average_adult
89a8100c487ffff,89a8100c4bbffff,8943221347,387095725,7.1951,0.713235,average_adult
89a8100c487ffff,89a8100c4d7ffff,8943221347,9562334166,17.536,0.036986,average_adult
89a8100c487ffff,89a8100e223ffff,8943221347,9085138924,17.7461,0.031011,average_adult
89a8100c487ffff,89a8100e227ffff,8943221347,8943483316,16.5708,0.070802,average_adult
89a8100c487ffff,89a8100e22bffff,8943221347,9111245172,19.4949,0.001573,average_adult
89a8100c487ffff,89a8100e22fffff,8943221347,9085206286,13.32,0.250905,average_adult
89a8100c487ffff,89a8100e267ffff,8943221347,9560548910,17.4592,0.039295,average_adult
89a8100c487ffff,89a8100e343ffff,8943221347,8943486125,15.1889,0.136113,average_adult
89a8100c487ffff,89a8100e347ffff,8943221347,477232281,17.0743,0.051878,average_adult
89a8100c487ffff,89a8100e34bffff,8943221347,389063239,9.778,0.517429,average_adult
89a8100c487ffff,89a8100e34fffff,8943221347,12334906522,14.1194,0.19857,average_adult
89a8100c487ffff,89a8100e35bffff,8943221347,9546062800,14.6915,0.16399,average_adult
89a8100c487ffff,89a8100e37bffff,8943221347,8943221373,19.1835,0.004107,average_adult
89a8100c48bffff,89a8100c403ffff,467764073,467743614,9.8177,0.514318,average_adult
89a8100c48bffff,89a8100c40fffff,467764073,2522075891,15.5048,0.119551,average_adult
89a8100c48bffff,89a8100c413ffff,467764073,466938077,6.0932,0.787938,average_adult
89a8100c48bffff,89a8100c417ffff,467764073,467743606,13.7306,0.223485,average_adult
89a8100c48bffff,89a8100c41bffff,467764073,467763633,15.4519,0.122263,average_adult
89a8100c48bffff,89a8100c483ffff,467764073,9091230323,10.3142,0.475334,average_adult
89a8100c48bffff,89a8100c487ffff,467764073,8943221347,15.6491,0.112298,average_adult
89a8100c48bffff,89a8100c48bffff,467764073,467764073,0.625,0.997592,average_adult
89a8100c48bffff,89a8100c48fffff,467764073,467743522,8.1124,0.646086,average_adult
89a8100c48bffff,89a8100c493ffff,467764073,9089875466,14.6155,0.168435,average_adult
89a8100c48bffff,89a8100c497ffff,467764073,9532442497,14.7405,0.161149,average_adult
89a8100c48bffff,89a8100c49bffff,467764073,9562434245,8.9592,0.581379,average_adult
89a8100c48bffff,89a8100c4bbffff,467764073,387095725,17.0515,0.052674,average_adult
89a8100c48bffff,89a8100c4c3ffff,467764073,4947385383,16.5663,0.070982,average_adult
89a8100c48bffff,89a8100c4cfffff,467764073,467763429,15.8105,0.104417,average_adult
89a8100c48bffff,89a8100c4d3ffff,467764073,9562600840,19.4588,0.001806,average_adult
89a8100c48bffff,89a8100c4d7ffff,467764073,9562334166,9.5861,0.532481,average_adult
89a8100c48bffff,89a8100c4dbffff,467764073,6634220130,19.6178,0.000901,average_adult
89a8100c48bffff,89a8100e22fffff,467764073,9085206286,19.0034,0.006114,average_adult
89a8100c48bffff,89a8100e263ffff,467764073,9560517151,19.8042,0.000236,average_adult
89a8100c48bffff,89a8100e267ffff,467764073,9560548910,15.6968,0.10994,average_adult
89a8100c48bffff,89a8100e26bffff,467764073,9528567209,17.4561,0.039392,average_adult
89a8100c48bffff,89a8100e26fffff,467764073,9562570594,16.4683,0.074987,average_adult
89a8100c48fffff,89a8100c403ffff,467743522,467743614,8.6995,0.601435,average_adult
89a8100c48fffff,89a8100c40fffff,467743522,2522075891,15.1074,0.140532,average_adult
89a8100c48fffff,89a8100c413ffff,467743522,466938077,4.975,0.854938,average_adult
89a8100c48fffff,89a8100c417ffff,467743522,467743606,12.1626,0.333398,average_adult
89a8100c48fffff,89a8100c41bffff,467743522,467763633,18.3922,0.01586,average_adult
89a8100c48fffff,89a8100c483ffff,467743522,9091230323,11.4872,0.384257,average_adult
89a8100c48fffff,89a8100c487ffff,467743522,8943221347,8.9218,0.58428,average_adult
89a8100c48fffff,89a8100c48bffff,467743522,467764073,6.0638,0.789824,average_adult
89a8100c48fffff,89a8100c48fffff,467743522,467743522,0.7321,0.996697,average_adult
89a8100c48fffff,89a8100c493ffff,467743522,9089875466,16.7615,0.063313,average_adult
89a8100c48fffff,89a8100c497ffff,467743522,9532442497,13.7044,0.225198,average_adult
89a8100c48fffff,89a8100c49bffff,467743522,9562434245,11.1052,0.413631,average_adult
89a8100c48fffff,89a8100c4a3ffff,467743522,12904007453,17.4086,0.040855,average_adult
89a8100c48fffff,89a8100c4bbffff,467743522,387095725,9.6712,0.525812,average_adult
89a8100c48fffff,89a8100c4c3ffff,467743522,4947385383,18.7123,0.010193,average_adult
89a8100c48fffff,89a8100c4cfffff,467743522,467763429,19.5529,0.001233,average_adult
89a8100c48fffff,89a8100c4d7ffff,467743522,9562334166,11.7322,0.365629,average_adult
89a8100c48fffff,89a8100e22fffff,467743522,9085206286,18.3519,0.016662,average_adult
89a8100c48fffff,89a8100e267ffff,467743522,9560548910,17.8428,0.02843,average_adult
89a8100c48fffff,89a8100e26bffff,467743522,9528567209,19.6021,0.000976,average_adult
89a8100c48fffff,89a8100e26fffff,467743522,9562570594,18.6143,0.011798,average_adult
89a8100c48fffff,89a8100e34bffff,467743522,389063239,15.0523,0.143553,average_adult
89a8100c48fffff,89a8100e34fffff,467743522,12334906522,19.1012,0.004975,average_adult
89a8100c48fffff,89a8100e35bffff,467743522,9546062800,19.9657,7e-06,average_adult
89a8100c493ffff,89a8100c483ffff,9089875466,9091230323,12.2349,0.328054,average_adult
89a8100c493ffff,89a8100c487ffff,9089875466,8943221347,16.6954,0.065863,average_adult
89a8100c493ffff,89a8100c48bffff,9089875466,467764073,14.5665,0.171323,average_adult
89a8100c493ffff,89a8100c48fffff,9089875466,467743522,19.0862,0.005142,average_adult
89a8100c493ffff,89a8100c493ffff,9089875466,9089875466,0.6519,0.997381,average_adult
89a8100c493ffff,89a8100c497ffff,9089875466,9532442497,11.3987,0.391026,average_adult
89a8100c493ffff,89a8100c49bffff,9089875466,9562434245,7.8493,0.665718,average_adult
89a8100c493ffff,89a8100c4d3ffff,9089875466,9562600840,18.5377,0.013132,average_adult
89a8100c493ffff,89a8100c4d7ffff,9089875466,9562334166,14.3012,0.187305,average_adult
89a8100c493ffff,89a8100e223ffff,9089875466,9085138924,14.4372,0.179041,average_adult
89a8100c493ffff,89a8100e227ffff,9089875466,8943483316,15.1826,0.136454,average_adult
89a8100c493ffff,89a8100e22bffff,9089875466,9111245172,12.8597,0.282879,average_adult
89a8100c493ffff,89a8100e22fffff,9089875466,9085206286,10.7049,0.444752,average_adult
89a8100c493ffff,89a8100e233ffff,9089875466,9083125917,19.4958,0.001567,average_adult
89a8100c493ffff,89a8100e237ffff,9089875466,9496451280,19.5259,0.001386,average_adult
89a8100c493ffff,89a8100e23bffff,9089875466,12911190024,17.9382,0.025994,average_adult
89a8100c493ffff,89a8100e263ffff,9089875466,9560517151,11.2666,0.401173,average_adult
89a8100c493ffff,89a8100e267ffff,9089875466,9560548910,5.5236,0.823312,average_adult
89a8100c493ffff,89a8100e26bffff,9089875466,9528567209,16.535,0.07225,average_adult
89a8100c493ffff,89a8100e26fffff,9089875466,9562570594,15.5472,0.117399,average_adult
89a8100c493ffff,89a8100e273ffff,9089875466,9512718996,16.4642,0.075156,average_adult
89a8100c493ffff,89a8100e277ffff,9089875466,9175432224,10.7787,0.438993,average_adult
89a8100c493ffff,89a8100e27bffff,9089875466,12911199240,15.585,0.115497,average_adult
89a8100c493ffff,89a8100e35bffff,9089875466,9546062800,18.4802,0.014181,average_adult
89a8100c497ffff,89a8100c403ffff,9532442497,467743614,19.6191,0.000895,average_adult
89a8100c497ffff,89a8100c413ffff,9532442497,466938077,15.8946,0.10041,average_adult
89a8100c497ffff,89a8100c417ffff,9532442497,467743606,19.2702,0.003281,average_adult
89a8100c497ffff,89a8100c483ffff,9532442497,9091230323,9.0509,0.574265,average_adult
89a8100c497ffff,89a8100c487ffff,9532442497,8943221347,7.569,0.686327,average_adult
89a8100c497ffff,89a8100c48bffff,9532442497,467764073,12.3667,0.318372,average_adult
89a8100c497ffff,89a8100c48fffff,9532442497,467743522,11.6517,0.371723,average_adult
89a8100c497ffff,89a8100c493ffff,9532442497,9089875466,8.4956,0.617059,average_adult
89a8100c497ffff,89a8100c497ffff,9532442497,9532442497,1.9592,0.97651,average_adult
89a8100c497ffff,89a8100c49bffff,9532442497,9562434245,11.1767,0.408107,average_adult
89a8100c497ffff,89a8100c4a3ffff,9532442497,12904007453,18.7923,0.00897,average_adult
89a8100c497ffff,89a8100c4bbffff,9532442497,387095725,13.5606,0.234705,average_adult
89a8100c497ffff,89a8100c4d7ffff,9532442497,9562334166,16.6771,0.06658,average_adult
89a8100c497ffff,89a8100e223ffff,9532442497,9085138924,11.5882,0.376552,average_adult
89a8100c497ffff,89a8100e227ffff,9532442497,8943483316,10.0998,0.492164,average_adult
89a8100c497ffff,89a8100e22bffff,9532442497,9111245172,13.337,0.249749,average_adult
89a8100c497ffff,89a8100e22fffff,9532442497,9085206286,7.1621,0.715576,average_adult
89a8100c497ffff,89a8100e233ffff,9532442497,9083125917,16.6468,0.067769,average_adult
89a8100c497ffff,89a8100e237ffff,9532442497,9496451280,16.4798,0.074513,average_adult
89a8100c497ffff,89a8100e23bffff,9532442497,12911190024,17.4486,0.03962,average_adult
89a8100c497ffff,89a8100e263ffff,9532442497,9560517151,18.9712,0.006515,average_adult
89a8100c497ffff,89a8100e267ffff,9532442497,9560548910,13.2451,0.256024,average_adult
89a8100c497ffff,89a8100e26bffff,9532442497,9528567209,19.6736,0.000657,average_adult
89a8100c497ffff,89a8100e26fffff,9532442497,9562570594,18.6858,0.010616,average_adult
89a8100c497ffff,89a8100e277ffff,9532442497,9175432224,18.5506,0.012903,average_adult
89a8100c497ffff,89a8100e343ffff,9532442497,8943486125,18.4328,0.015074,average_adult
89a8100c497ffff,89a8100e34bffff,9532442497,389063239,12.325,0.321427,average_adult
89a8100c497ffff,89a8100e353ffff,9532442497,6945448510,15.3285,0.128682,average_adult
89a8100c497ffff,89a8100e357ffff,9532442497,9509533701,17.3651,0.042219,average_adult
89a8100c497ffff,89a8100e35bffff,9532442497,9546062800,9.3866,0.548105,average_adult
89a8100c497ffff,89a8100e3cbffff,9532442497,9523090342,16.5108,0.073236,average_adult
89a8100c497ffff,89a8100e3cfffff,9532442497,9509243980,16.3677,0.079199,average_adult
89a8100c49bffff,89a8100c413ffff,9562434245,466938077,16.345,0.080166,average_adult
89a8100c49bffff,89a8100c41bffff,9562434245,467763633,19.5683,0.001149,average_adult
89a8100c49bffff,89a8100c483ffff,9562434245,9091230323,10.9892,0.422621,average_adult
89a8100c49bffff,89a8100c487ffff,9562434245,8943221347,16.7545,0.06358,average_adult
89a8100c49bffff,89a8100c48bffff,9562434245,467764073,10.8768,0.431353,average_adult
89a8100c49bffff,89a8100c48fffff,9562434245,467743522,15.6598,0.111765,average_adult
89a8100c49bffff,89a8100c493ffff,9562434245,9089875466,8.4283,0.622193,average_adult
89a8100c49bffff,89a8100c497ffff,9562434245,9532442497,14.2496,0.190475,average_adult
89a8100c49bffff,89a8100c49bffff,9562434245,9562434245,0.0481,0.999986,average_adult
89a8100c49bffff,89a8100c4c3ffff,9562434245,4947385383,14.7756,0.159126,average_adult
89a8100c49bffff,89a8100c4c7ffff,9562434245,1467730305,18.5849,0.012301,average_adult
89a8100c49bffff,89a8100c4cfffff,9562434245,467763429,19.1726,0.004217,average_adult
89a8100c49bffff,89a8100c4d3ffff,9562434245,9562600840,12.032,0.343103,average_adult
89a8100c49bffff,89a8100c4d7ffff,9562434245,9562334166,7.7954,0.669705,average_adult
89a8100c49bffff,89a8100c4dbffff,9562434245,6634220130,17.8271,0.028844,average_adult
89a8100c49bffff,89a8100e223ffff,9562434245,9085138924,19.8395,0.000159,average_adult
89a8100c49bffff,89a8100e227ffff,9562434245,8943483316,19.8323,0.000173,average_adult
89a8100c49bffff,89a8100e22fffff,9562434245,9085206286,15.3546,0.12731,average_adult
89a8100c49bffff,89a8100e263ffff,9562434245,9560517151,11.2917,0.399244,average_adult
89a8100c49bffff,89a8100e267ffff,9562434245,9560548910,7.2889,0.70655,average_adult
89a8100c49bffff,89a8100e26bffff,9562434245,9528567209,8.8069,0.593158,average_adult
89a8100c49bffff,89a8100e26fffff,9562434245,9562570594,7.8191,0.667955,average_adult
89a8100c49bffff,89a8100e273ffff,9562434245,9512718996,19.0266,0.005834,average_adult
89a8100c49bffff,89a8100e277ffff,9562434245,9175432224,16.862,0.059522,average_adult
89a8100c49bffff,89a8100e27bffff,9562434245,12911199240,15.7233,0.108641,average_adult
89a8100c49bffff,89a8100f1a7ffff,9562434245,8941348148,14.6173,0.168326,average_adult
89a8100c49bffff,89a8100f1b7ffff,9562434245,1489531937,16.3814,0.078622,average_adult
89a8100c4a3ffff,89a8100c403ffff,12904007453,467743614,16.5659,0.070998,average_adult
89a8100c4a3ffff,89a8100c407ffff,12904007453,12882374109,13.2034,0.258892,average_adult
89a8100c4a3ffff,89a8100c413ffff,12904007453,466938077,18.6647,0.010959,average_adult
89a8100c4a3ffff,89a8100c417ffff,12904007453,467743606,12.5192,0.307268,average_adult
89a8100c4a3ffff,89a8100c423ffff,12904007453,12915366285,14.9628,0.148518,average_adult
89a8100c4a3ffff,89a8100c427ffff,12904007453,12986505496,19.6589,0.000717,average_adult
89a8100c4a3ffff,89a8100c433ffff,12904007453,12832662172,10.083,0.493485,average_adult
89a8100c4a3ffff,89a8100c437ffff,12904007453,12941702505,16.1523,0.088579,average_adult
89a8100c4a3ffff,89a8100c43bffff,12904007453,12826024589,14.7667,0.159636,average_adult
89a8100c4a3ffff,89a8100c483ffff,12904007453,9091230323,16.3484,0.080023,average_adult
89a8100c4a3ffff,89a8100c487ffff,12904007453,8943221347,11.6235,0.373866,average_adult
89a8100c4a3ffff,89a8100c48bffff,12904007453,467764073,19.9639,8e-06,average_adult
89a8100c4a3ffff,89a8100c48fffff,12904007453,467743522,14.6322,0.167453,average_adult
89a8100c4a3ffff,89a8100c497ffff,12904007453,9532442497,18.4505,0.014737,average_adult
89a8100c4a3ffff,89a8100c4a3ffff,12904007453,12904007453,0.6843,0.997114,average_adult
89a8100c4a3ffff,89a8100c4a7ffff,12904007453,12889670101,7.1501,0.716426,average_adult
89a8100c4a3ffff,89a8100c4abffff,12904007453,5049652087,5.9421,0.797558,average_adult
89a8100c4a3ffff,89a8100c4afffff,12904007453,12996381317,9.0928,0.571014,average_adult
89a8100c4a3ffff,89a8100c4b3ffff,12904007453,8943221351,8.7363,0.598598,average_adult
89a8100c4a3ffff,89a8100c4b7ffff,12904007453,387095770,5.6559,0.815314,average_adult
89a8100c4a3ffff,89a8100c4bbffff,12904007453,387095725,6.8095,0.740221,average_adult
89a8100c4a3ffff,89a8100c5d3ffff,12904007453,1097971350,19.3906,0.002289,average_adult
89a8100c4a3ffff,89a8100c5dbffff,12904007453,12535296158,14.0661,0.201922,average_adult
89a8100c4a3ffff,89a8100e34bffff,12904007453,389063239,16.0874,0.091493,average_adult
89a8100c4a3ffff,89a8100e34fffff,12904007453,12334906522,11.1772,0.408068,average_adult
89a8100c4a7ffff,89a8100c433ffff,12889670101,12832662172,17.5773,0.03577,average_adult
89a8100c4a7ffff,89a8100c437ffff,12889670101,12941702505,16.4962,0.073836,average_adult
89a8100c4a7ffff,89a8100c487ffff,12889670101,8943221347,19.4349,0.001969,average_adult
89a8100c4a7ffff,89a8100c4a3ffff,12889670101,12904007453,8.4957,0.617054,average_adult
89a8100c4a7ffff,89a8100c4a7ffff,12889670101,12889670101,0.8178,0.995881,average_adult
89a8100c4a7ffff,89a8100c4abffff,12889670101,5049652087,13.4365,0.243017,average_adult
89a8100c4a7ffff,89a8100c4afffff,12889670101,12996381317,10.0318,0.497504,average_adult
89a8100c4a7ffff,89a8100c4b3ffff,12889670101,8943221351,11.8658,0.355551,average_adult
89a8100c4a7ffff,89a8100c4b7ffff,12889670101,387095770,7.5078,0.690776,average_adult
89a8100c4a7ffff,89a8100c4bbffff,12889670101,387095725,14.6209,0.168114,average_adult
89a8100c4a7ffff,89a8100c5d3ffff,12889670101,1097971350,19.7345,0.000435,average_adult
89a8100c4a7ffff,89a8100c5dbffff,12889670101,12535296158,14.4101,0.180679,average_adult
89a8100c4a7ffff,89a8100e34fffff,12889670101,12334906522,16.0731,0.092144,average_adult
89a8100c4abffff,89a8100c407ffff,5049652087,12882374109,10.5487,0.456958,average_adult
89a8100c4abffff,89a8100c417ffff,5049652087,467743606,17.4169,0.040599,average_adult
89a8100c4abffff,89a8100c423ffff,5049652087,12915366285,12.7452,0.291012,average_adult
89a8100c4abffff,89a8100c42bffff,5049652087,12943884579,18.333,0.017044,average_adult
89a8100c4abffff,89a8100c433ffff,5049652087,12832662172,7.4514,0.694862,average_adult
89a8100c4abffff,89a8100c437ffff,5049652087,12941702505,16.1868,0.087045,average_adult
89a8100c4abffff,89a8100c43bffff,5049652087,12826024589,12.1121,0.337144,average_adult
89a8100c4abffff,89a8100c487ffff,5049652087,8943221347,16.5212,0.072812,average_adult
89a8100c4abffff,89a8100c48fffff,5049652087,467743522,19.5299,0.001363,average_adult
89a8100c4abffff,89a8100c4a3ffff,5049652087,12904007453,7.8769,0.663674,average_adult
89a8100c4abffff,89a8100c4a7ffff,5049652087,12889670101,13.9711,0.207948,average_adult
89a8100c4abffff,89a8100c4abffff,5049652087,5049652087,0.7423,0.996605,average_adult
89a8100c4abffff,89a8100c4afffff,5049652087,12996381317,10.5473,0.457066,average_adult
89a8100c4abffff,89a8100c4b3ffff,5049652087,8943221351,15.9289,0.098797,average_adult
89a8100c4abffff,89a8100c4b7ffff,5049652087,387095770,12.651,0.297754,average_adult
89a8100c4abffff,89a8100c4bbffff,5049652087,387095725,11.7072,0.367518,average_adult
89a8100c4abffff,89a8100c5dbffff,5049652087,12535296158,19.6104,0.000936,average_adult
89a8100c4abffff,89a8100e34fffff,5049652087,12334906522,17.212,0.047185,average_adult
89a8100c4afffff,89a8100c407ffff,12996381317,12882374109,15.0951,0.141204,average_adult
89a8100c4afffff,89a8100c423ffff,12996381317,12915366285,12.8659,0.282442,average_adult
89a8100c4afffff,89a8100c427ffff,12996381317,12986505496,14.1376,0.197434,average_adult
89a8100c4afffff,89a8100c42bffff,12996381317,12943884579,18.808,0.008738,average_adult
89a8100c4afffff,89a8100c433ffff,12996381317,12832662172,9.3852,0.548209,average_adult
89a8100c4afffff,89a8100c437ffff,12996381317,12941702505,10.6309,0.450528,average_adult
89a8100c4afffff,89a8100c43bffff,12996381317,12826024589,15.2654,0.132021,average_adult
89a8100c4afffff,89a8100c487ffff,12996381317,8943221347,19.4709,0.001726,average_adult
89a8100c4afffff,89a8100c4a3ffff,12996381317,12904007453,9.6882,0.524481,average_adult
89a8100c4afffff,89a8100c4a7ffff,12996381317,12889670101,9.6926,0.524136,average_adult
89a8100c4afffff,89a8100c4abffff,12996381317,5049652087,10.8679,0.432043,average_adult
89a8100c4afffff,89a8100c4afffff,12996381317,12996381317,0.6056,0.99774,average_adult
89a8100c4afffff,89a8100c4b3ffff,12996381317,8943221351,17.472,0.038906,average_adult
89a8100c4afffff,89a8100c4b7ffff,12996381317,387095770,13.9783,0.207489,average_adult
89a8100c4afffff,89a8100c4bbffff,12996381317,387095725,14.6569,0.166004,average_adult
89a8100c4afffff,89a8100c5c3ffff,12996381317,303868171,18.7813,0.009134,average_adult
89a8100c4afffff,89a8100c5d3ffff,12996381317,1097971350,15.8557,0.102256,average_adult
89a8100c4afffff,89a8100c5dbffff,12996381317,12535296158,10.5313,0.458322,average_adult
89a8100c4afffff,89a8100e34fffff,12996381317,12334906522,19.9967,0.0,average_adult
89a8100c4afffff,89a8100e36bffff,12996381317,389063054,18.5717,0.012531,average_adult
89a8100c4afffff,89a8100e36fffff,12996381317,389063008,18.6529,0.011152,average_adult
89a8100c4b3ffff,89a8100c433ffff,8943221351,12832662172,19.2342,0.003613,average_adult
89a8100c4b3ffff,89a8100c4a3ffff,8943221351,12904007453,9.8355,0.512915,average_adult
89a8100c4b3ffff,89a8100c4a7ffff,8943221351,12889670101,12.3589,0.318946,average_adult
89a8100c4b3ffff,89a8100c4abffff,8943221351,5049652087,15.0934,0.1413,average_adult
89a8100c4b3ffff,89a8100c4afffff,8943221351,12996381317,18.244,0.0189,average_adult
89a8100c4b3ffff,89a8100c4b3ffff,8943221351,8943221351,1.5448,0.985351,average_adult
89a8100c4b3ffff,89a8100c4b7ffff,8943221351,387095770,9.6243,0.529492,average_adult
89a8100c4b3ffff,89a8100c4bbffff,8943221351,387095725,15.9608,0.09731,average_adult
89a8100c4b3ffff,89a8100e34fffff,8943221351,12334906522,8.9672,0.580759,average_adult
89a8100c4b7ffff,89a8100c407ffff,387095770,12882374109,19.498,0.001554,average_adult
89a8100c4b7ffff,89a8100c417ffff,387095770,467743606,18.9351,0.006978,average_adult
89a8100c4b7ffff,89a8100c433ffff,387095770,12832662172,16.3776,0.078781,average_adult
89a8100c4b7ffff,89a8100c487ffff,387095770,8943221347,18.0395,0.023523,average_adult
89a8100c4b7ffff,89a8100c4a3ffff,387095770,12904007453,7.1002,0.719952,average_adult
89a8100c4b7ffff,89a8100c4a7ffff,387095770,12889670101,7.571,0.686179,average_adult
89a8100c4b7ffff,89a8100c4abffff,387095770,5049652087,12.2368,0.327917,average_adult
89a8100c4b7ffff,89a8100c4afffff,387095770,12996381317,15.0787,0.142102,average_adult
89a8100c4b7ffff,89a8100c4b3ffff,387095770,8943221351,9.1944,0.563104,average_adult
89a8100c4b7ffff,89a8100c4b7ffff,387095770,387095770,1.3323,0.989091,average_adult
89a8100c4b7ffff,89a8100c4bbffff,387095770,387095725,13.2255,0.257371,average_adult
89a8100c4b7ffff,89a8100c5dbffff,387095770,12535296158,19.457,0.001818,average_adult
89a8100c4b7ffff,89a8100e34fffff,387095770,12334906522,13.4017,0.245364,average_adult
89a8100c4bbffff,89a8100c403ffff,387095725,467743614,10.2107,0.483457,average_adult
89a8100c4bbffff,89a8100c407ffff,387095725,12882374109,17.4171,0.04059,average_adult
89a8100c4bbffff,89a8100c40fffff,387095725,2522075891,16.6186,0.068886,average_adult
89a8100c4bbffff,89a8100c413ffff,387095725,466938077,12.3094,0.322573,average_adult
89a8100c4bbffff,89a8100c417ffff,387095725,467743606,6.1639,0.783381,average_adult
89a8100c4bbffff,89a8100c433ffff,387095725,12832662172,16.8384,0.060401,average_adult
89a8100c4bbffff,89a8100c483ffff,387095725,9091230323,12.8398,0.284288,average_adult
89a8100c4bbffff,89a8100c487ffff,387095725,8943221347,8.3424,0.628724,average_adult
89a8100c4bbffff,89a8100c48bffff,387095725,467764073,14.1376,0.197435,average_adult
89a8100c4bbffff,89a8100c48fffff,387095725,467743522,8.8059,0.593236,average_adult
89a8100c4bbffff,89a8100c493ffff,387095725,9089875466,19.9681,6e-06,average_adult
89a8100c4bbffff,89a8100c497ffff,387095725,9532442497,15.057,0.143294,average_adult
89a8100c4bbffff,89a8100c49bffff,387095725,9562434245,18.0189,0.024015,average_adult
89a8100c4bbffff,89a8100c4a3ffff,387095725,12904007453,8.8515,0.589717,average_adult
89a8100c4bbffff,89a8100c4a7ffff,387095725,12889670101,15.3173,0.12927,average_adult
89a8100c4bbffff,89a8100c4abffff,387095725,5049652087,11.5664,0.378215,average_adult
89a8100c4bbffff,89a8100c4afffff,387095725,12996381317,15.8482,0.102613,average_adult
89a8100c4bbffff,89a8100c4b3ffff,387095725,8943221351,16.9035,0.057988,average_adult
89a8100c4bbffff,89a8100c4b7ffff,387095725,387095770,13.8231,0.217457,average_adult
89a8100c4bbffff,89a8100c4bbffff,387095725,387095725,0.4543,0.998728,average_adult
89a8100c4bbffff,89a8100c4d7ffff,387095725,9562334166,19.8059,0.000232,average_adult
89a8100c4bbffff,89a8100e22fffff,387095725,9085206286,19.7045,0.000539,average_adult
89a8100c4bbffff,89a8100e343ffff,387095725,8943486125,17.5377,0.036936,average_adult
89a8100c4bbffff,89a8100e347ffff,387095725,477232281,19.4231,0.002052,average_adult
89a8100c4bbffff,89a8100e34bffff,387095725,389063239,12.8063,0.286664,average_adult
89a8100c4bbffff,89a8100e34fffff,387095725,12334906522,10.544,0.457323,average_adult
89a8100c4bbffff,89a8100e35bffff,387095725,9546062800,18.2341,0.019114,average_adult
89a8100c4c3ffff,89a8100c41bffff,4947385383,467763633,19.1215,0.004753,average_adult
89a8100c4c3ffff,89a8100c453ffff,4947385383,467820559,18.3302,0.0171,average_adult
89a8100c4c3ffff,89a8100c457ffff,4947385383,467820599,18.844,0.008221,average_adult
89a8100c4c3ffff,89a8100c48bffff,4947385383,467764073,19.8965,6.6e-05,average_adult
89a8100c4c3ffff,89a8100c49bffff,4947385383,9562434245,16.5721,0.070748,average_adult
89a8100c4c3ffff,89a8100c4c3ffff,4947385383,4947385383,0.5926,0.997835,average_adult
89a8100c4c3ffff,89a8100c4c7ffff,4947385383,1467730305,7.8612,0.664837,average_adult
89a8100c4c3ffff,89a8100c4cbffff,4947385383,467842583,6.2646,0.776829,average_adult
89a8100c4c3ffff,89a8100c4cfffff,4947385383,467763429,8.5796,0.610635,average_adult
89a8100c4c3ffff,89a8100c4d7ffff,4947385383,9562334166,8.0763,0.648802,average_adult
89a8100c4c3ffff,89a8100c4dbffff,4947385383,6634220130,6.6109,0.753781,average_adult
89a8100c4c3ffff,89a8100e26bffff,4947385383,9528567209,17.3202,0.043647,average_adult
89a8100c4c3ffff,89a8100f127ffff,4947385383,413363270,13.2493,0.255738,average_adult
89a8100c4c3ffff,89a8100f137ffff,4947385383,413363599,16.4872,0.074207,average_adult
89a8100c4c3ffff,89a8100f1a7ffff,4947385383,8941348148,12.6462,0.298099,average_adult
89a8100c4c3ffff,89a8100f1b7ffff,4947385383,1489531937,19.9718,5e-06,average_adult
89a8100c4c7ffff,89a8100c41bffff,1467730305,467763633,18.8778,0.007748,average_adult
89a8100c4c7ffff,89a8100c453ffff,1467730305,467820559,18.0866,0.022414,average_adult
89a8100c4c7ffff,89a8100c457ffff,1467730305,467820599,18.6003,0.012036,average_adult
89a8100c4c7ffff,89a8100c49bffff,1467730305,9562434245,19.3703,0.002444,average_adult
89a8100c4c7ffff,89a8100c4c3ffff,1467730305,4947385383,7.1271,0.718055,average_adult
89a8100c4c7ffff,89a8100c4c7ffff,1467730305,1467730305,2.5294,0.961052,average_adult
89a8100c4c7ffff,89a8100c4cbffff,1467730305,467842583,11.9839,0.346695,average_adult
89a8100c4c7ffff,89a8100c4cfffff,1467730305,467763429,8.336,0.629211,average_adult
89a8100c4c7ffff,89a8100c4d7ffff,1467730305,9562334166,10.8745,0.431534,average_adult
89a8100c4c7ffff,89a8100c4dbffff,1467730305,6634220130,10.3575,0.471941,average_adult
89a8100c4c7ffff,89a8100f127ffff,1467730305,413363270,18.9147,0.007248,average_adult
89a8100c4c7ffff,89a8100f1a7ffff,1467730305,8941348148,16.3928,0.078141,average_adult
89a8100c4cbffff,89a8100c453ffff,467842583,467820559,14.0086,0.205562,average_adult
89a8100c4cbffff,89a8100c4c3ffff,467842583,4947385383,9.1389,0.567422,average_adult
89a8100c4cbffff,89a8100c4c7ffff,467842583,1467730305,15.2972,0.130332,average_adult
89a8100c4cbffff,89a8100c4cbffff,467842583,467842583,1.8143,0.979831,average_adult
89a8100c4cbffff,89a8100c4cfffff,467842583,467763429,10.1877,0.485262,average_adult
89a8100c4cbffff,89a8100c4d7ffff,467842583,9562334166,16.6226,0.068729,average_adult
89a8100c4cbffff,89a8100c4dbffff,467842583,6634220130,6.8119,0.740056,average_adult
89a8100c4cbffff,89a8100e26bffff,467842583,9528567209,18.0139,0.024135,average_adult
89a8100c4cbffff,89a8100f127ffff,467842583,413363270,8.799,0.593768,average_adult
89a8100c4cbffff,89a8100f137ffff,467842583,413363599,12.0742,0.339961,average_adult
89a8100c4cbffff,89a8100f1a7ffff,467842583,8941348148,13.34,0.24955,average_adult
89a8100c4cfffff,89a8100c403ffff,467763429,467743614,17.6932,0.032467,average_adult
89a8100c4cfffff,89a8100c40bffff,467763429,3807737497,17.6831,0.032749,average_adult
89a8100c4cfffff,89a8100c41bffff,467763429,467763633,11.412,0.390008,average_adult
89a8100c4cfffff,89a8100c443ffff,467763429,4947151527,15.6165,0.113918,average_adult
89a8100c4cfffff,89a8100c447ffff,467763429,3472333400,16.8075,0.061562,average_adult
89a8100c4cfffff,89a8100c453ffff,467763429,467820559,10.6208,0.451321,average_adult
89a8100c4cfffff,89a8100c457ffff,467763429,467820599,11.1345,0.411367,average_adult
89a8100c4cfffff,89a8100c45bffff,467763429,467820516,19.091,0.005088,average_adult
89a8100c4cfffff,89a8100c48bffff,467763429,467764073,18.6997,0.010393,average_adult
89a8100c4cfffff,89a8100c4c3ffff,467763429,4947385383,8.8658,0.588611,average_adult
89a8100c4cfffff,89a8100c4c7ffff,467763429,1467730305,9.0786,0.572112,average_adult
89a8100c4cfffff,89a8100c4cbffff,467763429,467842583,5.6784,0.813941,average_adult
89a8100c4cfffff,89a8100c4cfffff,467763429,467763429,0.8702,0.995337,average_adult
89a8100c4cfffff,89a8100c4d7ffff,467763429,9562334166,14.8576,0.154444,average_adult
89a8100c4cfffff,89a8100c4dbffff,467763429,6634220130,8.8886,0.586843,average_adult
89a8100c4cfffff,89a8100e26bffff,467763429,9528567209,19.5979,0.000997,average_adult
89a8100c4cfffff,89a8100f127ffff,467763429,413363270,11.4489,0.387183,average_adult
89a8100c4cfffff,89a8100f137ffff,467763429,413363599,14.7241,0.162097,average_adult
89a8100c4cfffff,89a8100f1a7ffff,467763429,8941348148,14.9239,0.150696,average_adult
89a8100c4d3ffff,89a8100c493ffff,9562600840,9089875466,19.6797,0.000633,average_adult
89a8100c4d3ffff,89a8100c49bffff,9562600840,9562434245,12.5951,0.301781,average_adult
89a8100c4d3ffff,89a8100c4c3ffff,9562600840,4947385383,19.3479,0.002621,average_adult
89a8100c4d3ffff,89a8100c4cbffff,9562600840,467842583,17.1441,0.049473,average_adult
89a8100c4d3ffff,89a8100c4d3ffff,9562600840,9562600840,1.8771,0.978423,average_adult
89a8100c4d3ffff,89a8100c4d7ffff,9562600840,9562334166,18.8244,0.008501,average_adult
89a8100c4d3ffff,89a8100c4dbffff,9562600840,6634220130,11.9463,0.349506,average_adult
89a8100c4d3ffff,89a8100e263ffff,9562600840,9560517151,17.5006,0.038042,average_adult
89a8100c4d3ffff,89a8100e267ffff,9562600840,9560548910,18.5281,0.013304,average_adult
89a8100c4d3ffff,89a8100e26bffff,9562600840,9528567209,11.4224,0.389215,average_adult
89a8100c4d3ffff,89a8100e26fffff,9562600840,9562570594,10.0144,0.498868,average_adult
89a8100c4d3ffff,89a8100e27bffff,9562600840,12911199240,19.4824,0.001651,average_adult
89a8100c4d3ffff,89a8100f137ffff,9562600840,413363599,18.9046,0.007384,average_adult
89a8100c4d3ffff,89a8100f1a7ffff,9562600840,8941348148,10.1894,0.485125,average_adult
89a8100c4d3ffff,89a8100f1b7ffff,9562600840,1489531937,17.0216,0.05373,average_adult
89a8100c4d7ffff,89a8100c413ffff,9562334166,466938077,18.3043,0.017633,average_adult
89a8100c4d7ffff,89a8100c41bffff,9562334166,467763633,15.5455,0.117487,average_adult
89a8100c4d7ffff,89a8100c483ffff,9562334166,9091230323,17.8745,0.027611,average_adult
89a8100c4d7ffff,89a8100c48bffff,9562334166,467764073,12.8361,0.28455,average_adult
89a8100c4d7ffff,89a8100c48fffff,9562334166,467743522,17.6191,0.034561,average_adult
89a8100c4d7ffff,89a8100c493ffff,9562334166,9089875466,16.5963,0.069776,average_adult
89a8100c4d7ffff,89a8100c49bffff,9562334166,9562434245,9.5116,0.538318,average_adult
89a8100c4d7ffff,89a8100c4c3ffff,9562334166,4947385383,7.9959,0.654812,average_adult
89a8100c4d7ffff,89a8100c4c7ffff,9562334166,1467730305,11.8053,0.360106,average_adult
89a8100c4d7ffff,89a8100c4cbffff,9562334166,467842583,13.668,0.227595,average_adult
89a8100c4d7ffff,89a8100c4cfffff,9562334166,467763429,15.1498,0.138228,average_adult
89a8100c4d7ffff,89a8100c4d7ffff,9562334166,9562334166,0.8943,0.995074,average_adult
89a8100c4d7ffff,89a8100c4dbffff,9562334166,6634220130,11.0474,0.418107,average_adult
89a8100c4d7ffff,89a8100e267ffff,9562334166,9560548910,16.2493,0.084297,average_adult
89a8100c4d7ffff,89a8100e26bffff,9562334166,9528567209,17.5919,0.035347,average_adult
89a8100c4d7ffff,89a8100e26fffff,9562334166,9562570594,17.0207,0.05376,average_adult
89a8100c4d7ffff,89a8100f127ffff,9562334166,413363270,19.7853,0.000284,average_adult
89a8100c4d7ffff,89a8100f137ffff,9562334166,413363599,18.9158,0.007234,average_adult
89a8100c4d7ffff,89a8100f1a7ffff,9562334166,8941348148,14.108,0.199285,average_adult
89a8100c4dbffff,89a8100c453ffff,6634220130,467820559,17.6326,0.034177,average_adult
89a8100c4dbffff,89a8100c4c3ffff,6634220130,4947385383,11.1079,0.413423,average_adult
89a8100c4dbffff,89a8100c4c7ffff,6634220130,1467730305,16.8265,0.060848,average_adult
89a8100c4dbffff,89a8100c4cbffff,6634220130,467842583,8.7443,0.597985,average_adult
89a8100c4dbffff,89a8100c4cfffff,6634220130,467763429,14.8606,0.15427,average_adult
89a8100c4dbffff,89a8100c4d3ffff,6634220130,9562600840,17.6214,0.034494,average_adult
89a8100c4dbffff,89a8100c4d7ffff,6634220130,9562334166,16.1203,0.090009,average_adult
89a8100c4dbffff,89a8100c4dbffff,6634220130,6634220130,1.213,0.990951,average_adult
89a8100c4dbffff,89a8100e26bffff,6634220130,9528567209,14.4156,0.180342,average_adult
89a8100c4dbffff,89a8100e27bffff,6634220130,12911199240,19.5429,0.001288,average_adult
89a8100c4dbffff,89a8100f127ffff,6634220130,413363270,9.9509,0.503855,average_adult
89a8100c4dbffff,89a8100f137ffff,6634220130,413363599,11.0893,0.414863,average_adult
89a8100c4dbffff,89a8100f1a3ffff,6634220130,7288855586,18.0606,0.023022,average_adult
89a8100c4dbffff,89a8100f1a7ffff,6634220130,8941348148,7.8273,0.667352,average_adult
89a8100c4dbffff,89a8100f1afffff,6634220130,413363541,15.4406,0.122842,average_adult
89a8100c4dbffff,89a8100f1b7ffff,6634220130,1489531937,14.8603,0.154287,average_adult
89a8100c503ffff,89a8100c503ffff,11341903975,11341903975,0.7423,0.996605,average_adult
89a8100c503ffff,89a8100c507ffff,11341903975,11401601119,8.0945,0.647435,average_adult
89a8100c503ffff,89a8100c50bffff,11341903975,13452873729,13.1622,0.261729,average_adult
89a8100c503ffff,89a8100c50fffff,11341903975,11279900601,9.271,0.55713,average_adult
89a8100c503ffff,89a8100c513ffff,11341903975,303862596,8.9703,0.580523,average_adult
89a8100c503ffff,89a8100c517ffff,11341903975,11409667724,12.0963,0.338313,average_adult
89a8100c503ffff,89a8100c51bffff,11341903975,12586078227,10.7156,0.443917,average_adult
89a8100c503ffff,89a8100c533ffff,11341903975,11384427621,13.3681,0.247642,average_adult
89a8100c503ffff,89a8100c53bffff,11341903975,2308420508,13.7784,0.220364,average_adult
89a8100c503ffff,89a8100c547ffff,11341903975,12703971545,19.4907,0.001599,average_adult
89a8100c503ffff,89a8100c557ffff,11341903975,12697580224,17.721,0.031699,average_adult
89a8100c503ffff,89a8100c573ffff,11341903975,457593059,13.6565,0.22835,average_adult
89a8100c503ffff,89a8100c583ffff,11341903975,12265197248,18.8149,0.008639,average_adult
89a8100c503ffff,89a8100c587ffff,11341903975,11373935088,15.9137,0.099514,average_adult
89a8100c503ffff,89a8100c58bffff,11341903975,1393378103,13.8452,0.216027,average_adult
89a8100c503ffff,89a8100c58fffff,11341903975,4252790480,12.8036,0.286854,average_adult
89a8100c503ffff,89a8100c59bffff,11341903975,8954073387,18.2346,0.019101,average_adult
89a8100c503ffff,89a8100c5abffff,11341903975,11394279071,12.2282,0.32855,average_adult
89a8100c503ffff,89a8100c5bbffff,11341903975,303855012,14.6838,0.164438,average_adult
89a8100c503ffff,89a8100c5c7ffff,11341903975,2816708327,13.0571,0.269018,average_adult
89a8100c503ffff,89a8100c5cfffff,11341903975,2687705140,18.9394,0.006922,average_adult
89a8100c503ffff,89a8100c5d7ffff,11341903975,303867318,16.3949,0.078049,average_adult
89a8100c507ffff,89a8100c503ffff,11401601119,11341903975,9.5816,0.532836,average_adult
89a8100c507ffff,89a8100c507ffff,11401601119,11401601119,1.6411,0.983478,average_adult
89a8100c507ffff,89a8100c50fffff,11401601119,11279900601,10.4757,0.462674,average_adult
89a8100c507ffff,89a8100c513ffff,11401601119,303862596,16.9518,0.056228,average_adult
89a8100c507ffff,89a8100c517ffff,11401601119,11409667724,12.0512,0.341671,average_adult
89a8100c507ffff,89a8100c51bffff,11401601119,12586078227,19.279,0.003203,average_adult
89a8100c507ffff,89a8100c533ffff,11401601119,11384427621,6.9147,0.732943,average_adult
89a8100c507ffff,89a8100c53bffff,11401601119,2308420508,7.6742,0.678634,average_adult
89a8100c507ffff,89a8100c573ffff,11401601119,457593059,19.0192,0.005922,average_adult
89a8100c507ffff,89a8100c58fffff,11401601119,4252790480,17.6968,0.032368,average_adult
89a8100c507ffff,89a8100c5abffff,11401601119,11394279071,7.6558,0.679983,average_adult
89a8100c507ffff,89a8100c5bbffff,11401601119,303855012,13.66,0.228119,average_adult
89a8100c50bffff,89a8100c503ffff,13452873729,11341903975,13.2081,0.258565,average_adult
89a8100c50bffff,89a8100c507ffff,13452873729,11401601119,17.8604,0.027973,average_adult
89a8100c50bffff,89a8100c50bffff,13452873729,13452873729,1.4627,0.986861,average_adult
89a8100c50bffff,89a8100c50fffff,13452873729,11279900601,8.5231,0.614957,average_adult
89a8100c50bffff,89a8100c513ffff,13452873729,303862596,15.1334,0.139114,average_adult
89a8100c50bffff,89a8100c51bffff,13452873729,12586078227,12.267,0.325691,average_adult
89a8100c50bffff,89a8100c543ffff,13452873729,7721333437,19.4954,0.00157,average_adult
89a8100c50bffff,89a8100c547ffff,13452873729,12703971545,8.0167,0.653258,average_adult
89a8100c50bffff,89a8100c54fffff,13452873729,11423253323,16.4985,0.073742,average_adult
89a8100c50bffff,89a8100c553ffff,13452873729,12227887010,18.3823,0.016055,average_adult
89a8100c50bffff,89a8100c557ffff,13452873729,12697580224,6.2646,0.776833,average_adult
89a8100c50bffff,89a8100c573ffff,13452873729,457593059,6.9375,0.731357,average_adult
89a8100c50bffff,89a8100c5c7ffff,13452873729,2816708327,19.2203,0.003746,average_adult
89a8100c50bffff,89a8100c5cbffff,13452873729,13037844868,18.698,0.01042,average_adult
89a8100c50bffff,89a8100c5cfffff,13452873729,2687705140,16.1902,0.086894,average_adult
89a8100c50fffff,89a8100c503ffff,11279900601,11341903975,10.0085,0.499331,average_adult
89a8100c50fffff,89a8100c507ffff,11279900601,11401601119,9.581,0.532885,average_adult
89a8100c50fffff,89a8100c50bffff,11279900601,13452873729,10.4902,0.46154,average_adult
89a8100c50fffff,89a8100c50fffff,11279900601,11279900601,0.2437,0.999634,average_adult
89a8100c50fffff,89a8100c513ffff,11279900601,303862596,16.2687,0.083449,average_adult
89a8100c50fffff,89a8100c517ffff,11279900601,11409667724,13.8254,0.217308,average_adult
89a8100c50fffff,89a8100c51bffff,11279900601,12586078227,14.0978,0.199929,average_adult
89a8100c50fffff,89a8100c533ffff,11279900601,11384427621,14.8546,0.154614,average_adult
89a8100c50fffff,89a8100c53bffff,11279900601,2308420508,12.6699,0.296398,average_adult
89a8100c50fffff,89a8100c547ffff,11279900601,12703971545,14.9269,0.150529,average_adult
89a8100c50fffff,89a8100c557ffff,11279900601,12697580224,15.2921,0.130604,average_adult
89a8100c50fffff,89a8100c573ffff,11279900601,457593059,8.7872,0.594679,average_adult
89a8100c50fffff,89a8100c58fffff,11279900601,4252790480,19.471,0.001725,average_adult
89a8100c50fffff,89a8100c5abffff,11279900601,11394279071,13.9573,0.208828,average_adult
89a8100c50fffff,89a8100c5bbffff,11279900601,303855012,16.4129,0.077296,average_adult
89a8100c513ffff,89a8100c503ffff,303862596,11341903975,12.5594,0.304353,average_adult
89a8100c513ffff,89a8100c507ffff,303862596,11401601119,19.5954,0.001009,average_adult
89a8100c513ffff,89a8100c50bffff,303862596,13452873729,18.6956,0.010458,average_adult
89a8100c513ffff,89a8100c50fffff,303862596,11279900601,19.4464,0.001889,average_adult
89a8100c513ffff,89a8100c513ffff,303862596,303862596,1.547,0.98531,average_adult
89a8100c513ffff,89a8100c517ffff,303862596,11409667724,10.6191,0.451451,average_adult
89a8100c513ffff,89a8100c51bffff,303862596,12586078227,11.908,0.352381,average_adult
89a8100c513ffff,89a8100c583ffff,303862596,12265197248,12.9481,0.276646,average_adult
89a8100c513ffff,89a8100c587ffff,303862596,11373935088,12.496,0.308947,average_adult
89a8100c513ffff,89a8100c58bffff,303862596,1393378103,6.422,0.766454,average_adult
89a8100c513ffff,89a8100c58fffff,303862596,4252790480,7.9683,0.656875,average_adult
89a8100c513ffff,89a8100c593ffff,303862596,304111065,16.7017,0.065616,average_adult
89a8100c513ffff,89a8100c597ffff,303862596,8943051152,18.5056,0.013713,average_adult
89a8100c513ffff,89a8100c59bffff,303862596,8954073387,10.8114,0.436446,average_adult
89a8100c513ffff,89a8100c5abffff,303862596,11394279071,16.9604,0.055917,average_adult
89a8100c513ffff,89a8100c5bbffff,303862596,303855012,14.0906,0.200381,average_adult
89a8100c513ffff,89a8100c5c3ffff,303862596,303868171,17.9612,0.025423,average_adult
89a8100c513ffff,89a8100c5c7ffff,303862596,2816708327,8.7422,0.598148,average_adult
89a8100c513ffff,89a8100c5cfffff,303862596,2687705140,17.2779,0.045014,average_adult
89a8100c513ffff,89a8100c5d7ffff,303862596,303867318,8.9717,0.580412,average_adult
89a8100c513ffff,89a8100e32fffff,303862596,13305140329,18.6844,0.010638,average_adult
89a8100c513ffff,89a8100e367ffff,303862596,142814786,16.9749,0.055395,average_adult
89a8100c517ffff,89a8100c503ffff,11409667724,11341903975,15.547,0.117412,average_adult
89a8100c517ffff,89a8100c507ffff,11409667724,11401601119,14.6763,0.164872,average_adult
89a8100c517ffff,89a8100c50fffff,11409667724,11279900601,17.6873,0.032631,average_adult
89a8100c517ffff,89a8100c513ffff,11409667724,303862596,12.2831,0.324505,average_adult
89a8100c517ffff,89a8100c517ffff,11409667724,11409667724,1.4847,0.986464,average_adult
89a8100c517ffff,89a8100c533ffff,11409667724,11384427621,15.1584,0.13776,average_adult
89a8100c517ffff,89a8100c583ffff,11409667724,12265197248,13.8058,0.218581,average_adult
89a8100c517ffff,89a8100c587ffff,11409667724,11373935088,9.7446,0.52005,average_adult
89a8100c517ffff,89a8100c58bffff,11409667724,1393378103,12.5368,0.30599,average_adult
89a8100c517ffff,89a8100c58fffff,11409667724,4252790480,7.1302,0.717834,average_adult
89a8100c517ffff,89a8100c597ffff,11409667724,8943051152,19.3279,0.002784,average_adult
89a8100c517ffff,89a8100c59bffff,11409667724,8954073387,17.9943,0.024611,average_adult
89a8100c517ffff,89a8100c5abffff,11409667724,11394279071,8.4159,0.623136,average_adult
89a8100c517ffff,89a8100c5bbffff,11409667724,303855012,7.6987,0.676832,average_adult
89a8100c517ffff,89a8100c5c7ffff,11409667724,2816708327,18.9654,0.006588,average_adult
89a8100c517ffff,89a8100c5d7ffff,11409667724,303867318,19.195,0.003992,average_adult
89a8100c51bffff,89a8100c427ffff,12586078227,12986505496,19.8643,0.000114,average_adult
89a8100c51bffff,89a8100c503ffff,12586078227,11341903975,9.013,0.577209,average_adult
89a8100c51bffff,89a8100c507ffff,12586078227,11401601119,15.4149,0.12417,average_adult
89a8100c51bffff,89a8100c50bffff,12586078227,13452873729,10.5425,0.457446,average_adult
89a8100c51bffff,89a8100c50fffff,12586078227,11279900601,11.6596,0.371127,average_adult
89a8100c51bffff,89a8100c513ffff,12586078227,303862596,6.9466,0.730722,average_adult
89a8100c51bffff,89a8100c517ffff,12586078227,11409667724,16.0187,0.094628,average_adult
89a8100c51bffff,89a8100c51bffff,12586078227,12586078227,0.7437,0.996592,average_adult
89a8100c51bffff,89a8100c53bffff,12586078227,2308420508,19.0401,0.005673,average_adult
89a8100c51bffff,89a8100c543ffff,12586078227,7721333437,19.7185,0.000489,average_adult
89a8100c51bffff,89a8100c547ffff,12586078227,12703971545,14.2293,0.191734,average_adult
89a8100c51bffff,89a8100c553ffff,12586078227,12227887010,18.6054,0.011949,average_adult
89a8100c51bffff,89a8100c557ffff,12586078227,12697580224,11.4301,0.38862,average_adult
89a8100c51bffff,89a8100c573ffff,12586078227,457593059,15.7944,0.10519,average_adult
89a8100c51bffff,89a8100c583ffff,12586078227,12265197248,18.3477,0.016746,average_adult
89a8100c51bffff,89a8100c587ffff,12586078227,11373935088,17.8956,0.027069,average_adult
89a8100c51bffff,89a8100c58bffff,12586078227,1393378103,9.9006,0.507808,average_adult
89a8100c51bffff,89a8100c58fffff,12586078227,4252790480,13.3679,0.247652,average_adult
89a8100c51bffff,89a8100c59bffff,12586078227,8954073387,14.29,0.187993,average_adult
89a8100c51bffff,89a8100c5abffff,12586078227,11394279071,19.7912,0.000269,average_adult
89a8100c51bffff,89a8100c5bbffff,12586078227,303855012,19.4902,0.001602,average_adult
89a8100c51bffff,89a8100c5c3ffff,12586078227,303868171,13.814,0.218053,average_adult
89a8100c51bffff,89a8100c5c7ffff,12586078227,2816708327,8.789,0.594536,average_adult
89a8100c51bffff,89a8100c5cbffff,12586078227,13037844868,15.5964,0.114922,average_adult
89a8100c51bffff,89a8100c5cfffff,12586078227,2687705140,11.0229,0.420007,average_adult
89a8100c51bffff,89a8100c5d7ffff,12586078227,303867318,12.4503,0.312272,average_adult
89a8100c533ffff,89a8100c503ffff,11384427621,11341903975,15.718,0.108901,average_adult
89a8100c533ffff,89a8100c507ffff,11384427621,11401601119,7.935,0.659357,average_adult
89a8100c533ffff,89a8100c50fffff,11384427621,11279900601,16.7226,0.064806,average_adult
89a8100c533ffff,89a8100c517ffff,11384427621,11409667724,13.1827,0.260311,average_adult
89a8100c533ffff,89a8100c533ffff,11384427621,11384427621,1.7917,0.980328,average_adult
89a8100c533ffff,89a8100c53bffff,11384427621,2308420508,10.0186,0.498542,average_adult
89a8100c533ffff,89a8100c58fffff,11384427621,4252790480,18.8283,0.008445,average_adult
89a8100c533ffff,89a8100c5abffff,11384427621,11394279071,8.7873,0.59467,average_adult
89a8100c533ffff,89a8100c5bbffff,11384427621,303855012,14.7916,0.15821,average_adult
89a8100c53bffff,89a8100c503ffff,2308420508,11341903975,13.2715,0.25422,average_adult
89a8100c53bffff,89a8100c507ffff,2308420508,11401601119,5.331,0.834703,average_adult
89a8100c53bffff,89a8100c50fffff,2308420508,11279900601,12.4791,0.310174,average_adult
89a8100c53bffff,89a8100c517ffff,2308420508,11409667724,15.0916,0.141394,average_adult
89a8100c53bffff,89a8100c533ffff,2308420508,11384427621,6.4221,0.766448,average_adult
89a8100c53bffff,89a8100c53bffff,2308420508,2308420508,2.3097,0.967451,average_adult
89a8100c53bffff,89a8100c573ffff,2308420508,457593059,19.7966,0.000255,average_adult
89a8100c53bffff,89a8100c5abffff,2308420508,11394279071,10.6962,0.44543,average_adult
89a8100c53bffff,89a8100c5bbffff,2308420508,303855012,16.7004,0.065667,average_adult
89a8100c543ffff,89a8100c543ffff,7721333437,7721333437,1.1038,0.992504,average_adult
89a8100c543ffff,89a8100c547ffff,7721333437,12703971545,16.4284,0.076646,average_adult
89a8100c543ffff,89a8100c54bffff,7721333437,8944143746,17.4902,0.038357,average_adult
89a8100c543ffff,89a8100c54fffff,7721333437,11423253323,11.0023,0.421601,average_adult
89a8100c543ffff,89a8100c553ffff,7721333437,12227887010,10.5026,0.460569,average_adult
89a8100c543ffff,89a8100c557ffff,7721333437,12697580224,16.8164,0.061226,average_adult
89a8100c543ffff,89a8100c55bffff,7721333437,12697580033,16.617,0.06895,average_adult
89a8100c547ffff,89a8100c503ffff,12703971545,11341903975,19.1271,0.004693,average_adult
89a8100c547ffff,89a8100c50bffff,12703971545,13452873729,7.6419,0.680996,average_adult
89a8100c547ffff,89a8100c50fffff,12703971545,11279900601,12.191,0.331293,average_adult
89a8100c547ffff,89a8100c513ffff,12703971545,303862596,18.7802,0.00915,average_adult
89a8100c547ffff,89a8100c51bffff,12703971545,12586078227,15.9137,0.099511,average_adult
89a8100c547ffff,89a8100c543ffff,12703971545,7721333437,14.3237,0.185927,average_adult
89a8100c547ffff,89a8100c547ffff,12703971545,12703971545,0.1547,0.999852,average_adult
89a8100c547ffff,89a8100c54bffff,12703971545,8944143746,16.5419,0.071971,average_adult
89a8100c547ffff,89a8100c54fffff,12703971545,11423253323,9.5838,0.532666,average_adult
89a8100c547ffff,89a8100c553ffff,12703971545,12227887010,15.783,0.105741,average_adult
89a8100c547ffff,89a8100c557ffff,12703971545,12697580224,9.6534,0.527205,average_adult
89a8100c547ffff,89a8100c55bffff,12703971545,12697580033,15.6687,0.111326,average_adult
89a8100c547ffff,89a8100c573ffff,12703971545,457593059,6.7147,0.746726,average_adult
89a8100c547ffff,89a8100c5c3ffff,12703971545,303868171,19.6087,0.000944,average_adult
89a8100c547ffff,89a8100c5cbffff,12703971545,13037844868,18.252,0.018729,average_adult
89a8100c547ffff,89a8100c5cfffff,12703971545,2687705140,15.7442,0.107624,average_adult
89a8100c54bffff,89a8100c083ffff,8944143746,10879607506,14.4476,0.178414,average_adult
89a8100c54bffff,89a8100c087ffff,8944143746,6359582195,9.1387,0.567438,average_adult
89a8100c54bffff,89a8100c08fffff,8944143746,12501696631,17.4485,0.039623,average_adult
89a8100c54bffff,89a8100c093ffff,8944143746,296285873,17.4748,0.03882,average_adult
89a8100c54bffff,89a8100c097ffff,8944143746,459335450,11.098,0.414191,average_adult
89a8100c54bffff,89a8100c0b3ffff,8944143746,4293906838,10.3679,0.471123,average_adult
89a8100c54bffff,89a8100c427ffff,8944143746,12986505496,15.3499,0.127556,average_adult
89a8100c54bffff,89a8100c54bffff,8944143746,8944143746,0.5902,0.997853,average_adult
89a8100c54bffff,89a8100c55bffff,8944143746,12697580033,9.8246,0.513772,average_adult
89a8100c54fffff,89a8100c543ffff,11423253323,7721333437,10.8309,0.434927,average_adult
89a8100c54fffff,89a8100c547ffff,11423253323,12703971545,15.2481,0.132941,average_adult
89a8100c54fffff,89a8100c54bffff,11423253323,8944143746,17.7169,0.031811,average_adult
89a8100c54fffff,89a8100c54fffff,11423253323,11423253323,1.5972,0.984346,average_adult
89a8100c54fffff,89a8100c553ffff,11423253323,12227887010,17.5151,0.037608,average_adult
89a8100c54fffff,89a8100c557ffff,11423253323,12697580224,17.8451,0.02837,average_adult
89a8100c54fffff,89a8100c55bffff,11423253323,12697580033,16.8437,0.060202,average_adult
89a8100c553ffff,89a8100c427ffff,12227887010,12986505496,15.2402,0.133362,average_adult
89a8100c553ffff,89a8100c437ffff,12227887010,12941702505,18.7004,0.010382,average_adult
89a8100c553ffff,89a8100c50bffff,12227887010,13452873729,18.9554,0.006716,average_adult
89a8100c553ffff,89a8100c543ffff,12227887010,7721333437,8.1589,0.642593,average_adult
89a8100c553ffff,89a8100c547ffff,12227887010,12703971545,16.8849,0.058674,average_adult
89a8100c553ffff,89a8100c54bffff,12227887010,8944143746,18.2533,0.018703,average_adult
89a8100c553ffff,89a8100c54fffff,12227887010,11423253323,17.2916,0.044569,average_adult
89a8100c553ffff,89a8100c553ffff,12227887010,12227887010,0.8837,0.99519,average_adult
89a8100c553ffff,89a8100c557ffff,12227887010,12697580224,13.3597,0.24821,average_adult
89a8100c553ffff,89a8100c55bffff,12227887010,12697580033,17.3801,0.041745,average_adult
89a8100c553ffff,89a8100c5c3ffff,12227887010,303868171,17.731,0.031422,average_adult
89a8100c553ffff,89a8100c5cbffff,12227887010,13037844868,10.9041,0.429229,average_adult
89a8100c553ffff,89a8100c5cfffff,12227887010,2687705140,15.9268,0.098899,average_adult
89a8100c553ffff,89a8100c5d7ffff,12227887010,303867318,19.9547,1.3e-05,average_adult
89a8100c557ffff,89a8100c427ffff,12697580224,12986505496,16.7242,0.064747,average_adult
89a8100c557ffff,89a8100c503ffff,12697580224,11341903975,17.1603,0.048921,average_adult
89a8100c557ffff,89a8100c50bffff,12697580224,13452873729,5.8656,0.802368,average_adult
89a8100c557ffff,89a8100c50fffff,12697580224,11279900601,12.8524,0.28339,average_adult
89a8100c557ffff,89a8100c513ffff,12697580224,303862596,16.602,0.069549,average_adult
89a8100c557ffff,89a8100c51bffff,12697580224,12586078227,11.2848,0.399777,average_adult
89a8100c557ffff,89a8100c543ffff,12697580224,7721333437,13.5007,0.238705,average_adult
89a8100c557ffff,89a8100c547ffff,12697580224,12703971545,9.0192,0.57673,average_adult
89a8100c557ffff,89a8100c54bffff,12697580224,8944143746,17.0133,0.054022,average_adult
89a8100c557ffff,89a8100c54fffff,12697580224,11423253323,15.2174,0.134583,average_adult
89a8100c557ffff,89a8100c553ffff,12697580224,12227887010,12.3876,0.316844,average_adult
89a8100c557ffff,89a8100c557ffff,12697580224,12697580224,0.2698,0.999551,average_adult
89a8100c557ffff,89a8100c55bffff,12697580224,12697580033,16.1402,0.089118,average_adult
89a8100c557ffff,89a8100c573ffff,12697580224,457593059,11.0049,0.4214,average_adult
89a8100c557ffff,89a8100c58bffff,12697580224,1393378103,19.1542,0.004406,average_adult
89a8100c557ffff,89a8100c5c3ffff,12697580224,303868171,14.0599,0.202312,average_adult
89a8100c557ffff,89a8100c5c7ffff,12697580224,2816708327,15.1055,0.140634,average_adult
89a8100c557ffff,89a8100c5cbffff,12697580224,13037844868,12.7033,0.29401,average_adult
89a8100c557ffff,89a8100c5cfffff,12697580224,2687705140,10.1954,0.484654,average_adult
89a8100c557ffff,89a8100c5d7ffff,12697580224,303867318,18.0143,0.024126,average_adult
89a8100c55bffff,89a8100c083ffff,12697580033,10879607506,14.5538,0.172075,average_adult
89a8100c55bffff,89a8100c087ffff,12697580033,6359582195,10.0154,0.49879,average_adult
89a8100c55bffff,89a8100c08fffff,12697580033,12501696631,17.5547,0.036435,average_adult
89a8100c55bffff,89a8100c093ffff,12697580033,296285873,17.581,0.035664,average_adult
89a8100c55bffff,89a8100c097ffff,12697580033,459335450,9.5062,0.538741,average_adult
89a8100c55bffff,89a8100c0b3ffff,12697580033,4293906838,11.2446,0.402875,average_adult
89a8100c55bffff,89a8100c427ffff,12697580033,12986505496,12.8785,0.281545,average_adult
89a8100c55bffff,89a8100c543ffff,12697580033,7721333437,16.3837,0.078522,average_adult
89a8100c55bffff,89a8100c547ffff,12697580033,12703971545,16.9268,0.057136,average_adult
89a8100c55bffff,89a8100c54bffff,12697580033,8944143746,6.3849,0.768911,average_adult
89a8100c55bffff,89a8100c54fffff,12697580033,11423253323,16.7819,0.062533,average_adult
89a8100c55bffff,89a8100c553ffff,12697580033,12227887010,17.5186,0.037503,average_adult
89a8100c55bffff,89a8100c557ffff,12697580033,12697580224,18.0103,0.024223,average_adult
89a8100c55bffff,89a8100c55bffff,12697580033,12697580033,1.2761,0.989988,average_adult
89a8100c573ffff,89a8100c503ffff,457593059,11341903975,14.1391,0.19734,average_adult
89a8100c573ffff,89a8100c507ffff,457593059,11401601119,16.0884,0.091451,average_adult
89a8100c573ffff,89a8100c50bffff,457593059,13452873729,7.203,0.712677,average_adult
89a8100c573ffff,89a8100c50fffff,457593059,11279900601,6.751,0.74424,average_adult
89a8100c573ffff,89a8100c51bffff,457593059,12586078227,17.912,0.026652,average_adult
89a8100c573ffff,89a8100c53bffff,457593059,2308420508,19.0946,0.005048,average_adult
89a8100c573ffff,89a8100c547ffff,457593059,12703971545,7.6896,0.677499,average_adult
89a8100c573ffff,89a8100c54fffff,457593059,11423253323,16.1714,0.087728,average_adult
89a8100c573ffff,89a8100c557ffff,457593059,12697580224,12.0049,0.345126,average_adult
89a8100c573ffff,89a8100c573ffff,457593059,457593059,1.2747,0.990011,average_adult
89a8100c583ffff,89a8100c513ffff,12265197248,303862596,19.0847,0.005159,average_adult
89a8100c583ffff,89a8100c517ffff,12265197248,11409667724,18.506,0.013706,average_adult
89a8100c583ffff,89a8100c583ffff,12265197248,12265197248,0.791,0.996145,average_adult
89a8100c583ffff,89a8100c587ffff,12265197248,11373935088,10.367,0.471188,average_adult
89a8100c583ffff,89a8100c58bffff,12265197248,1393378103,19.3384,0.002698,average_adult
89a8100c583ffff,89a8100c58fffff,12265197248,4252790480,10.3106,0.475615,average_adult
89a8100c583ffff,89a8100c593ffff,12265197248,304111065,17.4764,0.038772,average_adult
89a8100c583ffff,89a8100c597ffff,12265197248,8943051152,16.3389,0.080427,average_adult
89a8100c583ffff,89a8100c59bffff,12265197248,8954073387,18.6845,0.010637,average_adult
89a8100c583ffff,89a8100c5bbffff,12265197248,303855012,18.5615,0.012709,average_adult
89a8100c583ffff,89a8100e32fffff,12265197248,13305140329,19.4591,0.001804,average_adult
89a8100c583ffff,89a8100e367ffff,12265197248,142814786,18.8993,0.007455,average_adult
89a8100c587ffff,89a8100c513ffff,11373935088,303862596,18.2813,0.018111,average_adult
89a8100c587ffff,89a8100c517ffff,11373935088,11409667724,13.5729,0.233883,average_adult
89a8100c587ffff,89a8100c583ffff,11373935088,12265197248,10.3419,0.473157,average_adult
89a8100c587ffff,89a8100c587ffff,11373935088,11373935088,1.6293,0.983714,average_adult
89a8100c587ffff,89a8100c58bffff,11373935088,1393378103,18.535,0.013181,average_adult
89a8100c587ffff,89a8100c58fffff,11373935088,4252790480,7.543,0.688217,average_adult
89a8100c587ffff,89a8100c593ffff,11373935088,304111065,16.7227,0.064802,average_adult
89a8100c587ffff,89a8100c597ffff,11373935088,8943051152,14.3425,0.184783,average_adult
89a8100c587ffff,89a8100c5abffff,11373935088,11394279071,19.3595,0.002528,average_adult
89a8100c587ffff,89a8100c5bbffff,11373935088,303855012,13.1276,0.264122,average_adult
89a8100c587ffff,89a8100e32fffff,11373935088,13305140329,17.8665,0.027815,average_adult
89a8100c58bffff,89a8100c503ffff,1393378103,11341903975,19.858,0.000124,average_adult
89a8100c58bffff,89a8100c513ffff,1393378103,303862596,8.8456,0.59017,average_adult
89a8100c58bffff,89a8100c517ffff,1393378103,11409667724,12.6161,0.300264,average_adult
89a8100c58bffff,89a8100c51bffff,1393378103,12586078227,17.0784,0.051734,average_adult
89a8100c58bffff,89a8100c583ffff,1393378103,12265197248,14.9451,0.149509,average_adult
89a8100c58bffff,89a8100c587ffff,1393378103,11373935088,14.493,0.175692,average_adult
89a8100c58bffff,89a8100c58bffff,1393378103,1393378103,0.6024,0.997763,average_adult
89a8100c58bffff,89a8100c58fffff,1393378103,4252790480,9.9653,0.502725,average_adult
89a8100c58bffff,89a8100c593ffff,1393378103,304111065,12.291,0.323921,average_adult
89a8100c58bffff,89a8100c597ffff,1393378103,8943051152,15.5162,0.118971,average_adult
89a8100c58bffff,89a8100c59bffff,1393378103,8954073387,6.4007,0.767868,average_adult
89a8100c58bffff,89a8100c5abffff,1393378103,11394279071,18.9574,0.00669,average_adult
89a8100c58bffff,89a8100c5bbffff,1393378103,303855012,16.0876,0.091486,average_adult
89a8100c58bffff,89a8100c5c3ffff,1393378103,303868171,19.7217,0.000478,average_adult
89a8100c58bffff,89a8100c5c7ffff,1393378103,2816708327,10.7413,0.441908,average_adult
89a8100c58bffff,89a8100c5d7ffff,1393378103,303867318,10.6167,0.451636,average_adult
89a8100c58bffff,89a8100e32bffff,1393378103,142777323,19.4902,0.001602,average_adult
89a8100c58bffff,89a8100e32fffff,1393378103,13305140329,14.2737,0.188992,average_adult
89a8100c58bffff,89a8100e363ffff,1393378103,388512103,19.0831,0.005177,average_adult
89a8100c58bffff,89a8100e367ffff,1393378103,142814786,12.5642,0.30401,average_adult
89a8100c58bffff,89a8100e36fffff,1393378103,389063008,17.0721,0.051956,average_adult
89a8100c58fffff,89a8100c503ffff,4252790480,11341903975,18.1697,0.020522,average_adult
89a8100c58fffff,89a8100c513ffff,4252790480,303862596,12.2098,0.329905,average_adult
89a8100c58fffff,89a8100c517ffff,4252790480,11409667724,9.2444,0.559207,average_adult
89a8100c58fffff,89a8100c583ffff,4252790480,12265197248,8.1461,0.643553,average_adult
89a8100c58fffff,89a8100c587ffff,4252790480,11373935088,6.1215,0.786121,average_adult
89a8100c58fffff,89a8100c58bffff,4252790480,1393378103,12.4635,0.311306,average_adult
89a8100c58fffff,89a8100c58fffff,4252790480,4252790480,0.9089,0.994912,average_adult
89a8100c58fffff,89a8100c593ffff,4252790480,304111065,16.0707,0.092252,average_adult
89a8100c58fffff,89a8100c597ffff,4252790480,8943051152,13.6904,0.226118,average_adult
89a8100c58fffff,89a8100c59bffff,4252790480,8954073387,17.921,0.026426,average_adult
89a8100c58fffff,89a8100c5abffff,4252790480,11394279071,15.5139,0.11909,average_adult
89a8100c58fffff,89a8100c5bbffff,4252790480,303855012,9.282,0.556274,average_adult
89a8100c58fffff,89a8100c5c7ffff,4252790480,2816708327,18.8922,0.007551,average_adult
89a8100c58fffff,89a8100c5d7ffff,4252790480,303867318,19.1217,0.004751,average_adult
89a8100c58fffff,89a8100e32fffff,4252790480,13305140329,17.2145,0.047103,average_adult
89a8100c58fffff,89a8100e367ffff,4252790480,142814786,19.1596,0.004351,average_adult
89a8100c593ffff,89a8100c583ffff,304111065,12265197248,16.2347,0.084933,average_adult
89a8100c593ffff,89a8100c587ffff,304111065,11373935088,15.5428,0.117621,average_adult
89a8100c593ffff,89a8100c58bffff,304111065,1393378103,15.6395,0.112773,average_adult
89a8100c593ffff,89a8100c58fffff,304111065,4252790480,16.7637,0.063229,average_adult
89a8100c593ffff,89a8100c593ffff,304111065,304111065,1.5054,0.986085,average_adult
89a8100c593ffff,89a8100c597ffff,304111065,8943051152,7.1309,0.717786,average_adult
89a8100c593ffff,89a8100c59bffff,304111065,8954073387,10.6691,0.447544,average_adult
89a8100c593ffff,89a8100c5d7ffff,304111065,303867318,19.2668,0.003313,average_adult
89a8100c593ffff,89a8100e32bffff,304111065,142777323,10.0646,0.494924,average_adult
89a8100c593ffff,89a8100e32fffff,304111065,13305140329,5.8884,0.800937,average_adult
89a8100c593ffff,89a8100e363ffff,304111065,388512103,18.42,0.01532,average_adult
89a8100c593ffff,89a8100e367ffff,304111065,142814786,8.7526,0.597342,average_adult
89a8100c593ffff,89a8100e36fffff,304111065,389063008,16.409,0.077458,average_adult
89a8100c593ffff,89a8100e377ffff,304111065,8550924518,19.4838,0.001643,average_adult
89a8100c597ffff,89a8100c583ffff,8943051152,12265197248,13.467,0.240965,average_adult
89a8100c597ffff,89a8100c587ffff,8943051152,11373935088,11.4114,0.390053,average_adult
89a8100c597ffff,89a8100c58bffff,8943051152,1393378103,19.7466,0.000396,average_adult
89a8100c597ffff,89a8100c58fffff,8943051152,4252790480,12.6322,0.299104,average_adult
89a8100c597ffff,89a8100c593ffff,8943051152,304111065,6.7377,0.745151,average_adult
89a8100c597ffff,89a8100c597ffff,8943051152,8943051152,1.6403,0.983494,average_adult
89a8100c597ffff,89a8100c59bffff,8943051152,8954073387,15.9014,0.10009,average_adult
89a8100c597ffff,89a8100e32bffff,8943051152,142777323,15.2646,0.132064,average_adult
89a8100c597ffff,89a8100e32fffff,8943051152,13305140329,7.8815,0.663332,average_adult
89a8100c597ffff,89a8100e367ffff,8943051152,142814786,13.9849,0.207065,average_adult
89a8100c59bffff,89a8100c513ffff,8954073387,303862596,14.2048,0.19325,average_adult
89a8100c59bffff,89a8100c517ffff,8954073387,11409667724,18.2611,0.018537,average_adult
89a8100c59bffff,89a8100c583ffff,8954073387,12265197248,14.1019,0.199668,average_adult
89a8100c59bffff,89a8100c587ffff,8954073387,11373935088,17.0702,0.052021,average_adult
89a8100c59bffff,89a8100c58bffff,8954073387,1393378103,6.4453,0.764904,average_adult
89a8100c59bffff,89a8100c58fffff,8954073387,4252790480,15.6103,0.11423,average_adult
89a8100c59bffff,89a8100c593ffff,8954073387,304111065,8.7633,0.596517,average_adult
89a8100c59bffff,89a8100c597ffff,8954073387,8943051152,12.5355,0.306088,average_adult
89a8100c59bffff,89a8100c59bffff,8954073387,8954073387,0.513,0.998378,average_adult
89a8100c59bffff,89a8100c5c3ffff,8954073387,303868171,19.6593,0.000716,average_adult
89a8100c59bffff,89a8100c5c7ffff,8954073387,2816708327,13.2936,0.252705,average_adult
89a8100c59bffff,89a8100c5d3ffff,8954073387,1097971350,18.0697,0.022809,average_adult
89a8100c59bffff,89a8100c5d7ffff,8954073387,303867318,10.0725,0.494304,average_adult
89a8100c59bffff,89a8100e32bffff,8954073387,142777323,13.6025,0.231921,average_adult
89a8100c59bffff,89a8100e32fffff,8954073387,13305140329,11.293,0.399148,average_adult
89a8100c59bffff,89a8100e363ffff,8954073387,388512103,13.1954,0.259441,average_adult
89a8100c59bffff,89a8100e367ffff,8954073387,142814786,6.6765,0.749332,average_adult
89a8100c59bffff,89a8100e36fffff,8954073387,389063008,11.1843,0.407517,average_adult
89a8100c59bffff,89a8100e373ffff,8954073387,387095764,18.1373,0.021251,average_adult
89a8100c59bffff,89a8100e377ffff,8954073387,8550924518,14.2591,0.18989,average_adult
89a8100c5abffff,89a8100c503ffff,11394279071,11341903975,16.7369,0.064254,average_adult
89a8100c5abffff,89a8100c507ffff,11394279071,11401601119,9.0969,0.570694,average_adult
89a8100c5abffff,89a8100c50fffff,11394279071,11279900601,17.7415,0.031135,average_adult
89a8100c5abffff,89a8100c513ffff,11394279071,303862596,16.9056,0.057912,average_adult
89a8100c5abffff,89a8100c517ffff,11394279071,11409667724,6.1072,0.787041,average_adult
89a8100c5abffff,89a8100c533ffff,11394279071,11384427621,9.4482,0.543283,average_adult
89a8100c5abffff,89a8100c53bffff,11394279071,2308420508,14.861,0.154248,average_adult
89a8100c5abffff,89a8100c583ffff,11394279071,12265197248,18.4283,0.01516,average_adult
89a8100c5abffff,89a8100c587ffff,11394279071,11373935088,14.3671,0.183281,average_adult
89a8100c5abffff,89a8100c58bffff,11394279071,1393378103,17.1593,0.048957,average_adult
89a8100c5abffff,89a8100c58fffff,11394279071,4252790480,11.7527,0.364074,average_adult
89a8100c5abffff,89a8100c5abffff,11394279071,11394279071,1.3477,0.988838,average_adult
89a8100c5abffff,89a8100c5bbffff,11394279071,303855012,7.716,0.675563,average_adult
89a8100c5bbffff,89a8100c503ffff,303855012,11341903975,18.027,0.023822,average_adult
89a8100c5bbffff,89a8100c507ffff,303855012,11401601119,16.0206,0.094544,average_adult
89a8100c5bbffff,89a8100c50fffff,303855012,11279900601,19.0316,0.005774,average_adult
89a8100c5bbffff,89a8100c513ffff,303855012,303862596,16.4478,0.075835,average_adult
89a8100c5bbffff,89a8100c517ffff,303855012,11409667724,6.9485,0.730591,average_adult
89a8100c5bbffff,89a8100c533ffff,303855012,11384427621,16.5027,0.073571,average_adult
89a8100c5bbffff,89a8100c583ffff,303855012,12265197248,14.4775,0.17662,average_adult
89a8100c5bbffff,89a8100c587ffff,303855012,11373935088,9.8929,0.508411,average_adult
89a8100c5bbffff,89a8100c58bffff,303855012,1393378103,16.7015,0.065624,average_adult
89a8100c5bbffff,89a8100c58fffff,303855012,4252790480,7.3743,0.700424,average_adult
89a8100c5bbffff,89a8100c597ffff,303855012,8943051152,19.4762,0.001692,average_adult
89a8100c5bbffff,89a8100c5abffff,303855012,11394279071,8.9225,0.584226,average_adult
89a8100c5bbffff,89a8100c5bbffff,303855012,303855012,2.3861,0.965289,average_adult
89a8100c5c3ffff,89a8100c427ffff,303868171,12986505496,17.4333,0.040089,average_adult
89a8100c5c3ffff,89a8100c437ffff,303868171,12941702505,18.9084,0.007332,average_adult
89a8100c5c3ffff,89a8100c4afffff,303868171,12996381317,15.7237,0.108623,average_adult
89a8100c5c3ffff,89a8100c513ffff,303868171,303862596,15.4735,0.12115,average_adult
89a8100c5c3ffff,89a8100c51bffff,303868171,12586078227,15.1562,0.13788,average_adult
89a8100c5c3ffff,89a8100c553ffff,303868171,12227887010,16.85,0.059969,average_adult
89a8100c5c3ffff,89a8100c557ffff,303868171,12697580224,15.7218,0.108719,average_adult
89a8100c5c3ffff,89a8100c58bffff,303868171,1393378103,13.3463,0.249121,average_adult
89a8100c5c3ffff,89a8100c593ffff,303868171,304111065,18.2974,0.017776,average_adult
89a8100c5c3ffff,89a8100c59bffff,303868171,8954073387,12.407,0.315427,average_adult
89a8100c5c3ffff,89a8100c5c3ffff,303868171,303868171,2.2555,0.968946,average_adult
89a8100c5c3ffff,89a8100c5c7ffff,303868171,2816708327,9.8582,0.511133,average_adult
89a8100c5c3ffff,89a8100c5cbffff,303868171,13037844868,10.2395,0.481191,average_adult
89a8100c5c3ffff,89a8100c5cfffff,303868171,2687705140,8.3633,0.627133,average_adult
89a8100c5c3ffff,89a8100c5d3ffff,303868171,1097971350,9.2221,0.560942,average_adult
89a8100c5c3ffff,89a8100c5d7ffff,303868171,303867318,6.2099,0.780401,average_adult
89a8100c5c3ffff,89a8100c5dbffff,303868171,12535296158,10.5144,0.459641,average_adult
89a8100c5c3ffff,89a8100e363ffff,303868171,388512103,19.911,4.9e-05,average_adult
89a8100c5c3ffff,89a8100e367ffff,303868171,142814786,16.0672,0.09241,average_adult
89a8100c5c3ffff,89a8100e36bffff,303868171,389063054,15.672,0.111163,average_adult
89a8100c5c3ffff,89a8100e36fffff,303868171,389063008,13.8592,0.215125,average_adult
89a8100c5c7ffff,89a8100c503ffff,2816708327,11341903975,15.8237,0.103782,average_adult
89a8100c5c7ffff,89a8100c513ffff,2816708327,303862596,7.1234,0.718317,average_adult
89a8100c5c7ffff,89a8100c517ffff,2816708327,11409667724,14.6619,0.165712,average_adult
89a8100c5c7ffff,89a8100c51bffff,2816708327,12586078227,12.0199,0.344007,average_adult
89a8100c5c7ffff,89a8100c557ffff,2816708327,12697580224,18.0531,0.0232,average_adult
89a8100c5c7ffff,89a8100c583ffff,2816708327,12265197248,16.9909,0.054823,average_adult
89a8100c5c7ffff,89a8100c587ffff,2816708327,11373935088,16.5388,0.072095,average_adult
89a8100c5c7ffff,89a8100c58bffff,2816708327,1393378103,6.6148,0.753518,average_adult
89a8100c5c7ffff,89a8100c58fffff,2816708327,4252790480,12.0111,0.344663,average_adult
89a8100c5c7ffff,89a8100c593ffff,2816708327,304111065,15.0129,0.145731,average_adult
89a8100c5c7ffff,89a8100c597ffff,2816708327,8943051152,18.2381,0.019028,average_adult
89a8100c5c7ffff,89a8100c59bffff,2816708327,8954073387,9.1225,0.568698,average_adult
89a8100c5c7ffff,89a8100c5bbffff,2816708327,303855012,18.1334,0.021339,average_adult
89a8100c5c7ffff,89a8100c5c3ffff,2816708327,303868171,10.4396,0.465502,average_adult
89a8100c5c7ffff,89a8100c5c7ffff,2816708327,2816708327,1.2206,0.990838,average_adult
89a8100c5c7ffff,89a8100c5cbffff,2816708327,13037844868,14.9679,0.148232,average_adult
89a8100c5c7ffff,89a8100c5cfffff,2816708327,2687705140,10.5796,0.454539,average_adult
89a8100c5c7ffff,89a8100c5d3ffff,2816708327,1097971350,17.4062,0.040929,average_adult
89a8100c5c7ffff,89a8100c5d7ffff,2816708327,303867318,4.9452,0.856585,average_adult
89a8100c5c7ffff,89a8100c5dbffff,2816708327,12535296158,18.6985,0.010412,average_adult
89a8100c5c7ffff,89a8100e32fffff,2816708327,13305140329,16.9956,0.054655,average_adult
89a8100c5c7ffff,89a8100e367ffff,2816708327,142814786,14.8026,0.15758,average_adult
89a8100c5c7ffff,89a8100e36fffff,2816708327,389063008,18.802,0.008828,average_adult
89a8100c5cbffff,89a8100c423ffff,13037844868,12915366285,17.0429,0.052979,average_adult
89a8100c5cbffff,89a8100c427ffff,13037844868,12986505496,10.1182,0.490716,average_adult
89a8100c5cbffff,89a8100c437ffff,13037844868,12941702505,13.5784,0.233519,average_adult
89a8100c5cbffff,89a8100c4a7ffff,13037844868,12889670101,19.8913,7.3e-05,average_adult
89a8100c5cbffff,89a8100c4afffff,13037844868,12996381317,15.2405,0.133345,average_adult
89a8100c5cbffff,89a8100c50bffff,13037844868,13452873729,17.1,0.050987,average_adult
89a8100c5cbffff,89a8100c513ffff,13037844868,303862596,17.9658,0.025308,average_adult
89a8100c5cbffff,89a8100c51bffff,13037844868,12586078227,14.8433,0.155256,average_adult
89a8100c5cbffff,89a8100c543ffff,13037844868,7721333437,15.0825,0.141893,average_adult
89a8100c5cbffff,89a8100c547ffff,13037844868,12703971545,16.1657,0.087981,average_adult
89a8100c5cbffff,89a8100c54fffff,13037844868,11423253323,19.3695,0.00245,average_adult
89a8100c5cbffff,89a8100c553ffff,13037844868,12227887010,7.8073,0.668826,average_adult
89a8100c5cbffff,89a8100c557ffff,13037844868,12697580224,11.5187,0.381848,average_adult
89a8100c5cbffff,89a8100c55bffff,13037844868,12697580033,19.458,0.001811,average_adult
89a8100c5cbffff,89a8100c58bffff,13037844868,1393378103,18.4992,0.01383,average_adult
89a8100c5cbffff,89a8100c59bffff,13037844868,8954073387,18.2189,0.019441,average_adult
89a8100c5cbffff,89a8100c5c3ffff,13037844868,303868171,8.0674,0.649462,average_adult
89a8100c5cbffff,89a8100c5c7ffff,13037844868,2816708327,13.105,0.265691,average_adult
89a8100c5cbffff,89a8100c5cbffff,13037844868,13037844868,0.5136,0.998374,average_adult
89a8100c5cbffff,89a8100c5cfffff,13037844868,2687705140,7.7912,0.670018,average_adult
89a8100c5cbffff,89a8100c5d3ffff,13037844868,1097971350,11.8607,0.355933,average_adult
89a8100c5cbffff,89a8100c5d7ffff,13037844868,303867318,12.0218,0.343864,average_adult
89a8100c5cbffff,89a8100c5dbffff,13037844868,12535296158,11.2565,0.401958,average_adult
89a8100c5cbffff,89a8100e36fffff,13037844868,389063008,16.4978,0.073772,average_adult
89a8100c5cfffff,89a8100c427ffff,2687705140,12986505496,14.9826,0.147417,average_adult
89a8100c5cfffff,89a8100c437ffff,2687705140,12941702505,18.4427,0.014884,average_adult
89a8100c5cfffff,89a8100c4afffff,2687705140,12996381317,19.2839,0.00316,average_adult
89a8100c5cfffff,89a8100c503ffff,2687705140,11341903975,18.7162,0.010133,average_adult
89a8100c5cfffff,89a8100c50bffff,2687705140,13452873729,15.344,0.127868,average_adult
89a8100c5cfffff,89a8100c513ffff,2687705140,303862596,14.0351,0.203879,average_adult
89a8100c5cfffff,89a8100c51bffff,2687705140,12586078227,11.2391,0.403291,average_adult
89a8100c5cfffff,89a8100c543ffff,2687705140,7721333437,17.5355,0.036999,average_adult
89a8100c5cfffff,89a8100c547ffff,2687705140,12703971545,14.4097,0.180702,average_adult
89a8100c5cfffff,89a8100c553ffff,2687705140,12227887010,14.2022,0.19341,average_adult
89a8100c5cfffff,89a8100c557ffff,2687705140,12697580224,9.7627,0.51863,average_adult
89a8100c5cfffff,89a8100c573ffff,2687705140,457593059,19.1538,0.004411,average_adult
89a8100c5cfffff,89a8100c58bffff,2687705140,1393378103,14.0941,0.200163,average_adult
89a8100c5cfffff,89a8100c58fffff,2687705140,4252790480,18.9794,0.006411,average_adult
89a8100c5cfffff,89a8100c59bffff,2687705140,8954073387,16.6018,0.069558,average_adult
89a8100c5cfffff,89a8100c5c3ffff,2687705140,303868171,6.6464,0.751377,average_adult
89a8100c5cfffff,89a8100c5c7ffff,2687705140,2816708327,8.6999,0.601405,average_adult
89a8100c5cfffff,89a8100c5cbffff,2687705140,13037844868,7.9117,0.661091,average_adult
89a8100c5cfffff,89a8100c5cfffff,2687705140,2687705140,1.5449,0.98535,average_adult
89a8100c5cfffff,89a8100c5d3ffff,2687705140,1097971350,13.613,0.231225,average_adult
89a8100c5cfffff,89a8100c5d7ffff,2687705140,303867318,10.6007,0.452887,average_adult
89a8100c5cfffff,89a8100c5dbffff,2687705140,12535296158,14.9053,0.151744,average_adult
89a8100c5cfffff,89a8100e36fffff,2687705140,389063008,18.2501,0.018771,average_adult
89a8100c5d3ffff,89a8100c4afffff,1097971350,12996381317,17.2275,0.04667,average_adult
89a8100c5d3ffff,89a8100c593ffff,1097971350,304111065,19.7617,0.00035,average_adult
89a8100c5d3ffff,89a8100c59bffff,1097971350,8954073387,17.0606,0.052355,average_adult
89a8100c5d3ffff,89a8100c5c3ffff,1097971350,303868171,13.2972,0.252463,average_adult
89a8100c5d3ffff,89a8100c5cbffff,1097971350,13037844868,18.3012,0.017697,average_adult
89a8100c5d3ffff,89a8100c5cfffff,1097971350,2687705140,19.405,0.002182,average_adult
89a8100c5d3ffff,89a8100c5d3ffff,1097971350,1097971350,0.721,0.996797,average_adult
89a8100c5d3ffff,89a8100c5d7ffff,1097971350,303867318,17.2515,0.045878,average_adult
89a8100c5d3ffff,89a8100c5dbffff,1097971350,12535296158,11.7161,0.366845,average_adult
89a8100c5d3ffff,89a8100e32bffff,1097971350,142777323,17.4518,0.039522,average_adult
89a8100c5d3ffff,89a8100e363ffff,1097971350,388512103,14.2081,0.193042,average_adult
89a8100c5d3ffff,89a8100e367ffff,1097971350,142814786,11.9737,0.347456,average_adult
89a8100c5d3ffff,89a8100e36bffff,1097971350,389063054,12.9793,0.274452,average_adult
89a8100c5d3ffff,89a8100e36fffff,1097971350,389063008,5.3581,0.833119,average_adult
89a8100c5d3ffff,89a8100e373ffff,1097971350,387095764,19.8285,0.000181,average_adult
89a8100c5d3ffff,89a8100e377ffff,1097971350,8550924518,15.878,0.101196,average_adult
89a8100c5d3ffff,89a8100e37bffff,1097971350,8943221373,19.0073,0.006066,average_adult
89a8100c5d7ffff,89a8100c513ffff,303867318,303862596,10.3079,0.475829,average_adult
89a8100c5d7ffff,89a8100c517ffff,303867318,11409667724,17.8464,0.028338,average_adult
89a8100c5d7ffff,89a8100c51bffff,303867318,12586078227,17.6155,0.034664,average_adult
89a8100c5d7ffff,89a8100c583ffff,303867318,12265197248,17.9233,0.026367,average_adult
89a8100c5d7ffff,89a8100c587ffff,303867318,11373935088,19.7233,0.000472,average_adult
89a8100c5d7ffff,89a8100c58bffff,303867318,1393378103,8.1806,0.640958,average_adult
89a8100c5d7ffff,89a8100c58fffff,303867318,4252790480,15.1956,0.135754,average_adult
89a8100c5d7ffff,89a8100c593ffff,303867318,304111065,13.1317,0.263838,average_adult
89a8100c5d7ffff,89a8100c597ffff,303867318,8943051152,16.3569,0.079661,average_adult
89a8100c5d7ffff,89a8100c59bffff,303867318,8954073387,7.2413,0.709948,average_adult
89a8100c5d7ffff,89a8100c5c3ffff,303867318,303868171,10.6747,0.447106,average_adult
89a8100c5d7ffff,89a8100c5c7ffff,303867318,2816708327,7.7827,0.670649,average_adult
89a8100c5d7ffff,89a8100c5cbffff,303867318,13037844868,18.2594,0.018573,average_adult
89a8100c5d7ffff,89a8100c5cfffff,303867318,2687705140,16.3832,0.078546,average_adult
89a8100c5d7ffff,89a8100c5d3ffff,303867318,1097971350,17.522,0.037401,average_adult
89a8100c5d7ffff,89a8100c5d7ffff,303867318,303867318,1.0442,0.993289,average_adult
89a8100c5d7ffff,89a8100c5dbffff,303867318,12535296158,18.8143,0.008647,average_adult
89a8100c5d7ffff,89a8100e32bffff,303867318,142777323,17.3537,0.042581,average_adult
89a8100c5d7ffff,89a8100e32fffff,303867318,13305140329,15.1144,0.140152,average_adult
89a8100c5d7ffff,89a8100e363ffff,303867318,388512103,16.912,0.057677,average_adult
89a8100c5d7ffff,89a8100e367ffff,303867318,142814786,10.9016,0.429427,average_adult
89a8100c5d7ffff,89a8100e36fffff,303867318,389063008,14.901,0.151989,average_adult
89a8100c5d7ffff,89a8100e377ffff,303867318,8550924518,17.9758,0.025063,average_adult
89a8100c5dbffff,89a8100c423ffff,12535296158,12915366285,16.3424,0.080279,average_adult
89a8100c5dbffff,89a8100c427ffff,12535296158,12986505496,13.3208,0.250852,average_adult
89a8100c5dbffff,89a8100c433ffff,12535296158,12832662172,15.2674,0.131913,average_adult
89a8100c5dbffff,89a8100c437ffff,12535296158,12941702505,10.813,0.436322,average_adult
89a8100c5dbffff,89a8100c4a3ffff,12535296158,12904007453,12.3918,0.316534,average_adult
89a8100c5dbffff,89a8100c4a7ffff,12535296158,12889670101,11.5803,0.377151,average_adult
89a8100c5dbffff,89a8100c4abffff,12535296158,5049652087,14.4407,0.178831,average_adult
89a8100c5dbffff,89a8100c4afffff,12535296158,12996381317,6.9296,0.731908,average_adult
89a8100c5dbffff,89a8100c4b7ffff,12535296158,387095770,16.6819,0.066389,average_adult
89a8100c5dbffff,89a8100c4bbffff,12535296158,387095725,17.3606,0.042361,average_adult
89a8100c5dbffff,89a8100c553ffff,12535296158,12227887010,19.7357,0.000431,average_adult
89a8100c5dbffff,89a8100c5c3ffff,12535296158,303868171,10.1467,0.488478,average_adult
89a8100c5dbffff,89a8100c5c7ffff,12535296158,2816708327,17.7494,0.03092,average_adult
89a8100c5dbffff,89a8100c5cbffff,12535296158,13037844868,12.59,0.302148,average_adult
89a8100c5dbffff,89a8100c5cfffff,12535296158,2687705140,16.2545,0.084068,average_adult
89a8100c5dbffff,89a8100c5d3ffff,12535296158,1097971350,7.2733,0.707665,average_adult
89a8100c5dbffff,89a8100c5d7ffff,12535296158,303867318,14.1011,0.199723,average_adult
89a8100c5dbffff,89a8100c5dbffff,12535296158,12535296158,1.4181,0.987646,average_adult
89a8100c5dbffff,89a8100e363ffff,12535296158,388512103,16.522,0.072779,average_adult
89a8100c5dbffff,89a8100e367ffff,12535296158,142814786,18.526,0.013342,average_adult
89a8100c5dbffff,89a8100e36bffff,12535296158,389063054,12.283,0.324511,average_adult
89a8100c5dbffff,89a8100e36fffff,12535296158,389063008,11.9104,0.3522,average_adult
89a8100c5dbffff,89a8100e37bffff,12535296158,8943221373,18.311,0.017494,average_adult
89a8100c637ffff,89a8100c0c3ffff,445044750,4293920655,16.0245,0.094365,average_adult
89a8100c637ffff,89a8100c0cbffff,445044750,12487325808,10.1171,0.490806,average_adult
89a8100c637ffff,89a8100c0dbffff,445044750,6769468141,12.3093,0.322581,average_adult
89a8100c637ffff,89a8100c637ffff,445044750,445044750,2.8652,0.950208,average_adult
89a8100c6a3ffff,89a8100c0cbffff,466929753,12487325808,17.9467,0.025782,average_adult
89a8100c6a3ffff,89a8100c0dbffff,466929753,6769468141,15.3553,0.127278,average_adult
89a8100c6a3ffff,89a8100c44fffff,466929753,467820676,16.1661,0.08796,average_adult
89a8100c6a3ffff,89a8100c47bffff,466929753,466930008,18.7227,0.010031,average_adult
89a8100c6a3ffff,89a8100c6a3ffff,466929753,466929753,1.4531,0.987032,average_adult
89a8100c6a3ffff,89a8100c6a7ffff,466929753,296285598,12.9424,0.277044,average_adult
89a8100c6a3ffff,89a8100c6afffff,466929753,1448778106,9.191,0.563367,average_adult
89a8100c6a3ffff,89a8100c6b3ffff,466929753,466932573,12.3104,0.3225,average_adult
89a8100c6a3ffff,89a8100c6b7ffff,466929753,466929739,17.8436,0.028411,average_adult
89a8100c6a7ffff,89a8100c09bffff,296285598,4293923366,19.2159,0.003787,average_adult
89a8100c6a7ffff,89a8100c0c3ffff,296285598,4293920655,13.5049,0.238421,average_adult
89a8100c6a7ffff,89a8100c0cbffff,296285598,12487325808,12.3099,0.322538,average_adult
89a8100c6a7ffff,89a8100c0d3ffff,296285598,296284761,9.4383,0.544055,average_adult
89a8100c6a7ffff,89a8100c0d7ffff,296285598,296284684,12.8719,0.282018,average_adult
89a8100c6a7ffff,89a8100c0dbffff,296285598,6769468141,8.7618,0.596639,average_adult
89a8100c6a7ffff,89a8100c443ffff,296285598,4947151527,18.3597,0.016506,average_adult
89a8100c6a7ffff,89a8100c447ffff,296285598,3472333400,17.5068,0.037855,average_adult
89a8100c6a7ffff,89a8100c44bffff,296285598,466938136,17.8901,0.027209,average_adult
89a8100c6a7ffff,89a8100c44fffff,296285598,467820676,13.2425,0.256201,average_adult
89a8100c6a7ffff,89a8100c463ffff,296285598,466929967,13.9558,0.208924,average_adult
89a8100c6a7ffff,89a8100c467ffff,296285598,296285901,19.7727,0.000319,average_adult
89a8100c6a7ffff,89a8100c46bffff,296285598,12505529937,9.0647,0.573198,average_adult
89a8100c6a7ffff,89a8100c46fffff,296285598,4849813871,12.8841,0.281154,average_adult
89a8100c6a7ffff,89a8100c47bffff,296285598,466930008,13.4608,0.24138,average_adult
89a8100c6a7ffff,89a8100c637ffff,296285598,445044750,15.2754,0.131485,average_adult
89a8100c6a7ffff,89a8100c6a3ffff,296285598,466929753,9.1463,0.566848,average_adult
89a8100c6a7ffff,89a8100c6a7ffff,296285598,296285598,1.6119,0.984058,average_adult
89a8100c6a7ffff,89a8100c6afffff,296285598,1448778106,7.2998,0.705771,average_adult
89a8100c6a7ffff,89a8100c6b3ffff,296285598,466932573,13.9793,0.207426,average_adult
89a8100c6a7ffff,89a8100c6b7ffff,296285598,466929739,7.2483,0.709449,average_adult
89a8100c6afffff,89a8100c0cbffff,1448778106,12487325808,15.1318,0.139202,average_adult
89a8100c6afffff,89a8100c0d3ffff,1448778106,296284761,19.5169,0.001439,average_adult
89a8100c6afffff,89a8100c0dbffff,1448778106,6769468141,12.5404,0.305731,average_adult
89a8100c6afffff,89a8100c46bffff,1448778106,12505529937,19.1432,0.004521,average_adult
89a8100c6afffff,89a8100c637ffff,1448778106,445044750,18.0974,0.022163,average_adult
89a8100c6afffff,89a8100c6a3ffff,1448778106,466929753,10.0232,0.498178,average_adult
89a8100c6afffff,89a8100c6a7ffff,1448778106,296285598,11.6905,0.368785,average_adult
89a8100c6afffff,89a8100c6afffff,1448778106,1448778106,2.5257,0.961163,average_adult
89a8100c6afffff,89a8100c6b3ffff,1448778106,466932573,19.8777,9.2e-05,average_adult
89a8100c6afffff,89a8100c6b7ffff,1448778106,466929739,17.3269,0.043433,average_adult
89a8100c6b3ffff,89a8100c443ffff,466932573,4947151527,14.4857,0.176131,average_adult
89a8100c6b3ffff,89a8100c447ffff,466932573,3472333400,15.86,0.10205,average_adult
89a8100c6b3ffff,89a8100c44bffff,466932573,466938136,13.9051,0.212172,average_adult
89a8100c6b3ffff,89a8100c44fffff,466932573,467820676,9.2575,0.558185,average_adult
89a8100c6b3ffff,89a8100c457ffff,466932573,467820599,19.9188,4.1e-05,average_adult
89a8100c6b3ffff,89a8100c45bffff,466932573,467820516,19.568,0.001151,average_adult
89a8100c6b3ffff,89a8100c463ffff,466932573,466929967,17.9407,0.025933,average_adult
89a8100c6b3ffff,89a8100c46bffff,466932573,12505529937,17.7477,0.030967,average_adult
89a8100c6b3ffff,89a8100c473ffff,466932573,466938137,18.8334,0.008372,average_adult
89a8100c6b3ffff,89a8100c47bffff,466932573,466930008,11.814,0.359449,average_adult
89a8100c6b3ffff,89a8100c6a3ffff,466932573,466929753,7.5133,0.690377,average_adult
89a8100c6b3ffff,89a8100c6a7ffff,466932573,296285598,14.9698,0.148129,average_adult
89a8100c6b3ffff,89a8100c6afffff,466932573,1448778106,15.2512,0.132774,average_adult
89a8100c6b3ffff,89a8100c6b3ffff,466932573,466932573,0.8616,0.995428,average_adult
89a8100c6b3ffff,89a8100c6b7ffff,466932573,466929739,10.9349,0.426836,average_adult
89a8100c6b7ffff,89a8100c0c3ffff,466929739,4293920655,17.5299,0.037167,average_adult
89a8100c6b7ffff,89a8100c0cbffff,466929739,12487325808,18.0455,0.02338,average_adult
89a8100c6b7ffff,89a8100c0d3ffff,466929739,296284761,13.1261,0.264224,average_adult
89a8100c6b7ffff,89a8100c0d7ffff,466929739,296284684,16.5596,0.071251,average_adult
89a8100c6b7ffff,89a8100c0dbffff,466929739,6769468141,14.2419,0.190953,average_adult
89a8100c6b7ffff,89a8100c40bffff,466929739,3807737497,19.4463,0.00189,average_adult
89a8100c6b7ffff,89a8100c443ffff,466929739,4947151527,12.7278,0.292251,average_adult
89a8100c6b7ffff,89a8100c447ffff,466929739,3472333400,11.875,0.354857,average_adult
89a8100c6b7ffff,89a8100c44bffff,466929739,466938136,12.2583,0.326331,average_adult
89a8100c6b7ffff,89a8100c44fffff,466929739,467820676,7.6107,0.683281,average_adult
89a8100c6b7ffff,89a8100c453ffff,466929739,467820559,18.3226,0.017257,average_adult
89a8100c6b7ffff,89a8100c457ffff,466929739,467820599,15.9337,0.098572,average_adult
89a8100c6b7ffff,89a8100c45bffff,466929739,467820516,17.9212,0.026421,average_adult
89a8100c6b7ffff,89a8100c463ffff,466929739,466929967,8.7553,0.597135,average_adult
89a8100c6b7ffff,89a8100c467ffff,466929739,296285901,18.2654,0.018446,average_adult
89a8100c6b7ffff,89a8100c46bffff,466929739,12505529937,8.4293,0.622117,average_adult
89a8100c6b7ffff,89a8100c46fffff,466929739,4849813871,14.0162,0.205081,average_adult
89a8100c6b7ffff,89a8100c473ffff,466929739,466938137,14.8483,0.154968,average_adult
89a8100c6b7ffff,89a8100c47bffff,466929739,466930008,7.829,0.667226,average_adult
89a8100c6b7ffff,89a8100c6a3ffff,466929739,466929753,12.8931,0.280515,average_adult
89a8100c6b7ffff,89a8100c6a7ffff,466929739,296285598,7.3475,0.70235,average_adult
89a8100c6b7ffff,89a8100c6afffff,466929739,1448778106,13.0354,0.27053,average_adult
89a8100c6b7ffff,89a8100c6b3ffff,466929739,466932573,10.5943,0.453391,average_adult
89a8100c6b7ffff,89a8100c6b7ffff,466929739,466929739,1.6165,0.983968,average_adult
89a8100e06fffff,89a8100e06fffff,3416576930,3416576930,1.6409,0.983484,average_adult
89a8100e06fffff,89a8100e2a7ffff,3416576930,12831235988,18.505,0.013724,average_adult
89a8100e06fffff,89a8100e313ffff,3416576930,9515286969,18.97,0.006529,average_adult
89a8100e06fffff,89a8100e383ffff,3416576930,9521965871,17.2109,0.047224,average_adult
89a8100e06fffff,89a8100e38bffff,3416576930,12505567548,14.8761,0.153392,average_adult
89a8100e06fffff,89a8100e38fffff,3416576930,9537001559,19.6855,0.00061,average_adult
89a8100e06fffff,89a8100e393ffff,3416576930,1393381000,18.0487,0.023304,average_adult
89a8100e06fffff,89a8100e39bffff,3416576930,1393380693,12.5696,0.30362,average_adult
89a8100e06fffff,89a8100e3c3ffff,3416576930,9509169514,13.6329,0.229907,average_adult
89a8100e06fffff,89a8100e3c7ffff,3416576930,9532804243,14.6024,0.169201,average_adult
89a8100e06fffff,89a8100e3cbffff,3416576930,9523090342,19.9065,5.4e-05,average_adult
89a8100e06fffff,89a8100e3cfffff,3416576930,9509243980,19.1212,0.004756,average_adult
89a8100e06fffff,89a8100e3d3ffff,3416576930,9517170654,6.0273,0.792155,average_adult
89a8100e06fffff,89a8100e3d7ffff,3416576930,9503196643,8.3786,0.625975,average_adult
89a8100e06fffff,89a8100e3dbffff,3416576930,9517279686,15.9873,0.096077,average_adult
89a8100e203ffff,89a8100e203ffff,9078053043,9078053043,3.9141,0.908437,average_adult
89a8100e203ffff,89a8100e207ffff,9078053043,9078104201,13.9309,0.210514,average_adult
89a8100e203ffff,89a8100e20bffff,9078053043,9509544505,14.5376,0.173035,average_adult
89a8100e203ffff,89a8100e20fffff,9078053043,9509342521,10.349,0.472602,average_adult
89a8100e203ffff,89a8100e22bffff,9078053043,9111245172,18.7466,0.009659,average_adult
89a8100e203ffff,89a8100e233ffff,9078053043,9083125917,18.6295,0.011541,average_adult
89a8100e203ffff,89a8100e23bffff,9078053043,12911190024,17.2619,0.045538,average_adult
89a8100e203ffff,89a8100e273ffff,9078053043,9512718996,17.6057,0.034947,average_adult
89a8100e203ffff,89a8100e277ffff,9078053043,9175432224,16.9001,0.058113,average_adult
89a8100e207ffff,89a8100e203ffff,9078104201,9078053043,12.5485,0.305142,average_adult
89a8100e207ffff,89a8100e207ffff,9078104201,9078104201,0.9233,0.994751,average_adult
89a8100e207ffff,89a8100e20bffff,9078104201,9509544505,15.6041,0.114537,average_adult
89a8100e207ffff,89a8100e20fffff,9078104201,9509342521,11.4155,0.389739,average_adult
89a8100e207ffff,89a8100e223ffff,9078104201,9085138924,15.5181,0.118874,average_adult
89a8100e207ffff,89a8100e22bffff,9078104201,9111245172,16.0128,0.0949,average_adult
89a8100e207ffff,89a8100e233ffff,9078104201,9083125917,11.1339,0.411417,average_adult
89a8100e207ffff,89a8100e237ffff,9078104201,9496451280,17.5083,0.037812,average_adult
89a8100e207ffff,89a8100e23bffff,9078104201,12911190024,11.8225,0.358809,average_adult
89a8100e207ffff,89a8100e273ffff,9078104201,9512718996,18.2876,0.017979,average_adult
89a8100e207ffff,89a8100e277ffff,9078104201,9175432224,17.494,0.038239,average_adult
89a8100e207ffff,89a8100e2a7ffff,9078104201,12831235988,19.5459,0.001272,average_adult
89a8100e207ffff,89a8100e2abffff,9078104201,12829462717,12.9346,0.277594,average_adult
89a8100e207ffff,89a8100e2afffff,9078104201,9465336398,15.2884,0.130796,average_adult
89a8100e20bffff,89a8100e203ffff,9509544505,9078053043,15.1363,0.138957,average_adult
89a8100e20bffff,89a8100e207ffff,9509544505,9078104201,17.5852,0.03554,average_adult
89a8100e20bffff,89a8100e20bffff,9509544505,9509544505,3.0781,0.942686,average_adult
89a8100e20bffff,89a8100e20fffff,9509544505,9509342521,7.7454,0.673398,average_adult
89a8100e20bffff,89a8100e243ffff,9509544505,1538576134,15.6559,0.111958,average_adult
89a8100e20bffff,89a8100e247ffff,9509544505,9546511598,10.2084,0.483633,average_adult
89a8100e20bffff,89a8100e24fffff,9509544505,467944912,16.602,0.06955,average_adult
89a8100e20bffff,89a8100e257ffff,9509544505,370857290,9.5581,0.534677,average_adult
89a8100e20bffff,89a8100e263ffff,9509544505,9560517151,17.7797,0.030102,average_adult
89a8100e20bffff,89a8100e273ffff,9509544505,9512718996,10.1364,0.489292,average_adult
89a8100e20bffff,89a8100e277ffff,9509544505,9175432224,14.5509,0.172247,average_adult
89a8100e20bffff,89a8100e27bffff,9509544505,12911199240,17.5122,0.037695,average_adult
89a8100e20bffff,89a8100f1b7ffff,9509544505,1489531937,18.1881,0.020115,average_adult
89a8100e20fffff,89a8100e203ffff,9509342521,9078053043,8.9022,0.585793,average_adult
89a8100e20fffff,89a8100e207ffff,9509342521,9078104201,11.3511,0.394679,average_adult
89a8100e20fffff,89a8100e20bffff,9509342521,9509544505,5.6999,0.812629,average_adult
89a8100e20fffff,89a8100e20fffff,9509342521,9509342521,1.1756,0.991498,average_adult
89a8100e20fffff,89a8100e223ffff,9509342521,9085138924,18.7569,0.009502,average_adult
89a8100e20fffff,89a8100e22bffff,9509342521,9111245172,14.7087,0.16299,average_adult
89a8100e20fffff,89a8100e233ffff,9509342521,9083125917,16.0497,0.093208,average_adult
89a8100e20fffff,89a8100e23bffff,9509342521,12911190024,14.3581,0.183829,average_adult
89a8100e20fffff,89a8100e243ffff,9509342521,1538576134,17.9561,0.025548,average_adult
89a8100e20fffff,89a8100e247ffff,9509342521,9546511598,12.1537,0.334057,average_adult
89a8100e20fffff,89a8100e24fffff,9509342521,467944912,18.8464,0.008187,average_adult
89a8100e20fffff,89a8100e257ffff,9509342521,370857290,11.8583,0.356111,average_adult
89a8100e20fffff,89a8100e263ffff,9509342521,9560517151,16.8024,0.061756,average_adult
89a8100e20fffff,89a8100e267ffff,9509342521,9560548910,19.9047,5.6e-05,average_adult
89a8100e20fffff,89a8100e273ffff,9509342521,9512718996,9.167,0.565233,average_adult
89a8100e20fffff,89a8100e277ffff,9509342521,9175432224,10.1434,0.488739,average_adult
89a8100e20fffff,89a8100e27bffff,9509342521,12911199240,17.3028,0.044206,average_adult
89a8100e20fffff,89a8100e2abffff,9509342521,12829462717,17.8504,0.028232,average_adult
89a8100e223ffff,89a8100c483ffff,9085138924,9091230323,19.915,4.5e-05,average_adult
89a8100e223ffff,89a8100c487ffff,9085138924,8943221347,19.2579,0.003393,average_adult
89a8100e223ffff,89a8100c493ffff,9085138924,9089875466,12.9386,0.27731,average_adult
89a8100e223ffff,89a8100c497ffff,9085138924,9532442497,13.9612,0.208579,average_adult
89a8100e223ffff,89a8100c49bffff,9085138924,9562434245,18.0321,0.023698,average_adult
89a8100e223ffff,89a8100e203ffff,9085138924,9078053043,18.1508,0.020945,average_adult
89a8100e223ffff,89a8100e207ffff,9085138924,9078104201,14.4155,0.180354,average_adult
89a8100e223ffff,89a8100e20bffff,9085138924,9509544505,19.781,0.000296,average_adult
89a8100e223ffff,89a8100e20fffff,9085138924,9509342521,15.38,0.125985,average_adult
89a8100e223ffff,89a8100e223ffff,9085138924,9085138924,0.4531,0.998734,average_adult
89a8100e223ffff,89a8100e227ffff,9085138924,8943483316,8.3875,0.625296,average_adult
89a8100e223ffff,89a8100e22bffff,9085138924,9111245172,8.3582,0.627521,average_adult
89a8100e223ffff,89a8100e22fffff,9085138924,9085206286,6.7918,0.741438,average_adult
89a8100e223ffff,89a8100e233ffff,9085138924,9083125917,6.1687,0.78307,average_adult
89a8100e223ffff,89a8100e237ffff,9085138924,9496451280,6.1988,0.781118,average_adult
89a8100e223ffff,89a8100e23bffff,9085138924,12911190024,8.0745,0.648937,average_adult
89a8100e223ffff,89a8100e267ffff,9085138924,9560548910,17.7385,0.031217,average_adult
89a8100e223ffff,89a8100e273ffff,9085138924,9512718996,17.3459,0.042828,average_adult
89a8100e223ffff,89a8100e277ffff,9085138924,9175432224,14.7654,0.159711,average_adult
89a8100e223ffff,89a8100e2a7ffff,9085138924,12831235988,17.6077,0.034889,average_adult
89a8100e223ffff,89a8100e2abffff,9085138924,12829462717,11.0667,0.416611,average_adult
89a8100e223ffff,89a8100e2afffff,9085138924,9465336398,13.3503,0.248847,average_adult
89a8100e223ffff,89a8100e31bffff,9085138924,9545366658,19.6178,0.000901,average_adult
89a8100e223ffff,89a8100e34bffff,9085138924,389063239,19.1202,0.004767,average_adult
89a8100e223ffff,89a8100e353ffff,9085138924,6945448510,16.1199,0.090027,average_adult
89a8100e223ffff,89a8100e357ffff,9085138924,9509533701,18.9657,0.006584,average_adult
89a8100e223ffff,89a8100e35bffff,9085138924,9546062800,11.9625,0.348295,average_adult
89a8100e223ffff,89a8100e3c3ffff,9085138924,9509169514,15.5653,0.116484,average_adult
89a8100e223ffff,89a8100e3c7ffff,9085138924,9532804243,19.3664,0.002474,average_adult
89a8100e223ffff,89a8100e3cbffff,9085138924,9523090342,9.6639,0.526387,average_adult
89a8100e223ffff,89a8100e3cfffff,9085138924,9509243980,15.2582,0.132401,average_adult
89a8100e223ffff,89a8100e3dbffff,9085138924,9517279686,14.1916,0.194071,average_adult
89a8100e227ffff,89a8100c493ffff,8943483316,9089875466,16.9496,0.056309,average_adult
89a8100e227ffff,89a8100c497ffff,8943483316,9532442497,16.038,0.093746,average_adult
89a8100e227ffff,89a8100e223ffff,8943483316,9085138924,12.3477,0.319765,average_adult
89a8100e227ffff,89a8100e227ffff,8943483316,8943483316,0.859,0.995456,average_adult
89a8100e227ffff,89a8100e22bffff,8943483316,9111245172,16.7482,0.063823,average_adult
89a8100e227ffff,89a8100e22fffff,8943483316,9085206286,9.3187,0.553409,average_adult
89a8100e227ffff,89a8100e233ffff,8943483316,9083125917,15.9083,0.099766,average_adult
89a8100e227ffff,89a8100e237ffff,8943483316,9496451280,7.8052,0.668985,average_adult
89a8100e227ffff,89a8100e23bffff,8943483316,12911190024,18.5584,0.012765,average_adult
89a8100e227ffff,89a8100e2a7ffff,8943483316,12831235988,17.5897,0.035409,average_adult
89a8100e227ffff,89a8100e2afffff,8943483316,9465336398,13.8455,0.216013,average_adult
89a8100e227ffff,89a8100e303ffff,8943483316,1393379394,18.2703,0.018342,average_adult
89a8100e227ffff,89a8100e31bffff,8943483316,9545366658,13.8243,0.217381,average_adult
89a8100e227ffff,89a8100e343ffff,8943483316,8943486125,16.2252,0.085348,average_adult
89a8100e227ffff,89a8100e34bffff,8943483316,389063239,17.6815,0.032794,average_adult
89a8100e227ffff,89a8100e353ffff,8943483316,6945448510,11.578,0.377328,average_adult
89a8100e227ffff,89a8100e357ffff,8943483316,9509533701,14.7597,0.160041,average_adult
89a8100e227ffff,89a8100e35bffff,8943483316,9546062800,10.5238,0.458908,average_adult
89a8100e227ffff,89a8100e3c3ffff,8943483316,9509169514,14.2534,0.190244,average_adult
89a8100e227ffff,89a8100e3c7ffff,8943483316,9532804243,16.659,0.067287,average_adult
89a8100e227ffff,89a8100e3cbffff,8943483316,9523090342,7.4474,0.695149,average_adult
89a8100e227ffff,89a8100e3cfffff,8943483316,9509243980,9.4647,0.541994,average_adult
89a8100e227ffff,89a8100e3d7ffff,8943483316,9503196643,19.6436,0.000783,average_adult
89a8100e227ffff,89a8100e3dbffff,8943483316,9517279686,13.3223,0.250752,average_adult
89a8100e22bffff,89a8100c493ffff,9111245172,9089875466,12.7536,0.290413,average_adult
89a8100e22bffff,89a8100c497ffff,9111245172,9532442497,15.1671,0.137288,average_adult
89a8100e22bffff,89a8100c49bffff,9111245172,9562434245,18.5885,0.012239,average_adult
89a8100e22bffff,89a8100e203ffff,9111245172,9078053043,15.5486,0.117327,average_adult
89a8100e22bffff,89a8100e207ffff,9111245172,9078104201,16.2662,0.083558,average_adult
89a8100e22bffff,89a8100e20bffff,9111245172,9509544505,17.1788,0.048297,average_adult
89a8100e22bffff,89a8100e20fffff,9111245172,9509342521,12.7778,0.288686,average_adult
89a8100e22bffff,89a8100e223ffff,9111245172,9085138924,9.6393,0.528311,average_adult
89a8100e22bffff,89a8100e227ffff,9111245172,8943483316,14.5607,0.171664,average_adult
89a8100e22bffff,89a8100e22bffff,9111245172,9111245172,0.6611,0.997306,average_adult
89a8100e22bffff,89a8100e22fffff,9111245172,9085206286,10.5316,0.4583,average_adult
89a8100e22bffff,89a8100e233ffff,9111245172,9083125917,15.0579,0.143248,average_adult
89a8100e22bffff,89a8100e237ffff,9111245172,9496451280,15.2216,0.134357,average_adult
89a8100e22bffff,89a8100e23bffff,9111245172,12911190024,9.4879,0.540179,average_adult
89a8100e22bffff,89a8100e247ffff,9111245172,9546511598,19.0261,0.00584,average_adult
89a8100e22bffff,89a8100e263ffff,9111245172,9560517151,14.5104,0.174657,average_adult
89a8100e22bffff,89a8100e267ffff,9111245172,9560548910,14.6573,0.16598,average_adult
89a8100e22bffff,89a8100e273ffff,9111245172,9512718996,13.3076,0.251754,average_adult
89a8100e22bffff,89a8100e277ffff,9111245172,9175432224,8.2054,0.639085,average_adult
89a8100e22bffff,89a8100e27bffff,9111245172,12911199240,17.0371,0.053182,average_adult
89a8100e22bffff,89a8100e2abffff,9111245172,12829462717,19.9559,1.2e-05,average_adult
89a8100e22bffff,89a8100e35bffff,9111245172,9546062800,17.8584,0.028027,average_adult
89a8100e22bffff,89a8100e3cbffff,9111245172,9523090342,18.6866,0.010603,average_adult
89a8100e22fffff,89a8100c483ffff,9085206286,9091230323,13.9999,0.206114,average_adult
89a8100e22fffff,89a8100c487ffff,9085206286,8943221347,13.6853,0.226452,average_adult
89a8100e22fffff,89a8100c48bffff,9085206286,467764073,16.8902,0.058477,average_adult
89a8100e22fffff,89a8100c48fffff,9085206286,467743522,16.8367,0.060464,average_adult
89a8100e22fffff,89a8100c493ffff,9085206286,9089875466,8.7936,0.594182,average_adult
89a8100e22fffff,89a8100c497ffff,9085206286,9532442497,8.3887,0.625208,average_adult
89a8100e22fffff,89a8100c49bffff,9085206286,9562434245,12.0708,0.340216,average_adult
89a8100e22fffff,89a8100c4bbffff,9085206286,387095725,19.1351,0.004607,average_adult
89a8100e22fffff,89a8100c4d7ffff,9085206286,9562334166,18.5226,0.013403,average_adult
89a8100e22fffff,89a8100e207ffff,9085206286,9078104201,18.6206,0.01169,average_adult
89a8100e22fffff,89a8100e223ffff,9085206286,9085138924,5.3153,0.835617,average_adult
89a8100e22fffff,89a8100e227ffff,9085206286,8943483316,5.5833,0.819721,average_adult
89a8100e22fffff,89a8100e22bffff,9085206286,9111245172,8.636,0.606309,average_adult
89a8100e22fffff,89a8100e22fffff,9085206286,9085206286,0.7086,0.996906,average_adult
89a8100e22fffff,89a8100e233ffff,9085206286,9083125917,10.3739,0.47065,average_adult
89a8100e22fffff,89a8100e237ffff,9085206286,9496451280,10.404,0.46829,average_adult
89a8100e22fffff,89a8100e23bffff,9085206286,12911190024,12.7119,0.293394,average_adult
89a8100e22fffff,89a8100e263ffff,9085206286,9560517151,19.3366,0.002713,average_adult
89a8100e22fffff,89a8100e267ffff,9085206286,9560548910,13.5935,0.232517,average_adult
89a8100e22fffff,89a8100e26fffff,9085206286,9562570594,19.7686,0.00033,average_adult
89a8100e22fffff,89a8100e277ffff,9085206286,9175432224,15.5228,0.118637,average_adult
89a8100e22fffff,89a8100e2abffff,9085206286,12829462717,15.2719,0.131673,average_adult
89a8100e22fffff,89a8100e2afffff,9085206286,9465336398,17.5555,0.03641,average_adult
89a8100e22fffff,89a8100e31bffff,9085206286,9545366658,16.5978,0.069716,average_adult
89a8100e22fffff,89a8100e343ffff,9085206286,8943486125,17.2352,0.046417,average_adult
89a8100e22fffff,89a8100e34bffff,9085206286,389063239,16.0386,0.093717,average_adult
89a8100e22fffff,89a8100e353ffff,9085206286,6945448510,13.0384,0.270325,average_adult
89a8100e22fffff,89a8100e357ffff,9085206286,9509533701,15.8841,0.100907,average_adult
89a8100e22fffff,89a8100e35bffff,9085206286,9546062800,8.8809,0.587439,average_adult
89a8100e22fffff,89a8100e3c3ffff,9085206286,9509169514,18.5186,0.013477,average_adult
89a8100e22fffff,89a8100e3c7ffff,9085206286,9532804243,19.4326,0.001985,average_adult
89a8100e22fffff,89a8100e3cbffff,9085206286,9523090342,12.0428,0.342298,average_adult
89a8100e22fffff,89a8100e3cfffff,9085206286,9509243980,12.2382,0.32781,average_adult
89a8100e22fffff,89a8100e3dbffff,9085206286,9517279686,17.9176,0.02651,average_adult
89a8100e233ffff,89a8100c493ffff,9083125917,9089875466,18.3079,0.017558,average_adult
89a8100e233ffff,89a8100c497ffff,9083125917,9532442497,19.4525,0.001848,average_adult
89a8100e233ffff,89a8100e203ffff,9083125917,9078053043,15.0268,0.144962,average_adult
89a8100e233ffff,89a8100e207ffff,9083125917,9078104201,8.9353,0.583235,average_adult
89a8100e233ffff,89a8100e20bffff,9083125917,9509544505,18.0824,0.022512,average_adult
89a8100e233ffff,89a8100e20fffff,9083125917,9509342521,13.8938,0.212898,average_adult
89a8100e233ffff,89a8100e223ffff,9083125917,9085138924,5.9444,0.797416,average_adult
89a8100e233ffff,89a8100e227ffff,9083125917,8943483316,12.7288,0.292183,average_adult
89a8100e233ffff,89a8100e22bffff,9083125917,9111245172,13.4933,0.2392,average_adult
89a8100e233ffff,89a8100e22fffff,9083125917,9085206286,12.2831,0.324502,average_adult
89a8100e233ffff,89a8100e233ffff,9083125917,9083125917,0.6885,0.997079,average_adult
89a8100e233ffff,89a8100e237ffff,9083125917,9496451280,7.6485,0.680514,average_adult
89a8100e233ffff,89a8100e23bffff,9083125917,12911190024,9.4286,0.54482,average_adult
89a8100e233ffff,89a8100e273ffff,9083125917,9512718996,18.9068,0.007354,average_adult
89a8100e233ffff,89a8100e277ffff,9083125917,9175432224,16.3264,0.080963,average_adult
89a8100e233ffff,89a8100e2a7ffff,9083125917,12831235988,12.1775,0.332292,average_adult
89a8100e233ffff,89a8100e2abffff,9083125917,12829462717,5.5865,0.819526,average_adult
89a8100e233ffff,89a8100e2afffff,9083125917,9465336398,7.9201,0.660463,average_adult
89a8100e233ffff,89a8100e35bffff,9083125917,9546062800,17.3693,0.042085,average_adult
89a8100e233ffff,89a8100e3c3ffff,9083125917,9509169514,17.0298,0.053438,average_adult
89a8100e233ffff,89a8100e3cbffff,9083125917,9523090342,12.2596,0.326238,average_adult
89a8100e233ffff,89a8100e3cfffff,9083125917,9509243980,19.1074,0.004906,average_adult
89a8100e233ffff,89a8100e3d3ffff,9083125917,9517170654,19.1939,0.004003,average_adult
89a8100e233ffff,89a8100e3dbffff,9083125917,9517279686,13.0923,0.266571,average_adult
89a8100e237ffff,89a8100e207ffff,9496451280,9078104201,17.6498,0.033685,average_adult
89a8100e237ffff,89a8100e223ffff,9496451280,9085138924,8.6893,0.602216,average_adult
89a8100e237ffff,89a8100e227ffff,9496451280,8943483316,7.9165,0.660733,average_adult
89a8100e237ffff,89a8100e22bffff,9496451280,9111245172,16.5944,0.069852,average_adult
89a8100e237ffff,89a8100e22fffff,9496451280,9085206286,14.5812,0.170453,average_adult
89a8100e237ffff,89a8100e233ffff,9496451280,9083125917,9.6713,0.525808,average_adult
89a8100e237ffff,89a8100e237ffff,9496451280,9496451280,0.3404,0.999286,average_adult
89a8100e237ffff,89a8100e23bffff,9496451280,12911190024,12.7831,0.288309,average_adult
89a8100e237ffff,89a8100e277ffff,9496451280,9175432224,19.619,0.000895,average_adult
89a8100e237ffff,89a8100e2a7ffff,9496451280,12831235988,12.2151,0.329518,average_adult
89a8100e237ffff,89a8100e2abffff,9496451280,12829462717,13.8507,0.215675,average_adult
89a8100e237ffff,89a8100e2afffff,9496451280,9465336398,8.3339,0.62937,average_adult
89a8100e237ffff,89a8100e31bffff,9496451280,9545366658,19.1438,0.004515,average_adult
89a8100e237ffff,89a8100e353ffff,9496451280,6945448510,17.8191,0.029053,average_adult
89a8100e237ffff,89a8100e35bffff,9496451280,9546062800,16.1258,0.089762,average_adult
89a8100e237ffff,89a8100e3c3ffff,9496451280,9509169514,9.9965,0.500272,average_adult
89a8100e237ffff,89a8100e3c7ffff,9496451280,9532804243,16.6451,0.067837,average_adult
89a8100e237ffff,89a8100e3cbffff,9496451280,9523090342,7.4293,0.696463,average_adult
89a8100e237ffff,89a8100e3cfffff,9496451280,9509243980,14.2771,0.188781,average_adult
89a8100e237ffff,89a8100e3d3ffff,9496451280,9517170654,17.1221,0.050225,average_adult
89a8100e237ffff,89a8100e3d7ffff,9496451280,9503196643,15.3868,0.125633,average_adult
89a8100e237ffff,89a8100e3dbffff,9496451280,9517279686,8.4351,0.621675,average_adult
89a8100e23bffff,89a8100c493ffff,12911190024,9089875466,15.406,0.124634,average_adult
89a8100e23bffff,89a8100c497ffff,12911190024,9532442497,17.8195,0.029043,average_adult
89a8100e23bffff,89a8100e203ffff,12911190024,9078053043,12.1557,0.333906,average_adult
89a8100e23bffff,89a8100e207ffff,12911190024,9078104201,8.7875,0.594657,average_adult
89a8100e23bffff,89a8100e20bffff,12911190024,9509544505,13.7859,0.219873,average_adult
89a8100e23bffff,89a8100e20fffff,12911190024,9509342521,9.3849,0.548231,average_adult
89a8100e23bffff,89a8100e223ffff,12911190024,9085138924,7.0428,0.723993,average_adult
89a8100e23bffff,89a8100e227ffff,12911190024,8943483316,14.4794,0.176507,average_adult
89a8100e23bffff,89a8100e22bffff,12911190024,9111245172,6.1937,0.78145,average_adult
89a8100e23bffff,89a8100e22fffff,12911190024,9085206286,13.1839,0.260229,average_adult
89a8100e23bffff,89a8100e233ffff,12911190024,9083125917,8.7535,0.597278,average_adult
89a8100e23bffff,89a8100e237ffff,12911190024,9496451280,9.9039,0.507549,average_adult
89a8100e23bffff,89a8100e23bffff,12911190024,12911190024,1.2271,0.990741,average_adult
89a8100e23bffff,89a8100e247ffff,12911190024,9546511598,16.927,0.057128,average_adult
89a8100e23bffff,89a8100e257ffff,12911190024,370857290,18.4537,0.014678,average_adult
89a8100e23bffff,89a8100e263ffff,12911190024,9560517151,17.3663,0.042181,average_adult
89a8100e23bffff,89a8100e267ffff,12911190024,9560548910,17.5132,0.037663,average_adult
89a8100e23bffff,89a8100e273ffff,12911190024,9512718996,11.6072,0.375105,average_adult
89a8100e23bffff,89a8100e277ffff,12911190024,9175432224,9.0268,0.576138,average_adult
89a8100e23bffff,89a8100e27bffff,12911190024,12911199240,18.1815,0.020261,average_adult
89a8100e23bffff,89a8100e2abffff,12911190024,12829462717,13.6515,0.228682,average_adult
89a8100e23bffff,89a8100e2afffff,12911190024,9465336398,15.9851,0.096182,average_adult
89a8100e23bffff,89a8100e35bffff,12911190024,9546062800,18.5523,0.012873,average_adult
89a8100e23bffff,89a8100e3c3ffff,12911190024,9509169514,19.2704,0.00328,average_adult
89a8100e23bffff,89a8100e3cbffff,12911190024,9523090342,14.0102,0.205463,average_adult
89a8100e23bffff,89a8100e3dbffff,12911190024,9517279686,17.8966,0.027043,average_adult
89a8100e243ffff,89a8100e20bffff,1538576134,9509544505,15.6465,0.112424,average_adult
89a8100e243ffff,89a8100e20fffff,1538576134,9509342521,19.9923,0.0,average_adult
89a8100e243ffff,89a8100e243ffff,1538576134,1538576134,2.3418,0.966551,average_adult
89a8100e243ffff,89a8100e247ffff,1538576134,9546511598,5.3702,0.832408,average_adult
89a8100e243ffff,89a8100e24bffff,1538576134,467944723,13.6068,0.231633,average_adult
89a8100e243ffff,89a8100e24fffff,1538576134,467944912,5.7047,0.812333,average_adult
89a8100e243ffff,89a8100e257ffff,1538576134,370857290,9.6836,0.524838,average_adult
89a8100e243ffff,89a8100e26bffff,1538576134,9528567209,19.9832,2e-06,average_adult
89a8100e243ffff,89a8100e273ffff,1538576134,9512718996,15.9867,0.096108,average_adult
89a8100e243ffff,89a8100e27bffff,1538576134,12911199240,12.6739,0.29611,average_adult
89a8100e243ffff,89a8100f1a7ffff,1538576134,8941348148,16.8017,0.061782,average_adult
89a8100e243ffff,89a8100f1b3ffff,1538576134,4619786697,13.4387,0.242868,average_adult
89a8100e243ffff,89a8100f1b7ffff,1538576134,1489531937,12.2901,0.323988,average_adult
89a8100e247ffff,89a8100c4dbffff,9546511598,6634220130,19.1538,0.00441,average_adult
89a8100e247ffff,89a8100e20bffff,9546511598,9509544505,13.901,0.212435,average_adult
89a8100e247ffff,89a8100e20fffff,9546511598,9509342521,18.2467,0.018843,average_adult
89a8100e247ffff,89a8100e243ffff,9546511598,1538576134,8.2287,0.637331,average_adult
89a8100e247ffff,89a8100e247ffff,9546511598,9546511598,0.5963,0.997808,average_adult
89a8100e247ffff,89a8100e24bffff,9546511598,467944723,17.4043,0.040988,average_adult
89a8100e247ffff,89a8100e24fffff,9546511598,467944912,7.5141,0.690319,average_adult
89a8100e247ffff,89a8100e257ffff,9546511598,370857290,5.434,0.828651,average_adult
89a8100e247ffff,89a8100e263ffff,9546511598,9560517151,17.7097,0.03201,average_adult
89a8100e247ffff,89a8100e26bffff,9546511598,9528567209,15.7335,0.108144,average_adult
89a8100e247ffff,89a8100e273ffff,9546511598,9512718996,11.4379,0.388028,average_adult
89a8100e247ffff,89a8100e277ffff,9546511598,9175432224,19.3571,0.002548,average_adult
89a8100e247ffff,89a8100e27bffff,9546511598,12911199240,8.4243,0.622497,average_adult
89a8100e247ffff,89a8100f1a3ffff,9546511598,7288855586,18.7999,0.008857,average_adult
89a8100e247ffff,89a8100f1a7ffff,9546511598,8941348148,13.6118,0.231307,average_adult
89a8100e247ffff,89a8100f1b3ffff,9546511598,4619786697,16.0879,0.091471,average_adult
89a8100e247ffff,89a8100f1b7ffff,9546511598,1489531937,9.1002,0.570436,average_adult
89a8100e24bffff,89a8100e243ffff,467944723,1538576134,10.203,0.484062,average_adult
89a8100e24bffff,89a8100e247ffff,467944723,9546511598,11.1772,0.408067,average_adult
89a8100e24bffff,89a8100e24bffff,467944723,467944723,0.5807,0.997921,average_adult
89a8100e24bffff,89a8100e24fffff,467944723,467944912,7.962,0.657344,average_adult
89a8100e24bffff,89a8100e257ffff,467944723,370857290,15.4906,0.120274,average_adult
89a8100e24bffff,89a8100e26bffff,467944723,9528567209,18.0774,0.022629,average_adult
89a8100e24bffff,89a8100e27bffff,467944723,12911199240,18.481,0.014166,average_adult
89a8100e24bffff,89a8100f1a3ffff,467944723,7288855586,19.1425,0.004529,average_adult
89a8100e24bffff,89a8100f1a7ffff,467944723,8941348148,17.1341,0.049815,average_adult
89a8100e24bffff,89a8100f1b3ffff,467944723,4619786697,8.6404,0.60597,average_adult
89a8100e24bffff,89a8100f1b7ffff,467944723,1489531937,11.7601,0.363515,average_adult
89a8100e24fffff,89a8100c4dbffff,467944912,6634220130,17.9207,0.026432,average_adult
89a8100e24fffff,89a8100e20bffff,467944912,9509544505,17.7335,0.031354,average_adult
89a8100e24fffff,89a8100e243ffff,467944912,1538576134,6.619,0.753233,average_adult
89a8100e24fffff,89a8100e247ffff,467944912,9546511598,5.6052,0.818397,average_adult
89a8100e24fffff,89a8100e24bffff,467944912,467944723,12.2802,0.324716,average_adult
89a8100e24fffff,89a8100e24fffff,467944912,467944912,0.2885,0.999487,average_adult
89a8100e24fffff,89a8100e257ffff,467944912,370857290,9.9186,0.506392,average_adult
89a8100e24fffff,89a8100e26bffff,467944912,9528567209,15.224,0.134226,average_adult
89a8100e24fffff,89a8100e273ffff,467944912,9512718996,16.2217,0.085506,average_adult
89a8100e24fffff,89a8100e27bffff,467944912,12911199240,12.9089,0.2794,average_adult
89a8100e24fffff,89a8100f1a3ffff,467944912,7288855586,17.36,0.042378,average_adult
89a8100e24fffff,89a8100f1a7ffff,467944912,8941348148,12.3787,0.317497,average_adult
89a8100e24fffff,89a8100f1b3ffff,467944912,4619786697,9.9761,0.501875,average_adult
89a8100e24fffff,89a8100f1b7ffff,467944912,1489531937,7.8671,0.664402,average_adult
89a8100e257ffff,89a8100e20bffff,370857290,9509544505,13.7351,0.223186,average_adult
89a8100e257ffff,89a8100e20fffff,370857290,9509342521,18.0809,0.022548,average_adult
89a8100e257ffff,89a8100e243ffff,370857290,1538576134,13.0266,0.271146,average_adult
89a8100e257ffff,89a8100e247ffff,370857290,9546511598,5.9184,0.799051,average_adult
89a8100e257ffff,89a8100e24fffff,370857290,467944912,12.312,0.322382,average_adult
89a8100e257ffff,89a8100e257ffff,370857290,370857290,4.6023,0.874936,average_adult
89a8100e257ffff,89a8100e273ffff,370857290,9512718996,14.7547,0.160326,average_adult
89a8100e257ffff,89a8100e27bffff,370857290,12911199240,13.2222,0.257598,average_adult
89a8100e257ffff,89a8100f1a7ffff,370857290,8941348148,18.4097,0.01552,average_adult
89a8100e257ffff,89a8100f1b7ffff,370857290,1489531937,13.8981,0.212619,average_adult
89a8100e263ffff,89a8100c493ffff,9560517151,9089875466,15.3408,0.128036,average_adult
89a8100e263ffff,89a8100c49bffff,9560517151,9562434245,14.8898,0.152619,average_adult
89a8100e263ffff,89a8100c4dbffff,9560517151,6634220130,18.6565,0.011093,average_adult
89a8100e263ffff,89a8100e20bffff,9560517151,9509544505,17.2982,0.044356,average_adult
89a8100e263ffff,89a8100e20fffff,9560517151,9509342521,17.2827,0.04486,average_adult
89a8100e263ffff,89a8100e22bffff,9560517151,9111245172,16.2839,0.08279,average_adult
89a8100e263ffff,89a8100e243ffff,9560517151,1538576134,19.4354,0.001965,average_adult
89a8100e263ffff,89a8100e247ffff,9560517151,9546511598,12.3272,0.321266,average_adult
89a8100e263ffff,89a8100e24fffff,9560517151,467944912,17.2103,0.047244,average_adult
89a8100e263ffff,89a8100e257ffff,9560517151,370857290,16.6406,0.068014,average_adult
89a8100e263ffff,89a8100e263ffff,9560517151,9560517151,0.5666,0.998021,average_adult
89a8100e263ffff,89a8100e267ffff,9560517151,9560548910,7.7642,0.672008,average_adult
89a8100e263ffff,89a8100e26bffff,9560517151,9528567209,9.3362,0.552044,average_adult
89a8100e263ffff,89a8100e26fffff,9560517151,9562570594,13.1897,0.259835,average_adult
89a8100e263ffff,89a8100e273ffff,9560517151,9512718996,8.3015,0.631822,average_adult
89a8100e263ffff,89a8100e277ffff,9560517151,9175432224,11.807,0.359974,average_adult
89a8100e263ffff,89a8100e27bffff,9560517151,12911199240,7.3471,0.702382,average_adult
89a8100e263ffff,89a8100f1a7ffff,9560517151,8941348148,12.617,0.300204,average_adult
89a8100e263ffff,89a8100f1b3ffff,9560517151,4619786697,18.2941,0.017844,average_adult
89a8100e263ffff,89a8100f1b7ffff,9560517151,1489531937,13.068,0.26826,average_adult
89a8100e267ffff,89a8100c483ffff,9560548910,9091230323,15.5111,0.119233,average_adult
89a8100e267ffff,89a8100c48bffff,9560548910,467764073,17.8427,0.028435,average_adult
89a8100e267ffff,89a8100c493ffff,9560548910,9089875466,7.8984,0.662074,average_adult
89a8100e267ffff,89a8100c497ffff,9560548910,9532442497,18.5734,0.012501,average_adult
89a8100e267ffff,89a8100c49bffff,9560548910,9562434245,7.9925,0.655069,average_adult
89a8100e267ffff,89a8100c4d3ffff,9560548910,9562600840,18.1772,0.020356,average_adult
89a8100e267ffff,89a8100c4d7ffff,9560548910,9562334166,15.0208,0.145295,average_adult
89a8100e267ffff,89a8100e20fffff,9560548910,9509342521,19.8685,0.000107,average_adult
89a8100e267ffff,89a8100e22bffff,9560548910,9111245172,14.5524,0.17216,average_adult
89a8100e267ffff,89a8100e22fffff,9560548910,9085206286,17.8796,0.027479,average_adult
89a8100e267ffff,89a8100e247ffff,9560548910,9546511598,17.4923,0.038292,average_adult
89a8100e267ffff,89a8100e263ffff,9560548910,9560517151,6.0093,0.793304,average_adult
89a8100e267ffff,89a8100e267ffff,9560548910,9560548910,0.1685,0.999825,average_adult
89a8100e267ffff,89a8100e26bffff,9560548910,9528567209,12.6425,0.298368,average_adult
89a8100e267ffff,89a8100e26fffff,9560548910,9562570594,12.3877,0.316837,average_adult
89a8100e267ffff,89a8100e273ffff,9560548910,9512718996,13.4666,0.24099,average_adult
89a8100e267ffff,89a8100e277ffff,9560548910,9175432224,10.3377,0.473493,average_adult
89a8100e267ffff,89a8100e27bffff,9560548910,12911199240,12.5122,0.307776,average_adult
89a8100e267ffff,89a8100f1a7ffff,9560548910,8941348148,16.658,0.067327,average_adult
89a8100e267ffff,89a8100f1b7ffff,9560548910,1489531937,17.6115,0.03478,average_adult
89a8100e26bffff,89a8100c49bffff,9528567209,9562434245,15.4308,0.123349,average_adult
89a8100e26bffff,89a8100c4cbffff,9528567209,467842583,17.925,0.026324,average_adult
89a8100e26bffff,89a8100c4d3ffff,9528567209,9562600840,15.4091,0.124472,average_adult
89a8100e26bffff,89a8100c4dbffff,9528567209,6634220130,12.6777,0.295837,average_adult
89a8100e26bffff,89a8100e243ffff,9528567209,1538576134,19.6983,0.000561,average_adult
89a8100e26bffff,89a8100e247ffff,9528567209,9546511598,13.3996,0.245503,average_adult
89a8100e26bffff,89a8100e24fffff,9528567209,467944912,13.3678,0.24766,average_adult
89a8100e26bffff,89a8100e257ffff,9528567209,370857290,17.7131,0.031916,average_adult
89a8100e26bffff,89a8100e263ffff,9528567209,9560517151,11.1678,0.408793,average_adult
89a8100e26bffff,89a8100e267ffff,9528567209,9560548910,17.191,0.047888,average_adult
89a8100e26bffff,89a8100e26bffff,9528567209,9528567209,0.2956,0.999461,average_adult
89a8100e26bffff,89a8100e26fffff,9528567209,9562570594,13.2718,0.254196,average_adult
89a8100e26bffff,89a8100e273ffff,9528567209,9512718996,16.5709,0.070797,average_adult
89a8100e26bffff,89a8100e27bffff,9528567209,12911199240,10.6251,0.450984,average_adult
89a8100e26bffff,89a8100f137ffff,9528567209,413363599,18.871,0.007841,average_adult
89a8100e26bffff,89a8100f1a3ffff,9528567209,7288855586,17.3357,0.043151,average_adult
89a8100e26bffff,89a8100f1a7ffff,9528567209,8941348148,6.6382,0.751931,average_adult
89a8100e26bffff,89a8100f1afffff,9528567209,413363541,15.879,0.101152,average_adult
89a8100e26bffff,89a8100f1b3ffff,9528567209,4619786697,14.4516,0.178175,average_adult
89a8100e26bffff,89a8100f1b7ffff,9528567209,1489531937,8.9193,0.584471,average_adult
89a8100e26fffff,89a8100c493ffff,9562570594,9089875466,18.2663,0.018426,average_adult
89a8100e26fffff,89a8100c49bffff,9562570594,9562434245,10.2423,0.480971,average_adult
89a8100e26fffff,89a8100c4d3ffff,9562570594,9562600840,11.5904,0.376387,average_adult
89a8100e26fffff,89a8100c4d7ffff,9562570594,9562334166,17.411,0.040781,average_adult
89a8100e26fffff,89a8100c4dbffff,9562570594,6634220130,19.9857,1e-06,average_adult
89a8100e26fffff,89a8100e263ffff,9562570594,9560517151,12.1009,0.337975,average_adult
89a8100e26fffff,89a8100e267ffff,9562570594,9560548910,13.5364,0.236318,average_adult
89a8100e26fffff,89a8100e26bffff,9562570594,9528567209,8.8806,0.587463,average_adult
89a8100e26fffff,89a8100e26fffff,9562570594,9562570594,0.0193,0.999998,average_adult
89a8100e26fffff,89a8100e273ffff,9562570594,9512718996,19.8358,0.000166,average_adult
89a8100e26fffff,89a8100e27bffff,9562570594,12911199240,15.7971,0.105064,average_adult
89a8100e26fffff,89a8100f1a7ffff,9562570594,8941348148,14.3104,0.186742,average_adult
89a8100e26fffff,89a8100f1b7ffff,9562570594,1489531937,16.4551,0.075533,average_adult
89a8100e273ffff,89a8100c493ffff,9512718996,9089875466,18.7182,0.0101,average_adult
89a8100e273ffff,89a8100e203ffff,9512718996,9078053043,17.8712,0.027694,average_adult
89a8100e273ffff,89a8100e20bffff,9512718996,9509544505,9.5577,0.534708,average_adult
89a8100e273ffff,89a8100e20fffff,9512718996,9509342521,10.3862,0.469685,average_adult
89a8100e273ffff,89a8100e223ffff,9512718996,9085138924,19.6554,0.000732,average_adult
89a8100e273ffff,89a8100e22bffff,9512718996,9111245172,15.4036,0.124758,average_adult
89a8100e273ffff,89a8100e23bffff,9512718996,12911190024,16.0158,0.094762,average_adult
89a8100e273ffff,89a8100e243ffff,9512718996,1538576134,13.9692,0.208067,average_adult
89a8100e273ffff,89a8100e247ffff,9512718996,9546511598,6.5619,0.757089,average_adult
89a8100e273ffff,89a8100e24fffff,9512718996,467944912,13.2546,0.255373,average_adult
89a8100e273ffff,89a8100e257ffff,9512718996,370857290,9.4451,0.54353,average_adult
89a8100e273ffff,89a8100e263ffff,9512718996,9560517151,8.2044,0.639166,average_adult
89a8100e273ffff,89a8100e267ffff,9512718996,9560548910,15.3176,0.129255,average_adult
89a8100e273ffff,89a8100e26bffff,9512718996,9528567209,14.7591,0.160074,average_adult
89a8100e273ffff,89a8100e273ffff,9512718996,9512718996,0.5217,0.998322,average_adult
89a8100e273ffff,89a8100e277ffff,9512718996,9175432224,8.7627,0.596569,average_adult
89a8100e273ffff,89a8100e27bffff,9512718996,12911199240,8.7048,0.601022,average_adult
89a8100e273ffff,89a8100f1a7ffff,9512718996,8941348148,18.0035,0.024388,average_adult
89a8100e273ffff,89a8100f1b7ffff,9512718996,1489531937,14.8407,0.155402,average_adult
89a8100e277ffff,89a8100c493ffff,9175432224,9089875466,11.8515,0.356623,average_adult
89a8100e277ffff,89a8100c49bffff,9175432224,9562434245,18.5599,0.012739,average_adult
89a8100e277ffff,89a8100e203ffff,9175432224,9078053043,16.3667,0.079243,average_adult
89a8100e277ffff,89a8100e207ffff,9175432224,9078104201,18.1338,0.02133,average_adult
89a8100e277ffff,89a8100e20bffff,9175432224,9509544505,13.1857,0.260106,average_adult
89a8100e277ffff,89a8100e20fffff,9175432224,9509342521,10.6798,0.446709,average_adult
89a8100e277ffff,89a8100e223ffff,9175432224,9085138924,16.35,0.079952,average_adult
89a8100e277ffff,89a8100e22bffff,9175432224,9111245172,8.6644,0.604128,average_adult
89a8100e277ffff,89a8100e22fffff,9175432224,9085206286,17.8105,0.029281,average_adult
89a8100e277ffff,89a8100e233ffff,9175432224,9083125917,19.1124,0.004852,average_adult
89a8100e277ffff,89a8100e23bffff,9175432224,12911190024,12.7105,0.293493,average_adult
89a8100e277ffff,89a8100e247ffff,9175432224,9546511598,13.4682,0.24088,average_adult
89a8100e277ffff,89a8100e257ffff,9175432224,370857290,16.6338,0.068284,average_adult
89a8100e277ffff,89a8100e263ffff,9175432224,9560517151,9.951,0.503851,average_adult
89a8100e277ffff,89a8100e267ffff,9175432224,9560548910,10.9103,0.428749,average_adult
89a8100e277ffff,89a8100e26bffff,9175432224,9528567209,16.5057,0.073445,average_adult
89a8100e277ffff,89a8100e26fffff,9175432224,9562570594,19.576,0.001109,average_adult
89a8100e277ffff,89a8100e273ffff,9175432224,9512718996,7.7498,0.673076,average_adult
89a8100e277ffff,89a8100e277ffff,9175432224,9175432224,1.0322,0.993442,average_adult
89a8100e277ffff,89a8100e27bffff,9175432224,12911199240,10.4514,0.464575,average_adult
89a8100e277ffff,89a8100f1a7ffff,9175432224,8941348148,19.7501,0.000385,average_adult
89a8100e27bffff,89a8100c4dbffff,12911199240,6634220130,17.6733,0.033024,average_adult
89a8100e27bffff,89a8100e20bffff,12911199240,9509544505,19.1589,0.004358,average_adult
89a8100e27bffff,89a8100e243ffff,12911199240,1538576134,13.4866,0.239647,average_adult
89a8100e27bffff,89a8100e247ffff,12911199240,9546511598,6.3785,0.76934,average_adult
89a8100e27bffff,89a8100e24fffff,12911199240,467944912,12.772,0.289101,average_adult
89a8100e27bffff,89a8100e257ffff,12911199240,370857290,10.6919,0.445766,average_adult
89a8100e27bffff,89a8100e263ffff,12911199240,9560517151,10.5713,0.455188,average_adult
89a8100e27bffff,89a8100e267ffff,12911199240,9560548910,17.7689,0.030392,average_adult
89a8100e27bffff,89a8100e26bffff,12911199240,9528567209,11.8359,0.357803,average_adult
89a8100e27bffff,89a8100e273ffff,12911199240,9512718996,13.899,0.212561,average_adult
89a8100e27bffff,89a8100e277ffff,12911199240,9175432224,17.4045,0.040982,average_adult
89a8100e27bffff,89a8100e27bffff,12911199240,12911199240,1.1845,0.99137,average_adult
89a8100e27bffff,89a8100f1a3ffff,12911199240,7288855586,18.8325,0.008384,average_adult
89a8100e27bffff,89a8100f1a7ffff,12911199240,8941348148,11.6338,0.373088,average_adult
89a8100e27bffff,89a8100f1b3ffff,12911199240,4619786697,15.9484,0.097886,average_adult
89a8100e27bffff,89a8100f1b7ffff,12911199240,1489531937,11.4501,0.387089,average_adult
89a8100e2a7ffff,89a8100e06fffff,12831235988,3416576930,17.7165,0.031823,average_adult
89a8100e2a7ffff,89a8100e223ffff,12831235988,9085138924,19.1152,0.004822,average_adult
89a8100e2a7ffff,89a8100e227ffff,12831235988,8943483316,15.7878,0.105512,average_adult
89a8100e2a7ffff,89a8100e233ffff,12831235988,9083125917,14.5104,0.174653,average_adult
89a8100e2a7ffff,89a8100e237ffff,12831235988,9496451280,10.8527,0.433229,average_adult
89a8100e2a7ffff,89a8100e2a7ffff,12831235988,12831235988,3.1346,0.940606,average_adult
89a8100e2a7ffff,89a8100e2abffff,12831235988,12829462717,16.204,0.086283,average_adult
89a8100e2a7ffff,89a8100e2afffff,12831235988,9465336398,6.2773,0.776003,average_adult
89a8100e2a7ffff,89a8100e3c3ffff,12831235988,9509169514,12.657,0.297322,average_adult
89a8100e2a7ffff,89a8100e3c7ffff,12831235988,9532804243,19.4098,0.002148,average_adult
89a8100e2a7ffff,89a8100e3cbffff,12831235988,9523090342,11.866,0.355534,average_adult
89a8100e2a7ffff,89a8100e3cfffff,12831235988,9509243980,17.6591,0.033422,average_adult
89a8100e2a7ffff,89a8100e3d3ffff,12831235988,9517170654,11.8301,0.358235,average_adult
89a8100e2a7ffff,89a8100e3d7ffff,12831235988,9503196643,16.3894,0.078284,average_adult
89a8100e2a7ffff,89a8100e3dbffff,12831235988,9517279686,7.5281,0.689301,average_adult
89a8100e2abffff,89a8100e203ffff,12829462717,9078053043,17.0255,0.053591,average_adult
89a8100e2abffff,89a8100e207ffff,12829462717,9078104201,10.934,0.426908,average_adult
89a8100e2abffff,89a8100e20fffff,12829462717,9509342521,15.8925,0.100512,average_adult
89a8100e2abffff,89a8100e223ffff,12829462717,9085138924,11.5756,0.377513,average_adult
89a8100e2abffff,89a8100e227ffff,12829462717,8943483316,18.02,0.023988,average_adult
89a8100e2abffff,89a8100e22bffff,12829462717,9111245172,18.4799,0.014186,average_adult
89a8100e2abffff,89a8100e22fffff,12829462717,9085206286,17.7727,0.030289,average_adult
89a8100e2abffff,89a8100e233ffff,12829462717,9083125917,6.3197,0.773214,average_adult
89a8100e2abffff,89a8100e237ffff,12829462717,9496451280,12.5935,0.301895,average_adult
89a8100e2abffff,89a8100e23bffff,12829462717,12911190024,14.3382,0.185044,average_adult
89a8100e2abffff,89a8100e2a7ffff,12829462717,12831235988,14.4336,0.179262,average_adult
89a8100e2abffff,89a8100e2abffff,12829462717,12829462717,3.3882,0.930842,average_adult
89a8100e2abffff,89a8100e2afffff,12829462717,9465336398,10.1761,0.486168,average_adult
89a8100e2abffff,89a8100e3cbffff,12829462717,9523090342,17.5508,0.036549,average_adult
89a8100e2abffff,89a8100e3dbffff,12829462717,9517279686,15.3483,0.127642,average_adult
89a8100e2afffff,89a8100e06fffff,9465336398,3416576930,19.0887,0.005114,average_adult
89a8100e2afffff,89a8100e207ffff,9465336398,9078104201,15.0433,0.144047,average_adult
89a8100e2afffff,89a8100e223ffff,9465336398,9085138924,14.5413,0.172816,average_adult
89a8100e2afffff,89a8100e227ffff,9465336398,8943483316,11.5567,0.378953,average_adult
89a8100e2afffff,89a8100e22fffff,9465336398,9085206286,19.8742,9.8e-05,average_adult
89a8100e2afffff,89a8100e233ffff,9465336398,9083125917,9.5506,0.535265,average_adult
89a8100e2afffff,89a8100e237ffff,9465336398,9496451280,6.1924,0.781536,average_adult
89a8100e2afffff,89a8100e23bffff,9465336398,12911190024,18.0986,0.022137,average_adult
89a8100e2afffff,89a8100e2a7ffff,9465336398,12831235988,5.1747,0.843722,average_adult
89a8100e2afffff,89a8100e2abffff,9465336398,12829462717,11.0925,0.414615,average_adult
89a8100e2afffff,89a8100e2afffff,9465336398,9465336398,0.9172,0.994819,average_adult
89a8100e2afffff,89a8100e3c3ffff,9465336398,9509169514,13.4706,0.240725,average_adult
89a8100e2afffff,89a8100e3cbffff,9465336398,9523090342,11.0695,0.4164,average_adult
89a8100e2afffff,89a8100e3cfffff,9465336398,9509243980,17.9173,0.026518,average_adult
89a8100e2afffff,89a8100e3d3ffff,9465336398,9517170654,13.2024,0.258961,average_adult
89a8100e2afffff,89a8100e3d7ffff,9465336398,9503196643,17.7616,0.030589,average_adult
89a8100e2afffff,89a8100e3dbffff,9465336398,9517279686,8.2733,0.633955,average_adult
89a8100e303ffff,89a8100e303ffff,1393379394,1393379394,0.4159,0.998933,average_adult
89a8100e303ffff,89a8100e307ffff,1393379394,2277870854,18.0564,0.023122,average_adult
89a8100e303ffff,89a8100e313ffff,1393379394,9515286969,12.1023,0.337873,average_adult
89a8100e303ffff,89a8100e317ffff,1393379394,304465094,15.4102,0.124415,average_adult
89a8100e303ffff,89a8100e31bffff,1393379394,9545366658,14.521,0.174022,average_adult
89a8100e303ffff,89a8100e33bffff,1393379394,40257098,17.6638,0.033292,average_adult
89a8100e303ffff,89a8100e38bffff,1393379394,12505567548,16.6718,0.066785,average_adult
89a8100e303ffff,89a8100e38fffff,1393379394,9537001559,16.3336,0.080652,average_adult
89a8100e303ffff,89a8100e39bffff,1393379394,1393380693,18.8163,0.008618,average_adult
89a8100e303ffff,89a8100e3c7ffff,1393379394,9532804243,16.7266,0.064653,average_adult
89a8100e303ffff,89a8100e3cfffff,1393379394,9509243980,15.4609,0.121796,average_adult
89a8100e307ffff,89a8100e303ffff,2277870854,1393379394,17.2934,0.044512,average_adult
89a8100e307ffff,89a8100e307ffff,2277870854,2277870854,1.3765,0.988357,average_adult
89a8100e307ffff,89a8100e30fffff,2277870854,8002779153,14.0571,0.202492,average_adult
89a8100e307ffff,89a8100e313ffff,2277870854,9515286969,19.6929,0.000582,average_adult
89a8100e307ffff,89a8100e317ffff,2277870854,304465094,13.9208,0.211164,average_adult
89a8100e307ffff,89a8100e31bffff,2277870854,9545366658,19.4856,0.001631,average_adult
89a8100e307ffff,89a8100e323ffff,2277870854,2277870859,14.8952,0.152314,average_adult
89a8100e307ffff,89a8100e32bffff,2277870854,142777323,19.2254,0.003696,average_adult
89a8100e307ffff,89a8100e333ffff,2277870854,6359663538,11.9146,0.351883,average_adult
89a8100e307ffff,89a8100e33bffff,2277870854,40257098,13.7306,0.223483,average_adult
89a8100e307ffff,89a8100e377ffff,2277870854,8550924518,18.8498,0.008139,average_adult
89a8100e307ffff,89a8100e38fffff,2277870854,9537001559,18.8685,0.007877,average_adult
89a8100e307ffff,89a8100e3abffff,2277870854,6697913344,11.0234,0.419968,average_adult
89a8100e307ffff,89a8100e3bbffff,2277870854,13305140303,15.5649,0.116506,average_adult
89a8100e30bffff,89a8100e303ffff,12492914735,1393379394,15.4901,0.120305,average_adult
89a8100e30bffff,89a8100e307ffff,12492914735,2277870854,16.4651,0.075121,average_adult
89a8100e30bffff,89a8100e30bffff,12492914735,12492914735,0.2015,0.999749,average_adult
89a8100e30bffff,89a8100e30fffff,12492914735,8002779153,12.0501,0.341756,average_adult
89a8100e30bffff,89a8100e31bffff,12492914735,9545366658,9.8782,0.509562,average_adult
89a8100e30bffff,89a8100e32bffff,12492914735,142777323,18.9932,0.00624,average_adult
89a8100e30bffff,89a8100e33bffff,12492914735,40257098,18.1803,0.020287,average_adult
89a8100e30bffff,89a8100e343ffff,12492914735,8943486125,17.2639,0.045471,average_adult
89a8100e30bffff,89a8100e347ffff,12492914735,477232281,8.4063,0.623863,average_adult
89a8100e30bffff,89a8100e353ffff,12492914735,6945448510,16.6122,0.069142,average_adult
89a8100e30bffff,89a8100e357ffff,12492914735,9509533701,7.1868,0.713829,average_adult
89a8100e30bffff,89a8100e363ffff,12492914735,388512103,13.3954,0.245787,average_adult
89a8100e30bffff,89a8100e367ffff,12492914735,142814786,17.458,0.039334,average_adult
89a8100e30bffff,89a8100e36bffff,12492914735,389063054,19.1321,0.004639,average_adult
89a8100e30bffff,89a8100e36fffff,12492914735,389063008,18.3598,0.016503,average_adult
89a8100e30bffff,89a8100e373ffff,12492914735,387095764,6.7523,0.744151,average_adult
89a8100e30bffff,89a8100e377ffff,12492914735,8550924518,12.4792,0.310168,average_adult
89a8100e30bffff,89a8100e37bffff,12492914735,8943221373,13.4188,0.244211,average_adult
89a8100e30bffff,89a8100e3abffff,12492914735,6697913344,18.6168,0.011755,average_adult
89a8100e30bffff,89a8100e3c7ffff,12492914735,9532804243,19.9141,4.6e-05,average_adult
89a8100e30bffff,89a8100e3cfffff,12492914735,9509243980,15.6606,0.111727,average_adult
89a8100e30fffff,89a8100e303ffff,8002779153,1393379394,18.7894,0.009013,average_adult
89a8100e30fffff,89a8100e307ffff,8002779153,2277870854,13.2051,0.258774,average_adult
89a8100e30fffff,89a8100e30bffff,8002779153,12492914735,15.5535,0.11708,average_adult
89a8100e30fffff,89a8100e30fffff,8002779153,8002779153,1.8987,0.977927,average_adult
89a8100e30fffff,89a8100e317ffff,8002779153,304465094,18.2542,0.018683,average_adult
89a8100e30fffff,89a8100e31bffff,8002779153,9545366658,13.674,0.227198,average_adult
89a8100e30fffff,89a8100e323ffff,8002779153,2277870859,14.1891,0.194223,average_adult
89a8100e30fffff,89a8100e32bffff,8002779153,142777323,9.7454,0.519987,average_adult
89a8100e30fffff,89a8100e33bffff,8002779153,40257098,8.9326,0.583441,average_adult
89a8100e30fffff,89a8100e357ffff,8002779153,9509533701,19.4141,0.002116,average_adult
89a8100e30fffff,89a8100e367ffff,8002779153,142814786,18.4364,0.015005,average_adult
89a8100e30fffff,89a8100e373ffff,8002779153,387095764,15.0358,0.144466,average_adult
89a8100e30fffff,89a8100e377ffff,8002779153,8550924518,8.5852,0.610208,average_adult
89a8100e30fffff,89a8100e3abffff,8002779153,6697913344,15.3568,0.127196,average_adult
89a8100e30fffff,89a8100e3bbffff,8002779153,13305140303,19.8983,6.4e-05,average_adult
89a8100e313ffff,89a8100e06fffff,9515286969,3416576930,19.0889,0.005111,average_adult
89a8100e313ffff,89a8100e303ffff,9515286969,1393379394,8.8142,0.592593,average_adult
89a8100e313ffff,89a8100e307ffff,9515286969,2277870854,17.1678,0.048668,average_adult
89a8100e313ffff,89a8100e313ffff,9515286969,9515286969,0.1908,0.999775,average_adult
89a8100e313ffff,89a8100e317ffff,9515286969,304465094,11.7407,0.364985,average_adult
89a8100e313ffff,89a8100e31bffff,9515286969,9545366658,19.06,0.005441,average_adult
89a8100e313ffff,89a8100e33bffff,9515286969,40257098,16.7752,0.062788,average_adult
89a8100e313ffff,89a8100e383ffff,9515286969,9521965871,15.1844,0.136355,average_adult
89a8100e313ffff,89a8100e387ffff,9515286969,8953251344,13.0092,0.272359,average_adult
89a8100e313ffff,89a8100e38bffff,9515286969,12505567548,8.7046,0.60104,average_adult
89a8100e313ffff,89a8100e38fffff,9515286969,9537001559,9.5736,0.533462,average_adult
89a8100e313ffff,89a8100e393ffff,9515286969,1393381000,16.3282,0.080885,average_adult
89a8100e313ffff,89a8100e39bffff,9515286969,1393380693,10.8491,0.433509,average_adult
89a8100e313ffff,89a8100e3abffff,9515286969,6697913344,18.397,0.015766,average_adult
89a8100e313ffff,89a8100e3bbffff,9515286969,13305140303,16.6961,0.065837,average_adult
89a8100e313ffff,89a8100e3c3ffff,9515286969,9509169514,18.2649,0.018457,average_adult
89a8100e313ffff,89a8100e3c7ffff,9515286969,9532804243,15.0467,0.143864,average_adult
89a8100e313ffff,89a8100e3d7ffff,9515286969,9503196643,15.8128,0.104305,average_adult
89a8100e317ffff,89a8100e303ffff,304465094,1393379394,15.0086,0.145972,average_adult
89a8100e317ffff,89a8100e307ffff,304465094,2277870854,13.1876,0.259975,average_adult
89a8100e317ffff,89a8100e30fffff,304465094,8002779153,18.9323,0.007015,average_adult
89a8100e317ffff,89a8100e313ffff,304465094,9515286969,15.0646,0.14288,average_adult
89a8100e317ffff,89a8100e317ffff,304465094,304465094,0.4187,0.998919,average_adult
89a8100e317ffff,89a8100e33bffff,304465094,40257098,18.5806,0.012375,average_adult
89a8100e317ffff,89a8100e383ffff,304465094,9521965871,14.4223,0.179942,average_adult
89a8100e317ffff,89a8100e387ffff,304465094,8953251344,12.1627,0.333388,average_adult
89a8100e317ffff,89a8100e38bffff,304465094,12505567548,14.762,0.159905,average_adult
89a8100e317ffff,89a8100e38fffff,304465094,9537001559,6.9878,0.727845,average_adult
89a8100e317ffff,89a8100e39bffff,304465094,1393380693,18.7128,0.010185,average_adult
89a8100e317ffff,89a8100e3abffff,304465094,6697913344,7.075,0.721729,average_adult
89a8100e317ffff,89a8100e3bbffff,304465094,13305140303,5.8136,0.805611,average_adult
89a8100e31bffff,89a8100e227ffff,9545366658,8943483316,19.866,0.000111,average_adult
89a8100e31bffff,89a8100e303ffff,9545366658,1393379394,11.799,0.360577,average_adult
89a8100e31bffff,89a8100e307ffff,9545366658,2277870854,16.7431,0.064015,average_adult
89a8100e31bffff,89a8100e30bffff,9545366658,12492914735,12.1627,0.333393,average_adult
89a8100e31bffff,89a8100e30fffff,9545366658,8002779153,12.3282,0.321195,average_adult
89a8100e31bffff,89a8100e31bffff,9545366658,9545366658,0.441,0.998801,average_adult
89a8100e31bffff,89a8100e32bffff,9545366658,142777323,19.4097,0.002148,average_adult
89a8100e31bffff,89a8100e33bffff,9545366658,40257098,18.5969,0.012096,average_adult
89a8100e31bffff,89a8100e347ffff,9545366658,477232281,16.8862,0.058626,average_adult
89a8100e31bffff,89a8100e353ffff,9545366658,6945448510,16.2077,0.086121,average_adult
89a8100e31bffff,89a8100e357ffff,9545366658,9509533701,6.8833,0.735124,average_adult
89a8100e31bffff,89a8100e373ffff,9545366658,387095764,15.5017,0.119709,average_adult
89a8100e31bffff,89a8100e377ffff,9545366658,8550924518,18.9722,0.006502,average_adult
89a8100e31bffff,89a8100e38bffff,9545366658,12505567548,16.9054,0.05792,average_adult
89a8100e31bffff,89a8100e39bffff,9545366658,1393380693,19.0461,0.005603,average_adult
89a8100e31bffff,89a8100e3abffff,9545366658,6697913344,18.8949,0.007514,average_adult
89a8100e31bffff,89a8100e3c3ffff,9545366658,9509169514,16.5116,0.073203,average_adult
89a8100e31bffff,89a8100e3c7ffff,9545366658,9532804243,16.223,0.085446,average_adult
89a8100e31bffff,89a8100e3cbffff,9545366658,9523090342,16.5029,0.07356,average_adult
89a8100e31bffff,89a8100e3cfffff,9545366658,9509243980,9.4309,0.54464,average_adult
89a8100e323ffff,89a8100e307ffff,2277870859,2277870854,18.2915,0.017897,average_adult
89a8100e323ffff,89a8100e30fffff,2277870859,8002779153,16.1808,0.087311,average_adult
89a8100e323ffff,89a8100e323ffff,2277870859,2277870859,3.3621,0.931879,average_adult
89a8100e323ffff,89a8100e32bffff,2277870859,142777323,17.5373,0.036948,average_adult
89a8100e323ffff,89a8100e33bffff,2277870859,40257098,6.8651,0.736385,average_adult
89a8100e323ffff,89a8100e377ffff,2277870859,8550924518,17.1616,0.048878,average_adult
89a8100e32bffff,89a8100c593ffff,142777323,304111065,12.8613,0.282767,average_adult
89a8100e32bffff,89a8100c597ffff,142777323,8943051152,18.1367,0.021263,average_adult
89a8100e32bffff,89a8100c59bffff,142777323,8954073387,19.2212,0.003737,average_adult
89a8100e32bffff,89a8100e30fffff,142777323,8002779153,12.3831,0.31717,average_adult
89a8100e32bffff,89a8100e323ffff,142777323,2277870859,18.1833,0.020221,average_adult
89a8100e32bffff,89a8100e32bffff,142777323,142777323,1.9542,0.976628,average_adult
89a8100e32bffff,89a8100e32fffff,142777323,13305140329,15.7627,0.106724,average_adult
89a8100e32bffff,89a8100e33bffff,142777323,40257098,12.9268,0.278142,average_adult
89a8100e32bffff,89a8100e363ffff,142777323,388512103,19.9424,2e-05,average_adult
89a8100e32bffff,89a8100e367ffff,142777323,142814786,10.6452,0.449415,average_adult
89a8100e32bffff,89a8100e36fffff,142777323,389063008,17.9314,0.026165,average_adult
89a8100e32bffff,89a8100e373ffff,142777323,387095764,19.8146,0.000212,average_adult
89a8100e32bffff,89a8100e377ffff,142777323,8550924518,13.364,0.247916,average_adult
89a8100e32fffff,89a8100c583ffff,13305140329,12265197248,19.4287,0.002012,average_adult
89a8100e32fffff,89a8100c587ffff,13305140329,11373935088,17.3732,0.041964,average_adult
89a8100e32fffff,89a8100c58bffff,13305140329,1393378103,19.5068,0.001499,average_adult
89a8100e32fffff,89a8100c58fffff,13305140329,4252790480,18.594,0.012145,average_adult
89a8100e32fffff,89a8100c593ffff,13305140329,304111065,6.4979,0.761389,average_adult
89a8100e32fffff,89a8100c597ffff,13305140329,8943051152,8.9612,0.581222,average_adult
89a8100e32fffff,89a8100c59bffff,13305140329,8954073387,15.6616,0.111677,average_adult
89a8100e32fffff,89a8100e32bffff,13305140329,142777323,13.9703,0.208,average_adult
89a8100e32fffff,89a8100e32fffff,13305140329,13305140329,3.0832,0.942497,average_adult
89a8100e32fffff,89a8100e367ffff,13305140329,142814786,13.6527,0.228603,average_adult
89a8100e333ffff,89a8100e307ffff,6359663538,2277870854,13.9107,0.211811,average_adult
89a8100e333ffff,89a8100e333ffff,6359663538,6359663538,2.8134,0.951966,average_adult
89a8100e33bffff,89a8100e303ffff,40257098,1393379394,18.1577,0.020792,average_adult
89a8100e33bffff,89a8100e307ffff,40257098,2277870854,14.5282,0.173595,average_adult
89a8100e33bffff,89a8100e30fffff,40257098,8002779153,11.0186,0.42034,average_adult
89a8100e33bffff,89a8100e317ffff,40257098,304465094,19.4762,0.001692,average_adult
89a8100e33bffff,89a8100e323ffff,40257098,2277870859,6.9594,0.729831,average_adult
89a8100e33bffff,89a8100e32bffff,40257098,142777323,12.3751,0.317757,average_adult
89a8100e33bffff,89a8100e33bffff,40257098,40257098,1.7029,0.982218,average_adult
89a8100e33bffff,89a8100e373ffff,40257098,387095764,18.4501,0.014746,average_adult
89a8100e33bffff,89a8100e377ffff,40257098,8550924518,11.9995,0.345531,average_adult
89a8100e33bffff,89a8100e3abffff,40257098,6697913344,16.68,0.066466,average_adult
89a8100e343ffff,89a8100c487ffff,8943486125,8943221347,17.9156,0.026561,average_adult
89a8100e343ffff,89a8100c4bbffff,8943486125,387095725,19.1172,0.0048,average_adult
89a8100e343ffff,89a8100e227ffff,8943486125,8943483316,15.5302,0.11826,average_adult
89a8100e343ffff,89a8100e22fffff,8943486125,9085206286,19.0831,0.005177,average_adult
89a8100e343ffff,89a8100e30bffff,8943486125,12492914735,12.8663,0.282407,average_adult
89a8100e343ffff,89a8100e31bffff,8943486125,9545366658,16.0857,0.091573,average_adult
89a8100e343ffff,89a8100e343ffff,8943486125,8943486125,1.1065,0.992466,average_adult
89a8100e343ffff,89a8100e347ffff,8943486125,477232281,8.4216,0.622702,average_adult
89a8100e343ffff,89a8100e34bffff,8943486125,389063239,11.2405,0.403187,average_adult
89a8100e343ffff,89a8100e353ffff,8943486125,6945448510,11.7012,0.367972,average_adult
89a8100e343ffff,89a8100e357ffff,8943486125,9509533701,11.3988,0.39102,average_adult
89a8100e343ffff,89a8100e35bffff,8943486125,9546062800,10.3365,0.473587,average_adult
89a8100e343ffff,89a8100e363ffff,8943486125,388512103,19.279,0.003203,average_adult
89a8100e343ffff,89a8100e36bffff,8943486125,389063054,16.8895,0.058504,average_adult
89a8100e343ffff,89a8100e373ffff,8943486125,387095764,14.5819,0.17041,average_adult
89a8100e343ffff,89a8100e37bffff,8943486125,8943221373,10.8098,0.436572,average_adult
89a8100e343ffff,89a8100e3cbffff,8943486125,9523090342,18.0759,0.022664,average_adult
89a8100e343ffff,89a8100e3cfffff,8943486125,9509243980,16.4872,0.074208,average_adult
89a8100e347ffff,89a8100e303ffff,477232281,1393379394,18.5918,0.012183,average_adult
89a8100e347ffff,89a8100e307ffff,477232281,2277870854,19.5668,0.001157,average_adult
89a8100e347ffff,89a8100e30bffff,477232281,12492914735,4.9493,0.856355,average_adult
89a8100e347ffff,89a8100e30fffff,477232281,8002779153,15.1518,0.138118,average_adult
89a8100e347ffff,89a8100e31bffff,477232281,9545366658,11.001,0.421708,average_adult
89a8100e347ffff,89a8100e32bffff,477232281,142777323,19.3397,0.002687,average_adult
89a8100e347ffff,89a8100e33bffff,477232281,40257098,18.5269,0.013327,average_adult
89a8100e347ffff,89a8100e343ffff,477232281,8943486125,9.4059,0.54659,average_adult
89a8100e347ffff,89a8100e347ffff,477232281,477232281,0.5046,0.99843,average_adult
89a8100e347ffff,89a8100e34bffff,477232281,389063239,14.6447,0.166721,average_adult
89a8100e347ffff,89a8100e353ffff,477232281,6945448510,13.3144,0.251287,average_adult
89a8100e347ffff,89a8100e357ffff,477232281,9509533701,7.7218,0.675135,average_adult
89a8100e347ffff,89a8100e35bffff,477232281,9546062800,17.1394,0.049633,average_adult
89a8100e347ffff,89a8100e363ffff,477232281,388512103,12.6114,0.300602,average_adult
89a8100e347ffff,89a8100e367ffff,477232281,142814786,16.674,0.066701,average_adult
89a8100e347ffff,89a8100e36bffff,477232281,389063054,13.4849,0.23976,average_adult
89a8100e347ffff,89a8100e36fffff,477232281,389063008,17.5758,0.035814,average_adult
89a8100e347ffff,89a8100e373ffff,477232281,387095764,7.0989,0.72005,average_adult
89a8100e347ffff,89a8100e377ffff,477232281,8550924518,12.8257,0.285283,average_adult
89a8100e347ffff,89a8100e37bffff,477232281,8943221373,7.7716,0.671465,average_adult
89a8100e347ffff,89a8100e3cfffff,477232281,9509243980,14.7125,0.162769,average_adult
89a8100e34bffff,89a8100c413ffff,389063239,466938077,18.5479,0.01295,average_adult
89a8100e34bffff,89a8100c417ffff,389063239,467743606,17.0145,0.053982,average_adult
89a8100e34bffff,89a8100c483ffff,389063239,9091230323,15.266,0.131988,average_adult
89a8100e34bffff,89a8100c487ffff,389063239,8943221347,10.1033,0.49189,average_adult
89a8100e34bffff,89a8100c48bffff,389063239,467764073,19.6367,0.000814,average_adult
89a8100e34bffff,89a8100c48fffff,389063239,467743522,14.305,0.187072,average_adult
89a8100e34bffff,89a8100c493ffff,389063239,9089875466,17.5029,0.037974,average_adult
89a8100e34bffff,89a8100c497ffff,389063239,9532442497,11.2796,0.400179,average_adult
89a8100e34bffff,89a8100c49bffff,389063239,9562434245,19.8253,0.000188,average_adult
89a8100e34bffff,89a8100c4a3ffff,389063239,12904007453,16.5366,0.072187,average_adult
89a8100e34bffff,89a8100c4abffff,389063239,5049652087,19.2515,0.003452,average_adult
89a8100e34bffff,89a8100c4bbffff,389063239,387095725,11.3048,0.398236,average_adult
89a8100e34bffff,89a8100e223ffff,389063239,9085138924,19.76,0.000355,average_adult
89a8100e34bffff,89a8100e227ffff,389063239,8943483316,14.6759,0.164898,average_adult
89a8100e34bffff,89a8100e22fffff,389063239,9085206286,16.1694,0.087814,average_adult
89a8100e34bffff,89a8100e30bffff,389063239,12492914735,17.3045,0.044153,average_adult
89a8100e34bffff,89a8100e31bffff,389063239,9545366658,18.9144,0.007253,average_adult
89a8100e34bffff,89a8100e343ffff,389063239,8943486125,8.6605,0.604429,average_adult
89a8100e34bffff,89a8100e347ffff,389063239,477232281,12.8597,0.282874,average_adult
89a8100e34bffff,89a8100e34bffff,389063239,389063239,0.5218,0.998321,average_adult
89a8100e34bffff,89a8100e34fffff,389063239,12334906522,18.2291,0.01922,average_adult
89a8100e34bffff,89a8100e353ffff,389063239,6945448510,12.7878,0.287976,average_adult
89a8100e34bffff,89a8100e357ffff,389063239,9509533701,14.2275,0.191843,average_adult
89a8100e34bffff,89a8100e35bffff,389063239,9546062800,5.9496,0.797084,average_adult
89a8100e34bffff,89a8100e373ffff,389063239,387095764,18.7411,0.009744,average_adult
89a8100e34bffff,89a8100e37bffff,389063239,8943221373,14.9689,0.148176,average_adult
89a8100e34bffff,89a8100e3cbffff,389063239,9523090342,18.3724,0.016253,average_adult
89a8100e34bffff,89a8100e3cfffff,389063239,9509243980,18.179,0.020315,average_adult
89a8100e34fffff,89a8100c417ffff,12334906522,467743606,18.0563,0.023124,average_adult
89a8100e34fffff,89a8100c487ffff,12334906522,8943221347,17.1606,0.048911,average_adult
89a8100e34fffff,89a8100c4a3ffff,12334906522,12904007453,14.7496,0.160624,average_adult
89a8100e34fffff,89a8100c4a7ffff,12334906522,12889670101,16.1666,0.087939,average_adult
89a8100e34fffff,89a8100c4abffff,12334906522,5049652087,18.7253,0.00999,average_adult
89a8100e34fffff,89a8100c4b3ffff,12334906522,8943221351,9.0863,0.571518,average_adult
89a8100e34fffff,89a8100c4b7ffff,12334906522,387095770,13.432,0.243316,average_adult
89a8100e34fffff,89a8100c4bbffff,12334906522,387095725,12.3466,0.319841,average_adult
89a8100e34fffff,89a8100e34fffff,12334906522,12334906522,1.9337,0.977111,average_adult
89a8100e353ffff,89a8100e223ffff,6945448510,9085138924,19.0637,0.005398,average_adult
89a8100e353ffff,89a8100e227ffff,6945448510,8943483316,11.4332,0.388384,average_adult
89a8100e353ffff,89a8100e22fffff,6945448510,9085206286,15.7966,0.105084,average_adult
89a8100e353ffff,89a8100e237ffff,6945448510,9496451280,18.1854,0.020175,average_adult
89a8100e353ffff,89a8100e303ffff,6945448510,1393379394,16.36,0.079529,average_adult
89a8100e353ffff,89a8100e30bffff,6945448510,12492914735,14.6082,0.168861,average_adult
89a8100e353ffff,89a8100e31bffff,6945448510,9545366658,10.9446,0.426084,average_adult
89a8100e353ffff,89a8100e343ffff,6945448510,8943486125,13.1419,0.263134,average_adult
89a8100e353ffff,89a8100e347ffff,6945448510,477232281,13.0018,0.27288,average_adult
89a8100e353ffff,89a8100e34bffff,6945448510,389063239,15.4434,0.122697,average_adult
89a8100e353ffff,89a8100e353ffff,6945448510,6945448510,1.3591,0.988649,average_adult
89a8100e353ffff,89a8100e357ffff,6945448510,9509533701,6.5177,0.760065,average_adult
89a8100e353ffff,89a8100e35bffff,6945448510,9546062800,9.2697,0.557228,average_adult
89a8100e353ffff,89a8100e373ffff,6945448510,387095764,17.9473,0.025768,average_adult
89a8100e353ffff,89a8100e3c3ffff,6945448510,9509169514,14.6351,0.167281,average_adult
89a8100e353ffff,89a8100e3c7ffff,6945448510,9532804243,14.7487,0.160676,average_adult
89a8100e353ffff,89a8100e3cbffff,6945448510,9523090342,10.3924,0.469202,average_adult
89a8100e353ffff,89a8100e3cfffff,6945448510,9509243980,7.5543,0.687393,average_adult
89a8100e353ffff,89a8100e3d7ffff,6945448510,9503196643,19.3196,0.002853,average_adult
89a8100e353ffff,89a8100e3dbffff,6945448510,9517279686,17.6276,0.034319,average_adult
89a8100e357ffff,89a8100e227ffff,9509533701,8943483316,18.4206,0.015309,average_adult
89a8100e357ffff,89a8100e303ffff,9509533701,1393379394,16.7736,0.06285,average_adult
89a8100e357ffff,89a8100e30bffff,9509533701,12492914735,9.2045,0.562314,average_adult
89a8100e357ffff,89a8100e30fffff,9509533701,8002779153,17.1136,0.050517,average_adult
89a8100e357ffff,89a8100e31bffff,9509533701,9545366658,5.4155,0.829742,average_adult
89a8100e357ffff,89a8100e343ffff,9509533701,8943486125,16.3659,0.079276,average_adult
89a8100e357ffff,89a8100e347ffff,9509533701,477232281,11.3673,0.393433,average_adult
89a8100e357ffff,89a8100e353ffff,9509533701,6945448510,10.1541,0.487901,average_adult
89a8100e357ffff,89a8100e357ffff,9509533701,9509533701,0.6081,0.997721,average_adult
89a8100e357ffff,89a8100e35bffff,9509533701,9546062800,13.979,0.207441,average_adult
89a8100e357ffff,89a8100e363ffff,9509533701,388512103,19.1867,0.004075,average_adult
89a8100e357ffff,89a8100e373ffff,9509533701,387095764,12.5436,0.3055,average_adult
89a8100e357ffff,89a8100e377ffff,9509533701,8550924518,18.2705,0.018338,average_adult
89a8100e357ffff,89a8100e37bffff,9509533701,8943221373,18.6344,0.01146,average_adult
89a8100e357ffff,89a8100e3c3ffff,9509533701,9509169514,16.3061,0.081835,average_adult
89a8100e357ffff,89a8100e3c7ffff,9509533701,9532804243,16.4196,0.077012,average_adult
89a8100e357ffff,89a8100e3cbffff,9509533701,9523090342,16.2973,0.082212,average_adult
89a8100e357ffff,89a8100e3cfffff,9509533701,9509243980,9.2253,0.560697,average_adult
89a8100e35bffff,89a8100c487ffff,9546062800,8943221347,16.6097,0.069242,average_adult
89a8100e35bffff,89a8100c493ffff,9546062800,9089875466,18.4402,0.014932,average_adult
89a8100e35bffff,89a8100c497ffff,9546062800,9532442497,13.3662,0.247766,average_adult
89a8100e35bffff,89a8100c4bbffff,9546062800,387095725,18.2067,0.019708,average_adult
89a8100e35bffff,89a8100e223ffff,9546062800,9085138924,14.0764,0.201275,average_adult
89a8100e35bffff,89a8100e227ffff,9546062800,8943483316,8.9923,0.578818,average_adult
89a8100e35bffff,89a8100e22bffff,9546062800,9111245172,18.2388,0.019012,average_adult
89a8100e35bffff,89a8100e22fffff,9546062800,9085206286,10.8093,0.436606,average_adult
89a8100e35bffff,89a8100e233ffff,9546062800,9083125917,18.91,0.007311,average_adult
89a8100e35bffff,89a8100e237ffff,9546062800,9496451280,15.3722,0.12639,average_adult
89a8100e35bffff,89a8100e30bffff,9546062800,12492914735,18.1318,0.021376,average_adult
89a8100e35bffff,89a8100e31bffff,9546062800,9545366658,14.7281,0.161865,average_adult
89a8100e35bffff,89a8100e343ffff,9546062800,8943486125,10.6072,0.452379,average_adult
89a8100e35bffff,89a8100e347ffff,9546062800,477232281,16.5253,0.072643,average_adult
89a8100e35bffff,89a8100e34bffff,9546062800,389063239,7.4237,0.696865,average_adult
89a8100e35bffff,89a8100e353ffff,9546062800,6945448510,8.6016,0.608952,average_adult
89a8100e35bffff,89a8100e357ffff,9546062800,9509533701,10.0412,0.496762,average_adult
89a8100e35bffff,89a8100e35bffff,9546062800,9546062800,0.1776,0.999805,average_adult
89a8100e35bffff,89a8100e37bffff,9546062800,8943221373,19.3077,0.002954,average_adult
89a8100e35bffff,89a8100e3c3ffff,9546062800,9509169514,18.826,0.008478,average_adult
89a8100e35bffff,89a8100e3c7ffff,9546062800,9532804243,19.74,0.000417,average_adult
89a8100e35bffff,89a8100e3cbffff,9546062800,9523090342,12.6888,0.295047,average_adult
89a8100e35bffff,89a8100e3cfffff,9546062800,9509243980,12.5457,0.30535,average_adult
89a8100e35bffff,89a8100e3dbffff,9546062800,9517279686,18.6354,0.011443,average_adult
89a8100e363ffff,89a8100c58bffff,388512103,1393378103,19.6564,0.000728,average_adult
89a8100e363ffff,89a8100c593ffff,388512103,304111065,16.4253,0.076777,average_adult
89a8100e363ffff,89a8100c59bffff,388512103,8954073387,13.7241,0.223906,average_adult
89a8100e363ffff,89a8100c5d3ffff,388512103,1097971350,15.403,0.12479,average_adult
89a8100e363ffff,89a8100e30bffff,388512103,12492914735,14.8066,0.157349,average_adult
89a8100e363ffff,89a8100e30fffff,388512103,8002779153,16.9426,0.05656,average_adult
89a8100e363ffff,89a8100e32bffff,388512103,142777323,14.1153,0.19883,average_adult
89a8100e363ffff,89a8100e33bffff,388512103,40257098,18.3954,0.015799,average_adult
89a8100e363ffff,89a8100e347ffff,388512103,477232281,14.6753,0.164933,average_adult
89a8100e363ffff,89a8100e357ffff,388512103,9509533701,18.5801,0.012385,average_adult
89a8100e363ffff,89a8100e363ffff,388512103,388512103,1.1874,0.991328,average_adult
89a8100e363ffff,89a8100e367ffff,388512103,142814786,8.6372,0.606217,average_adult
89a8100e363ffff,89a8100e36bffff,388512103,389063054,8.1544,0.642931,average_adult
89a8100e363ffff,89a8100e36fffff,388512103,389063008,9.5391,0.536168,average_adult
89a8100e363ffff,89a8100e373ffff,388512103,387095764,9.5166,0.537929,average_adult
89a8100e363ffff,89a8100e377ffff,388512103,8550924518,8.6305,0.606736,average_adult
89a8100e363ffff,89a8100e37bffff,388512103,8943221373,14.375,0.182803,average_adult
89a8100e367ffff,89a8100c583ffff,142814786,12265197248,16.9839,0.055072,average_adult
89a8100e367ffff,89a8100c587ffff,142814786,11373935088,19.9522,1.4e-05,average_adult
89a8100e367ffff,89a8100c58bffff,142814786,1393378103,15.1926,0.135914,average_adult
89a8100e367ffff,89a8100c58fffff,142814786,4252790480,18.9749,0.006468,average_adult
89a8100e367ffff,89a8100c593ffff,142814786,304111065,8.3066,0.63144,average_adult
89a8100e367ffff,89a8100c597ffff,142814786,8943051152,13.8038,0.218712,average_adult
89a8100e367ffff,89a8100c59bffff,142814786,8954073387,9.2603,0.557966,average_adult
89a8100e367ffff,89a8100c5d3ffff,142814786,1097971350,16.1225,0.089912,average_adult
89a8100e367ffff,89a8100c5d7ffff,142814786,303867318,16.2821,0.082869,average_adult
89a8100e367ffff,89a8100e30fffff,142814786,8002779153,17.8735,0.027636,average_adult
89a8100e367ffff,89a8100e32bffff,142814786,142777323,7.4445,0.695359,average_adult
89a8100e367ffff,89a8100e32fffff,142814786,13305140329,11.9077,0.352401,average_adult
89a8100e367ffff,89a8100e33bffff,142814786,40257098,18.4172,0.015375,average_adult
89a8100e367ffff,89a8100e363ffff,142814786,388512103,11.2482,0.402596,average_adult
89a8100e367ffff,89a8100e367ffff,142814786,142814786,0.5185,0.998342,average_adult
89a8100e367ffff,89a8100e36bffff,142814786,389063054,18.2152,0.019522,average_adult
89a8100e367ffff,89a8100e36fffff,142814786,389063008,9.2371,0.559772,average_adult
89a8100e367ffff,89a8100e373ffff,142814786,387095764,16.1901,0.086899,average_adult
89a8100e367ffff,89a8100e377ffff,142814786,8550924518,12.3119,0.322387,average_adult
89a8100e36bffff,89a8100c59bffff,389063054,8954073387,17.3115,0.043928,average_adult
89a8100e36bffff,89a8100c5c3ffff,389063054,303868171,19.4121,0.002131,average_adult
89a8100e36bffff,89a8100c5d3ffff,389063054,1097971350,13.0111,0.272228,average_adult
89a8100e36bffff,89a8100c5dbffff,389063054,12535296158,17.831,0.028741,average_adult
89a8100e36bffff,89a8100e30bffff,389063054,12492914735,17.57,0.035984,average_adult
89a8100e36bffff,89a8100e32bffff,389063054,142777323,17.7026,0.032205,average_adult
89a8100e36bffff,89a8100e343ffff,389063054,8943486125,17.3096,0.043987,average_adult
89a8100e36bffff,89a8100e347ffff,389063054,477232281,13.7247,0.223871,average_adult
89a8100e36bffff,89a8100e363ffff,389063054,388512103,4.7747,0.86584,average_adult
89a8100e36bffff,89a8100e367ffff,389063054,142814786,12.2245,0.328819,average_adult
89a8100e36bffff,89a8100e36bffff,389063054,389063054,0.5357,0.998231,average_adult
89a8100e36bffff,89a8100e36fffff,389063054,389063008,12.1645,0.33326,average_adult
89a8100e36bffff,89a8100e373ffff,389063054,387095764,12.28,0.324731,average_adult
89a8100e36bffff,89a8100e377ffff,389063054,8550924518,12.2178,0.329318,average_adult
89a8100e36bffff,89a8100e37bffff,389063054,8943221373,9.2378,0.559718,average_adult
89a8100e36fffff,89a8100c58bffff,389063008,1393378103,18.1955,0.019953,average_adult
89a8100e36fffff,89a8100c593ffff,389063008,304111065,14.9643,0.148436,average_adult
89a8100e36fffff,89a8100c59bffff,389063008,8954073387,12.2632,0.325971,average_adult
89a8100e36fffff,89a8100c5d3ffff,389063008,1097971350,7.4459,0.695257,average_adult
89a8100e36fffff,89a8100c5d7ffff,389063008,303867318,18.7146,0.010157,average_adult
89a8100e36fffff,89a8100c5dbffff,389063008,12535296158,18.441,0.014917,average_adult
89a8100e36fffff,89a8100e30fffff,389063008,8002779153,18.5342,0.013196,average_adult
89a8100e36fffff,89a8100e32bffff,389063008,142777323,12.6543,0.297518,average_adult
89a8100e36fffff,89a8100e32fffff,389063008,13305140329,18.5654,0.012641,average_adult
89a8100e36fffff,89a8100e33bffff,389063008,40257098,19.0778,0.005237,average_adult
89a8100e36fffff,89a8100e363ffff,389063008,388512103,10.0892,0.492998,average_adult
89a8100e36fffff,89a8100e367ffff,389063008,142814786,7.1762,0.714576,average_adult
89a8100e36fffff,89a8100e36bffff,389063008,389063054,16.1273,0.089694,average_adult
89a8100e36fffff,89a8100e36fffff,389063008,389063008,0.5606,0.998063,average_adult
89a8100e36fffff,89a8100e373ffff,389063008,387095764,15.0311,0.144726,average_adult
89a8100e36fffff,89a8100e377ffff,389063008,8550924518,11.1529,0.409945,average_adult
89a8100e36fffff,89a8100e37bffff,389063008,8943221373,19.8895,7.5e-05,average_adult
89a8100e373ffff,89a8100c593ffff,387095764,304111065,19.5958,0.001008,average_adult
89a8100e373ffff,89a8100c59bffff,387095764,8954073387,16.8947,0.058313,average_adult
89a8100e373ffff,89a8100c5d3ffff,387095764,1097971350,19.595,0.001012,average_adult
89a8100e373ffff,89a8100e30bffff,387095764,12492914735,6.3921,0.768436,average_adult
89a8100e373ffff,89a8100e30fffff,387095764,8002779153,11.0774,0.415787,average_adult
89a8100e373ffff,89a8100e31bffff,387095764,9545366658,12.8571,0.283061,average_adult
89a8100e373ffff,89a8100e323ffff,387095764,2277870859,17.7866,0.029917,average_adult
89a8100e373ffff,89a8100e32bffff,387095764,142777323,13.343,0.249345,average_adult
89a8100e373ffff,89a8100e33bffff,387095764,40257098,12.5301,0.306475,average_adult
89a8100e373ffff,89a8100e343ffff,387095764,8943486125,16.6844,0.066293,average_adult
89a8100e373ffff,89a8100e347ffff,387095764,477232281,8.0688,0.649358,average_adult
89a8100e373ffff,89a8100e353ffff,387095764,6945448510,19.5911,0.001031,average_adult
89a8100e373ffff,89a8100e357ffff,387095764,9509533701,10.1656,0.486993,average_adult
89a8100e373ffff,89a8100e363ffff,387095764,388512103,7.7452,0.673409,average_adult
89a8100e373ffff,89a8100e367ffff,387095764,142814786,11.8078,0.359919,average_adult
89a8100e373ffff,89a8100e36bffff,387095764,389063054,13.4819,0.239964,average_adult
89a8100e373ffff,89a8100e36fffff,387095764,389063008,12.7096,0.293553,average_adult
89a8100e373ffff,89a8100e373ffff,387095764,387095764,1.1021,0.992526,average_adult
89a8100e373ffff,89a8100e377ffff,387095764,8550924518,6.829,0.738878,average_adult
89a8100e373ffff,89a8100e37bffff,387095764,8943221373,7.7686,0.67169,average_adult
89a8100e373ffff,89a8100e3cfffff,387095764,9509243980,18.6395,0.011375,average_adult
89a8100e377ffff,89a8100c59bffff,8550924518,8954073387,18.3643,0.016414,average_adult
89a8100e377ffff,89a8100e307ffff,8550924518,2277870854,17.9435,0.025861,average_adult
89a8100e377ffff,89a8100e30bffff,8550924518,12492914735,16.1926,0.086785,average_adult
89a8100e377ffff,89a8100e30fffff,8550924518,8002779153,8.8429,0.590383,average_adult
89a8100e377ffff,89a8100e323ffff,8550924518,2277870859,15.5521,0.117152,average_adult
89a8100e377ffff,89a8100e32bffff,8550924518,142777323,11.1084,0.413382,average_adult
89a8100e377ffff,89a8100e33bffff,8550924518,40257098,10.2956,0.476792,average_adult
89a8100e377ffff,89a8100e347ffff,8550924518,477232281,17.8694,0.027743,average_adult
89a8100e377ffff,89a8100e357ffff,8550924518,9509533701,19.9661,7e-06,average_adult
89a8100e377ffff,89a8100e363ffff,8550924518,388512103,12.5716,0.303472,average_adult
89a8100e377ffff,89a8100e367ffff,8550924518,142814786,13.2773,0.253818,average_adult
89a8100e377ffff,89a8100e36bffff,8550924518,389063054,19.5386,0.001312,average_adult
89a8100e377ffff,89a8100e36fffff,8550924518,389063008,14.1792,0.194838,average_adult
89a8100e377ffff,89a8100e373ffff,8550924518,387095764,10.9026,0.429344,average_adult
89a8100e377ffff,89a8100e377ffff,8550924518,8550924518,0.5307,0.998264,average_adult
89a8100e377ffff,89a8100e37bffff,8550924518,8943221373,17.5691,0.036011,average_adult
89a8100e37bffff,89a8100e30bffff,8943221373,12492914735,10.9709,0.424041,average_adult
89a8100e37bffff,89a8100e30fffff,8943221373,8002779153,15.6562,0.111947,average_adult
89a8100e37bffff,89a8100e31bffff,8943221373,9545366658,17.1503,0.049262,average_adult
89a8100e37bffff,89a8100e32bffff,8943221373,142777323,17.9217,0.026407,average_adult
89a8100e37bffff,89a8100e33bffff,8943221373,40257098,17.1089,0.050679,average_adult
89a8100e37bffff,89a8100e343ffff,8943221373,8943486125,11.3898,0.391714,average_adult
89a8100e37bffff,89a8100e347ffff,8943221373,477232281,6.6539,0.750867,average_adult
89a8100e37bffff,89a8100e34bffff,8943221373,389063239,16.6285,0.068494,average_adult
89a8100e37bffff,89a8100e353ffff,8943221373,6945448510,18.7934,0.008953,average_adult
89a8100e37bffff,89a8100e357ffff,8943221373,9509533701,13.8711,0.214355,average_adult
89a8100e37bffff,89a8100e363ffff,8943221373,388512103,11.1935,0.406813,average_adult
89a8100e37bffff,89a8100e367ffff,8943221373,142814786,15.256,0.132519,average_adult
89a8100e37bffff,89a8100e36bffff,8943221373,389063054,9.3977,0.547235,average_adult
89a8100e37bffff,89a8100e36fffff,8943221373,389063008,16.1579,0.088328,average_adult
89a8100e37bffff,89a8100e373ffff,8943221373,387095764,5.6809,0.81379,average_adult
89a8100e37bffff,89a8100e377ffff,8943221373,8550924518,11.4078,0.390332,average_adult
89a8100e37bffff,89a8100e37bffff,8943221373,8943221373,0.1018,0.999936,average_adult
89a8100e383ffff,89a8100e06fffff,9521965871,3416576930,16.915,0.057565,average_adult
89a8100e383ffff,89a8100e303ffff,9521965871,1393379394,19.1935,0.004007,average_adult
89a8100e383ffff,89a8100e313ffff,9521965871,9515286969,14.5143,0.174422,average_adult
89a8100e383ffff,89a8100e317ffff,9521965871,304465094,15.2932,0.130543,average_adult
89a8100e383ffff,89a8100e383ffff,9521965871,9521965871,1.7918,0.980326,average_adult
89a8100e383ffff,89a8100e387ffff,9521965871,8953251344,5.6901,0.813226,average_adult
89a8100e383ffff,89a8100e38bffff,9521965871,12505567548,10.0827,0.493504,average_adult
89a8100e383ffff,89a8100e38fffff,9521965871,9537001559,7.0334,0.724657,average_adult
89a8100e383ffff,89a8100e393ffff,9521965871,1393381000,13.7748,0.220597,average_adult
89a8100e383ffff,89a8100e39bffff,9521965871,1393380693,8.2957,0.63226,average_adult
89a8100e383ffff,89a8100e3abffff,9521965871,6697913344,18.8241,0.008505,average_adult
89a8100e383ffff,89a8100e3bbffff,9521965871,13305140303,14.1558,0.196296,average_adult
89a8100e383ffff,89a8100e3c3ffff,9521965871,9509169514,19.9783,3e-06,average_adult
89a8100e383ffff,89a8100e3c7ffff,9521965871,9532804243,16.7601,0.063363,average_adult
89a8100e383ffff,89a8100e3d3ffff,9521965871,9517170654,18.5857,0.012288,average_adult
89a8100e383ffff,89a8100e3d7ffff,9521965871,9503196643,16.4748,0.074716,average_adult
89a8100e387ffff,89a8100e313ffff,8953251344,9515286969,14.2487,0.190532,average_adult
89a8100e387ffff,89a8100e317ffff,8953251344,304465094,14.5754,0.170798,average_adult
89a8100e387ffff,89a8100e383ffff,8953251344,9521965871,7.6387,0.681236,average_adult
89a8100e387ffff,89a8100e387ffff,8953251344,8953251344,3.535,0.924877,average_adult
89a8100e387ffff,89a8100e38bffff,8953251344,12505567548,12.4894,0.309426,average_adult
89a8100e387ffff,89a8100e38fffff,8953251344,9537001559,6.3155,0.773491,average_adult
89a8100e387ffff,89a8100e393ffff,8953251344,1393381000,19.4182,0.002086,average_adult
89a8100e387ffff,89a8100e39bffff,8953251344,1393380693,13.9392,0.209986,average_adult
89a8100e387ffff,89a8100e3abffff,8953251344,6697913344,18.1063,0.021959,average_adult
89a8100e387ffff,89a8100e3bbffff,8953251344,13305140303,13.438,0.242917,average_adult
89a8100e38bffff,89a8100e06fffff,12505567548,3416576930,15.8148,0.104209,average_adult
89a8100e38bffff,89a8100e303ffff,12505567548,1393379394,14.2061,0.19317,average_adult
89a8100e38bffff,89a8100e30fffff,12505567548,8002779153,19.8038,0.000237,average_adult
89a8100e38bffff,89a8100e313ffff,12505567548,9515286969,9.5269,0.537125,average_adult
89a8100e38bffff,89a8100e317ffff,12505567548,304465094,16.6136,0.069087,average_adult
89a8100e38bffff,89a8100e31bffff,12505567548,9545366658,15.8791,0.101144,average_adult
89a8100e38bffff,89a8100e383ffff,12505567548,9521965871,11.7068,0.367551,average_adult
89a8100e38bffff,89a8100e387ffff,12505567548,8953251344,11.7894,0.361307,average_adult
89a8100e38bffff,89a8100e38bffff,12505567548,12505567548,0.1767,0.999807,average_adult
89a8100e38bffff,89a8100e38fffff,12505567548,9537001559,8.3537,0.62786,average_adult
89a8100e38bffff,89a8100e393ffff,12505567548,1393381000,12.9165,0.278867,average_adult
89a8100e38bffff,89a8100e39bffff,12505567548,1393380693,7.4374,0.695873,average_adult
89a8100e38bffff,89a8100e3bbffff,12505567548,13305140303,15.4762,0.121014,average_adult
89a8100e38bffff,89a8100e3c3ffff,12505567548,9509169514,15.084,0.141812,average_adult
89a8100e38bffff,89a8100e3c7ffff,12505567548,9532804243,11.8658,0.355549,average_adult
89a8100e38bffff,89a8100e3cfffff,12505567548,9509243980,17.9602,0.025446,average_adult
89a8100e38bffff,89a8100e3d3ffff,12505567548,9517170654,17.4855,0.038498,average_adult
89a8100e38bffff,89a8100e3d7ffff,12505567548,9503196643,12.632,0.299123,average_adult
89a8100e38fffff,89a8100e303ffff,9537001559,1393379394,17.5326,0.037088,average_adult
89a8100e38fffff,89a8100e307ffff,9537001559,2277870854,18.6912,0.010529,average_adult
89a8100e38fffff,89a8100e313ffff,9537001559,9515286969,10.6376,0.450006,average_adult
89a8100e38fffff,89a8100e317ffff,9537001559,304465094,9.3974,0.54726,average_adult
89a8100e38fffff,89a8100e383ffff,9537001559,9521965871,8.572,0.61122,average_adult
89a8100e38fffff,89a8100e387ffff,9537001559,8953251344,6.3124,0.773696,average_adult
89a8100e38fffff,89a8100e38bffff,9537001559,12505567548,8.9117,0.585057,average_adult
89a8100e38fffff,89a8100e38fffff,9537001559,9537001559,0.626,0.997585,average_adult
89a8100e38fffff,89a8100e393ffff,9537001559,1393381000,18.3416,0.01687,average_adult
89a8100e38fffff,89a8100e39bffff,9537001559,1393380693,12.8625,0.282678,average_adult
89a8100e38fffff,89a8100e3abffff,9537001559,6697913344,12.5786,0.302969,average_adult
89a8100e38fffff,89a8100e3bbffff,9537001559,13305140303,7.9103,0.661192,average_adult
89a8100e38fffff,89a8100e3c7ffff,9537001559,9532804243,17.2909,0.044593,average_adult
89a8100e38fffff,89a8100e3d7ffff,9537001559,9503196643,18.0571,0.023106,average_adult
89a8100e393ffff,89a8100e313ffff,1393381000,9515286969,19.439,0.00194,average_adult
89a8100e393ffff,89a8100e383ffff,1393381000,9521965871,17.4385,0.03993,average_adult
89a8100e393ffff,89a8100e38bffff,1393381000,12505567548,15.105,0.140663,average_adult
89a8100e393ffff,89a8100e38fffff,1393381000,9537001559,19.9684,6e-06,average_adult
89a8100e393ffff,89a8100e393ffff,1393381000,1393381000,1.2209,0.990834,average_adult
89a8100e393ffff,89a8100e39bffff,1393381000,1393380693,6.354,0.770957,average_adult
89a8100e39bffff,89a8100e06fffff,1393380693,3416576930,16.0889,0.091426,average_adult
89a8100e39bffff,89a8100e303ffff,1393380693,1393379394,18.6539,0.011136,average_adult
89a8100e39bffff,89a8100e313ffff,1393380693,9515286969,13.9747,0.207718,average_adult
89a8100e39bffff,89a8100e383ffff,1393380693,9521965871,11.9742,0.347421,average_adult
89a8100e39bffff,89a8100e387ffff,1393380693,8953251344,15.8725,0.101457,average_adult
89a8100e39bffff,89a8100e38bffff,1393380693,12505567548,9.6407,0.528206,average_adult
89a8100e39bffff,89a8100e38fffff,1393380693,9537001559,14.5041,0.175032,average_adult
89a8100e39bffff,89a8100e393ffff,1393380693,1393381000,6.423,0.76639,average_adult
89a8100e39bffff,89a8100e39bffff,1393380693,1393380693,0.8897,0.995126,average_adult
89a8100e39bffff,89a8100e3c3ffff,1393380693,9509169514,19.4169,0.002096,average_adult
89a8100e39bffff,89a8100e3c7ffff,1393380693,9532804243,16.1987,0.086517,average_adult
89a8100e39bffff,89a8100e3d3ffff,1393380693,9517170654,17.7596,0.030645,average_adult
89a8100e39bffff,89a8100e3d7ffff,1393380693,9503196643,15.6487,0.112316,average_adult
89a8100e3abffff,89a8100e303ffff,6697913344,1393379394,19.4951,0.001572,average_adult
89a8100e3abffff,89a8100e307ffff,6697913344,2277870854,10.5141,0.459669,average_adult
89a8100e3abffff,89a8100e30fffff,6697913344,8002779153,16.2588,0.083883,average_adult
89a8100e3abffff,89a8100e317ffff,6697913344,304465094,7.1437,0.716882,average_adult
89a8100e3abffff,89a8100e323ffff,6697913344,2277870859,17.5472,0.036655,average_adult
89a8100e3abffff,89a8100e333ffff,6697913344,6359663538,19.197,0.003972,average_adult
89a8100e3abffff,89a8100e33bffff,6697913344,40257098,15.9323,0.098641,average_adult
89a8100e3abffff,89a8100e383ffff,6697913344,9521965871,19.8755,9.6e-05,average_adult
89a8100e3abffff,89a8100e387ffff,6697913344,8953251344,17.6159,0.034652,average_adult
89a8100e3abffff,89a8100e38fffff,6697913344,9537001559,12.0914,0.33868,average_adult
89a8100e3abffff,89a8100e3abffff,6697913344,6697913344,2.4222,0.964244,average_adult
89a8100e3abffff,89a8100e3bbffff,6697913344,13305140303,8.7878,0.594629,average_adult
89a8100e3bbffff,89a8100e303ffff,13305140303,1393379394,19.9124,4.7e-05,average_adult
89a8100e3bbffff,89a8100e307ffff,13305140303,2277870854,14.3407,0.184891,average_adult
89a8100e3bbffff,89a8100e313ffff,13305140303,9515286969,17.8131,0.029212,average_adult
89a8100e3bbffff,89a8100e317ffff,13305140303,304465094,5.3225,0.835197,average_adult
89a8100e3bbffff,89a8100e33bffff,13305140303,40257098,19.7589,0.000359,average_adult
89a8100e3bbffff,89a8100e383ffff,13305140303,9521965871,15.6803,0.110752,average_adult
89a8100e3bbffff,89a8100e387ffff,13305140303,8953251344,13.2088,0.258518,average_adult
89a8100e3bbffff,89a8100e38bffff,13305140303,12505567548,16.0872,0.091504,average_adult
89a8100e3bbffff,89a8100e38fffff,13305140303,9537001559,7.9633,0.657244,average_adult
89a8100e3bbffff,89a8100e3abffff,13305140303,6697913344,8.2281,0.637376,average_adult
89a8100e3bbffff,89a8100e3bbffff,13305140303,13305140303,3.5598,0.923847,average_adult
89a8100e3c3ffff,89a8100e06fffff,9509169514,3416576930,11.4325,0.388436,average_adult
89a8100e3c3ffff,89a8100e223ffff,9509169514,9085138924,18.9568,0.006699,average_adult
89a8100e3c3ffff,89a8100e227ffff,9509169514,8943483316,15.5457,0.117475,average_adult
89a8100e3c3ffff,89a8100e233ffff,9509169514,9083125917,19.9387,2.3e-05,average_adult
89a8100e3c3ffff,89a8100e237ffff,9509169514,9496451280,10.8718,0.431739,average_adult
89a8100e3c3ffff,89a8100e2a7ffff,9509169514,12831235988,13.7479,0.222354,average_adult
89a8100e3c3ffff,89a8100e2afffff,9509169514,9465336398,15.4258,0.123609,average_adult
89a8100e3c3ffff,89a8100e303ffff,9509169514,1393379394,14.8139,0.156933,average_adult
89a8100e3c3ffff,89a8100e313ffff,9509169514,9515286969,15.8376,0.103119,average_adult
89a8100e3c3ffff,89a8100e31bffff,9509169514,9545366658,11.6258,0.373696,average_adult
89a8100e3c3ffff,89a8100e353ffff,9509169514,6945448510,15.7153,0.109036,average_adult
89a8100e3c3ffff,89a8100e357ffff,9509169514,9509533701,12.5611,0.30423,average_adult
89a8100e3c3ffff,89a8100e383ffff,9509169514,9521965871,18.3171,0.017368,average_adult
89a8100e3c3ffff,89a8100e387ffff,9509169514,8953251344,19.9886,1e-06,average_adult
89a8100e3c3ffff,89a8100e38bffff,9509169514,12505567548,11.8095,0.359788,average_adult
89a8100e3c3ffff,89a8100e38fffff,9509169514,9537001559,16.553,0.071519,average_adult
89a8100e3c3ffff,89a8100e393ffff,9509169514,1393381000,19.4293,0.002008,average_adult
89a8100e3c3ffff,89a8100e39bffff,9509169514,1393380693,13.9502,0.209281,average_adult
89a8100e3c3ffff,89a8100e3c3ffff,9509169514,9509169514,0.2931,0.99947,average_adult
89a8100e3c3ffff,89a8100e3c7ffff,9509169514,9532804243,7.1678,0.715176,average_adult
89a8100e3c3ffff,89a8100e3cbffff,9509169514,9523090342,7.4571,0.694451,average_adult
89a8100e3c3ffff,89a8100e3cfffff,9509169514,9509243980,6.0082,0.793368,average_adult
89a8100e3c3ffff,89a8100e3d3ffff,9509169514,9517170654,11.4797,0.384825,average_adult
89a8100e3c3ffff,89a8100e3d7ffff,9509169514,9503196643,5.721,0.811331,average_adult
89a8100e3c3ffff,89a8100e3dbffff,9509169514,9517279686,7.5685,0.686362,average_adult
89a8100e3c7ffff,89a8100e06fffff,9532804243,3416576930,12.4589,0.311644,average_adult
89a8100e3c7ffff,89a8100e227ffff,9532804243,8943483316,19.4784,0.001677,average_adult
89a8100e3c7ffff,89a8100e237ffff,9532804243,9496451280,19.0938,0.005057,average_adult
89a8100e3c7ffff,89a8100e303ffff,9532804243,1393379394,11.7819,0.361871,average_adult
89a8100e3c7ffff,89a8100e30bffff,9532804243,12492914735,18.7258,0.009981,average_adult
89a8100e3c7ffff,89a8100e30fffff,9532804243,8002779153,17.3648,0.042227,average_adult
89a8100e3c7ffff,89a8100e313ffff,9532804243,9515286969,13.4593,0.241483,average_adult
89a8100e3c7ffff,89a8100e31bffff,9532804243,9545366658,12.8909,0.280669,average_adult
89a8100e3c7ffff,89a8100e353ffff,9532804243,6945448510,18.3188,0.017333,average_adult
89a8100e3c7ffff,89a8100e357ffff,9532804243,9509533701,15.1647,0.137418,average_adult
89a8100e3c7ffff,89a8100e383ffff,9532804243,9521965871,15.9388,0.098336,average_adult
89a8100e3c7ffff,89a8100e387ffff,9532804243,8953251344,17.6103,0.034815,average_adult
89a8100e3c7ffff,89a8100e38bffff,9532804243,12505567548,9.4312,0.544616,average_adult
89a8100e3c7ffff,89a8100e38fffff,9532804243,9537001559,14.1747,0.19512,average_adult
89a8100e3c7ffff,89a8100e393ffff,9532804243,1393381000,17.0509,0.052695,average_adult
89a8100e3c7ffff,89a8100e39bffff,9532804243,1393380693,11.5719,0.377797,average_adult
89a8100e3c7ffff,89a8100e3c3ffff,9532804243,9509169514,8.7304,0.599051,average_adult
89a8100e3c7ffff,89a8100e3c7ffff,9532804243,9532804243,0.979,0.9941,average_adult
89a8100e3c7ffff,89a8100e3cbffff,9532804243,9523090342,11.2802,0.400133,average_adult
89a8100e3c7ffff,89a8100e3cfffff,9532804243,9509243980,8.421,0.622747,average_adult
89a8100e3c7ffff,89a8100e3d3ffff,9532804243,9517170654,14.1295,0.197937,average_adult
89a8100e3c7ffff,89a8100e3d7ffff,9532804243,9503196643,6.7311,0.745605,average_adult
89a8100e3c7ffff,89a8100e3dbffff,9532804243,9517279686,16.0058,0.095222,average_adult
89a8100e3cbffff,89a8100e06fffff,9523090342,3416576930,18.798,0.008885,average_adult
89a8100e3cbffff,89a8100e223ffff,9523090342,9085138924,14.7868,0.158482,average_adult
89a8100e3cbffff,89a8100e227ffff,9523090342,8943483316,9.4078,0.546447,average_adult
89a8100e3cbffff,89a8100e22fffff,9523090342,9085206286,17.4228,0.040413,average_adult
89a8100e3cbffff,89a8100e233ffff,9523090342,9083125917,17.2896,0.044635,average_adult
89a8100e3cbffff,89a8100e237ffff,9523090342,9496451280,8.7613,0.596676,average_adult
89a8100e3cbffff,89a8100e23bffff,9523090342,12911190024,19.9397,2.2e-05,average_adult
89a8100e3cbffff,89a8100e2a7ffff,9523090342,12831235988,14.0066,0.205688,average_adult
89a8100e3cbffff,89a8100e2afffff,9523090342,9465336398,14.3435,0.184718,average_adult
89a8100e3cbffff,89a8100e303ffff,9523090342,1393379394,16.7546,0.063576,average_adult
89a8100e3cbffff,89a8100e31bffff,9523090342,9545366658,12.8464,0.283817,average_adult
89a8100e3cbffff,89a8100e343ffff,9523090342,8943486125,19.9268,3.3e-05,average_adult
89a8100e3cbffff,89a8100e353ffff,9523090342,6945448510,11.5327,0.380778,average_adult
89a8100e3cbffff,89a8100e357ffff,9523090342,9509533701,13.7818,0.220142,average_adult
89a8100e3cbffff,89a8100e35bffff,9523090342,9546062800,14.8016,0.157633,average_adult
89a8100e3cbffff,89a8100e38bffff,9523090342,12505567548,18.53,0.01327,average_adult
89a8100e3cbffff,89a8100e3c3ffff,9523090342,9509169514,7.6963,0.677009,average_adult
89a8100e3cbffff,89a8100e3c7ffff,9523090342,9532804243,10.3588,0.471835,average_adult
89a8100e3cbffff,89a8100e3cbffff,9523090342,9523090342,0.4849,0.99855,average_adult
89a8100e3cbffff,89a8100e3cfffff,9523090342,9509243980,7.949,0.658316,average_adult
89a8100e3cbffff,89a8100e3d3ffff,9523090342,9517170654,15.3003,0.13017,average_adult
89a8100e3cbffff,89a8100e3d7ffff,9523090342,9503196643,13.0865,0.26697,average_adult
89a8100e3cbffff,89a8100e3dbffff,9523090342,9517279686,7.8151,0.668255,average_adult
89a8100e3cfffff,89a8100e06fffff,9509243980,3416576930,18.4398,0.014941,average_adult
89a8100e3cfffff,89a8100e227ffff,9509243980,8943483316,12.5883,0.302269,average_adult
89a8100e3cfffff,89a8100e22fffff,9509243980,9085206286,19.5221,0.001408,average_adult
89a8100e3cfffff,89a8100e237ffff,9509243980,9496451280,17.0702,0.052019,average_adult
89a8100e3cfffff,89a8100e303ffff,9509243980,1393379394,9.7295,0.521241,average_adult
89a8100e3cfffff,89a8100e30bffff,9509243980,12492914735,15.8082,0.104529,average_adult
89a8100e3cfffff,89a8100e30fffff,9509243980,8002779153,17.6125,0.034752,average_adult
89a8100e3cfffff,89a8100e313ffff,9509243980,9515286969,18.0081,0.024275,average_adult
89a8100e3cfffff,89a8100e31bffff,9509243980,9545366658,6.7823,0.742098,average_adult
89a8100e3cfffff,89a8100e347ffff,9509243980,477232281,16.2112,0.085964,average_adult
89a8100e3cfffff,89a8100e353ffff,9509243980,6945448510,10.8718,0.431747,average_adult
89a8100e3cfffff,89a8100e357ffff,9509243980,9509533701,7.7176,0.675442,average_adult
89a8100e3cfffff,89a8100e35bffff,9509243980,9546062800,16.6263,0.068582,average_adult
89a8100e3cfffff,89a8100e373ffff,9509243980,387095764,19.1472,0.004479,average_adult
89a8100e3cfffff,89a8100e38bffff,9509243980,12505567548,16.6004,0.069614,average_adult
89a8100e3cfffff,89a8100e39bffff,9509243980,1393380693,18.7411,0.009745,average_adult
89a8100e3cfffff,89a8100e3c3ffff,9509243980,9509169514,8.2455,0.63606,average_adult
89a8100e3cfffff,89a8100e3c7ffff,9509243980,9532804243,8.1574,0.642704,average_adult
89a8100e3cfffff,89a8100e3cbffff,9509243980,9523090342,8.7939,0.594163,average_adult
89a8100e3cfffff,89a8100e3cfffff,9509243980,9509243980,0.9238,0.994744,average_adult
89a8100e3cfffff,89a8100e3d3ffff,9509243980,9517170654,19.1451,0.004502,average_adult
89a8100e3cfffff,89a8100e3d7ffff,9509243980,9503196643,12.7283,0.292219,average_adult
89a8100e3cfffff,89a8100e3dbffff,9509243980,9517279686,15.1848,0.136334,average_adult
89a8100e3d3ffff,89a8100e06fffff,9517170654,3416576930,8.082,0.648367,average_adult
89a8100e3d3ffff,89a8100e237ffff,9517170654,9496451280,17.8225,0.028965,average_adult
89a8100e3d3ffff,89a8100e2a7ffff,9517170654,12831235988,13.8711,0.214356,average_adult
89a8100e3d3ffff,89a8100e2afffff,9517170654,9465336398,16.4823,0.074407,average_adult
89a8100e3d3ffff,89a8100e38bffff,9517170654,12505567548,18.3638,0.016423,average_adult
89a8100e3d3ffff,89a8100e39bffff,9517170654,1393380693,16.0573,0.092862,average_adult
89a8100e3d3ffff,89a8100e3c3ffff,9517170654,9509169514,12.6802,0.295663,average_adult
89a8100e3d3ffff,89a8100e3c7ffff,9517170654,9532804243,17.0979,0.05106,average_adult
89a8100e3d3ffff,89a8100e3cbffff,9517170654,9523090342,15.3297,0.12862,average_adult
89a8100e3d3ffff,89a8100e3cfffff,9517170654,9509243980,17.6823,0.032772,average_adult
89a8100e3d3ffff,89a8100e3d3ffff,9517170654,9517170654,1.3934,0.98807,average_adult
89a8100e3d3ffff,89a8100e3d7ffff,9517170654,9503196643,10.874,0.431571,average_adult
89a8100e3d3ffff,89a8100e3dbffff,9517170654,9517279686,11.3535,0.394499,average_adult
89a8100e3d7ffff,89a8100e06fffff,9503196643,3416576930,7.4785,0.692902,average_adult
89a8100e3d7ffff,89a8100e237ffff,9503196643,9496451280,18.3421,0.016859,average_adult
89a8100e3d7ffff,89a8100e2a7ffff,9503196643,12831235988,17.8809,0.027447,average_adult
89a8100e3d7ffff,89a8100e2afffff,9503196643,9465336398,19.9184,4.1e-05,average_adult
89a8100e3d7ffff,89a8100e303ffff,9503196643,1393379394,18.0602,0.023032,average_adult
89a8100e3d7ffff,89a8100e313ffff,9503196643,9515286969,15.8165,0.104129,average_adult
89a8100e3d7ffff,89a8100e31bffff,9503196643,9545366658,18.3989,0.015731,average_adult
89a8100e3d7ffff,89a8100e383ffff,9503196643,9521965871,17.2649,0.045439,average_adult
89a8100e3d7ffff,89a8100e387ffff,9503196643,8953251344,19.9675,7e-06,average_adult
89a8100e3d7ffff,89a8100e38bffff,9503196643,12505567548,11.7884,0.36138,average_adult
89a8100e3d7ffff,89a8100e38fffff,9503196643,9537001559,16.5319,0.072376,average_adult
89a8100e3d7ffff,89a8100e393ffff,9503196643,1393381000,18.1027,0.02204,average_adult
89a8100e3d7ffff,89a8100e39bffff,9503196643,1393380693,12.6237,0.299722,average_adult
89a8100e3d7ffff,89a8100e3c3ffff,9503196643,9509169514,8.654,0.60493,average_adult
89a8100e3d7ffff,89a8100e3c7ffff,9503196643,9532804243,8.0392,0.651574,average_adult
89a8100e3d7ffff,89a8100e3cbffff,9503196643,9523090342,15.3242,0.128907,average_adult
89a8100e3d7ffff,89a8100e3cfffff,9503196643,9509243980,13.3682,0.247631,average_adult
89a8100e3d7ffff,89a8100e3d3ffff,9503196643,9517170654,9.1491,0.566629,average_adult
89a8100e3d7ffff,89a8100e3d7ffff,9503196643,9503196643,1.5489,0.985274,average_adult
89a8100e3d7ffff,89a8100e3dbffff,9503196643,9517279686,12.0611,0.340933,average_adult
89a8100e3dbffff,89a8100e06fffff,9517279686,3416576930,15.0617,0.143036,average_adult
89a8100e3dbffff,89a8100e207ffff,9517279686,9078104201,19.9166,4.3e-05,average_adult
89a8100e3dbffff,89a8100e223ffff,9517279686,9085138924,15.3876,0.125591,average_adult
89a8100e3dbffff,89a8100e227ffff,9517279686,8943483316,12.0601,0.341006,average_adult
89a8100e3dbffff,89a8100e233ffff,9517279686,9083125917,14.4239,0.179846,average_adult
89a8100e3dbffff,89a8100e237ffff,9517279686,9496451280,7.3026,0.705567,average_adult
89a8100e3dbffff,89a8100e23bffff,9517279686,12911190024,19.4814,0.001658,average_adult
89a8100e3dbffff,89a8100e2a7ffff,9517279686,12831235988,7.0691,0.722148,average_adult
89a8100e3dbffff,89a8100e2abffff,9517279686,12829462717,16.1174,0.090139,average_adult
89a8100e3dbffff,89a8100e2afffff,9517279686,9465336398,8.8017,0.593557,average_adult
89a8100e3dbffff,89a8100e31bffff,9517279686,9545366658,17.3538,0.042577,average_adult
89a8100e3dbffff,89a8100e353ffff,9517279686,6945448510,16.5316,0.072388,average_adult
89a8100e3dbffff,89a8100e357ffff,9517279686,9509533701,18.2891,0.017947,average_adult
89a8100e3dbffff,89a8100e35bffff,9517279686,9546062800,18.2981,0.01776,average_adult
89a8100e3dbffff,89a8100e38bffff,9517279686,12505567548,18.2904,0.01792,average_adult
89a8100e3dbffff,89a8100e3c3ffff,9517279686,9509169514,6.774,0.742664,average_adult
89a8100e3dbffff,89a8100e3c7ffff,9517279686,9532804243,13.4946,0.239115,average_adult
89a8100e3dbffff,89a8100e3cbffff,9517279686,9523090342,5.5784,0.820015,average_adult
89a8100e3dbffff,89a8100e3cfffff,9517279686,9509243980,11.7362,0.36532,average_adult
89a8100e3dbffff,89a8100e3d3ffff,9517279686,9517170654,9.4795,0.540834,average_adult
89a8100e3dbffff,89a8100e3d7ffff,9517279686,9503196643,11.6416,0.372494,average_adult
89a8100e3dbffff,89a8100e3dbffff,9517279686,9517279686,0.7925,0.996131,average_adult
89a8100f127ffff,89a8100c453ffff,413363270,467820559,13.1047,0.265709,average_adult
89a8100f127ffff,89a8100c45bffff,413363270,467820516,17.153,0.049171,average_adult
89a8100f127ffff,89a8100c4c3ffff,413363270,4947385383,15.872,0.101483,average_adult
89a8100f127ffff,89a8100c4cbffff,413363270,467842583,8.5474,0.613101,average_adult
89a8100f127ffff,89a8100c4cfffff,413363270,467763429,16.9207,0.057358,average_adult
89a8100f127ffff,89a8100c4dbffff,413363270,6634220130,9.2713,0.557105,average_adult
89a8100f127ffff,89a8100f127ffff,413363270,413363270,0.4118,0.998954,average_adult
89a8100f127ffff,89a8100f137ffff,413363270,413363599,6.8737,0.735789,average_adult
89a8100f127ffff,89a8100f1a7ffff,413363270,8941348148,15.4367,0.123044,average_adult
89a8100f137ffff,89a8100c453ffff,413363599,467820559,16.8519,0.059897,average_adult
89a8100f137ffff,89a8100c4c3ffff,413363599,4947385383,19.6192,0.000894,average_adult
89a8100f137ffff,89a8100c4cbffff,413363599,467842583,12.2946,0.323659,average_adult
89a8100f137ffff,89a8100c4dbffff,413363599,6634220130,11.4774,0.385002,average_adult
89a8100f137ffff,89a8100f127ffff,413363599,413363270,7.3457,0.702478,average_adult
89a8100f137ffff,89a8100f137ffff,413363599,413363599,0.3074,0.999417,average_adult
89a8100f137ffff,89a8100f1a7ffff,413363599,8941348148,14.6088,0.168823,average_adult
89a8100f1a3ffff,89a8100c4cbffff,7288855586,467842583,19.3002,0.003018,average_adult
89a8100f1a3ffff,89a8100c4dbffff,7288855586,6634220130,12.3655,0.31846,average_adult
89a8100f1a3ffff,89a8100e243ffff,7288855586,1538576134,19.5064,0.001502,average_adult
89a8100f1a3ffff,89a8100e247ffff,7288855586,9546511598,16.4196,0.077015,average_adult
89a8100f1a3ffff,89a8100e24bffff,7288855586,467944723,19.3163,0.002881,average_adult
89a8100f1a3ffff,89a8100e24fffff,7288855586,467944912,13.1759,0.260781,average_adult
89a8100f1a3ffff,89a8100e26bffff,7288855586,9528567209,14.0387,0.203652,average_adult
89a8100f1a3ffff,89a8100e27bffff,7288855586,12911199240,15.9127,0.099557,average_adult
89a8100f1a3ffff,89a8100f127ffff,7288855586,413363270,19.1385,0.004572,average_adult
89a8100f1a3ffff,89a8100f137ffff,7288855586,413363599,17.8276,0.028831,average_adult
89a8100f1a3ffff,89a8100f1a3ffff,7288855586,7288855586,0.805,0.996008,average_adult
89a8100f1a3ffff,89a8100f1a7ffff,7288855586,8941348148,8.0573,0.650222,average_adult
89a8100f1a3ffff,89a8100f1afffff,7288855586,413363541,9.1335,0.567849,average_adult
89a8100f1a3ffff,89a8100f1b3ffff,7288855586,4619786697,11.2578,0.401854,average_adult
89a8100f1a3ffff,89a8100f1b7ffff,7288855586,1489531937,5.5994,0.818747,average_adult
89a8100f1a7ffff,89a8100c4c3ffff,8941348148,4947385383,16.2146,0.085817,average_adult
89a8100f1a7ffff,89a8100c4cbffff,8941348148,467842583,13.6712,0.227381,average_adult
89a8100f1a7ffff,89a8100c4cfffff,8941348148,467763429,19.9673,7e-06,average_adult
89a8100f1a7ffff,89a8100c4d3ffff,8941348148,9562600840,14.1144,0.198889,average_adult
89a8100f1a7ffff,89a8100c4d7ffff,8941348148,9562334166,18.1348,0.021307,average_adult
89a8100f1a7ffff,89a8100c4dbffff,8941348148,6634220130,6.7365,0.745233,average_adult
89a8100f1a7ffff,89a8100e247ffff,8941348148,9546511598,13.0777,0.267586,average_adult
89a8100f1a7ffff,89a8100e24fffff,8941348148,467944912,13.7607,0.221515,average_adult
89a8100f1a7ffff,89a8100e257ffff,8941348148,370857290,17.3911,0.041401,average_adult
89a8100f1a7ffff,89a8100e263ffff,8941348148,9560517151,16.2823,0.082863,average_adult
89a8100f1a7ffff,89a8100e26bffff,8941348148,9528567209,8.4147,0.623226,average_adult
89a8100f1a7ffff,89a8100e26fffff,8941348148,9562570594,17.7109,0.031976,average_adult
89a8100f1a7ffff,89a8100e27bffff,8941348148,12911199240,12.4187,0.314575,average_adult
89a8100f1a7ffff,89a8100f127ffff,8941348148,413363270,14.4299,0.179484,average_adult
89a8100f1a7ffff,89a8100f137ffff,8941348148,413363599,13.119,0.264721,average_adult
89a8100f1a7ffff,89a8100f1a3ffff,8941348148,7288855586,13.2066,0.258666,average_adult
89a8100f1a7ffff,89a8100f1a7ffff,8941348148,8941348148,0.697,0.997006,average_adult
89a8100f1a7ffff,89a8100f1afffff,8941348148,413363541,11.2427,0.403017,average_adult
89a8100f1a7ffff,89a8100f1b3ffff,8941348148,4619786697,15.2473,0.132983,average_adult
89a8100f1a7ffff,89a8100f1b7ffff,8941348148,1489531937,8.0226,0.652821,average_adult
89a8100f1afffff,89a8100c4cbffff,413363541,467842583,19.4764,0.00169,average_adult
89a8100f1afffff,89a8100c4dbffff,413363541,6634220130,12.5417,0.305634,average_adult
89a8100f1afffff,89a8100e247ffff,413363541,9546511598,19.1232,0.004735,average_adult
89a8100f1afffff,89a8100e24fffff,413363541,467944912,18.6201,0.0117,average_adult
89a8100f1afffff,89a8100e26bffff,413363541,9528567209,14.5428,0.172726,average_adult
89a8100f1afffff,89a8100e27bffff,413363541,12911199240,18.4642,0.01448,average_adult
89a8100f1afffff,89a8100f127ffff,413363541,413363270,19.3147,0.002894,average_adult
89a8100f1afffff,89a8100f137ffff,413363541,413363599,18.0038,0.02438,average_adult
89a8100f1afffff,89a8100f1a3ffff,413363541,7288855586,12.0709,0.340203,average_adult
89a8100f1afffff,89a8100f1a7ffff,413363541,8941348148,8.2335,0.636964,average_adult
89a8100f1afffff,89a8100f1afffff,413363541,413363541,1.0704,0.99295,average_adult
89a8100f1afffff,89a8100f1b3ffff,413363541,4619786697,18.498,0.013853,average_adult
89a8100f1afffff,89a8100f1b7ffff,413363541,1489531937,11.9478,0.349397,average_adult
89a8100f1b3ffff,89a8100c4dbffff,4619786697,6634220130,18.1838,0.020209,average_adult
89a8100f1b3ffff,89a8100e243ffff,4619786697,1538576134,13.5154,0.237719,average_adult
89a8100f1b3ffff,89a8100e247ffff,4619786697,9546511598,14.4111,0.180614,average_adult
89a8100f1b3ffff,89a8100e24bffff,4619786697,467944723,12.129,0.335891,average_adult
89a8100f1b3ffff,89a8100e24fffff,4619786697,467944912,9.0945,0.570879,average_adult
89a8100f1b3ffff,89a8100e257ffff,4619786697,370857290,18.7246,0.010001,average_adult
89a8100f1b3ffff,89a8100e263ffff,4619786697,9560517151,19.7147,0.000502,average_adult
89a8100f1b3ffff,89a8100e26bffff,4619786697,9528567209,13.585,0.233081,average_adult
89a8100f1b3ffff,89a8100e27bffff,4619786697,12911199240,15.459,0.121894,average_adult
89a8100f1b3ffff,89a8100f1a3ffff,4619786697,7288855586,14.6501,0.1664,average_adult
89a8100f1b3ffff,89a8100f1a7ffff,4619786697,8941348148,12.6417,0.298422,average_adult
89a8100f1b3ffff,89a8100f1afffff,4619786697,413363541,17.8232,0.028946,average_adult
89a8100f1b3ffff,89a8100f1b3ffff,4619786697,4619786697,0.365,0.999178,average_adult
89a8100f1b3ffff,89a8100f1b7ffff,4619786697,1489531937,7.2678,0.708062,average_adult
89a8100f1b7ffff,89a8100c4cbffff,1489531937,467842583,19.3409,0.002677,average_adult
89a8100f1b7ffff,89a8100c4dbffff,1489531937,6634220130,12.4062,0.315485,average_adult
89a8100f1b7ffff,89a8100e243ffff,1489531937,1538576134,14.4212,0.180008,average_adult
89a8100f1b7ffff,89a8100e247ffff,1489531937,9546511598,11.3343,0.395969,average_adult
89a8100f1b7ffff,89a8100e24bffff,1489531937,467944723,17.4972,0.038144,average_adult
89a8100f1b7ffff,89a8100e24fffff,1489531937,467944912,8.0907,0.647719,average_adult
89a8100f1b7ffff,89a8100e257ffff,1489531937,370857290,15.6477,0.112365,average_adult
89a8100f1b7ffff,89a8100e263ffff,1489531937,9560517151,15.9869,0.096096,average_adult
89a8100f1b7ffff,89a8100e26bffff,1489531937,9528567209,9.8572,0.511213,average_adult
89a8100f1b7ffff,89a8100e27bffff,1489531937,12911199240,13.1317,0.263837,average_adult
89a8100f1b7ffff,89a8100f127ffff,1489531937,413363270,19.2946,0.003067,average_adult
89a8100f1b7ffff,89a8100f137ffff,1489531937,413363599,17.9837,0.02487,average_adult
89a8100f1b7ffff,89a8100f1a3ffff,1489531937,7288855586,10.2139,0.483203,average_adult
89a8100f1b7ffff,89a8100f1a7ffff,1489531937,8941348148,6.8641,0.736452,average_adult
89a8100f1b7ffff,89a8100f1afffff,1489531937,413363541,13.3869,0.246362,average_adult
89a8100f1b7ffff,89a8100f1b3ffff,1489531937,4619786697,9.4387,0.544025,average_adult
89a8100f1b7ffff,89a8100f1b7ffff,1489531937,1489531937,0.5142,0.99837,average_adult
