source_h3_id,target_h3_id,source_node_id,target_node_id,time_min,alpha_20,profile_key
89a8100c023ffff,89a8100c023ffff,12802775536,12802775536,3.6298,0.920905,average_adult
89a8100c023ffff,89a8100c027ffff,12802775536,395763938,11.5584,0.378823,average_adult
89a8100c023ffff,89a8100c02fffff,12802775536,12113272478,18.3169,0.017374,average_adult
89a8100c023ffff,89a8100c037ffff,12802775536,11347748025,11.6796,0.369608,average_adult
89a8100c023ffff,89a8100c0afffff,12802775536,8743696886,17.0785,0.051731,average_adult
89a8100c023ffff,89a8100c153ffff,12802775536,455606646,19.2665,0.003315,average_adult
89a8100c023ffff,89a8100c1cbffff,12802775536,455607086,18.9993,0.006164,average_adult
89a8100c023ffff,89a8100c1dbffff,12802775536,12902675140,17.7275,0.031518,average_adult
89a8100c027ffff,89a8100c023ffff,395763938,12802775536,12.684,0.295387,average_adult
89a8100c027ffff,89a8100c027ffff,395763938,395763938,0.6417,0.997462,average_adult
89a8100c027ffff,89a8100c02fffff,395763938,12113272478,14.1859,0.194421,average_adult
89a8100c027ffff,89a8100c037ffff,395763938,11347748025,8.0232,0.652777,average_adult
89a8100c027ffff,89a8100c0a7ffff,395763938,13279443676,18.6054,0.011949,average_adult
89a8100c027ffff,89a8100c0afffff,395763938,8743696886,14.0174,0.205002,average_adult
89a8100c027ffff,89a8100c143ffff,395763938,617798725,11.3674,0.39343,average_adult
89a8100c027ffff,89a8100c153ffff,395763938,455606646,8.4656,0.619351,average_adult
89a8100c027ffff,89a8100c15bffff,395763938,8117389765,11.5939,0.376122,average_adult
89a8100c027ffff,89a8100c1cbffff,395763938,455607086,14.8695,0.153768,average_adult
89a8100c027ffff,89a8100c1cfffff,395763938,13452406589,17.8096,0.029305,average_adult
89a8100c027ffff,89a8100c1dbffff,395763938,12902675140,14.0058,0.205742,average_adult
89a8100c02fffff,89a8100c023ffff,12113272478,12802775536,17.2304,0.046576,average_adult
89a8100c02fffff,89a8100c027ffff,12113272478,395763938,11.7954,0.360855,average_adult
89a8100c02fffff,89a8100c02fffff,12113272478,12113272478,3.463,0.927833,average_adult
89a8100c02fffff,89a8100c037ffff,12113272478,11347748025,13.156,0.262155,average_adult
89a8100c02fffff,89a8100c0afffff,12113272478,8743696886,18.5918,0.012182,average_adult
89a8100c02fffff,89a8100c143ffff,12113272478,617798725,16.9567,0.056051,average_adult
89a8100c02fffff,89a8100c153ffff,12113272478,455606646,14.8908,0.152564,average_adult
89a8100c02fffff,89a8100c15bffff,12113272478,8117389765,8.1941,0.639942,average_adult
89a8100c02fffff,89a8100c1dbffff,12113272478,12902675140,19.1386,0.00457,average_adult
89a8100c033ffff,89a8100c027ffff,13056821783,395763938,19.8224,0.000195,average_adult
89a8100c033ffff,89a8100c033ffff,13056821783,13056821783,2.8759,0.949845,average_adult
89a8100c033ffff,89a8100c037ffff,13056821783,11347748025,14.4902,0.175862,average_adult
89a8100c033ffff,89a8100c0a3ffff,13056821783,10893697428,13.2685,0.254424,average_adult
89a8100c033ffff,89a8100c0a7ffff,13056821783,13279443676,17.1379,0.049684,average_adult
89a8100c033ffff,89a8100c0abffff,13056821783,12532715699,13.0871,0.266932,average_adult
89a8100c033ffff,89a8100c0afffff,13056821783,8743696886,10.2302,0.481927,average_adult
89a8100c033ffff,89a8100c0b3ffff,13056821783,5496814858,18.4877,0.014042,average_adult
89a8100c033ffff,89a8100c0bbffff,13056821783,11423871971,16.8479,0.060046,average_adult
89a8100c033ffff,89a8100c1cbffff,13056821783,455607086,18.5752,0.01247,average_adult
89a8100c033ffff,89a8100c1dbffff,13056821783,12902675140,13.633,0.229905,average_adult
89a8100c037ffff,89a8100c023ffff,11347748025,12802775536,11.8482,0.356872,average_adult
89a8100c037ffff,89a8100c027ffff,11347748025,395763938,6.7405,0.744962,average_adult
89a8100c037ffff,89a8100c02fffff,11347748025,12113272478,14.2968,0.187577,average_adult
89a8100c037ffff,89a8100c033ffff,11347748025,13056821783,16.5964,0.069774,average_adult
89a8100c037ffff,89a8100c037ffff,11347748025,11347748025,1.4083,0.987816,average_adult
89a8100c037ffff,89a8100c0a3ffff,11347748025,10893697428,17.9263,0.026293,average_adult
89a8100c037ffff,89a8100c0a7ffff,11347748025,13279443676,11.9979,0.345646,average_adult
89a8100c037ffff,89a8100c0abffff,11347748025,12532715699,18.3793,0.016114,average_adult
89a8100c037ffff,89a8100c0afffff,11347748025,8743696886,10.6255,0.450951,average_adult
89a8100c037ffff,89a8100c0b7ffff,11347748025,11423157638,19.2472,0.003492,average_adult
89a8100c037ffff,89a8100c143ffff,11347748025,617798725,17.3504,0.042684,average_adult
89a8100c037ffff,89a8100c153ffff,11347748025,455606646,14.4486,0.178358,average_adult
89a8100c037ffff,89a8100c15bffff,11347748025,8117389765,16.7765,0.062741,average_adult
89a8100c037ffff,89a8100c1c3ffff,11347748025,13452578280,15.142,0.138649,average_adult
89a8100c037ffff,89a8100c1cbffff,11347748025,455607086,8.8419,0.590454,average_adult
89a8100c037ffff,89a8100c1d3ffff,11347748025,457593231,16.946,0.056438,average_adult
89a8100c037ffff,89a8100c1dbffff,11347748025,12902675140,7.5161,0.690174,average_adult
89a8100c037ffff,89a8100c56bffff,11347748025,11339389942,17.9901,0.024713,average_adult
89a8100c087ffff,89a8100c087ffff,13683468543,13683468543,4.5711,0.876551,average_adult
89a8100c087ffff,89a8100c097ffff,13683468543,85723131,14.6427,0.166838,average_adult
89a8100c087ffff,89a8100c0a3ffff,13683468543,10893697428,15.774,0.10618,average_adult
89a8100c087ffff,89a8100c0b3ffff,13683468543,5496814858,11.5827,0.376973,average_adult
89a8100c087ffff,89a8100c0b7ffff,13683468543,11423157638,17.1424,0.04953,average_adult
89a8100c087ffff,89a8100c0bbffff,13683468543,11423871971,17.3582,0.042437,average_adult
89a8100c087ffff,89a8100c427ffff,13683468543,12986505496,18.9363,0.006963,average_adult
89a8100c087ffff,89a8100c42fffff,13683468543,4293907212,18.5485,0.01294,average_adult
89a8100c087ffff,89a8100c54bffff,13683468543,8944143746,9.3318,0.552387,average_adult
89a8100c087ffff,89a8100c55bffff,13683468543,12697580033,13.411,0.244736,average_adult
89a8100c097ffff,89a8100c087ffff,85723131,13683468543,10.2762,0.478313,average_adult
89a8100c097ffff,89a8100c097ffff,85723131,85723131,3.4173,0.929679,average_adult
89a8100c097ffff,89a8100c0a3ffff,85723131,10893697428,19.6095,0.000941,average_adult
89a8100c097ffff,89a8100c0b3ffff,85723131,5496814858,15.4182,0.124001,average_adult
89a8100c097ffff,89a8100c427ffff,85723131,12986505496,10.095,0.492538,average_adult
89a8100c097ffff,89a8100c42fffff,85723131,4293907212,9.7072,0.52299,average_adult
89a8100c097ffff,89a8100c54bffff,85723131,8944143746,7.6844,0.677885,average_adult
89a8100c097ffff,89a8100c55bffff,85723131,12697580033,9.9975,0.500198,average_adult
89a8100c0a3ffff,89a8100c027ffff,10893697428,395763938,19.5341,0.001338,average_adult
89a8100c0a3ffff,89a8100c033ffff,10893697428,13056821783,11.7716,0.36265,average_adult
89a8100c0a3ffff,89a8100c037ffff,10893697428,11347748025,14.2955,0.187654,average_adult
89a8100c0a3ffff,89a8100c087ffff,10893697428,13683468543,13.8468,0.215929,average_adult
89a8100c0a3ffff,89a8100c0a3ffff,10893697428,10893697428,0.8018,0.99604,average_adult
89a8100c0a3ffff,89a8100c0a7ffff,10893697428,13279443676,10.6097,0.452184,average_adult
89a8100c0a3ffff,89a8100c0abffff,10893697428,12532715699,6.8012,0.740797,average_adult
89a8100c0a3ffff,89a8100c0afffff,10893697428,8743696886,10.1334,0.489523,average_adult
89a8100c0a3ffff,89a8100c0b3ffff,10893697428,5496814858,6.021,0.792555,average_adult
89a8100c0a3ffff,89a8100c0b7ffff,10893697428,11423157638,12.0218,0.343862,average_adult
89a8100c0a3ffff,89a8100c0bbffff,10893697428,11423871971,7.0349,0.724549,average_adult
89a8100c0a3ffff,89a8100c1c3ffff,10893697428,13452578280,17.6063,0.034931,average_adult
89a8100c0a3ffff,89a8100c1cbffff,10893697428,455607086,16.7164,0.065048,average_adult
89a8100c0a3ffff,89a8100c1d3ffff,10893697428,457593231,16.9642,0.055781,average_adult
89a8100c0a3ffff,89a8100c1dbffff,10893697428,12902675140,11.8177,0.359173,average_adult
89a8100c0a3ffff,89a8100c54bffff,10893697428,8944143746,15.3841,0.125773,average_adult
89a8100c0a3ffff,89a8100c54fffff,10893697428,11423253323,16.5469,0.071766,average_adult
89a8100c0a3ffff,89a8100c56bffff,10893697428,11339389942,17.8394,0.02852,average_adult
89a8100c0a3ffff,89a8100c57bffff,10893697428,11350198893,19.4603,0.001796,average_adult
89a8100c0a7ffff,89a8100c027ffff,13279443676,395763938,15.0022,0.146324,average_adult
89a8100c0a7ffff,89a8100c033ffff,13279443676,13056821783,15.9256,0.098955,average_adult
89a8100c0a7ffff,89a8100c037ffff,13279443676,11347748025,9.7636,0.518561,average_adult
89a8100c0a7ffff,89a8100c0a3ffff,13279443676,10893697428,11.3262,0.396594,average_adult
89a8100c0a7ffff,89a8100c0a7ffff,13279443676,13279443676,0.5319,0.998256,average_adult
89a8100c0a7ffff,89a8100c0abffff,13279443676,12532715699,11.7793,0.36207,average_adult
89a8100c0a7ffff,89a8100c0afffff,13279443676,8743696886,8.7234,0.599592,average_adult
89a8100c0a7ffff,89a8100c0b3ffff,13279443676,5496814858,13.7933,0.219392,average_adult
89a8100c0a7ffff,89a8100c0b7ffff,13279443676,11423157638,8.2473,0.635926,average_adult
89a8100c0a7ffff,89a8100c0bbffff,13279443676,11423871971,15.4328,0.123247,average_adult
89a8100c0a7ffff,89a8100c153ffff,13279443676,455606646,19.1842,0.0041,average_adult
89a8100c0a7ffff,89a8100c19bffff,13279443676,2360366546,19.3456,0.002639,average_adult
89a8100c0a7ffff,89a8100c1c3ffff,13279443676,13452578280,11.1488,0.410264,average_adult
89a8100c0a7ffff,89a8100c1c7ffff,13279443676,7292638283,19.4979,0.001554,average_adult
89a8100c0a7ffff,89a8100c1cbffff,13279443676,455607086,10.8476,0.433626,average_adult
89a8100c0a7ffff,89a8100c1d3ffff,13279443676,457593231,7.7277,0.674703,average_adult
89a8100c0a7ffff,89a8100c1d7ffff,13279443676,457566696,15.3199,0.129137,average_adult
89a8100c0a7ffff,89a8100c1dbffff,13279443676,12902675140,6.8842,0.735064,average_adult
89a8100c0a7ffff,89a8100c54fffff,13279443676,11423253323,17.0389,0.053119,average_adult
89a8100c0a7ffff,89a8100c56bffff,13279443676,11339389942,7.9105,0.661177,average_adult
89a8100c0a7ffff,89a8100c56fffff,13279443676,11339389872,14.1171,0.198718,average_adult
89a8100c0a7ffff,89a8100c57bffff,13279443676,11350198893,15.5125,0.11916,average_adult
89a8100c0abffff,89a8100c033ffff,12532715699,13056821783,14.0039,0.205862,average_adult
89a8100c0abffff,89a8100c037ffff,12532715699,11347748025,17.1506,0.049253,average_adult
89a8100c0abffff,89a8100c0a3ffff,12532715699,10893697428,9.1394,0.567384,average_adult
89a8100c0abffff,89a8100c0a7ffff,12532715699,13279443676,13.4648,0.241111,average_adult
89a8100c0abffff,89a8100c0abffff,12532715699,12532715699,2.7039,0.955576,average_adult
89a8100c0abffff,89a8100c0afffff,12532715699,8743696886,13.1847,0.260179,average_adult
89a8100c0abffff,89a8100c0b3ffff,12532715699,5496814858,14.3586,0.183798,average_adult
89a8100c0abffff,89a8100c0b7ffff,12532715699,11423157638,19.4088,0.002155,average_adult
89a8100c0abffff,89a8100c0bbffff,12532715699,11423871971,8.0417,0.651392,average_adult
89a8100c0abffff,89a8100c1cbffff,12532715699,455607086,19.5715,0.001132,average_adult
89a8100c0abffff,89a8100c1d3ffff,12532715699,457593231,19.8193,0.000202,average_adult
89a8100c0abffff,89a8100c1dbffff,12532715699,12902675140,14.6727,0.165081,average_adult
89a8100c0afffff,89a8100c023ffff,8743696886,12802775536,17.4359,0.040009,average_adult
89a8100c0afffff,89a8100c027ffff,8743696886,395763938,13.1481,0.2627,average_adult
89a8100c0afffff,89a8100c033ffff,8743696886,13056821783,11.437,0.388098,average_adult
89a8100c0afffff,89a8100c037ffff,8743696886,11347748025,9.6092,0.530672,average_adult
89a8100c0afffff,89a8100c0a3ffff,8743696886,10893697428,10.8864,0.430608,average_adult
89a8100c0afffff,89a8100c0a7ffff,8743696886,13279443676,9.36,0.550181,average_adult
89a8100c0afffff,89a8100c0abffff,8743696886,12532715699,11.5357,0.380556,average_adult
89a8100c0afffff,89a8100c0afffff,8743696886,8743696886,0.6947,0.997026,average_adult
89a8100c0afffff,89a8100c0b3ffff,8743696886,5496814858,15.8221,0.103861,average_adult
89a8100c0afffff,89a8100c0b7ffff,8743696886,11423157638,13.8795,0.213819,average_adult
89a8100c0afffff,89a8100c0bbffff,8743696886,11423871971,15.1892,0.136098,average_adult
89a8100c0afffff,89a8100c1c3ffff,8743696886,13452578280,16.6408,0.068005,average_adult
89a8100c0afffff,89a8100c1cbffff,8743696886,455607086,13.6942,0.225868,average_adult
89a8100c0afffff,89a8100c1d3ffff,8743696886,457593231,16.3738,0.078942,average_adult
89a8100c0afffff,89a8100c1d7ffff,8743696886,457566696,19.6186,0.000897,average_adult
89a8100c0afffff,89a8100c1dbffff,8743696886,12902675140,8.752,0.597392,average_adult
89a8100c0afffff,89a8100c54fffff,8743696886,11423253323,19.3769,0.002393,average_adult
89a8100c0afffff,89a8100c56bffff,8743696886,11339389942,16.7386,0.064192,average_adult
89a8100c0b3ffff,89a8100c033ffff,5496814858,13056821783,16.4671,0.075037,average_adult
89a8100c0b3ffff,89a8100c037ffff,5496814858,11347748025,18.991,0.006267,average_adult
89a8100c0b3ffff,89a8100c087ffff,5496814858,13683468543,9.1318,0.567981,average_adult
89a8100c0b3ffff,89a8100c097ffff,5496814858,85723131,18.0561,0.023129,average_adult
89a8100c0b3ffff,89a8100c0a3ffff,5496814858,10893697428,5.4973,0.824886,average_adult
89a8100c0b3ffff,89a8100c0a7ffff,5496814858,13279443676,13.1105,0.265305,average_adult
89a8100c0b3ffff,89a8100c0abffff,5496814858,12532715699,11.0818,0.415447,average_adult
89a8100c0b3ffff,89a8100c0afffff,5496814858,8743696886,14.2179,0.19244,average_adult
89a8100c0b3ffff,89a8100c0b3ffff,5496814858,5496814858,1.306,0.989515,average_adult
89a8100c0b3ffff,89a8100c0b7ffff,5496814858,11423157638,7.3068,0.705268,average_adult
89a8100c0b3ffff,89a8100c0bbffff,5496814858,11423871971,7.0815,0.721273,average_adult
89a8100c0b3ffff,89a8100c1d3ffff,5496814858,457593231,19.2144,0.003802,average_adult
89a8100c0b3ffff,89a8100c1dbffff,5496814858,12902675140,16.5131,0.073141,average_adult
89a8100c0b3ffff,89a8100c54bffff,5496814858,8944143746,10.6691,0.447548,average_adult
89a8100c0b3ffff,89a8100c54fffff,5496814858,11423253323,11.8319,0.358099,average_adult
89a8100c0b3ffff,89a8100c55bffff,5496814858,12697580033,16.6404,0.068023,average_adult
89a8100c0b3ffff,89a8100c56bffff,5496814858,11339389942,14.6781,0.164771,average_adult
89a8100c0b3ffff,89a8100c57bffff,5496814858,11350198893,14.7453,0.16087,average_adult
89a8100c0b7ffff,89a8100c033ffff,11423157638,13056821783,19.0302,0.005791,average_adult
89a8100c0b7ffff,89a8100c037ffff,11423157638,11347748025,16.7618,0.063301,average_adult
89a8100c0b7ffff,89a8100c087ffff,11423157638,13683468543,14.3941,0.181648,average_adult
89a8100c0b7ffff,89a8100c0a3ffff,11423157638,10893697428,11.0916,0.414688,average_adult
89a8100c0b7ffff,89a8100c0a7ffff,11423157638,13279443676,8.1979,0.639651,average_adult
89a8100c0b7ffff,89a8100c0abffff,11423157638,12532715699,14.5249,0.173789,average_adult
89a8100c0b7ffff,89a8100c0afffff,11423157638,8743696886,11.7657,0.363096,average_adult
89a8100c0b7ffff,89a8100c0b3ffff,11423157638,5496814858,6.9003,0.733945,average_adult
89a8100c0b7ffff,89a8100c0b7ffff,11423157638,11423157638,1.3542,0.98873,average_adult
89a8100c0b7ffff,89a8100c0bbffff,11423157638,11423871971,12.6758,0.295978,average_adult
89a8100c0b7ffff,89a8100c1c3ffff,11423157638,13452578280,17.2373,0.046347,average_adult
89a8100c0b7ffff,89a8100c1cbffff,11423157638,455607086,18.4969,0.013873,average_adult
89a8100c0b7ffff,89a8100c1d3ffff,11423157638,457593231,13.31,0.251591,average_adult
89a8100c0b7ffff,89a8100c1d7ffff,11423157638,457566696,19.8159,0.000209,average_adult
89a8100c0b7ffff,89a8100c1dbffff,11423157638,12902675140,14.2839,0.188365,average_adult
89a8100c0b7ffff,89a8100c543ffff,11423157638,7721333437,19.3104,0.00293,average_adult
89a8100c0b7ffff,89a8100c547ffff,11423157638,12703971545,15.8936,0.10046,average_adult
89a8100c0b7ffff,89a8100c54bffff,11423157638,8944143746,15.9314,0.098683,average_adult
89a8100c0b7ffff,89a8100c54fffff,11423157638,11423253323,10.1458,0.488546,average_adult
89a8100c0b7ffff,89a8100c56bffff,11423157638,11339389942,9.3733,0.549144,average_adult
89a8100c0b7ffff,89a8100c56fffff,11423157638,11339389872,18.6131,0.011818,average_adult
89a8100c0b7ffff,89a8100c573ffff,11423157638,457593059,18.9269,0.007087,average_adult
89a8100c0b7ffff,89a8100c57bffff,11423157638,11350198893,9.8218,0.513997,average_adult
89a8100c0bbffff,89a8100c033ffff,11423871971,13056821783,16.891,0.058449,average_adult
89a8100c0bbffff,89a8100c037ffff,11423871971,11347748025,19.9197,4e-05,average_adult
89a8100c0bbffff,89a8100c087ffff,11423871971,13683468543,17.6343,0.034128,average_adult
89a8100c0bbffff,89a8100c0a3ffff,11423871971,10893697428,8.9169,0.584658,average_adult
89a8100c0bbffff,89a8100c0a7ffff,11423871971,13279443676,16.234,0.084966,average_adult
89a8100c0bbffff,89a8100c0abffff,11423871971,12532715699,7.2952,0.706102,average_adult
89a8100c0bbffff,89a8100c0afffff,11423871971,8743696886,15.9538,0.097634,average_adult
89a8100c0bbffff,89a8100c0b3ffff,11423871971,5496814858,9.8085,0.515035,average_adult
89a8100c0bbffff,89a8100c0b7ffff,11423871971,11423157638,15.8094,0.104473,average_adult
89a8100c0bbffff,89a8100c0bbffff,11423871971,11423871971,3.1086,0.941567,average_adult
89a8100c0bbffff,89a8100c1dbffff,11423871971,12902675140,17.4419,0.039826,average_adult
89a8100c0bbffff,89a8100c54bffff,11423871971,8944143746,19.1716,0.004227,average_adult
89a8100c103ffff,89a8100c103ffff,11279786965,11279786965,1.3436,0.988906,average_adult
89a8100c103ffff,89a8100c113ffff,11279786965,11418168143,11.2249,0.404392,average_adult
89a8100c103ffff,89a8100c117ffff,11279786965,12572923907,8.8873,0.58695,average_adult
89a8100c103ffff,89a8100c18fffff,11279786965,11298619952,13.1602,0.261865,average_adult
89a8100c103ffff,89a8100c1bbffff,11279786965,11200433380,17.5245,0.037326,average_adult
89a8100c103ffff,89a8100c1c7ffff,11279786965,7292638283,13.6485,0.228876,average_adult
89a8100c103ffff,89a8100c1cfffff,11279786965,13452406589,16.5016,0.073615,average_adult
89a8100c113ffff,89a8100c103ffff,11418168143,11279786965,14.7724,0.159312,average_adult
89a8100c113ffff,89a8100c113ffff,11418168143,11418168143,1.2243,0.990783,average_adult
89a8100c113ffff,89a8100c117ffff,11418168143,12572923907,19.9941,0.0,average_adult
89a8100c113ffff,89a8100c18bffff,11418168143,11399274873,18.0018,0.024429,average_adult
89a8100c113ffff,89a8100c19bffff,11418168143,2360366546,18.8108,0.008698,average_adult
89a8100c113ffff,89a8100c1c7ffff,11418168143,7292638283,10.5186,0.459312,average_adult
89a8100c113ffff,89a8100c1cfffff,11418168143,13452406589,13.3717,0.247397,average_adult
89a8100c113ffff,89a8100c1d7ffff,11418168143,457566696,18.5353,0.013176,average_adult
89a8100c117ffff,89a8100c103ffff,12572923907,11279786965,8.2784,0.633576,average_adult
89a8100c117ffff,89a8100c113ffff,12572923907,11418168143,15.6637,0.111571,average_adult
89a8100c117ffff,89a8100c117ffff,12572923907,12572923907,0.4064,0.998982,average_adult
89a8100c117ffff,89a8100c183ffff,12572923907,11386299646,18.5916,0.012186,average_adult
89a8100c117ffff,89a8100c187ffff,12572923907,13444985140,17.165,0.048763,average_adult
89a8100c117ffff,89a8100c18bffff,12572923907,11399274873,16.1407,0.089095,average_adult
89a8100c117ffff,89a8100c18fffff,12572923907,11298619952,8.891,0.586663,average_adult
89a8100c117ffff,89a8100c19bffff,12572923907,2360366546,19.1172,0.004799,average_adult
89a8100c117ffff,89a8100c1a3ffff,12572923907,12108257609,16.4946,0.073902,average_adult
89a8100c117ffff,89a8100c1abffff,12572923907,4215666672,16.032,0.094021,average_adult
89a8100c117ffff,89a8100c1b3ffff,12572923907,4947783360,17.5635,0.036174,average_adult
89a8100c117ffff,89a8100c1bbffff,12572923907,11200433380,12.6528,0.297627,average_adult
89a8100c117ffff,89a8100c1c7ffff,12572923907,7292638283,18.0874,0.022395,average_adult
89a8100c11bffff,89a8100c11bffff,132331977,132331977,1.0584,0.993105,average_adult
89a8100c11bffff,89a8100c153ffff,132331977,455606646,19.191,0.004032,average_adult
89a8100c11bffff,89a8100c1c3ffff,132331977,13452578280,10.1402,0.488988,average_adult
89a8100c11bffff,89a8100c1c7ffff,132331977,7292638283,18.0455,0.02338,average_adult
89a8100c11bffff,89a8100c1cbffff,132331977,455607086,16.0925,0.091263,average_adult
89a8100c11bffff,89a8100c1cfffff,132331977,13452406589,18.4092,0.015529,average_adult
89a8100c11bffff,89a8100c1d3ffff,132331977,457593231,19.9057,5.5e-05,average_adult
89a8100c11bffff,89a8100c1dbffff,132331977,12902675140,16.2093,0.08605,average_adult
89a8100c143ffff,89a8100c027ffff,617798725,395763938,11.7997,0.360525,average_adult
89a8100c143ffff,89a8100c02fffff,617798725,12113272478,18.2302,0.019196,average_adult
89a8100c143ffff,89a8100c037ffff,617798725,11347748025,19.0846,0.00516,average_adult
89a8100c143ffff,89a8100c143ffff,617798725,617798725,5.1392,0.845739,average_adult
89a8100c143ffff,89a8100c153ffff,617798725,455606646,10.2412,0.481058,average_adult
89a8100c143ffff,89a8100c15bffff,617798725,8117389765,14.9033,0.151858,average_adult
89a8100c143ffff,89a8100c1cbffff,617798725,455607086,18.6873,0.010591,average_adult
89a8100c143ffff,89a8100c1cfffff,617798725,13452406589,15.3337,0.128407,average_adult
89a8100c153ffff,89a8100c023ffff,455606646,12802775536,19.0736,0.005285,average_adult
89a8100c153ffff,89a8100c027ffff,455606646,395763938,7.1279,0.718,average_adult
89a8100c153ffff,89a8100c02fffff,455606646,12113272478,15.4041,0.124731,average_adult
89a8100c153ffff,89a8100c037ffff,455606646,11347748025,14.4127,0.180517,average_adult
89a8100c153ffff,89a8100c143ffff,455606646,617798725,9.3688,0.549489,average_adult
89a8100c153ffff,89a8100c153ffff,455606646,455606646,1.0184,0.993616,average_adult
89a8100c153ffff,89a8100c15bffff,455606646,8117389765,12.0772,0.339738,average_adult
89a8100c153ffff,89a8100c1c3ffff,455606646,13452578280,16.2977,0.082197,average_adult
89a8100c153ffff,89a8100c1c7ffff,455606646,7292638283,16.6664,0.066999,average_adult
89a8100c153ffff,89a8100c1cbffff,455606646,455607086,9.4645,0.542008,average_adult
89a8100c153ffff,89a8100c1cfffff,455606646,13452406589,12.9825,0.274229,average_adult
89a8100c153ffff,89a8100c1d7ffff,455606646,457566696,19.8978,6.4e-05,average_adult
89a8100c153ffff,89a8100c1dbffff,455606646,12902675140,16.1816,0.087272,average_adult
89a8100c157ffff,89a8100c153ffff,13707007279,455606646,15.7061,0.109484,average_adult
89a8100c157ffff,89a8100c157ffff,13707007279,13707007279,1.2484,0.990417,average_adult
89a8100c157ffff,89a8100c1cbffff,13707007279,455607086,18.7542,0.009543,average_adult
89a8100c157ffff,89a8100c1cfffff,13707007279,13452406589,17.3025,0.044218,average_adult
89a8100c15bffff,89a8100c027ffff,8117389765,395763938,10.9242,0.427667,average_adult
89a8100c15bffff,89a8100c02fffff,8117389765,12113272478,8.7399,0.598324,average_adult
89a8100c15bffff,89a8100c037ffff,8117389765,11347748025,17.3999,0.041127,average_adult
89a8100c15bffff,89a8100c143ffff,8117389765,617798725,13.8013,0.218873,average_adult
89a8100c15bffff,89a8100c153ffff,8117389765,455606646,11.7354,0.365385,average_adult
89a8100c15bffff,89a8100c15bffff,8117389765,8117389765,0.3807,0.999106,average_adult
89a8100c183ffff,89a8100c117ffff,11386299646,12572923907,19.0578,0.005467,average_adult
89a8100c183ffff,89a8100c183ffff,11386299646,11386299646,1.5987,0.984318,average_adult
89a8100c183ffff,89a8100c187ffff,11386299646,13444985140,18.5661,0.012629,average_adult
89a8100c183ffff,89a8100c18bffff,11386299646,11399274873,12.1518,0.334195,average_adult
89a8100c183ffff,89a8100c18fffff,11386299646,11298619952,10.5951,0.453328,average_adult
89a8100c183ffff,89a8100c193ffff,11386299646,8652181848,15.5514,0.11719,average_adult
89a8100c183ffff,89a8100c197ffff,11386299646,11298557475,12.1848,0.331758,average_adult
89a8100c183ffff,89a8100c19bffff,11386299646,2360366546,6.6005,0.754487,average_adult
89a8100c183ffff,89a8100c1c7ffff,11386299646,7292638283,14.2001,0.19354,average_adult
89a8100c183ffff,89a8100c1cfffff,11386299646,13452406589,19.7548,0.000371,average_adult
89a8100c183ffff,89a8100c1d7ffff,11386299646,457566696,11.3316,0.39618,average_adult
89a8100c183ffff,89a8100c52fffff,11386299646,11292167922,17.8865,0.027301,average_adult
89a8100c183ffff,89a8100c56fffff,11386299646,11339389872,18.3483,0.016734,average_adult
89a8100c187ffff,89a8100c103ffff,13444985140,11279786965,16.4654,0.075106,average_adult
89a8100c187ffff,89a8100c117ffff,13444985140,12572923907,13.2215,0.257645,average_adult
89a8100c187ffff,89a8100c183ffff,13444985140,11386299646,14.3954,0.181566,average_adult
89a8100c187ffff,89a8100c187ffff,13444985140,13444985140,1.3614,0.988611,average_adult
89a8100c187ffff,89a8100c18bffff,13444985140,11399274873,16.5194,0.072886,average_adult
89a8100c187ffff,89a8100c18fffff,13444985140,11298619952,9.2697,0.557234,average_adult
89a8100c187ffff,89a8100c193ffff,13444985140,8652181848,18.1865,0.02015,average_adult
89a8100c187ffff,89a8100c197ffff,13444985140,11298557475,11.7439,0.364744,average_adult
89a8100c187ffff,89a8100c19bffff,13444985140,2360366546,19.2409,0.00355,average_adult
89a8100c187ffff,89a8100c1a3ffff,13444985140,12108257609,14.4512,0.178201,average_adult
89a8100c187ffff,89a8100c1abffff,13444985140,4215666672,17.0304,0.053418,average_adult
89a8100c187ffff,89a8100c1b3ffff,13444985140,4947783360,8.906,0.585502,average_adult
89a8100c187ffff,89a8100c1b7ffff,13444985140,444959947,16.362,0.079442,average_adult
89a8100c187ffff,89a8100c1bbffff,13444985140,11200433380,10.0489,0.496162,average_adult
89a8100c187ffff,89a8100ea43ffff,13444985140,11287001106,14.6644,0.165565,average_adult
89a8100c187ffff,89a8100ea4bffff,13444985140,11298600034,9.2126,0.561683,average_adult
89a8100c187ffff,89a8100ea4fffff,13444985140,13446021938,13.3834,0.2466,average_adult
89a8100c187ffff,89a8100ea53ffff,13444985140,13449882082,19.5921,0.001026,average_adult
89a8100c187ffff,89a8100ea5bffff,13444985140,11289900012,19.5082,0.001492,average_adult
89a8100c187ffff,89a8100ea7bffff,13444985140,466174576,19.058,0.005463,average_adult
89a8100c18bffff,89a8100c113ffff,11399274873,11418168143,17.6332,0.034159,average_adult
89a8100c18bffff,89a8100c117ffff,11399274873,12572923907,18.2384,0.01902,average_adult
89a8100c18bffff,89a8100c183ffff,11399274873,11386299646,13.3744,0.247209,average_adult
89a8100c18bffff,89a8100c18bffff,11399274873,11399274873,1.35,0.9888,average_adult
89a8100c18bffff,89a8100c18fffff,11399274873,11298619952,9.7758,0.517606,average_adult
89a8100c18bffff,89a8100c19bffff,11399274873,2360366546,6.6179,0.753307,average_adult
89a8100c18bffff,89a8100c1c3ffff,11399274873,13452578280,19.9176,4.2e-05,average_adult
89a8100c18bffff,89a8100c1c7ffff,11399274873,7292638283,8.8769,0.587751,average_adult
89a8100c18bffff,89a8100c1cfffff,11399274873,13452406589,14.4316,0.179378,average_adult
89a8100c18bffff,89a8100c1d3ffff,11399274873,457593231,17.1143,0.050494,average_adult
89a8100c18bffff,89a8100c1d7ffff,11399274873,457566696,7.9465,0.6585,average_adult
89a8100c18bffff,89a8100c1dbffff,11399274873,12902675140,19.8733,9.9e-05,average_adult
89a8100c18bffff,89a8100c56fffff,11399274873,11339389872,14.9632,0.148494,average_adult
89a8100c18fffff,89a8100c103ffff,11298619952,11279786965,13.0067,0.272534,average_adult
89a8100c18fffff,89a8100c113ffff,11298619952,11418168143,19.9879,1e-06,average_adult
89a8100c18fffff,89a8100c117ffff,11298619952,12572923907,10.0419,0.496711,average_adult
89a8100c18fffff,89a8100c183ffff,11298619952,11386299646,11.2799,0.400155,average_adult
89a8100c18fffff,89a8100c187ffff,11298619952,13444985140,13.7188,0.224256,average_adult
89a8100c18fffff,89a8100c18bffff,11298619952,11399274873,8.829,0.591454,average_adult
89a8100c18fffff,89a8100c18fffff,11298619952,11298619952,1.5792,0.984694,average_adult
89a8100c18fffff,89a8100c197ffff,11298619952,11298557475,15.6572,0.111895,average_adult
89a8100c18fffff,89a8100c19bffff,11298619952,2360366546,11.8055,0.360089,average_adult
89a8100c18fffff,89a8100c1a3ffff,11298619952,12108257609,18.6519,0.011168,average_adult
89a8100c18fffff,89a8100c1abffff,11298619952,4215666672,18.1893,0.020088,average_adult
89a8100c18fffff,89a8100c1b3ffff,11298619952,4947783360,19.7208,0.000481,average_adult
89a8100c18fffff,89a8100c1bbffff,11298619952,11200433380,14.8101,0.157146,average_adult
89a8100c18fffff,89a8100c1c7ffff,11298619952,7292638283,16.3559,0.079702,average_adult
89a8100c18fffff,89a8100c1d7ffff,11298619952,457566696,15.4255,0.123624,average_adult
89a8100c193ffff,89a8100c183ffff,8652181848,11386299646,15.9559,0.097536,average_adult
89a8100c193ffff,89a8100c193ffff,8652181848,8652181848,2.0379,0.974599,average_adult
89a8100c193ffff,89a8100c197ffff,8652181848,11298557475,14.9094,0.151515,average_adult
89a8100c193ffff,89a8100c19bffff,8652181848,2360366546,14.821,0.156524,average_adult
89a8100c193ffff,89a8100c1d7ffff,8652181848,457566696,19.9211,3.8e-05,average_adult
89a8100c193ffff,89a8100c523ffff,8652181848,10561374326,19.2525,0.003443,average_adult
89a8100c193ffff,89a8100c52fffff,8652181848,11292167922,16.1858,0.087088,average_adult
89a8100c197ffff,89a8100c117ffff,11298557475,12572923907,18.5779,0.012424,average_adult
89a8100c197ffff,89a8100c183ffff,11298557475,11386299646,7.1439,0.716869,average_adult
89a8100c197ffff,89a8100c187ffff,11298557475,13444985140,11.6807,0.369523,average_adult
89a8100c197ffff,89a8100c18bffff,11298557475,11399274873,14.9489,0.149294,average_adult
89a8100c197ffff,89a8100c18fffff,11298557475,11298619952,10.4345,0.465903,average_adult
89a8100c197ffff,89a8100c193ffff,11298557475,8652181848,9.5135,0.538169,average_adult
89a8100c197ffff,89a8100c197ffff,11298557475,11298557475,0.902,0.99499,average_adult
89a8100c197ffff,89a8100c19bffff,11298557475,2360366546,11.9246,0.351135,average_adult
89a8100c197ffff,89a8100c1a3ffff,11298557475,12108257609,19.162,0.004326,average_adult
89a8100c197ffff,89a8100c1b3ffff,11298557475,4947783360,13.6168,0.230974,average_adult
89a8100c197ffff,89a8100c1bbffff,11298557475,11200433380,15.9932,0.095808,average_adult
89a8100c197ffff,89a8100c1c7ffff,11298557475,7292638283,19.5242,0.001396,average_adult
89a8100c197ffff,89a8100c1d7ffff,11298557475,457566696,16.6557,0.06742,average_adult
89a8100c197ffff,89a8100c523ffff,11298557475,10561374326,19.0128,0.005999,average_adult
89a8100c197ffff,89a8100c527ffff,11298557475,13452330655,15.601,0.114696,average_adult
89a8100c197ffff,89a8100c52bffff,11298557475,9579509671,16.1212,0.089971,average_adult
89a8100c197ffff,89a8100c52fffff,11298557475,11292167922,10.306,0.475973,average_adult
89a8100c197ffff,89a8100ea43ffff,11298557475,11287001106,14.9742,0.14788,average_adult
89a8100c197ffff,89a8100ea4bffff,11298557475,11298600034,9.8663,0.510497,average_adult
89a8100c197ffff,89a8100ea4fffff,11298557475,13446021938,16.9264,0.057151,average_adult
89a8100c197ffff,89a8100ea53ffff,11298557475,13449882082,17.89,0.027213,average_adult
89a8100c197ffff,89a8100ea5bffff,11298557475,11289900012,11.5597,0.378723,average_adult
89a8100c19bffff,89a8100c183ffff,2360366546,11386299646,10.0121,0.499052,average_adult
89a8100c19bffff,89a8100c18bffff,2360366546,11399274873,9.4146,0.545915,average_adult
89a8100c19bffff,89a8100c18fffff,2360366546,11298619952,14.7376,0.161317,average_adult
89a8100c19bffff,89a8100c193ffff,2360366546,8652181848,17.8386,0.02854,average_adult
89a8100c19bffff,89a8100c19bffff,2360366546,2360366546,1.5221,0.985776,average_adult
89a8100c19bffff,89a8100c1c3ffff,2360366546,13452578280,19.0594,0.005448,average_adult
89a8100c19bffff,89a8100c1c7ffff,2360366546,7292638283,11.2563,0.401968,average_adult
89a8100c19bffff,89a8100c1cfffff,2360366546,13452406589,16.811,0.06143,average_adult
89a8100c19bffff,89a8100c1d3ffff,2360366546,457593231,16.2561,0.084001,average_adult
89a8100c19bffff,89a8100c1d7ffff,2360366546,457566696,7.0883,0.720796,average_adult
89a8100c19bffff,89a8100c1dbffff,2360366546,12902675140,19.0151,0.005972,average_adult
89a8100c19bffff,89a8100c52bffff,2360366546,9579509671,19.4349,0.001968,average_adult
89a8100c19bffff,89a8100c567ffff,2360366546,13236665352,17.5455,0.036705,average_adult
89a8100c19bffff,89a8100c56bffff,2360366546,11339389942,19.442,0.00192,average_adult
89a8100c19bffff,89a8100c56fffff,2360366546,11339389872,14.105,0.199474,average_adult
89a8100c1a3ffff,89a8100c103ffff,12108257609,11279786965,19.6801,0.000631,average_adult
89a8100c1a3ffff,89a8100c117ffff,12108257609,12572923907,15.307,0.129815,average_adult
89a8100c1a3ffff,89a8100c187ffff,12108257609,13444985140,16.4876,0.074189,average_adult
89a8100c1a3ffff,89a8100c18fffff,12108257609,11298619952,16.8184,0.061154,average_adult
89a8100c1a3ffff,89a8100c1a3ffff,12108257609,12108257609,0.201,0.999751,average_adult
89a8100c1a3ffff,89a8100c1a7ffff,12108257609,4231980476,7.6558,0.679978,average_adult
89a8100c1a3ffff,89a8100c1abffff,12108257609,4215666672,7.5131,0.690394,average_adult
89a8100c1a3ffff,89a8100c1b3ffff,12108257609,4947783360,8.2192,0.63805,average_adult
89a8100c1a3ffff,89a8100c1b7ffff,12108257609,444959947,7.2146,0.711851,average_adult
89a8100c1a3ffff,89a8100c1bbffff,12108257609,11200433380,14.0591,0.202363,average_adult
89a8100c1a3ffff,89a8100ea43ffff,12108257609,11287001106,18.8565,0.008044,average_adult
89a8100c1a3ffff,89a8100ea47ffff,12108257609,444960068,18.8758,0.007776,average_adult
89a8100c1a3ffff,89a8100ea4bffff,12108257609,11298600034,16.2606,0.083802,average_adult
89a8100c1a3ffff,89a8100ea4fffff,12108257609,13446021938,12.69,0.294958,average_adult
89a8100c1a3ffff,89a8100ea7bffff,12108257609,466174576,13.9236,0.210981,average_adult
89a8100c1a7ffff,89a8100c1a3ffff,4231980476,12108257609,8.157,0.642733,average_adult
89a8100c1a7ffff,89a8100c1a7ffff,4231980476,4231980476,3.1085,0.941569,average_adult
89a8100c1a7ffff,89a8100c1abffff,4231980476,4215666672,15.4691,0.121377,average_adult
89a8100c1a7ffff,89a8100c1b3ffff,4231980476,4947783360,15.286,0.130925,average_adult
89a8100c1a7ffff,89a8100c1b7ffff,4231980476,444959947,8.795,0.594079,average_adult
89a8100c1a7ffff,89a8100ea4fffff,4231980476,13446021938,19.3122,0.002915,average_adult
89a8100c1a7ffff,89a8100ea6bffff,4231980476,11237359275,18.4743,0.014291,average_adult
89a8100c1a7ffff,89a8100ea7bffff,4231980476,466174576,12.7042,0.29394,average_adult
89a8100c1abffff,89a8100c103ffff,4215666672,11279786965,17.7883,0.029872,average_adult
89a8100c1abffff,89a8100c117ffff,4215666672,12572923907,13.4152,0.244451,average_adult
89a8100c1abffff,89a8100c18fffff,4215666672,11298619952,15.0537,0.143478,average_adult
89a8100c1abffff,89a8100c1a3ffff,4215666672,12108257609,6.6182,0.753289,average_adult
89a8100c1abffff,89a8100c1a7ffff,4215666672,4231980476,13.8789,0.213857,average_adult
89a8100c1abffff,89a8100c1abffff,4215666672,4215666672,2.901,0.94898,average_adult
89a8100c1abffff,89a8100c1b3ffff,4215666672,4947783360,12.1264,0.33608,average_adult
89a8100c1abffff,89a8100c1b7ffff,4215666672,444959947,12.8408,0.284218,average_adult
89a8100c1abffff,89a8100c1bbffff,4215666672,11200433380,14.964,0.148454,average_adult
89a8100c1abffff,89a8100ea4fffff,4215666672,13446021938,18.0403,0.023503,average_adult
89a8100c1abffff,89a8100ea7bffff,4215666672,466174576,19.5498,0.00125,average_adult
89a8100c1b3ffff,89a8100c103ffff,4947783360,11279786965,17.8387,0.02854,average_adult
89a8100c1b3ffff,89a8100c117ffff,4947783360,12572923907,13.6357,0.229727,average_adult
89a8100c1b3ffff,89a8100c187ffff,4947783360,13444985140,10.9937,0.422275,average_adult
89a8100c1b3ffff,89a8100c18fffff,4947783360,11298619952,14.5717,0.171016,average_adult
89a8100c1b3ffff,89a8100c197ffff,4947783360,11298557475,16.0409,0.093613,average_adult
89a8100c1b3ffff,89a8100c1a3ffff,4947783360,12108257609,8.6899,0.602172,average_adult
89a8100c1b3ffff,89a8100c1a7ffff,4947783360,4231980476,14.4835,0.176265,average_adult
89a8100c1b3ffff,89a8100c1abffff,4947783360,4215666672,11.9781,0.347132,average_adult
89a8100c1b3ffff,89a8100c1b3ffff,4947783360,4947783360,0.6304,0.997551,average_adult
89a8100c1b3ffff,89a8100c1b7ffff,4947783360,444959947,10.6007,0.452889,average_adult
89a8100c1b3ffff,89a8100c1bbffff,4947783360,11200433380,8.5652,0.61174,average_adult
89a8100c1b3ffff,89a8100ea43ffff,4947783360,11287001106,15.2529,0.132684,average_adult
89a8100c1b3ffff,89a8100ea47ffff,4947783360,444960068,19.6074,0.00095,average_adult
89a8100c1b3ffff,89a8100ea4bffff,4947783360,11298600034,11.9415,0.349871,average_adult
89a8100c1b3ffff,89a8100ea4fffff,4947783360,13446021938,12.488,0.309528,average_adult
89a8100c1b3ffff,89a8100ea7bffff,4947783360,466174576,17.2891,0.044651,average_adult
89a8100c1b7ffff,89a8100c1a3ffff,444959947,12108257609,10.9546,0.425306,average_adult
89a8100c1b7ffff,89a8100c1a7ffff,444959947,4231980476,11.0476,0.41809,average_adult
89a8100c1b7ffff,89a8100c1abffff,444959947,4215666672,17.96,0.025451,average_adult
89a8100c1b7ffff,89a8100c1b3ffff,444959947,4947783360,13.6559,0.228388,average_adult
89a8100c1b7ffff,89a8100c1b7ffff,444959947,444959947,0.2182,0.999706,average_adult
89a8100c1b7ffff,89a8100c1bbffff,444959947,11200433380,19.4959,0.001567,average_adult
89a8100c1b7ffff,89a8100ea47ffff,444959947,444960068,15.7599,0.10686,average_adult
89a8100c1b7ffff,89a8100ea4fffff,444959947,13446021938,16.2261,0.085309,average_adult
89a8100c1b7ffff,89a8100ea63ffff,444959947,7306551848,19.989,1e-06,average_adult
89a8100c1b7ffff,89a8100ea6bffff,444959947,11237359275,13.1126,0.265158,average_adult
89a8100c1b7ffff,89a8100ea7bffff,444959947,466174576,6.9273,0.73207,average_adult
89a8100c1bbffff,89a8100c103ffff,11200433380,11279786965,15.1024,0.140807,average_adult
89a8100c1bbffff,89a8100c117ffff,11200433380,12572923907,10.8994,0.429598,average_adult
89a8100c1bbffff,89a8100c187ffff,11200433380,13444985140,12.8193,0.285741,average_adult
89a8100c1bbffff,89a8100c18bffff,11200433380,11399274873,19.0851,0.005154,average_adult
89a8100c1bbffff,89a8100c18fffff,11200433380,11298619952,11.8354,0.357838,average_adult
89a8100c1bbffff,89a8100c197ffff,11200433380,11298557475,19.8903,7.4e-05,average_adult
89a8100c1bbffff,89a8100c1a3ffff,11200433380,12108257609,15.6056,0.114462,average_adult
89a8100c1bbffff,89a8100c1abffff,11200433380,4215666672,15.143,0.138594,average_adult
89a8100c1bbffff,89a8100c1b3ffff,11200433380,4947783360,10.4355,0.465822,average_adult
89a8100c1bbffff,89a8100c1b7ffff,11200433380,444959947,17.6944,0.032434,average_adult
89a8100c1bbffff,89a8100c1bbffff,11200433380,11200433380,0.2777,0.999524,average_adult
89a8100c1bbffff,89a8100ea43ffff,11200433380,11287001106,19.579,0.001093,average_adult
89a8100c1bbffff,89a8100ea4bffff,11200433380,11298600034,16.2675,0.083503,average_adult
89a8100c1bbffff,89a8100ea4fffff,11200433380,13446021938,17.6253,0.034385,average_adult
89a8100c1c3ffff,89a8100c027ffff,13452578280,395763938,17.753,0.030824,average_adult
89a8100c1c3ffff,89a8100c037ffff,13452578280,11347748025,12.7516,0.290556,average_adult
89a8100c1c3ffff,89a8100c0a3ffff,13452578280,10893697428,19.6039,0.000967,average_adult
89a8100c1c3ffff,89a8100c0a7ffff,13452578280,13279443676,12.346,0.319889,average_adult
89a8100c1c3ffff,89a8100c0afffff,13452578280,8743696886,15.5474,0.11739,average_adult
89a8100c1c3ffff,89a8100c0b7ffff,13452578280,11423157638,19.7171,0.000494,average_adult
89a8100c1c3ffff,89a8100c11bffff,13452578280,132331977,13.2431,0.256165,average_adult
89a8100c1c3ffff,89a8100c153ffff,13452578280,455606646,13.3927,0.245974,average_adult
89a8100c1c3ffff,89a8100c18bffff,13452578280,11399274873,19.3545,0.002568,average_adult
89a8100c1c3ffff,89a8100c19bffff,13452578280,2360366546,15.9996,0.095511,average_adult
89a8100c1c3ffff,89a8100c1c3ffff,13452578280,13452578280,0.1604,0.999841,average_adult
89a8100c1c3ffff,89a8100c1c7ffff,13452578280,7292638283,12.2472,0.32715,average_adult
89a8100c1c3ffff,89a8100c1cbffff,13452578280,455607086,7.289,0.706544,average_adult
89a8100c1c3ffff,89a8100c1cfffff,13452578280,13452406589,12.6109,0.300639,average_adult
89a8100c1c3ffff,89a8100c1d3ffff,13452578280,457593231,11.1021,0.41387,average_adult
89a8100c1c3ffff,89a8100c1d7ffff,13452578280,457566696,11.9739,0.347446,average_adult
89a8100c1c3ffff,89a8100c1dbffff,13452578280,12902675140,7.4058,0.698159,average_adult
89a8100c1c3ffff,89a8100c56bffff,13452578280,11339389942,14.2881,0.188112,average_adult
89a8100c1c3ffff,89a8100c56fffff,13452578280,11339389872,17.4915,0.038315,average_adult
89a8100c1c7ffff,89a8100c103ffff,7292638283,11279786965,19.3122,0.002915,average_adult
89a8100c1c7ffff,89a8100c113ffff,7292638283,11418168143,12.6191,0.300047,average_adult
89a8100c1c7ffff,89a8100c143ffff,7292638283,617798725,19.2588,0.003385,average_adult
89a8100c1c7ffff,89a8100c153ffff,7292638283,455606646,15.5006,0.119767,average_adult
89a8100c1c7ffff,89a8100c183ffff,7292638283,11386299646,17.053,0.052622,average_adult
89a8100c1c7ffff,89a8100c18bffff,7292638283,11399274873,11.4808,0.384741,average_adult
89a8100c1c7ffff,89a8100c18fffff,7292638283,11298619952,19.9066,5.4e-05,average_adult
89a8100c1c7ffff,89a8100c19bffff,7292638283,2360366546,9.5767,0.533222,average_adult
89a8100c1c7ffff,89a8100c1c3ffff,7292638283,13452578280,14.7359,0.161411,average_adult
89a8100c1c7ffff,89a8100c1c7ffff,7292638283,7292638283,0.3183,0.999375,average_adult
89a8100c1c7ffff,89a8100c1cbffff,7292638283,455607086,17.1436,0.049489,average_adult
89a8100c1c7ffff,89a8100c1cfffff,7292638283,13452406589,7.863,0.664707,average_adult
89a8100c1c7ffff,89a8100c1d3ffff,7292638283,457593231,17.2838,0.044824,average_adult
89a8100c1c7ffff,89a8100c1d7ffff,7292638283,457566696,9.3012,0.554776,average_adult
89a8100c1c7ffff,89a8100c1dbffff,7292638283,12902675140,17.5442,0.036743,average_adult
89a8100c1c7ffff,89a8100c56fffff,7292638283,11339389872,16.3179,0.081326,average_adult
89a8100c1cbffff,89a8100c023ffff,455607086,12802775536,18.767,0.009349,average_adult
89a8100c1cbffff,89a8100c027ffff,455607086,395763938,13.6593,0.228167,average_adult
89a8100c1cbffff,89a8100c037ffff,455607086,11347748025,8.6579,0.604627,average_adult
89a8100c1cbffff,89a8100c0a7ffff,455607086,13279443676,14.693,0.163898,average_adult
89a8100c1cbffff,89a8100c0afffff,455607086,8743696886,16.0638,0.092568,average_adult
89a8100c1cbffff,89a8100c143ffff,455607086,617798725,19.7462,0.000397,average_adult
89a8100c1cbffff,89a8100c153ffff,455607086,455606646,11.3958,0.391252,average_adult
89a8100c1cbffff,89a8100c1c3ffff,455607086,13452578280,10.051,0.495997,average_adult
89a8100c1cbffff,89a8100c1c7ffff,455607086,7292638283,17.8801,0.027465,average_adult
89a8100c1cbffff,89a8100c1cbffff,455607086,455607086,2.2701,0.968546,average_adult
89a8100c1cbffff,89a8100c1cfffff,455607086,13452406589,16.8905,0.058467,average_adult
89a8100c1cbffff,89a8100c1d3ffff,455607086,457593231,15.3963,0.125136,average_adult
89a8100c1cbffff,89a8100c1d7ffff,455607086,457566696,17.3088,0.044015,average_adult
89a8100c1cbffff,89a8100c1dbffff,455607086,12902675140,8.9873,0.579205,average_adult
89a8100c1cbffff,89a8100c56bffff,455607086,11339389942,18.5822,0.012348,average_adult
89a8100c1cfffff,89a8100c027ffff,13452406589,395763938,15.4001,0.12494,average_adult
89a8100c1cfffff,89a8100c113ffff,13452406589,11418168143,15.4197,0.123924,average_adult
89a8100c1cfffff,89a8100c143ffff,13452406589,617798725,12.6411,0.298469,average_adult
89a8100c1cfffff,89a8100c153ffff,13452406589,455606646,11.8594,0.356032,average_adult
89a8100c1cfffff,89a8100c18bffff,13452406589,11399274873,16.2857,0.082715,average_adult
89a8100c1cfffff,89a8100c19bffff,13452406589,2360366546,15.2396,0.133394,average_adult
89a8100c1cfffff,89a8100c1c3ffff,13452406589,13452578280,14.0771,0.201229,average_adult
89a8100c1cfffff,89a8100c1c7ffff,13452406589,7292638283,6.9474,0.730665,average_adult
89a8100c1cfffff,89a8100c1cbffff,13452406589,455607086,14.2697,0.189237,average_adult
89a8100c1cfffff,89a8100c1cfffff,13452406589,13452406589,1.2452,0.990466,average_adult
89a8100c1cfffff,89a8100c1d3ffff,13452406589,457593231,19.7724,0.00032,average_adult
89a8100c1cfffff,89a8100c1d7ffff,13452406589,457566696,14.9252,0.150625,average_adult
89a8100c1cfffff,89a8100c1dbffff,13452406589,12902675140,18.8278,0.008452,average_adult
89a8100c1d3ffff,89a8100c027ffff,457593231,395763938,19.8977,6.5e-05,average_adult
89a8100c1d3ffff,89a8100c037ffff,457593231,11347748025,14.6591,0.165875,average_adult
89a8100c1d3ffff,89a8100c0a3ffff,457593231,10893697428,18.3867,0.015969,average_adult
89a8100c1d3ffff,89a8100c0a7ffff,457593231,13279443676,8.2249,0.637616,average_adult
89a8100c1d3ffff,89a8100c0abffff,457593231,12532715699,18.8398,0.00828,average_adult
89a8100c1d3ffff,89a8100c0afffff,457593231,8743696886,15.9075,0.099806,average_adult
89a8100c1d3ffff,89a8100c0b3ffff,457593231,5496814858,18.8886,0.0076,average_adult
89a8100c1d3ffff,89a8100c0b7ffff,457593231,11423157638,13.9507,0.209248,average_adult
89a8100c1d3ffff,89a8100c153ffff,457593231,455606646,19.1545,0.004403,average_adult
89a8100c1d3ffff,89a8100c18bffff,457593231,11399274873,16.3286,0.080868,average_adult
89a8100c1d3ffff,89a8100c19bffff,457593231,2360366546,12.9737,0.274849,average_adult
89a8100c1d3ffff,89a8100c1c3ffff,457593231,13452578280,10.4022,0.468434,average_adult
89a8100c1d3ffff,89a8100c1c7ffff,457593231,7292638283,13.5053,0.238398,average_adult
89a8100c1d3ffff,89a8100c1cbffff,457593231,455607086,12.0488,0.341849,average_adult
89a8100c1d3ffff,89a8100c1cfffff,457593231,13452406589,16.3748,0.078899,average_adult
89a8100c1d3ffff,89a8100c1d3ffff,457593231,457593231,1.3558,0.988704,average_adult
89a8100c1d3ffff,89a8100c1d7ffff,457593231,457566696,8.948,0.582252,average_adult
89a8100c1d3ffff,89a8100c1dbffff,457593231,12902675140,8.8024,0.593502,average_adult
89a8100c1d3ffff,89a8100c563ffff,457593231,13452726650,18.6766,0.010765,average_adult
89a8100c1d3ffff,89a8100c56bffff,457593231,11339389942,4.5417,0.878069,average_adult
89a8100c1d3ffff,89a8100c56fffff,457593231,11339389872,7.7452,0.673414,average_adult
89a8100c1d3ffff,89a8100c57bffff,457593231,11350198893,14.2699,0.189228,average_adult
89a8100c1d7ffff,89a8100c037ffff,457566696,11347748025,18.4147,0.015423,average_adult
89a8100c1d7ffff,89a8100c0a7ffff,457566696,13279443676,16.6681,0.066931,average_adult
89a8100c1d7ffff,89a8100c0afffff,457566696,8743696886,19.1335,0.004624,average_adult
89a8100c1d7ffff,89a8100c113ffff,457566696,11418168143,18.9841,0.006352,average_adult
89a8100c1d7ffff,89a8100c153ffff,457566696,455606646,16.3916,0.078191,average_adult
89a8100c1d7ffff,89a8100c183ffff,457566696,11386299646,12.6316,0.299153,average_adult
89a8100c1d7ffff,89a8100c18bffff,457566696,11399274873,8.0118,0.653627,average_adult
89a8100c1d7ffff,89a8100c18fffff,457566696,11298619952,16.4376,0.076261,average_adult
89a8100c1d7ffff,89a8100c19bffff,457566696,2360366546,4.6569,0.872085,average_adult
89a8100c1d7ffff,89a8100c1c3ffff,457566696,13452578280,12.6023,0.301261,average_adult
89a8100c1d7ffff,89a8100c1c7ffff,457566696,7292638283,7.7153,0.67561,average_adult
89a8100c1d7ffff,89a8100c1cbffff,457566696,455607086,15.1752,0.13685,average_adult
89a8100c1d7ffff,89a8100c1cfffff,457566696,13452406589,13.6119,0.231298,average_adult
89a8100c1d7ffff,89a8100c1d3ffff,457566696,457593231,9.799,0.515787,average_adult
89a8100c1d7ffff,89a8100c1d7ffff,457566696,457566696,0.6312,0.997545,average_adult
89a8100c1d7ffff,89a8100c1dbffff,457566696,12902675140,12.558,0.304459,average_adult
89a8100c1d7ffff,89a8100c563ffff,457566696,13452726650,18.5793,0.012398,average_adult
89a8100c1d7ffff,89a8100c567ffff,457566696,13236665352,19.9888,1e-06,average_adult
89a8100c1d7ffff,89a8100c56bffff,457566696,11339389942,12.9849,0.274064,average_adult
89a8100c1d7ffff,89a8100c56fffff,457566696,11339389872,7.6479,0.680558,average_adult
89a8100c1dbffff,89a8100c023ffff,12902675140,12802775536,18.0254,0.023858,average_adult
89a8100c1dbffff,89a8100c027ffff,12902675140,395763938,12.9177,0.278781,average_adult
89a8100c1dbffff,89a8100c033ffff,12902675140,13056821783,16.1012,0.090871,average_adult
89a8100c1dbffff,89a8100c037ffff,12902675140,11347748025,7.6791,0.67827,average_adult
89a8100c1dbffff,89a8100c0a3ffff,12902675140,10893697428,15.7407,0.107794,average_adult
89a8100c1dbffff,89a8100c0a7ffff,12902675140,13279443676,9.6998,0.523569,average_adult
89a8100c1dbffff,89a8100c0abffff,12902675140,12532715699,16.1938,0.086734,average_adult
89a8100c1dbffff,89a8100c0afffff,12902675140,8743696886,10.1303,0.489763,average_adult
89a8100c1dbffff,89a8100c0b7ffff,12902675140,11423157638,16.9491,0.056327,average_adult
89a8100c1dbffff,89a8100c0bbffff,12902675140,11423871971,19.8473,0.000144,average_adult
89a8100c1dbffff,89a8100c153ffff,12902675140,455606646,17.249,0.04596,average_adult
89a8100c1dbffff,89a8100c19bffff,12902675140,2360366546,18.536,0.013162,average_adult
89a8100c1dbffff,89a8100c1c3ffff,12902675140,13452578280,9.8893,0.508696,average_adult
89a8100c1dbffff,89a8100c1c7ffff,12902675140,7292638283,18.5936,0.012152,average_adult
89a8100c1dbffff,89a8100c1cbffff,12902675140,455607086,8.9125,0.585,average_adult
89a8100c1dbffff,89a8100c1d3ffff,12902675140,457593231,12.0746,0.339931,average_adult
89a8100c1dbffff,89a8100c1d7ffff,12902675140,457566696,14.5103,0.174662,average_adult
89a8100c1dbffff,89a8100c1dbffff,12902675140,12902675140,0.1227,0.999907,average_adult
89a8100c1dbffff,89a8100c56bffff,12902675140,11339389942,15.2605,0.13228,average_adult
89a8100c1dbffff,89a8100c56fffff,12902675140,11339389872,18.464,0.014483,average_adult
89a8100c423ffff,89a8100c423ffff,4293874117,4293874117,2.1869,0.970788,average_adult
89a8100c423ffff,89a8100c427ffff,4293874117,12986505496,16.6083,0.069296,average_adult
89a8100c423ffff,89a8100c433ffff,4293874117,12915349506,19.5977,0.000998,average_adult
89a8100c423ffff,89a8100c437ffff,4293874117,12941702505,11.3913,0.391594,average_adult
89a8100c423ffff,89a8100c4afffff,4293874117,12996381317,18.4807,0.014171,average_adult
89a8100c427ffff,89a8100c087ffff,12986505496,13683468543,16.5265,0.072594,average_adult
89a8100c427ffff,89a8100c097ffff,12986505496,85723131,10.9595,0.424928,average_adult
89a8100c427ffff,89a8100c423ffff,12986505496,4293874117,14.4517,0.17817,average_adult
89a8100c427ffff,89a8100c427ffff,12986505496,12986505496,0.4984,0.998469,average_adult
89a8100c427ffff,89a8100c42fffff,12986505496,4293907212,11.6632,0.370851,average_adult
89a8100c427ffff,89a8100c437ffff,12986505496,12941702505,11.9666,0.347985,average_adult
89a8100c427ffff,89a8100c4afffff,12986505496,12996381317,16.2083,0.086092,average_adult
89a8100c427ffff,89a8100c54bffff,12986505496,8944143746,13.9147,0.211555,average_adult
89a8100c427ffff,89a8100c553ffff,12986505496,12227887010,18.0582,0.023079,average_adult
89a8100c427ffff,89a8100c55bffff,12986505496,12697580033,14.7884,0.158394,average_adult
89a8100c427ffff,89a8100c5cbffff,12986505496,13037844868,15.6919,0.110184,average_adult
89a8100c427ffff,89a8100c5dbffff,12986505496,12535296158,18.4121,0.015473,average_adult
89a8100c42fffff,89a8100c087ffff,4293907212,13683468543,14.1612,0.195959,average_adult
89a8100c42fffff,89a8100c097ffff,4293907212,85723131,8.5941,0.609521,average_adult
89a8100c42fffff,89a8100c0b3ffff,4293907212,5496814858,19.1191,0.004779,average_adult
89a8100c42fffff,89a8100c427ffff,4293907212,12986505496,9.6857,0.524671,average_adult
89a8100c42fffff,89a8100c42fffff,4293907212,4293907212,3.1934,0.938401,average_adult
89a8100c42fffff,89a8100c54bffff,4293907212,8944143746,11.5493,0.379512,average_adult
89a8100c42fffff,89a8100c55bffff,4293907212,12697580033,12.423,0.314257,average_adult
89a8100c433ffff,89a8100c423ffff,12915349506,4293874117,16.144,0.088949,average_adult
89a8100c433ffff,89a8100c433ffff,12915349506,12915349506,2.306,0.967557,average_adult
89a8100c433ffff,89a8100c437ffff,12915349506,12941702505,14.296,0.187623,average_adult
89a8100c433ffff,89a8100c4a3ffff,12915349506,12904007453,15.7027,0.109652,average_adult
89a8100c433ffff,89a8100c4a7ffff,12915349506,12889670101,18.9877,0.006308,average_adult
89a8100c433ffff,89a8100c4abffff,12915349506,12882458116,13.0937,0.26647,average_adult
89a8100c433ffff,89a8100c4afffff,12915349506,12996381317,9.9007,0.507797,average_adult
89a8100c433ffff,89a8100c5dbffff,12915349506,12535296158,19.8264,0.000186,average_adult
89a8100c437ffff,89a8100c423ffff,12941702505,4293874117,6.7569,0.743836,average_adult
89a8100c437ffff,89a8100c427ffff,12941702505,12986505496,9.8958,0.508186,average_adult
89a8100c437ffff,89a8100c433ffff,12941702505,12915349506,12.7383,0.291503,average_adult
89a8100c437ffff,89a8100c437ffff,12941702505,12941702505,1.5816,0.98465,average_adult
89a8100c437ffff,89a8100c4a3ffff,12941702505,12904007453,17.2545,0.045781,average_adult
89a8100c437ffff,89a8100c4a7ffff,12941702505,12889670101,16.443,0.076037,average_adult
89a8100c437ffff,89a8100c4abffff,12941702505,12882458116,14.8144,0.156903,average_adult
89a8100c437ffff,89a8100c4afffff,12941702505,12996381317,10.6349,0.45022,average_adult
89a8100c437ffff,89a8100c553ffff,12941702505,12227887010,19.4171,0.002095,average_adult
89a8100c437ffff,89a8100c5cbffff,12941702505,13037844868,17.0508,0.052701,average_adult
89a8100c437ffff,89a8100c5d3ffff,12941702505,1097971350,18.5469,0.012968,average_adult
89a8100c437ffff,89a8100c5dbffff,12941702505,12535296158,13.2225,0.257579,average_adult
89a8100c4a3ffff,89a8100c423ffff,12904007453,4293874117,18.2251,0.019306,average_adult
89a8100c4a3ffff,89a8100c427ffff,12904007453,12986505496,19.6589,0.000717,average_adult
89a8100c4a3ffff,89a8100c433ffff,12904007453,12915349506,13.156,0.262159,average_adult
89a8100c4a3ffff,89a8100c437ffff,12904007453,12941702505,16.1523,0.088579,average_adult
89a8100c4a3ffff,89a8100c4a3ffff,12904007453,12904007453,0.6843,0.997114,average_adult
89a8100c4a3ffff,89a8100c4a7ffff,12904007453,12889670101,7.1501,0.716426,average_adult
89a8100c4a3ffff,89a8100c4abffff,12904007453,12882458116,5.8651,0.802395,average_adult
89a8100c4a3ffff,89a8100c4afffff,12904007453,12996381317,9.0928,0.571014,average_adult
89a8100c4a3ffff,89a8100c4b3ffff,12904007453,12903985491,6.5839,0.755609,average_adult
89a8100c4a3ffff,89a8100c4b7ffff,12904007453,387095770,5.6559,0.815314,average_adult
89a8100c4a3ffff,89a8100c4bbffff,12904007453,12338340955,6.5531,0.757683,average_adult
89a8100c4a3ffff,89a8100c5d3ffff,12904007453,1097971350,19.3906,0.002289,average_adult
89a8100c4a3ffff,89a8100c5dbffff,12904007453,12535296158,14.0661,0.201922,average_adult
89a8100c4a7ffff,89a8100c433ffff,12889670101,12915349506,19.2399,0.003559,average_adult
89a8100c4a7ffff,89a8100c437ffff,12889670101,12941702505,16.4962,0.073836,average_adult
89a8100c4a7ffff,89a8100c4a3ffff,12889670101,12904007453,8.4957,0.617054,average_adult
89a8100c4a7ffff,89a8100c4a7ffff,12889670101,12889670101,0.8178,0.995881,average_adult
89a8100c4a7ffff,89a8100c4abffff,12889670101,12882458116,13.3595,0.248222,average_adult
89a8100c4a7ffff,89a8100c4afffff,12889670101,12996381317,10.0318,0.497504,average_adult
89a8100c4a7ffff,89a8100c4b3ffff,12889670101,12903985491,10.9785,0.423449,average_adult
89a8100c4a7ffff,89a8100c4b7ffff,12889670101,387095770,7.5078,0.690776,average_adult
89a8100c4a7ffff,89a8100c4bbffff,12889670101,12338340955,14.3645,0.183442,average_adult
89a8100c4a7ffff,89a8100c5d3ffff,12889670101,1097971350,19.7345,0.000435,average_adult
89a8100c4a7ffff,89a8100c5dbffff,12889670101,12535296158,14.4101,0.180679,average_adult
89a8100c4abffff,89a8100c423ffff,12882458116,4293874117,17.5669,0.036076,average_adult
89a8100c4abffff,89a8100c433ffff,12882458116,12915349506,12.4977,0.308825,average_adult
89a8100c4abffff,89a8100c437ffff,12882458116,12941702505,15.7189,0.108858,average_adult
89a8100c4abffff,89a8100c4a3ffff,12882458116,12904007453,7.4091,0.697921,average_adult
89a8100c4abffff,89a8100c4a7ffff,12882458116,12889670101,13.5032,0.238534,average_adult
89a8100c4abffff,89a8100c4abffff,12882458116,12882458116,1.6027,0.984239,average_adult
89a8100c4abffff,89a8100c4afffff,12882458116,12996381317,10.0795,0.493757,average_adult
89a8100c4abffff,89a8100c4b3ffff,12882458116,12903985491,13.3087,0.25168,average_adult
89a8100c4abffff,89a8100c4b7ffff,12882458116,387095770,12.1832,0.331874,average_adult
89a8100c4abffff,89a8100c4bbffff,12882458116,12338340955,11.7494,0.364326,average_adult
89a8100c4abffff,89a8100c5dbffff,12882458116,12535296158,19.1426,0.004528,average_adult
89a8100c4afffff,89a8100c423ffff,12996381317,4293874117,15.3247,0.12888,average_adult
89a8100c4afffff,89a8100c427ffff,12996381317,12986505496,14.1376,0.197434,average_adult
89a8100c4afffff,89a8100c433ffff,12996381317,12915349506,10.2556,0.479933,average_adult
89a8100c4afffff,89a8100c437ffff,12996381317,12941702505,10.6309,0.450528,average_adult
89a8100c4afffff,89a8100c4a3ffff,12996381317,12904007453,9.6882,0.524481,average_adult
89a8100c4afffff,89a8100c4a7ffff,12996381317,12889670101,9.6926,0.524136,average_adult
89a8100c4afffff,89a8100c4abffff,12996381317,12882458116,10.791,0.438037,average_adult
89a8100c4afffff,89a8100c4afffff,12996381317,12996381317,0.6056,0.99774,average_adult
89a8100c4afffff,89a8100c4b3ffff,12996381317,12903985491,15.3196,0.129151,average_adult
89a8100c4afffff,89a8100c4b7ffff,12996381317,387095770,13.9783,0.207489,average_adult
89a8100c4afffff,89a8100c4bbffff,12996381317,12338340955,14.4005,0.181258,average_adult
89a8100c4afffff,89a8100c5c3ffff,12996381317,303868171,18.7813,0.009134,average_adult
89a8100c4afffff,89a8100c5d3ffff,12996381317,1097971350,15.8557,0.102256,average_adult
89a8100c4afffff,89a8100c5dbffff,12996381317,12535296158,10.5313,0.458322,average_adult
89a8100c4afffff,89a8100e36bffff,12996381317,389063054,18.5717,0.012531,average_adult
89a8100c4afffff,89a8100e36fffff,12996381317,389063008,18.6529,0.011152,average_adult
89a8100c4b3ffff,89a8100c4a3ffff,12903985491,12904007453,8.4873,0.617691,average_adult
89a8100c4b3ffff,89a8100c4a7ffff,12903985491,12889670101,11.0885,0.414925,average_adult
89a8100c4b3ffff,89a8100c4abffff,12903985491,12882458116,13.6682,0.227581,average_adult
89a8100c4b3ffff,89a8100c4afffff,12903985491,12996381317,16.8958,0.058272,average_adult
89a8100c4b3ffff,89a8100c4b3ffff,12903985491,12903985491,3.0578,0.943426,average_adult
89a8100c4b3ffff,89a8100c4b7ffff,12903985491,387095770,8.3539,0.627846,average_adult
89a8100c4b3ffff,89a8100c4bbffff,12903985491,12338340955,14.3561,0.183949,average_adult
89a8100c4b7ffff,89a8100c433ffff,387095770,12915349506,19.4506,0.001861,average_adult
89a8100c4b7ffff,89a8100c4a3ffff,387095770,12904007453,7.1002,0.719952,average_adult
89a8100c4b7ffff,89a8100c4a7ffff,387095770,12889670101,7.571,0.686179,average_adult
89a8100c4b7ffff,89a8100c4abffff,387095770,12882458116,12.1598,0.333605,average_adult
89a8100c4b7ffff,89a8100c4afffff,387095770,12996381317,15.0787,0.142102,average_adult
89a8100c4b7ffff,89a8100c4b3ffff,387095770,12903985491,8.3071,0.631395,average_adult
89a8100c4b7ffff,89a8100c4b7ffff,387095770,387095770,1.3323,0.989091,average_adult
89a8100c4b7ffff,89a8100c4bbffff,387095770,12338340955,12.9691,0.275172,average_adult
89a8100c4b7ffff,89a8100c5dbffff,387095770,12535296158,19.457,0.001818,average_adult
89a8100c4bbffff,89a8100c433ffff,12338340955,12915349506,18.6529,0.011152,average_adult
89a8100c4bbffff,89a8100c4a3ffff,12338340955,12904007453,7.5929,0.684579,average_adult
89a8100c4bbffff,89a8100c4a7ffff,12338340955,12889670101,14.0588,0.202385,average_adult
89a8100c4bbffff,89a8100c4abffff,12338340955,12882458116,11.3621,0.393838,average_adult
89a8100c4bbffff,89a8100c4afffff,12338340955,12996381317,14.5897,0.169953,average_adult
89a8100c4bbffff,89a8100c4b3ffff,12338340955,12903985491,13.4925,0.239251,average_adult
89a8100c4bbffff,89a8100c4b7ffff,12338340955,387095770,12.5646,0.303982,average_adult
89a8100c4bbffff,89a8100c4bbffff,12338340955,12338340955,1.9536,0.976642,average_adult
89a8100c4bbffff,89a8100c5dbffff,12338340955,12535296158,19.8313,0.000176,average_adult
89a8100c503ffff,89a8100c503ffff,11341903975,11341903975,0.7423,0.996605,average_adult
89a8100c503ffff,89a8100c507ffff,11341903975,11401601119,8.0945,0.647435,average_adult
89a8100c503ffff,89a8100c50bffff,11341903975,13452873729,13.1622,0.261729,average_adult
89a8100c503ffff,89a8100c50fffff,11341903975,11279900601,9.271,0.55713,average_adult
89a8100c503ffff,89a8100c513ffff,11341903975,303862596,8.9703,0.580523,average_adult
89a8100c503ffff,89a8100c517ffff,11341903975,11409667724,12.0963,0.338313,average_adult
89a8100c503ffff,89a8100c51bffff,11341903975,12586078227,10.7156,0.443917,average_adult
89a8100c503ffff,89a8100c523ffff,11341903975,10561374326,19.9363,2.5e-05,average_adult
89a8100c503ffff,89a8100c533ffff,11341903975,11384427627,15.4519,0.12226,average_adult
89a8100c503ffff,89a8100c53bffff,11341903975,11293370032,15.4367,0.123043,average_adult
89a8100c503ffff,89a8100c547ffff,11341903975,12703971545,19.4907,0.001599,average_adult
89a8100c503ffff,89a8100c557ffff,11341903975,12697580224,17.721,0.031699,average_adult
89a8100c503ffff,89a8100c573ffff,11341903975,457593059,13.6565,0.22835,average_adult
89a8100c503ffff,89a8100c577ffff,11341903975,11386203919,15.4675,0.121461,average_adult
89a8100c503ffff,89a8100c583ffff,11341903975,12265197248,18.8149,0.008639,average_adult
89a8100c503ffff,89a8100c587ffff,11341903975,303858897,16.2376,0.084806,average_adult
89a8100c503ffff,89a8100c58bffff,11341903975,1393378103,13.8452,0.216027,average_adult
89a8100c503ffff,89a8100c58fffff,11341903975,4252790480,12.8036,0.286854,average_adult
89a8100c503ffff,89a8100c59bffff,11341903975,8954073387,18.2346,0.019101,average_adult
89a8100c503ffff,89a8100c5a3ffff,11341903975,13450161955,17.831,0.028739,average_adult
89a8100c503ffff,89a8100c5abffff,11341903975,11394279072,12.3019,0.323124,average_adult
89a8100c503ffff,89a8100c5afffff,11341903975,11380109175,17.9792,0.024979,average_adult
89a8100c503ffff,89a8100c5bbffff,11341903975,13453136400,15.5138,0.119094,average_adult
89a8100c503ffff,89a8100c5c7ffff,11341903975,2816708327,13.0571,0.269018,average_adult
89a8100c503ffff,89a8100c5cfffff,11341903975,2687705140,18.9394,0.006922,average_adult
89a8100c503ffff,89a8100c5d7ffff,11341903975,303867318,16.3949,0.078049,average_adult
89a8100c507ffff,89a8100c503ffff,11401601119,11341903975,9.5816,0.532836,average_adult
89a8100c507ffff,89a8100c507ffff,11401601119,11401601119,1.6411,0.983478,average_adult
89a8100c507ffff,89a8100c50fffff,11401601119,11279900601,10.4757,0.462674,average_adult
89a8100c507ffff,89a8100c513ffff,11401601119,303862596,16.9518,0.056228,average_adult
89a8100c507ffff,89a8100c517ffff,11401601119,11409667724,12.0512,0.341671,average_adult
89a8100c507ffff,89a8100c51bffff,11401601119,12586078227,19.279,0.003203,average_adult
89a8100c507ffff,89a8100c523ffff,11401601119,10561374326,13.8321,0.216877,average_adult
89a8100c507ffff,89a8100c52bffff,11401601119,9579509671,19.8525,0.000134,average_adult
89a8100c507ffff,89a8100c533ffff,11401601119,11384427627,8.9986,0.578327,average_adult
89a8100c507ffff,89a8100c537ffff,11401601119,11404088064,18.8723,0.007824,average_adult
89a8100c507ffff,89a8100c53bffff,11401601119,11293370032,11.0425,0.418485,average_adult
89a8100c507ffff,89a8100c573ffff,11401601119,457593059,19.0192,0.005922,average_adult
89a8100c507ffff,89a8100c577ffff,11401601119,11386203919,17.1336,0.049831,average_adult
89a8100c507ffff,89a8100c58fffff,11401601119,4252790480,17.6968,0.032368,average_adult
89a8100c507ffff,89a8100c5a3ffff,11401601119,13450161955,12.7036,0.293985,average_adult
89a8100c507ffff,89a8100c5a7ffff,11401601119,11315561922,18.7328,0.009873,average_adult
89a8100c507ffff,89a8100c5abffff,11401601119,11394279072,7.7295,0.674571,average_adult
89a8100c507ffff,89a8100c5afffff,11401601119,11380109175,12.5766,0.303113,average_adult
89a8100c507ffff,89a8100c5b3ffff,11401601119,11381688343,19.0331,0.005756,average_adult
89a8100c507ffff,89a8100c5b7ffff,11401601119,11380298950,18.753,0.009561,average_adult
89a8100c507ffff,89a8100c5bbffff,11401601119,13453136400,14.4901,0.17587,average_adult
89a8100c50bffff,89a8100c0a7ffff,13452873729,13279443676,19.8444,0.000149,average_adult
89a8100c50bffff,89a8100c0b7ffff,13452873729,11423157638,16.4926,0.073984,average_adult
89a8100c50bffff,89a8100c1d3ffff,13452873729,457593231,19.0411,0.005661,average_adult
89a8100c50bffff,89a8100c503ffff,13452873729,11341903975,13.2081,0.258565,average_adult
89a8100c50bffff,89a8100c507ffff,13452873729,11401601119,17.8604,0.027973,average_adult
89a8100c50bffff,89a8100c50bffff,13452873729,13452873729,1.4627,0.986861,average_adult
89a8100c50bffff,89a8100c50fffff,13452873729,11279900601,8.5231,0.614957,average_adult
89a8100c50bffff,89a8100c513ffff,13452873729,303862596,15.1334,0.139114,average_adult
89a8100c50bffff,89a8100c51bffff,13452873729,12586078227,12.267,0.325691,average_adult
89a8100c50bffff,89a8100c53bffff,13452873729,11293370032,16.2849,0.082747,average_adult
89a8100c50bffff,89a8100c543ffff,13452873729,7721333437,19.4954,0.00157,average_adult
89a8100c50bffff,89a8100c547ffff,13452873729,12703971545,8.0167,0.653258,average_adult
89a8100c50bffff,89a8100c54fffff,13452873729,11423253323,16.4985,0.073742,average_adult
89a8100c50bffff,89a8100c553ffff,13452873729,12227887010,18.3823,0.016055,average_adult
89a8100c50bffff,89a8100c557ffff,13452873729,12697580224,6.2646,0.776833,average_adult
89a8100c50bffff,89a8100c563ffff,13452873729,13452726650,18.0451,0.023389,average_adult
89a8100c50bffff,89a8100c56bffff,13452873729,11339389942,15.6313,0.113182,average_adult
89a8100c50bffff,89a8100c56fffff,13452873729,11339389872,19.0601,0.005439,average_adult
89a8100c50bffff,89a8100c573ffff,13452873729,457593059,6.9375,0.731357,average_adult
89a8100c50bffff,89a8100c577ffff,13452873729,11386203919,11.0919,0.414661,average_adult
89a8100c50bffff,89a8100c57bffff,13452873729,11350198893,13.2345,0.256749,average_adult
89a8100c50bffff,89a8100c5c7ffff,13452873729,2816708327,19.2203,0.003746,average_adult
89a8100c50bffff,89a8100c5cbffff,13452873729,13037844868,18.698,0.01042,average_adult
89a8100c50bffff,89a8100c5cfffff,13452873729,2687705140,16.1902,0.086894,average_adult
89a8100c50fffff,89a8100c0b7ffff,11279900601,11423157638,19.9624,9e-06,average_adult
89a8100c50fffff,89a8100c19bffff,11279900601,2360366546,17.7111,0.031971,average_adult
89a8100c50fffff,89a8100c1d7ffff,11279900601,457566696,17.9736,0.025117,average_adult
89a8100c50fffff,89a8100c503ffff,11279900601,11341903975,10.0085,0.499331,average_adult
89a8100c50fffff,89a8100c507ffff,11279900601,11401601119,9.581,0.532885,average_adult
89a8100c50fffff,89a8100c50bffff,11279900601,13452873729,10.4902,0.46154,average_adult
89a8100c50fffff,89a8100c50fffff,11279900601,11279900601,0.2437,0.999634,average_adult
89a8100c50fffff,89a8100c513ffff,11279900601,303862596,16.2687,0.083449,average_adult
89a8100c50fffff,89a8100c517ffff,11279900601,11409667724,13.8254,0.217308,average_adult
89a8100c50fffff,89a8100c51bffff,11279900601,12586078227,14.0978,0.199929,average_adult
89a8100c50fffff,89a8100c523ffff,11279900601,10561374326,18.4565,0.014624,average_adult
89a8100c50fffff,89a8100c52bffff,11279900601,9579509671,15.095,0.141208,average_adult
89a8100c50fffff,89a8100c52fffff,11279900601,11292167922,19.5905,0.001034,average_adult
89a8100c50fffff,89a8100c533ffff,11279900601,11384427627,16.9384,0.056712,average_adult
89a8100c50fffff,89a8100c53bffff,11279900601,11293370032,9.2093,0.56194,average_adult
89a8100c50fffff,89a8100c547ffff,11279900601,12703971545,14.9269,0.150529,average_adult
89a8100c50fffff,89a8100c557ffff,11279900601,12697580224,15.2921,0.130604,average_adult
89a8100c50fffff,89a8100c563ffff,11279900601,13452726650,14.371,0.183046,average_adult
89a8100c50fffff,89a8100c567ffff,11279900601,13236665352,16.7717,0.062923,average_adult
89a8100c50fffff,89a8100c56bffff,11279900601,11339389942,17.719,0.031754,average_adult
89a8100c50fffff,89a8100c56fffff,11279900601,11339389872,15.9051,0.099919,average_adult
89a8100c50fffff,89a8100c573ffff,11279900601,457593059,8.7872,0.594679,average_adult
89a8100c50fffff,89a8100c577ffff,11279900601,11386203919,7.138,0.717286,average_adult
89a8100c50fffff,89a8100c57bffff,11279900601,11350198893,15.5591,0.116801,average_adult
89a8100c50fffff,89a8100c58fffff,11279900601,4252790480,19.471,0.001725,average_adult
89a8100c50fffff,89a8100c5a3ffff,11279900601,13450161955,19.5602,0.001193,average_adult
89a8100c50fffff,89a8100c5abffff,11279900601,11394279072,14.031,0.204142,average_adult
89a8100c50fffff,89a8100c5afffff,11279900601,11380109175,19.7083,0.000525,average_adult
89a8100c50fffff,89a8100c5bbffff,11279900601,13453136400,17.2429,0.046162,average_adult
89a8100c513ffff,89a8100c503ffff,303862596,11341903975,12.5594,0.304353,average_adult
89a8100c513ffff,89a8100c507ffff,303862596,11401601119,19.5954,0.001009,average_adult
89a8100c513ffff,89a8100c50bffff,303862596,13452873729,18.6956,0.010458,average_adult
89a8100c513ffff,89a8100c50fffff,303862596,11279900601,19.4464,0.001889,average_adult
89a8100c513ffff,89a8100c513ffff,303862596,303862596,1.547,0.98531,average_adult
89a8100c513ffff,89a8100c517ffff,303862596,11409667724,10.6191,0.451451,average_adult
89a8100c513ffff,89a8100c51bffff,303862596,12586078227,11.908,0.352381,average_adult
89a8100c513ffff,89a8100c583ffff,303862596,12265197248,12.9481,0.276646,average_adult
89a8100c513ffff,89a8100c587ffff,303862596,303858897,12.82,0.285692,average_adult
89a8100c513ffff,89a8100c58bffff,303862596,1393378103,6.422,0.766454,average_adult
89a8100c513ffff,89a8100c58fffff,303862596,4252790480,7.9683,0.656875,average_adult
89a8100c513ffff,89a8100c593ffff,303862596,304111065,16.7017,0.065616,average_adult
89a8100c513ffff,89a8100c597ffff,303862596,11374075968,15.5803,0.115732,average_adult
89a8100c513ffff,89a8100c59bffff,303862596,8954073387,10.8114,0.436446,average_adult
89a8100c513ffff,89a8100c5a3ffff,303862596,13450161955,19.9052,5.5e-05,average_adult
89a8100c513ffff,89a8100c5abffff,303862596,11394279072,17.0341,0.053287,average_adult
89a8100c513ffff,89a8100c5bbffff,303862596,13453136400,13.9153,0.211512,average_adult
89a8100c513ffff,89a8100c5c3ffff,303862596,303868171,17.9612,0.025423,average_adult
89a8100c513ffff,89a8100c5c7ffff,303862596,2816708327,8.7422,0.598148,average_adult
89a8100c513ffff,89a8100c5cfffff,303862596,2687705140,17.2779,0.045014,average_adult
89a8100c513ffff,89a8100c5d7ffff,303862596,303867318,8.9717,0.580412,average_adult
89a8100c513ffff,89a8100e367ffff,303862596,142814786,16.9749,0.055395,average_adult
89a8100c513ffff,89a8100ee4bffff,303862596,142806216,19.6896,0.000594,average_adult
89a8100c517ffff,89a8100c503ffff,11409667724,11341903975,15.547,0.117412,average_adult
89a8100c517ffff,89a8100c507ffff,11409667724,11401601119,14.6763,0.164872,average_adult
89a8100c517ffff,89a8100c50fffff,11409667724,11279900601,17.6873,0.032631,average_adult
89a8100c517ffff,89a8100c513ffff,11409667724,303862596,12.2831,0.324505,average_adult
89a8100c517ffff,89a8100c517ffff,11409667724,11409667724,1.4847,0.986464,average_adult
89a8100c517ffff,89a8100c533ffff,11409667724,11384427627,17.2423,0.046183,average_adult
89a8100c517ffff,89a8100c583ffff,11409667724,12265197248,13.8058,0.218581,average_adult
89a8100c517ffff,89a8100c587ffff,11409667724,303858897,10.2467,0.480628,average_adult
89a8100c517ffff,89a8100c58bffff,11409667724,1393378103,12.5368,0.30599,average_adult
89a8100c517ffff,89a8100c58fffff,11409667724,4252790480,7.1302,0.717834,average_adult
89a8100c517ffff,89a8100c597ffff,11409667724,11374075968,15.2243,0.134214,average_adult
89a8100c517ffff,89a8100c59bffff,11409667724,8954073387,17.9943,0.024611,average_adult
89a8100c517ffff,89a8100c5a3ffff,11409667724,13450161955,13.5133,0.237862,average_adult
89a8100c517ffff,89a8100c5abffff,11409667724,11394279072,8.4896,0.617518,average_adult
89a8100c517ffff,89a8100c5afffff,11409667724,11380109175,14.1669,0.195604,average_adult
89a8100c517ffff,89a8100c5b3ffff,11409667724,11381688343,15.3817,0.125894,average_adult
89a8100c517ffff,89a8100c5b7ffff,11409667724,11380298950,19.5103,0.001479,average_adult
89a8100c517ffff,89a8100c5bbffff,11409667724,13453136400,7.5235,0.689638,average_adult
89a8100c517ffff,89a8100c5c7ffff,11409667724,2816708327,18.9654,0.006588,average_adult
89a8100c517ffff,89a8100c5d7ffff,11409667724,303867318,19.195,0.003992,average_adult
89a8100c517ffff,89a8100ee4bffff,11409667724,142806216,16.9382,0.05672,average_adult
89a8100c517ffff,89a8100ee5bffff,11409667724,3317179765,19.7323,0.000442,average_adult
89a8100c51bffff,89a8100c427ffff,12586078227,12986505496,19.8643,0.000114,average_adult
89a8100c51bffff,89a8100c503ffff,12586078227,11341903975,9.013,0.577209,average_adult
89a8100c51bffff,89a8100c507ffff,12586078227,11401601119,15.4149,0.12417,average_adult
89a8100c51bffff,89a8100c50bffff,12586078227,13452873729,10.5425,0.457446,average_adult
89a8100c51bffff,89a8100c50fffff,12586078227,11279900601,11.6596,0.371127,average_adult
89a8100c51bffff,89a8100c513ffff,12586078227,303862596,6.9466,0.730722,average_adult
89a8100c51bffff,89a8100c517ffff,12586078227,11409667724,16.0187,0.094628,average_adult
89a8100c51bffff,89a8100c51bffff,12586078227,12586078227,0.7437,0.996592,average_adult
89a8100c51bffff,89a8100c53bffff,12586078227,11293370032,19.1129,0.004847,average_adult
89a8100c51bffff,89a8100c543ffff,12586078227,7721333437,19.7185,0.000489,average_adult
89a8100c51bffff,89a8100c547ffff,12586078227,12703971545,14.2293,0.191734,average_adult
89a8100c51bffff,89a8100c553ffff,12586078227,12227887010,18.6054,0.011949,average_adult
89a8100c51bffff,89a8100c557ffff,12586078227,12697580224,11.4301,0.38862,average_adult
89a8100c51bffff,89a8100c573ffff,12586078227,457593059,15.7944,0.10519,average_adult
89a8100c51bffff,89a8100c577ffff,12586078227,11386203919,17.832,0.028715,average_adult
89a8100c51bffff,89a8100c57bffff,12586078227,11350198893,19.4471,0.001885,average_adult
89a8100c51bffff,89a8100c583ffff,12586078227,12265197248,18.3477,0.016746,average_adult
89a8100c51bffff,89a8100c587ffff,12586078227,303858897,18.2196,0.019426,average_adult
89a8100c51bffff,89a8100c58bffff,12586078227,1393378103,9.9006,0.507808,average_adult
89a8100c51bffff,89a8100c58fffff,12586078227,4252790480,13.3679,0.247652,average_adult
89a8100c51bffff,89a8100c59bffff,12586078227,8954073387,14.29,0.187993,average_adult
89a8100c51bffff,89a8100c5abffff,12586078227,11394279072,19.8649,0.000113,average_adult
89a8100c51bffff,89a8100c5bbffff,12586078227,13453136400,19.315,0.002892,average_adult
89a8100c51bffff,89a8100c5c3ffff,12586078227,303868171,13.814,0.218053,average_adult
89a8100c51bffff,89a8100c5c7ffff,12586078227,2816708327,8.789,0.594536,average_adult
89a8100c51bffff,89a8100c5cbffff,12586078227,13037844868,15.5964,0.114922,average_adult
89a8100c51bffff,89a8100c5cfffff,12586078227,2687705140,11.0229,0.420007,average_adult
89a8100c51bffff,89a8100c5d7ffff,12586078227,303867318,12.4503,0.312272,average_adult
89a8100c523ffff,89a8100c193ffff,10561374326,8652181848,15.7382,0.107914,average_adult
89a8100c523ffff,89a8100c197ffff,10561374326,11298557475,18.6078,0.011909,average_adult
89a8100c523ffff,89a8100c19bffff,10561374326,2360366546,16.1479,0.088772,average_adult
89a8100c523ffff,89a8100c503ffff,10561374326,11341903975,19.4045,0.002186,average_adult
89a8100c523ffff,89a8100c507ffff,10561374326,11401601119,11.464,0.386026,average_adult
89a8100c523ffff,89a8100c50fffff,10561374326,11279900601,17.8989,0.026985,average_adult
89a8100c523ffff,89a8100c523ffff,10561374326,10561374326,0.2531,0.999605,average_adult
89a8100c523ffff,89a8100c527ffff,10561374326,13452330655,9.4991,0.539297,average_adult
89a8100c523ffff,89a8100c52bffff,10561374326,9579509671,10.696,0.445443,average_adult
89a8100c523ffff,89a8100c52fffff,10561374326,11292167922,12.3476,0.319774,average_adult
89a8100c523ffff,89a8100c533ffff,10561374326,11384427627,9.1886,0.563558,average_adult
89a8100c523ffff,89a8100c537ffff,10561374326,11404088064,7.911,0.661141,average_adult
89a8100c523ffff,89a8100c53bffff,10561374326,11293370032,9.3789,0.548703,average_adult
89a8100c523ffff,89a8100c567ffff,10561374326,13236665352,15.7009,0.109742,average_adult
89a8100c523ffff,89a8100c577ffff,10561374326,11386203919,14.2027,0.193381,average_adult
89a8100c523ffff,89a8100c5a3ffff,10561374326,13450161955,15.9535,0.097649,average_adult
89a8100c523ffff,89a8100c5a7ffff,10561374326,11315561922,14.5907,0.169891,average_adult
89a8100c523ffff,89a8100c5abffff,10561374326,11394279072,16.468,0.075,average_adult
89a8100c523ffff,89a8100c5afffff,10561374326,11380109175,12.1891,0.331436,average_adult
89a8100c523ffff,89a8100c5b7ffff,10561374326,11380298950,19.0615,0.005424,average_adult
89a8100c523ffff,89a8100ea53ffff,10561374326,13449882082,17.2118,0.047192,average_adult
89a8100c523ffff,89a8100ea5bffff,10561374326,11289900012,15.1472,0.138365,average_adult
89a8100c523ffff,89a8100eacbffff,10561374326,5635274734,15.3004,0.130163,average_adult
89a8100c523ffff,89a8100eadbffff,10561374326,13452423932,16.8129,0.06136,average_adult
89a8100c527ffff,89a8100c183ffff,13452330655,11386299646,19.968,6e-06,average_adult
89a8100c527ffff,89a8100c197ffff,13452330655,11298557475,13.7261,0.223775,average_adult
89a8100c527ffff,89a8100c523ffff,13452330655,10561374326,9.9125,0.506871,average_adult
89a8100c527ffff,89a8100c527ffff,13452330655,13452330655,1.3995,0.987967,average_adult
89a8100c527ffff,89a8100c52bffff,13452330655,9579509671,19.5887,0.001043,average_adult
89a8100c527ffff,89a8100c52fffff,13452330655,11292167922,11.8402,0.357472,average_adult
89a8100c527ffff,89a8100c533ffff,13452330655,11384427627,18.2695,0.018358,average_adult
89a8100c527ffff,89a8100c537ffff,13452330655,11404088064,9.0004,0.578183,average_adult
89a8100c527ffff,89a8100c53bffff,13452330655,11293370032,18.4599,0.01456,average_adult
89a8100c527ffff,89a8100c5afffff,13452330655,11380109175,18.5947,0.012133,average_adult
89a8100c527ffff,89a8100ea43ffff,13452330655,11287001106,13.2761,0.253904,average_adult
89a8100c527ffff,89a8100ea4bffff,13452330655,11298600034,17.7345,0.031328,average_adult
89a8100c527ffff,89a8100ea53ffff,13452330655,13449882082,9.1121,0.569506,average_adult
89a8100c527ffff,89a8100ea57ffff,13452330655,11287035477,15.0828,0.141877,average_adult
89a8100c527ffff,89a8100ea5bffff,13452330655,11289900012,7.9924,0.655075,average_adult
89a8100c527ffff,89a8100eac3ffff,13452330655,11331125078,14.9206,0.150881,average_adult
89a8100c527ffff,89a8100eacbffff,13452330655,5635274734,11.6151,0.374509,average_adult
89a8100c527ffff,89a8100eacfffff,13452330655,6354712520,15.3858,0.125683,average_adult
89a8100c52bffff,89a8100c183ffff,9579509671,11386299646,16.6986,0.065737,average_adult
89a8100c52bffff,89a8100c18bffff,9579509671,11399274873,17.8124,0.029232,average_adult
89a8100c52bffff,89a8100c193ffff,9579509671,8652181848,14.8329,0.155846,average_adult
89a8100c52bffff,89a8100c197ffff,9579509671,11298557475,13.4286,0.243547,average_adult
89a8100c52bffff,89a8100c19bffff,9579509671,2360366546,10.4241,0.466713,average_adult
89a8100c52bffff,89a8100c1c7ffff,9579509671,7292638283,19.6541,0.000738,average_adult
89a8100c52bffff,89a8100c1d7ffff,9579509671,457566696,15.4486,0.122432,average_adult
89a8100c52bffff,89a8100c507ffff,9579509671,11401601119,18.3744,0.016213,average_adult
89a8100c52bffff,89a8100c50fffff,9579509671,11279900601,14.8471,0.155042,average_adult
89a8100c52bffff,89a8100c523ffff,9579509671,10561374326,9.6202,0.52981,average_adult
89a8100c52bffff,89a8100c527ffff,9579509671,13452330655,17.5438,0.036756,average_adult
89a8100c52bffff,89a8100c52bffff,9579509671,9579509671,0.7238,0.996772,average_adult
89a8100c52bffff,89a8100c52fffff,9579509671,11292167922,7.2523,0.709165,average_adult
89a8100c52bffff,89a8100c533ffff,9579509671,11384427627,18.1008,0.022086,average_adult
89a8100c52bffff,89a8100c537ffff,9579509671,11404088064,17.0268,0.053544,average_adult
89a8100c52bffff,89a8100c53bffff,9579509671,11293370032,8.9533,0.581837,average_adult
89a8100c52bffff,89a8100c567ffff,9579509671,13236665352,8.6116,0.608186,average_adult
89a8100c52bffff,89a8100c573ffff,9579509671,457593059,17.4146,0.040669,average_adult
89a8100c52bffff,89a8100c577ffff,9579509671,11386203919,8.043,0.651293,average_adult
89a8100c52bffff,89a8100ea4bffff,9579509671,11298600034,19.6102,0.000937,average_adult
89a8100c52bffff,89a8100ea5bffff,9579509671,11289900012,17.7345,0.031327,average_adult
89a8100c52fffff,89a8100c183ffff,11292167922,11386299646,12.9221,0.278472,average_adult
89a8100c52fffff,89a8100c187ffff,11292167922,13444985140,19.3287,0.002777,average_adult
89a8100c52fffff,89a8100c18fffff,11292167922,11298619952,17.4953,0.038201,average_adult
89a8100c52fffff,89a8100c193ffff,11292167922,8652181848,11.0564,0.417411,average_adult
89a8100c52fffff,89a8100c197ffff,11292167922,11298557475,8.55,0.612901,average_adult
89a8100c52fffff,89a8100c19bffff,11292167922,2360366546,14.1231,0.198344,average_adult
89a8100c52fffff,89a8100c1d7ffff,11292167922,457566696,19.2231,0.003718,average_adult
89a8100c52fffff,89a8100c523ffff,11292167922,10561374326,11.4327,0.388422,average_adult
89a8100c52fffff,89a8100c527ffff,11292167922,13452330655,11.5582,0.378835,average_adult
89a8100c52fffff,89a8100c52bffff,11292167922,9579509671,9.0152,0.577035,average_adult
89a8100c52fffff,89a8100c52fffff,11292167922,11292167922,1.2668,0.990134,average_adult
89a8100c52fffff,89a8100c537ffff,11292167922,11404088064,13.6866,0.226367,average_adult
89a8100c52fffff,89a8100c53bffff,11292167922,11293370032,15.2117,0.134886,average_adult
89a8100c52fffff,89a8100c567ffff,11292167922,13236665352,14.87,0.153741,average_adult
89a8100c52fffff,89a8100c577ffff,11292167922,11386203919,14.3014,0.187292,average_adult
89a8100c52fffff,89a8100ea43ffff,11292167922,11287001106,19.6956,0.000571,average_adult
89a8100c52fffff,89a8100ea4bffff,11292167922,11298600034,14.7316,0.161664,average_adult
89a8100c52fffff,89a8100ea53ffff,11292167922,13449882082,19.2709,0.003275,average_adult
89a8100c52fffff,89a8100ea5bffff,11292167922,11289900012,12.6209,0.299918,average_adult
89a8100c52fffff,89a8100eacbffff,11292167922,5635274734,19.7233,0.000472,average_adult
89a8100c533ffff,89a8100c193ffff,11384427627,8652181848,19.5723,0.001128,average_adult
89a8100c533ffff,89a8100c19bffff,11384427627,2360366546,18.6541,0.011133,average_adult
89a8100c533ffff,89a8100c503ffff,11384427627,11341903975,17.037,0.053185,average_adult
89a8100c533ffff,89a8100c507ffff,11384427627,11401601119,9.2539,0.558461,average_adult
89a8100c533ffff,89a8100c50fffff,11384427627,11279900601,18.0416,0.023472,average_adult
89a8100c533ffff,89a8100c517ffff,11384427627,11409667724,14.5017,0.175174,average_adult
89a8100c533ffff,89a8100c523ffff,11384427627,10561374326,10.1722,0.486474,average_adult
89a8100c533ffff,89a8100c527ffff,11384427627,13452330655,19.1809,0.004133,average_adult
89a8100c533ffff,89a8100c533ffff,11384427627,11384427627,1.5048,0.986098,average_adult
89a8100c533ffff,89a8100c537ffff,11384427627,11404088064,15.2125,0.134847,average_adult
89a8100c533ffff,89a8100c53bffff,11384427627,11293370032,12.3364,0.320592,average_adult
89a8100c533ffff,89a8100c577ffff,11384427627,11386203919,19.807,0.00023,average_adult
89a8100c533ffff,89a8100c5a3ffff,11384427627,13450161955,9.6228,0.529606,average_adult
89a8100c533ffff,89a8100c5a7ffff,11384427627,11315561922,12.8557,0.283163,average_adult
89a8100c533ffff,89a8100c5abffff,11384427627,11394279072,10.18,0.485868,average_adult
89a8100c533ffff,89a8100c5afffff,11384427627,11380109175,6.6995,0.747764,average_adult
89a8100c533ffff,89a8100c5b3ffff,11384427627,11381688343,18.341,0.016881,average_adult
89a8100c533ffff,89a8100c5b7ffff,11384427627,11380298950,13.7831,0.22006,average_adult
89a8100c533ffff,89a8100c5bbffff,11384427627,13453136400,16.9406,0.056636,average_adult
89a8100c533ffff,89a8100eadbffff,11384427627,13452423932,15.515,0.119031,average_adult
89a8100c533ffff,89a8100ee4fffff,11384427627,303788630,19.1596,0.00435,average_adult
89a8100c533ffff,89a8100ee7bffff,11384427627,11381714308,19.7853,0.000284,average_adult
89a8100c537ffff,89a8100c507ffff,11404088064,11401601119,17.847,0.028321,average_adult
89a8100c537ffff,89a8100c523ffff,11404088064,10561374326,8.3349,0.629293,average_adult
89a8100c537ffff,89a8100c527ffff,11404088064,13452330655,9.7693,0.518114,average_adult
89a8100c537ffff,89a8100c52bffff,11404088064,9579509671,18.1966,0.019927,average_adult
89a8100c537ffff,89a8100c52fffff,11404088064,11292167922,15.7659,0.106571,average_adult
89a8100c537ffff,89a8100c533ffff,11404088064,11384427627,15.5715,0.116172,average_adult
89a8100c537ffff,89a8100c537ffff,11404088064,11404088064,1.0819,0.992798,average_adult
89a8100c537ffff,89a8100c53bffff,11404088064,11293370032,15.7619,0.106764,average_adult
89a8100c537ffff,89a8100c5a3ffff,11404088064,13450161955,15.2912,0.130647,average_adult
89a8100c537ffff,89a8100c5a7ffff,11404088064,11315561922,12.7162,0.293084,average_adult
89a8100c537ffff,89a8100c5abffff,11404088064,11394279072,17.4104,0.040799,average_adult
89a8100c537ffff,89a8100c5afffff,11404088064,11380109175,10.8599,0.432667,average_adult
89a8100c537ffff,89a8100c5b7ffff,11404088064,11380298950,17.187,0.048024,average_adult
89a8100c537ffff,89a8100ea53ffff,11404088064,13449882082,13.5423,0.235922,average_adult
89a8100c537ffff,89a8100ea5bffff,11404088064,11289900012,16.3623,0.079432,average_adult
89a8100c537ffff,89a8100eac3ffff,11404088064,11331125078,14.32,0.186152,average_adult
89a8100c537ffff,89a8100eacbffff,11404088064,5635274734,8.5999,0.609079,average_adult
89a8100c537ffff,89a8100eacfffff,11404088064,6354712520,15.6611,0.111703,average_adult
89a8100c537ffff,89a8100ead3ffff,11404088064,11334987710,17.8188,0.029063,average_adult
89a8100c537ffff,89a8100eadbffff,11404088064,13452423932,13.5416,0.23597,average_adult
89a8100c53bffff,89a8100c19bffff,11293370032,2360366546,17.879,0.027495,average_adult
89a8100c53bffff,89a8100c503ffff,11293370032,11341903975,17.4085,0.040859,average_adult
89a8100c53bffff,89a8100c507ffff,11293370032,11401601119,10.5613,0.455971,average_adult
89a8100c53bffff,89a8100c50bffff,11293370032,13452873729,17.7212,0.031691,average_adult
89a8100c53bffff,89a8100c50fffff,11293370032,11279900601,9.3253,0.552893,average_adult
89a8100c53bffff,89a8100c523ffff,11293370032,10561374326,10.0524,0.495882,average_adult
89a8100c53bffff,89a8100c527ffff,11293370032,13452330655,19.2985,0.003033,average_adult
89a8100c53bffff,89a8100c52bffff,11293370032,9579509671,9.9388,0.504808,average_adult
89a8100c53bffff,89a8100c52fffff,11293370032,11292167922,14.4343,0.179218,average_adult
89a8100c53bffff,89a8100c533ffff,11293370032,11384427627,11.4242,0.389071,average_adult
89a8100c53bffff,89a8100c537ffff,11293370032,11404088064,16.1964,0.08662,average_adult
89a8100c53bffff,89a8100c53bffff,11293370032,11293370032,0.8053,0.996005,average_adult
89a8100c53bffff,89a8100c567ffff,11293370032,13236665352,11.6919,0.368679,average_adult
89a8100c53bffff,89a8100c573ffff,11293370032,457593059,16.0183,0.09465,average_adult
89a8100c53bffff,89a8100c577ffff,11293370032,11386203919,8.2759,0.633764,average_adult
89a8100c53bffff,89a8100c5a3ffff,11293370032,13450161955,15.5625,0.116627,average_adult
89a8100c53bffff,89a8100c5abffff,11293370032,11394279072,16.0002,0.095481,average_adult
89a8100c53bffff,89a8100c5afffff,11293370032,11380109175,15.3211,0.129072,average_adult
89a8100c543ffff,89a8100c0b3ffff,7721333437,5496814858,18.7607,0.009445,average_adult
89a8100c543ffff,89a8100c0b7ffff,7721333437,11423157638,16.8689,0.059265,average_adult
89a8100c543ffff,89a8100c543ffff,7721333437,7721333437,1.1038,0.992504,average_adult
89a8100c543ffff,89a8100c547ffff,7721333437,12703971545,16.4284,0.076646,average_adult
89a8100c543ffff,89a8100c54bffff,7721333437,8944143746,17.4902,0.038357,average_adult
89a8100c543ffff,89a8100c54fffff,7721333437,11423253323,11.0023,0.421601,average_adult
89a8100c543ffff,89a8100c553ffff,7721333437,12227887010,10.5026,0.460569,average_adult
89a8100c543ffff,89a8100c557ffff,7721333437,12697580224,16.8164,0.061226,average_adult
89a8100c543ffff,89a8100c55bffff,7721333437,12697580033,16.617,0.06895,average_adult
89a8100c543ffff,89a8100c57bffff,7721333437,11350198893,19.062,0.005417,average_adult
89a8100c547ffff,89a8100c0a3ffff,12703971545,10893697428,18.7071,0.010276,average_adult
89a8100c547ffff,89a8100c0a7ffff,12703971545,13279443676,14.404,0.181047,average_adult
89a8100c547ffff,89a8100c0afffff,12703971545,8743696886,19.7531,0.000376,average_adult
89a8100c547ffff,89a8100c0b3ffff,12703971545,5496814858,14.5158,0.174331,average_adult
89a8100c547ffff,89a8100c0b7ffff,12703971545,11423157638,9.5779,0.533126,average_adult
89a8100c547ffff,89a8100c1d3ffff,12703971545,457593231,16.3762,0.078841,average_adult
89a8100c547ffff,89a8100c1d7ffff,12703971545,457566696,18.382,0.016062,average_adult
89a8100c547ffff,89a8100c1dbffff,12703971545,12902675140,19.3047,0.002979,average_adult
89a8100c547ffff,89a8100c503ffff,12703971545,11341903975,19.1271,0.004693,average_adult
89a8100c547ffff,89a8100c50bffff,12703971545,13452873729,7.6419,0.680996,average_adult
89a8100c547ffff,89a8100c50fffff,12703971545,11279900601,12.191,0.331293,average_adult
89a8100c547ffff,89a8100c513ffff,12703971545,303862596,18.7802,0.00915,average_adult
89a8100c547ffff,89a8100c51bffff,12703971545,12586078227,15.9137,0.099511,average_adult
89a8100c547ffff,89a8100c53bffff,12703971545,11293370032,19.9529,1.4e-05,average_adult
89a8100c547ffff,89a8100c543ffff,12703971545,7721333437,14.3237,0.185927,average_adult
89a8100c547ffff,89a8100c547ffff,12703971545,12703971545,0.1547,0.999852,average_adult
89a8100c547ffff,89a8100c54bffff,12703971545,8944143746,16.5419,0.071971,average_adult
89a8100c547ffff,89a8100c54fffff,12703971545,11423253323,9.5838,0.532666,average_adult
89a8100c547ffff,89a8100c553ffff,12703971545,12227887010,15.783,0.105741,average_adult
89a8100c547ffff,89a8100c557ffff,12703971545,12697580224,9.6534,0.527205,average_adult
89a8100c547ffff,89a8100c55bffff,12703971545,12697580033,15.6687,0.111326,average_adult
89a8100c547ffff,89a8100c563ffff,12703971545,13452726650,16.5107,0.073242,average_adult
89a8100c547ffff,89a8100c56bffff,12703971545,11339389942,11.8826,0.35429,average_adult
89a8100c547ffff,89a8100c56fffff,12703971545,11339389872,17.0173,0.053882,average_adult
89a8100c547ffff,89a8100c573ffff,12703971545,457593059,6.7147,0.746726,average_adult
89a8100c547ffff,89a8100c577ffff,12703971545,11386203919,12.6463,0.298095,average_adult
89a8100c547ffff,89a8100c57bffff,12703971545,11350198893,6.879,0.735422,average_adult
89a8100c547ffff,89a8100c5c3ffff,12703971545,303868171,19.6087,0.000944,average_adult
89a8100c547ffff,89a8100c5cbffff,12703971545,13037844868,18.252,0.018729,average_adult
89a8100c547ffff,89a8100c5cfffff,12703971545,2687705140,15.7442,0.107624,average_adult
89a8100c54bffff,89a8100c087ffff,8944143746,13683468543,8.1794,0.64105,average_adult
89a8100c54bffff,89a8100c097ffff,8944143746,85723131,11.0763,0.415869,average_adult
89a8100c54bffff,89a8100c0a3ffff,8944143746,10893697428,14.1309,0.197854,average_adult
89a8100c54bffff,89a8100c0abffff,8944143746,12532715699,19.7153,0.0005,average_adult
89a8100c54bffff,89a8100c0b3ffff,8944143746,5496814858,9.9396,0.504743,average_adult
89a8100c54bffff,89a8100c0b7ffff,8944143746,11423157638,15.0762,0.142238,average_adult
89a8100c54bffff,89a8100c0bbffff,8944143746,11423871971,15.7151,0.109044,average_adult
89a8100c54bffff,89a8100c427ffff,8944143746,12986505496,15.3499,0.127556,average_adult
89a8100c54bffff,89a8100c42fffff,8944143746,4293907212,14.9621,0.148558,average_adult
89a8100c54bffff,89a8100c54bffff,8944143746,8944143746,0.5902,0.997853,average_adult
89a8100c54bffff,89a8100c54fffff,8944143746,11423253323,19.5658,0.001163,average_adult
89a8100c54bffff,89a8100c55bffff,8944143746,12697580033,9.8246,0.513772,average_adult
89a8100c54fffff,89a8100c087ffff,11423253323,13683468543,16.8928,0.058384,average_adult
89a8100c54fffff,89a8100c0a3ffff,11423253323,10893697428,13.7329,0.223335,average_adult
89a8100c54fffff,89a8100c0a7ffff,11423253323,13279443676,13.964,0.208397,average_adult
89a8100c54fffff,89a8100c0abffff,11423253323,12532715699,17.6205,0.03452,average_adult
89a8100c54fffff,89a8100c0afffff,11423253323,8743696886,15.0714,0.142505,average_adult
89a8100c54fffff,89a8100c0b3ffff,11423253323,5496814858,9.5416,0.535973,average_adult
89a8100c54fffff,89a8100c0b7ffff,11423253323,11423157638,7.8912,0.662615,average_adult
89a8100c54fffff,89a8100c0bbffff,11423253323,11423871971,15.3171,0.129283,average_adult
89a8100c54fffff,89a8100c1d3ffff,11423253323,457593231,19.8466,0.000145,average_adult
89a8100c54fffff,89a8100c1dbffff,11423253323,12902675140,19.5559,0.001216,average_adult
89a8100c54fffff,89a8100c543ffff,11423253323,7721333437,10.8309,0.434927,average_adult
89a8100c54fffff,89a8100c547ffff,11423253323,12703971545,15.2481,0.132941,average_adult
89a8100c54fffff,89a8100c54bffff,11423253323,8944143746,17.7169,0.031811,average_adult
89a8100c54fffff,89a8100c54fffff,11423253323,11423253323,1.5972,0.984346,average_adult
89a8100c54fffff,89a8100c553ffff,11423253323,12227887010,17.5151,0.037608,average_adult
89a8100c54fffff,89a8100c557ffff,11423253323,12697580224,17.8451,0.02837,average_adult
89a8100c54fffff,89a8100c55bffff,11423253323,12697580033,16.8437,0.060202,average_adult
89a8100c54fffff,89a8100c56bffff,11423253323,11339389942,15.1647,0.137418,average_adult
89a8100c54fffff,89a8100c57bffff,11423253323,11350198893,12.0373,0.342706,average_adult
89a8100c553ffff,89a8100c0b3ffff,12227887010,5496814858,18.5035,0.01375,average_adult
89a8100c553ffff,89a8100c0b7ffff,12227887010,11423157638,17.1087,0.050687,average_adult
89a8100c553ffff,89a8100c427ffff,12227887010,12986505496,15.2402,0.133362,average_adult
89a8100c553ffff,89a8100c437ffff,12227887010,12941702505,18.7004,0.010382,average_adult
89a8100c553ffff,89a8100c50bffff,12227887010,13452873729,18.9554,0.006716,average_adult
89a8100c553ffff,89a8100c543ffff,12227887010,7721333437,8.1589,0.642593,average_adult
89a8100c553ffff,89a8100c547ffff,12227887010,12703971545,16.8849,0.058674,average_adult
89a8100c553ffff,89a8100c54bffff,12227887010,8944143746,18.2533,0.018703,average_adult
89a8100c553ffff,89a8100c54fffff,12227887010,11423253323,17.2916,0.044569,average_adult
89a8100c553ffff,89a8100c553ffff,12227887010,12227887010,0.8837,0.99519,average_adult
89a8100c553ffff,89a8100c557ffff,12227887010,12697580224,13.3597,0.24821,average_adult
89a8100c553ffff,89a8100c55bffff,12227887010,12697580033,17.3801,0.041745,average_adult
89a8100c553ffff,89a8100c5c3ffff,12227887010,303868171,17.731,0.031422,average_adult
89a8100c553ffff,89a8100c5cbffff,12227887010,13037844868,10.9041,0.429229,average_adult
89a8100c553ffff,89a8100c5cfffff,12227887010,2687705140,15.9268,0.098899,average_adult
89a8100c553ffff,89a8100c5d7ffff,12227887010,303867318,19.9547,1.3e-05,average_adult
89a8100c557ffff,89a8100c0b3ffff,12697580224,5496814858,19.6266,0.00086,average_adult
89a8100c557ffff,89a8100c0b7ffff,12697580224,11423157638,17.1479,0.049343,average_adult
89a8100c557ffff,89a8100c427ffff,12697580224,12986505496,16.7242,0.064747,average_adult
89a8100c557ffff,89a8100c503ffff,12697580224,11341903975,17.1603,0.048921,average_adult
89a8100c557ffff,89a8100c50bffff,12697580224,13452873729,5.8656,0.802368,average_adult
89a8100c557ffff,89a8100c50fffff,12697580224,11279900601,12.8524,0.28339,average_adult
89a8100c557ffff,89a8100c513ffff,12697580224,303862596,16.602,0.069549,average_adult
89a8100c557ffff,89a8100c51bffff,12697580224,12586078227,11.2848,0.399777,average_adult
89a8100c557ffff,89a8100c543ffff,12697580224,7721333437,13.5007,0.238705,average_adult
89a8100c557ffff,89a8100c547ffff,12697580224,12703971545,9.0192,0.57673,average_adult
89a8100c557ffff,89a8100c54bffff,12697580224,8944143746,17.0133,0.054022,average_adult
89a8100c557ffff,89a8100c54fffff,12697580224,11423253323,15.2174,0.134583,average_adult
89a8100c557ffff,89a8100c553ffff,12697580224,12227887010,12.3876,0.316844,average_adult
89a8100c557ffff,89a8100c557ffff,12697580224,12697580224,0.2698,0.999551,average_adult
89a8100c557ffff,89a8100c55bffff,12697580224,12697580033,16.1402,0.089118,average_adult
89a8100c557ffff,89a8100c56bffff,12697580224,11339389942,18.8072,0.008751,average_adult
89a8100c557ffff,89a8100c573ffff,12697580224,457593059,11.0049,0.4214,average_adult
89a8100c557ffff,89a8100c577ffff,12697580224,11386203919,15.4213,0.123843,average_adult
89a8100c557ffff,89a8100c57bffff,12697580224,11350198893,14.4628,0.177504,average_adult
89a8100c557ffff,89a8100c58bffff,12697580224,1393378103,19.1542,0.004406,average_adult
89a8100c557ffff,89a8100c5c3ffff,12697580224,303868171,14.0599,0.202312,average_adult
89a8100c557ffff,89a8100c5c7ffff,12697580224,2816708327,15.1055,0.140634,average_adult
89a8100c557ffff,89a8100c5cbffff,12697580224,13037844868,12.7033,0.29401,average_adult
89a8100c557ffff,89a8100c5cfffff,12697580224,2687705140,10.1954,0.484654,average_adult
89a8100c557ffff,89a8100c5d7ffff,12697580224,303867318,18.0143,0.024126,average_adult
89a8100c55bffff,89a8100c087ffff,12697580033,13683468543,9.0561,0.573866,average_adult
89a8100c55bffff,89a8100c097ffff,12697580033,85723131,9.4846,0.540438,average_adult
89a8100c55bffff,89a8100c0a3ffff,12697580033,10893697428,16.7653,0.063166,average_adult
89a8100c55bffff,89a8100c0b3ffff,12697580033,5496814858,12.574,0.3033,average_adult
89a8100c55bffff,89a8100c0b7ffff,12697580033,11423157638,17.4396,0.039896,average_adult
89a8100c55bffff,89a8100c0bbffff,12697580033,11423871971,18.3495,0.01671,average_adult
89a8100c55bffff,89a8100c427ffff,12697580033,12986505496,12.8785,0.281545,average_adult
89a8100c55bffff,89a8100c42fffff,12697580033,4293907212,12.4907,0.309333,average_adult
89a8100c55bffff,89a8100c543ffff,12697580033,7721333437,16.3837,0.078522,average_adult
89a8100c55bffff,89a8100c547ffff,12697580033,12703971545,16.9268,0.057136,average_adult
89a8100c55bffff,89a8100c54bffff,12697580033,8944143746,6.3849,0.768911,average_adult
89a8100c55bffff,89a8100c54fffff,12697580033,11423253323,16.7819,0.062533,average_adult
89a8100c55bffff,89a8100c553ffff,12697580033,12227887010,17.5186,0.037503,average_adult
89a8100c55bffff,89a8100c557ffff,12697580033,12697580224,18.0103,0.024223,average_adult
89a8100c55bffff,89a8100c55bffff,12697580033,12697580033,1.2761,0.989988,average_adult
89a8100c563ffff,89a8100c0a7ffff,13452726650,13279443676,16.1697,0.087804,average_adult
89a8100c563ffff,89a8100c0b3ffff,13452726650,5496814858,19.1379,0.004578,average_adult
89a8100c563ffff,89a8100c0b7ffff,13452726650,11423157638,14.2,0.193549,average_adult
89a8100c563ffff,89a8100c18bffff,13452726650,11399274873,18.0357,0.023613,average_adult
89a8100c563ffff,89a8100c19bffff,13452726650,2360366546,14.6808,0.16461,average_adult
89a8100c563ffff,89a8100c1c7ffff,13452726650,7292638283,17.4863,0.038473,average_adult
89a8100c563ffff,89a8100c1d3ffff,13452726650,457593231,12.0212,0.343908,average_adult
89a8100c563ffff,89a8100c1d7ffff,13452726650,457566696,10.6551,0.448641,average_adult
89a8100c563ffff,89a8100c1dbffff,13452726650,12902675140,19.4679,0.001746,average_adult
89a8100c563ffff,89a8100c50bffff,13452726650,13452873729,16.7364,0.064273,average_adult
89a8100c563ffff,89a8100c50fffff,13452726650,11279900601,11.9251,0.3511,average_adult
89a8100c563ffff,89a8100c53bffff,13452726650,11293370032,18.9665,0.006574,average_adult
89a8100c563ffff,89a8100c547ffff,13452726650,12703971545,14.4586,0.177752,average_adult
89a8100c563ffff,89a8100c54fffff,13452726650,11423253323,19.8732,9.9e-05,average_adult
89a8100c563ffff,89a8100c563ffff,13452726650,13452726650,0.7805,0.996247,average_adult
89a8100c563ffff,89a8100c567ffff,13452726650,13236665352,19.1922,0.00402,average_adult
89a8100c563ffff,89a8100c56bffff,13452726650,11339389942,11.9565,0.348742,average_adult
89a8100c563ffff,89a8100c56fffff,13452726650,11339389872,7.6761,0.67849,average_adult
89a8100c563ffff,89a8100c573ffff,13452726650,457593059,11.8325,0.358052,average_adult
89a8100c563ffff,89a8100c577ffff,13452726650,11386203919,9.4631,0.542122,average_adult
89a8100c563ffff,89a8100c57bffff,13452726650,11350198893,9.9746,0.501998,average_adult
89a8100c567ffff,89a8100c183ffff,13236665352,11386299646,19.9242,3.5e-05,average_adult
89a8100c567ffff,89a8100c18bffff,13236665352,11399274873,18.9495,0.006792,average_adult
89a8100c567ffff,89a8100c19bffff,13236665352,2360366546,11.5924,0.376231,average_adult
89a8100c567ffff,89a8100c1d7ffff,13236665352,457566696,16.5857,0.0702,average_adult
89a8100c567ffff,89a8100c50fffff,13236665352,11279900601,17.7978,0.029618,average_adult
89a8100c567ffff,89a8100c523ffff,13236665352,10561374326,17.491,0.03833,average_adult
89a8100c567ffff,89a8100c52bffff,13236665352,9579509671,11.4851,0.384414,average_adult
89a8100c567ffff,89a8100c52fffff,13236665352,11292167922,15.9806,0.096388,average_adult
89a8100c567ffff,89a8100c53bffff,13236665352,11293370032,13.7427,0.222694,average_adult
89a8100c567ffff,89a8100c567ffff,13236665352,13236665352,1.003,0.993807,average_adult
89a8100c567ffff,89a8100c573ffff,13236665352,457593059,18.3123,0.017467,average_adult
89a8100c567ffff,89a8100c577ffff,13236665352,11386203919,8.8217,0.592014,average_adult
89a8100c56bffff,89a8100c037ffff,11339389942,11347748025,16.3401,0.080373,average_adult
89a8100c56bffff,89a8100c0a3ffff,11339389942,10893697428,18.8396,0.008283,average_adult
89a8100c56bffff,89a8100c0a7ffff,11339389942,13279443676,8.4974,0.616921,average_adult
89a8100c56bffff,89a8100c0abffff,11339389942,12532715699,19.2927,0.003083,average_adult
89a8100c56bffff,89a8100c0afffff,11339389942,8743696886,16.3604,0.079512,average_adult
89a8100c56bffff,89a8100c0b3ffff,11339389942,5496814858,15.6139,0.11405,average_adult
89a8100c56bffff,89a8100c0b7ffff,11339389942,11423157638,10.676,0.44701,average_adult
89a8100c56bffff,89a8100c18bffff,11339389942,11399274873,19.8644,0.000113,average_adult
89a8100c56bffff,89a8100c19bffff,11339389942,2360366546,16.5095,0.073289,average_adult
89a8100c56bffff,89a8100c1c3ffff,11339389942,13452578280,14.0685,0.201771,average_adult
89a8100c56bffff,89a8100c1c7ffff,11339389942,7292638283,17.0411,0.05304,average_adult
89a8100c56bffff,89a8100c1cbffff,11339389942,455607086,15.7152,0.109042,average_adult
89a8100c56bffff,89a8100c1d3ffff,11339389942,457593231,5.9362,0.797931,average_adult
89a8100c56bffff,89a8100c1d7ffff,11339389942,457566696,12.4838,0.309834,average_adult
89a8100c56bffff,89a8100c1dbffff,11339389942,12902675140,12.4688,0.310926,average_adult
89a8100c56bffff,89a8100c547ffff,11339389942,12703971545,18.8617,0.007971,average_adult
89a8100c56bffff,89a8100c54fffff,11339389942,11423253323,18.6536,0.011141,average_adult
89a8100c56bffff,89a8100c563ffff,11339389942,13452726650,19.7994,0.000248,average_adult
89a8100c56bffff,89a8100c56bffff,11339389942,11339389942,1.0216,0.993575,average_adult
89a8100c56bffff,89a8100c56fffff,11339389942,11339389872,11.281,0.400067,average_adult
89a8100c56bffff,89a8100c573ffff,11339389942,457593059,17.7609,0.030608,average_adult
89a8100c56bffff,89a8100c57bffff,11339389942,11350198893,10.9951,0.42216,average_adult
89a8100c56fffff,89a8100c037ffff,11339389872,11347748025,19.0055,0.006089,average_adult
89a8100c56fffff,89a8100c0a7ffff,11339389872,13279443676,12.5713,0.303499,average_adult
89a8100c56fffff,89a8100c0b7ffff,11339389872,11423157638,18.2297,0.019209,average_adult
89a8100c56fffff,89a8100c153ffff,11339389872,455606646,19.8434,0.000151,average_adult
89a8100c56fffff,89a8100c183ffff,11339389872,11386299646,16.3364,0.080534,average_adult
89a8100c56fffff,89a8100c18bffff,11339389872,11399274873,11.7166,0.366805,average_adult
89a8100c56fffff,89a8100c19bffff,11339389872,2360366546,8.3617,0.627255,average_adult
89a8100c56fffff,89a8100c1c3ffff,11339389872,13452578280,14.7485,0.160684,average_adult
89a8100c56fffff,89a8100c1c7ffff,11339389872,7292638283,11.1672,0.408841,average_adult
89a8100c56fffff,89a8100c1cbffff,11339389872,455607086,16.3952,0.078039,average_adult
89a8100c56fffff,89a8100c1cfffff,11339389872,13452406589,17.0638,0.052245,average_adult
89a8100c56fffff,89a8100c1d3ffff,11339389872,457593231,5.7021,0.812491,average_adult
89a8100c56fffff,89a8100c1d7ffff,11339389872,457566696,4.336,0.888442,average_adult
89a8100c56fffff,89a8100c1dbffff,11339389872,12902675140,13.1488,0.262655,average_adult
89a8100c56fffff,89a8100c563ffff,11339389872,13452726650,12.2905,0.323961,average_adult
89a8100c56fffff,89a8100c56bffff,11339389872,11339389942,8.888,0.58689,average_adult
89a8100c56fffff,89a8100c56fffff,11339389872,11339389872,0.2629,0.999574,average_adult
89a8100c56fffff,89a8100c573ffff,11339389872,457593059,17.9397,0.025956,average_adult
89a8100c56fffff,89a8100c577ffff,11339389872,11386203919,17.8309,0.028742,average_adult
89a8100c56fffff,89a8100c57bffff,11339389872,11350198893,15.9785,0.096485,average_adult
89a8100c573ffff,89a8100c0a7ffff,457593059,13279443676,14.6477,0.166542,average_adult
89a8100c573ffff,89a8100c0b3ffff,457593059,5496814858,17.6159,0.034652,average_adult
89a8100c573ffff,89a8100c0b7ffff,457593059,11423157638,12.678,0.295817,average_adult
89a8100c573ffff,89a8100c19bffff,457593059,2360366546,17.6339,0.034139,average_adult
89a8100c573ffff,89a8100c1c7ffff,457593059,7292638283,19.9425,2e-05,average_adult
89a8100c573ffff,89a8100c1d3ffff,457593059,457593231,13.8444,0.216079,average_adult
89a8100c573ffff,89a8100c1d7ffff,457593059,457566696,15.2282,0.134004,average_adult
89a8100c573ffff,89a8100c1dbffff,457593059,12902675140,19.4,0.002219,average_adult
89a8100c573ffff,89a8100c503ffff,457593059,11341903975,14.1391,0.19734,average_adult
89a8100c573ffff,89a8100c507ffff,457593059,11401601119,16.0884,0.091451,average_adult
89a8100c573ffff,89a8100c50bffff,457593059,13452873729,7.203,0.712677,average_adult
89a8100c573ffff,89a8100c50fffff,457593059,11279900601,6.751,0.74424,average_adult
89a8100c573ffff,89a8100c51bffff,457593059,12586078227,17.912,0.026652,average_adult
89a8100c573ffff,89a8100c52bffff,457593059,9579509671,18.4116,0.015483,average_adult
89a8100c573ffff,89a8100c53bffff,457593059,11293370032,14.5129,0.174508,average_adult
89a8100c573ffff,89a8100c547ffff,457593059,12703971545,7.6896,0.677499,average_adult
89a8100c573ffff,89a8100c54fffff,457593059,11423253323,16.1714,0.087728,average_adult
89a8100c573ffff,89a8100c557ffff,457593059,12697580224,12.0049,0.345126,average_adult
89a8100c573ffff,89a8100c563ffff,457593059,13452726650,13.133,0.263747,average_adult
89a8100c573ffff,89a8100c567ffff,457593059,13236665352,16.9354,0.056824,average_adult
89a8100c573ffff,89a8100c56bffff,457593059,11339389942,10.4346,0.465893,average_adult
89a8100c573ffff,89a8100c56fffff,457593059,11339389872,13.8634,0.214851,average_adult
89a8100c573ffff,89a8100c573ffff,457593059,457593059,1.2747,0.990011,average_adult
89a8100c573ffff,89a8100c577ffff,457593059,11386203919,7.2063,0.712443,average_adult
89a8100c573ffff,89a8100c57bffff,457593059,11350198893,8.2747,0.633853,average_adult
89a8100c577ffff,89a8100c19bffff,11386203919,2360366546,13.8336,0.216781,average_adult
89a8100c577ffff,89a8100c1d3ffff,11386203919,457593231,19.0224,0.005884,average_adult
89a8100c577ffff,89a8100c1d7ffff,11386203919,457566696,16.8189,0.061135,average_adult
89a8100c577ffff,89a8100c503ffff,11386203919,11341903975,18.8296,0.008426,average_adult
89a8100c577ffff,89a8100c507ffff,11386203919,11401601119,16.1034,0.090772,average_adult
89a8100c577ffff,89a8100c50bffff,11386203919,13452873729,14.0598,0.20232,average_adult
89a8100c577ffff,89a8100c50fffff,11386203919,11279900601,9.0648,0.57319,average_adult
89a8100c577ffff,89a8100c523ffff,11386203919,10561374326,16.6168,0.068959,average_adult
89a8100c577ffff,89a8100c52bffff,11386203919,9579509671,12.1025,0.337857,average_adult
89a8100c577ffff,89a8100c52fffff,11386203919,11292167922,16.598,0.06971,average_adult
89a8100c577ffff,89a8100c53bffff,11386203919,11293370032,10.2374,0.481355,average_adult
89a8100c577ffff,89a8100c547ffff,11386203919,12703971545,15.719,0.108854,average_adult
89a8100c577ffff,89a8100c557ffff,11386203919,12697580224,18.8617,0.007971,average_adult
89a8100c577ffff,89a8100c563ffff,11386203919,13452726650,13.692,0.226012,average_adult
89a8100c577ffff,89a8100c567ffff,11386203919,13236665352,9.8735,0.509935,average_adult
89a8100c577ffff,89a8100c56bffff,11386203919,11339389942,18.1463,0.021048,average_adult
89a8100c577ffff,89a8100c56fffff,11386203919,11339389872,14.7503,0.16058,average_adult
89a8100c577ffff,89a8100c573ffff,11386203919,457593059,9.5793,0.53302,average_adult
89a8100c577ffff,89a8100c577ffff,11386203919,11386203919,0.0887,0.999952,average_adult
89a8100c577ffff,89a8100c57bffff,11386203919,11350198893,16.1643,0.088042,average_adult
89a8100c57bffff,89a8100c037ffff,11350198893,11347748025,18.4327,0.015076,average_adult
89a8100c57bffff,89a8100c087ffff,11350198893,13683468543,18.6022,0.012004,average_adult
89a8100c57bffff,89a8100c0a3ffff,11350198893,10893697428,15.2997,0.130201,average_adult
89a8100c57bffff,89a8100c0a7ffff,11350198893,13279443676,10.59,0.453731,average_adult
89a8100c57bffff,89a8100c0abffff,11350198893,12532715699,18.9672,0.006565,average_adult
89a8100c57bffff,89a8100c0afffff,11350198893,8743696886,16.3457,0.080136,average_adult
89a8100c57bffff,89a8100c0b3ffff,11350198893,5496814858,11.1084,0.413385,average_adult
89a8100c57bffff,89a8100c0b7ffff,11350198893,11423157638,6.1705,0.782956,average_adult
89a8100c57bffff,89a8100c0bbffff,11350198893,11423871971,16.8839,0.05871,average_adult
89a8100c57bffff,89a8100c19bffff,11350198893,2360366546,18.8832,0.007674,average_adult
89a8100c57bffff,89a8100c1c3ffff,11350198893,13452578280,16.9812,0.055168,average_adult
89a8100c57bffff,89a8100c1c7ffff,11350198893,7292638283,19.5113,0.001472,average_adult
89a8100c57bffff,89a8100c1cbffff,11350198893,455607086,18.5886,0.012238,average_adult
89a8100c57bffff,89a8100c1d3ffff,11350198893,457593231,11.1911,0.406996,average_adult
89a8100c57bffff,89a8100c1d7ffff,11350198893,457566696,14.8575,0.154451,average_adult
89a8100c57bffff,89a8100c1dbffff,11350198893,12902675140,15.3422,0.127962,average_adult
89a8100c57bffff,89a8100c50bffff,11350198893,13452873729,14.8303,0.155997,average_adult
89a8100c57bffff,89a8100c50fffff,11350198893,11279900601,16.4112,0.077364,average_adult
89a8100c57bffff,89a8100c543ffff,11350198893,7721333437,19.0439,0.005628,average_adult
89a8100c57bffff,89a8100c547ffff,11350198893,12703971545,10.2735,0.478523,average_adult
89a8100c57bffff,89a8100c54fffff,11350198893,11423253323,11.7603,0.363499,average_adult
89a8100c57bffff,89a8100c557ffff,11350198893,12697580224,16.8418,0.060275,average_adult
89a8100c57bffff,89a8100c563ffff,11350198893,13452726650,13.3289,0.250301,average_adult
89a8100c57bffff,89a8100c56bffff,11350198893,11339389942,6.3768,0.769448,average_adult
89a8100c57bffff,89a8100c56fffff,11350198893,11339389872,13.4927,0.239238,average_adult
89a8100c57bffff,89a8100c573ffff,11350198893,457593059,10.9372,0.426657,average_adult
89a8100c57bffff,89a8100c577ffff,11350198893,11386203919,15.0249,0.145068,average_adult
89a8100c57bffff,89a8100c57bffff,11350198893,11350198893,1.0871,0.992728,average_adult
89a8100c583ffff,89a8100c513ffff,12265197248,303862596,19.0847,0.005159,average_adult
89a8100c583ffff,89a8100c517ffff,12265197248,11409667724,18.506,0.013706,average_adult
89a8100c583ffff,89a8100c583ffff,12265197248,12265197248,0.791,0.996145,average_adult
89a8100c583ffff,89a8100c587ffff,12265197248,303858897,10.691,0.445836,average_adult
89a8100c583ffff,89a8100c58bffff,12265197248,1393378103,19.3384,0.002698,average_adult
89a8100c583ffff,89a8100c58fffff,12265197248,4252790480,10.3106,0.475615,average_adult
89a8100c583ffff,89a8100c593ffff,12265197248,304111065,17.4764,0.038772,average_adult
89a8100c583ffff,89a8100c597ffff,12265197248,11374075968,13.4136,0.244559,average_adult
89a8100c583ffff,89a8100c59bffff,12265197248,8954073387,18.6845,0.010637,average_adult
89a8100c583ffff,89a8100c5b3ffff,12265197248,11381688343,19.0558,0.005489,average_adult
89a8100c583ffff,89a8100c5bbffff,12265197248,13453136400,17.274,0.045143,average_adult
89a8100c583ffff,89a8100e367ffff,12265197248,142814786,18.8993,0.007455,average_adult
89a8100c583ffff,89a8100ee4bffff,12265197248,142806216,17.5606,0.036259,average_adult
89a8100c583ffff,89a8100ee5bffff,12265197248,3317179765,18.5227,0.013402,average_adult
89a8100c587ffff,89a8100c513ffff,303858897,303862596,18.0679,0.022852,average_adult
89a8100c587ffff,89a8100c517ffff,303858897,11409667724,13.6666,0.227685,average_adult
89a8100c587ffff,89a8100c583ffff,303858897,12265197248,10.1285,0.489908,average_adult
89a8100c587ffff,89a8100c587ffff,303858897,303858897,0.8573,0.995473,average_adult
89a8100c587ffff,89a8100c58bffff,303858897,1393378103,18.3216,0.017277,average_adult
89a8100c587ffff,89a8100c58fffff,303858897,4252790480,7.6367,0.681382,average_adult
89a8100c587ffff,89a8100c593ffff,303858897,304111065,14.1192,0.198584,average_adult
89a8100c587ffff,89a8100c597ffff,303858897,11374075968,6.3624,0.770405,average_adult
89a8100c587ffff,89a8100c5a3ffff,303858897,13450161955,13.4924,0.239262,average_adult
89a8100c587ffff,89a8100c5abffff,303858897,11394279072,18.0479,0.023324,average_adult
89a8100c587ffff,89a8100c5afffff,303858897,11380109175,18.8112,0.008692,average_adult
89a8100c587ffff,89a8100c5b3ffff,303858897,11381688343,9.5715,0.533631,average_adult
89a8100c587ffff,89a8100c5b7ffff,303858897,11380298950,13.8221,0.217528,average_adult
89a8100c587ffff,89a8100c5bbffff,303858897,13453136400,9.6249,0.529441,average_adult
89a8100c587ffff,89a8100e32bffff,303858897,142777323,19.8531,0.000133,average_adult
89a8100c587ffff,89a8100e32fffff,303858897,13165518049,17.4743,0.038835,average_adult
89a8100c587ffff,89a8100ee43ffff,303858897,303788527,14.9398,0.149808,average_adult
89a8100c587ffff,89a8100ee47ffff,303858897,303788569,18.5085,0.013659,average_adult
89a8100c587ffff,89a8100ee4bffff,303858897,142806216,8.0763,0.648797,average_adult
89a8100c587ffff,89a8100ee4fffff,303858897,303788630,15.2739,0.131565,average_adult
89a8100c587ffff,89a8100ee53ffff,303858897,11374107987,14.8209,0.156532,average_adult
89a8100c587ffff,89a8100ee5bffff,303858897,3317179765,10.8703,0.431857,average_adult
89a8100c587ffff,89a8100ee7bffff,303858897,11381714308,18.5802,0.012384,average_adult
89a8100c587ffff,89a8100eecbffff,303858897,303788723,19.3994,0.002223,average_adult
89a8100c587ffff,89a8100eecfffff,303858897,10293138120,19.836,0.000166,average_adult
89a8100c58bffff,89a8100c503ffff,1393378103,11341903975,19.858,0.000124,average_adult
89a8100c58bffff,89a8100c513ffff,1393378103,303862596,8.8456,0.59017,average_adult
89a8100c58bffff,89a8100c517ffff,1393378103,11409667724,12.6161,0.300264,average_adult
89a8100c58bffff,89a8100c51bffff,1393378103,12586078227,17.0784,0.051734,average_adult
89a8100c58bffff,89a8100c583ffff,1393378103,12265197248,14.9451,0.149509,average_adult
89a8100c58bffff,89a8100c587ffff,1393378103,303858897,14.817,0.156756,average_adult
89a8100c58bffff,89a8100c58bffff,1393378103,1393378103,0.6024,0.997763,average_adult
89a8100c58bffff,89a8100c58fffff,1393378103,4252790480,9.9653,0.502725,average_adult
89a8100c58bffff,89a8100c593ffff,1393378103,304111065,12.291,0.323921,average_adult
89a8100c58bffff,89a8100c597ffff,1393378103,11374075968,15.4717,0.121243,average_adult
89a8100c58bffff,89a8100c59bffff,1393378103,8954073387,6.4007,0.767868,average_adult
89a8100c58bffff,89a8100c5abffff,1393378103,11394279072,19.0311,0.00578,average_adult
89a8100c58bffff,89a8100c5bbffff,1393378103,13453136400,15.9124,0.099576,average_adult
89a8100c58bffff,89a8100c5c3ffff,1393378103,303868171,19.7217,0.000478,average_adult
89a8100c58bffff,89a8100c5c7ffff,1393378103,2816708327,10.7413,0.441908,average_adult
89a8100c58bffff,89a8100c5d7ffff,1393378103,303867318,10.6167,0.451636,average_adult
89a8100c58bffff,89a8100e32bffff,1393378103,142777323,19.4686,0.001741,average_adult
89a8100c58bffff,89a8100e32fffff,1393378103,13165518049,17.0898,0.05134,average_adult
89a8100c58bffff,89a8100e363ffff,1393378103,388512103,19.0831,0.005177,average_adult
89a8100c58bffff,89a8100e367ffff,1393378103,142814786,12.5642,0.30401,average_adult
89a8100c58bffff,89a8100e36fffff,1393378103,389063008,17.0721,0.051956,average_adult
89a8100c58bffff,89a8100e377ffff,1393378103,388512089,18.9932,0.00624,average_adult
89a8100c58bffff,89a8100ee5bffff,1393378103,3317179765,19.9059,5.5e-05,average_adult
89a8100c58fffff,89a8100c503ffff,4252790480,11341903975,18.1697,0.020522,average_adult
89a8100c58fffff,89a8100c513ffff,4252790480,303862596,12.2098,0.329905,average_adult
89a8100c58fffff,89a8100c517ffff,4252790480,11409667724,9.2444,0.559207,average_adult
89a8100c58fffff,89a8100c583ffff,4252790480,12265197248,8.1461,0.643553,average_adult
89a8100c58fffff,89a8100c587ffff,4252790480,303858897,6.4454,0.764894,average_adult
89a8100c58fffff,89a8100c58bffff,4252790480,1393378103,12.4635,0.311306,average_adult
89a8100c58fffff,89a8100c58fffff,4252790480,4252790480,0.9089,0.994912,average_adult
89a8100c58fffff,89a8100c593ffff,4252790480,304111065,16.0707,0.092252,average_adult
89a8100c58fffff,89a8100c597ffff,4252790480,11374075968,10.706,0.444665,average_adult
89a8100c58fffff,89a8100c59bffff,4252790480,8954073387,17.921,0.026426,average_adult
89a8100c58fffff,89a8100c5a3ffff,4252790480,13450161955,13.325,0.250566,average_adult
89a8100c58fffff,89a8100c5abffff,4252790480,11394279072,15.5755,0.115972,average_adult
89a8100c58fffff,89a8100c5afffff,4252790480,11380109175,17.4568,0.039369,average_adult
89a8100c58fffff,89a8100c5b3ffff,4252790480,11381688343,14.8102,0.157142,average_adult
89a8100c58fffff,89a8100c5b7ffff,4252790480,11380298950,19.0608,0.005431,average_adult
89a8100c58fffff,89a8100c5bbffff,4252790480,13453136400,8.737,0.598543,average_adult
89a8100c58fffff,89a8100c5c7ffff,4252790480,2816708327,18.8922,0.007551,average_adult
89a8100c58fffff,89a8100c5d7ffff,4252790480,303867318,19.1217,0.004751,average_adult
89a8100c58fffff,89a8100e367ffff,4252790480,142814786,19.1596,0.004351,average_adult
89a8100c58fffff,89a8100ee4bffff,4252790480,142806216,13.3151,0.251244,average_adult
89a8100c58fffff,89a8100ee5bffff,4252790480,3317179765,15.8151,0.104198,average_adult
89a8100c593ffff,89a8100c583ffff,304111065,12265197248,16.2347,0.084933,average_adult
89a8100c593ffff,89a8100c587ffff,304111065,303858897,13.3825,0.246662,average_adult
89a8100c593ffff,89a8100c58bffff,304111065,1393378103,15.6395,0.112773,average_adult
89a8100c593ffff,89a8100c58fffff,304111065,4252790480,16.7637,0.063229,average_adult
89a8100c593ffff,89a8100c593ffff,304111065,304111065,1.5054,0.986085,average_adult
89a8100c593ffff,89a8100c597ffff,304111065,11374075968,7.0864,0.720926,average_adult
89a8100c593ffff,89a8100c59bffff,304111065,8954073387,10.6691,0.447544,average_adult
89a8100c593ffff,89a8100c5b3ffff,304111065,11381688343,18.8139,0.008653,average_adult
89a8100c593ffff,89a8100c5d7ffff,304111065,303867318,19.2668,0.003313,average_adult
89a8100c593ffff,89a8100e323ffff,304111065,5239723179,16.6827,0.066359,average_adult
89a8100c593ffff,89a8100e327ffff,304111065,6697698868,19.836,0.000166,average_adult
89a8100c593ffff,89a8100e32bffff,304111065,142777323,10.0646,0.494924,average_adult
89a8100c593ffff,89a8100e32fffff,304111065,13165518049,8.7045,0.601048,average_adult
89a8100c593ffff,89a8100e363ffff,304111065,388512103,18.42,0.01532,average_adult
89a8100c593ffff,89a8100e367ffff,304111065,142814786,8.7526,0.597342,average_adult
89a8100c593ffff,89a8100e36fffff,304111065,389063008,16.409,0.077458,average_adult
89a8100c593ffff,89a8100e377ffff,304111065,388512089,18.3301,0.017103,average_adult
89a8100c593ffff,89a8100ee43ffff,304111065,303788527,17.4094,0.04083,average_adult
89a8100c593ffff,89a8100ee4bffff,304111065,142806216,13.6242,0.230482,average_adult
89a8100c593ffff,89a8100ee53ffff,304111065,11374107987,16.8042,0.06169,average_adult
89a8100c593ffff,89a8100ee5bffff,304111065,3317179765,11.5206,0.381704,average_adult
89a8100c597ffff,89a8100c583ffff,11374075968,12265197248,13.7911,0.219536,average_adult
89a8100c597ffff,89a8100c587ffff,11374075968,303858897,8.4967,0.616976,average_adult
89a8100c597ffff,89a8100c58fffff,11374075968,4252790480,12.9564,0.276063,average_adult
89a8100c597ffff,89a8100c593ffff,11374075968,304111065,9.4726,0.541374,average_adult
89a8100c597ffff,89a8100c597ffff,11374075968,11374075968,1.2051,0.991068,average_adult
89a8100c597ffff,89a8100c59bffff,11374075968,8954073387,18.6363,0.011428,average_adult
89a8100c597ffff,89a8100c5b3ffff,11374075968,11381688343,13.4391,0.242839,average_adult
89a8100c597ffff,89a8100c5b7ffff,11374075968,11380298950,15.1022,0.140817,average_adult
89a8100c597ffff,89a8100c5bbffff,11374075968,13453136400,17.2643,0.04546,average_adult
89a8100c597ffff,89a8100e323ffff,11374075968,5239723179,18.1963,0.019933,average_adult
89a8100c597ffff,89a8100e32bffff,11374075968,142777323,15.2065,0.135167,average_adult
89a8100c597ffff,89a8100e32fffff,11374075968,13165518049,12.8277,0.285143,average_adult
89a8100c597ffff,89a8100e367ffff,11374075968,142814786,16.7198,0.064915,average_adult
89a8100c597ffff,89a8100ee43ffff,11374075968,303788527,12.8071,0.286604,average_adult
89a8100c597ffff,89a8100ee47ffff,11374075968,303788569,17.7422,0.031117,average_adult
89a8100c597ffff,89a8100ee4bffff,11374075968,142806216,8.0004,0.654478,average_adult
89a8100c597ffff,89a8100ee4fffff,11374075968,303788630,15.2254,0.134151,average_adult
89a8100c597ffff,89a8100ee53ffff,11374075968,11374107987,12.2019,0.330491,average_adult
89a8100c597ffff,89a8100ee57ffff,11374075968,303788601,18.7639,0.009396,average_adult
89a8100c597ffff,89a8100ee5bffff,11374075968,3317179765,6.9184,0.73269,average_adult
89a8100c597ffff,89a8100ee7bffff,11374075968,11381714308,18.5317,0.01324,average_adult
89a8100c597ffff,89a8100eecbffff,11374075968,303788723,16.7804,0.062589,average_adult
89a8100c597ffff,89a8100eecfffff,11374075968,10293138120,17.7034,0.032185,average_adult
89a8100c59bffff,89a8100c513ffff,8954073387,303862596,14.2048,0.19325,average_adult
89a8100c59bffff,89a8100c517ffff,8954073387,11409667724,18.2611,0.018537,average_adult
89a8100c59bffff,89a8100c583ffff,8954073387,12265197248,14.1019,0.199668,average_adult
89a8100c59bffff,89a8100c587ffff,8954073387,303858897,17.3941,0.041305,average_adult
89a8100c59bffff,89a8100c58bffff,8954073387,1393378103,6.4453,0.764904,average_adult
89a8100c59bffff,89a8100c58fffff,8954073387,4252790480,15.6103,0.11423,average_adult
89a8100c59bffff,89a8100c593ffff,8954073387,304111065,8.7633,0.596517,average_adult
89a8100c59bffff,89a8100c597ffff,8954073387,11374075968,12.491,0.309314,average_adult
89a8100c59bffff,89a8100c59bffff,8954073387,8954073387,0.513,0.998378,average_adult
89a8100c59bffff,89a8100c5c3ffff,8954073387,303868171,19.6593,0.000716,average_adult
89a8100c59bffff,89a8100c5c7ffff,8954073387,2816708327,13.2936,0.252705,average_adult
89a8100c59bffff,89a8100c5d3ffff,8954073387,1097971350,18.0697,0.022809,average_adult
89a8100c59bffff,89a8100c5d7ffff,8954073387,303867318,10.0725,0.494304,average_adult
89a8100c59bffff,89a8100e32bffff,8954073387,142777323,13.6025,0.231921,average_adult
89a8100c59bffff,89a8100e32fffff,8954073387,13165518049,14.109,0.199223,average_adult
89a8100c59bffff,89a8100e363ffff,8954073387,388512103,13.1954,0.259441,average_adult
89a8100c59bffff,89a8100e367ffff,8954073387,142814786,6.6765,0.749332,average_adult
89a8100c59bffff,89a8100e36fffff,8954073387,389063008,11.1843,0.407517,average_adult
89a8100c59bffff,89a8100e377ffff,8954073387,388512089,13.1055,0.265657,average_adult
89a8100c59bffff,89a8100ee4bffff,8954073387,142806216,19.0288,0.005807,average_adult
89a8100c59bffff,89a8100ee5bffff,8954073387,3317179765,16.9252,0.057196,average_adult
89a8100c5a3ffff,89a8100c507ffff,13450161955,11401601119,19.4495,0.001869,average_adult
89a8100c5a3ffff,89a8100c517ffff,13450161955,11409667724,16.7849,0.062417,average_adult
89a8100c5a3ffff,89a8100c533ffff,13450161955,11384427627,15.4752,0.121066,average_adult
89a8100c5a3ffff,89a8100c587ffff,13450161955,303858897,13.9806,0.20734,average_adult
89a8100c5a3ffff,89a8100c58fffff,13450161955,4252790480,15.4977,0.119914,average_adult
89a8100c5a3ffff,89a8100c597ffff,13450161955,11374075968,18.8439,0.008222,average_adult
89a8100c5a3ffff,89a8100c5a3ffff,13450161955,13450161955,1.0833,0.992779,average_adult
89a8100c5a3ffff,89a8100c5a7ffff,13450161955,11315561922,9.6271,0.529273,average_adult
89a8100c5a3ffff,89a8100c5abffff,13450161955,11394279072,11.8261,0.358534,average_adult
89a8100c5a3ffff,89a8100c5afffff,13450161955,11380109175,7.4412,0.695599,average_adult
89a8100c5a3ffff,89a8100c5b3ffff,13450161955,11381688343,10.2198,0.48274,average_adult
89a8100c5a3ffff,89a8100c5b7ffff,13450161955,11380298950,7.551,0.687635,average_adult
89a8100c5a3ffff,89a8100c5bbffff,13450161955,13453136400,10.6668,0.447727,average_adult
89a8100c5a3ffff,89a8100eac3ffff,13450161955,11331125078,19.0226,0.005881,average_adult
89a8100c5a3ffff,89a8100ead3ffff,13450161955,11334987710,17.7619,0.030582,average_adult
89a8100c5a3ffff,89a8100eadbffff,13450161955,13452423932,12.8496,0.283595,average_adult
89a8100c5a3ffff,89a8100ee43ffff,13450161955,303788527,17.9293,0.026217,average_adult
89a8100c5a3ffff,89a8100ee47ffff,13450161955,303788569,14.526,0.173725,average_adult
89a8100c5a3ffff,89a8100ee4bffff,13450161955,142806216,15.1749,0.136869,average_adult
89a8100c5a3ffff,89a8100ee4fffff,13450161955,303788630,11.0384,0.418808,average_adult
89a8100c5a3ffff,89a8100ee63ffff,13450161955,4234762112,19.5178,0.001434,average_adult
89a8100c5a3ffff,89a8100ee6bffff,13450161955,60624735,16.1381,0.089214,average_adult
89a8100c5a3ffff,89a8100ee73ffff,13450161955,303561646,17.7581,0.030685,average_adult
89a8100c5a3ffff,89a8100ee7bffff,13450161955,11381714308,13.5533,0.235193,average_adult
89a8100c5a7ffff,89a8100c533ffff,11315561922,11384427627,16.9286,0.057072,average_adult
89a8100c5a7ffff,89a8100c537ffff,11315561922,11404088064,17.598,0.035169,average_adult
89a8100c5a7ffff,89a8100c587ffff,11315561922,303858897,19.1299,0.004663,average_adult
89a8100c5a7ffff,89a8100c5a3ffff,11315561922,13450161955,7.7359,0.674097,average_adult
89a8100c5a7ffff,89a8100c5a7ffff,11315561922,11315561922,0.4965,0.99848,average_adult
89a8100c5a7ffff,89a8100c5abffff,11315561922,11394279072,17.3731,0.041966,average_adult
89a8100c5a7ffff,89a8100c5afffff,11315561922,11380109175,8.2837,0.633174,average_adult
89a8100c5a7ffff,89a8100c5b3ffff,11315561922,11381688343,13.3883,0.24627,average_adult
89a8100c5a7ffff,89a8100c5b7ffff,11315561922,11380298950,6.1986,0.781132,average_adult
89a8100c5a7ffff,89a8100c5bbffff,11315561922,13453136400,16.4029,0.077712,average_adult
89a8100c5a7ffff,89a8100ea9bffff,11315561922,303562378,19.8877,7.8e-05,average_adult
89a8100c5a7ffff,89a8100eac3ffff,11315561922,11331125078,12.4215,0.314371,average_adult
89a8100c5a7ffff,89a8100eacbffff,11315561922,5635274734,17.3047,0.044148,average_adult
89a8100c5a7ffff,89a8100ead3ffff,11315561922,11334987710,8.7945,0.594117,average_adult
89a8100c5a7ffff,89a8100ead7ffff,11315561922,2147307307,15.1251,0.139567,average_adult
89a8100c5a7ffff,89a8100eadbffff,11315561922,13452423932,8.0858,0.648089,average_adult
89a8100c5a7ffff,89a8100ee0fffff,11315561922,1389167116,19.2863,0.003139,average_adult
89a8100c5a7ffff,89a8100ee47ffff,11315561922,303788569,17.6945,0.03243,average_adult
89a8100c5a7ffff,89a8100ee4bffff,11315561922,142806216,18.3434,0.016833,average_adult
89a8100c5a7ffff,89a8100ee4fffff,11315561922,303788630,14.2069,0.19312,average_adult
89a8100c5a7ffff,89a8100ee63ffff,11315561922,4234762112,13.2207,0.2577,average_adult
89a8100c5a7ffff,89a8100ee67ffff,11315561922,8026880962,17.2194,0.046939,average_adult
89a8100c5a7ffff,89a8100ee6bffff,11315561922,60624735,8.514,0.615654,average_adult
89a8100c5a7ffff,89a8100ee6fffff,11315561922,303562332,13.6556,0.228407,average_adult
89a8100c5a7ffff,89a8100ee73ffff,11315561922,303561646,14.3439,0.184698,average_adult
89a8100c5a7ffff,89a8100ee7bffff,11315561922,11381714308,11.6227,0.37393,average_adult
89a8100c5abffff,89a8100c503ffff,11394279072,11341903975,16.8106,0.061445,average_adult
89a8100c5abffff,89a8100c507ffff,11394279072,11401601119,9.1706,0.56496,average_adult
89a8100c5abffff,89a8100c50fffff,11394279072,11279900601,17.8152,0.029155,average_adult
89a8100c5abffff,89a8100c513ffff,11394279072,303862596,16.9793,0.055238,average_adult
89a8100c5abffff,89a8100c517ffff,11394279072,11409667724,6.1809,0.782283,average_adult
89a8100c5abffff,89a8100c523ffff,11394279072,10561374326,19.86,0.000121,average_adult
89a8100c5abffff,89a8100c533ffff,11394279072,11384427627,11.6058,0.375215,average_adult
89a8100c5abffff,89a8100c537ffff,11394279072,11404088064,17.3188,0.043693,average_adult
89a8100c5abffff,89a8100c53bffff,11394279072,11293370032,18.2027,0.019794,average_adult
89a8100c5abffff,89a8100c583ffff,11394279072,12265197248,18.502,0.013778,average_adult
89a8100c5abffff,89a8100c587ffff,11394279072,303858897,14.3754,0.182781,average_adult
89a8100c5abffff,89a8100c58bffff,11394279072,1393378103,17.233,0.046489,average_adult
89a8100c5abffff,89a8100c58fffff,11394279072,4252790480,11.8264,0.358513,average_adult
89a8100c5abffff,89a8100c597ffff,11394279072,11374075968,19.3059,0.002969,average_adult
89a8100c5abffff,89a8100c5a3ffff,11394279072,13450161955,6.7512,0.744227,average_adult
89a8100c5abffff,89a8100c5a7ffff,11394279072,11315561922,13.0829,0.267225,average_adult
89a8100c5abffff,89a8100c5abffff,11394279072,11394279072,1.2221,0.990816,average_adult
89a8100c5abffff,89a8100c5afffff,11394279072,11380109175,6.8994,0.734007,average_adult
89a8100c5abffff,89a8100c5b3ffff,11394279072,11381688343,12.5257,0.306793,average_adult
89a8100c5abffff,89a8100c5b7ffff,11394279072,11380298950,12.8006,0.287065,average_adult
89a8100c5abffff,89a8100c5bbffff,11394279072,13453136400,8.6197,0.60756,average_adult
89a8100c5abffff,89a8100eadbffff,11394279072,13452423932,15.7422,0.107719,average_adult
89a8100c5abffff,89a8100ee47ffff,11394279072,303788569,19.7757,0.00031,average_adult
89a8100c5abffff,89a8100ee4bffff,11394279072,142806216,18.7583,0.009481,average_adult
89a8100c5abffff,89a8100ee4fffff,11394279072,303788630,16.288,0.082614,average_adult
89a8100c5abffff,89a8100ee7bffff,11394279072,11381714308,18.8029,0.008814,average_adult
89a8100c5afffff,89a8100c507ffff,11380109175,11401601119,17.3378,0.043083,average_adult
89a8100c5afffff,89a8100c517ffff,11380109175,11409667724,15.1593,0.13771,average_adult
89a8100c5afffff,89a8100c523ffff,11380109175,10561374326,16.6811,0.066422,average_adult
89a8100c5afffff,89a8100c533ffff,11380109175,11384427627,9.756,0.519162,average_adult
89a8100c5afffff,89a8100c537ffff,11380109175,11404088064,14.1399,0.197292,average_adult
89a8100c5afffff,89a8100c587ffff,11380109175,303858897,18.063,0.022965,average_adult
89a8100c5afffff,89a8100c58fffff,11380109175,4252790480,18.9534,0.006741,average_adult
89a8100c5afffff,89a8100c5a3ffff,11380109175,13450161955,6.0019,0.793771,average_adult
89a8100c5afffff,89a8100c5a7ffff,11380109175,11315561922,8.096,0.647322,average_adult
89a8100c5afffff,89a8100c5abffff,11380109175,11394279072,10.2005,0.484254,average_adult
89a8100c5afffff,89a8100c5afffff,11380109175,11380109175,1.1111,0.992405,average_adult
89a8100c5afffff,89a8100c5b3ffff,11380109175,11381688343,14.5865,0.170139,average_adult
89a8100c5afffff,89a8100c5b7ffff,11380109175,11380298950,8.1946,0.6399,average_adult
89a8100c5afffff,89a8100c5bbffff,11380109175,13453136400,14.5733,0.170923,average_adult
89a8100c5afffff,89a8100eac3ffff,11380109175,11331125078,17.4836,0.038553,average_adult
89a8100c5afffff,89a8100eacbffff,11380109175,5635274734,17.5813,0.035655,average_adult
89a8100c5afffff,89a8100ead3ffff,11380109175,11334987710,16.2308,0.085106,average_adult
89a8100c5afffff,89a8100eadbffff,11380109175,13452423932,11.3106,0.397794,average_adult
89a8100c5afffff,89a8100ee47ffff,11380109175,303788569,18.8927,0.007544,average_adult
89a8100c5afffff,89a8100ee4bffff,11380109175,142806216,19.5416,0.001296,average_adult
89a8100c5afffff,89a8100ee4fffff,11380109175,303788630,15.4051,0.12468,average_adult
89a8100c5afffff,89a8100ee6bffff,11380109175,60624735,15.649,0.112301,average_adult
89a8100c5afffff,89a8100ee73ffff,11380109175,303561646,18.4017,0.015675,average_adult
89a8100c5afffff,89a8100ee7bffff,11380109175,11381714308,14.1969,0.19374,average_adult
89a8100c5b3ffff,89a8100c517ffff,11381688343,11409667724,17.3088,0.044015,average_adult
89a8100c5b3ffff,89a8100c583ffff,11381688343,12265197248,17.0165,0.053908,average_adult
89a8100c5b3ffff,89a8100c587ffff,11381688343,303858897,8.9637,0.58103,average_adult
89a8100c5b3ffff,89a8100c58fffff,11381688343,4252790480,14.2176,0.192455,average_adult
89a8100c5b3ffff,89a8100c593ffff,11381688343,304111065,18.7461,0.009668,average_adult
89a8100c5b3ffff,89a8100c597ffff,11381688343,11374075968,10.9892,0.422623,average_adult
89a8100c5b3ffff,89a8100c5a3ffff,11381688343,13450161955,8.5082,0.616096,average_adult
89a8100c5b3ffff,89a8100c5a7ffff,11381688343,11315561922,14.0782,0.201161,average_adult
89a8100c5b3ffff,89a8100c5abffff,11381688343,11394279072,15.1828,0.136439,average_adult
89a8100c5b3ffff,89a8100c5afffff,11381688343,11380109175,14.8662,0.153957,average_adult
89a8100c5b3ffff,89a8100c5b3ffff,11381688343,11381688343,0.5159,0.998359,average_adult
89a8100c5b3ffff,89a8100c5b7ffff,11381688343,11380298950,6.583,0.755669,average_adult
89a8100c5b3ffff,89a8100c5bbffff,11381688343,13453136400,9.9028,0.50763,average_adult
89a8100c5b3ffff,89a8100ee43ffff,11381688343,303788527,12.6189,0.300061,average_adult
89a8100c5b3ffff,89a8100ee47ffff,11381688343,303788569,13.3955,0.245784,average_adult
89a8100c5b3ffff,89a8100ee4bffff,11381688343,142806216,8.1428,0.643801,average_adult
89a8100c5b3ffff,89a8100ee4fffff,11381688343,303788630,9.9078,0.507238,average_adult
89a8100c5b3ffff,89a8100ee53ffff,11381688343,11374107987,18.783,0.009109,average_adult
89a8100c5b3ffff,89a8100ee57ffff,11381688343,303788601,16.8323,0.06063,average_adult
89a8100c5b3ffff,89a8100ee5bffff,11381688343,3317179765,14.8438,0.155229,average_adult
89a8100c5b3ffff,89a8100ee63ffff,11381688343,4234762112,18.5498,0.012917,average_adult
89a8100c5b3ffff,89a8100ee6bffff,11381688343,60624735,15.2962,0.130383,average_adult
89a8100c5b3ffff,89a8100ee6fffff,11381688343,303562332,19.2766,0.003225,average_adult
89a8100c5b3ffff,89a8100ee73ffff,11381688343,303561646,16.7901,0.062222,average_adult
89a8100c5b3ffff,89a8100ee7bffff,11381688343,11381714308,12.5853,0.302489,average_adult
89a8100c5b7ffff,89a8100c587ffff,11380298950,303858897,17.0506,0.052705,average_adult
89a8100c5b7ffff,89a8100c597ffff,11380298950,11374075968,16.4176,0.077095,average_adult
89a8100c5b7ffff,89a8100c5a3ffff,11380298950,13450161955,9.8079,0.515087,average_adult
89a8100c5b7ffff,89a8100c5a7ffff,11380298950,11315561922,9.5693,0.533801,average_adult
89a8100c5b7ffff,89a8100c5afffff,11380298950,11380109175,13.0778,0.267577,average_adult
89a8100c5b7ffff,89a8100c5b3ffff,11380298950,11381688343,10.0234,0.498161,average_adult
89a8100c5b7ffff,89a8100c5b7ffff,11380298950,11380298950,0.5693,0.998002,average_adult
89a8100c5b7ffff,89a8100c5bbffff,11380298950,13453136400,19.1347,0.004611,average_adult
89a8100c5b7ffff,89a8100ead3ffff,11380298950,11334987710,14.265,0.18953,average_adult
89a8100c5b7ffff,89a8100eadbffff,11380298950,13452423932,17.105,0.050814,average_adult
89a8100c5b7ffff,89a8100ee0bffff,11380298950,302727634,17.1827,0.048166,average_adult
89a8100c5b7ffff,89a8100ee0fffff,11380298950,1389167116,16.3656,0.07929,average_adult
89a8100c5b7ffff,89a8100ee43ffff,11380298950,303788527,15.503,0.119642,average_adult
89a8100c5b7ffff,89a8100ee47ffff,11380298950,303788569,12.0998,0.338059,average_adult
89a8100c5b7ffff,89a8100ee4bffff,11380298950,142806216,12.7486,0.290769,average_adult
89a8100c5b7ffff,89a8100ee4fffff,11380298950,303788630,8.6121,0.608143,average_adult
89a8100c5b7ffff,89a8100ee57ffff,11380298950,303788601,19.0065,0.006076,average_adult
89a8100c5b7ffff,89a8100ee5bffff,11380298950,3317179765,19.4495,0.001868,average_adult
89a8100c5b7ffff,89a8100ee63ffff,11380298950,4234762112,12.5361,0.306041,average_adult
89a8100c5b7ffff,89a8100ee67ffff,11380298950,8026880962,16.5348,0.072257,average_adult
89a8100c5b7ffff,89a8100ee6bffff,11380298950,60624735,9.2826,0.556227,average_adult
89a8100c5b7ffff,89a8100ee6fffff,11380298950,303562332,13.2629,0.254805,average_adult
89a8100c5b7ffff,89a8100ee73ffff,11380298950,303561646,10.7764,0.439171,average_adult
89a8100c5b7ffff,89a8100ee77ffff,11380298950,4187978113,19.6818,0.000624,average_adult
89a8100c5b7ffff,89a8100ee7bffff,11380298950,11381714308,6.5716,0.756438,average_adult
89a8100c5bbffff,89a8100c503ffff,13453136400,11341903975,19.7274,0.000458,average_adult
89a8100c5bbffff,89a8100c507ffff,13453136400,11401601119,17.721,0.031698,average_adult
89a8100c5bbffff,89a8100c513ffff,13453136400,303862596,16.8603,0.059586,average_adult
89a8100c5bbffff,89a8100c517ffff,13453136400,11409667724,8.6489,0.605318,average_adult
89a8100c5bbffff,89a8100c533ffff,13453136400,11384427627,19.6425,0.000788,average_adult
89a8100c5bbffff,89a8100c583ffff,13453136400,12265197248,13.631,0.230033,average_adult
89a8100c5bbffff,89a8100c587ffff,13453136400,303858897,7.2674,0.708089,average_adult
89a8100c5bbffff,89a8100c58bffff,13453136400,1393378103,17.114,0.050504,average_adult
89a8100c5bbffff,89a8100c58fffff,13453136400,4252790480,7.2285,0.71086,average_adult
89a8100c5bbffff,89a8100c593ffff,13453136400,304111065,19.9548,1.3e-05,average_adult
89a8100c5bbffff,89a8100c597ffff,13453136400,11374075968,12.198,0.330781,average_adult
89a8100c5bbffff,89a8100c5a3ffff,13453136400,13450161955,7.7055,0.676333,average_adult
89a8100c5bbffff,89a8100c5a7ffff,13453136400,11315561922,15.2181,0.134545,average_adult
89a8100c5bbffff,89a8100c5abffff,13453136400,11394279072,10.3801,0.470167,average_adult
89a8100c5bbffff,89a8100c5afffff,13453136400,11380109175,12.2614,0.326105,average_adult
89a8100c5bbffff,89a8100c5b3ffff,13453136400,11381688343,9.6006,0.531351,average_adult
89a8100c5bbffff,89a8100c5b7ffff,13453136400,11380298950,13.7025,0.225325,average_adult
89a8100c5bbffff,89a8100c5bbffff,13453136400,13453136400,0.3523,0.999234,average_adult
89a8100c5bbffff,89a8100eadbffff,13453136400,13452423932,18.4327,0.015076,average_adult
89a8100c5bbffff,89a8100ee43ffff,13453136400,303788527,18.7665,0.009356,average_adult
89a8100c5bbffff,89a8100ee4bffff,13453136400,142806216,11.6503,0.37183,average_adult
89a8100c5bbffff,89a8100ee4fffff,13453136400,303788630,17.1537,0.049146,average_adult
89a8100c5bbffff,89a8100ee5bffff,13453136400,3317179765,16.706,0.065453,average_adult
89a8100c5bbffff,89a8100ee7bffff,13453136400,11381714308,19.7048,0.000538,average_adult
89a8100c5c3ffff,89a8100c427ffff,303868171,12986505496,17.4333,0.040089,average_adult
89a8100c5c3ffff,89a8100c437ffff,303868171,12941702505,18.9084,0.007332,average_adult
89a8100c5c3ffff,89a8100c4afffff,303868171,12996381317,15.7237,0.108623,average_adult
89a8100c5c3ffff,89a8100c513ffff,303868171,303862596,15.4735,0.12115,average_adult
89a8100c5c3ffff,89a8100c51bffff,303868171,12586078227,15.1562,0.13788,average_adult
89a8100c5c3ffff,89a8100c553ffff,303868171,12227887010,16.85,0.059969,average_adult
89a8100c5c3ffff,89a8100c557ffff,303868171,12697580224,15.7218,0.108719,average_adult
89a8100c5c3ffff,89a8100c58bffff,303868171,1393378103,13.3463,0.249121,average_adult
89a8100c5c3ffff,89a8100c593ffff,303868171,304111065,18.2974,0.017776,average_adult
89a8100c5c3ffff,89a8100c59bffff,303868171,8954073387,12.407,0.315427,average_adult
89a8100c5c3ffff,89a8100c5c3ffff,303868171,303868171,2.2555,0.968946,average_adult
89a8100c5c3ffff,89a8100c5c7ffff,303868171,2816708327,9.8582,0.511133,average_adult
89a8100c5c3ffff,89a8100c5cbffff,303868171,13037844868,10.2395,0.481191,average_adult
89a8100c5c3ffff,89a8100c5cfffff,303868171,2687705140,8.3633,0.627133,average_adult
89a8100c5c3ffff,89a8100c5d3ffff,303868171,1097971350,9.2221,0.560942,average_adult
89a8100c5c3ffff,89a8100c5d7ffff,303868171,303867318,6.2099,0.780401,average_adult
89a8100c5c3ffff,89a8100c5dbffff,303868171,12535296158,10.5144,0.459641,average_adult
89a8100c5c3ffff,89a8100e363ffff,303868171,388512103,19.911,4.9e-05,average_adult
89a8100c5c3ffff,89a8100e367ffff,303868171,142814786,16.0672,0.09241,average_adult
89a8100c5c3ffff,89a8100e36bffff,303868171,389063054,15.672,0.111163,average_adult
89a8100c5c3ffff,89a8100e36fffff,303868171,389063008,13.8592,0.215125,average_adult
89a8100c5c7ffff,89a8100c503ffff,2816708327,11341903975,15.8237,0.103782,average_adult
89a8100c5c7ffff,89a8100c513ffff,2816708327,303862596,7.1234,0.718317,average_adult
89a8100c5c7ffff,89a8100c517ffff,2816708327,11409667724,14.6619,0.165712,average_adult
89a8100c5c7ffff,89a8100c51bffff,2816708327,12586078227,12.0199,0.344007,average_adult
89a8100c5c7ffff,89a8100c557ffff,2816708327,12697580224,18.0531,0.0232,average_adult
89a8100c5c7ffff,89a8100c583ffff,2816708327,12265197248,16.9909,0.054823,average_adult
89a8100c5c7ffff,89a8100c587ffff,2816708327,303858897,16.8628,0.059493,average_adult
89a8100c5c7ffff,89a8100c58bffff,2816708327,1393378103,6.6148,0.753518,average_adult
89a8100c5c7ffff,89a8100c58fffff,2816708327,4252790480,12.0111,0.344663,average_adult
89a8100c5c7ffff,89a8100c593ffff,2816708327,304111065,15.0129,0.145731,average_adult
89a8100c5c7ffff,89a8100c597ffff,2816708327,11374075968,18.1936,0.019994,average_adult
89a8100c5c7ffff,89a8100c59bffff,2816708327,8954073387,9.1225,0.568698,average_adult
89a8100c5c7ffff,89a8100c5bbffff,2816708327,13453136400,17.9581,0.025498,average_adult
89a8100c5c7ffff,89a8100c5c3ffff,2816708327,303868171,10.4396,0.465502,average_adult
89a8100c5c7ffff,89a8100c5c7ffff,2816708327,2816708327,1.2206,0.990838,average_adult
89a8100c5c7ffff,89a8100c5cbffff,2816708327,13037844868,14.9679,0.148232,average_adult
89a8100c5c7ffff,89a8100c5cfffff,2816708327,2687705140,10.5796,0.454539,average_adult
89a8100c5c7ffff,89a8100c5d3ffff,2816708327,1097971350,17.4062,0.040929,average_adult
89a8100c5c7ffff,89a8100c5d7ffff,2816708327,303867318,4.9452,0.856585,average_adult
89a8100c5c7ffff,89a8100c5dbffff,2816708327,12535296158,18.6985,0.010412,average_adult
89a8100c5c7ffff,89a8100e32fffff,2816708327,13165518049,19.8116,0.000219,average_adult
89a8100c5c7ffff,89a8100e367ffff,2816708327,142814786,14.8026,0.15758,average_adult
89a8100c5c7ffff,89a8100e36fffff,2816708327,389063008,18.802,0.008828,average_adult
89a8100c5cbffff,89a8100c423ffff,13037844868,4293874117,16.0635,0.092581,average_adult
89a8100c5cbffff,89a8100c427ffff,13037844868,12986505496,10.1182,0.490716,average_adult
89a8100c5cbffff,89a8100c437ffff,13037844868,12941702505,13.5784,0.233519,average_adult
89a8100c5cbffff,89a8100c4a7ffff,13037844868,12889670101,19.8913,7.3e-05,average_adult
89a8100c5cbffff,89a8100c4afffff,13037844868,12996381317,15.2405,0.133345,average_adult
89a8100c5cbffff,89a8100c50bffff,13037844868,13452873729,17.1,0.050987,average_adult
89a8100c5cbffff,89a8100c513ffff,13037844868,303862596,17.9658,0.025308,average_adult
89a8100c5cbffff,89a8100c51bffff,13037844868,12586078227,14.8433,0.155256,average_adult
89a8100c5cbffff,89a8100c543ffff,13037844868,7721333437,15.0825,0.141893,average_adult
89a8100c5cbffff,89a8100c547ffff,13037844868,12703971545,16.1657,0.087981,average_adult
89a8100c5cbffff,89a8100c54fffff,13037844868,11423253323,19.3695,0.00245,average_adult
89a8100c5cbffff,89a8100c553ffff,13037844868,12227887010,7.8073,0.668826,average_adult
89a8100c5cbffff,89a8100c557ffff,13037844868,12697580224,11.5187,0.381848,average_adult
89a8100c5cbffff,89a8100c55bffff,13037844868,12697580033,19.458,0.001811,average_adult
89a8100c5cbffff,89a8100c58bffff,13037844868,1393378103,18.4992,0.01383,average_adult
89a8100c5cbffff,89a8100c59bffff,13037844868,8954073387,18.2189,0.019441,average_adult
89a8100c5cbffff,89a8100c5c3ffff,13037844868,303868171,8.0674,0.649462,average_adult
89a8100c5cbffff,89a8100c5c7ffff,13037844868,2816708327,13.105,0.265691,average_adult
89a8100c5cbffff,89a8100c5cbffff,13037844868,13037844868,0.5136,0.998374,average_adult
89a8100c5cbffff,89a8100c5cfffff,13037844868,2687705140,7.7912,0.670018,average_adult
89a8100c5cbffff,89a8100c5d3ffff,13037844868,1097971350,11.8607,0.355933,average_adult
89a8100c5cbffff,89a8100c5d7ffff,13037844868,303867318,12.0218,0.343864,average_adult
89a8100c5cbffff,89a8100c5dbffff,13037844868,12535296158,11.2565,0.401958,average_adult
89a8100c5cbffff,89a8100e36fffff,13037844868,389063008,16.4978,0.073772,average_adult
89a8100c5cfffff,89a8100c427ffff,2687705140,12986505496,14.9826,0.147417,average_adult
89a8100c5cfffff,89a8100c437ffff,2687705140,12941702505,18.4427,0.014884,average_adult
89a8100c5cfffff,89a8100c4afffff,2687705140,12996381317,19.2839,0.00316,average_adult
89a8100c5cfffff,89a8100c503ffff,2687705140,11341903975,18.7162,0.010133,average_adult
89a8100c5cfffff,89a8100c50bffff,2687705140,13452873729,15.344,0.127868,average_adult
89a8100c5cfffff,89a8100c513ffff,2687705140,303862596,14.0351,0.203879,average_adult
89a8100c5cfffff,89a8100c51bffff,2687705140,12586078227,11.2391,0.403291,average_adult
89a8100c5cfffff,89a8100c543ffff,2687705140,7721333437,17.5355,0.036999,average_adult
89a8100c5cfffff,89a8100c547ffff,2687705140,12703971545,14.4097,0.180702,average_adult
89a8100c5cfffff,89a8100c553ffff,2687705140,12227887010,14.2022,0.19341,average_adult
89a8100c5cfffff,89a8100c557ffff,2687705140,12697580224,9.7627,0.51863,average_adult
89a8100c5cfffff,89a8100c573ffff,2687705140,457593059,19.1538,0.004411,average_adult
89a8100c5cfffff,89a8100c58bffff,2687705140,1393378103,14.0941,0.200163,average_adult
89a8100c5cfffff,89a8100c58fffff,2687705140,4252790480,18.9794,0.006411,average_adult
89a8100c5cfffff,89a8100c59bffff,2687705140,8954073387,16.6018,0.069558,average_adult
89a8100c5cfffff,89a8100c5c3ffff,2687705140,303868171,6.6464,0.751377,average_adult
89a8100c5cfffff,89a8100c5c7ffff,2687705140,2816708327,8.6999,0.601405,average_adult
89a8100c5cfffff,89a8100c5cbffff,2687705140,13037844868,7.9117,0.661091,average_adult
89a8100c5cfffff,89a8100c5cfffff,2687705140,2687705140,1.5449,0.98535,average_adult
89a8100c5cfffff,89a8100c5d3ffff,2687705140,1097971350,13.613,0.231225,average_adult
89a8100c5cfffff,89a8100c5d7ffff,2687705140,303867318,10.6007,0.452887,average_adult
89a8100c5cfffff,89a8100c5dbffff,2687705140,12535296158,14.9053,0.151744,average_adult
89a8100c5cfffff,89a8100e36fffff,2687705140,389063008,18.2501,0.018771,average_adult
89a8100c5d3ffff,89a8100c4afffff,1097971350,12996381317,17.2275,0.04667,average_adult
89a8100c5d3ffff,89a8100c593ffff,1097971350,304111065,19.7617,0.00035,average_adult
89a8100c5d3ffff,89a8100c59bffff,1097971350,8954073387,17.0606,0.052355,average_adult
89a8100c5d3ffff,89a8100c5c3ffff,1097971350,303868171,13.2972,0.252463,average_adult
89a8100c5d3ffff,89a8100c5cbffff,1097971350,13037844868,18.3012,0.017697,average_adult
89a8100c5d3ffff,89a8100c5cfffff,1097971350,2687705140,19.405,0.002182,average_adult
89a8100c5d3ffff,89a8100c5d3ffff,1097971350,1097971350,0.721,0.996797,average_adult
89a8100c5d3ffff,89a8100c5d7ffff,1097971350,303867318,17.2515,0.045878,average_adult
89a8100c5d3ffff,89a8100c5dbffff,1097971350,12535296158,11.7161,0.366845,average_adult
89a8100c5d3ffff,89a8100e32bffff,1097971350,142777323,17.4518,0.039522,average_adult
89a8100c5d3ffff,89a8100e363ffff,1097971350,388512103,14.2081,0.193042,average_adult
89a8100c5d3ffff,89a8100e367ffff,1097971350,142814786,11.9737,0.347456,average_adult
89a8100c5d3ffff,89a8100e36bffff,1097971350,389063054,12.9793,0.274452,average_adult
89a8100c5d3ffff,89a8100e36fffff,1097971350,389063008,5.3581,0.833119,average_adult
89a8100c5d3ffff,89a8100e377ffff,1097971350,388512089,14.7243,0.162082,average_adult
89a8100c5d3ffff,89a8100e37bffff,1097971350,389063068,17.4149,0.040661,average_adult
89a8100c5d7ffff,89a8100c513ffff,303867318,303862596,10.3079,0.475829,average_adult
89a8100c5d7ffff,89a8100c517ffff,303867318,11409667724,17.8464,0.028338,average_adult
89a8100c5d7ffff,89a8100c51bffff,303867318,12586078227,17.6155,0.034664,average_adult
89a8100c5d7ffff,89a8100c583ffff,303867318,12265197248,17.9233,0.026367,average_adult
89a8100c5d7ffff,89a8100c58bffff,303867318,1393378103,8.1806,0.640958,average_adult
89a8100c5d7ffff,89a8100c58fffff,303867318,4252790480,15.1956,0.135754,average_adult
89a8100c5d7ffff,89a8100c593ffff,303867318,304111065,13.1317,0.263838,average_adult
89a8100c5d7ffff,89a8100c597ffff,303867318,11374075968,16.3124,0.081564,average_adult
89a8100c5d7ffff,89a8100c59bffff,303867318,8954073387,7.2413,0.709948,average_adult
89a8100c5d7ffff,89a8100c5c3ffff,303867318,303868171,10.6747,0.447106,average_adult
89a8100c5d7ffff,89a8100c5c7ffff,303867318,2816708327,7.7827,0.670649,average_adult
89a8100c5d7ffff,89a8100c5cbffff,303867318,13037844868,18.2594,0.018573,average_adult
89a8100c5d7ffff,89a8100c5cfffff,303867318,2687705140,16.3832,0.078546,average_adult
89a8100c5d7ffff,89a8100c5d3ffff,303867318,1097971350,17.522,0.037401,average_adult
89a8100c5d7ffff,89a8100c5d7ffff,303867318,303867318,1.0442,0.993289,average_adult
89a8100c5d7ffff,89a8100c5dbffff,303867318,12535296158,18.8143,0.008647,average_adult
89a8100c5d7ffff,89a8100e32bffff,303867318,142777323,17.3537,0.042581,average_adult
89a8100c5d7ffff,89a8100e32fffff,303867318,13165518049,17.9304,0.026188,average_adult
89a8100c5d7ffff,89a8100e363ffff,303867318,388512103,16.912,0.057677,average_adult
89a8100c5d7ffff,89a8100e367ffff,303867318,142814786,10.9016,0.429427,average_adult
89a8100c5d7ffff,89a8100e36fffff,303867318,389063008,14.901,0.151989,average_adult
89a8100c5d7ffff,89a8100e377ffff,303867318,388512089,16.8221,0.061014,average_adult
89a8100c5dbffff,89a8100c423ffff,12535296158,4293874117,15.363,0.126874,average_adult
89a8100c5dbffff,89a8100c427ffff,12535296158,12986505496,13.3208,0.250852,average_adult
89a8100c5dbffff,89a8100c433ffff,12535296158,12915349506,16.1377,0.089228,average_adult
89a8100c5dbffff,89a8100c437ffff,12535296158,12941702505,10.813,0.436322,average_adult
89a8100c5dbffff,89a8100c4a3ffff,12535296158,12904007453,12.3918,0.316534,average_adult
89a8100c5dbffff,89a8100c4a7ffff,12535296158,12889670101,11.5803,0.377151,average_adult
89a8100c5dbffff,89a8100c4abffff,12535296158,12882458116,14.3637,0.183488,average_adult
89a8100c5dbffff,89a8100c4afffff,12535296158,12996381317,6.9296,0.731908,average_adult
89a8100c5dbffff,89a8100c4b3ffff,12535296158,12903985491,18.0232,0.023911,average_adult
89a8100c5dbffff,89a8100c4b7ffff,12535296158,387095770,16.6819,0.066389,average_adult
89a8100c5dbffff,89a8100c4bbffff,12535296158,12338340955,17.1042,0.050842,average_adult
89a8100c5dbffff,89a8100c553ffff,12535296158,12227887010,19.7357,0.000431,average_adult
89a8100c5dbffff,89a8100c5c3ffff,12535296158,303868171,10.1467,0.488478,average_adult
89a8100c5dbffff,89a8100c5c7ffff,12535296158,2816708327,17.7494,0.03092,average_adult
89a8100c5dbffff,89a8100c5cbffff,12535296158,13037844868,12.59,0.302148,average_adult
89a8100c5dbffff,89a8100c5cfffff,12535296158,2687705140,16.2545,0.084068,average_adult
89a8100c5dbffff,89a8100c5d3ffff,12535296158,1097971350,7.2733,0.707665,average_adult
89a8100c5dbffff,89a8100c5d7ffff,12535296158,303867318,14.1011,0.199723,average_adult
89a8100c5dbffff,89a8100c5dbffff,12535296158,12535296158,1.4181,0.987646,average_adult
89a8100c5dbffff,89a8100e363ffff,12535296158,388512103,16.522,0.072779,average_adult
89a8100c5dbffff,89a8100e367ffff,12535296158,142814786,18.526,0.013342,average_adult
89a8100c5dbffff,89a8100e36bffff,12535296158,389063054,12.283,0.324511,average_adult
89a8100c5dbffff,89a8100e36fffff,12535296158,389063008,11.9104,0.3522,average_adult
89a8100c5dbffff,89a8100e37bffff,12535296158,389063068,16.7185,0.064965,average_adult
89a8100e323ffff,89a8100c593ffff,5239723179,304111065,16.7052,0.065483,average_adult
89a8100e323ffff,89a8100c597ffff,5239723179,11374075968,17.3057,0.044113,average_adult
89a8100e323ffff,89a8100e323ffff,5239723179,5239723179,1.3228,0.989244,average_adult
89a8100e323ffff,89a8100e327ffff,5239723179,6697698868,6.3495,0.771256,average_adult
89a8100e323ffff,89a8100e32bffff,5239723179,142777323,13.0205,0.271568,average_adult
89a8100e323ffff,89a8100e32fffff,5239723179,13165518049,10.3437,0.473018,average_adult
89a8100e323ffff,89a8100ee43ffff,5239723179,303788527,17.831,0.02874,average_adult
89a8100e323ffff,89a8100ee4bffff,5239723179,142806216,18.8333,0.008373,average_adult
89a8100e323ffff,89a8100ee53ffff,5239723179,11374107987,16.0827,0.091709,average_adult
89a8100e323ffff,89a8100ee5bffff,5239723179,3317179765,12.6703,0.29637,average_adult
89a8100e323ffff,89a8100eecbffff,5239723179,303788723,15.9301,0.098744,average_adult
89a8100e323ffff,89a8100eecfffff,5239723179,10293138120,19.1523,0.004427,average_adult
89a8100e327ffff,89a8100c593ffff,6697698868,304111065,18.4049,0.015612,average_adult
89a8100e327ffff,89a8100c597ffff,6697698868,11374075968,19.0055,0.006088,average_adult
89a8100e327ffff,89a8100e323ffff,6697698868,5239723179,4.8959,0.859285,average_adult
89a8100e327ffff,89a8100e327ffff,6697698868,6697698868,1.9966,0.97561,average_adult
89a8100e327ffff,89a8100e32bffff,6697698868,142777323,14.7203,0.162315,average_adult
89a8100e327ffff,89a8100e32fffff,6697698868,13165518049,12.0435,0.342246,average_adult
89a8100e327ffff,89a8100ee43ffff,6697698868,303788527,18.4825,0.014137,average_adult
89a8100e327ffff,89a8100ee53ffff,6697698868,11374107987,12.8501,0.283559,average_adult
89a8100e327ffff,89a8100ee57ffff,6697698868,303788601,19.524,0.001397,average_adult
89a8100e327ffff,89a8100ee5bffff,6697698868,3317179765,14.3701,0.183101,average_adult
89a8100e327ffff,89a8100eec3ffff,6697698868,11374715239,17.384,0.041623,average_adult
89a8100e327ffff,89a8100eecbffff,6697698868,303788723,11.5772,0.377387,average_adult
89a8100e327ffff,89a8100eecfffff,6697698868,10293138120,14.7994,0.157759,average_adult
89a8100e32bffff,89a8100c593ffff,142777323,304111065,12.8613,0.282767,average_adult
89a8100e32bffff,89a8100c597ffff,142777323,11374075968,16.2,0.086459,average_adult
89a8100e32bffff,89a8100c59bffff,142777323,8954073387,19.2212,0.003737,average_adult
89a8100e32bffff,89a8100e323ffff,142777323,5239723179,13.31,0.251591,average_adult
89a8100e32bffff,89a8100e327ffff,142777323,6697698868,16.4633,0.075194,average_adult
89a8100e32bffff,89a8100e32bffff,142777323,142777323,1.9542,0.976628,average_adult
89a8100e32bffff,89a8100e32fffff,142777323,13165518049,10.2836,0.47773,average_adult
89a8100e32bffff,89a8100e363ffff,142777323,388512103,19.9424,2e-05,average_adult
89a8100e32bffff,89a8100e367ffff,142777323,142814786,10.6452,0.449415,average_adult
89a8100e32bffff,89a8100e36fffff,142777323,389063008,17.9314,0.026165,average_adult
89a8100e32bffff,89a8100e377ffff,142777323,388512089,19.8525,0.000134,average_adult
89a8100e32bffff,89a8100ee43ffff,142777323,303788527,19.7774,0.000306,average_adult
89a8100e32bffff,89a8100ee53ffff,142777323,11374107987,18.618,0.011736,average_adult
89a8100e32bffff,89a8100ee5bffff,142777323,3317179765,14.6167,0.168361,average_adult
89a8100e32fffff,89a8100c587ffff,13165518049,303858897,16.4705,0.074896,average_adult
89a8100e32fffff,89a8100c58fffff,13165518049,4252790480,19.8615,0.000118,average_adult
89a8100e32fffff,89a8100c593ffff,13165518049,304111065,7.7654,0.67192,average_adult
89a8100e32fffff,89a8100c597ffff,13165518049,11374075968,9.6855,0.524693,average_adult
89a8100e32fffff,89a8100c59bffff,13165518049,8954073387,16.9291,0.057051,average_adult
89a8100e32fffff,89a8100e323ffff,13165518049,5239723179,9.3822,0.548445,average_adult
89a8100e32fffff,89a8100e327ffff,13165518049,6697698868,12.5355,0.306085,average_adult
89a8100e32fffff,89a8100e32bffff,13165518049,142777323,7.4096,0.697883,average_adult
89a8100e32fffff,89a8100e32fffff,13165518049,13165518049,1.404,0.98789,average_adult
89a8100e32fffff,89a8100e367ffff,13165518049,142814786,14.9202,0.150906,average_adult
89a8100e32fffff,89a8100ee43ffff,13165518049,303788527,12.9527,0.276318,average_adult
89a8100e32fffff,89a8100ee47ffff,13165518049,303788569,17.8878,0.027268,average_adult
89a8100e32fffff,89a8100ee4bffff,13165518049,142806216,13.8174,0.217828,average_adult
89a8100e32fffff,89a8100ee4fffff,13165518049,303788630,19.2182,0.003766,average_adult
89a8100e32fffff,89a8100ee53ffff,13165518049,11374107987,11.7933,0.361012,average_adult
89a8100e32fffff,89a8100ee57ffff,13165518049,303788601,18.8057,0.008773,average_adult
89a8100e32fffff,89a8100ee5bffff,13165518049,3317179765,7.792,0.669958,average_adult
89a8100e32fffff,89a8100eecbffff,13165518049,303788723,15.4462,0.122554,average_adult
89a8100e32fffff,89a8100eecfffff,13165518049,10293138120,17.7452,0.031036,average_adult
89a8100e363ffff,89a8100c58bffff,388512103,1393378103,19.6564,0.000728,average_adult
89a8100e363ffff,89a8100c593ffff,388512103,304111065,16.4253,0.076777,average_adult
89a8100e363ffff,89a8100c59bffff,388512103,8954073387,13.7241,0.223906,average_adult
89a8100e363ffff,89a8100c5d3ffff,388512103,1097971350,15.403,0.12479,average_adult
89a8100e363ffff,89a8100e32bffff,388512103,142777323,14.1153,0.19883,average_adult
89a8100e363ffff,89a8100e363ffff,388512103,388512103,1.1874,0.991328,average_adult
89a8100e363ffff,89a8100e367ffff,388512103,142814786,8.6372,0.606217,average_adult
89a8100e363ffff,89a8100e36bffff,388512103,389063054,8.1544,0.642931,average_adult
89a8100e363ffff,89a8100e36fffff,388512103,389063008,9.5391,0.536168,average_adult
89a8100e363ffff,89a8100e377ffff,388512103,388512089,7.8416,0.666291,average_adult
89a8100e363ffff,89a8100e37bffff,388512103,389063068,10.2243,0.482389,average_adult
89a8100e367ffff,89a8100c583ffff,142814786,12265197248,16.9839,0.055072,average_adult
89a8100e367ffff,89a8100c58bffff,142814786,1393378103,15.1926,0.135914,average_adult
89a8100e367ffff,89a8100c58fffff,142814786,4252790480,18.9749,0.006468,average_adult
89a8100e367ffff,89a8100c593ffff,142814786,304111065,8.3066,0.63144,average_adult
89a8100e367ffff,89a8100c597ffff,142814786,11374075968,13.7384,0.22297,average_adult
89a8100e367ffff,89a8100c59bffff,142814786,8954073387,9.2603,0.557966,average_adult
89a8100e367ffff,89a8100c5d3ffff,142814786,1097971350,16.1225,0.089912,average_adult
89a8100e367ffff,89a8100c5d7ffff,142814786,303867318,16.2821,0.082869,average_adult
89a8100e367ffff,89a8100e323ffff,142814786,5239723179,18.8003,0.008852,average_adult
89a8100e367ffff,89a8100e32bffff,142814786,142777323,7.4445,0.695359,average_adult
89a8100e367ffff,89a8100e32fffff,142814786,13165518049,14.7238,0.162114,average_adult
89a8100e367ffff,89a8100e363ffff,142814786,388512103,11.2482,0.402596,average_adult
89a8100e367ffff,89a8100e367ffff,142814786,142814786,0.5185,0.998342,average_adult
89a8100e367ffff,89a8100e36bffff,142814786,389063054,18.2152,0.019522,average_adult
89a8100e367ffff,89a8100e36fffff,142814786,389063008,9.2371,0.559772,average_adult
89a8100e367ffff,89a8100e377ffff,142814786,388512089,11.1582,0.409533,average_adult
89a8100e367ffff,89a8100ee5bffff,142814786,3317179765,17.5399,0.03687,average_adult
89a8100e36bffff,89a8100c59bffff,389063054,8954073387,17.3115,0.043928,average_adult
89a8100e36bffff,89a8100c5c3ffff,389063054,303868171,19.4121,0.002131,average_adult
89a8100e36bffff,89a8100c5d3ffff,389063054,1097971350,13.0111,0.272228,average_adult
89a8100e36bffff,89a8100c5dbffff,389063054,12535296158,17.831,0.028741,average_adult
89a8100e36bffff,89a8100e32bffff,389063054,142777323,17.7026,0.032205,average_adult
89a8100e36bffff,89a8100e363ffff,389063054,388512103,4.7747,0.86584,average_adult
89a8100e36bffff,89a8100e367ffff,389063054,142814786,12.2245,0.328819,average_adult
89a8100e36bffff,89a8100e36bffff,389063054,389063054,0.5357,0.998231,average_adult
89a8100e36bffff,89a8100e36fffff,389063054,389063008,12.1645,0.33326,average_adult
89a8100e36bffff,89a8100e377ffff,389063054,388512089,11.4289,0.388712,average_adult
89a8100e36bffff,89a8100e37bffff,389063054,389063068,4.9713,0.855146,average_adult
89a8100e36fffff,89a8100c58bffff,389063008,1393378103,18.1955,0.019953,average_adult
89a8100e36fffff,89a8100c593ffff,389063008,304111065,14.9643,0.148436,average_adult
89a8100e36fffff,89a8100c59bffff,389063008,8954073387,12.2632,0.325971,average_adult
89a8100e36fffff,89a8100c5d3ffff,389063008,1097971350,7.4459,0.695257,average_adult
89a8100e36fffff,89a8100c5d7ffff,389063008,303867318,18.7146,0.010157,average_adult
89a8100e36fffff,89a8100c5dbffff,389063008,12535296158,18.441,0.014917,average_adult
89a8100e36fffff,89a8100e32bffff,389063008,142777323,12.6543,0.297518,average_adult
89a8100e36fffff,89a8100e363ffff,389063008,388512103,10.0892,0.492998,average_adult
89a8100e36fffff,89a8100e367ffff,389063008,142814786,7.1762,0.714576,average_adult
89a8100e36fffff,89a8100e36bffff,389063008,389063054,16.1273,0.089694,average_adult
89a8100e36fffff,89a8100e36fffff,389063008,389063008,0.5606,0.998063,average_adult
89a8100e36fffff,89a8100e377ffff,389063008,388512089,9.9992,0.500061,average_adult
89a8100e36fffff,89a8100e37bffff,389063008,389063068,18.1972,0.019914,average_adult
89a8100e377ffff,89a8100c593ffff,388512089,304111065,19.713,0.000508,average_adult
89a8100e377ffff,89a8100c59bffff,388512089,8954073387,17.0119,0.054074,average_adult
89a8100e377ffff,89a8100c5d3ffff,388512089,1097971350,19.7122,0.000511,average_adult
89a8100e377ffff,89a8100e32bffff,388512089,142777323,17.403,0.041028,average_adult
89a8100e377ffff,89a8100e363ffff,388512089,388512103,11.2193,0.404824,average_adult
89a8100e377ffff,89a8100e367ffff,388512089,142814786,11.9249,0.351109,average_adult
89a8100e377ffff,89a8100e36bffff,388512089,389063054,18.1863,0.020156,average_adult
89a8100e377ffff,89a8100e36fffff,388512089,389063008,12.8268,0.285206,average_adult
89a8100e377ffff,89a8100e377ffff,388512089,388512089,1.7696,0.980808,average_adult
89a8100e37bffff,89a8100c5d3ffff,389063068,1097971350,19.223,0.003719,average_adult
89a8100e37bffff,89a8100e363ffff,389063068,388512103,9.1371,0.567561,average_adult
89a8100e37bffff,89a8100e367ffff,389063068,142814786,16.587,0.070151,average_adult
89a8100e37bffff,89a8100e36bffff,389063068,389063054,6.7477,0.744471,average_adult
89a8100e37bffff,89a8100e36fffff,389063068,389063008,16.5269,0.072581,average_adult
89a8100e37bffff,89a8100e377ffff,389063068,388512089,15.7913,0.10534,average_adult
89a8100e37bffff,89a8100e37bffff,389063068,389063068,3.5295,0.925107,average_adult
89a8100ea03ffff,89a8100ea03ffff,4714368990,4714368990,3.1512,0.939986,average_adult
89a8100ea03ffff,89a8100ea07ffff,4714368990,11287099391,10.299,0.476524,average_adult
89a8100ea03ffff,89a8100ea0bffff,4714368990,12519106573,17.162,0.048865,average_adult
89a8100ea03ffff,89a8100ea0fffff,4714368990,142788297,11.3632,0.393752,average_adult
89a8100ea03ffff,89a8100ea13ffff,4714368990,28149737,17.0098,0.054146,average_adult
89a8100ea03ffff,89a8100ea17ffff,4714368990,11287130321,15.2354,0.13362,average_adult
89a8100ea03ffff,89a8100ea1bffff,4714368990,11287146311,17.6751,0.032974,average_adult
89a8100ea03ffff,89a8100ea3bffff,4714368990,4676590863,14.8336,0.155808,average_adult
89a8100ea03ffff,89a8100ea57ffff,4714368990,11287035477,17.8131,0.029212,average_adult
89a8100ea07ffff,89a8100ea03ffff,11287099391,4714368990,10.6858,0.446241,average_adult
89a8100ea07ffff,89a8100ea07ffff,11287099391,11287099391,0.7055,0.996933,average_adult
89a8100ea07ffff,89a8100ea0bffff,11287099391,12519106573,16.5301,0.07245,average_adult
89a8100ea07ffff,89a8100ea0fffff,11287099391,142788297,8.1672,0.641964,average_adult
89a8100ea07ffff,89a8100ea13ffff,11287099391,28149737,7.6698,0.678956,average_adult
89a8100ea07ffff,89a8100ea17ffff,11287099391,11287130321,5.8953,0.800505,average_adult
89a8100ea07ffff,89a8100ea1bffff,11287099391,11287146311,16.881,0.058819,average_adult
89a8100ea07ffff,89a8100ea3bffff,11287099391,4676590863,9.2082,0.562026,average_adult
89a8100ea07ffff,89a8100ea83ffff,11287099391,12088965179,17.1447,0.049451,average_adult
89a8100ea07ffff,89a8100ea8bffff,11287099391,8572469297,14.3408,0.184887,average_adult
89a8100ea07ffff,89a8100ea8fffff,11287099391,12258359594,15.3203,0.129114,average_adult
89a8100ea07ffff,89a8100eac7ffff,11287099391,12554685114,15.145,0.138488,average_adult
89a8100ea07ffff,89a8100ead7ffff,11287099391,2147307307,18.2587,0.018587,average_adult
89a8100ea0bffff,89a8100c1b7ffff,12519106573,444959947,14.6402,0.166985,average_adult
89a8100ea0bffff,89a8100ea03ffff,12519106573,4714368990,14.81,0.157153,average_adult
89a8100ea0bffff,89a8100ea07ffff,12519106573,11287099391,12.8145,0.286079,average_adult
89a8100ea0bffff,89a8100ea0bffff,12519106573,12519106573,0.5401,0.998201,average_adult
89a8100ea0bffff,89a8100ea0fffff,12519106573,142788297,8.9976,0.578405,average_adult
89a8100ea0bffff,89a8100ea13ffff,12519106573,28149737,15.8406,0.102978,average_adult
89a8100ea0bffff,89a8100ea17ffff,12519106573,11287130321,17.7509,0.030881,average_adult
89a8100ea0bffff,89a8100ea1bffff,12519106573,11287146311,15.6392,0.112789,average_adult
89a8100ea0bffff,89a8100ea3bffff,12519106573,4676590863,14.0074,0.205641,average_adult
89a8100ea0bffff,89a8100ea43ffff,12519106573,11287001106,15.0921,0.141371,average_adult
89a8100ea0bffff,89a8100ea47ffff,12519106573,444960068,8.0872,0.647978,average_adult
89a8100ea0bffff,89a8100ea4fffff,12519106573,13446021938,16.5237,0.072711,average_adult
89a8100ea0bffff,89a8100ea57ffff,12519106573,11287035477,15.7772,0.106021,average_adult
89a8100ea0bffff,89a8100ea63ffff,12519106573,7306551848,14.8232,0.156398,average_adult
89a8100ea0bffff,89a8100ea6bffff,12519106573,11237359275,14.9409,0.149742,average_adult
89a8100ea0bffff,89a8100ea6fffff,12519106573,466174783,18.5909,0.012198,average_adult
89a8100ea0bffff,89a8100ea7bffff,12519106573,466174576,10.7401,0.442005,average_adult
89a8100ea0bffff,89a8100eacfffff,12519106573,6354712520,18.1874,0.020131,average_adult
89a8100ea0fffff,89a8100c1b7ffff,142788297,444959947,19.8248,0.000189,average_adult
89a8100ea0fffff,89a8100ea03ffff,142788297,4714368990,9.6668,0.526155,average_adult
89a8100ea0fffff,89a8100ea07ffff,142788297,11287099391,5.4805,0.825887,average_adult
89a8100ea0fffff,89a8100ea0bffff,142788297,12519106573,9.9496,0.503958,average_adult
89a8100ea0fffff,89a8100ea0fffff,142788297,142788297,0.6627,0.997293,average_adult
89a8100ea0fffff,89a8100ea13ffff,142788297,28149737,12.2441,0.327377,average_adult
89a8100ea0fffff,89a8100ea17ffff,142788297,11287130321,10.4696,0.463151,average_adult
89a8100ea0fffff,89a8100ea1bffff,142788297,11287146311,19.743,0.000407,average_adult
89a8100ea0fffff,89a8100ea3bffff,142788297,4676590863,6.719,0.746434,average_adult
89a8100ea0fffff,89a8100ea47ffff,142788297,444960068,13.2718,0.254196,average_adult
89a8100ea0fffff,89a8100ea57ffff,142788297,11287035477,19.8811,8.7e-05,average_adult
89a8100ea0fffff,89a8100ea7bffff,142788297,466174576,15.9247,0.098997,average_adult
89a8100ea0fffff,89a8100ea8bffff,142788297,8572469297,18.9151,0.007243,average_adult
89a8100ea0fffff,89a8100ea8fffff,142788297,12258359594,19.8946,6.9e-05,average_adult
89a8100ea0fffff,89a8100eac7ffff,142788297,12554685114,19.7193,0.000486,average_adult
89a8100ea13ffff,89a8100ea07ffff,28149737,11287099391,13.6486,0.228871,average_adult
89a8100ea13ffff,89a8100ea13ffff,28149737,28149737,0.1034,0.999934,average_adult
89a8100ea13ffff,89a8100ea17ffff,28149737,11287130321,7.9091,0.66128,average_adult
89a8100ea13ffff,89a8100ea1bffff,28149737,11287146311,9.3349,0.552143,average_adult
89a8100ea13ffff,89a8100ea57ffff,28149737,11287035477,17.3732,0.041962,average_adult
89a8100ea13ffff,89a8100ea83ffff,28149737,12088965179,9.5987,0.5315,average_adult
89a8100ea13ffff,89a8100ea8bffff,28149737,8572469297,6.7947,0.741242,average_adult
89a8100ea13ffff,89a8100ea8fffff,28149737,12258359594,7.7742,0.671273,average_adult
89a8100ea13ffff,89a8100ea93ffff,28149737,8950638851,16.0197,0.094585,average_adult
89a8100ea13ffff,89a8100ea9bffff,28149737,303562378,13.0057,0.272604,average_adult
89a8100ea13ffff,89a8100eac3ffff,28149737,11331125078,13.0673,0.268306,average_adult
89a8100ea13ffff,89a8100eac7ffff,28149737,12554685114,7.5989,0.684143,average_adult
89a8100ea13ffff,89a8100eacfffff,28149737,6354712520,17.7885,0.029866,average_adult
89a8100ea13ffff,89a8100ead3ffff,28149737,11334987710,15.8474,0.102652,average_adult
89a8100ea13ffff,89a8100ead7ffff,28149737,2147307307,10.7126,0.444148,average_adult
89a8100ea13ffff,89a8100ee67ffff,28149737,8026880962,18.5119,0.013598,average_adult
89a8100ea13ffff,89a8100ee6fffff,28149737,303562332,19.4521,0.00185,average_adult
89a8100ea17ffff,89a8100ea07ffff,11287130321,11287099391,10.7359,0.442331,average_adult
89a8100ea17ffff,89a8100ea0fffff,11287130321,142788297,18.0627,0.022974,average_adult
89a8100ea17ffff,89a8100ea13ffff,11287130321,28149737,8.4939,0.617188,average_adult
89a8100ea17ffff,89a8100ea17ffff,11287130321,11287130321,0.4589,0.998701,average_adult
89a8100ea17ffff,89a8100ea1bffff,11287130321,11287146311,17.4336,0.04008,average_adult
89a8100ea17ffff,89a8100ea3bffff,11287130321,4676590863,19.1037,0.004948,average_adult
89a8100ea17ffff,89a8100ea83ffff,11287130321,12088965179,17.6974,0.032349,average_adult
89a8100ea17ffff,89a8100ea8bffff,11287130321,8572469297,14.8934,0.152413,average_adult
89a8100ea17ffff,89a8100ea8fffff,11287130321,12258359594,15.873,0.101436,average_adult
89a8100ea17ffff,89a8100eac7ffff,11287130321,12554685114,15.6977,0.1099,average_adult
89a8100ea17ffff,89a8100ead7ffff,11287130321,2147307307,18.8114,0.00869,average_adult
89a8100ea1bffff,89a8100ea03ffff,11287146311,4714368990,18.2123,0.019584,average_adult
89a8100ea1bffff,89a8100ea07ffff,11287146311,11287099391,18.8928,0.007543,average_adult
89a8100ea1bffff,89a8100ea0bffff,11287146311,12519106573,18.257,0.018623,average_adult
89a8100ea1bffff,89a8100ea13ffff,11287146311,28149737,5.5042,0.824473,average_adult
89a8100ea1bffff,89a8100ea17ffff,11287146311,11287130321,12.6781,0.295813,average_adult
89a8100ea1bffff,89a8100ea1bffff,11287146311,11287146311,0.5377,0.998217,average_adult
89a8100ea1bffff,89a8100ea43ffff,11287146311,11287001106,15.4497,0.122374,average_adult
89a8100ea1bffff,89a8100ea47ffff,11287146311,444960068,19.95,1.5e-05,average_adult
89a8100ea1bffff,89a8100ea53ffff,11287146311,13449882082,16.1331,0.089436,average_adult
89a8100ea1bffff,89a8100ea57ffff,11287146311,11287035477,8.5761,0.610903,average_adult
89a8100ea1bffff,89a8100ea83ffff,11287146311,12088965179,13.7352,0.223181,average_adult
89a8100ea1bffff,89a8100ea8bffff,11287146311,8572469297,10.7443,0.441679,average_adult
89a8100ea1bffff,89a8100ea8fffff,11287146311,12258359594,11.9108,0.352173,average_adult
89a8100ea1bffff,89a8100ea93ffff,11287146311,8950638851,18.9865,0.006323,average_adult
89a8100ea1bffff,89a8100ea9bffff,11287146311,303562378,15.9726,0.096762,average_adult
89a8100ea1bffff,89a8100eac3ffff,11287146311,11331125078,11.5798,0.377194,average_adult
89a8100ea1bffff,89a8100eac7ffff,11287146311,12554685114,9.9195,0.506322,average_adult
89a8100ea1bffff,89a8100eacbffff,11287146311,5635274734,12.8538,0.283294,average_adult
89a8100ea1bffff,89a8100eacfffff,11287146311,6354712520,9.256,0.558298,average_adult
89a8100ea1bffff,89a8100ead3ffff,11287146311,11334987710,18.6149,0.011787,average_adult
89a8100ea1bffff,89a8100ead7ffff,11287146311,2147307307,13.6795,0.226839,average_adult
89a8100ea1bffff,89a8100eadbffff,11287146311,13452423932,18.8882,0.007606,average_adult
89a8100ea2bffff,89a8100ea2bffff,466175219,466175219,0.2958,0.99946,average_adult
89a8100ea2bffff,89a8100ea63ffff,466175219,7306551848,12.6127,0.300511,average_adult
89a8100ea2bffff,89a8100ea67ffff,466175219,924871041,6.9037,0.733711,average_adult
89a8100ea2bffff,89a8100ea6fffff,466175219,466174783,15.8576,0.102165,average_adult
89a8100ea2bffff,89a8100ea77ffff,466175219,6879445477,8.0921,0.647611,average_adult
89a8100ea2bffff,89a8100ea7bffff,466175219,466174576,18.0282,0.023791,average_adult
89a8100ea3bffff,89a8100ea03ffff,4676590863,4714368990,13.1282,0.264079,average_adult
89a8100ea3bffff,89a8100ea07ffff,4676590863,11287099391,7.1369,0.717362,average_adult
89a8100ea3bffff,89a8100ea0bffff,4676590863,12519106573,14.9619,0.148569,average_adult
89a8100ea3bffff,89a8100ea0fffff,4676590863,142788297,6.2357,0.778718,average_adult
89a8100ea3bffff,89a8100ea13ffff,4676590863,28149737,13.9662,0.208257,average_adult
89a8100ea3bffff,89a8100ea17ffff,4676590863,11287130321,12.1917,0.331241,average_adult
89a8100ea3bffff,89a8100ea3bffff,4676590863,4676590863,0.94,0.99456,average_adult
89a8100ea3bffff,89a8100ea47ffff,4676590863,444960068,18.04,0.023511,average_adult
89a8100ea43ffff,89a8100c187ffff,11287001106,13444985140,14.6254,0.16785,average_adult
89a8100ea43ffff,89a8100c197ffff,11287001106,11298557475,14.3981,0.181402,average_adult
89a8100ea43ffff,89a8100c1a3ffff,11287001106,12108257609,17.5995,0.035125,average_adult
89a8100ea43ffff,89a8100c1b3ffff,11287001106,4947783360,13.4657,0.241052,average_adult
89a8100ea43ffff,89a8100c1b7ffff,11287001106,444959947,15.5466,0.117432,average_adult
89a8100ea43ffff,89a8100c1bbffff,11287001106,11200433380,16.3023,0.081998,average_adult
89a8100ea43ffff,89a8100c527ffff,11287001106,13452330655,13.0734,0.267885,average_adult
89a8100ea43ffff,89a8100c537ffff,11287001106,11404088064,18.9142,0.007255,average_adult
89a8100ea43ffff,89a8100ea0bffff,11287001106,12519106573,15.4128,0.124282,average_adult
89a8100ea43ffff,89a8100ea0fffff,11287001106,142788297,18.1737,0.020432,average_adult
89a8100ea43ffff,89a8100ea13ffff,11287001106,28149737,16.6005,0.069611,average_adult
89a8100ea43ffff,89a8100ea1bffff,11287001106,11287146311,12.6726,0.296209,average_adult
89a8100ea43ffff,89a8100ea43ffff,11287001106,11287001106,0.2882,0.999488,average_adult
89a8100ea43ffff,89a8100ea47ffff,11287001106,444960068,10.2749,0.478415,average_adult
89a8100ea43ffff,89a8100ea4bffff,11287001106,11298600034,8.0133,0.653515,average_adult
89a8100ea43ffff,89a8100ea4fffff,11287001106,13446021938,7.4197,0.697153,average_adult
89a8100ea43ffff,89a8100ea53ffff,11287001106,13449882082,7.6755,0.67854,average_adult
89a8100ea43ffff,89a8100ea57ffff,11287001106,11287035477,6.9607,0.729738,average_adult
89a8100ea43ffff,89a8100ea5bffff,11287001106,11289900012,10.6837,0.446408,average_adult
89a8100ea43ffff,89a8100ea6bffff,11287001106,11237359275,19.9869,1e-06,average_adult
89a8100ea43ffff,89a8100ea7bffff,11287001106,466174576,12.995,0.273352,average_adult
89a8100ea43ffff,89a8100eac3ffff,11287001106,11331125078,15.6945,0.110057,average_adult
89a8100ea43ffff,89a8100eac7ffff,11287001106,12554685114,17.5644,0.036147,average_adult
89a8100ea43ffff,89a8100eacbffff,11287001106,5635274734,13.6061,0.231685,average_adult
89a8100ea43ffff,89a8100eacfffff,11287001106,6354712520,10.0083,0.499349,average_adult
89a8100ea43ffff,89a8100ead7ffff,11287001106,2147307307,18.5926,0.012169,average_adult
89a8100ea47ffff,89a8100c1a3ffff,444960068,12108257609,18.6967,0.010442,average_adult
89a8100ea47ffff,89a8100c1b7ffff,444960068,444959947,10.4987,0.460872,average_adult
89a8100ea47ffff,89a8100ea03ffff,444960068,4714368990,19.5996,0.000989,average_adult
89a8100ea47ffff,89a8100ea07ffff,444960068,11287099391,17.68,0.032836,average_adult
89a8100ea47ffff,89a8100ea0bffff,444960068,12519106573,10.154,0.487903,average_adult
89a8100ea47ffff,89a8100ea0fffff,444960068,142788297,12.915,0.278971,average_adult
89a8100ea47ffff,89a8100ea13ffff,444960068,28149737,19.1013,0.004974,average_adult
89a8100ea47ffff,89a8100ea1bffff,444960068,11287146311,19.3133,0.002906,average_adult
89a8100ea47ffff,89a8100ea3bffff,444960068,4676590863,17.513,0.037669,average_adult
89a8100ea47ffff,89a8100ea43ffff,444960068,11287001106,11.8876,0.353912,average_adult
89a8100ea47ffff,89a8100ea47ffff,444960068,444960068,0.4659,0.998662,average_adult
89a8100ea47ffff,89a8100ea4bffff,444960068,11298600034,17.3442,0.042882,average_adult
89a8100ea47ffff,89a8100ea4fffff,444960068,13446021938,10.9346,0.426859,average_adult
89a8100ea47ffff,89a8100ea53ffff,444960068,13449882082,19.2749,0.00324,average_adult
89a8100ea47ffff,89a8100ea57ffff,444960068,11287035477,17.7693,0.030381,average_adult
89a8100ea47ffff,89a8100ea63ffff,444960068,7306551848,17.6691,0.03314,average_adult
89a8100ea47ffff,89a8100ea6bffff,444960068,11237359275,13.5905,0.232719,average_adult
89a8100ea47ffff,89a8100ea7bffff,444960068,466174576,6.5986,0.754614,average_adult
89a8100ea4bffff,89a8100c117ffff,11298600034,12572923907,15.8323,0.103371,average_adult
89a8100ea4bffff,89a8100c183ffff,11298600034,11386299646,14.4821,0.176346,average_adult
89a8100ea4bffff,89a8100c187ffff,11298600034,13444985140,7.4578,0.6944,average_adult
89a8100ea4bffff,89a8100c18fffff,11298600034,11298619952,13.4815,0.239988,average_adult
89a8100ea4bffff,89a8100c193ffff,11298600034,8652181848,16.8518,0.059903,average_adult
89a8100ea4bffff,89a8100c197ffff,11298600034,11298557475,8.2402,0.636461,average_adult
89a8100ea4bffff,89a8100c19bffff,11298600034,2360366546,19.2628,0.003349,average_adult
89a8100ea4bffff,89a8100c1a3ffff,11298600034,12108257609,13.7811,0.220185,average_adult
89a8100ea4bffff,89a8100c1a7ffff,11298600034,4231980476,18.932,0.007019,average_adult
89a8100ea4bffff,89a8100c1abffff,11298600034,4215666672,16.5099,0.073273,average_adult
89a8100ea4bffff,89a8100c1b3ffff,11298600034,4947783360,8.3855,0.625449,average_adult
89a8100ea4bffff,89a8100c1b7ffff,11298600034,444959947,15.0493,0.143721,average_adult
89a8100ea4bffff,89a8100c1bbffff,11298600034,11200433380,10.7618,0.440308,average_adult
89a8100ea4bffff,89a8100c527ffff,11298600034,13452330655,16.2423,0.084603,average_adult
89a8100ea4bffff,89a8100c52fffff,11298600034,11292167922,14.2832,0.188409,average_adult
89a8100ea4bffff,89a8100ea1bffff,11298600034,11287146311,18.3041,0.017637,average_adult
89a8100ea4bffff,89a8100ea43ffff,11298600034,11287001106,6.2394,0.778476,average_adult
89a8100ea4bffff,89a8100ea47ffff,11298600034,444960068,14.6368,0.167182,average_adult
89a8100ea4bffff,89a8100ea4bffff,11298600034,11298600034,0.7541,0.996496,average_adult
89a8100ea4bffff,89a8100ea4fffff,11298600034,13446021938,7.8142,0.668321,average_adult
89a8100ea4bffff,89a8100ea53ffff,11298600034,13449882082,11.167,0.408854,average_adult
89a8100ea4bffff,89a8100ea57ffff,11298600034,11287035477,12.7095,0.293561,average_adult
89a8100ea4bffff,89a8100ea5bffff,11298600034,11289900012,11.0497,0.417933,average_adult
89a8100ea4bffff,89a8100ea7bffff,11298600034,466174576,15.6702,0.111252,average_adult
89a8100ea4bffff,89a8100eac3ffff,11298600034,11331125078,19.186,0.004081,average_adult
89a8100ea4bffff,89a8100eacbffff,11298600034,5635274734,17.0976,0.051068,average_adult
89a8100ea4bffff,89a8100eacfffff,11298600034,6354712520,13.4999,0.23876,average_adult
89a8100ea4fffff,89a8100c117ffff,13446021938,12572923907,19.4302,0.002002,average_adult
89a8100ea4fffff,89a8100c187ffff,13446021938,13444985140,14.0759,0.201309,average_adult
89a8100ea4fffff,89a8100c197ffff,13446021938,11298557475,17.1723,0.048517,average_adult
89a8100ea4fffff,89a8100c1a3ffff,13446021938,12108257609,12.4287,0.313846,average_adult
89a8100ea4fffff,89a8100c1a7ffff,13446021938,4231980476,17.5795,0.035706,average_adult
89a8100ea4fffff,89a8100c1abffff,13446021938,4215666672,16.9674,0.055664,average_adult
89a8100ea4fffff,89a8100c1b3ffff,13446021938,4947783360,11.431,0.388557,average_adult
89a8100ea4fffff,89a8100c1b7ffff,13446021938,444959947,10.7465,0.441503,average_adult
89a8100ea4fffff,89a8100c1bbffff,13446021938,11200433380,14.3597,0.183736,average_adult
89a8100ea4fffff,89a8100ea0bffff,13446021938,12519106573,18.8848,0.007652,average_adult
89a8100ea4fffff,89a8100ea1bffff,13446021938,11287146311,19.9999,0.0,average_adult
89a8100ea4fffff,89a8100ea43ffff,13446021938,11287001106,8.4063,0.623862,average_adult
89a8100ea4fffff,89a8100ea47ffff,13446021938,444960068,10.7266,0.443058,average_adult
89a8100ea4fffff,89a8100ea4bffff,13446021938,11298600034,9.9866,0.501055,average_adult
89a8100ea4fffff,89a8100ea4fffff,13446021938,13446021938,0.3557,0.99922,average_adult
89a8100ea4fffff,89a8100ea53ffff,13446021938,13449882082,15.7114,0.109223,average_adult
89a8100ea4fffff,89a8100ea57ffff,13446021938,11287035477,14.2881,0.18811,average_adult
89a8100ea4fffff,89a8100ea5bffff,13446021938,11289900012,17.3082,0.044034,average_adult
89a8100ea4fffff,89a8100ea6bffff,13446021938,11237359275,17.1327,0.049861,average_adult
89a8100ea4fffff,89a8100ea7bffff,13446021938,466174576,10.1409,0.488936,average_adult
89a8100ea4fffff,89a8100eacfffff,13446021938,6354712520,18.0443,0.023409,average_adult
89a8100ea53ffff,89a8100c197ffff,13449882082,11298557475,17.7132,0.031913,average_adult
89a8100ea53ffff,89a8100c523ffff,13449882082,10561374326,15.9773,0.096542,average_adult
89a8100ea53ffff,89a8100c527ffff,13449882082,13452330655,10.7278,0.44296,average_adult
89a8100ea53ffff,89a8100c537ffff,13449882082,11404088064,12.2811,0.324652,average_adult
89a8100ea53ffff,89a8100ea0bffff,13449882082,12519106573,19.4941,0.001578,average_adult
89a8100ea53ffff,89a8100ea13ffff,13449882082,28149737,16.9861,0.054993,average_adult
89a8100ea53ffff,89a8100ea1bffff,13449882082,11287146311,12.5743,0.303279,average_adult
89a8100ea53ffff,89a8100ea43ffff,13449882082,11287001106,9.1961,0.562974,average_adult
89a8100ea53ffff,89a8100ea47ffff,13449882082,444960068,18.6522,0.011164,average_adult
89a8100ea53ffff,89a8100ea4bffff,13449882082,11298600034,14.4382,0.178983,average_adult
89a8100ea53ffff,89a8100ea4fffff,13449882082,13446021938,16.0649,0.092518,average_adult
89a8100ea53ffff,89a8100ea53ffff,13449882082,13449882082,0.3135,0.999394,average_adult
89a8100ea53ffff,89a8100ea57ffff,13449882082,11287035477,7.1712,0.714932,average_adult
89a8100ea53ffff,89a8100ea5bffff,13449882082,11289900012,11.0511,0.417822,average_adult
89a8100ea53ffff,89a8100ea9bffff,13449882082,303562378,18.4101,0.015511,average_adult
89a8100ea53ffff,89a8100eac3ffff,13449882082,11331125078,9.7213,0.521885,average_adult
89a8100ea53ffff,89a8100eac7ffff,13449882082,12554685114,16.4135,0.07727,average_adult
89a8100ea53ffff,89a8100eacbffff,13449882082,5635274734,7.4803,0.692769,average_adult
89a8100ea53ffff,89a8100eacfffff,13449882082,6354712520,7.2218,0.711338,average_adult
89a8100ea53ffff,89a8100ead3ffff,13449882082,11334987710,16.973,0.055464,average_adult
89a8100ea53ffff,89a8100ead7ffff,13449882082,2147307307,13.6476,0.228938,average_adult
89a8100ea53ffff,89a8100eadbffff,13449882082,13452423932,16.4054,0.07761,average_adult
89a8100ea57ffff,89a8100c527ffff,11287035477,13452330655,17.737,0.031259,average_adult
89a8100ea57ffff,89a8100ea03ffff,11287035477,4714368990,17.8956,0.02707,average_adult
89a8100ea57ffff,89a8100ea0bffff,11287035477,12519106573,17.9403,0.025942,average_adult
89a8100ea57ffff,89a8100ea13ffff,11287035477,28149737,11.5674,0.378136,average_adult
89a8100ea57ffff,89a8100ea17ffff,11287035477,11287130321,18.7413,0.009741,average_adult
89a8100ea57ffff,89a8100ea1bffff,11287035477,11287146311,7.1556,0.71604,average_adult
89a8100ea57ffff,89a8100ea43ffff,11287035477,11287001106,9.3444,0.551402,average_adult
89a8100ea57ffff,89a8100ea47ffff,11287035477,444960068,18.5403,0.013086,average_adult
89a8100ea57ffff,89a8100ea4bffff,11287035477,11298600034,16.7982,0.061915,average_adult
89a8100ea57ffff,89a8100ea4fffff,11287035477,13446021938,15.6851,0.110519,average_adult
89a8100ea57ffff,89a8100ea53ffff,11287035477,13449882082,9.2756,0.556772,average_adult
89a8100ea57ffff,89a8100ea57ffff,11287035477,11287035477,1.419,0.987631,average_adult
89a8100ea57ffff,89a8100ea5bffff,11287035477,11289900012,17.9259,0.026302,average_adult
89a8100ea57ffff,89a8100ea83ffff,11287035477,12088965179,19.3406,0.002679,average_adult
89a8100ea57ffff,89a8100ea8bffff,11287035477,8572469297,16.4694,0.074939,average_adult
89a8100ea57ffff,89a8100ea8fffff,11287035477,12258359594,17.974,0.025108,average_adult
89a8100ea57ffff,89a8100ea9bffff,11287035477,303562378,18.9344,0.006988,average_adult
89a8100ea57ffff,89a8100eac3ffff,11287035477,11331125078,12.3623,0.318696,average_adult
89a8100ea57ffff,89a8100eac7ffff,11287035477,12554685114,12.0475,0.34195,average_adult
89a8100ea57ffff,89a8100eacbffff,11287035477,5635274734,10.2739,0.478496,average_adult
89a8100ea57ffff,89a8100eacfffff,11287035477,6354712520,6.6761,0.749357,average_adult
89a8100ea57ffff,89a8100ead3ffff,11287035477,11334987710,19.614,0.000919,average_adult
89a8100ea57ffff,89a8100ead7ffff,11287035477,2147307307,15.2604,0.132285,average_adult
89a8100ea57ffff,89a8100eadbffff,11287035477,13452423932,19.0464,0.005599,average_adult
89a8100ea5bffff,89a8100c183ffff,11289900012,11386299646,15.1428,0.138604,average_adult
89a8100ea5bffff,89a8100c187ffff,11289900012,13444985140,17.0134,0.05402,average_adult
89a8100ea5bffff,89a8100c18fffff,11289900012,11298619952,17.9534,0.025616,average_adult
89a8100ea5bffff,89a8100c193ffff,11289900012,8652181848,17.5125,0.037686,average_adult
89a8100ea5bffff,89a8100c197ffff,11289900012,11298557475,8.9009,0.585893,average_adult
89a8100ea5bffff,89a8100c19bffff,11289900012,2360366546,19.9235,3.6e-05,average_adult
89a8100ea5bffff,89a8100c1b3ffff,11289900012,4947783360,17.9411,0.025922,average_adult
89a8100ea5bffff,89a8100c523ffff,11289900012,10561374326,13.5308,0.236693,average_adult
89a8100ea5bffff,89a8100c527ffff,11289900012,13452330655,7.05,0.72349,average_adult
89a8100ea5bffff,89a8100c52bffff,11289900012,9579509671,18.5723,0.012521,average_adult
89a8100ea5bffff,89a8100c52fffff,11289900012,11292167922,10.8238,0.435477,average_adult
89a8100ea5bffff,89a8100c537ffff,11289900012,11404088064,14.651,0.166352,average_adult
89a8100ea5bffff,89a8100ea0bffff,11289900012,12519106573,18.9757,0.006458,average_adult
89a8100ea5bffff,89a8100ea1bffff,11289900012,11287146311,19.4143,0.002115,average_adult
89a8100ea5bffff,89a8100ea43ffff,11289900012,11287001106,9.4194,0.545536,average_adult
89a8100ea5bffff,89a8100ea47ffff,11289900012,444960068,18.1338,0.021329,average_adult
89a8100ea5bffff,89a8100ea4bffff,11289900012,11298600034,10.5583,0.456209,average_adult
89a8100ea5bffff,89a8100ea4fffff,11289900012,13446021938,14.4622,0.177539,average_adult
89a8100ea5bffff,89a8100ea53ffff,11289900012,13449882082,8.9376,0.583051,average_adult
89a8100ea5bffff,89a8100ea57ffff,11289900012,11287035477,14.0112,0.205397,average_adult
89a8100ea5bffff,89a8100ea5bffff,11289900012,11289900012,0.8162,0.995896,average_adult
89a8100ea5bffff,89a8100eac3ffff,11289900012,11331125078,14.7461,0.160823,average_adult
89a8100ea5bffff,89a8100eacbffff,11289900012,5635274734,12.5052,0.308281,average_adult
89a8100ea5bffff,89a8100eacfffff,11289900012,6354712520,14.3142,0.186512,average_adult
89a8100ea63ffff,89a8100c1b7ffff,7306551848,444959947,17.3921,0.041369,average_adult
89a8100ea63ffff,89a8100ea0bffff,7306551848,12519106573,18.9603,0.006654,average_adult
89a8100ea63ffff,89a8100ea2bffff,7306551848,466175219,15.0338,0.144573,average_adult
89a8100ea63ffff,89a8100ea47ffff,7306551848,444960068,19.8043,0.000236,average_adult
89a8100ea63ffff,89a8100ea63ffff,7306551848,7306551848,1.1029,0.992516,average_adult
89a8100ea63ffff,89a8100ea67ffff,7306551848,924871041,8.3486,0.62825,average_adult
89a8100ea63ffff,89a8100ea6bffff,7306551848,11237359275,10.4287,0.466359,average_adult
89a8100ea63ffff,89a8100ea6fffff,7306551848,466174783,4.8705,0.86067,average_adult
89a8100ea63ffff,89a8100ea77ffff,7306551848,6879445477,16.5215,0.072801,average_adult
89a8100ea63ffff,89a8100ea7bffff,7306551848,466174576,12.0555,0.341348,average_adult
89a8100ea67ffff,89a8100ea2bffff,924871041,466175219,12.4245,0.314154,average_adult
89a8100ea67ffff,89a8100ea63ffff,924871041,7306551848,12.5759,0.303162,average_adult
89a8100ea67ffff,89a8100ea67ffff,924871041,924871041,1.5841,0.9846,average_adult
89a8100ea67ffff,89a8100ea6fffff,924871041,466174783,14.7098,0.162925,average_adult
89a8100ea67ffff,89a8100ea77ffff,924871041,6879445477,13.9703,0.207999,average_adult
89a8100ea6bffff,89a8100c1b7ffff,11237359275,444959947,15.5145,0.119059,average_adult
89a8100ea6bffff,89a8100ea47ffff,11237359275,444960068,19.3727,0.002425,average_adult
89a8100ea6bffff,89a8100ea63ffff,11237359275,7306551848,14.1106,0.199126,average_adult
89a8100ea6bffff,89a8100ea6bffff,11237359275,11237359275,2.2773,0.968348,average_adult
89a8100ea6bffff,89a8100ea6fffff,11237359275,466174783,17.8782,0.027514,average_adult
89a8100ea6bffff,89a8100ea7bffff,11237359275,466174576,10.1779,0.486029,average_adult
89a8100ea6fffff,89a8100ea63ffff,466174783,7306551848,7.328,0.703754,average_adult
89a8100ea6fffff,89a8100ea67ffff,466174783,924871041,13.3992,0.245531,average_adult
89a8100ea6fffff,89a8100ea6bffff,466174783,11237359275,16.6537,0.067497,average_adult
89a8100ea6fffff,89a8100ea6fffff,466174783,466174783,3.912,0.908533,average_adult
89a8100ea6fffff,89a8100ea7bffff,466174783,466174576,18.2806,0.018125,average_adult
89a8100ea73ffff,89a8100ea73ffff,6879445468,6879445468,1.1729,0.991538,average_adult
89a8100ea77ffff,89a8100ea2bffff,6879445477,466175219,8.9542,0.581769,average_adult
89a8100ea77ffff,89a8100ea63ffff,6879445477,7306551848,14.9624,0.14854,average_adult
89a8100ea77ffff,89a8100ea67ffff,6879445477,924871041,9.2534,0.558507,average_adult
89a8100ea77ffff,89a8100ea6fffff,6879445477,466174783,18.2073,0.019693,average_adult
89a8100ea77ffff,89a8100ea77ffff,6879445477,6879445477,0.4194,0.998915,average_adult
89a8100ea7bffff,89a8100c1a3ffff,466174576,12108257609,16.7489,0.063793,average_adult
89a8100ea7bffff,89a8100c1a7ffff,466174576,4231980476,16.3849,0.078475,average_adult
89a8100ea7bffff,89a8100c1b3ffff,466174576,4947783360,19.4503,0.001863,average_adult
89a8100ea7bffff,89a8100c1b7ffff,466174576,444959947,6.0126,0.793094,average_adult
89a8100ea7bffff,89a8100ea0bffff,466174576,12519106573,16.299,0.082138,average_adult
89a8100ea7bffff,89a8100ea0fffff,466174576,142788297,19.06,0.00544,average_adult
89a8100ea7bffff,89a8100ea43ffff,466174576,11287001106,19.039,0.005685,average_adult
89a8100ea7bffff,89a8100ea47ffff,466174576,444960068,9.8708,0.510148,average_adult
89a8100ea7bffff,89a8100ea4fffff,466174576,13446021938,14.5299,0.173494,average_adult
89a8100ea7bffff,89a8100ea63ffff,466174576,7306551848,14.5442,0.172643,average_adult
89a8100ea7bffff,89a8100ea6bffff,466174576,11237359275,7.6678,0.679098,average_adult
89a8100ea7bffff,89a8100ea6fffff,466174576,466174783,18.3119,0.017476,average_adult
89a8100ea7bffff,89a8100ea7bffff,466174576,466174576,0.676,0.997184,average_adult
89a8100ea83ffff,89a8100ea13ffff,12088965179,28149737,13.5838,0.233165,average_adult
89a8100ea83ffff,89a8100ea83ffff,12088965179,12088965179,1.4046,0.987879,average_adult
89a8100ea83ffff,89a8100ea8bffff,12088965179,8572469297,10.8981,0.429697,average_adult
89a8100ea83ffff,89a8100ea8fffff,12088965179,12258359594,8.7607,0.596722,average_adult
89a8100ea83ffff,89a8100ea93ffff,12088965179,8950638851,15.4093,0.124464,average_adult
89a8100ea83ffff,89a8100ea9bffff,12088965179,303562378,12.3953,0.31628,average_adult
89a8100ea83ffff,89a8100eac7ffff,12088965179,12554685114,16.2881,0.08261,average_adult
89a8100ea83ffff,89a8100ead7ffff,12088965179,2147307307,15.0779,0.142146,average_adult
89a8100ea83ffff,89a8100ee67ffff,12088965179,8026880962,18.1816,0.020258,average_adult
89a8100ea83ffff,89a8100ee6fffff,12088965179,303562332,19.1219,0.004749,average_adult
89a8100ea8bffff,89a8100ea13ffff,8572469297,28149737,8.0998,0.647035,average_adult
89a8100ea8bffff,89a8100ea17ffff,8572469297,11287130321,15.2737,0.131579,average_adult
89a8100ea8bffff,89a8100ea1bffff,8572469297,11287146311,13.903,0.212305,average_adult
89a8100ea8bffff,89a8100ea83ffff,8572469297,12088965179,6.7641,0.743347,average_adult
89a8100ea8bffff,89a8100ea8bffff,8572469297,8572469297,1.9709,0.97623,average_adult
89a8100ea8bffff,89a8100ea8fffff,8572469297,12258359594,9.4719,0.541428,average_adult
89a8100ea8bffff,89a8100ea93ffff,8572469297,8950638851,13.4034,0.245253,average_adult
89a8100ea8bffff,89a8100ea9bffff,8572469297,303562378,10.3894,0.469435,average_adult
89a8100ea8bffff,89a8100eac3ffff,8572469297,11331125078,14.541,0.172831,average_adult
89a8100ea8bffff,89a8100eac7ffff,8572469297,12554685114,9.0518,0.574197,average_adult
89a8100ea8bffff,89a8100ead3ffff,8572469297,11334987710,17.3003,0.044289,average_adult
89a8100ea8bffff,89a8100ead7ffff,8572469297,2147307307,12.1655,0.333182,average_adult
89a8100ea8bffff,89a8100ee2bffff,8572469297,4343780793,18.9747,0.006471,average_adult
89a8100ea8bffff,89a8100ee67ffff,8572469297,8026880962,16.1757,0.087535,average_adult
89a8100ea8bffff,89a8100ee6fffff,8572469297,303562332,17.116,0.050436,average_adult
89a8100ea8fffff,89a8100ea13ffff,12258359594,28149737,9.3,0.554865,average_adult
89a8100ea8fffff,89a8100ea17ffff,12258359594,11287130321,16.4739,0.074755,average_adult
89a8100ea8fffff,89a8100ea1bffff,12258359594,11287146311,17.8282,0.028813,average_adult
89a8100ea8fffff,89a8100ea83ffff,12258359594,12088965179,6.4664,0.763494,average_adult
89a8100ea8fffff,89a8100ea8bffff,12258359594,8572469297,10.3452,0.472904,average_adult
89a8100ea8fffff,89a8100ea8fffff,12258359594,12258359594,0.4043,0.998992,average_adult
89a8100ea8fffff,89a8100ea93ffff,12258359594,8950638851,14.8563,0.154515,average_adult
89a8100ea8fffff,89a8100ea9bffff,12258359594,303562378,11.8424,0.357312,average_adult
89a8100ea8fffff,89a8100eac7ffff,12258359594,12554685114,15.5938,0.115053,average_adult
89a8100ea8fffff,89a8100ead7ffff,12258359594,2147307307,14.525,0.173786,average_adult
89a8100ea8fffff,89a8100ee67ffff,12258359594,8026880962,17.6287,0.034287,average_adult
89a8100ea8fffff,89a8100ee6fffff,12258359594,303562332,18.5689,0.01258,average_adult
89a8100ea93ffff,89a8100ea83ffff,8950638851,12088965179,16.0826,0.091713,average_adult
89a8100ea93ffff,89a8100ea8bffff,8950638851,8572469297,18.2107,0.019619,average_adult
89a8100ea93ffff,89a8100ea8fffff,8950638851,12258359594,18.7904,0.008998,average_adult
89a8100ea93ffff,89a8100ea93ffff,8950638851,8950638851,0.7704,0.996343,average_adult
89a8100ea93ffff,89a8100ea9bffff,8950638851,303562378,8.1162,0.645805,average_adult
89a8100ea93ffff,89a8100eac7ffff,8950638851,12554685114,19.8367,0.000165,average_adult
89a8100ea93ffff,89a8100ead7ffff,8950638851,2147307307,16.5364,0.072195,average_adult
89a8100ea93ffff,89a8100ee2bffff,8950638851,4343780793,11.4456,0.387438,average_adult
89a8100ea93ffff,89a8100ee63ffff,8950638851,4234762112,15.9368,0.098429,average_adult
89a8100ea93ffff,89a8100ee67ffff,8950638851,8026880962,8.9478,0.582267,average_adult
89a8100ea93ffff,89a8100ee6fffff,8950638851,303562332,14.6024,0.169204,average_adult
89a8100ea93ffff,89a8100ee77ffff,8950638851,4187978113,15.1439,0.138548,average_adult
89a8100ea9bffff,89a8100ea13ffff,303562378,28149737,19.16,0.004346,average_adult
89a8100ea9bffff,89a8100ea83ffff,303562378,12088965179,12.5938,0.30187,average_adult
89a8100ea9bffff,89a8100ea8bffff,303562378,8572469297,14.722,0.162219,average_adult
89a8100ea9bffff,89a8100ea8fffff,303562378,12258359594,15.3017,0.130095,average_adult
89a8100ea9bffff,89a8100ea93ffff,303562378,8950638851,8.7933,0.594205,average_adult
89a8100ea9bffff,89a8100ea9bffff,303562378,303562378,0.8307,0.99575,average_adult
89a8100ea9bffff,89a8100eac3ffff,303562378,11331125078,16.5855,0.070208,average_adult
89a8100ea9bffff,89a8100eac7ffff,303562378,12554685114,16.3479,0.080041,average_adult
89a8100ea9bffff,89a8100ead3ffff,303562378,11334987710,16.1178,0.090124,average_adult
89a8100ea9bffff,89a8100ead7ffff,303562378,2147307307,9.2508,0.558704,average_adult
89a8100ea9bffff,89a8100ee2bffff,303562378,4343780793,10.1501,0.488215,average_adult
89a8100ea9bffff,89a8100ee3bffff,303562378,8754047094,18.6631,0.010985,average_adult
89a8100ea9bffff,89a8100ee63ffff,303562378,4234762112,14.2698,0.189236,average_adult
89a8100ea9bffff,89a8100ee67ffff,303562378,8026880962,7.2807,0.707137,average_adult
89a8100ea9bffff,89a8100ee6bffff,303562378,60624735,19.7899,0.000272,average_adult
89a8100ea9bffff,89a8100ee6fffff,303562378,303562332,10.0629,0.495061,average_adult
89a8100ea9bffff,89a8100ee73ffff,303562378,303561646,19.4338,0.001976,average_adult
89a8100ea9bffff,89a8100ee77ffff,303562378,4187978113,13.4768,0.240305,average_adult
89a8100eac3ffff,89a8100c537ffff,11331125078,11404088064,19.5461,0.00127,average_adult
89a8100eac3ffff,89a8100c5a3ffff,11331125078,13450161955,17.3682,0.042121,average_adult
89a8100eac3ffff,89a8100c5a7ffff,11331125078,11315561922,13.2705,0.254284,average_adult
89a8100eac3ffff,89a8100c5afffff,11331125078,11380109175,17.5825,0.03562,average_adult
89a8100eac3ffff,89a8100c5b7ffff,11331125078,11380298950,18.908,0.007338,average_adult
89a8100eac3ffff,89a8100ea13ffff,11331125078,28149737,14.1406,0.197244,average_adult
89a8100eac3ffff,89a8100ea1bffff,11331125078,11287146311,15.3682,0.126598,average_adult
89a8100eac3ffff,89a8100ea53ffff,11331125078,13449882082,16.5923,0.069939,average_adult
89a8100eac3ffff,89a8100ea57ffff,11331125078,11287035477,18.367,0.016359,average_adult
89a8100eac3ffff,89a8100ea83ffff,11331125078,12088965179,18.1003,0.022097,average_adult
89a8100eac3ffff,89a8100ea8bffff,11331125078,8572469297,16.4527,0.075633,average_adult
89a8100eac3ffff,89a8100ea93ffff,11331125078,8950638851,19.6983,0.000561,average_adult
89a8100eac3ffff,89a8100ea9bffff,11331125078,303562378,11.7356,0.36537,average_adult
89a8100eac3ffff,89a8100eac3ffff,11331125078,11331125078,0.2001,0.999753,average_adult
89a8100eac3ffff,89a8100eac7ffff,11331125078,12554685114,11.8531,0.356508,average_adult
89a8100eac3ffff,89a8100eacbffff,11331125078,5635274734,8.5479,0.613058,average_adult
89a8100eac3ffff,89a8100eacfffff,11331125078,6354712520,12.1395,0.335108,average_adult
89a8100eac3ffff,89a8100ead3ffff,11331125078,11334987710,7.8592,0.66499,average_adult
89a8100eac3ffff,89a8100ead7ffff,11331125078,2147307307,6.973,0.72888,average_adult
89a8100eac3ffff,89a8100eadbffff,11331125078,13452423932,7.6827,0.678006,average_adult
89a8100eac3ffff,89a8100ee63ffff,11331125078,4234762112,18.1352,0.021299,average_adult
89a8100eac3ffff,89a8100ee67ffff,11331125078,8026880962,14.6649,0.165541,average_adult
89a8100eac3ffff,89a8100ee6bffff,11331125078,60624735,14.7625,0.159882,average_adult
89a8100eac3ffff,89a8100ee6fffff,11331125078,303562332,15.6051,0.114488,average_adult
89a8100eac7ffff,89a8100c5a7ffff,12554685114,11315561922,18.9641,0.006604,average_adult
89a8100eac7ffff,89a8100ea13ffff,12554685114,28149737,8.3393,0.62896,average_adult
89a8100eac7ffff,89a8100ea17ffff,12554685114,11287130321,15.5131,0.119128,average_adult
89a8100eac7ffff,89a8100ea1bffff,12554685114,11287146311,12.055,0.341392,average_adult
89a8100eac7ffff,89a8100ea57ffff,12554685114,11287035477,16.4934,0.073951,average_adult
89a8100eac7ffff,89a8100ea83ffff,12554685114,12088965179,11.1174,0.412692,average_adult
89a8100eac7ffff,89a8100ea8bffff,12554685114,8572469297,9.4698,0.541597,average_adult
89a8100eac7ffff,89a8100ea8fffff,12554685114,12258359594,13.8252,0.217322,average_adult
89a8100eac7ffff,89a8100ea93ffff,12554685114,8950638851,13.7251,0.223846,average_adult
89a8100eac7ffff,89a8100ea9bffff,12554685114,303562378,10.7111,0.444266,average_adult
89a8100eac7ffff,89a8100eac3ffff,12554685114,11331125078,10.2,0.484292,average_adult
89a8100eac7ffff,89a8100eac7ffff,12554685114,12554685114,0.1413,0.999877,average_adult
89a8100eac7ffff,89a8100eacbffff,12554685114,5635274734,18.5478,0.012952,average_adult
89a8100eac7ffff,89a8100eacfffff,12554685114,6354712520,15.2559,0.132524,average_adult
89a8100eac7ffff,89a8100ead3ffff,12554685114,11334987710,13.5528,0.235225,average_adult
89a8100eac7ffff,89a8100ead7ffff,12554685114,2147307307,8.418,0.622975,average_adult
89a8100eac7ffff,89a8100eadbffff,12554685114,13452423932,17.5084,0.037807,average_adult
89a8100eac7ffff,89a8100ee2bffff,12554685114,4343780793,19.2964,0.003051,average_adult
89a8100eac7ffff,89a8100ee67ffff,12554685114,8026880962,16.2173,0.085699,average_adult
89a8100eac7ffff,89a8100ee6fffff,12554685114,303562332,17.1575,0.049017,average_adult
89a8100eacbffff,89a8100c523ffff,5635274734,10561374326,18.1374,0.021248,average_adult
89a8100eacbffff,89a8100c527ffff,5635274734,13452330655,14.8454,0.155137,average_adult
89a8100eacbffff,89a8100c537ffff,5635274734,11404088064,11.2589,0.401766,average_adult
89a8100eacbffff,89a8100c5a3ffff,5635274734,13450161955,19.3987,0.002228,average_adult
89a8100eacbffff,89a8100c5a7ffff,5635274734,11315561922,15.6058,0.114452,average_adult
89a8100eacbffff,89a8100c5afffff,5635274734,11380109175,16.5971,0.069746,average_adult
89a8100eacbffff,89a8100ea13ffff,5635274734,28149737,19.6032,0.000971,average_adult
89a8100eacbffff,89a8100ea1bffff,5635274734,11287146311,15.1914,0.135978,average_adult
89a8100eacbffff,89a8100ea53ffff,5635274734,13449882082,11.8904,0.353702,average_adult
89a8100eacbffff,89a8100ea57ffff,5635274734,11287035477,14.348,0.184443,average_adult
89a8100eacbffff,89a8100ea5bffff,5635274734,11289900012,17.4677,0.039038,average_adult
89a8100eacbffff,89a8100ea9bffff,5635274734,303562378,17.6547,0.033547,average_adult
89a8100eacbffff,89a8100eac3ffff,5635274734,11331125078,6.1193,0.786264,average_adult
89a8100eacbffff,89a8100eac7ffff,5635274734,12554685114,17.7722,0.030304,average_adult
89a8100eacbffff,89a8100eacbffff,5635274734,5635274734,0.1064,0.99993,average_adult
89a8100eacbffff,89a8100eacfffff,5635274734,6354712520,8.0248,0.652653,average_adult
89a8100eacbffff,89a8100ead3ffff,5635274734,11334987710,10.2809,0.477946,average_adult
89a8100eacbffff,89a8100ead7ffff,5635274734,2147307307,12.8922,0.280583,average_adult
89a8100eacbffff,89a8100eadbffff,5635274734,13452423932,9.7133,0.522512,average_adult
89a8100eacbffff,89a8100ee6bffff,5635274734,60624735,17.1842,0.048116,average_adult
89a8100eacbffff,89a8100ee6fffff,5635274734,303562332,19.1804,0.004138,average_adult
89a8100eacfffff,89a8100c527ffff,6354712520,13452330655,18.7047,0.010314,average_adult
89a8100eacfffff,89a8100c537ffff,6354712520,11404088064,16.1277,0.08968,average_adult
89a8100eacfffff,89a8100c5a7ffff,6354712520,11315561922,19.7569,0.000364,average_adult
89a8100eacfffff,89a8100ea13ffff,6354712520,28149737,13.0725,0.267949,average_adult
89a8100eacfffff,89a8100ea1bffff,6354712520,11287146311,8.6606,0.604418,average_adult
89a8100eacfffff,89a8100ea43ffff,6354712520,11287001106,14.6228,0.168005,average_adult
89a8100eacfffff,89a8100ea4bffff,6354712520,11298600034,19.8882,7.7e-05,average_adult
89a8100eacfffff,89a8100ea53ffff,6354712520,13449882082,9.5837,0.532673,average_adult
89a8100eacfffff,89a8100ea57ffff,6354712520,11287035477,7.8173,0.668091,average_adult
89a8100eacfffff,89a8100ea5bffff,6354712520,11289900012,18.8954,0.007508,average_adult
89a8100eacfffff,89a8100ea83ffff,6354712520,12088965179,19.4424,0.001917,average_adult
89a8100eacfffff,89a8100ea8bffff,6354712520,8572469297,17.6771,0.032916,average_adult
89a8100eacfffff,89a8100ea8fffff,6354712520,12258359594,19.479,0.001673,average_adult
89a8100eacfffff,89a8100ea9bffff,6354712520,303562378,15.196,0.135732,average_adult
89a8100eacfffff,89a8100eac3ffff,6354712520,11331125078,7.1802,0.714293,average_adult
89a8100eacfffff,89a8100eac7ffff,6354712520,12554685114,12.4998,0.308672,average_adult
89a8100eacfffff,89a8100eacbffff,6354712520,5635274734,5.0918,0.848416,average_adult
89a8100eacfffff,89a8100eacfffff,6354712520,6354712520,1.4941,0.986293,average_adult
89a8100eacfffff,89a8100ead3ffff,6354712520,11334987710,14.432,0.179357,average_adult
89a8100eacfffff,89a8100ead7ffff,6354712520,2147307307,10.4334,0.465984,average_adult
89a8100eacfffff,89a8100eadbffff,6354712520,13452423932,13.8643,0.214793,average_adult
89a8100eacfffff,89a8100ee67ffff,6354712520,8026880962,18.1252,0.021524,average_adult
89a8100eacfffff,89a8100ee6fffff,6354712520,303562332,19.0655,0.005377,average_adult
89a8100ead3ffff,89a8100c5a3ffff,11334987710,13450161955,17.0796,0.051692,average_adult
89a8100ead3ffff,89a8100c5a7ffff,11334987710,11315561922,9.9201,0.506271,average_adult
89a8100ead3ffff,89a8100c5afffff,11334987710,11380109175,17.6274,0.034324,average_adult
89a8100ead3ffff,89a8100c5b7ffff,11334987710,11380298950,12.4242,0.314174,average_adult
89a8100ead3ffff,89a8100ea13ffff,11334987710,28149737,18.7286,0.009939,average_adult
89a8100ead3ffff,89a8100ea8bffff,11334987710,8572469297,19.8591,0.000122,average_adult
89a8100ead3ffff,89a8100ea9bffff,11334987710,303562378,13.3694,0.24755,average_adult
89a8100ead3ffff,89a8100eac3ffff,11334987710,11331125078,8.1943,0.639929,average_adult
89a8100ead3ffff,89a8100eac7ffff,11334987710,12554685114,15.6936,0.1101,average_adult
89a8100ead3ffff,89a8100eacbffff,11334987710,5635274734,13.109,0.265412,average_adult
89a8100ead3ffff,89a8100eacfffff,11334987710,6354712520,19.8785,9.1e-05,average_adult
89a8100ead3ffff,89a8100ead3ffff,11334987710,11334987710,0.8891,0.995132,average_adult
89a8100ead3ffff,89a8100ead7ffff,11334987710,2147307307,10.3741,0.470639,average_adult
89a8100ead3ffff,89a8100eadbffff,11334987710,13452423932,8.6957,0.601723,average_adult
89a8100ead3ffff,89a8100ee63ffff,11334987710,4234762112,11.4194,0.38944,average_adult
89a8100ead3ffff,89a8100ee67ffff,11334987710,8026880962,15.4069,0.124588,average_adult
89a8100ead3ffff,89a8100ee6bffff,11334987710,60624735,8.0467,0.651015,average_adult
89a8100ead3ffff,89a8100ee6fffff,11334987710,303562332,10.0429,0.496628,average_adult
89a8100ead3ffff,89a8100ee73ffff,11334987710,303561646,17.6079,0.034884,average_adult
89a8100ead3ffff,89a8100ee77ffff,11334987710,4187978113,18.5538,0.012846,average_adult
89a8100ead3ffff,89a8100ee7bffff,11334987710,11381714308,16.5041,0.073513,average_adult
89a8100ead7ffff,89a8100c5a7ffff,2147307307,11315561922,15.9884,0.09603,average_adult
89a8100ead7ffff,89a8100c5b7ffff,2147307307,11380298950,18.8292,0.008431,average_adult
89a8100ead7ffff,89a8100ea13ffff,2147307307,28149737,13.7287,0.223609,average_adult
89a8100ead7ffff,89a8100ea1bffff,2147307307,11287146311,18.9245,0.007119,average_adult
89a8100ead7ffff,89a8100ea83ffff,2147307307,12088965179,13.7482,0.222333,average_adult
89a8100ead7ffff,89a8100ea8bffff,2147307307,8572469297,14.8592,0.154352,average_adult
89a8100ead7ffff,89a8100ea8fffff,2147307307,12258359594,16.4561,0.075494,average_adult
89a8100ead7ffff,89a8100ea93ffff,2147307307,8950638851,13.7658,0.221184,average_adult
89a8100ead7ffff,89a8100ea9bffff,2147307307,303562378,5.8031,0.80626,average_adult
89a8100ead7ffff,89a8100eac3ffff,2147307307,11331125078,7.8223,0.66772,average_adult
89a8100ead7ffff,89a8100eac7ffff,2147307307,12554685114,10.6937,0.445624,average_adult
89a8100ead7ffff,89a8100eacbffff,2147307307,5635274734,16.1701,0.087784,average_adult
89a8100ead7ffff,89a8100eacfffff,2147307307,6354712520,15.9867,0.096108,average_adult
89a8100ead7ffff,89a8100ead3ffff,2147307307,11334987710,10.5759,0.454827,average_adult
89a8100ead7ffff,89a8100ead7ffff,2147307307,2147307307,0.4876,0.998534,average_adult
89a8100ead7ffff,89a8100eadbffff,2147307307,13452423932,14.7524,0.160458,average_adult
89a8100ead7ffff,89a8100ee2bffff,2147307307,4343780793,15.1225,0.139708,average_adult
89a8100ead7ffff,89a8100ee63ffff,2147307307,4234762112,14.2024,0.193399,average_adult
89a8100ead7ffff,89a8100ee67ffff,2147307307,8026880962,8.7324,0.598901,average_adult
89a8100ead7ffff,89a8100ee6bffff,2147307307,60624735,14.3241,0.185903,average_adult
89a8100ead7ffff,89a8100ee6fffff,2147307307,303562332,9.6726,0.5257,average_adult
89a8100ead7ffff,89a8100ee73ffff,2147307307,303561646,19.4357,0.001963,average_adult
89a8100ead7ffff,89a8100ee77ffff,2147307307,4187978113,14.9285,0.15044,average_adult
89a8100eadbffff,89a8100c537ffff,13452423932,11404088064,19.9941,0.0,average_adult
89a8100eadbffff,89a8100c5a3ffff,13452423932,13450161955,12.4282,0.313878,average_adult
89a8100eadbffff,89a8100c5a7ffff,13452423932,11315561922,9.1586,0.565892,average_adult
89a8100eadbffff,89a8100c5afffff,13452423932,11380109175,12.6425,0.298365,average_adult
89a8100eadbffff,89a8100c5b7ffff,13452423932,11380298950,14.3239,0.185913,average_adult
89a8100eadbffff,89a8100eac3ffff,13452423932,11331125078,8.6425,0.605815,average_adult
89a8100eadbffff,89a8100eacbffff,13452423932,5635274734,13.5256,0.237035,average_adult
89a8100eadbffff,89a8100ead3ffff,13452423932,11334987710,9.8629,0.510769,average_adult
89a8100eadbffff,89a8100ead7ffff,13452423932,2147307307,15.2412,0.13331,average_adult
89a8100eadbffff,89a8100eadbffff,13452423932,13452423932,1.1315,0.992123,average_adult
89a8100eadbffff,89a8100ee63ffff,13452423932,4234762112,17.671,0.033088,average_adult
89a8100eadbffff,89a8100ee6bffff,13452423932,60624735,13.375,0.247174,average_adult
89a8100eadbffff,89a8100ee6fffff,13452423932,303562332,16.2945,0.082333,average_adult
89a8100ee03ffff,89a8100ee03ffff,300059078,300059078,1.0952,0.99262,average_adult
89a8100ee03ffff,89a8100ee07ffff,300059078,1389167151,13.9076,0.212007,average_adult
89a8100ee03ffff,89a8100ee0bffff,300059078,302727634,7.3411,0.702814,average_adult
89a8100ee03ffff,89a8100ee0fffff,300059078,1389167116,11.1298,0.41173,average_adult
89a8100ee03ffff,89a8100ee13ffff,300059078,3316883638,12.5608,0.304257,average_adult
89a8100ee03ffff,89a8100ee17ffff,300059078,3316883639,5.4681,0.826626,average_adult
89a8100ee03ffff,89a8100ee1bffff,300059078,4187978161,9.4649,0.54198,average_adult
89a8100ee03ffff,89a8100ee3bffff,300059078,8754047094,19.4472,0.001884,average_adult
89a8100ee03ffff,89a8100ee47ffff,300059078,303788569,16.722,0.064829,average_adult
89a8100ee03ffff,89a8100ee53ffff,300059078,11374107987,19.9586,1.1e-05,average_adult
89a8100ee03ffff,89a8100ee57ffff,300059078,303788601,13.2906,0.252914,average_adult
89a8100ee03ffff,89a8100ee73ffff,300059078,303561646,14.1756,0.195065,average_adult
89a8100ee03ffff,89a8100ee77ffff,300059078,4187978113,18.9768,0.006445,average_adult
89a8100ee03ffff,89a8100ee7bffff,300059078,11381714308,19.015,0.005973,average_adult
89a8100ee03ffff,89a8100ee8bffff,300059078,301666018,16.8116,0.061407,average_adult
89a8100ee03ffff,89a8100ee8fffff,300059078,10200791046,14.2439,0.190831,average_adult
89a8100ee03ffff,89a8100eec3ffff,300059078,11374715239,17.6779,0.032894,average_adult
89a8100ee03ffff,89a8100eec7ffff,300059078,142811324,13.544,0.235811,average_adult
89a8100ee03ffff,89a8100eecfffff,300059078,10293138120,16.1279,0.08967,average_adult
89a8100ee07ffff,89a8100ee03ffff,1389167151,300059078,17.6108,0.034802,average_adult
89a8100ee07ffff,89a8100ee07ffff,1389167151,1389167151,2.8718,0.949984,average_adult
89a8100ee07ffff,89a8100ee0bffff,1389167151,302727634,13.8254,0.217309,average_adult
89a8100ee07ffff,89a8100ee0fffff,1389167151,1389167116,8.0054,0.654102,average_adult
89a8100ee07ffff,89a8100ee1bffff,1389167151,4187978161,18.2403,0.018979,average_adult
89a8100ee07ffff,89a8100ee3bffff,1389167151,8754047094,8.8454,0.590184,average_adult
89a8100ee07ffff,89a8100ee57ffff,1389167151,303788601,19.4605,0.001795,average_adult
89a8100ee07ffff,89a8100ee63ffff,1389167151,4234762112,19.1693,0.00425,average_adult
89a8100ee07ffff,89a8100ee67ffff,1389167151,8026880962,18.5219,0.013416,average_adult
89a8100ee07ffff,89a8100ee73ffff,1389167151,303561646,13.9494,0.209332,average_adult
89a8100ee07ffff,89a8100ee77ffff,1389167151,4187978113,13.7148,0.224518,average_adult
89a8100ee07ffff,89a8100ee7bffff,1389167151,11381714308,19.9996,0.0,average_adult
89a8100ee0bffff,89a8100c5b7ffff,302727634,11380298950,18.5754,0.012467,average_adult
89a8100ee0bffff,89a8100ee03ffff,302727634,300059078,9.0249,0.576282,average_adult
89a8100ee0bffff,89a8100ee07ffff,302727634,1389167151,11.9884,0.346355,average_adult
89a8100ee0bffff,89a8100ee0bffff,302727634,302727634,1.2535,0.990339,average_adult
89a8100ee0bffff,89a8100ee0fffff,302727634,1389167116,6.6852,0.748735,average_adult
89a8100ee0bffff,89a8100ee13ffff,302727634,3316883638,12.3092,0.322586,average_adult
89a8100ee0bffff,89a8100ee17ffff,302727634,3316883639,12.7319,0.29196,average_adult
89a8100ee0bffff,89a8100ee1bffff,302727634,4187978161,6.4289,0.765993,average_adult
89a8100ee0bffff,89a8100ee3bffff,302727634,8754047094,15.3058,0.129878,average_adult
89a8100ee0bffff,89a8100ee43ffff,302727634,303788527,14.1716,0.195315,average_adult
89a8100ee0bffff,89a8100ee47ffff,302727634,303788569,10.6345,0.45025,average_adult
89a8100ee0bffff,89a8100ee4fffff,302727634,303788630,15.5256,0.118495,average_adult
89a8100ee0bffff,89a8100ee53ffff,302727634,11374107987,13.8711,0.214358,average_adult
89a8100ee0bffff,89a8100ee57ffff,302727634,303788601,7.203,0.712674,average_adult
89a8100ee0bffff,89a8100ee5bffff,302727634,3317179765,19.0982,0.005008,average_adult
89a8100ee0bffff,89a8100ee63ffff,302727634,4234762112,16.4633,0.075194,average_adult
89a8100ee0bffff,89a8100ee67ffff,302727634,8026880962,19.3393,0.00269,average_adult
89a8100ee0bffff,89a8100ee73ffff,302727634,303561646,9.0347,0.575527,average_adult
89a8100ee0bffff,89a8100ee77ffff,302727634,4187978113,14.5322,0.173358,average_adult
89a8100ee0bffff,89a8100ee7bffff,302727634,11381714308,13.1436,0.263016,average_adult
89a8100ee0bffff,89a8100ee8bffff,302727634,301666018,16.1452,0.088895,average_adult
89a8100ee0bffff,89a8100ee8fffff,302727634,10200791046,17.7724,0.030297,average_adult
89a8100ee0bffff,89a8100eec3ffff,302727634,11374715239,16.4623,0.075234,average_adult
89a8100ee0bffff,89a8100eec7ffff,302727634,142811324,12.8775,0.281617,average_adult
89a8100ee0bffff,89a8100eecbffff,302727634,303788723,16.5647,0.071045,average_adult
89a8100ee0bffff,89a8100eecfffff,302727634,10293138120,11.2636,0.401406,average_adult
89a8100ee0fffff,89a8100c5b7ffff,1389167116,11380298950,18.7993,0.008867,average_adult
89a8100ee0fffff,89a8100ee03ffff,1389167116,300059078,13.2928,0.252764,average_adult
89a8100ee0fffff,89a8100ee07ffff,1389167116,1389167151,6.5686,0.756642,average_adult
89a8100ee0fffff,89a8100ee0bffff,1389167116,302727634,7.1598,0.715744,average_adult
89a8100ee0fffff,89a8100ee0fffff,1389167116,1389167116,1.2654,0.990156,average_adult
89a8100ee0fffff,89a8100ee13ffff,1389167116,3316883638,16.5974,0.069735,average_adult
89a8100ee0fffff,89a8100ee17ffff,1389167116,3316883639,17.0201,0.053783,average_adult
89a8100ee0fffff,89a8100ee1bffff,1389167116,4187978161,12.3352,0.32068,average_adult
89a8100ee0fffff,89a8100ee2bffff,1389167116,4343780793,15.7963,0.105099,average_adult
89a8100ee0fffff,89a8100ee3bffff,1389167116,8754047094,10.0887,0.49303,average_adult
89a8100ee0fffff,89a8100ee43ffff,1389167116,303788527,19.6904,0.000591,average_adult
89a8100ee0fffff,89a8100ee47ffff,1389167116,303788569,13.4942,0.239136,average_adult
89a8100ee0fffff,89a8100ee4fffff,1389167116,303788630,18.3404,0.016893,average_adult
89a8100ee0fffff,89a8100ee53ffff,1389167116,11374107987,19.6699,0.000672,average_adult
89a8100ee0fffff,89a8100ee57ffff,1389167116,303788601,12.7948,0.287478,average_adult
89a8100ee0fffff,89a8100ee63ffff,1389167116,4234762112,12.4293,0.313803,average_adult
89a8100ee0fffff,89a8100ee67ffff,1389167116,8026880962,14.1223,0.198393,average_adult
89a8100ee0fffff,89a8100ee6fffff,1389167116,303562332,18.4142,0.015432,average_adult
89a8100ee0fffff,89a8100ee73ffff,1389167116,303561646,7.2093,0.712226,average_adult
89a8100ee0fffff,89a8100ee77ffff,1389167116,4187978113,9.3151,0.553686,average_adult
89a8100ee0fffff,89a8100ee7bffff,1389167116,11381714308,13.2595,0.255039,average_adult
89a8100ee0fffff,89a8100eec7ffff,1389167116,142811324,17.2689,0.045309,average_adult
89a8100ee0fffff,89a8100eecfffff,1389167116,10293138120,17.1699,0.048599,average_adult
89a8100ee13ffff,89a8100ee03ffff,3316883638,300059078,13.9003,0.21248,average_adult
89a8100ee13ffff,89a8100ee0bffff,3316883638,302727634,11.9648,0.348123,average_adult
89a8100ee13ffff,89a8100ee0fffff,3316883638,1389167116,17.3965,0.041231,average_adult
89a8100ee13ffff,89a8100ee13ffff,3316883638,3316883638,0.8348,0.995707,average_adult
89a8100ee13ffff,89a8100ee17ffff,3316883638,3316883639,8.8356,0.590943,average_adult
89a8100ee13ffff,89a8100ee1bffff,3316883638,4187978161,10.775,0.439284,average_adult
89a8100ee13ffff,89a8100ee57ffff,3316883638,303788601,15.7247,0.108573,average_adult
89a8100ee13ffff,89a8100ee73ffff,3316883638,303561646,19.746,0.000398,average_adult
89a8100ee13ffff,89a8100ee8bffff,3316883638,301666018,5.2504,0.83938,average_adult
89a8100ee13ffff,89a8100ee8fffff,3316883638,10200791046,6.8532,0.737204,average_adult
89a8100ee13ffff,89a8100eec3ffff,3316883638,11374715239,14.5676,0.171258,average_adult
89a8100ee13ffff,89a8100eec7ffff,3316883638,142811324,8.7537,0.597261,average_adult
89a8100ee13ffff,89a8100eecfffff,3316883638,10293138120,13.6238,0.230509,average_adult
89a8100ee17ffff,89a8100ee03ffff,3316883639,300059078,7.4441,0.695394,average_adult
89a8100ee17ffff,89a8100ee0bffff,3316883639,302727634,13.6899,0.22615,average_adult
89a8100ee17ffff,89a8100ee0fffff,3316883639,1389167116,17.4787,0.038704,average_adult
89a8100ee17ffff,89a8100ee13ffff,3316883639,3316883638,9.955,0.503534,average_adult
89a8100ee17ffff,89a8100ee17ffff,3316883639,3316883639,1.7646,0.980915,average_adult
89a8100ee17ffff,89a8100ee1bffff,3316883639,4187978161,14.4248,0.179787,average_adult
89a8100ee17ffff,89a8100ee57ffff,3316883639,303788601,19.3746,0.002411,average_adult
89a8100ee17ffff,89a8100ee8bffff,3316883639,301666018,14.221,0.192246,average_adult
89a8100ee17ffff,89a8100ee8fffff,3316883639,10200791046,10.5404,0.457609,average_adult
89a8100ee17ffff,89a8100eec7ffff,3316883639,142811324,17.7243,0.031607,average_adult
89a8100ee1bffff,89a8100ee03ffff,4187978161,300059078,10.9793,0.423387,average_adult
89a8100ee1bffff,89a8100ee07ffff,4187978161,1389167151,17.1612,0.048894,average_adult
89a8100ee1bffff,89a8100ee0bffff,4187978161,302727634,6.4262,0.766171,average_adult
89a8100ee1bffff,89a8100ee0fffff,4187978161,1389167116,11.858,0.356138,average_adult
89a8100ee1bffff,89a8100ee13ffff,4187978161,3316883638,10.9955,0.422135,average_adult
89a8100ee1bffff,89a8100ee17ffff,4187978161,3316883639,11.5611,0.378616,average_adult
89a8100ee1bffff,89a8100ee1bffff,4187978161,4187978161,1.1759,0.991495,average_adult
89a8100ee1bffff,89a8100ee43ffff,4187978161,303788527,13.3497,0.24889,average_adult
89a8100ee1bffff,89a8100ee47ffff,4187978161,303788569,13.2892,0.253011,average_adult
89a8100ee1bffff,89a8100ee4bffff,4187978161,142806216,19.9286,3.1e-05,average_adult
89a8100ee1bffff,89a8100ee4fffff,4187978161,303788630,18.7336,0.009861,average_adult
89a8100ee1bffff,89a8100ee53ffff,4187978161,11374107987,13.0023,0.272842,average_adult
89a8100ee1bffff,89a8100ee57ffff,4187978161,303788601,6.3811,0.769163,average_adult
89a8100ee1bffff,89a8100ee5bffff,4187978161,3317179765,18.2763,0.018216,average_adult
89a8100ee1bffff,89a8100ee73ffff,4187978161,303561646,14.2074,0.193088,average_adult
89a8100ee1bffff,89a8100ee77ffff,4187978161,4187978113,19.7049,0.000537,average_adult
89a8100ee1bffff,89a8100ee7bffff,4187978161,11381714308,18.3163,0.017385,average_adult
89a8100ee1bffff,89a8100ee8bffff,4187978161,301666018,11.7305,0.365754,average_adult
89a8100ee1bffff,89a8100ee8fffff,4187978161,10200791046,16.6016,0.069564,average_adult
89a8100ee1bffff,89a8100eec3ffff,4187978161,11374715239,11.3883,0.391824,average_adult
89a8100ee1bffff,89a8100eec7ffff,4187978161,142811324,8.4629,0.619557,average_adult
89a8100ee1bffff,89a8100eecbffff,4187978161,303788723,14.6005,0.169315,average_adult
89a8100ee1bffff,89a8100eecfffff,4187978161,10293138120,7.8389,0.666491,average_adult
89a8100ee2bffff,89a8100ea93ffff,4343780793,8950638851,13.2096,0.25846,average_adult
89a8100ee2bffff,89a8100ea9bffff,4343780793,303562378,10.8654,0.432237,average_adult
89a8100ee2bffff,89a8100ead7ffff,4343780793,2147307307,18.1327,0.021354,average_adult
89a8100ee2bffff,89a8100ee07ffff,4343780793,1389167151,17.9015,0.026919,average_adult
89a8100ee2bffff,89a8100ee0fffff,4343780793,1389167116,14.8724,0.153602,average_adult
89a8100ee2bffff,89a8100ee2bffff,4343780793,4343780793,2.2199,0.969908,average_adult
89a8100ee2bffff,89a8100ee3bffff,4343780793,8754047094,12.8974,0.280211,average_adult
89a8100ee2bffff,89a8100ee63ffff,4343780793,4234762112,13.1516,0.262462,average_adult
89a8100ee2bffff,89a8100ee67ffff,4343780793,8026880962,5.7797,0.807711,average_adult
89a8100ee2bffff,89a8100ee6fffff,4343780793,303562332,12.7317,0.291974,average_adult
89a8100ee2bffff,89a8100ee73ffff,4343780793,303561646,17.836,0.028609,average_adult
89a8100ee2bffff,89a8100ee77ffff,4343780793,4187978113,8.1774,0.641202,average_adult
89a8100ee2bffff,89a8100ee7bffff,4343780793,11381714308,19.7486,0.00039,average_adult
89a8100ee3bffff,89a8100ea9bffff,8754047094,303562378,18.7585,0.009478,average_adult
89a8100ee3bffff,89a8100ee03ffff,8754047094,300059078,19.6215,0.000883,average_adult
89a8100ee3bffff,89a8100ee07ffff,8754047094,1389167151,5.995,0.794211,average_adult
89a8100ee3bffff,89a8100ee0bffff,8754047094,302727634,14.1285,0.198004,average_adult
89a8100ee3bffff,89a8100ee0fffff,8754047094,1389167116,8.4251,0.622436,average_adult
89a8100ee3bffff,89a8100ee1bffff,8754047094,4187978161,19.3039,0.002986,average_adult
89a8100ee3bffff,89a8100ee2bffff,8754047094,4343780793,12.173,0.332631,average_adult
89a8100ee3bffff,89a8100ee3bffff,8754047094,8754047094,0.8224,0.995834,average_adult
89a8100ee3bffff,89a8100ee57ffff,8754047094,303788601,19.7635,0.000345,average_adult
89a8100ee3bffff,89a8100ee63ffff,8754047094,4234762112,13.8907,0.213092,average_adult
89a8100ee3bffff,89a8100ee67ffff,8754047094,8026880962,10.4989,0.460859,average_adult
89a8100ee3bffff,89a8100ee6fffff,8754047094,303562332,14.985,0.147283,average_adult
89a8100ee3bffff,89a8100ee73ffff,8754047094,303561646,13.0101,0.272298,average_adult
89a8100ee3bffff,89a8100ee77ffff,8754047094,4187978113,5.6917,0.813128,average_adult
89a8100ee3bffff,89a8100ee7bffff,8754047094,11381714308,19.8784,9.1e-05,average_adult
89a8100ee43ffff,89a8100c587ffff,303788527,303858897,15.174,0.136916,average_adult
89a8100ee43ffff,89a8100c593ffff,303788527,304111065,17.9421,0.025896,average_adult
89a8100ee43ffff,89a8100c597ffff,303788527,11374075968,10.7778,0.439062,average_adult
89a8100ee43ffff,89a8100c5b3ffff,303788527,11381688343,14.8168,0.156766,average_adult
89a8100ee43ffff,89a8100c5b7ffff,303788527,11380298950,14.9474,0.149383,average_adult
89a8100ee43ffff,89a8100e323ffff,303788527,5239723179,17.0518,0.052664,average_adult
89a8100ee43ffff,89a8100e327ffff,303788527,6697698868,18.1363,0.021272,average_adult
89a8100ee43ffff,89a8100e32bffff,303788527,142777323,18.6199,0.011704,average_adult
89a8100ee43ffff,89a8100e32fffff,303788527,13165518049,13.2442,0.256089,average_adult
89a8100ee43ffff,89a8100ee0bffff,303788527,302727634,12.2353,0.328028,average_adult
89a8100ee43ffff,89a8100ee0fffff,303788527,1389167116,16.6541,0.06748,average_adult
89a8100ee43ffff,89a8100ee1bffff,303788527,4187978161,11.7276,0.365975,average_adult
89a8100ee43ffff,89a8100ee43ffff,303788527,303788527,0.3033,0.999433,average_adult
89a8100ee43ffff,89a8100ee47ffff,303788527,303788569,5.4579,0.827232,average_adult
89a8100ee43ffff,89a8100ee4bffff,303788527,142806216,9.6037,0.531107,average_adult
89a8100ee43ffff,89a8100ee4fffff,303788527,303788630,9.1399,0.56735,average_adult
89a8100ee43ffff,89a8100ee53ffff,303788527,11374107987,6.8875,0.734834,average_adult
89a8100ee43ffff,89a8100ee57ffff,303788527,303788601,6.689,0.748477,average_adult
89a8100ee43ffff,89a8100ee5bffff,303788527,3317179765,5.4073,0.830227,average_adult
89a8100ee43ffff,89a8100ee63ffff,303788527,4234762112,14.6672,0.165403,average_adult
89a8100ee43ffff,89a8100ee67ffff,303788527,8026880962,19.2004,0.003938,average_adult
89a8100ee43ffff,89a8100ee73ffff,303788527,303561646,11.1935,0.406812,average_adult
89a8100ee43ffff,89a8100ee7bffff,303788527,11381714308,11.339,0.395607,average_adult
89a8100ee43ffff,89a8100eec3ffff,303788527,11374715239,15.7181,0.108899,average_adult
89a8100ee43ffff,89a8100eec7ffff,303788527,142811324,15.7983,0.105003,average_adult
89a8100ee43ffff,89a8100eecbffff,303788527,303788723,11.466,0.385875,average_adult
89a8100ee43ffff,89a8100eecfffff,303788527,10293138120,11.5017,0.383146,average_adult
89a8100ee47ffff,89a8100c597ffff,303788569,11374075968,17.4714,0.038924,average_adult
89a8100ee47ffff,89a8100c5a3ffff,303788569,13450161955,16.912,0.057679,average_adult
89a8100ee47ffff,89a8100c5b3ffff,303788569,11381688343,16.167,0.087922,average_adult
89a8100ee47ffff,89a8100c5b7ffff,303788569,11380298950,11.7768,0.362252,average_adult
89a8100ee47ffff,89a8100e32fffff,303788569,13165518049,19.9378,2.4e-05,average_adult
89a8100ee47ffff,89a8100ee03ffff,303788569,300059078,16.177,0.087479,average_adult
89a8100ee47ffff,89a8100ee07ffff,303788569,1389167151,16.998,0.054569,average_adult
89a8100ee47ffff,89a8100ee0bffff,303788569,302727634,9.9314,0.505386,average_adult
89a8100ee47ffff,89a8100ee0fffff,303788569,1389167116,11.6948,0.368458,average_adult
89a8100ee47ffff,89a8100ee13ffff,303788569,3316883638,19.4722,0.001717,average_adult
89a8100ee47ffff,89a8100ee17ffff,303788569,3316883639,19.8949,6.8e-05,average_adult
89a8100ee47ffff,89a8100ee1bffff,303788569,4187978161,12.7393,0.291433,average_adult
89a8100ee47ffff,89a8100ee43ffff,303788569,303788527,7.1742,0.714719,average_adult
89a8100ee47ffff,89a8100ee47ffff,303788569,303788569,0.4985,0.998468,average_adult
89a8100ee47ffff,89a8100ee4bffff,303788569,142806216,12.4148,0.314858,average_adult
89a8100ee47ffff,89a8100ee4fffff,303788569,303788630,5.9694,0.795837,average_adult
89a8100ee47ffff,89a8100ee53ffff,303788569,11374107987,11.6316,0.37325,average_adult
89a8100ee47ffff,89a8100ee57ffff,303788569,303788601,7.7008,0.676682,average_adult
89a8100ee47ffff,89a8100ee5bffff,303788569,3317179765,12.1009,0.337977,average_adult
89a8100ee47ffff,89a8100ee63ffff,303788569,4234762112,10.7931,0.43787,average_adult
89a8100ee47ffff,89a8100ee67ffff,303788569,8026880962,15.2341,0.133686,average_adult
89a8100ee47ffff,89a8100ee6fffff,303788569,303562332,17.8616,0.027944,average_adult
89a8100ee47ffff,89a8100ee73ffff,303788569,303561646,6.2341,0.778821,average_adult
89a8100ee47ffff,89a8100ee77ffff,303788569,4187978113,17.0544,0.052574,average_adult
89a8100ee47ffff,89a8100ee7bffff,303788569,11381714308,7.4734,0.693269,average_adult
89a8100ee47ffff,89a8100eec3ffff,303788569,11374715239,19.8078,0.000228,average_adult
89a8100ee47ffff,89a8100eec7ffff,303788569,142811324,18.6521,0.011165,average_adult
89a8100ee47ffff,89a8100eecbffff,303788569,303788723,16.2102,0.086011,average_adult
89a8100ee47ffff,89a8100eecfffff,303788569,10293138120,14.4163,0.1803,average_adult
89a8100ee4bffff,89a8100c583ffff,142806216,12265197248,19.7369,0.000427,average_adult
89a8100ee4bffff,89a8100c587ffff,142806216,303858897,10.7399,0.442022,average_adult
89a8100ee4bffff,89a8100c58fffff,142806216,4252790480,17.5192,0.037486,average_adult
89a8100ee4bffff,89a8100c593ffff,142806216,304111065,16.3148,0.081458,average_adult
89a8100ee4bffff,89a8100c597ffff,142806216,11374075968,8.3049,0.631568,average_adult
89a8100ee4bffff,89a8100c5a3ffff,142806216,13450161955,16.4964,0.07383,average_adult
89a8100ee4bffff,89a8100c5b3ffff,142806216,11381688343,10.9424,0.426253,average_adult
89a8100ee4bffff,89a8100c5b7ffff,142806216,11380298950,11.3613,0.3939,average_adult
89a8100ee4bffff,89a8100c5bbffff,142806216,13453136400,16.0388,0.09371,average_adult
89a8100ee4bffff,89a8100e32bffff,142806216,142777323,19.5061,0.001504,average_adult
89a8100ee4bffff,89a8100e32fffff,142806216,13165518049,16.3421,0.080291,average_adult
89a8100ee4bffff,89a8100ee0bffff,142806216,302727634,18.7636,0.0094,average_adult
89a8100ee4bffff,89a8100ee1bffff,142806216,4187978161,18.2559,0.018647,average_adult
89a8100ee4bffff,89a8100ee43ffff,142806216,303788527,9.004,0.577907,average_adult
89a8100ee4bffff,89a8100ee47ffff,142806216,303788569,11.6492,0.371914,average_adult
89a8100ee4bffff,89a8100ee4bffff,142806216,142806216,1.1896,0.991296,average_adult
89a8100ee4bffff,89a8100ee4fffff,142806216,303788630,8.4146,0.623231,average_adult
89a8100ee4bffff,89a8100ee53ffff,142806216,11374107987,11.8411,0.357407,average_adult
89a8100ee4bffff,89a8100ee57ffff,142806216,303788601,13.2174,0.257929,average_adult
89a8100ee4bffff,89a8100ee5bffff,142806216,3317179765,7.8905,0.662661,average_adult
89a8100ee4bffff,89a8100ee63ffff,142806216,4234762112,17.6854,0.032685,average_adult
89a8100ee4bffff,89a8100ee6fffff,142806216,303562332,18.7642,0.009391,average_adult
89a8100ee4bffff,89a8100ee73ffff,142806216,303561646,15.9257,0.098949,average_adult
89a8100ee4bffff,89a8100ee7bffff,142806216,11381714308,11.7209,0.366483,average_adult
89a8100ee4bffff,89a8100eecbffff,142806216,303788723,16.4196,0.077011,average_adult
89a8100ee4bffff,89a8100eecfffff,142806216,10293138120,16.7652,0.063169,average_adult
89a8100ee4fffff,89a8100c587ffff,303788630,303858897,18.6328,0.011487,average_adult
89a8100ee4fffff,89a8100c597ffff,303788630,11374075968,16.6166,0.068965,average_adult
89a8100ee4fffff,89a8100c5a3ffff,303788630,13450161955,13.3161,0.251171,average_adult
89a8100ee4fffff,89a8100c5a7ffff,303788630,11315561922,17.181,0.048224,average_adult
89a8100ee4fffff,89a8100c5afffff,303788630,11380109175,19.6741,0.000655,average_adult
89a8100ee4fffff,89a8100c5b3ffff,303788630,11381688343,12.5712,0.303505,average_adult
89a8100ee4fffff,89a8100c5b7ffff,303788630,11380298950,8.181,0.640926,average_adult
89a8100ee4fffff,89a8100ee0bffff,303788630,302727634,15.2941,0.130499,average_adult
89a8100ee4fffff,89a8100ee0fffff,303788630,1389167116,16.2701,0.083391,average_adult
89a8100ee4fffff,89a8100ee1bffff,303788630,4187978161,17.8065,0.029388,average_adult
89a8100ee4fffff,89a8100ee43ffff,303788630,303788527,9.5038,0.538931,average_adult
89a8100ee4fffff,89a8100ee47ffff,303788630,303788569,5.8612,0.802642,average_adult
89a8100ee4fffff,89a8100ee4bffff,303788630,142806216,10.3205,0.474839,average_adult
89a8100ee4fffff,89a8100ee4fffff,303788630,303788630,2.3735,0.965649,average_adult
89a8100ee4fffff,89a8100ee53ffff,303788630,11374107987,15.6679,0.111369,average_adult
89a8100ee4fffff,89a8100ee57ffff,303788630,303788601,12.7679,0.289393,average_adult
89a8100ee4fffff,89a8100ee5bffff,303788630,3317179765,13.5277,0.236897,average_adult
89a8100ee4fffff,89a8100ee63ffff,303788630,4234762112,12.7179,0.292959,average_adult
89a8100ee4fffff,89a8100ee67ffff,303788630,8026880962,17.2512,0.04589,average_adult
89a8100ee4fffff,89a8100ee6bffff,303788630,60624735,16.8466,0.060097,average_adult
89a8100ee4fffff,89a8100ee6fffff,303788630,303562332,15.584,0.115546,average_adult
89a8100ee4fffff,89a8100ee73ffff,303788630,303561646,10.6829,0.446468,average_adult
89a8100ee4fffff,89a8100ee77ffff,303788630,4187978113,19.6816,0.000625,average_adult
89a8100ee4fffff,89a8100ee7bffff,303788630,11381714308,8.5407,0.613616,average_adult
89a8100ee4fffff,89a8100eecfffff,303788630,10293138120,19.2804,0.003191,average_adult
89a8100ee53ffff,89a8100c587ffff,11374107987,303858897,17.801,0.029533,average_adult
89a8100ee53ffff,89a8100c597ffff,11374107987,11374075968,13.2419,0.256243,average_adult
89a8100ee53ffff,89a8100e323ffff,11374107987,5239723179,15.8825,0.100983,average_adult
89a8100ee53ffff,89a8100e327ffff,11374107987,6697698868,13.2163,0.258004,average_adult
89a8100ee53ffff,89a8100e32bffff,11374107987,142777323,19.9682,6e-06,average_adult
89a8100ee53ffff,89a8100e32fffff,11374107987,13165518049,14.5925,0.169787,average_adult
89a8100ee53ffff,89a8100ee0bffff,11374107987,302727634,13.4971,0.238947,average_adult
89a8100ee53ffff,89a8100ee0fffff,11374107987,1389167116,18.9288,0.007061,average_adult
89a8100ee53ffff,89a8100ee1bffff,11374107987,4187978161,12.8269,0.285203,average_adult
89a8100ee53ffff,89a8100ee43ffff,11374107987,303788527,9.4056,0.546618,average_adult
89a8100ee53ffff,89a8100ee47ffff,11374107987,303788569,11.8437,0.357214,average_adult
89a8100ee53ffff,89a8100ee4bffff,11374107987,142806216,13.1074,0.265524,average_adult
89a8100ee53ffff,89a8100ee4fffff,11374107987,303788630,17.0946,0.051172,average_adult
89a8100ee53ffff,89a8100ee53ffff,11374107987,11374107987,0.4037,0.998995,average_adult
89a8100ee53ffff,89a8100ee57ffff,11374107987,303788601,8.009,0.653839,average_adult
89a8100ee53ffff,89a8100ee5bffff,11374107987,3317179765,7.8714,0.664083,average_adult
89a8100ee53ffff,89a8100ee73ffff,11374107987,303561646,15.615,0.113992,average_adult
89a8100ee53ffff,89a8100ee7bffff,11374107987,11381714308,18.8185,0.008586,average_adult
89a8100ee53ffff,89a8100ee8bffff,11374107987,301666018,19.1307,0.004654,average_adult
89a8100ee53ffff,89a8100eec3ffff,11374107987,11374715239,9.2343,0.559995,average_adult
89a8100ee53ffff,89a8100eec7ffff,11374107987,142811324,12.7346,0.291769,average_adult
89a8100ee53ffff,89a8100eecbffff,11374107987,303788723,4.9822,0.85454,average_adult
89a8100ee53ffff,89a8100eecfffff,11374107987,10293138120,6.4141,0.76698,average_adult
89a8100ee57ffff,89a8100c597ffff,303788601,11374075968,18.3826,0.016051,average_adult
89a8100ee57ffff,89a8100c5b3ffff,303788601,11381688343,19.8775,9.3e-05,average_adult
89a8100ee57ffff,89a8100c5b7ffff,303788601,11380298950,19.2768,0.003223,average_adult
89a8100ee57ffff,89a8100e327ffff,303788601,6697698868,19.8592,0.000122,average_adult
89a8100ee57ffff,89a8100ee03ffff,303788601,300059078,14.4345,0.179204,average_adult
89a8100ee57ffff,89a8100ee07ffff,303788601,1389167151,17.398,0.041185,average_adult
89a8100ee57ffff,89a8100ee0bffff,303788601,302727634,6.6631,0.750244,average_adult
89a8100ee57ffff,89a8100ee0fffff,303788601,1389167116,12.0948,0.338427,average_adult
89a8100ee57ffff,89a8100ee13ffff,303788601,3316883638,15.4453,0.122599,average_adult
89a8100ee57ffff,89a8100ee17ffff,303788601,3316883639,15.9736,0.096714,average_adult
89a8100ee57ffff,89a8100ee1bffff,303788601,4187978161,6.1554,0.783931,average_adult
89a8100ee57ffff,89a8100ee43ffff,303788601,303788527,8.0854,0.648117,average_adult
89a8100ee57ffff,89a8100ee47ffff,303788601,303788569,8.0249,0.652649,average_adult
89a8100ee57ffff,89a8100ee4bffff,303788601,142806216,14.6643,0.165571,average_adult
89a8100ee57ffff,89a8100ee4fffff,303788601,303788630,13.4693,0.24081,average_adult
89a8100ee57ffff,89a8100ee53ffff,303788601,11374107987,7.9919,0.65511,average_adult
89a8100ee57ffff,89a8100ee57ffff,303788601,303788601,1.1169,0.992325,average_adult
89a8100ee57ffff,89a8100ee5bffff,303788601,3317179765,13.012,0.272164,average_adult
89a8100ee57ffff,89a8100ee63ffff,303788601,4234762112,18.3194,0.017321,average_adult
89a8100ee57ffff,89a8100ee73ffff,303788601,303561646,11.6139,0.374595,average_adult
89a8100ee57ffff,89a8100ee77ffff,303788601,4187978113,19.9418,2.1e-05,average_adult
89a8100ee57ffff,89a8100ee7bffff,303788601,11381714308,14.9997,0.146461,average_adult
89a8100ee57ffff,89a8100ee8bffff,303788601,301666018,16.4876,0.074188,average_adult
89a8100ee57ffff,89a8100eec3ffff,303788601,11374715239,13.2239,0.257478,average_adult
89a8100ee57ffff,89a8100eec7ffff,303788601,142811324,12.0682,0.340403,average_adult
89a8100ee57ffff,89a8100eecbffff,303788601,303788723,11.6251,0.373743,average_adult
89a8100ee57ffff,89a8100eecfffff,303788601,10293138120,7.8324,0.666969,average_adult
89a8100ee5bffff,89a8100c583ffff,3317179765,12265197248,18.2716,0.018315,average_adult
89a8100ee5bffff,89a8100c587ffff,3317179765,303858897,12.1386,0.33518,average_adult
89a8100ee5bffff,89a8100c58fffff,3317179765,4252790480,17.4369,0.039981,average_adult
89a8100ee5bffff,89a8100c593ffff,3317179765,304111065,13.1074,0.265522,average_adult
89a8100ee5bffff,89a8100c597ffff,3317179765,11374075968,5.9431,0.797497,average_adult
89a8100ee5bffff,89a8100c5b3ffff,3317179765,11381688343,17.0114,0.054091,average_adult
89a8100ee5bffff,89a8100c5b7ffff,3317179765,11380298950,17.6166,0.034634,average_adult
89a8100ee5bffff,89a8100e323ffff,3317179765,5239723179,13.2467,0.255913,average_adult
89a8100ee5bffff,89a8100e327ffff,3317179765,6697698868,16.4,0.077834,average_adult
89a8100ee5bffff,89a8100e32bffff,3317179765,142777323,14.7056,0.163166,average_adult
89a8100ee5bffff,89a8100e32fffff,3317179765,13165518049,9.33,0.552528,average_adult
89a8100ee5bffff,89a8100ee0bffff,3317179765,302727634,17.9062,0.026801,average_adult
89a8100ee5bffff,89a8100ee1bffff,3317179765,4187978161,17.236,0.046391,average_adult
89a8100ee5bffff,89a8100ee43ffff,3317179765,303788527,6.4613,0.763835,average_adult
89a8100ee5bffff,89a8100ee47ffff,3317179765,303788569,11.3964,0.391205,average_adult
89a8100ee5bffff,89a8100ee4bffff,3317179765,142806216,7.4449,0.69533,average_adult
89a8100ee5bffff,89a8100ee4fffff,3317179765,303788630,12.3753,0.317743,average_adult
89a8100ee5bffff,89a8100ee53ffff,3317179765,11374107987,5.8561,0.802961,average_adult
89a8100ee5bffff,89a8100ee57ffff,3317179765,303788601,12.4181,0.31462,average_adult
89a8100ee5bffff,89a8100ee5bffff,3317179765,3317179765,0.5725,0.997979,average_adult
89a8100ee5bffff,89a8100ee73ffff,3317179765,303561646,17.132,0.049887,average_adult
89a8100ee5bffff,89a8100ee7bffff,3317179765,11381714308,16.8433,0.060217,average_adult
89a8100ee5bffff,89a8100eec3ffff,3317179765,11374715239,14.6867,0.164267,average_adult
89a8100ee5bffff,89a8100eec7ffff,3317179765,142811324,17.4404,0.039872,average_adult
89a8100ee5bffff,89a8100eecbffff,3317179765,303788723,10.4346,0.465891,average_adult
89a8100ee5bffff,89a8100eecfffff,3317179765,10293138120,11.3576,0.394183,average_adult
89a8100ee63ffff,89a8100c5a7ffff,4234762112,11315561922,14.6346,0.167313,average_adult
89a8100ee63ffff,89a8100c5b7ffff,4234762112,11380298950,11.1751,0.408232,average_adult
89a8100ee63ffff,89a8100ea93ffff,4234762112,8950638851,17.2643,0.04546,average_adult
89a8100ee63ffff,89a8100ea9bffff,4234762112,303562378,13.282,0.253499,average_adult
89a8100ee63ffff,89a8100ead3ffff,4234762112,11334987710,12.7898,0.287839,average_adult
89a8100ee63ffff,89a8100ead7ffff,4234762112,2147307307,16.3395,0.080403,average_adult
89a8100ee63ffff,89a8100eadbffff,4234762112,13452423932,18.4988,0.013838,average_adult
89a8100ee63ffff,89a8100ee07ffff,4234762112,1389167151,15.3019,0.130083,average_adult
89a8100ee63ffff,89a8100ee0bffff,4234762112,302727634,15.9003,0.100144,average_adult
89a8100ee63ffff,89a8100ee0fffff,4234762112,1389167116,10.8364,0.4345,average_adult
89a8100ee63ffff,89a8100ee2bffff,4234762112,4343780793,12.7998,0.287128,average_adult
89a8100ee63ffff,89a8100ee3bffff,4234762112,8754047094,14.3581,0.183833,average_adult
89a8100ee63ffff,89a8100ee43ffff,4234762112,303788527,16.1161,0.090197,average_adult
89a8100ee63ffff,89a8100ee47ffff,4234762112,303788569,12.0,0.345489,average_adult
89a8100ee63ffff,89a8100ee4bffff,4234762112,142806216,18.9278,0.007075,average_adult
89a8100ee63ffff,89a8100ee4fffff,4234762112,303788630,13.8472,0.215902,average_adult
89a8100ee63ffff,89a8100ee57ffff,4234762112,303788601,18.6397,0.011371,average_adult
89a8100ee63ffff,89a8100ee63ffff,4234762112,4234762112,1.1153,0.992347,average_adult
89a8100ee63ffff,89a8100ee67ffff,4234762112,8026880962,6.6729,0.749578,average_adult
89a8100ee63ffff,89a8100ee6bffff,4234762112,60624735,12.1633,0.333345,average_adult
89a8100ee63ffff,89a8100ee6fffff,4234762112,303562332,8.1837,0.640723,average_adult
89a8100ee63ffff,89a8100ee73ffff,4234762112,303561646,7.3037,0.705491,average_adult
89a8100ee63ffff,89a8100ee77ffff,4234762112,4187978113,9.1718,0.564863,average_adult
89a8100ee63ffff,89a8100ee7bffff,4234762112,11381714308,8.9624,0.581135,average_adult
89a8100ee67ffff,89a8100c5b7ffff,8026880962,11380298950,17.0548,0.052561,average_adult
89a8100ee67ffff,89a8100ea83ffff,8026880962,12088965179,18.5786,0.012412,average_adult
89a8100ee67ffff,89a8100ea93ffff,8026880962,8950638851,11.3543,0.394436,average_adult
89a8100ee67ffff,89a8100ea9bffff,8026880962,303562378,9.0101,0.577436,average_adult
89a8100ee67ffff,89a8100eac3ffff,8026880962,11331125078,19.915,4.5e-05,average_adult
89a8100ee67ffff,89a8100ead3ffff,8026880962,11334987710,16.8601,0.059593,average_adult
89a8100ee67ffff,89a8100ead7ffff,8026880962,2147307307,12.5803,0.302849,average_adult
89a8100ee67ffff,89a8100ee07ffff,8026880962,1389167151,17.5646,0.036142,average_adult
89a8100ee67ffff,89a8100ee0bffff,8026880962,302727634,19.8032,0.000239,average_adult
89a8100ee67ffff,89a8100ee0fffff,8026880962,1389167116,14.0998,0.199804,average_adult
89a8100ee67ffff,89a8100ee2bffff,8026880962,4343780793,7.3734,0.700491,average_adult
89a8100ee67ffff,89a8100ee3bffff,8026880962,8754047094,12.5606,0.304272,average_adult
89a8100ee67ffff,89a8100ee47ffff,8026880962,303788569,18.3741,0.016218,average_adult
89a8100ee67ffff,89a8100ee4fffff,8026880962,303788630,19.7268,0.00046,average_adult
89a8100ee67ffff,89a8100ee63ffff,8026880962,4234762112,8.5137,0.615675,average_adult
89a8100ee67ffff,89a8100ee67ffff,8026880962,8026880962,0.2273,0.999681,average_adult
89a8100ee67ffff,89a8100ee6bffff,8026880962,60624735,16.2336,0.084981,average_adult
89a8100ee67ffff,89a8100ee6fffff,8026880962,303562332,7.1793,0.714361,average_adult
89a8100ee67ffff,89a8100ee73ffff,8026880962,303561646,13.6778,0.226948,average_adult
89a8100ee67ffff,89a8100ee77ffff,8026880962,4187978113,7.3743,0.700423,average_adult
89a8100ee67ffff,89a8100ee7bffff,8026880962,11381714308,15.3364,0.128265,average_adult
89a8100ee6bffff,89a8100c5a3ffff,60624735,13450161955,17.0543,0.052577,average_adult
89a8100ee6bffff,89a8100c5a7ffff,60624735,11315561922,10.4262,0.466549,average_adult
89a8100ee6bffff,89a8100c5afffff,60624735,11380109175,18.0263,0.023837,average_adult
89a8100ee6bffff,89a8100c5b3ffff,60624735,11381688343,18.2049,0.019746,average_adult
89a8100ee6bffff,89a8100c5b7ffff,60624735,11380298950,8.7508,0.597483,average_adult
89a8100ee6bffff,89a8100ea9bffff,60624735,303562378,18.0349,0.023633,average_adult
89a8100ee6bffff,89a8100eac3ffff,60624735,11331125078,16.5681,0.07091,average_adult
89a8100ee6bffff,89a8100ead3ffff,60624735,11334987710,9.2629,0.557762,average_adult
89a8100ee6bffff,89a8100ead7ffff,60624735,2147307307,15.9785,0.096484,average_adult
89a8100ee6bffff,89a8100eadbffff,60624735,13452423932,14.6548,0.166126,average_adult
89a8100ee6bffff,89a8100ee47ffff,60624735,303788569,18.9306,0.007038,average_adult
89a8100ee6bffff,89a8100ee4fffff,60624735,303788630,16.6826,0.066363,average_adult
89a8100ee6bffff,89a8100ee63ffff,60624735,4234762112,12.0081,0.344886,average_adult
89a8100ee6bffff,89a8100ee67ffff,60624735,8026880962,15.9956,0.095697,average_adult
89a8100ee6bffff,89a8100ee6bffff,60624735,60624735,1.9884,0.975808,average_adult
89a8100ee6bffff,89a8100ee6fffff,60624735,303562332,10.6316,0.450474,average_adult
89a8100ee6bffff,89a8100ee73ffff,60624735,303561646,15.4446,0.122639,average_adult
89a8100ee6bffff,89a8100ee77ffff,60624735,4187978113,19.1425,0.004529,average_adult
89a8100ee6bffff,89a8100ee7bffff,60624735,11381714308,12.7234,0.292571,average_adult
89a8100ee6fffff,89a8100c5a7ffff,303562332,11315561922,16.0807,0.091799,average_adult
89a8100ee6fffff,89a8100c5b7ffff,303562332,11380298950,13.4641,0.241161,average_adult
89a8100ee6fffff,89a8100ea83ffff,303562332,12088965179,17.3492,0.042722,average_adult
89a8100ee6fffff,89a8100ea8bffff,303562332,8572469297,19.4773,0.001684,average_adult
89a8100ee6fffff,89a8100ea93ffff,303562332,8950638851,13.9764,0.207612,average_adult
89a8100ee6fffff,89a8100ea9bffff,303562332,303562378,8.2934,0.632434,average_adult
89a8100ee6fffff,89a8100eac3ffff,303562332,11331125078,18.0856,0.022437,average_adult
89a8100ee6fffff,89a8100ead3ffff,303562332,11334987710,10.7805,0.438857,average_adult
89a8100ee6fffff,89a8100ead7ffff,303562332,2147307307,11.3509,0.394696,average_adult
89a8100ee6fffff,89a8100eadbffff,303562332,13452423932,16.4895,0.074113,average_adult
89a8100ee6fffff,89a8100ee0fffff,303562332,1389167116,16.63,0.068435,average_adult
89a8100ee6fffff,89a8100ee2bffff,303562332,4343780793,12.9387,0.277302,average_adult
89a8100ee6fffff,89a8100ee3bffff,303562332,8754047094,15.5178,0.118892,average_adult
89a8100ee6fffff,89a8100ee47ffff,303562332,303788569,18.0429,0.023441,average_adult
89a8100ee6fffff,89a8100ee4fffff,303562332,303788630,16.5948,0.069838,average_adult
89a8100ee6fffff,89a8100ee63ffff,303562332,4234762112,7.1582,0.715858,average_adult
89a8100ee6fffff,89a8100ee67ffff,303562332,8026880962,5.7926,0.806912,average_adult
89a8100ee6fffff,89a8100ee6bffff,303562332,60624735,10.154,0.487906,average_adult
89a8100ee6fffff,89a8100ee6fffff,303562332,303562332,0.427,0.998876,average_adult
89a8100ee6fffff,89a8100ee73ffff,303562332,303561646,13.3466,0.249098,average_adult
89a8100ee6fffff,89a8100ee77ffff,303562332,4187978113,10.3315,0.473974,average_adult
89a8100ee6fffff,89a8100ee7bffff,303562332,11381714308,12.6355,0.298867,average_adult
89a8100ee73ffff,89a8100c5b7ffff,303561646,11380298950,13.258,0.255143,average_adult
89a8100ee73ffff,89a8100ea9bffff,303561646,303562378,19.797,0.000254,average_adult
89a8100ee73ffff,89a8100ee03ffff,303561646,300059078,15.6677,0.111377,average_adult
89a8100ee73ffff,89a8100ee07ffff,303561646,1389167151,11.6014,0.37555,average_adult
89a8100ee73ffff,89a8100ee0bffff,303561646,302727634,9.4221,0.545324,average_adult
89a8100ee73ffff,89a8100ee0fffff,303561646,1389167116,6.2982,0.77463,average_adult
89a8100ee73ffff,89a8100ee13ffff,303561646,3316883638,18.9629,0.00662,average_adult
89a8100ee73ffff,89a8100ee17ffff,303561646,3316883639,19.3857,0.002326,average_adult
89a8100ee73ffff,89a8100ee1bffff,303561646,4187978161,14.5975,0.169489,average_adult
89a8100ee73ffff,89a8100ee2bffff,303561646,4343780793,18.0105,0.024218,average_adult
89a8100ee73ffff,89a8100ee3bffff,303561646,8754047094,14.5891,0.169987,average_adult
89a8100ee73ffff,89a8100ee43ffff,303561646,303788527,14.2287,0.191767,average_adult
89a8100ee73ffff,89a8100ee47ffff,303561646,303788569,7.9655,0.657083,average_adult
89a8100ee73ffff,89a8100ee4bffff,303561646,142806216,19.2569,0.003402,average_adult
89a8100ee73ffff,89a8100ee4fffff,303561646,303788630,12.7991,0.287174,average_adult
89a8100ee73ffff,89a8100ee53ffff,303561646,11374107987,16.2117,0.085942,average_adult
89a8100ee73ffff,89a8100ee57ffff,303561646,303788601,12.045,0.342137,average_adult
89a8100ee73ffff,89a8100ee5bffff,303561646,3317179765,19.1554,0.004394,average_adult
89a8100ee73ffff,89a8100ee63ffff,303561646,4234762112,8.6546,0.604882,average_adult
89a8100ee73ffff,89a8100ee67ffff,303561646,8026880962,12.7929,0.287613,average_adult
89a8100ee73ffff,89a8100ee6bffff,303561646,60624735,19.1958,0.003984,average_adult
89a8100ee73ffff,89a8100ee6fffff,303561646,303562332,15.7231,0.108655,average_adult
89a8100ee73ffff,89a8100ee73ffff,303561646,303561646,0.709,0.996902,average_adult
89a8100ee73ffff,89a8100ee77ffff,303561646,4187978113,11.5293,0.381044,average_adult
89a8100ee73ffff,89a8100ee7bffff,303561646,11381714308,7.7182,0.675403,average_adult
89a8100ee73ffff,89a8100eec7ffff,303561646,142811324,19.5312,0.001355,average_adult
89a8100ee73ffff,89a8100eecfffff,303561646,10293138120,18.7606,0.009446,average_adult
89a8100ee77ffff,89a8100ea93ffff,4187978113,8950638851,17.5907,0.035382,average_adult
89a8100ee77ffff,89a8100ea9bffff,4187978113,303562378,15.2465,0.133028,average_adult
89a8100ee77ffff,89a8100ead7ffff,4187978113,2147307307,18.4569,0.014617,average_adult
89a8100ee77ffff,89a8100ee07ffff,4187978113,1389167151,12.37,0.31813,average_adult
89a8100ee77ffff,89a8100ee0bffff,4187978113,302727634,15.0443,0.143992,average_adult
89a8100ee77ffff,89a8100ee0fffff,4187978113,1389167116,9.3409,0.55167,average_adult
89a8100ee77ffff,89a8100ee2bffff,4187978113,4343780793,8.6609,0.604398,average_adult
89a8100ee77ffff,89a8100ee3bffff,4187978113,8754047094,7.3659,0.701026,average_adult
89a8100ee77ffff,89a8100ee47ffff,4187978113,303788569,18.954,0.006733,average_adult
89a8100ee77ffff,89a8100ee63ffff,4187978113,4234762112,10.3787,0.470274,average_adult
89a8100ee77ffff,89a8100ee67ffff,4187978113,8026880962,6.9868,0.727916,average_adult
89a8100ee77ffff,89a8100ee6fffff,4187978113,303562332,11.4729,0.385346,average_adult
89a8100ee77ffff,89a8100ee73ffff,4187978113,303561646,11.8383,0.357615,average_adult
89a8100ee77ffff,89a8100ee77ffff,4187978113,4187978113,2.1797,0.970978,average_adult
89a8100ee77ffff,89a8100ee7bffff,4187978113,11381714308,16.8924,0.058395,average_adult
89a8100ee7bffff,89a8100c5a3ffff,11381714308,13450161955,16.9411,0.056616,average_adult
89a8100ee7bffff,89a8100c5a7ffff,11381714308,11315561922,16.0931,0.091238,average_adult
89a8100ee7bffff,89a8100c5b3ffff,11381714308,11381688343,17.1566,0.049047,average_adult
89a8100ee7bffff,89a8100c5b7ffff,11381714308,11380298950,7.7026,0.676548,average_adult
89a8100ee7bffff,89a8100ea9bffff,11381714308,303562378,19.7044,0.000539,average_adult
89a8100ee7bffff,89a8100ead3ffff,11381714308,11334987710,18.8568,0.00804,average_adult
89a8100ee7bffff,89a8100ee03ffff,11381714308,300059078,19.1274,0.004689,average_adult
89a8100ee7bffff,89a8100ee07ffff,11381714308,1389167151,17.4194,0.04052,average_adult
89a8100ee7bffff,89a8100ee0bffff,11381714308,302727634,12.8819,0.281308,average_adult
89a8100ee7bffff,89a8100ee0fffff,11381714308,1389167116,12.1162,0.336839,average_adult
89a8100ee7bffff,89a8100ee1bffff,11381714308,4187978161,18.0573,0.0231,average_adult
89a8100ee7bffff,89a8100ee2bffff,11381714308,4343780793,19.2222,0.003727,average_adult
89a8100ee7bffff,89a8100ee43ffff,11381714308,303788527,12.3468,0.319831,average_adult
89a8100ee7bffff,89a8100ee47ffff,11381714308,303788569,8.258,0.635114,average_adult
89a8100ee7bffff,89a8100ee4bffff,11381714308,142806216,15.4553,0.122088,average_adult
89a8100ee7bffff,89a8100ee4fffff,11381714308,303788630,10.3746,0.470592,average_adult
89a8100ee7bffff,89a8100ee53ffff,11381714308,11374107987,18.4574,0.014608,average_adult
89a8100ee7bffff,89a8100ee57ffff,11381714308,303788601,15.1647,0.137417,average_adult
89a8100ee7bffff,89a8100ee5bffff,11381714308,3317179765,17.242,0.046192,average_adult
89a8100ee7bffff,89a8100ee63ffff,11381714308,4234762112,8.5621,0.611978,average_adult
89a8100ee7bffff,89a8100ee67ffff,11381714308,8026880962,13.0953,0.266363,average_adult
89a8100ee7bffff,89a8100ee6bffff,11381714308,60624735,15.5133,0.119119,average_adult
89a8100ee7bffff,89a8100ee6fffff,11381714308,303562332,14.2507,0.190408,average_adult
89a8100ee7bffff,89a8100ee73ffff,11381714308,303561646,6.527,0.759438,average_adult
89a8100ee7bffff,89a8100ee77ffff,11381714308,4187978113,15.5257,0.118488,average_adult
89a8100ee7bffff,89a8100ee7bffff,11381714308,11381714308,0.7457,0.996574,average_adult
89a8100ee8bffff,89a8100ee03ffff,301666018,300059078,18.2282,0.01924,average_adult
89a8100ee8bffff,89a8100ee0bffff,301666018,302727634,16.1338,0.089406,average_adult
89a8100ee8bffff,89a8100ee13ffff,301666018,3316883638,5.6667,0.81466,average_adult
89a8100ee8bffff,89a8100ee17ffff,301666018,3316883639,13.6085,0.231526,average_adult
89a8100ee8bffff,89a8100ee1bffff,301666018,4187978161,12.0615,0.340903,average_adult
89a8100ee8bffff,89a8100ee53ffff,301666018,11374107987,18.1123,0.021819,average_adult
89a8100ee8bffff,89a8100ee57ffff,301666018,303788601,15.8152,0.10419,average_adult
89a8100ee8bffff,89a8100ee8bffff,301666018,301666018,3.3493,0.932383,average_adult
89a8100ee8bffff,89a8100ee8fffff,301666018,10200791046,9.3671,0.549624,average_adult
89a8100ee8bffff,89a8100eec3ffff,301666018,11374715239,12.6666,0.29664,average_adult
89a8100ee8bffff,89a8100eec7ffff,301666018,142811324,6.8527,0.737244,average_adult
89a8100ee8bffff,89a8100eecbffff,301666018,303788723,18.2512,0.018746,average_adult
89a8100ee8bffff,89a8100eecfffff,301666018,10293138120,11.7228,0.366338,average_adult
89a8100ee8fffff,89a8100ee03ffff,10200791046,300059078,15.2156,0.13468,average_adult
89a8100ee8fffff,89a8100ee0bffff,10200791046,302727634,18.0984,0.022141,average_adult
89a8100ee8fffff,89a8100ee13ffff,10200791046,3316883638,6.9684,0.729205,average_adult
89a8100ee8fffff,89a8100ee17ffff,10200791046,3316883639,9.5361,0.536402,average_adult
89a8100ee8fffff,89a8100ee1bffff,10200791046,4187978161,16.9085,0.057804,average_adult
89a8100ee8fffff,89a8100ee8bffff,10200791046,301666018,8.9754,0.580128,average_adult
89a8100ee8fffff,89a8100ee8fffff,10200791046,10200791046,2.1815,0.97093,average_adult
89a8100ee8fffff,89a8100eec3ffff,10200791046,11374715239,18.2926,0.017875,average_adult
89a8100ee8fffff,89a8100eec7ffff,10200791046,142811324,12.4787,0.310205,average_adult
89a8100ee8fffff,89a8100eecfffff,10200791046,10293138120,17.3488,0.042733,average_adult
89a8100eec3ffff,89a8100ee0bffff,11374715239,302727634,17.6251,0.034389,average_adult
89a8100eec3ffff,89a8100ee13ffff,11374715239,3316883638,17.0316,0.053377,average_adult
89a8100eec3ffff,89a8100ee1bffff,11374715239,4187978161,12.9,0.280028,average_adult
89a8100eec3ffff,89a8100ee53ffff,11374715239,11374107987,11.8267,0.358494,average_adult
89a8100eec3ffff,89a8100ee57ffff,11374715239,303788601,14.7339,0.161529,average_adult
89a8100eec3ffff,89a8100ee5bffff,11374715239,3317179765,19.2944,0.003068,average_adult
89a8100eec3ffff,89a8100ee8bffff,11374715239,301666018,14.8173,0.156739,average_adult
89a8100eec3ffff,89a8100eec3ffff,11374715239,11374715239,4.5652,0.876855,average_adult
89a8100eec3ffff,89a8100eec7ffff,11374715239,142811324,8.4212,0.622734,average_adult
89a8100eec3ffff,89a8100eecbffff,11374715239,303788723,10.9836,0.423053,average_adult
89a8100eec3ffff,89a8100eecfffff,11374715239,10293138120,7.3727,0.70054,average_adult
89a8100eec7ffff,89a8100ee03ffff,142811324,300059078,15.3653,0.12675,average_adult
89a8100eec7ffff,89a8100ee0bffff,142811324,302727634,13.0357,0.270512,average_adult
89a8100eec7ffff,89a8100ee0fffff,142811324,1389167116,18.4674,0.014419,average_adult
89a8100eec7ffff,89a8100ee13ffff,142811324,3316883638,8.9897,0.579013,average_adult
89a8100eec7ffff,89a8100ee17ffff,142811324,3316883639,15.8442,0.102805,average_adult
89a8100eec7ffff,89a8100ee1bffff,142811324,4187978161,8.696,0.6017,average_adult
89a8100eec7ffff,89a8100ee43ffff,142811324,303788527,18.4796,0.014192,average_adult
89a8100eec7ffff,89a8100ee47ffff,142811324,303788569,18.7456,0.009676,average_adult
89a8100eec7ffff,89a8100ee53ffff,142811324,11374107987,11.6591,0.371164,average_adult
89a8100eec7ffff,89a8100ee57ffff,142811324,303788601,11.8375,0.357675,average_adult
89a8100eec7ffff,89a8100ee5bffff,142811324,3317179765,17.8238,0.028931,average_adult
89a8100eec7ffff,89a8100ee8bffff,142811324,301666018,6.7755,0.742565,average_adult
89a8100eec7ffff,89a8100ee8fffff,142811324,10200791046,12.7932,0.28759,average_adult
89a8100eec7ffff,89a8100eec3ffff,142811324,11374715239,6.2133,0.780177,average_adult
89a8100eec7ffff,89a8100eec7ffff,142811324,142811324,0.3793,0.999113,average_adult
89a8100eec7ffff,89a8100eecbffff,142811324,303788723,11.798,0.360657,average_adult
89a8100eec7ffff,89a8100eecfffff,142811324,10293138120,5.2695,0.838272,average_adult
89a8100eecbffff,89a8100c597ffff,303788723,11374075968,18.2727,0.018291,average_adult
89a8100eecbffff,89a8100e323ffff,303788723,5239723179,15.6546,0.112023,average_adult
89a8100eecbffff,89a8100e327ffff,303788723,6697698868,12.9884,0.273818,average_adult
89a8100eecbffff,89a8100e32fffff,303788723,13165518049,17.4311,0.040157,average_adult
89a8100eecbffff,89a8100ee0bffff,303788723,302727634,15.4479,0.122469,average_adult
89a8100eecbffff,89a8100ee1bffff,303788723,4187978161,13.6185,0.230862,average_adult
89a8100eecbffff,89a8100ee43ffff,303788723,303788527,14.5391,0.172947,average_adult
89a8100eecbffff,89a8100ee47ffff,303788723,303788569,17.0656,0.052182,average_adult
89a8100eecbffff,89a8100ee4bffff,303788723,142806216,18.1382,0.021231,average_adult
89a8100eecbffff,89a8100ee53ffff,303788723,11374107987,6.149,0.784346,average_adult
89a8100eecbffff,89a8100ee57ffff,303788723,303788601,12.5566,0.304556,average_adult
89a8100eecbffff,89a8100ee5bffff,303788723,3317179765,12.9022,0.279877,average_adult
89a8100eecbffff,89a8100ee8bffff,303788723,301666018,18.5054,0.013716,average_adult
89a8100eecbffff,89a8100eec3ffff,303788723,11374715239,8.5999,0.609083,average_adult
89a8100eecbffff,89a8100eec7ffff,303788723,142811324,12.1093,0.337348,average_adult
89a8100eecbffff,89a8100eecbffff,303788723,303788723,1.4273,0.987486,average_adult
89a8100eecbffff,89a8100eecfffff,303788723,10293138120,7.7988,0.669461,average_adult
89a8100eecfffff,89a8100c597ffff,10293138120,11374075968,18.3546,0.016608,average_adult
89a8100eecfffff,89a8100e323ffff,10293138120,5239723179,19.5922,0.001026,average_adult
89a8100eecfffff,89a8100e327ffff,10293138120,6697698868,16.9259,0.057169,average_adult
89a8100eecfffff,89a8100ee03ffff,10293138120,300059078,17.6025,0.035039,average_adult
89a8100eecfffff,89a8100ee0bffff,10293138120,302727634,10.6822,0.44652,average_adult
89a8100eecfffff,89a8100ee0fffff,10293138120,1389167116,16.114,0.090295,average_adult
89a8100eecfffff,89a8100ee13ffff,10293138120,3316883638,15.3607,0.126991,average_adult
89a8100eecfffff,89a8100ee17ffff,10293138120,3316883639,18.1843,0.020199,average_adult
89a8100eecfffff,89a8100ee1bffff,10293138120,4187978161,7.7991,0.669438,average_adult
89a8100eecfffff,89a8100ee43ffff,10293138120,303788527,13.8243,0.217383,average_adult
89a8100eecfffff,89a8100ee47ffff,10293138120,303788569,14.699,0.16355,average_adult
89a8100eecfffff,89a8100ee4bffff,10293138120,142806216,18.0571,0.023104,average_adult
89a8100eecfffff,89a8100ee53ffff,10293138120,11374107987,6.8194,0.739543,average_adult
89a8100eecfffff,89a8100ee57ffff,10293138120,303788601,7.791,0.670033,average_adult
89a8100eecfffff,89a8100ee5bffff,10293138120,3317179765,12.984,0.274123,average_adult
89a8100eecfffff,89a8100ee73ffff,10293138120,303561646,18.2881,0.017969,average_adult
89a8100eecfffff,89a8100ee8bffff,10293138120,301666018,13.1464,0.262818,average_adult
89a8100eecfffff,89a8100ee8fffff,10293138120,10200791046,19.1642,0.004303,average_adult
89a8100eecfffff,89a8100eec3ffff,10293138120,11374715239,6.2638,0.77688,average_adult
89a8100eecfffff,89a8100eec7ffff,10293138120,142811324,6.7503,0.744287,average_adult
89a8100eecfffff,89a8100eecbffff,10293138120,303788723,8.5141,0.615647,average_adult
89a8100eecfffff,89a8100eecfffff,10293138120,10293138120,0.4298,0.998861,average_adult
